name,stat
CALB1,8.264713002056771
CALB2,8.264713002056771
SCGN,8.264713002056771
SNAP25,7.499593718631897
PAFAH1B1,7.228313187096409
FEZ2,6.45126366216132
FEZ1,6.45126366216132
SYNGR2,6.41397077734737
SYNGR3,6.41397077734737
SYNGR1,6.41397077734737
SYNGR4,6.41397077734737
NSF,6.378002920415863
GNG10,6.324767691651157
GNG11,6.324767691651157
GNGT2,6.324767691651157
GNG5B,6.324767691651157
GNG5,6.324767691651157
GNGT1,6.324767691651157
SLC12A4,6.153266185042668
SLC12A5,6.153266185042668
SLC12A6,6.153266185042668
SLC12A1,6.153266185042668
SLC12A3,6.153266185042668
SLC12A2,6.153266185042668
SLC12A7,6.153266185042668
MX2,6.114041525107223
ATP6V1A,6.099815515678242
CACFD1,5.860991825133084
GAD1,5.791598119075586
GAD2,5.791598119075586
ANK1,5.784559841542582
MFSD6,5.776482811434297
PKN2,5.714717560675136
PRKCZ,5.714717560675136
PKN1,5.714717560675136
PRKCB,5.714717560675136
PRKCI,5.714717560675136
PRKCE,5.714717560675136
PRKCH,5.714717560675136
PKN3,5.714717560675136
PRKCG,5.714717560675136
PRKCA,5.714717560675136
STMN4,5.696611080838185
STMN1,5.696611080838185
STMN3,5.696611080838185
STMND1,5.696611080838185
STMN2,5.696611080838185
DAB2,5.676623063142369
MAPK8IP1,5.676623063142369
C1orf226,5.676623063142369
DAB1,5.676623063142369
MAPK8IP2,5.676623063142369
FAM43A,5.676623063142369
NUMBL,5.676623063142369
FAM43B,5.676623063142369
NOS1AP,5.676623063142369
LDLRAP1,5.676623063142369
NAPB,5.398788169295154
NAPA,5.398788169295154
NCS1,5.394707974857415
KCNIP3,5.394707974857415
RCVRN,5.394707974857415
GUCA1B,5.394707974857415
HPCAL1,5.394707974857415
GUCA1A,5.394707974857415
KCNIP4,5.394707974857415
KCNIP2,5.394707974857415
HPCAL4,5.394707974857415
HPCA,5.394707974857415
GUCA1C,5.394707974857415
VSNL1,5.394707974857415
CLXN,5.394707974857415
KCNIP1,5.394707974857415
LDLRAD1,5.388889958716377
FAM234B,5.369839029149514
FAM234A,5.369839029149514
PELI2,5.34255663104097
PELI3,5.34255663104097
PELI1,5.34255663104097
TXNDC11,5.310127019491548
PDIA4,5.310127019491548
SLC5A10,5.291067881353176
SLC5A12,5.291067881353176
SLC5A5,5.291067881353176
SLC5A9,5.291067881353176
SLC5A8,5.291067881353176
SLC5A4,5.291067881353176
SLC5A2,5.291067881353176
MEN1,5.27123157662488
ARNT2,5.264121170794449
NPAS2,5.264121170794449
BMAL2,5.264121170794449
PASD1,5.264121170794449
ATP1B1,5.263050872481008
DNAJC18,5.220139625042787
DNAJC12,5.220139625042787
DNAJC5G,5.220139625042787
DNAJC16,5.220139625042787
DNAJC5B,5.220139625042787
KCTD12,5.117244549516871
TH,5.100023359160936
NAPG,5.064941886056978
SLC7A2,5.00973723328742
SLC7A13,5.00973723328742
UBE2W,4.977466958651914
TMEM53,4.946160459606907
RIT2,4.91020817088019
SNTG1,4.88462151862538
SNTG2,4.88462151862538
GFPT2,4.88439561901919
HOMER2,4.797596786510702
OPCML,4.667025260230339
IGLON5,4.667025260230339
NTM,4.667025260230339
LSAMP,4.667025260230339
NEGR1,4.667025260230339
IGSF5,4.667025260230339
ATP2C1,4.640358550535965
ATP13A2,4.640358550535965
ATP13A4,4.640358550535965
ATP2C2,4.640358550535965
ATP2A2,4.640358550535965
ATP2B2,4.640358550535965
ATP2B3,4.640358550535965
ATP2B1,4.640358550535965
ATP4A,4.640358550535965
ATP1A2,4.640358550535965
ATP2A1,4.640358550535965
ATP7A,4.640358550535965
ATP12A,4.640358550535965
ATP13A3,4.640358550535965
ATP1A4,4.640358550535965
ATP13A5,4.640358550535965
OCA2,4.635726830675767
EIF4E1B,4.5945331222130665
EIF4E2,4.5945331222130665
EIF4E,4.5945331222130665
EIF4E3,4.5945331222130665
HAX1,4.578828365282466
SLC20A1,4.575848008960659
SLC20A2,4.575848008960659
PPP3R1,4.506034286569999
CDS2,4.449159860099947
CDS1,4.449159860099947
SLC18A3,4.439707131483084
HECTD1,4.437058348664243
LRRC53,4.397372899436416
EPPIN,4.370881241394103
AMBP,4.370881241394103
WFIKKN2,4.370881241394103
KIAA0319L,4.370881241394103
KIAA0319,4.370881241394103
WFDC6,4.370881241394103
TFPI,4.370881241394103
SPINT4,4.370881241394103
TFPI2,4.370881241394103
LRP11,4.370881241394103
WFDC8,4.370881241394103
SPINT1,4.370881241394103
SPINT2,4.370881241394103
WFIKKN1,4.370881241394103
PDZD8,4.355754552131652
KCNK5,4.345222839280481
KCNK10,4.345222839280481
KCNK4,4.345222839280481
KCNK17,4.345222839280481
KCNK2,4.345222839280481
KCNK1,4.345222839280481
KCNK16,4.345222839280481
KCNK6,4.345222839280481
KCNK13,4.345222839280481
KCNK7,4.345222839280481
KCNK9,4.345222839280481
KCNK3,4.345222839280481
KCNK15,4.345222839280481
KCNK12,4.345222839280481
KCNK18,4.345222839280481
NCALD,4.340446842260466
OPN4,4.329207692312116
PRODH,4.326978557736708
TBC1D16,4.326236654724696
GNAO1,4.31982955369772
ERAP1,4.301413385786208
LNPEP,4.301413385786208
ANPEP,4.301413385786208
ERAP2,4.301413385786208
RNPEPL1,4.301413385786208
AOPEP,4.301413385786208
TRHDE,4.301413385786208
LVRN,4.301413385786208
SPOCK2,4.298631908101764
SPOCK3,4.298631908101764
KIAA1210,4.298631908101764
SPOCK1,4.298631908101764
SYAP1,4.288998772018776
SH3GL3,4.2082487103431925
TSHZ3,4.203197656002973
TSHZ1,4.203197656002973
TSHZ2,4.203197656002973
DDX47,4.192528045749723
SH3D19,4.185032780677355
SORBS3,4.185032780677355
SH3RF3,4.185032780677355
SH3GL2,4.185032780677355
SH3RF2,4.185032780677355
STXBP1,4.18478627272454
MINDY4,4.137959939976064
RTN1,4.124076339660174
PRR18,4.124076339660174
RTN4,4.124076339660174
RTN3,4.124076339660174
RTN2,4.124076339660174
RRP12,4.11991076010746
KCNH7,4.100983294407711
CNGA1,4.100983294407711
CNGB1,4.100983294407711
CNGB3,4.100983294407711
KCNH4,4.100983294407711
KCNH8,4.100983294407711
KCNH3,4.100983294407711
CNGA3,4.100983294407711
KCNH2,4.100983294407711
HCN3,4.100983294407711
CNGA4,4.100983294407711
HCN4,4.100983294407711
HCN2,4.100983294407711
HCN1,4.100983294407711
ABRA,4.095386302542462
RGS9BP,4.0887812017917
RGS7BP,4.0887812017917
SYT7,4.086898394355862
TSHR,4.079813175372982
LHCGR,4.079813175372982
FSHR,4.079813175372982
PES1,4.076908272040476
PPCS,4.069681250700144
CTPS2,4.064370202531614
CTPS1,4.064370202531614
ULK1,4.04672509941854
ULK2,4.04672509941854
ZNF395,4.028417208721004
SLC2A4RG,4.028417208721004
YWHAB,4.02549758062475
SFN,4.02549758062475
YWHAZ,4.02549758062475
YWHAQ,4.02549758062475
LRIT1,3.998692082093892
LGR5,3.998692082093892
LRG1,3.998692082093892
TRIL,3.998692082093892
LGI1,3.998692082093892
LRRC24,3.998692082093892
LRIG3,3.998692082093892
ELFN2,3.998692082093892
LRRC26,3.998692082093892
LRIG2,3.998692082093892
LGI3,3.998692082093892
LGI4,3.998692082093892
LGI2,3.998692082093892
CHAD,3.998692082093892
LGR6,3.998692082093892
LRRC52,3.998692082093892
LGR4,3.998692082093892
LRIT3,3.998692082093892
CHADL,3.998692082093892
ELFN1,3.998692082093892
CPN2,3.998692082093892
LRRTM2,3.998692082093892
DYNLL1,3.989797278905224
DYNLL2,3.989797278905224
SLC24A5,3.983584633268016
GRIN2D,3.949687311422516
GRIN2A,3.949687311422516
GRIK3,3.949687311422516
GRIN3B,3.949687311422516
GRIK2,3.949687311422516
GRIA1,3.949687311422516
GRIA4,3.949687311422516
GRIA2,3.949687311422516
GRIA3,3.949687311422516
GRIN3A,3.949687311422516
GRIN2C,3.949687311422516
GRID1,3.949687311422516
GRID2,3.949687311422516
GRIK4,3.949687311422516
GRIK1,3.949687311422516
GRIK5,3.949687311422516
GRIN2B,3.949687311422516
TUBGCP6,3.91686522486008
ADISSP,3.913073496183067
NCKIPSD,3.906497671688686
SLC7A14,3.903687868844316
BAIAP3,3.900266368260653
EGF,3.899503029574493
TNNI3,3.882374331449352
TNNI2,3.882374331449352
TNNI1,3.882374331449352
CPEB2,3.848141629350693
CPEB4,3.848141629350693
CPEB3,3.848141629350693
POLR3H,3.8378743871645686
INPP5A,3.8238121999285535
SNU13,3.805271623669773
SCHIP1,3.802822016691795
HS3ST5,3.799591842377386
COX7A2,3.787483239781898
COX7A2L,3.787483239781898
COX7A1,3.787483239781898
CIDEA,3.779091098217335
CIDEB,3.779091098217335
CIDEC,3.779091098217335
SDF4,3.77559094703728
CELF6,3.772123026387416
CELF5,3.772123026387416
ARHGAP39,3.766929300241306
TCN1,3.725345709879131
CBLIF,3.725345709879131
TCN2,3.725345709879131
MLF2,3.724257891869567
MLF1,3.724257891869567
NTAQ1,3.716163678390901
GDAP2,3.702010327381811
TAMALIN,3.699925368223117
CYTIP,3.699925368223117
BCHE,3.691978291221212
GABBR1,3.667868696354024
SYT12,3.654625794200956
CDK5R1,3.611597480929163
CDK5R2,3.611597480929163
CEP250,3.6081885073702926
MSRB3,3.5973585967634154
TOB1,3.577774021612214
TOB2,3.577774021612214
GNB4,3.57310100674474
GNB3,3.57310100674474
GNB1,3.57310100674474
GNB2,3.57310100674474
ELAVL2,3.5700131050108648
TMEM200C,3.554095779314105
EIF4EBP3,3.5471122309494896
EIF4EBP1,3.5471122309494896
EIF4EBP2,3.5471122309494896
EXT2,3.5374836437766404
LDLRAD4,3.5321628961029097
PMEPA1,3.5321628961029097
SSTR2,3.5267477013730315
SELENOI,3.5262217025563367
GAR1,3.523461936736485
TUBA3D,3.521995738567352
TUBA3E,3.521995738567352
TUBA3C,3.521995738567352
GGPS1,3.516980830461214
HTR7,3.5018610824772773
TGFBI,3.4994757482503416
POSTN,3.4994757482503416
INPP5K,3.498573172188179
SH2D1A,3.498573172188179
INPP5D,3.498573172188179
SH2D1B,3.498573172188179
INPP5J,3.498573172188179
INPP5F,3.498573172188179
SYNJ1,3.498573172188179
OCRL,3.498573172188179
SYNJ2,3.498573172188179
FAM151A,3.4961188016113307
FAM151B,3.4961188016113307
PGAP2,3.492220005593252
POLR2K,3.476813069751539
WDR36,3.473040285173577
BOP1,3.4705935318384173
ITSN2,3.4697884325918973
EPS15,3.4697884325918973
REPS1,3.4697884325918973
ITSN1,3.4697884325918973
EHD3,3.4697884325918973
EHD2,3.4697884325918973
GCN1,3.469350533099839
MBNL2,3.455943581943825
MBNL3,3.455943581943825
MBNL1,3.455943581943825
EIF3L,3.454827631521189
XXYLT1,3.445976585869737
UBE2B,3.441117776826513
KIF3A,3.428836134428751
NALF1,3.428175885580999
NALF2,3.428175885580999
ATP6V0E2,3.422768876140718
ATP6V0E1,3.422768876140718
APP,3.412768131981318
APLP2,3.412768131981318
APLP1,3.412768131981318
AP2A1,3.4037689327151
DPEP2,3.3969921881085137
DPEP3,3.3969921881085137
DPEP1,3.3969921881085137
STUM,3.392906818573986
MYL6,3.3843085241428748
MYL3,3.3843085241428748
MYL1,3.3843085241428748
MYL6B,3.3843085241428748
MYL4,3.3843085241428748
SURF6,3.3801015690210874
UTP4,3.3776754178037907
FBXL4,3.3760816751183067
PDZRN3,3.369837409566494
PDZD4,3.369837409566494
PDZRN4,3.369837409566494
SLC9B2,3.364857332831298
SLC9B1,3.364857332831298
SLC38A8,3.3647453038649138
SLC36A3,3.3647453038649138
SLC36A2,3.3647453038649138
SLC36A1,3.3647453038649138
SLC38A5,3.3647453038649138
SLC32A1,3.3647453038649138
SLC38A2,3.3647453038649138
SLC38A7,3.3647453038649138
SLC36A4,3.3647453038649138
SLC38A1,3.3647453038649138
CADPS2,3.3574176626628995
ATP6V1B2,3.3521601765371
SGCE,3.3481540174720057
SGCA,3.3481540174720057
VPS45,3.345008224217545
CCDC149,3.338207689610484
GBA2,3.323672528861444
CTNNA2,3.317499835022621
SCRT1,3.3018983815640963
SCRT2,3.3018983815640963
HMBS,3.2967705292091734
WWC2,3.293382690859594
WWC1,3.293382690859594
WWC3,3.293382690859594
SPA17,3.272593516265831
BICD1,3.2723116394148835
BICD2,3.2723116394148835
ZNHIT6,3.268548546719001
TPPP3,3.260090364996161
TPPP2,3.260090364996161
TPPP,3.260090364996161
TPST1,3.25743874729443
TPST2,3.25743874729443
SIRT1,3.2501666782686254
SLC29A4,3.236694633122334
GLUD2,3.232795166895492
GLUD1,3.232795166895492
HEATR1,3.2318063462121667
COX15,3.229531091390829
MRPS9,3.227024407557012
FBXO33,3.224787508304272
STUB1,3.2194727386459534
TMBIM1,3.2111157931141285
GRINA,3.2111157931141285
FAIM2,3.2111157931141285
ATG101,3.2083295406490984
PLXNB3,3.2079236607953976
PLXNB1,3.2079236607953976
PLXNB2,3.2079236607953976
APC,3.2064169744080697
APC2,3.2064169744080697
PICALM,3.2020233507013804
SNAP91,3.2020233507013804
DGKQ,3.198930635002951
AREL1,3.1950409615401067
NEMF,3.192239900855572
FOXN1,3.191159303734539
SLC24A1,3.186480904989021
SLC24A2,3.186480904989021
SLC37A4,3.185560277801064
SLC17A6,3.185560277801064
SLC17A5,3.185560277801064
SLC17A8,3.185560277801064
SLC37A1,3.185560277801064
SLC37A2,3.185560277801064
SLC17A2,3.185560277801064
SLC17A4,3.185560277801064
SLC17A7,3.185560277801064
SLC17A1,3.185560277801064
SLC17A3,3.185560277801064
XPC,3.1801024002087823
PTCD3,3.1719475872818594
CS,3.167994407133264
WDR12,3.155903538456578
MOXD1,3.1547492031147364
DAZL,3.147099466339485
DAZ1,3.147099466339485
DAZ3,3.147099466339485
DAZ2,3.147099466339485
BOLL,3.147099466339485
DAZ4,3.147099466339485
DDX27,3.138310344621301
PTBP1,3.1311857670096663
PTBP2,3.1311857670096663
PTBP3,3.1311857670096663
KCTD4,3.1246197100179463
KCTD1,3.1246197100179463
KCTD16,3.1246197100179463
KCTD8,3.1246197100179463
KCTD6,3.1246197100179463
KCTD11,3.1246197100179463
KCNRG,3.1246197100179463
KCTD21,3.1246197100179463
KCTD14,3.1246197100179463
KCTD15,3.1246197100179463
KCTD19,3.1246197100179463
KCTD18,3.1246197100179463
KCTD7,3.1246197100179463
FBL,3.119270016051172
FBLL1,3.119270016051172
LONRF2,3.117999693933949
LONRF1,3.117999693933949
LONRF3,3.117999693933949
POLR1B,3.1046469635243086
RAPSN,3.104611538246897
GRK5,3.10424834050485
GRK2,3.10424834050485
HDC,3.093321022472544
NSUN7,3.0843754773477934
DGKH,3.082848796294142
DGKZ,3.082848796294142
DGKD,3.082848796294142
DGKE,3.082848796294142
DGKG,3.082848796294142
DGKA,3.082848796294142
DGKB,3.082848796294142
DGKI,3.082848796294142
DGKK,3.082848796294142
ST13,3.071401477137829
SYT13,3.0691425308381866
NSA2,3.068668081718128
ANKRD50,3.067721985840993
PNN,3.058779256559327
PXK,3.046309779578672
SLC22A12,3.041629005579328
SLC22A14,3.041629005579328
SLC22A24,3.041629005579328
SLC22A11,3.041629005579328
SLC22A9,3.041629005579328
SLC22A10,3.041629005579328
SLC22A3,3.041629005579328
SLC22A25,3.041629005579328
SLC22A6,3.041629005579328
SLC22A1,3.041629005579328
USHBP1,3.0327588600123785
MCC,3.0327588600123785
RIOK2,3.030967622293179
HPS3,3.022263071748881
CRISPLD1,3.0208182153780125
CLEC18C,3.0208182153780125
CLEC18A,3.0208182153780125
GLIPR1,3.0208182153780125
PI15,3.0208182153780125
CRISP3,3.0208182153780125
CRISPLD2,3.0208182153780125
GLIPR1L2,3.0208182153780125
R3HDML,3.0208182153780125
GLIPR1L1,3.0208182153780125
CRISP1,3.0208182153780125
CLEC18B,3.0208182153780125
CRISP2,3.0208182153780125
FKRP,3.02067846068608
NGDN,3.012533728975735
WDFY3,3.0025079827403305
CLOCK,3.000337631640514
ARNT,3.000337631640514
BMAL1,3.000337631640514
TRIP10,2.997570872483479
FNBP1,2.997570872483479
FNBP1L,2.997570872483479
ALPP,2.9948320051618444
ALPI,2.9948320051618444
ALPG,2.9948320051618444
ALPL,2.9948320051618444
IPO5,2.992395329219196
RANBP6,2.992395329219196
TOMM40L,2.9868863858319097
TOMM40,2.9868863858319097
ADCY3,2.9863753151167662
PPP1CB,2.984721302741268
TIMM13,2.9818363225067017
ERP29,2.97857699655542
TMEM164,2.9700681373769697
LDLR,2.9693609764336544
EPRS1,2.967137152159072
IMMP2L,2.953796650787844
PWP2,2.9472589598483148
NOM1,2.938131668050934
TARS2,2.9307486918338395
TARS3,2.9307486918338395
CPLX1,2.9274318667814136
CPLX3,2.9274318667814136
CPLX4,2.9274318667814136
CPLX2,2.9274318667814136
SNX19,2.925649531903164
SF3B3,2.9227158179178625
CNOT3,2.914404206294212
CDIPT,2.9134688948909395
RCL1,2.9122519227994506
NF1,2.9058227422649208
MPPED1,2.900222945186401
MPPED2,2.900222945186401
TMEM198,2.899696415550526
UNC93B1,2.8944221587848458
IFI30,2.888890333076072
FAM13C,2.8870586401681986
FAM13B,2.8870586401681986
FAM13A,2.8870586401681986
PRMT3,2.88293463457133
APAF1,2.880494744310488
CSRP1,2.880402564694245
CSRP3,2.880402564694245
CSRP2,2.880402564694245
SMG6,2.878665693845139
FAM107A,2.876176065826335
FAM107B,2.876176065826335
NRXN2,2.875934140524872
DIRAS2,2.872518981732243
PCBP3,2.86155483915606
FUBP1,2.86155483915606
IGF2BP1,2.86155483915606
PCBP2,2.86155483915606
PCBP1,2.86155483915606
PCBP4,2.86155483915606
NOVA1,2.86155483915606
IGF2BP3,2.86155483915606
KHSRP,2.86155483915606
IGF2BP2,2.86155483915606
FUBP3,2.86155483915606
TACR2,2.845014602216594
SLC22A7,2.8425627804519022
SLC22A15,2.8425627804519022
SLC22A23,2.8425627804519022
SLC22A2,2.8425627804519022
SLC22A5,2.8425627804519022
SLC22A8,2.8425627804519022
SLC22A4,2.8425627804519022
SLC22A17,2.8425627804519022
SLC22A31,2.8425627804519022
SLC22A16,2.8425627804519022
SVOPL,2.8425627804519022
SLC22A13,2.8425627804519022
DDX56,2.841470210901071
TACC1,2.8384826052517327
TACC3,2.8384826052517327
TACC2,2.8384826052517327
PUS10,2.8345836246131464
TMEM35B,2.8315392644249897
TMEM35A,2.8315392644249897
MPV17L,2.818252981505288
EIF3M,2.8169443325565884
RGS17,2.8163805587279547
GPD2,2.81178291206932
SERTAD4,2.806181211734509
NADK,2.799746124272958
BZW1,2.799079917109098
BZW2,2.799079917109098
TMEM132D,2.7970810985208194
TMEM132E,2.7970810985208194
TMEM132A,2.7970810985208194
TMEM132C,2.7970810985208194
TMEM132B,2.7970810985208194
NTN3,2.796892810474436
NTN1,2.796892810474436
CRHR1,2.7849124908325384
DNAH9,2.773887984029851
PHTF1,2.77374508236986
PHTF2,2.77374508236986
SLC35G1,2.7722062739764675
KRI1,2.769604963017548
MECOM,2.764007881743374
CLSTN3,2.763170889177397
CLSTN2,2.763170889177397
CLSTN1,2.763170889177397
PICK1,2.751299012325429
UPF2,2.749179499336646
CETN1,2.742095327730862
ADAD2,2.740425456055722
EFNA5,2.7401062663982083
EFNA4,2.7401062663982083
EFNA3,2.7401062663982083
EFNA1,2.7401062663982083
EFNB1,2.7401062663982083
EFNB3,2.7401062663982083
EFNB2,2.7401062663982083
EFNA2,2.7401062663982083
SMYD3,2.7385173460203163
ZMYND15,2.7385173460203163
SMYD4,2.7385173460203163
SMYD2,2.7385173460203163
SMYD1,2.7385173460203163
DIPK1B,2.736207603149149
DIPK1C,2.736207603149149
DIPK1A,2.736207603149149
MTREX,2.734622034174267
KHDRBS3,2.7336143963681256
QKI,2.7336143963681256
KHDRBS1,2.7336143963681256
KHDRBS2,2.7336143963681256
TRERF1,2.731650480795544
ZNF541,2.731650480795544
MIDEAS,2.731650480795544
RCOR1,2.731650480795544
DDX55,2.729719203100346
DNAH8,2.7294931140465013
WASHC5,2.72313301018785
RRP1,2.719946927482407
RRP1B,2.719946927482407
TMEM47,2.715071143373149
PERP,2.715071143373149
ATP6V1E1,2.714323248760376
ATP6V1E2,2.714323248760376
DTNA,2.7139941971381543
GRM3,2.710110045855207
GRM2,2.710110045855207
ATP5PB,2.7040559221523024
PDCD11,2.698145600261398
POLR1A,2.6951098051599214
FTSJ3,2.685942260274866
DLAT,2.6843430892952456
BYSL,2.676256754051097
CNPPD1,2.6709295315015225
NOL6,2.662812582534558
SLC18A1,2.65723629434245
RALBP1,2.6467929806479784
ITM2A,2.6381877123704927
ITM2B,2.6381877123704927
ITM2C,2.6381877123704927
SLC25A3,2.629342523949012
MANEAL,2.629211722283072
MANEA,2.629211722283072
ETFRF1,2.616702615511665
GUCY1B1,2.614277310313487
KCND3,2.61240480812704
EID3,2.608198804855174
RNF123,2.6081940876759635
PARP1,2.606345901031632
PFDN6,2.606126192152171
SMYD5,2.6059861208673363
DTD1,2.600816913607205
DHX15,2.6008150723857417
SCYL3,2.5940097298714435
PHACTR2,2.5875485503876767
PHACTR1,2.5875485503876767
PHACTR4,2.5875485503876767
PHACTR3,2.5875485503876767
RPF2,2.58276304160913
H3-3B,2.5785263271550964
H3-3A,2.5785263271550964
GSAP,2.576914830618466
RUSF1,2.5725789541073243
MAPK1,2.5707826987923523
GRB2,2.570245042064144
FAM47E,2.5686538487078963
JPH2,2.568078387166634
JPH1,2.568078387166634
JPH4,2.568078387166634
JPH3,2.568078387166634
LAMP5,2.567004124393891
RANBP1,2.5648556539125216
AASS,2.564730264064958
SMAD4,2.560617985701354
SMAD7,2.560617985701354
CCDC66,2.5599886481261334
SLC26A5,2.5593545203916235
SLC26A4,2.5593545203916235
SLC26A6,2.5593545203916235
SLC26A3,2.5593545203916235
SLC26A7,2.5593545203916235
SPAST,2.5585006327703352
PASK,2.557399528602428
SERBP1,2.5562895432587283
HABP4,2.5562895432587283
NHLRC2,2.5551435651125285
IRS2,2.554929217120544
IRS4,2.554929217120544
IRS1,2.554929217120544
KATNB1,2.5466955992518283
PCGF2,2.546315334571984
PCGF6,2.546315334571984
PCGF1,2.546315334571984
PCGF5,2.546315334571984
RING1,2.546315334571984
BMI1,2.546315334571984
RNF2,2.546315334571984
PPAN,2.544397968624567
ATP5F1B,2.544325133599966
TBL3,2.5421237494826388
NOP2,2.5387611427837595
PIGO,2.53608490471094
DKC1,2.533229971890921
TMEM268,2.5226580815858908
PCYT2,2.520614405682955
RHBDL1,2.515613227482179
RHBDF2,2.515613227482179
RHBDF1,2.515613227482179
RHBDL2,2.515613227482179
RHBDL3,2.515613227482179
INPPL1,2.513520881506739
TMEM276-ZFTRAF1,2.51255861871922
ZFTRAF1,2.51255861871922
OARD1,2.50782356184443
YARS1,2.5072555304684894
CCDC50,2.5018950540274894
RRS1,2.5016311720313222
UNC79,2.5013629734504947
LIN7B,2.4976549836151136
PDZD11,2.4976549836151136
LIN7A,2.4976549836151136
LIN7C,2.4976549836151136
FKBP2,2.496948099208124
RREB1,2.496622999860324
MAB21L1,2.494845124014334
MAB21L2,2.494845124014334
RSU1,2.494152705080506
ASNSD1,2.494008657511894
PKP2,2.491434377163563
PKP3,2.491434377163563
CTNND1,2.491434377163563
PKP1,2.491434377163563
HGH1,2.4914022515830427
EIF2B3,2.4906796829803968
PROX1,2.4851325421787824
PROX2,2.4851325421787824
SPR,2.482837289370898
DDX31,2.480384513101324
GPR139,2.4751197346845304
GPR142,2.4751197346845304
ABTB3,2.469852507603859
SPOP,2.469852507603859
BTBD2,2.469852507603859
ABTB2,2.469852507603859
BTBD3,2.469852507603859
KBTBD4,2.469852507603859
BTBD9,2.469852507603859
KLHL11,2.469852507603859
BTBD6,2.469852507603859
ENAH,2.466699369376842
SPRED1,2.466699369376842
EVL,2.466699369376842
SPRED2,2.466699369376842
SPRED3,2.466699369376842
RRAS,2.465783322430942
SPRYD7,2.4647655270032782
GTF2B,2.462796930973765
GSTCD,2.461366969453012
PPP3CC,2.460706675218188
PPP3CB,2.460706675218188
MAN1C1,2.4591833853969307
MAN1A2,2.4591833853969307
MAN1A1,2.4591833853969307
EDEM3,2.4591833853969307
EDEM2,2.4591833853969307
SNTA1,2.4515085412626094
SNTB2,2.4515085412626094
SNTB1,2.4515085412626094
ATG14,2.451182157218749
DIMT1,2.450500145993265
GFM2,2.4491094580784227
OGT,2.4435063142773936
SFT2D3,2.4373435116115174
TRAPPC10,2.4281221429866675
RAB30,2.426771703391132
DYNC2H1,2.4242042840428755
NOP16,2.423859262989062
GTF3C3,2.423082616847538
KMT2B,2.422930906604836
MDN1,2.4222951245460576
PPP6R3,2.42072206826071
PPP6R1,2.42072206826071
PPP6R2,2.42072206826071
TPH2,2.418553668883702
TPH1,2.418553668883702
JUP,2.416816515819506
ANKAR,2.416816515819506
ZNF710,2.416345145282013
ZNF667,2.416345145282013
ZNF366,2.416345145282013
ZNF671,2.416345145282013
ZNF662,2.416345145282013
ZNF865,2.416345145282013
ZNF212,2.416345145282013
ZNF783,2.416345145282013
ZNF729,2.4148365693388567
ZNF99,2.4148365693388567
ZNF347,2.4148365693388567
ZNF160,2.4148365693388567
ZNF91,2.4148365693388567
ZNF497,2.4148365693388567
ZNF208,2.4148365693388567
ZNF665,2.4148365693388567
ZNF107,2.4148365693388567
PPRC1,2.411298183523181
PPARGC1A,2.411298183523181
PPARGC1B,2.411298183523181
UNKL,2.4066038090056336
UNK,2.4066038090056336
TRMT5,2.4061900151441336
ATAT1,2.404036918026824
KCNH1,2.402543015571808
CNOT6,2.402409093195108
CNOT6L,2.402409093195108
ANGEL1,2.402409093195108
ANGEL2,2.402409093195108
MICALL1,2.401437810382339
SPATA20,2.400675064923292
ATP5F1A,2.3981628574772005
TMEM181,2.3979001967740445
POLR1D,2.3961148516688606
SLC25A31,2.3948088417363507
FBXO32,2.3921057944834967
FBXO25,2.3921057944834967
ADAM17,2.3920675928484227
MFSD10,2.39136691615301
MFSD14B,2.39136691615301
MFSD14A,2.39136691615301
UTP15,2.3870860350462
KCNN4,2.384582468515865
KCNN1,2.384582468515865
KCNN2,2.384582468515865
KCNN3,2.384582468515865
BRIX1,2.3820017645522467
PDS5A,2.38149686221187
PDS5B,2.38149686221187
SLC41A2,2.374309015892412
SLC41A3,2.374309015892412
SLC41A1,2.374309015892412
TRDMT1,2.373632356839765
SSB,2.3720222225550214
RLBP1,2.37196263444208
CLVS2,2.37196263444208
CLVS1,2.37196263444208
TENM2,2.370713792209465
TENM4,2.370713792209465
TENM3,2.370713792209465
TENM1,2.370713792209465
NAGPA,2.370713792209465
NOL9,2.362096016809648
TTBK2,2.35938472907806
CCDC40,2.3585843881325426
IMP3,2.357559543237424
SLC30A3,2.355135605544538
ARL6IP1,2.342121010413386
ALDH4A1,2.337242745251346
NALCN,2.336510700723812
SLC38A11,2.3350083078110706
SLC4A2,2.3316062533054693
SLC4A7,2.3316062533054693
SLC4A3,2.3316062533054693
SLC4A10,2.3316062533054693
SLC4A8,2.3316062533054693
SLC4A9,2.3316062533054693
SLC4A4,2.3316062533054693
SLC4A5,2.3316062533054693
SLC4A1,2.3316062533054693
CUEDC2,2.3312740072910687
GALNT2,2.331247820700665
CPEB1,2.3282029675559497
PITRM1,2.325962576029011
DOP1B,2.3254701535546696
DOP1A,2.3254701535546696
SPSB1,2.324365564966706
SPSB4,2.324365564966706
EXOC5,2.3200959138500874
BNIP3,2.3199585692909164
BNIP3L,2.3199585692909164
DBF4B,2.3183953163198603
DBF4,2.3183953163198603
IDH3B,2.318191404215844
DIP2B,2.318035319478622
DIP2A,2.318035319478622
INTS13,2.314363624611497
CDC45,2.3094143318433296
HEMK1,2.309394758248854
TPM3,2.306611219037132
TPM1,2.306611219037132
TPM2,2.306611219037132
TPM4,2.306611219037132
ME1,2.30539017410477
ME2,2.30539017410477
ME3,2.30539017410477
SH3GLB2,2.303921074740994
SORBS1,2.303921074740994
SH3GLB1,2.303921074740994
SH3GL1,2.303921074740994
SORBS2,2.303921074740994
NCF4,2.303921074740994
SH3RF1,2.303921074740994
NIPBL,2.298901376748512
NCK1,2.2921014434797007
GRAP2,2.2921014434797007
SLA,2.2921014434797007
GRAP,2.2921014434797007
NCK2,2.2921014434797007
GRAPL,2.2921014434797007
SLA2,2.2921014434797007
SH2D5,2.2921014434797007
RBM28,2.291171272313238
CPM,2.2905901096503185
PRKAR2A,2.2863446634531748
UTP20,2.27986303279394
B3GNT6,2.27495840141946
PURG,2.273387779125138
PURB,2.273387779125138
PURA,2.273387779125138
CRCP,2.2669348062562937
PDE4B,2.2620157709572783
IK,2.259447293435884
WDR55,2.259447293435884
UBR7,2.258448021749404
RRN3,2.2551213853453222
SPTBN1,2.2537319840777426
KIRREL1,2.2515396250305315
KIRREL3,2.2515396250305315
KIRREL2,2.2515396250305315
SIPA1L2,2.2511981067318483
SIPA1,2.2511981067318483
RAP1GAP,2.2511981067318483
SIPA1L3,2.2511981067318483
RAP1GAP2,2.2511981067318483
GARNL3,2.2511981067318483
SIPA1L1,2.2511981067318483
DDAH1,2.250693798869368
DDAH2,2.250693798869368
TULP4,2.2455025905691803
MADD,2.2407348344545013
CHAT,2.236846531080713
RBMX2,2.235064158163032
GNL2,2.2312222999065234
EXTL1,2.2304474204925824
ANKRD13C,2.22583395329576
FTSJ1,2.222450245263398
SLC35C2,2.219542010813736
GABBR2,2.2190928829804086
GPR156,2.2190928829804086
EDF1,2.215949483824789
CDK10,2.2139647355410177
EPN2,2.2138649778185173
ENTHD1,2.2138649778185173
EPN3,2.2138649778185173
MYCBPAP,2.2138649778185173
EPN1,2.2138649778185173
G6PC3,2.2137862711506124
G6PC1,2.2137862711506124
G6PC2,2.2137862711506124
TRMT112,2.2128580774445368
HTR5A,2.2087199872381174
ZNF706,2.2069207350201814
TTK,2.205194922242104
LRRC20,2.202904073637392
LZTR1,2.200725524760245
OGDH,2.2006483830390007
OGDHL,2.2006483830390007
DNAAF6,2.1988302278104315
HS3ST4,2.1981624371034783
HS3ST3A1,2.1981624371034783
HS3ST3B1,2.1981624371034783
HS3ST2,2.1981624371034783
NDST3,2.1981624371034783
TNS2,2.1975052265574253
TNS4,2.1975052265574253
ERICH2,2.1881727498424293
POLR1E,2.1874082557571697
SRPK2,2.1852627546997714
MAPK13,2.1852627546997714
MAPK9,2.1852627546997714
CILK1,2.1852627546997714
MAPK8,2.1852627546997714
MAPK10,2.1852627546997714
NLK,2.1852627546997714
MAPK12,2.1852627546997714
SRPK3,2.1852627546997714
MAPK3,2.1852627546997714
TNFAIP8,2.1841251159711748
TNFAIP8L2,2.1841251159711748
TNFAIP8L3,2.1841251159711748
TNFAIP8L1,2.1841251159711748
TUBG1,2.183570543566903
ABHD17A,2.1809744052280533
CLIP1,2.1807958609071827
MAD2L2,2.180289045131276
COG7,2.178320547715024
MAT1A,2.174663553110424
MAT2A,2.174663553110424
EFR3B,2.172387644518529
EFR3A,2.172387644518529
AZIN2,2.170786874090519
AZIN1,2.170786874090519
ODC1,2.170786874090519
HMGCS2,2.169821867740416
HMGCS1,2.169821867740416
OLIG1,2.1652096675412813
ATOH7,2.1652096675412813
NEUROG2,2.1652096675412813
OLIG2,2.1652096675412813
NEUROD1,2.1652096675412813
NEUROD6,2.1652096675412813
BHLHE23,2.1652096675412813
BHLHE22,2.1652096675412813
NEUROG1,2.1652096675412813
OLIG3,2.1652096675412813
NEUROD4,2.1652096675412813
ATOH1,2.1652096675412813
NEUROG3,2.1652096675412813
NEUROD2,2.1652096675412813
CAPS,2.1580439363215818
CAPS2,2.1580439363215818
SPATA21,2.1580439363215818
EFCAB6,2.1580439363215818
PHF24,2.1580439363215818
SEPSECS,2.157112970450896
EIF1,2.155862269474463
CTNNAL1,2.154699451382605
GNB5,2.1518451711646573
STARD7,2.145164739712614
NUMB,2.1411033549301512
TAF7L,2.140356658476253
TAF7,2.140356658476253
PIGL,2.1393306330229507
NOP58,2.1361998348490485
ARL2,2.1355326478645167
PDCD10,2.1330150675023107
FCHSD2,2.1326879070193536
FCHSD1,2.1326879070193536
HNRNPL,2.1322805316693585
RBM20,2.1322805316693585
HNRNPLL,2.1322805316693585
SKIC2,2.131929236074328
NSUN2,2.1317767081842773
SMDT1,2.128961223665822
TDRD10,2.128775127182983
URB1,2.1272656388555227
ARMC5,2.123861007684765
DYNC1H1,2.123850283962608
RNF5,2.1234061274049543
RNF185,2.1234061274049543
ZDHHC23,2.122533475940592
NFRKB,2.1217287449338875
CHMP3,2.1205445217796823
ANKMY2,2.118510755286144
PUM1,2.1178050447695806
PUM2,2.1178050447695806
PNO1,2.114132816442769
STOML1,2.1116672226312896
CEBPZ,2.107529648234378
PLGRKT,2.106244715361141
MAPRE1,2.104036964074832
MAPRE3,2.104036964074832
MAPRE2,2.104036964074832
SLC50A1,2.102505711943197
HMGB3,2.1020956146756857
GRWD1,2.10070346366574
NDUFB5,2.100583406735929
TOMM70,2.097250881048435
RBM26,2.0972295205816405
RBM27,2.0972295205816405
CGB8,2.096752003448205
CGB3,2.096752003448205
CGB2,2.096752003448205
TSHB,2.096752003448205
CGB5,2.096752003448205
LHB,2.096752003448205
CGB1,2.096752003448205
CGB7,2.096752003448205
FSHB,2.096752003448205
GPHB5,2.096752003448205
CKAP5,2.096655574221284
HEATR5A,2.0942943548866806
HEATR5B,2.0942943548866806
PPP4R3B,2.0898700928370606
PPP4R3C,2.0898700928370606
PPP4R3A,2.0898700928370606
GTPBP10,2.089513714154071
IARS1,2.087900670601991
ATP2B4,2.0782791746717555
PCSK2,2.074454665804197
EEF1A2,2.0732148827021457
GSPT2,2.0732148827021457
GSPT1,2.0732148827021457
EIF2S3B,2.0732148827021457
EEF1A1,2.0732148827021457
EIF2S3,2.0732148827021457
CNN2,2.073168574015845
TAGLN2,2.073168574015845
TAGLN3,2.073168574015845
CNN1,2.073168574015845
TAGLN,2.073168574015845
KIF3C,2.07224161313126
KIF3B,2.07224161313126
UBE2NL,2.0714343020105423
UBE2N,2.0714343020105423
RMDN2,2.064707697015341
RMDN3,2.064707697015341
RMDN1,2.064707697015341
ARPP21,2.064097919067432
KCNH6,2.0629375182212213
CDC27,2.061949400457923
RASSF10,2.0608604334811806
RASSF9,2.0608604334811806
MAF1,2.060503098863774
GNAT3,2.0600576595265614
GNA13,2.0600576595265614
GNA14,2.0600576595265614
GNAQ,2.0600576595265614
GNAS,2.0600576595265614
GNAZ,2.0600576595265614
GNA11,2.0600576595265614
GNAL,2.0600576595265614
GNA15,2.0600576595265614
PAQR4,2.0595510155965524
POP1,2.058984402261831
TNNT2,2.0562752595707128
TNNT3,2.0562752595707128
TNNT1,2.0562752595707128
LAP3,2.0554825034192463
LRCH3,2.051557726657604
HSPBP1,2.045052191210274
BIRC6,2.042264818029742
FRZB,2.0332208507235463
RBFOX2,2.033167420018104
RBFOX1,2.033167420018104
RBFOX3,2.033167420018104
DBR1,2.032032979645488
MSI2,2.0278863228942647
TMEM67,2.027083279511756
LMOD3,2.025913200742347
TMOD3,2.025913200742347
TMOD2,2.025913200742347
TMOD1,2.025913200742347
TMOD4,2.025913200742347
LMOD1,2.025913200742347
TBC1D7,2.025702637088027
ARHGEF28,2.020959816391995
ARHGEF3,2.020959816391995
ARHGEF18,2.020959816391995
ARHGEF11,2.020959816391995
ARHGEF12,2.020959816391995
NET1,2.020959816391995
METTL22,2.018507611373947
TIMM17B,2.0124193690920587
TIMM17A,2.0124193690920587
HSPA2,2.011747259372004
DNAH7,2.0090316229269134
IP6K1,2.008522003597009
IP6K3,2.008522003597009
ITPKA,2.008522003597009
IP6K2,2.008522003597009
ITPKC,2.008522003597009
ITPKB,2.008522003597009
PDE6D,2.005366061264789
ATP6V1H,2.002563139531368
IPO13,2.002017919620633
ZNF512,2.0003279121457527
GGN,2.0003279121457527
ZNF512B,2.0003279121457527
H2AZ1,2.000030976850622
H2AZ2,2.000030976850622
GTPBP4,1.999664152503422
NUDT18,1.996638935285698
NDUFA12,1.9965515663425364
FAXC,1.994962396742185
ONECUT3,1.9918977035032863
ONECUT1,1.9918977035032863
ONECUT2,1.9918977035032863
DBH,1.9844808654475008
CHST7,1.9819559424386173
CHST3,1.9819559424386173
CHST2,1.9819559424386173
CHST4,1.9819559424386173
CHST6,1.9819559424386173
CHST5,1.9819559424386173
CHST1,1.9819559424386173
ZMAT4,1.979893101756373
ZNF385D,1.979893101756373
ZNF385B,1.979893101756373
ZNF385C,1.979893101756373
KRCC1,1.979893101756373
ZMAT3,1.979893101756373
ZNF385A,1.979893101756373
ZNF346,1.979893101756373
ZMAT1,1.979893101756373
GUCD1,1.978016840401883
RAD21L1,1.9732233019179204
REC8,1.9732233019179204
RAD21,1.9732233019179204
ATPAF1,1.9719011435427072
KIAA0930,1.9701194484414024
TLDC2,1.9686814716076595
PWP1,1.963287880831016
STX1A,1.9599198528724355
STX2,1.9599198528724355
STX4,1.9599198528724355
STX3,1.9599198528724355
STX1B,1.9599198528724355
NOMO2,1.95974235218132
NOMO3,1.95974235218132
NOMO1,1.95974235218132
ELOB,1.958688747754774
DNLZ,1.9586674867666665
TRRAP,1.9583251714685177
PTGR3,1.9574150118430944
TBCEL,1.9531200945754783
DNAL1,1.9530469682035665
BLOC1S1,1.945073324722707
MGAT4C,1.939773618390732
MGAT4A,1.939773618390732
MGAT4B,1.939773618390732
MGAT4D,1.939773618390732
PPP1R9B,1.936106414748492
SAMD14,1.936106414748492
PPP1R9A,1.936106414748492
NWD2,1.9360938831812289
AAMP,1.9360938831812289
PI4KA,1.932871338231105
NPHS1,1.930890380059304
FBXO28,1.930177359632304
ZDHHC13,1.930027492895365
ZDHHC17,1.930027492895365
MSANTD1,1.92782550035556
RRP36,1.9272948852323988
ATP2A3,1.9255603462231257
MUSK,1.9255385682049544
RCC1L,1.92530455348872
NKD2,1.9249935930509416
NKD1,1.9249935930509416
UBE2C,1.9246551259581912
HS6ST1,1.92412187731112
HS6ST3,1.92412187731112
HS6ST2,1.92412187731112
TTLL4,1.924033256191308
PLCB4,1.921582842671378
DNAJC2,1.921559962518104
SYNPO,1.920973277719389
SYNPO2,1.920973277719389
SYNPO2L,1.920973277719389
KLHL20,1.9203265223058128
FASN,1.919267711397184
ABHD5,1.917543671814384
ABHD4,1.917543671814384
VPS26C,1.9163695415879705
RIC1,1.915938659970944
QRSL1,1.915358220632626
MTIF2,1.9143069756887103
POM121L12,1.910045563252848
NPAP1,1.910045563252848
POM121,1.910045563252848
NUP153,1.910045563252848
POM121C,1.910045563252848
NUP214,1.910045563252848
POM121L2,1.910045563252848
DDX42,1.90672257513818
RB1CC1,1.9060335005644864
RORC,1.9056193730034137
NR1H2,1.9056193730034137
NR1H3,1.9056193730034137
PPARG,1.9056193730034137
RORB,1.9056193730034137
PPARD,1.9056193730034137
NR1D1,1.9056193730034137
PPARA,1.9056193730034137
THRA,1.9056193730034137
VDR,1.9056193730034137
RARA,1.9056193730034137
RORA,1.9056193730034137
NR1I2,1.9056193730034137
NR1D2,1.9056193730034137
RARB,1.9056193730034137
DENND6A,1.904867741434405
DENND6B,1.904867741434405
MAPK15,1.903936805501583
KPNB1,1.9021766273860872
TMTC3,1.9018882029715176
SRL,1.899623429143064
FAT2,1.8971093346144423
FAT1,1.8971093346144423
CELSR2,1.8971093346144423
CELSR1,1.8971093346144423
CELSR3,1.8971093346144423
FAT3,1.8971093346144423
VPS11,1.8963461785785365
TFAP4,1.8921239308727704
SDR39U1,1.8912297237103188
ATP5PF,1.890672152416224
SMG5,1.88999908532544
ETF1,1.889738456884239
KPNA6,1.888134347479168
KPNA5,1.888134347479168
KPNA1,1.888134347479168
PDLIM2,1.8857163214679595
PDLIM1,1.8857163214679595
PDLIM5,1.8857163214679595
PRICKLE4,1.8857163214679595
PDLIM7,1.8857163214679595
ARHGDIG,1.885336001640299
ARHGDIB,1.885336001640299
ARHGDIA,1.885336001640299
LGALS14,1.8834016510914529
LGALS7B,1.8834016510914529
CLC,1.8834016510914529
LGALS7,1.8834016510914529
LGALS1,1.8834016510914529
LGALS12,1.8834016510914529
LGALS16,1.8834016510914529
LGALS9B,1.8834016510914529
LGALS9,1.8834016510914529
LGALS9C,1.8834016510914529
LGALS13,1.8834016510914529
LTV1,1.883237383968256
UST,1.880519065699785
COQ2,1.88021709331124
SSBP4,1.8781551604000828
NABP1,1.8752086915606088
TARDBP,1.8741489250628869
PROM1,1.873415339791972
PROM2,1.873415339791972
GNPTAB,1.8724801069860144
SH2D3C,1.8711074444817248
BCAR3,1.8711074444817248
SH2D3A,1.8711074444817248
TSEN54,1.870482852249732
MARCHF6,1.8698264748177165
STK39,1.8685891424224843
SMARCA1,1.8669845609610607
PRKAR1B,1.8666051481965729
STRIP2,1.8653272332897035
STRIP1,1.8653272332897035
PUM3,1.8636430005606053
SUPT5H,1.861731109425015
AQR,1.858907269331624
EZH2,1.8581571718892769
SUV39H2,1.8581571718892769
SETD2,1.8581571718892769
KMT2C,1.8581571718892769
EHMT1,1.8581571718892769
SETD1B,1.8581571718892769
SETDB2,1.8581571718892769
SETDB1,1.8581571718892769
EHMT2,1.8581571718892769
NSD3,1.8581571718892769
EZH1,1.8581571718892769
SETD1A,1.8581571718892769
KMT2D,1.8581571718892769
KMT2A,1.8581571718892769
ASH1L,1.8581571718892769
SETBP1,1.8581571718892769
NSD2,1.8581571718892769
NSD1,1.8581571718892769
AKT1S1,1.8564545036106623
CBFA2T3,1.8532471594110715
RUNX1T1,1.8532471594110715
CBFA2T2,1.8532471594110715
WDR74,1.8516717291711144
GPANK1,1.8498996704706048
ACO2,1.84755087898824
MICU1,1.8447130959226603
IDH3A,1.8442457780840324
PTEN,1.842527527627156
DDX54,1.8395076536911583
POLRMT,1.837636188930812
RBBP5,1.8375317806477407
SLC35F4,1.8374665669033408
SLC35F3,1.8374665669033408
ACP6,1.834938514655223
ASTE1,1.8332952163225715
CWC15,1.8330294652735208
EIF4ENIF1,1.831778679049716
OPA1,1.8301104678512028
RSL24D1,1.8286120010846976
IFT140,1.8270697704856085
SLC35F5,1.826302048569452
ATP6V1C1,1.8249838975757533
ATP6V1C2,1.8249838975757533
DCTD,1.823838412641881
NT5C3A,1.8225674503926623
NT5C3B,1.8225674503926623
SANBR,1.814851883449309
TRABD,1.8145473706390416
MTERF3,1.8118095170333792
FBXL16,1.810945207411068
U2SURP,1.8096492806083493
CHDH,1.8088952533177216
RAB1A,1.8078012261392304
TMCO1,1.8071122826078647
FARS2,1.8069079560109105
VDAC1,1.806847332031076
VDAC3,1.806847332031076
VDAC2,1.806847332031076
ZMYND10,1.8065261990801464
ZMYND19,1.8065261990801464
MSS51,1.8065261990801464
FAM185A,1.804487217226845
TTLL8,1.8038762618304465
KPRP,1.8038762618304465
TTLL6,1.8038762618304465
AP2S1,1.80015908365466
HSCB,1.7995443735484118
FRMD8,1.7969132251792987
TIMM22,1.7963560727668348
NAT10,1.795738235844596
ANKFY1,1.7950376132852373
PAPSS1,1.794052524143812
PAPSS2,1.794052524143812
ACER2,1.792866869653618
F13A1,1.791599919690692
TGM1,1.791599919690692
PABIR2,1.7868328432943517
PABIR3,1.7868328432943517
PABIR1,1.7868328432943517
CRTC3,1.7856433640652103
CRTC2,1.7856433640652103
CRTC1,1.7856433640652103
ALG8,1.7804701419552182
IMP4,1.7804682238507197
ARV1,1.78013161125817
IPO4,1.7753392773536445
NHP2,1.7745534660003592
MRPS28,1.773665290126315
SLC45A3,1.7732956462794005
SLC45A4,1.7732956462794005
SLC45A1,1.7732956462794005
SLC45A2,1.7732956462794005
SLC66A3,1.770417431887035
PGS1,1.7676812392120222
GADD45B,1.7671475232628175
GADD45A,1.7671475232628175
GADD45G,1.7671475232628175
COX7C,1.7634634444181307
MFSD1,1.7627448274362971
DDX24,1.7622578294982856
DESI2,1.7615843789962369
SDAD1,1.7611449119101916
ZDHHC15,1.7607799365423258
ZDHHC2,1.7607799365423258
ZDHHC11B,1.7607799365423258
ZDHHC1,1.7607799365423258
ZDHHC4,1.7607799365423258
ZDHHC18,1.7607799365423258
ZDHHC11,1.7607799365423258
ZDHHC12,1.7607799365423258
ZDHHC21,1.7607799365423258
ZDHHC7,1.7607799365423258
ZDHHC20,1.7607799365423258
ZDHHC9,1.7607799365423258
NOB1,1.7578740143614224
PDGFB,1.7565282277623293
PDGFA,1.7565282277623293
COX5B,1.7552499213168804
ZNF775,1.7552158941437883
PRMT8,1.7498392622064725
PLCG2,1.7489248471616634
PLCL2,1.7489248471616634
PLCE1,1.7489248471616634
PLCG1,1.7489248471616634
PLCD4,1.7489248471616634
PLCH2,1.7489248471616634
PLCZ1,1.7489248471616634
PLCD1,1.7489248471616634
PLCB1,1.7489248471616634
PLCB3,1.7489248471616634
PLCD3,1.7489248471616634
PLCH1,1.7489248471616634
PLCB2,1.7489248471616634
PLCL1,1.7489248471616634
UBE2S,1.7473070226002954
POLK,1.7461840046950288
USP21,1.7458266447440252
NOC4L,1.7456492212120671
FUZ,1.7454953212843063
ELP1,1.7441665863842488
EIF4B,1.7430213075892873
MED24,1.7424403798283048
DCPS,1.740542231747979
DPP9,1.7394291771809338
DPP8,1.7394291771809338
DPP6,1.7394291771809338
DPP10,1.7394291771809338
KLHDC4,1.737804133838203
RICTOR,1.737465502153673
SLC25A19,1.7358329493931155
BAZ1B,1.7354466656979073
MRPS16,1.7290344610187494
TBX2,1.7232191146333722
TBX4,1.7232191146333722
TBX20,1.7232191146333722
TBXT,1.7232191146333722
TBX15,1.7232191146333722
TBX22,1.7232191146333722
TBX5,1.7232191146333722
TBR1,1.7232191146333722
TBX19,1.7232191146333722
EOMES,1.7232191146333722
TBX6,1.7232191146333722
TBX1,1.7232191146333722
MGA,1.7232191146333722
TBX3,1.7232191146333722
TBX10,1.7232191146333722
TBX21,1.7232191146333722
ZNF341,1.7224613066704004
PIP4K2A,1.7219075299409496
EEF1AKMT1,1.7211360435280214
GFRA3,1.7204575174937158
GFRA2,1.7204575174937158
GFRA4,1.7204575174937158
GFRAL,1.7204575174937158
GFRA1,1.7204575174937158
CCT4,1.72020263260282
BMS1,1.7186685821044638
LRPPRC,1.716987921452556
GPATCH1,1.7160479092810013
SMNDC1,1.7144178256264022
EIF6,1.7138894409381988
TBC1D25,1.7120941565586023
NDFIP2,1.7109852029444512
NDFIP1,1.7109852029444512
MAPKAP1,1.7103525706943958
POP5,1.709005578903208
CFAP57,1.7063502802112118
ALKBH8,1.7016100025805083
UTP6,1.700407249900627
KARS1,1.7000808238733027
SGCB,1.6997283762646638
WDR81,1.694314357863284
HSPBAP1,1.6942646689506669
ELOVL6,1.6942387818314515
ELOVL3,1.6942387818314515
LIN28A,1.6939964373730008
YBX1,1.6939964373730008
LIN28B,1.6939964373730008
ADAM7,1.6895771679523812
ADAM10,1.6895771679523812
ADAM23,1.6895771679523812
ADAM29,1.6895771679523812
ADAM28,1.6895771679523812
ADAM18,1.6895771679523812
ADAMDEC1,1.6895771679523812
ADAM2,1.6895771679523812
ADAM30,1.6895771679523812
ADAM32,1.6895771679523812
ADAM21,1.6895771679523812
PIK3C3,1.6887432735732932
TANGO6,1.6876329877648608
RPF1,1.679957559938206
ECD,1.6791157427601966
NDUFS2,1.6752513001848397
APBA1,1.672233127342906
SDCBP2,1.672233127342906
SDCBP,1.672233127342906
APBA2,1.672233127342906
APBA3,1.672233127342906
TMEM50B,1.672057057479281
TMEM50A,1.672057057479281
ATRX,1.6715194277217902
WDR7,1.6703599180716662
C2orf69,1.6691114798271496
TRPV3,1.6689460944022223
TRPV1,1.6689460944022223
TRPV5,1.6689460944022223
TRPV2,1.6689460944022223
TRPV4,1.6689460944022223
TRPV6,1.6689460944022223
PTAR1,1.665397471156217
TAF13,1.663127608747136
MRPS5,1.6623882062230904
SBNO2,1.6620742460712512
POMT2,1.6616072495662757
TMEM169,1.6609198183555534
EIF2AK4,1.6597243234925712
HOOK3,1.6592096384527182
CCDC88C,1.6592096384527182
HOOK1,1.6592096384527182
HOOK2,1.6592096384527182
CCDC88A,1.6592096384527182
CCDC88B,1.6592096384527182
TAF3,1.6567539078675242
DACH2,1.6559047318564808
DACH1,1.6559047318564808
CDC42BPG,1.6558946300956636
CDC42BPA,1.6558946300956636
CDC42BPB,1.6558946300956636
MEPCE,1.6553107633409263
RNF146,1.654375885574739
SCYL2,1.654268286426773
DDX51,1.6531926275958833
FAM135A,1.6520339795885934
FAM135B,1.6520339795885934
YY1,1.6503048320280775
DDX52,1.649945253777325
FANCM,1.6492282342389308
GIGYF2,1.6490158329550657
GIGYF1,1.6490158329550657
TMA16,1.6489162400366892
PIK3R4,1.6487859951876187
HENMT1,1.6475849158039586
MICU3,1.6473731435529593
MICU2,1.6473731435529593
GAS2L1,1.6454041047172734
RAB14,1.6376714819960456
JAGN1,1.6352346777219793
CFAP91,1.632973145486591
TUBGCP4,1.628256639659201
EFCAB5,1.6271887519948298
NSRP1,1.6271887519948298
POLR3D,1.6267340941459405
TRAP1,1.6209254031373554
MED6,1.617629674225804
DHX37,1.6145428175993852
SLC25A46,1.6138284581644875
CD63,1.612053846312134
UBR5,1.6111322824619962
TMEM245,1.6108399319694604
CDR2,1.609790198470549
CDR2L,1.609790198470549
LCMT1,1.6089230221468285
TNKS,1.607372596845692
ANKRD45,1.607372596845692
TNKS2,1.607372596845692
ICA1,1.6064558220908487
ICA1L,1.6064558220908487
ZFAND5,1.605897872612361
DROSHA,1.6057779241079553
BBS5,1.6051268871608826
HDDC2,1.6035629957601512
KIFAP3,1.6034914692604805
PTDSS1,1.602323946731119
AKTIP,1.6022595949243157
JAZF1,1.6008889769029242
SATB1,1.5955219545825643
SATB2,1.5955219545825643
SRPK1,1.5944180039912506
MAPK6,1.5944180039912506
MAPK4,1.5944180039912506
DDX18,1.5935691961928045
AIFM1,1.592864894777226
GAPVD1,1.5922973901229722
MAP2K4,1.5910771447294991
YLPM1,1.5900014274503604
MVD,1.587604976361699
NDEL1,1.5869320776924372
NDE1,1.5869320776924372
NDUFS7,1.5847017891903767
WFDC12,1.5846265631221457
SLPI,1.5846265631221457
WFDC9,1.5846265631221457
PI3,1.5846265631221457
WFDC13,1.5846265631221457
WFDC10B,1.5846265631221457
WFDC11,1.5846265631221457
WFDC3,1.5846265631221457
WFDC10A,1.5846265631221457
WFDC5,1.5846265631221457
ITFG1,1.5845884360223237
DOCK4,1.5826192884651669
DOCK5,1.5826192884651669
DOCK8,1.5826192884651669
TXN2,1.5777060069364366
HAND2,1.5735569016511954
TCF15,1.5735569016511954
TCF23,1.5735569016511954
FIGLA,1.5735569016511954
SCX,1.5735569016511954
MSC,1.5735569016511954
HAND1,1.5735569016511954
BHLHA9,1.5735569016511954
TCF21,1.5735569016511954
TCF24,1.5735569016511954
UCK1,1.573112475092942
UCK2,1.573112475092942
SALL2,1.569231552171496
ZNF219,1.569231552171496
FAM8A1,1.568669589201501
SFT2D1,1.5684353882898767
SFT2D2,1.5684353882898767
SPRING1,1.5667498013318957
MAN1B1,1.5664889269061022
CA8,1.5660183287832494
CA1,1.5660183287832494
CA5A,1.5660183287832494
CA12,1.5660183287832494
CA7,1.5660183287832494
CA5B,1.5660183287832494
CA6,1.5660183287832494
CA13,1.5660183287832494
CA11,1.5660183287832494
CA9,1.5660183287832494
CA3,1.5660183287832494
GRAMD2B,1.56269785308844
GRAMD1C,1.56269785308844
GRAMD1B,1.56269785308844
GRAMD1A,1.56269785308844
GRAMD2A,1.56269785308844
NMD3,1.5623265669396185
NISCH,1.5606638288025148
LARS1,1.5603036971284028
CALML4,1.5600935513725902
TMEM86B,1.5588206215588012
TMEM86A,1.5588206215588012
ARL6,1.5543150246810375
ENKUR,1.5540648614170427
LCP1,1.553276795101303
PLS3,1.553276795101303
PLS1,1.553276795101303
TOP3A,1.5529885193896025
NPRL3,1.5515736635124848
CYTH3,1.550970775843851
GBF1,1.550970775843851
PSD4,1.550970775843851
ARFGEF2,1.550970775843851
ARFGEF1,1.550970775843851
IQSEC1,1.550970775843851
PSD2,1.550970775843851
CYTH2,1.550970775843851
PSD3,1.550970775843851
IQSEC3,1.550970775843851
IQSEC2,1.550970775843851
CDC16,1.5480278366751403
NOC3L,1.5470532072053234
CYCS,1.5446668091798594
TBC1D20,1.5442361204415682
UFSP2,1.5429770528111566
CA14,1.541856986397113
CA4,1.541856986397113
CA10,1.541856986397113
NFAT5,1.5418291009129403
CNIH4,1.5412184224186505
UBE3C,1.5409761273907354
MSL2,1.5395835808242455
PTF1A,1.5387342561130122
MPP3,1.537107356656901
MPP1,1.537107356656901
MPP2,1.537107356656901
PALS2,1.537107356656901
MPP7,1.537107356656901
MPP4,1.537107356656901
FAM91A1,1.5337864686132907
NDUFB11,1.5336334438908596
USP7,1.533533928752526
EDRF1,1.5315721391887591
NUDCD3,1.5303473400848429
CTR9,1.5281569537085924
EIF2S1,1.5271770310347283
DNAI4,1.5242512688927308
PHC3,1.5230974077742885
MRPL24,1.5223249505729033
EXOC6,1.5214831130505215
PATJ,1.5201704769599529
MRPS10,1.5174638974420134
FIS1,1.5173774138783014
AK6,1.5165306196435946
SNRNP200,1.5126336696603648
ARMH3,1.5087308394128045
RGR,1.5068451563247778
GALR2,1.5068451563247778
GOLGA7B,1.506372258192411
GOLGA7,1.506372258192411
DTWD2,1.5062232633823414
BRS3,1.505857986931823
GRPR,1.505857986931823
EDNRB,1.505857986931823
EDNRA,1.505857986931823
NMBR,1.505857986931823
UQCRQ,1.5056563504198397
TLK1,1.505632680904366
TLK2,1.505632680904366
DUS4L,1.5055248632203044
ZDHHC14,1.5021347878150269
PALS1,1.5019233158279368
MGAT3,1.5016947531951257
FEM1B,1.4999845443945017
ZSWIM8,1.4976595862688045
ZFP64,1.4959416620388175
ZNF335,1.4959416620388175
WASHC2C,1.4956787483195062
RCSD1,1.4956787483195062
WASHC2A,1.4956787483195062
XPO1,1.4939665703924718
ISL1,1.493418509118332
ISL2,1.493418509118332
WNK2,1.4924609781729117
EPC1,1.4919870226469896
EPC2,1.4919870226469896
DNALI1,1.4910400162151036
IPO7,1.4891509801624978
HCCS,1.4847215695300096
DHX35,1.4825761302378768
KLHL25,1.4813183589203482
ENC1,1.4813183589203482
NPM3,1.4808825588173034
NPM1,1.4808825588173034
NPM2,1.4808825588173034
MANBAL,1.48065336601034
SIRT6,1.4794191369974206
HIP1R,1.4786403709690004
HIP1,1.4786403709690004
GRIN1,1.4781518282621366
AHSA1,1.4778889174834204
POLR1C,1.4766901819281002
EIF3K,1.4766608160187404
STXBP5L,1.4754294091579954
STXBP5,1.4754294091579954
SBSPON,1.475369585857098
VNN2,1.4704140443535672
VNN1,1.4704140443535672
BTD,1.4704140443535672
GYG1,1.4699913401930016
RPS6KL1,1.4686560658460504
GLTPD2,1.468192090968648
EFL1,1.4677698789125972
MON2,1.467428282761021
NEURL4,1.4653670802253855
ARMC2,1.4640366833516991
NTHL1,1.4635285858257356
RRP9,1.4625653297839036
SFRP2,1.4625503003820313
FZD9,1.4625503003820313
SFRP1,1.4625503003820313
FZD1,1.4625503003820313
FZD3,1.4625503003820313
FZD2,1.4625503003820313
FZD8,1.4625503003820313
FZD7,1.4625503003820313
FZD10,1.4625503003820313
SFRP5,1.4625503003820313
EIF3I,1.4622202526126042
HINFP,1.46073505307603
DFFA,1.460655584322021
CUEDC1,1.4605992639045724
EIF3H,1.4584335223391234
MRPL32,1.4574887254090945
MBOAT1,1.4571176082168693
MBOAT2,1.4571176082168693
PI4KB,1.4566694434021803
ANKRD13D,1.4491952276347733
ANKRD13A,1.4491952276347733
ANKRD13B,1.4491952276347733
DNAAF3,1.4475683643206625
KIF2C,1.4468853052113282
KIF24,1.4468853052113282
PDCD2L,1.44614354266051
PFDN4,1.4454350572292638
DPH5,1.4453310757533833
DCUN1D3,1.442185944164606
ACVRL1,1.4412211741937384
AMHR2,1.4412211741937384
FOXD2,1.4399237401415916
PBX2,1.438418944347591
PKNOX1,1.438418944347591
MEIS2,1.438418944347591
TGIF2LX,1.438418944347591
MEIS3,1.438418944347591
TGIF2,1.438418944347591
PBX4,1.438418944347591
PKNOX2,1.438418944347591
MEIS1,1.438418944347591
PBX3,1.438418944347591
TGIF2LY,1.438418944347591
MEIS3P2,1.438418944347591
TGIF1,1.438418944347591
PBX1,1.438418944347591
SNAP29,1.4363945283398305
TRAK1,1.4351968164143567
TRAK2,1.4351968164143567
HAP1,1.4351968164143567
ARF5,1.4331896874577832
PRIM1,1.432145062567461
TRAPPC5,1.4320609351316629
UBE4A,1.4314043124297415
SOX21,1.4312366320258545
MRPS31,1.4306818282332152
ARRB2,1.4306405433702114
SAG,1.4306405433702114
ARR3,1.4306405433702114
ARRB1,1.4306405433702114
KDM1B,1.4278309349543572
METTL6,1.4264584982241315
AK4,1.423239662528084
AK5,1.423239662528084
AK4P3,1.423239662528084
AK8,1.423239662528084
AK7,1.423239662528084
AK9,1.423239662528084
EIF3E,1.4227307867962522
FBXO9,1.4223341036918953
PPFIA3,1.4219350831675994
PPFIA4,1.4219350831675994
PPFIA1,1.4219350831675994
PPFIA2,1.4219350831675994
IBTK,1.4217533961795423
INO80C,1.421704308845997
SRBD1,1.4202868463010736
ESS2,1.4199358819813817
RARS1,1.419828427676762
NTSR1,1.4185984292637883
NMUR1,1.4185984292637883
MLNR,1.4185984292637883
NTSR2,1.4185984292637883
NMUR2,1.4185984292637883
GPR39,1.4185984292637883
GHSR,1.4185984292637883
NFKBIB,1.4160790065988502
NFKBIA,1.4160790065988502
CAMKK1,1.4148180688265837
SLC9A8,1.4134255017986463
METAP1D,1.4132988504467658
ARK2C,1.4129527046233203
ARK2N,1.4129527046233203
RNF111,1.4129527046233203
KMT2E,1.4127832318055489
SETD5,1.4127832318055489
TBCC,1.411404312210439
GAK,1.4112198116934491
NR4A1,1.4088175203435207
NR4A3,1.4088175203435207
NR4A2,1.4088175203435207
UNC5A,1.40772045691436
UNC5B,1.40772045691436
UNC5CL,1.40772045691436
UNC5D,1.40772045691436
UNC5C,1.40772045691436
NLRC4,1.407216579011217
XIAP,1.407216579011217
NAIP,1.407216579011217
BIRC7,1.407216579011217
BIRC2,1.407216579011217
BIRC5,1.407216579011217
BIRC3,1.407216579011217
UBR3,1.405639808856677
EMC6,1.405079043101288
TSR1,1.4034617056519962
ATP8B4,1.4024756483548722
ATP11A,1.4024756483548722
ATP10B,1.4024756483548722
ATP11B,1.4024756483548722
ATP8B1,1.4024756483548722
ATP8B3,1.4024756483548722
ATP8A1,1.4024756483548722
ATP9B,1.4024756483548722
ATP10A,1.4024756483548722
ATP8B2,1.4024756483548722
ATP10D,1.4024756483548722
ATP9A,1.4024756483548722
ATP11C,1.4024756483548722
ATP8A2,1.4024756483548722
DCAKD,1.3995613860758251
ZMAT2,1.3994973622615532
GCNA,1.3987909610003395
TMEM38A,1.3979107740294263
TMEM38B,1.3979107740294263
PRRX1,1.3965083455663558
LRIG1,1.3963059977374055
VAPA,1.396015883763274
VAPB,1.396015883763274
MCM10,1.395123924900613
BRF1,1.3945869674193996
ATP6V1D,1.391591256670689
DMXL1,1.389592872062788
DMXL2,1.389592872062788
PCF11,1.3871434956715365
ABCB10,1.3862173695697664
COX6B2,1.385756752024842
CTBS,1.3854186239425332
MRPL52,1.3808715284346589
RSPH9,1.3808021471503429
NDUFS8,1.379730809156041
TMEM138,1.375096571322569
SLC9C1,1.3730882999471083
SLC9A1,1.3730882999471083
SLC9C2,1.3730882999471083
SLC9A3,1.3730882999471083
SLC9A9,1.3730882999471083
SLC9A5,1.3730882999471083
SLC9A2,1.3730882999471083
SLC9A4,1.3730882999471083
PATL2,1.3720549200919032
PATL1,1.3720549200919032
CBFB,1.3695871796810604
ATP6V0A1,1.3682339791793896
MLLT3,1.3670897552826442
MLLT1,1.3670897552826442
BDP1,1.366332253468853
AARSD1,1.364771234691086
MTRR,1.3641174993763825
TTI1,1.3640685282760403
CKAP4,1.3613485445863092
SMC1B,1.3613485445863092
CCDC122,1.3613485445863092
SMC3,1.3613485445863092
CCDC157,1.3613485445863092
RIMBP3B,1.359251339733176
RIMBP2,1.359251339733176
TSPOAP1,1.359251339733176
RIMBP3C,1.359251339733176
RIMBP3,1.359251339733176
DNAL4,1.3572288832431727
UBR4,1.356690806171857
ZMPSTE24,1.3560571761655529
RASGEF1B,1.3556105681702757
UBR2,1.3534799000274305
UBR1,1.3534799000274305
WDR5B,1.351947554949723
WDR5,1.351947554949723
BTBD19,1.3512258203647705
MARS1,1.3512084383093408
RECQL5,1.3501482126032445
RBM19,1.3481250839012056
MTO1,1.3464593661811404
TSC22D1,1.3464045319898388
TSC22D3,1.3464045319898388
TSC22D2,1.3464045319898388
TSC22D4,1.3464045319898388
MRPL23,1.3452019129474495
SMIM8,1.3451428646458785
VTI1A,1.3441090620027738
ODAD4,1.3423774491653249
RUNDC1,1.3413206401166144
CEP97,1.341199481693819
LUC7L,1.3391882003846498
LUC7L2,1.3391882003846498
TTC17,1.3365296831541809
SBDS,1.334193340031354
IFT70A,1.3341404477054937
IFT70B,1.3341404477054937
ASB17,1.3317618195739571
ADAT3,1.3308465383994366
DEAF1,1.3297470399865248
ZNF488,1.3296237576018854
PRDM8,1.3296237576018854
PRPSAP2,1.3291640462276018
PRPSAP1,1.3291640462276018
KDM8,1.3278771243054657
ATP5PD,1.326569326690576
DCAF1,1.325509590012598
MSH6,1.3246981988317412
NDUFA10,1.3230862758926716
CSNK1D,1.3226303519994815
CSNK1E,1.3226303519994815
TTC13,1.3223284031171572
IMMP1L,1.320658312274682
ZCCHC14,1.3180972294795783
ZCCHC2,1.3180972294795783
RASSF1,1.317678725452316
RASSF5,1.317678725452316
RASSF3,1.317678725452316
RASSF4,1.317678725452316
RASSF2,1.317678725452316
RASSF6,1.317678725452316
ANKRD26,1.3142557148433205
ANKRD30BL,1.3142557148433205
ANKRD30A,1.3142557148433205
ANKRD18A,1.3142557148433205
ANKRD20A1,1.3142557148433205
ANKRD30B,1.3142557148433205
ANKRD62,1.3142557148433205
ANKRD18B,1.3142557148433205
GADL1,1.3128829508423434
MPPE1,1.31168981338608
TMEM256,1.310426313267654
SIRT2,1.307764052660783
NDUFA13,1.3063967383399988
NDOR1,1.3056877754207172
MRPL4,1.3050943122341851
SF3B5,1.3049346376421216
PDAP1,1.3021838362947995
KDM4C,1.297299525222237
ABT1,1.297062465208764
SETD3,1.2967539553035337
SCO1,1.294745520919261
TAFAZZIN,1.2940415742619116
NOC2L,1.2928698781148291
TRMO,1.2913334142407689
PCIF1,1.2910523532012166
CALML5,1.289364376707275
CABP5,1.289364376707275
CABP7,1.289364376707275
CETN2,1.289364376707275
CABP4,1.289364376707275
CABP1,1.289364376707275
EFCAB3,1.289364376707275
CABP2,1.289364376707275
CALN1,1.289364376707275
EFCAB12,1.289364376707275
MSL1,1.2890266105126291
NOP10,1.288808324930662
REEP2,1.2871150675314482
REEP6,1.2871150675314482
REEP3,1.2871150675314482
REEP1,1.2871150675314482
REEP4,1.2871150675314482
KISS1R,1.286864598249443
UTS2R,1.286864598249443
KLHDC9,1.28681393042635
KLHDC1,1.28681393042635
HCFC2,1.28681393042635
BTBD7,1.2844602537979004
HSPD1,1.2839227704516865
ZC4H2,1.2826631462614428
CTU2,1.2808633199287731
TEX2,1.2800380629103638
LARGE1,1.2799076495368191
GXYLT1,1.2799076495368191
LARGE2,1.2799076495368191
MIGA2,1.2798521649125472
MIGA1,1.2798521649125472
YWHAE,1.2786216992655544
WNT16,1.276829054900402
NBN,1.2763324066463504
POPDC2,1.2757662847828095
POPDC3,1.2757662847828095
BVES,1.2757662847828095
ACVR1,1.2743413189737696
RIMS4,1.2742439679464876
NANOGNB,1.2742439679464876
RIMS2,1.2742439679464876
RIMS3,1.2742439679464876
RIMS1,1.2742439679464876
TMEM87B,1.272882134367044
GPR108,1.272882134367044
GPR107,1.272882134367044
TMEM87A,1.272882134367044
SLC25A29,1.2700093698504478
LOXL2,1.2684826457448186
HELZ2,1.2665331937853817
LSM12,1.2663301411755503
MIPEP,1.2662354952473327
STEEP1,1.265790615548854
CNNM3,1.2650817689735894
CNNM1,1.2650817689735894
CNNM4,1.2650817689735894
CNNM2,1.2650817689735894
FIZ1,1.2650223876998328
TOPORS,1.264035406528919
ACYP1,1.2639745504032645
TSC1,1.263951185067643
TBL1X,1.2637059719936792
TBL1Y,1.2637059719936792
TBL1XR1,1.2637059719936792
TOMM20L,1.262858577727782
TOMM20,1.262858577727782
BRD4,1.2617029454497937
KAT2B,1.2617029454497937
CECR2,1.2617029454497937
BAZ2A,1.2617029454497937
BRDT,1.2617029454497937
BAZ1A,1.2617029454497937
KAT2A,1.2617029454497937
METTL13,1.2596007311033688
CDKAL1,1.2592667695124042
NOP53,1.256533074424799
MNAT1,1.2559984853706612
MEX3C,1.252175984877497
MEX3A,1.252175984877497
CNOT8,1.2519700358185024
CNOT7,1.2519700358185024
KLF9,1.2515265538703868
KLF6,1.2515265538703868
KLF12,1.2515265538703868
KLF7,1.2515265538703868
KLF1,1.2515265538703868
KLF2,1.2515265538703868
SP8,1.2515265538703868
KLF16,1.2515265538703868
SP5,1.2515265538703868
KLF5,1.2515265538703868
KLF4,1.2515265538703868
KLF3,1.2515265538703868
KLF8,1.2515265538703868
SP7,1.2515265538703868
KLF13,1.2515265538703868
SP6,1.2515265538703868
SP9,1.2515265538703868
BCKDHB,1.2509848271614936
FAM98A,1.246452938438945
FAM98C,1.246452938438945
FAM98B,1.246452938438945
RNASET2,1.245257371422959
CHKA,1.244877412282087
CHKB,1.244877412282087
PPP1CA,1.2430443549390824
CRBN,1.2419390106087649
ZC3H12D,1.24119589752868
ZC3H12A,1.24119589752868
N4BP1,1.24119589752868
ZC3H12C,1.24119589752868
NYNRIN,1.24119589752868
KHNYN,1.24119589752868
ZC3H12B,1.24119589752868
UBASH3B,1.2379765832166638
UBASH3A,1.2379765832166638
PLEKHH1,1.237031675483446
PLEKHH2,1.237031675483446
MTOR,1.2368943748561798
MED26,1.236079059026459
GTF3C1,1.235864038091585
AP1S3,1.2310352058266336
AP1S2,1.2310352058266336
AP1S1,1.2310352058266336
SENP6,1.2306257546063728
SENP7,1.2306257546063728
UNC80,1.2302501142652178
ZC3H14,1.2287515632105377
PSME1,1.228371483833684
PSME3,1.228371483833684
PSME2,1.228371483833684
VARS1,1.227363729075737
SCAPER,1.2259147531248078
SLC28A2,1.2254223129472457
SLC28A1,1.2254223129472457
SLC28A3,1.2254223129472457
FRYL,1.2253297404524874
CBX1,1.2247448428057195
RABAC1,1.2242263551895465
ARFRP1,1.2240498330241572
B3GAT3,1.2232969408948455
TIMM8B,1.2216783812153895
RYBP,1.2208275838848113
YAF2,1.2208275838848113
PPP1R15A,1.2200298315188367
PPP1R15B,1.2200298315188367
MRPS33,1.2194381278486537
PEX16,1.219121522147167
CYLD,1.2172647892823218
NUBPL,1.2160604784366422
NVL,1.2149549829792083
NCKAP1L,1.2135539636653556
NCKAP1,1.2135539636653556
XRCC3,1.212531196958969
SELENOM,1.210492313835848
SELENOF,1.210492313835848
TRAPPC6B,1.2095151973528564
TRAPPC6A,1.2095151973528564
VPS16,1.209359139171363
EBF3,1.2093144016834143
EBF2,1.2093144016834143
EBF1,1.2093144016834143
EBF4,1.2093144016834143
CACNB2,1.2079868396532272
CACNB1,1.2079868396532272
CACNB3,1.2079868396532272
CACNB4,1.2079868396532272
UTP23,1.2067819384511476
SCG5,1.2061793077699892
GNMT,1.2060753259760526
WAPL,1.205980227473039
THG1L,1.2058562336352243
CNOT4,1.2028644584388957
SIRT7,1.202260406367016
MAIP1,1.200391572933747
RERE,1.1998760760460607
ATN1,1.1998760760460607
DNAH3,1.1997522023061011
EIF2B5,1.198936897506376
COX10,1.198635192446956
TTC12,1.1941167753286996
SUGT1,1.1941167753286996
TOMM34,1.1941167753286996
TTC32,1.1941167753286996
SGTA,1.1941167753286996
SPATA16,1.1941167753286996
UNC45B,1.1941167753286996
UNC45A,1.1941167753286996
SGTB,1.1941167753286996
TTC31,1.1941167753286996
KDM4A,1.191950509259071
KDM4D,1.191950509259071
KDM4F,1.191950509259071
KDM4B,1.191950509259071
KDM5C,1.191950509259071
KDM5A,1.191950509259071
KDM5B,1.191950509259071
KDM5D,1.191950509259071
KDM4E,1.191950509259071
SMOC2,1.1912498324627174
SMOC1,1.1912498324627174
PPP5C,1.189516076335258
TXNL4A,1.189274007889554
TXNL4B,1.189274007889554
SDHA,1.1888058788829972
TCF25,1.188383390341575
RNF7,1.1862689897005465
TTC27,1.1847882788935349
GPHA2,1.1847479061276585
AFG2B,1.1826690344003876
ACTN1,1.1801322945148416
NCAPD3,1.1800671259048945
CREB3L4,1.1788766643170148
CREB3,1.1788766643170148
ATF1,1.1788766643170148
CREB3L2,1.1788766643170148
ATF6B,1.1788766643170148
ATF6,1.1788766643170148
CREB1,1.1788766643170148
CREM,1.1788766643170148
CREB3L1,1.1788766643170148
CREB3L3,1.1788766643170148
HS3ST6,1.1752147210915591
TIMM23B,1.171516362652608
TIMM23,1.171516362652608
ELP3,1.1710517890424137
PLPBP,1.170901956881696
ZNF511,1.170098052748432
GPATCH11,1.1697621094817168
DERL2,1.1690187671350536
DERL3,1.1690187671350536
IQUB,1.1686227140279957
CREBL2,1.1677636779490514
NDUFA8,1.166767411497446
HES5,1.1660272146269857
BHLHE41,1.1660272146269857
HEY2,1.1660272146269857
BHLHE40,1.1660272146269857
HEYL,1.1660272146269857
HEY1,1.1660272146269857
HES2,1.1660272146269857
HELT,1.1660272146269857
HES3,1.1660272146269857
HES1,1.1660272146269857
HES7,1.1660272146269857
HES6,1.1660272146269857
DPAGT1,1.1649996773225495
RAP1GDS1,1.1646917850705774
TECPR2,1.1641023567181494
IMPDH1,1.1639531773657923
TNPO2,1.1634409171070788
CCNT2,1.1629707446613968
FOXB1,1.1611925620716717
THEM6,1.159939534845846
NRBF2,1.1597057235986237
ADO,1.158673542702375
ATG4C,1.158566596952968
ATG4D,1.158566596952968
FKBP6,1.15685493735434
ALKBH6,1.1556760935669093
RSPH1,1.1552990374628442
KLK1,1.154787157217258
KLK2,1.154787157217258
KLK7,1.154787157217258
KLK5,1.154787157217258
KLK11,1.154787157217258
KLK4,1.154787157217258
KLK12,1.154787157217258
PRSS54,1.154787157217258
KLK3,1.154787157217258
TMPRSS4,1.154787157217258
PRSS58,1.154787157217258
KLK8,1.154787157217258
KLK14,1.154787157217258
MAST1,1.1539806232157028
MAST2,1.1539806232157028
MAST4,1.1539806232157028
STK32A,1.1539806232157028
MAST3,1.1539806232157028
DMPK,1.1539806232157028
STK32B,1.1539806232157028
STK32C,1.1539806232157028
SGK1,1.1539806232157028
LATS2,1.1539806232157028
TRAF6,1.152018490939004
DCTN6,1.1497113843935154
MTX2,1.1479551395910557
ATPAF2,1.1473992695537296
FBXW4,1.1467479848256403
SPEN,1.1453944905495193
MEA1,1.1447429399052365
RRP8,1.1445932718794696
LSM8,1.1415703477989574
GTF2H3,1.1388299882978352
PDE12,1.138414264474229
PPEF1,1.138381337405974
PPEF2,1.138381337405974
BPTF,1.1369933070253195
CABLES2,1.135848416623161
CABLES1,1.135848416623161
GET3,1.1357178951794071
SDHC,1.134347425545928
RCC2,1.1343282359482465
BUD31,1.132678261436693
DOCK7,1.1324082308548933
DOCK9,1.1324082308548933
DOCK3,1.1324082308548933
DOCK10,1.1324082308548933
DOCK11,1.1324082308548933
TUBGCP3,1.132212680656992
COG5,1.130666988964076
DPCD,1.1294978098034298
RIC8A,1.1286287968122586
RIC8B,1.1286287968122586
USP47,1.1285393648533155
VPS33A,1.1276612796216463
SERAC1,1.1269834980129276
NRL,1.12505081379257
MAF,1.12505081379257
MAFA,1.12505081379257
MAFF,1.12505081379257
MAFB,1.12505081379257
MAFK,1.12505081379257
MAFG,1.12505081379257
NRF1,1.1240357533023877
ABHD6,1.1239188514397491
MFAP1,1.1234355888757064
CFAP157,1.1229549430281278
PTK7,1.1218806612172312
TUBB4B,1.1201328916358488
MRPS15,1.1196644602991703
MARCHF5,1.1183284705269263
BLTP2,1.118013150422362
MRPL54,1.1176796799701894
MITD1,1.1172315538719584
MGAT2,1.1167722597694505
CLEC6A,1.1165564149448153
CD209,1.1165564149448153
CLEC4D,1.1165564149448153
CLEC4G,1.1165564149448153
CLEC4A,1.1165564149448153
CLEC4M,1.1165564149448153
FCER2,1.1165564149448153
CLEC4C,1.1165564149448153
ASGR2,1.1165564149448153
CD207,1.1165564149448153
CLEC17A,1.1165564149448153
ASGR1,1.1165564149448153
CLEC10A,1.1165564149448153
RAB2A,1.112257887323416
ATP6V1G2,1.1105077505923957
ANAPC2,1.1098990096253865
GCLC,1.1090717972985904
CFAP410,1.1089640146625366
BHLHA15,1.1086050352070147
ESF1,1.1080694356243483
CDC7,1.1049549838035455
PMVK,1.104856649691489
STX8,1.1031421288512282
STX6,1.1031421288512282
STX10,1.1031421288512282
PDCL2,1.102606831536844
B3GALT4,1.1009642108094722
ABCB7,1.1005003906147113
ZBTB40,1.0988689085821115
PSMD5,1.0958324566313065
CCDC142,1.0941001837227229
DHPS,1.0936979011364254
POLR2I,1.0930987454479948
MRPL9,1.092988860618044
CCDC93,1.0904408233103196
FMR1,1.0879489797850488
FXR2,1.0879489797850488
FXR1,1.0879489797850488
ACTR2,1.0833973502422918
GRM1,1.082163465849577
GRM5,1.082163465849577
ANP32A,1.0820799864895023
ANP32E,1.0820799864895023
ANP32D,1.0820799864895023
ANP32B,1.0820799864895023
LYAR,1.081428130264538
SLC51A,1.0804874475426365
VPS35,1.0802704931907812
RNF41,1.0791299886239938
DNAI7,1.0785638787053018
INTS7,1.0783557739087166
KCTD13,1.073760340486359
KCTD10,1.073760340486359
TNFAIP1,1.073760340486359
TMEM65,1.0736951986018592
NELFB,1.0736401040301469
TIMM21,1.0711790775961103
SUMF1,1.070761616129097
PCGF3,1.0691443523215594
DLD,1.0690905738886585
TRIOBP,1.068993185470308
MPRIP,1.068993185470308
METTL1,1.0676692324541166
PDCD4,1.06717212990588
ABHD18,1.066241111294246
UBE2I,1.0640874062251982
FJX1,1.0637954960028904
CFAP20,1.063018248690449
TFIP11,1.0623052751944162
ATG5,1.061981608519195
CACNG5,1.061018696579748
CACNG7,1.061018696579748
STK11IP,1.0608890110836289
RPH3AL,1.05950384814759
NKX6-3,1.0588625363192643
NKX3-1,1.0588625363192643
NKX2-3,1.0588625363192643
NKX1-2,1.0588625363192643
NKX2-6,1.0588625363192643
NKX1-1,1.0588625363192643
NKX2-4,1.0588625363192643
NKX6-2,1.0588625363192643
NKX2-2,1.0588625363192643
NKX2-8,1.0588625363192643
NKX3-2,1.0588625363192643
NKX2-1,1.0588625363192643
NKX2-5,1.0588625363192643
NKX6-1,1.0588625363192643
HNRNPK,1.0588541386615622
TMEM18,1.0586656186634604
C9orf85,1.058515369330273
BCDIN3D,1.055833695902434
FAIM,1.055220938446834
HUS1B,1.0549917105341529
HUS1,1.0549917105341529
DEK,1.054137071336386
TMEM70,1.053499522551579
EXOC4,1.053409909310303
OGG1,1.051997723292881
CUL1,1.0519610133250334
SRP72,1.0515024755332176
XPO7,1.0496229662849133
RANBP17,1.0496229662849133
COLGALT2,1.0487421969473398
ZSCAN18,1.0487268018074307
ZNF202,1.0487268018074307
ZSCAN29,1.0487268018074307
ZNF518B,1.0487268018074307
ZSCAN5C,1.0487268018074307
PLAGL1,1.0487268018074307
ZSCAN5B,1.0487268018074307
REST,1.0487268018074307
ZSCAN32,1.0487268018074307
ZNF518A,1.0487268018074307
ZNF770,1.0487268018074307
PEG3,1.0487268018074307
ZKSCAN2,1.0487268018074307
ZNF641,1.0487268018074307
ZNF444,1.0487268018074307
ZNF576,1.0487268018074307
ZNF496,1.0487268018074307
PLAGL2,1.0487268018074307
ZNF274,1.0487268018074307
ZSCAN1,1.0487268018074307
ZNF131,1.0487268018074307
OVOL3,1.0487268018074307
ZSCAN5A,1.0487268018074307
PLAG1,1.0487268018074307
SCAND1,1.0487268018074307
ZNF446,1.0487268018074307
ZNF18,1.0487268018074307
ZNF174,1.0487268018074307
OVOL2,1.0487268018074307
WDR91,1.048705999394869
PIAS1,1.0473048075403129
PIAS4,1.0473048075403129
PIAS3,1.0473048075403129
PIAS2,1.0473048075403129
GOLGA1,1.04582534117724
MRPL12,1.0455141681466862
CIR1,1.0446077002449174
CLEC16A,1.0434040220343583
METTL18,1.0424259163039884
RRP15,1.0422866112117828
TADA3,1.040738384705576
TSPO,1.038518684211063
TSPO2,1.038518684211063
MSH2,1.0365275649523316
MEAK7,1.0357541903432328
COQ7,1.0350321633864572
VPS52,1.0342824571223748
YEATS2,1.0335955187915562
MRE11,1.0318163157736404
HSPE1,1.0307959003701828
ARHGAP28,1.0304886402936413
ARHGAP18,1.0304886402936413
ARHGAP40,1.0304886402936413
CNGA2,1.030396320992606
EDC3,1.0291749554187235
ESRRG,1.0290355172922585
NR3C1,1.0290355172922585
PGR,1.0290355172922585
ESRRB,1.0290355172922585
ESRRA,1.0290355172922585
ESR1,1.0290355172922585
NR3C2,1.0290355172922585
ESR2,1.0290355172922585
AR,1.0290355172922585
MTRF1,1.0283473404839052
MTRF1L,1.0283473404839052
ATP5F1C,1.028183993840171
THAP7,1.0272542437593235
THAP3,1.0272542437593235
THAP1,1.0272542437593235
THAP2,1.0272542437593235
THAP6,1.0272542437593235
ARL14EPL,1.0272542437593235
THAP8,1.0272542437593235
IFT52,1.0252941234985364
IFT172,1.0248437182727768
CEP104,1.0244368554378764
FLII,1.0238435338161034
SAA2,1.0201628570552177
SAAL1,1.0201628570552177
SAA4,1.0201628570552177
SAA1,1.0201628570552177
N/A,1.0176151825602755
MFF,1.0176151825602755
ATP5MF,1.0165172965515197
FOXA2,1.0154202943514437
RASSF7,1.014959270421521
RASSF8,1.014959270421521
ARIH1,1.0148070524118282
CACYBP,1.0141839349253836
SKIC3,1.0141666376850045
ZNF211,1.0132360383374042
ZNF786,1.0132360383374042
ZNF423,1.0132360383374042
ZNF521,1.0132360383374042
ZNF445,1.0132360383374042
ZNF462,1.0132360383374042
ZBTB39,1.0132360383374042
ZNF597,1.0132360383374042
HYPK,1.012033038350824
GABPB2,1.0116656476564485
TRAPPC3L,1.0114105925374934
TRAPPC3,1.0114105925374934
TULP3,1.0111624931867065
TULP1,1.0111624931867065
TULP2,1.0111624931867065
ACAT2,1.0098775002178066
THOC2,1.009511254497582
TRPA1,1.00746067507473
RTRAF,1.0067151021203025
PRAF2,1.0036694922602614
ARL6IP5,1.0036694922602614
KXD1,1.0015856785921289
RSPH6A,1.0003472194042276
RSPH4A,1.0003472194042276
CHP2,0.9997589238470064
CIB1,0.9997589238470064
CIB3,0.9997589238470064
PPP3R2,0.9997589238470064
TESC,0.9997589238470064
CIB2,0.9997589238470064
CHP1,0.9997589238470064
CIB4,0.9997589238470064
TMEM259,0.995949440199158
NCBP1,0.9951465218951824
IREB2,0.9944934577279266
POLR3B,0.994013036970358
NAA80,0.9921488613440408
NUP88,0.9914358455402312
MCM3,0.991169188502667
PIGN,0.9907111684724748
ITPR2,0.9906257471220714
RYR1,0.9906257471220714
ITPR3,0.9906257471220714
RYR2,0.9906257471220714
RYR3,0.9906257471220714
ITPR1,0.9906257471220714
MED13L,0.9899779497211506
MED13,0.9899779497211506
EBNA1BP2,0.9890128145703184
MTERF4,0.9857301744862936
FBXO10,0.985537346261484
FBXO11,0.985537346261484
CARNMT1,0.9854256367988248
AP1B1,0.9852756654517352
WFS1,0.9850384842939248
CFAP45,0.9842405811161165
JADE3,0.984167686967958
SPOCD1,0.9835753613768012
C6orf136,0.98051180677544
BRK1,0.9785724200469732
SDHD,0.9781666923151544
RAD54L2,0.9754190202398376
KLHL18,0.9751803241545348
APOOL,0.975125151204176
APOO,0.975125151204176
DNAI1,0.9747940311491454
DHODH,0.9739620839504196
DNAI2,0.9708764697446464
CSNK1G2,0.970298186534396
DYNLRB1,0.9688441913373604
DYNLRB2,0.9688441913373604
UFM1,0.9687347656494064
NFX1,0.9682394577665208
FKBP10,0.9678113957530108
FKBP7,0.9678113957530108
FKBP5,0.9678113957530108
TTC9C,0.9678113957530108
FKBP8,0.9678113957530108
AIP,0.9676079833562544
AIPL1,0.9676079833562544
ZMIZ1,0.9650657196230674
ZMIZ2,0.9650657196230674
CSNK2B,0.9629286019834826
ITGB1BP2,0.9623925641691604
UBE2V2,0.960666521982244
AGO2,0.9602005526925452
UBIAD1,0.95982485512188
ANO8,0.957471496729136
RNF34,0.9573375740962782
RFFL,0.9573375740962782
ABCF2,0.956255124146925
SNRPD2,0.9548466342868872
MTFMT,0.9542770550102506
SAMM50,0.9534051331488296
NDUFA6,0.9533493996200268
EYS,0.9525834798654902
MBD5,0.952300087185082
MBD6,0.952300087185082
FCF1,0.9522432430158192
ASIC5,0.9518201134152674
SFXN2,0.950818971425824
SRCIN1,0.9492402195117812
KIAA1217,0.9492402195117812
CACHD1,0.9486298565713712
BLCAP,0.948555074334924
HEATR3,0.9473522788382146
IFT57,0.9472335769817268
SMPDL3B,0.9468191622612686
PPP1R10,0.9463157956526502
POMT1,0.946146846884354
SOCS7,0.9439296095030216
ATP5MG,0.9437960942414304
ATP5MGL,0.9437960942414304
SLC30A10,0.9411818173596422
SLC30A8,0.9411818173596422
SLC39A10,0.940490821097832
SLC39A4,0.940490821097832
MPHOSPH10,0.9397180800935934
H6PD,0.9377681695351784
TRMT1,0.9374224190215756
MAPDA,0.9365810319471376
C15orf61,0.9358658582009028
PRSS56,0.9353332524086146
LPA,0.9353332524086146
ZBTB44,0.9347129400456552
ZNF618,0.9347129400456552
TAF1B,0.9330241933510136
SCRN1,0.9318630128285406
SCRN2,0.9318630128285406
SCRN3,0.9318630128285406
C1QBP,0.9301588992534298
VASP,0.9287031044225884
PMPCB,0.9272882417562606
MARS2,0.9272691118535498
ACTMAP,0.9269906058755866
MCTS2,0.9246680294618218
MCTS1,0.9246680294618218
TRAF4,0.924118158860732
LTN1,0.9240866718167748
AGK,0.9229166960214628
RABIF,0.9202060557369014
ZNF593,0.9180388499831718
SMAP2,0.9175556923122378
ACBD3,0.9167742035043324
TMED8,0.9167742035043324
CFAP36,0.9155153705036208
ATP1A1,0.91536974701405
LONP1,0.9145266062086456
TMEM185B,0.9144539454438338
SNX17,0.9123953016369908
ORC4,0.9106568692623928
ZFYVE9,0.9091935908573544
DNAAF10,0.907575757713331
C14orf119,0.9055092640840012
CUL2,0.905233692574378
NUP35,0.9030327838594212
CDC73,0.9023560664811476
FIBP,0.8994039574087359
DHX9,0.8991306916832082
RFT1,0.8969583225666063
ENKD1,0.8966911899262882
CCDC137,0.8956713324340467
CEP164,0.895214391199643
NUMA1,0.895214391199643
GCC2,0.895214391199643
GOLGA3,0.895214391199643
YTHDC2,0.8924715754406126
ETV4,0.8909218414709674
DPH7,0.8903845182646648
MRPS7,0.889610645407803
TADA2A,0.8888427550056044
VPS41,0.8875616691458917
NTPCR,0.8868231794212209
C1orf43,0.8836552194374736
FAM20B,0.8829768225957321
HEATR6,0.8801677027448025
UBA3,0.8771190202528324
MOSMO,0.8765705627541667
GPHN,0.8762463011379849
CFAP43,0.8760639565509676
GSK3A,0.8757893107307156
GSK3B,0.8757893107307156
NARS2,0.8746765063688786
PLXDC1,0.8744160540076593
PLXDC2,0.8744160540076593
UTP25,0.8742118432772638
RBP1,0.8736621106873007
FABP12,0.8736621106873007
RBP5,0.8736621106873007
FABP5,0.8736621106873007
CRABP1,0.8736621106873007
FABP3,0.8736621106873007
CRABP2,0.8736621106873007
RBP2,0.8736621106873007
RBP7,0.8736621106873007
PMP2,0.8736621106873007
FABP9,0.8736621106873007
FABP4,0.8736621106873007
RNF31,0.872350041694478
MICALL2,0.8723234736256289
EHBP1L1,0.8723234736256289
EHBP1,0.8723234736256289
SMTNL1,0.8723234736256289
MRPS11,0.8712956934628588
RBSN,0.871123985715942
LAPTM4B,0.8702062796221761
LAPTM4A,0.8702062796221761
LAPTM5,0.8702062796221761
TMEM41B,0.870003178755711
SLC39A9,0.8678868933926689
COX4I1,0.8672076304509285
COX4I2,0.8672076304509285
NAA20,0.8664998136257159
CUX2,0.8664869961543883
CUX1,0.8664869961543883
PPME1,0.8658110720710294
DDRGK1,0.8658028573313196
UBTD1,0.8643709705646949
UBTD2,0.8643709705646949
ANTKMT,0.8626106811342189
ATPSCKMT,0.8626106811342189
SRRD,0.860321543515422
EXOSC5,0.859283132134334
CCDC186,0.8590707463155572
STAMBPL1,0.8587633255958754
STAMBP,0.8587633255958754
COA1,0.8578930790031434
RFC2,0.8571255494352933
ZCCHC8,0.856029737816557
MAP3K12,0.855467865714981
TIMM50,0.8547270936926812
UBB,0.8521588031088039
ZNF622,0.8513039496036964
AARS1,0.8508829066684964
TMEM186,0.8506204748343691
TTPAL,0.8496768371089468
CCKBR,0.8486196622367305
CCKAR,0.8486196622367305
WDR19,0.8480851000720244
WDR6,0.8476155160671188
B3GALT6,0.8437858366057974
CYB5R4,0.8420800004878651
MTMR8,0.8408488374597863
AVPR1A,0.8402174892443316
AVPR2,0.8402174892443316
AVPR1B,0.8402174892443316
OXTR,0.8402174892443316
LENG1,0.8387235340250594
LTB4R,0.8383083888468027
SSTR4,0.8383083888468027
SSTR1,0.8383083888468027
NPBWR2,0.8383083888468027
OPRL1,0.8383083888468027
LTB4R2,0.8383083888468027
SSTR3,0.8383083888468027
OPRM1,0.8383083888468027
OPRK1,0.8383083888468027
NPBWR1,0.8383083888468027
SSTR5,0.8383083888468027
CMKLR2,0.8383083888468027
PTGDR2,0.8383083888468027
GPR149,0.8383083888468027
OPRD1,0.8383083888468027
ABCE1,0.8380792795901073
FBXO5,0.8376537758717406
FBXO43,0.8376537758717406
PPP1R8,0.8371467994239338
C3orf49,0.8362542914499961
MAU2,0.835448177576028
MRPL51,0.8334189896514501
FBXW7,0.8329429197561219
MACO1,0.8324970533506767
TBPL1,0.8289805219263744
BECN2,0.8284907202366374
BECN1,0.8284907202366374
MAK16,0.8277001000532085
RNPC3,0.8272856057862811
RBM41,0.8272856057862811
CDK20,0.8259299268062386
SAMD3,0.8254371720963337
CNKSR3,0.8254371720963337
IPCEF1,0.8254371720963337
CNKSR2,0.8254371720963337
CNKSR1,0.8254371720963337
ABCG5,0.8252406723933854
ECPAS,0.8248326002651257
LAS1L,0.8242394793893432
UBE2G1,0.8234434889724318
DMAC2L,0.8221101419664687
DCAF5,0.8220865797427767
CLASP2,0.8214702727314648
TOGARAM1,0.8214702727314648
TOGARAM2,0.8214702727314648
ID4,0.8212398268451035
ID1,0.8212398268451035
ID3,0.8212398268451035
ID2,0.8212398268451035
ARPC3,0.8201909807565625
TMEM216,0.8195329541735573
TMEM17,0.8195329541735573
TMEM80,0.8195329541735573
JMJD8,0.8183249190969872
MED21,0.81800194452327
DZIP1L,0.8171022138219568
RILP,0.8171022138219568
RILPL2,0.8171022138219568
RILPL1,0.8171022138219568
SYDE2,0.8170597367540566
SYDE1,0.8170597367540566
ST18,0.8153167959619863
IRF2BPL,0.8153167959619863
MYT1,0.8153167959619863
IRF2BP2,0.8153167959619863
MYT1L,0.8153167959619863
IRF2BP1,0.8153167959619863
CHMP2A,0.8150430752183745
PFDN2,0.813084532160156
STAG3,0.8127670920596295
STAG1,0.8127670920596295
STAG2,0.8127670920596295
POLR2B,0.8110079154551183
FARSA,0.8075804193963718
FASTKD1,0.807150268275819
SLC30A9,0.8062794686597564
SCAI,0.8062733128982061
WARS2,0.8060139718545997
SPRY4,0.8055543927303703
SPRY2,0.8055543927303703
SPRY3,0.8055543927303703
SPRY1,0.8055543927303703
LRRC30,0.8055452716164997
TRAPPC2,0.8054702243420125
CWF19L1,0.8050578918932952
RAB7A,0.8033420727865855
TOMM22,0.8025684164242635
PRIM2,0.8025212853670325
IPO11,0.7998890496337557
FRMD1,0.7997774510357978
NOL10,0.798446144680833
BLOC1S2,0.7954183998735321
SBK1,0.7935202970474106
SBK3,0.7935202970474106
PTGER1,0.7931822442683262
TBXA2R,0.7931822442683262
PTGER3,0.7931822442683262
PTGFR,0.7931822442683262
WDR83,0.7931369983684294
C1orf21,0.7919937953407896
DNAJC28,0.7910109557676475
NECAP2,0.7901788445386801
NECAP1,0.7901788445386801
PACS1,0.7891417251294954
PACS2,0.7891417251294954
AVL9,0.7889346802965878
MYG1,0.7849026471873253
AIMP2,0.784669782012969
BRSK2,0.7844113463369429
NDUFAF4,0.783845728993242
HDHD2,0.7835909472112085
RSBN1,0.7833282003665503
RSBN1L,0.7833282003665503
UNC50,0.7825442155754938
CLCN3,0.7824995251248368
CLCN2,0.7824995251248368
CLCN6,0.7824995251248368
CLCN4,0.7824995251248368
CLCN1,0.7824995251248368
CLCN5,0.7824995251248368
SNRPD3,0.7824956637217628
PPM1L,0.781647464519242
PPP2R5B,0.781305398303329
PPP2R5A,0.781305398303329
PPP2R5E,0.781305398303329
LRRC9,0.7799229144201558
LRRIQ3,0.7799229144201558
LRRC23,0.7799229144201558
LRRC61,0.7799229144201558
DRC3,0.7799229144201558
LRRC46,0.7799229144201558
LRRCC1,0.7799229144201558
LRGUK,0.7799229144201558
LRRC43,0.7799229144201558
PPP1R42,0.7799229144201558
RBM7,0.779021643184336
RBM11,0.779021643184336
HIPK3,0.7780453940308215
NIP7,0.7756512218060999
DNAH6,0.7753764617290472
AHCTF1,0.7746605084409751
NFIA,0.7743533057223689
NFIB,0.7743533057223689
NFIX,0.7743533057223689
NFIC,0.7743533057223689
EXOSC7,0.773275528213556
DRG1,0.7724950883867222
ANAPC10,0.7719922247517148
COA6,0.7718920657791724
COG2,0.771589433277887
RUVBL1,0.7712495966985036
PDRG1,0.7698933184967306
ABHD12B,0.7684868970961038
H4C11,0.7679880940404841
H4C2,0.7679880940404841
H4C8,0.7679880940404841
H4C16,0.7679880940404841
H4C14,0.7679880940404841
H4C15,0.7679880940404841
H4C3,0.7679880940404841
H4C1,0.7679880940404841
H4C9,0.7679880940404841
H4C4,0.7679880940404841
H4C5,0.7679880940404841
H4C12,0.7679880940404841
H4C6,0.7679880940404841
H4C13,0.7679880940404841
TRAF3IP3,0.7656827489155532
CCDC136,0.7656827489155532
CLNS1A,0.7645975450627333
GSX2,0.7638671017500076
ZBED6,0.7625507924817999
MAPK8IP3,0.7621526083346042
SPAG9,0.7621526083346042
CNBD2,0.7619719662859314
VHL,0.7618218965499086
VHLL,0.7618218965499086
CASD1,0.7611984512387093
CFAP126,0.7563692403970105
EIF3B,0.7559536390634587
CDK5,0.7553488562982328
NUAK1,0.7551812719147991
TSSK6,0.7551812719147991
BRSK1,0.7551812719147991
SIK1,0.7551812719147991
TSSK3,0.7551812719147991
PRKAA1,0.7551812719147991
NUAK2,0.7551812719147991
HUNK,0.7551812719147991
BUB1B,0.7542031521448174
BUB1,0.7542031521448174
SNAPC1,0.7533451083559061
HUWE1,0.7530082865444128
CEP78,0.7513717173257976
CTRB2,0.7511246946196803
CTRB1,0.7511246946196803
CTRC,0.7511246946196803
WDR35,0.75057889414341
EARS2,0.7494441347888924
COX6A2,0.7491868513836966
INTS3,0.7474116974699697
PITHD1,0.7457199223686706
MCTP1,0.7438472747628692
MCTP2,0.7438472747628692
CIAO2B,0.7437262192732397
PGAP3,0.7412528239368559
PIGF,0.7410369833623767
GLYR1,0.7408577203561788
RASA1,0.7405954438145099
B4GALT7,0.7397416724345109
SEPTIN14,0.7396778338670471
SEPTIN1,0.7396778338670471
SEPTIN11,0.7396778338670471
CENPJ,0.7379551028413318
TCP10L,0.7379551028413318
FOXC2,0.737691105791687
TNPO3,0.7373144516944584
PUS7,0.7360314561209196
ELOF1,0.7359232851354041
MRPS2,0.7336533156659855
YKT6,0.7329388514430802
PPIL4,0.7312638905856892
POLR2L,0.7311711750739289
CTDP1,0.7309449897045137
NCOA5,0.7293641572396309
POLR2J,0.7286291002292088
POLR2J2,0.7286291002292088
POLR2J3,0.7286291002292088
RAB3GAP2,0.7278682932548192
TUBGCP5,0.7278456892336461
RMC1,0.7277342720691847
ATP5F1D,0.7275924197143654
DDX49,0.727340946396092
WDR45B,0.727282091877486
CANT1,0.7260330214162951
MBTPS1,0.7258113314559886
CCT6B,0.7246166075710982
MCU,0.7231571543089884
GABPA,0.7222882141538476
TIMM44,0.720988973468161
SUPT16H,0.720560230074672
BTAF1,0.7203316376072709
LIN52,0.7189187996030133
CUL4A,0.7172571183448092
HIPK4,0.7140921312976746
GPAT3,0.7139735277942152
GPAT4,0.7139735277942152
EXOC7,0.7124371316826917
LARP1B,0.7118146331488637
LARP4B,0.7118146331488637
LARP6,0.7118146331488637
CHIC1,0.7109676051585405
CHIC2,0.7109676051585405
TBCE,0.7107887852563854
RNF10,0.7104601945347315
ALG2,0.7102316950416181
KDM1A,0.7093799199323566
ATP6V0C,0.7088467845526686
APTX,0.7071276387476706
GOLPH3,0.7069497807453651
GOLPH3L,0.7069497807453651
RBM15B,0.7066642792395555
SFPQ,0.7066642792395555
NONO,0.7066642792395555
RAVER2,0.7066642792395555
RAVER1,0.7066642792395555
RBM15,0.7066642792395555
SMPD2,0.7066097460427654
RPAP3,0.7063318193837008
ATP5PO,0.7063185248097967
AFG2A,0.7057873235572559
WASHC4,0.705755741833563
BCS1L,0.7048247493881539
RPL38,0.7043638044648136
DYNLT1,0.7043568450048086
RPAP2,0.7041338277892027
ZPR1,0.7040727284393327
RASA2,0.703897554428264
RASAL2,0.703897554428264
RASAL3,0.703897554428264
RASA4,0.703897554428264
RASAL1,0.703897554428264
SYNGAP1,0.703897554428264
RASA4B,0.703897554428264
RASA3,0.703897554428264
FAM114A2,0.7035363359323803
FAM114A1,0.7035363359323803
TRAPPC1,0.700729186624912
EXD3,0.7001751315218323
POLR2E,0.6984432398559851
EFCAB9,0.6971345271058109
CALM1,0.6971345271058109
CETN3,0.6971345271058109
CALML6,0.6971345271058109
CALM3,0.6971345271058109
CALM2,0.6971345271058109
CALML3,0.6971345271058109
EFCAB7,0.6971345271058109
NDUFAB1,0.6941692002262008
HDDC3,0.6941565316309434
CDC37L1,0.6932887954421615
CDC37,0.6932887954421615
RFX2,0.6930253514913816
RFX3,0.6930253514913816
RFX1,0.6930253514913816
ABR,0.6919107553818596
BCR,0.6919107553818596
ARID1B,0.6909136679667551
ARID1A,0.6909136679667551
MRPS26,0.6895143157566979
C22orf23,0.6884708104365654
LARS2,0.687295507398072
REXO4,0.6872490484698422
SLBP,0.6871434342608439
NR2F1,0.6858056279592661
EIF2AK3,0.6845530233362096
EIF2AK2,0.6845530233362096
WEE1,0.6845530233362096
WEE2,0.6845530233362096
EIF2AK1,0.6845530233362096
PDIK1L,0.6845530233362096
NPDC1,0.6840673975423939
UTP14A,0.6820926918606041
UTP14C,0.6820926918606041
RTF2,0.6819665536004983
ABAT,0.6817714135449109
ZNF485,0.679070874284433
ZNF721,0.679070874284433
ZFP62,0.679070874284433
ZNF664,0.679070874284433
ZNF648,0.679070874284433
ZNF808,0.679070874284433
DLST,0.6787115820612025
STK3,0.6781539280736005
CLEC1B,0.6769373731570647
CLEC2L,0.6769373731570647
KLRD1,0.6769373731570647
KLRC1,0.6769373731570647
KLRC3,0.6769373731570647
KLRF2,0.6769373731570647
KLRG2,0.6769373731570647
CLEC1A,0.6769373731570647
KLRF1,0.6769373731570647
CLEC2D,0.6769373731570647
CLEC2B,0.6769373731570647
CLEC12A,0.6769373731570647
OLR1,0.6769373731570647
CD69,0.6769373731570647
CLEC7A,0.6769373731570647
CLEC12B,0.6769373731570647
KLRC2,0.6769373731570647
CLEC2A,0.6769373731570647
KLRC4,0.6769373731570647
CLEC5A,0.6769373731570647
KLRB1,0.6769373731570647
CLEC9A,0.6769373731570647
MYLIP,0.676871730849797
CDC25A,0.6711639013259212
MSL3B,0.6699266122552837
MSL3,0.6699266122552837
DCUN1D5,0.6696840390626975
DCUN1D1,0.6696840390626975
DCUN1D2,0.6696840390626975
DCUN1D4,0.6696840390626975
P4HA2,0.6689863538103604
P4HA1,0.6689863538103604
TMEM30A,0.6674504539083096
TMEM30B,0.6674504539083096
UPF1,0.6669816997532056
C12orf57,0.6662276143212669
NR2E3,0.6661936529974944
BANK1,0.6654617063885784
PIK3AP1,0.6654617063885784
PDPK1,0.6651587756796066
MAK,0.6632317359147019
CNIH2,0.6625380977392546
CNIH3,0.6625380977392546
CNIH1,0.6625380977392546
SNX16,0.6621574422718332
CSNK1A1,0.6616847047676666
ZNF200,0.6603980116588765
ZNF532,0.6603980116588765
KRBOX1,0.6603980116588765
PIGA,0.6603960156786723
CCNB3,0.659779271542278
NCBP2L,0.6587521277796354
NCBP2,0.6587521277796354
TRAPPC13,0.658537949353163
TRAPPC8,0.6574401967951635
BCAR1,0.6569264690442785
CASS4,0.6569264690442785
EFS,0.6569264690442785
NEDD9,0.6569264690442785
RNF25,0.6564514404780977
CSNK2A3,0.6555713762349674
CSNK2A1,0.6555713762349674
CSNK2A2,0.6555713762349674
VPS53,0.6555326245133258
RPL5,0.6551065523701161
MED14,0.6544854705658356
MIDN,0.6529735682092196
CLUAP1,0.6523498333961811
DUS2,0.6516748627417934
ZMAT5,0.6504772834088305
HELZ,0.6497015828208793
CTTNBP2NL,0.6494288545271211
PUS1,0.6484778421385332
GGCX,0.6478375501155035
VPS50,0.6472276246571631
RFX7,0.6470992801974264
RFX5,0.6470992801974264
C1orf50,0.6458657323221757
TCTE1,0.6451621268231483
CAPN15,0.6451425109442946
UBOX5,0.6432881224867862
B3GLCT,0.6423834514184111
MTFP1,0.641607161083833
CRK,0.6410872710496246
CRKL,0.6410872710496246
CISD1,0.6395983967389398
CISD2,0.6395983967389398
PINK1,0.6381746795035839
CCDC124,0.6371856585637252
ADH5,0.6362887440374916
VAT1L,0.6362887440374916
ADH6,0.6362887440374916
ADH1A,0.6362887440374916
ADH1C,0.6362887440374916
ADH1B,0.6362887440374916
VAT1,0.6362887440374916
ADH4,0.6362887440374916
ADH7,0.6362887440374916
ATF7IP,0.6362574451917202
ATF7IP2,0.6362574451917202
RER1,0.6349532840061729
RNGTT,0.6347243338929331
NSUN4,0.63410721292966
PTS,0.6331641671376067
UPRT,0.6312245757815219
SMU1,0.6308886475513225
SPAG7,0.6307518612053389
CCDC86,0.6307488471328807
CCT2,0.6303588841575786
CFAP299,0.6295581485450267
SCML2,0.6289054593605526
SAMD13,0.6289054593605526
SCML4,0.6289054593605526
SFMBT1,0.6289054593605526
SAMD7,0.6289054593605526
SFMBT2,0.6289054593605526
L3MBTL1,0.6289054593605526
SAMD11,0.6289054593605526
THAP10,0.6289054593605526
SCML1,0.6289054593605526
PHC1,0.6289054593605526
L3MBTL3,0.6289054593605526
L3MBTL4,0.6289054593605526
SCMH1,0.6289054593605526
PHC2,0.6289054593605526
SART1,0.6283836980023718
VAX1,0.6282370083371049
PRPF31,0.6273714966083809
DSCC1,0.6260575185005821
BRPF3,0.624097185216683
BRPF1,0.624097185216683
BRD1,0.624097185216683
JADE2,0.624097185216683
MLLT10,0.624097185216683
EXOC3,0.6235666214266024
EEF2,0.6233518307382888
DPP7,0.622262147377571
PRSS16,0.622262147377571
CUTC,0.6211968490479289
GPATCH4,0.6197260666647694
INTS9,0.6184435259405694
NDUFA11,0.6159809582010092
ACSF3,0.6154040535166048
GTF2H4,0.6139681549749714
SH3BP5,0.6134980274297935
SMG1,0.6129879636130917
SF3A2,0.6124421792272847
PYGO2,0.6120743546212146
PYGO1,0.6120743546212146
SUCO,0.6120579224251241
ENGASE,0.6111010245935665
DDA1,0.6109244044437439
UBE4B,0.6093386834516741
CHMP6,0.6088591580532527
MTF2,0.6088581179857065
PHF19,0.6088581179857065
PHF1,0.6088581179857065
DNTTIP2,0.6082618922971736
SGCG,0.6064436035365751
SGCZ,0.6064436035365751
SGCD,0.6064436035365751
ASB18,0.6062142744688273
GFM1,0.6050306360559375
DAZAP1,0.6048862240604601
ZNF609,0.6039449781124088
ZNF608,0.6039449781124088
PPP2R1A,0.6022867449065367
PPP2R1B,0.6022867449065367
WRAP53,0.6020803910342777
CCDC6,0.6011607639011016
ZER1,0.6010852544057008
RAB4B,0.6003805194231017
ARHGAP6,0.5997154651297899
ARHGAP36,0.5997154651297899
MON1B,0.5989303799606295
MON1A,0.5989303799606295
PCCB,0.597116476069363
SESN2,0.5964216587578106
SESN1,0.5964216587578106
SESN3,0.5964216587578106
SGPL1,0.5958929321933908
VPS8,0.5942520087160177
CCT7,0.5941054823636301
RPAP1,0.5935166214854106
DUS3L,0.5933812780540179
CNEP1R1,0.5903143355393659
SPOUT1,0.5893298747656253
LSG1,0.58771247647545
DHX33,0.5877010476754702
STK36,0.587656305372275
SDHAF3,0.5864082518286209
HRAS,0.5854922163571901
RINL,0.585020072851515
VPS9D1,0.585020072851515
RIN1,0.585020072851515
RIN3,0.585020072851515
RIN2,0.585020072851515
HMGCR,0.5838863272995426
CCDC97,0.5822021931291981
TWNK,0.5812299954474525
ZNF800,0.580707979277724
TMPRSS11E,0.5804018490154965
PRSS41,0.5804018490154965
TMPRSS9,0.5804018490154965
PRSS21,0.5804018490154965
TMPRSS5,0.5804018490154965
TMPRSS3,0.5804018490154965
TMPRSS7,0.5804018490154965
TMPRSS11D,0.5804018490154965
ST14,0.5804018490154965
TMPRSS6,0.5804018490154965
TMPRSS13,0.5804018490154965
TMPRSS15,0.5804018490154965
HPN,0.5804018490154965
TMPRSS11B,0.5804018490154965
TMPRSS11A,0.5804018490154965
TMPRSS2,0.5804018490154965
PRSS22,0.5804018490154965
TMPRSS11F,0.5804018490154965
RNF220,0.5797498965811533
SMARCAD1,0.5793717945897853
CAPN9,0.5789845038250574
GLO1,0.5780009809518845
INTS15,0.5768345086149254
INPP1,0.5766922589095426
MRRF,0.5762633012721182
HPS1,0.576111719565009
SELENOH,0.5742844804148247
FAM193B,0.5736742078365222
FAM193A,0.5736742078365222
TSR3,0.5713983335659626
DHH,0.5703850923004041
EXOSC10,0.5700256408634866
NFYB,0.5693796291937386
NEXN,0.5649194333986666
NDUFB3,0.5640399899281952
NUP160,0.5638845384164516
RAD9A,0.5601610327812218
RAD9B,0.5601610327812218
TSEN34,0.5588830813470608
PLP1,0.5580153504829939
GPM6B,0.5580153504829939
GPM6A,0.5580153504829939
SLC39A5,0.556256491062921
SLC39A12,0.556256491062921
GSS,0.5561186583606178
CWC27,0.5559989946901814
TMEM170A,0.555992267773957
TMEM170B,0.555992267773957
YPEL2,0.5546880880695403
CYFIP1,0.5534222308053348
CYFIP2,0.5534222308053348
PRPF38A,0.5503875241677441
DNAJC25,0.5503006290621089
BAG2,0.548823376305583
CFAP298,0.5481195593926654
EXOSC1,0.5475467638608207
GPR89B,0.5467558604529625
GPR89A,0.5467558604529625
NCLN,0.5465974067139622
HSPA1B,0.5452029194893464
HSPA4L,0.5452029194893464
HSPA8,0.5452029194893464
HSPA4,0.5452029194893464
HSPH1,0.5452029194893464
HSPA1A,0.5452029194893464
HSPA1L,0.5452029194893464
HSPA6,0.5452029194893464
ALAS2,0.543731823426588
YARS2,0.5433809929314349
UFL1,0.543203451077649
QTRT1,0.5418782828266324
SMG9,0.5418627848262513
CIC,0.5405926355265459
CSGALNACT1,0.5405502989020313
CSGALNACT2,0.5405502989020313
DTYMK,0.5402465157629839
CMPK2,0.5402465157629839
SRSF7,0.539078434566928
SRSF3,0.539078434566928
GTF2E2,0.536068110341226
ABLIM3,0.534826667767996
ABLIM1,0.534826667767996
DMTN,0.534826667767996
ABLIM2,0.534826667767996
PAXBP1,0.5315096489403691
GCFC2,0.5315096489403691
LMLN,0.5313414315710896
OXA1L,0.5301702780335626
NUP42,0.5290412177601502
HID1,0.5288398754798784
TRMT10C,0.528331016163549
NELFA,0.5280264185322368
MGRN1,0.5278963273427
RNF157,0.5278963273427
BLOC1S4,0.5276649158257426
BCAS4,0.5276649158257426
TUBGCP2,0.5270814502651848
TSEN2,0.525641522260527
OSER1,0.5255294433695926
NDUFS6,0.524700210036078
CKMT1A,0.5244877109507512
CKMT1B,0.5244877109507512
CKMT2,0.5244877109507512
TM2D3,0.5243899246991839
HEXIM1,0.5231409857574247
HEXIM2,0.5231409857574247
SMS,0.5207364210169992
AKAP10,0.5205214097871009
ZNF830,0.5204902193438808
LPCAT4,0.5199993278531764
MED12,0.5186068909888809
MED12L,0.5186068909888809
TMEM223,0.518383843123492
GINS3,0.5178178677887116
PINX1,0.5167225113204309
CHMP1B,0.5157973528567664
BBS1,0.5132245107010845
BTF3L4,0.5113393131599385
NDUFV1,0.5104583946155968
RFC1,0.5103312983179605
PAPOLA,0.5099778455225641
PAPOLB,0.5099778455225641
YIPF1,0.50982499848864
YIPF2,0.50982499848864
CHMP4B,0.5082201939265241
CHMP4BP1,0.5082201939265241
RRAGA,0.5078030064762362
RRAGB,0.5078030064762362
AKAP1,0.5075816101622216
SF3B1,0.5074054609252353
LARP4,0.5035369392407184
LARP1,0.5035369392407184
CBS,0.5023854772399894
IBA57,0.5012064282855441
EIF4G2,0.5011919253766577
CSTF3,0.4981062144027138
TTC8,0.4972185445779507
COPA,0.4972144309952909
PDSS1,0.4960105105938894
DCP1B,0.4958071850107967
DCP1A,0.4958071850107967
SAMD8,0.4958003551948126
RPS3A,0.4945039311922103
VPS51,0.4939403879943582
PUS3,0.4937095285373041
NDUFB7,0.4932123967618771
ATXN7L3B,0.4924979745622558
TM9SF4,0.4922560617847293
TSSC4,0.4912061829403826
RSPH3,0.4898244156504776
ELOA,0.4890499532661203
ELOA2,0.4890499532661203
TPGS2,0.4884273732177136
HSPA14,0.4876883388233349
TFAP2C,0.4867582231895089
TFAP2E,0.4867582231895089
TFAP2B,0.4867582231895089
TFAP2D,0.4867582231895089
TFAP2A,0.4867582231895089
POLE2,0.4855296885830041
VPS18,0.4852835631842803
ARPC2,0.4847442555865924
ICE1,0.4835287278703474
PAFAH1B3,0.4835287278703474
PAFAH1B2,0.4835287278703474
JTB,0.4813329325841348
RAB3GAP1,0.4796539350479681
TAF6,0.4794045328849232
ZDHHC22,0.4784656811618751
METTL16,0.4769573929422442
DBX1,0.4766747051055166
CIAO3,0.4765698097764014
NARF,0.4765698097764014
REV1,0.4759483697295881
PEX7,0.4753381807974526
TEKT1,0.4748431919916352
TTLL13,0.4721523006040901
BRD8,0.4708700941580085
DIPK2A,0.4698563066451229
DIPK2B,0.4698563066451229
UMPS,0.4697531733429652
JOSD1,0.4694353166340177
JOSD2,0.4694353166340177
SEPTIN7,0.4687746145231503
SNRK,0.4686202159884987
TSSK2,0.4686202159884987
SPRTN,0.4684449884401813
RFC4,0.4677296602036925
SHROOM4,0.467435180643718
SHROOM3,0.467435180643718
SHROOM1,0.467435180643718
SMC4,0.4655082078536733
MEAF6,0.4645595658240418
PIEZO1,0.4638781076450503
PIEZO2,0.4638781076450503
SCOC,0.4636510965794805
CHML,0.4631078366498173
CHM,0.4631078366498173
ELP2,0.4624905351604835
SPATA18,0.4621480391816557
CISD3,0.4619094263668648
COPS2,0.4617375430154398
SPEG,0.4609749808709582
KLC1,0.4608950507204688
TMEM131,0.4591295268298425
TMEM131L,0.4591295268298425
ERN2,0.4588815719736134
CHCHD1,0.4586212510038684
RBM25,0.4565163942039567
SGF29,0.4561710682323051
ASXL2,0.4545559515286501
ASXL1,0.4545559515286501
ASXL3,0.4545559515286501
MLST8,0.4543839258462568
TLN1,0.4539078149026092
TLN2,0.4539078149026092
TLNRD1,0.4539078149026092
FBXL14,0.4521346154385172
TVP23B,0.450933217803535
TVP23A,0.450933217803535
TVP23C,0.450933217803535
STAU1,0.4478997268885101
ILF3,0.4478997268885101
PRKRA,0.4478997268885101
STRBP,0.4478997268885101
ADAD1,0.4478997268885101
ADARB1,0.4478997268885101
ADAT1,0.4478997268885101
TARBP2,0.4478997268885101
STAU2,0.4478997268885101
ZFR,0.4478997268885101
ADARB2,0.4478997268885101
ZFR2,0.4478997268885101
ADAR,0.4478997268885101
NDUFB10,0.4476314217835039
DCP2,0.4471099609576948
MAEA,0.4468653624701889
STK38,0.4464694382577629
STK38L,0.4464694382577629
ING5,0.4458482994165317
EMG1,0.4439821232212092
DGCR8,0.4436823031861892
ACSF2,0.4432336340135708
ASF1A,0.4425658024008125
ASF1B,0.4425658024008125
COX11,0.4391363770278486
NDNF,0.4389379234848749
FTMT,0.4383597567407664
FTHL17,0.4383597567407664
FTL,0.4383597567407664
FNTB,0.4352796716654668
NOP14,0.4347860951987519
GLS2,0.4347254144430337
GLS,0.4347254144430337
WWOX,0.4343743450571177
ABHD16B,0.4337189172355435
ABHD16A,0.4337189172355435
PEX19,0.4331461387300453
PDE2A,0.4324881374290076
PRELID3A,0.4321131074038579
PRELID3B,0.4321131074038579
VPS35L,0.4284396597124099
EFCAB2,0.4261206133031848
TCF20,0.426013033657413
RAI1,0.426013033657413
DENR,0.4255849590595439
LSM5,0.4255561494074126
SPATA17,0.4255078553371725
TAGAP,0.4228849392372169
ARHGAP20,0.4228849392372169
MED4,0.4217602241277521
NAA50,0.4217492466321033
PPP1R2C,0.4216127864589813
CDC6,0.419988560467784
SUPT20HL1,0.4191253245387871
SUPT20H,0.4191253245387871
SUPT20HL2,0.4191253245387871
PHYHD1,0.4187174173826692
SDC1,0.4180126703487759
SDC4,0.4180126703487759
SDC2,0.4180126703487759
SDC3,0.4180126703487759
PLD6,0.4179342241764703
SIK2,0.4177115735092468
AMPD2,0.4172582164346041
MRPL28,0.4165065395276383
TRIT1,0.4164256407093291
TFDP1,0.4162525655246066
TFDP3,0.4162525655246066
TFDP2,0.4162525655246066
UBE3B,0.4146867931936724
ZNF236,0.4111058764403129
HDAC11,0.4107863806076866
OGA,0.4096298762160308
RAB27A,0.4092503683854954
NDUFB4,0.4081228264576974
SLC25A26,0.4072434971885955
POLR2F,0.407084612397627
ZDHHC16,0.4055910422460693
PFDN1,0.4052902467836017
METTL14,0.4047268563103663
DFFB,0.4039315511021171
ZDHHC6,0.4038282853037475
NME6,0.4035719912926135
SHANK2,0.4025480130732404
SHANK1,0.4025480130732404
SHANK3,0.4025480130732404
TM9SF2,0.4021164158982179
GPS1,0.401965447842788
C19orf47,0.4015070478157316
TRPM7,0.4014959065368763
TRPM3,0.4014959065368763
TRPM1,0.4014959065368763
TRPM4,0.4014959065368763
TRPM8,0.4014959065368763
TRPM6,0.4014959065368763
TRPM5,0.4014959065368763
ARID3A,0.3992443167177552
ARID3B,0.3992443167177552
ARID3C,0.3992443167177552
SRPRA,0.3990560953272206
WDR44,0.3986796433392974
SETD4,0.3970018023682264
TRMT44,0.3967571383963735
GDPGP1,0.3959168094294098
PIF1,0.3954241428089725
LSM2,0.3948356305545052
CLPP,0.3931479455535646
REPIN1,0.393081675299565
TATDN1,0.3921248653392122
CARS2,0.3907510703974944
EIF3G,0.3905881291480753
SCAF8,0.3895986378811095
SCAF4,0.3895986378811095
FAM32A,0.3887315226646473
TAF5L,0.3876616361045411
NCDN,0.386571598733246
GPKOW,0.3853023542467858
TEKT5,0.3831390605267558
TEKT3,0.3831390605267558
STXBP6,0.3829338573159988
EXOC1L,0.3829338573159988
EXOC1,0.3829338573159988
TECPR1,0.3828919665229535
WBP2,0.3815434108583302
WBP2NL,0.3815434108583302
MCAT,0.3813286464571393
TMEM9,0.3813232984257169
TMEM9B,0.3813232984257169
TMEM147,0.3812416389154306
CFAP44,0.3802070993349263
GPN3,0.3798106242252055
INTS1,0.3794932321163887
PAQR3,0.3786270220733317
TESMIN,0.3783094931436129
GMCL1,0.3773701683809692
BTBD16,0.3773701683809692
C10orf120,0.3773701683809692
GMCL2,0.3773701683809692
API5,0.3759751976911694
GABARAP,0.3752030134614938
MAX,0.3741475852233803
SCAF1,0.3726761124073542
PHRF1,0.3726761124073542
SCAF11,0.3726761124073542
CCDC65,0.370738076343291
PHF20,0.3693501691311353
PHF20L1,0.3693501691311353
EIF2B2,0.3686472788929288
PPP1R14C,0.3675431432083483
PPP1R14D,0.3675431432083483
PPP1R14B,0.3675431432083483
PPP1R14A,0.3675431432083483
CD200,0.3675340449416468
CADM4,0.3675340449416468
NECTIN4,0.3675340449416468
NECTIN3,0.3675340449416468
CRTAM,0.3675340449416468
NCR3,0.3675340449416468
CD226,0.3675340449416468
PVR,0.3675340449416468
NECTIN2,0.3675340449416468
SMAGP,0.3675340449416468
CADM2,0.3675340449416468
CADM1,0.3675340449416468
TIGIT,0.3675340449416468
CADM3,0.3675340449416468
NECTIN1,0.3675340449416468
CFAP52,0.3666316526165426
PBK,0.3651263399253664
TRMT61A,0.3638214247808926
MYEF2,0.3637039909905378
HNRNPM,0.3637039909905378
DHX16,0.363617470847612
EIPR1,0.3626922623614351
TMEM33,0.3622072193037768
NDUFAF3,0.362004198800839
TXNRD3,0.3618600097525814
TXNRD1,0.3618600097525814
AIFM3,0.3618600097525814
HAUS6,0.3612282318589258
PSMF1,0.3604980685167472
EMC4,0.3600442856616043
MKX,0.3587225014670716
SUPT4H1,0.3579583423019996
NDUFB9,0.3579491908649899
FKBP3,0.3564241800484893
FAM210B,0.3559855925266975
KIF12,0.3553273833686908
BIN3,0.3552786069759873
CRHBP,0.3522454778408466
ASCC2,0.3520971300654999
DRG2,0.3520450564969021
BORCS8,0.3502593016368593
CCDC170,0.3500541615910911
LAMTOR3,0.3490865325092741
MRPS18B,0.3464973841382746
TIMMDC1,0.3448206008235036
RNASEH1,0.3442247098585979
PRKX,0.3434416547576185
POLR2A,0.3425212675072668
XAB2,0.3417003118621859
MRPS18A,0.3416459020650859
STK25,0.3415969718912857
STK24,0.3415969718912857
SREK1,0.3415845393880453
SRSF11,0.3415845393880453
SPIRE1,0.3415682950066698
SPIRE2,0.3415682950066698
PRP4K,0.3405246893927228
CASZ1,0.3395780124579366
SPNS3,0.3395039010233541
SPNS1,0.3395039010233541
SPNS2,0.3395039010233541
TEX13A,0.3393278948404314
TEX13B,0.3393278948404314
TEX13D,0.3393278948404314
TEX13C,0.3393278948404314
HTATSF1,0.3392035473698051
KRR1,0.3390628428620001
SPTSSA,0.3383715792071868
SPTSSB,0.3383715792071868
RHPN2,0.3382316409555321
RHPN1,0.3382316409555321
GCH1,0.3378447367975172
ILF2,0.3349561451637696
SMG8,0.3344692034222366
PIGC,0.3339497855798576
NDUFA2,0.3305584070734486
PHIP,0.3302394277132959
BRWD3,0.3302394277132959
BRWD1,0.3302394277132959
UBA5,0.3300085792679721
TTC19,0.329798641235151
NRDE2,0.3292607713092481
ATP13A1,0.3291342801155822
SYS1,0.3289358294092195
DESI1,0.3288917000246739
DNAJC19,0.3282019024676271
DNAJC15,0.3282019024676271
CPHXL2,0.3272714432982094
EN1,0.3272714432982094
CPHXL,0.3272714432982094
CTDNEP1,0.3270114272834378
COA8,0.3259995425997931
UNC119B,0.3253456575659616
UNC119,0.3253456575659616
GTF2A2,0.3244415251081057
CPTP,0.3241467314142052
PLEKHA3,0.3241467314142052
GLTP,0.3241467314142052
PLEKHA8,0.3241467314142052
SHQ1,0.3237443703920665
NPC1,0.3224974681121403
PIGV,0.3220751666898897
HSPB1,0.3216471069129782
DIS3L2,0.3146877671110212
ANKRD22,0.3141670500539445
TONSL,0.3141670500539445
PLA2G6,0.3141670500539445
POU2AF1,0.3133723805450206
PBRM1,0.3133114603142463
DCTN4,0.3122367275235013
ULK3,0.3121493771868084
ELAC2,0.3121303774835831
NAB1,0.3117138337459356
NAB2,0.3117138337459356
PMS2,0.3115723977757106
UROS,0.3115085839651113
G3BP1,0.3114231040185223
G3BP2,0.3114231040185223
BNIP1,0.3113772809291892
DNAH10,0.3112825902610479
SND1,0.3099942861689204
CACNA2D1,0.307620818548296
CACNA2D3,0.307620818548296
CACNA2D4,0.307620818548296
CACNA2D2,0.307620818548296
RIF1,0.3062970382999794
EFTUD2,0.3052506683565343
SLC25A21,0.3050422234157733
LFNG,0.3048634289590789
MFNG,0.3048634289590789
RFNG,0.3048634289590789
ACTR5,0.30205815368894
MBLAC1,0.3005617977837168
NUP98,0.3001785135100323
SINHCAF,0.2993342046159468
ST7L,0.2992390674097661
ST7,0.2992390674097661
DGCR6,0.2987300106685479
DGCR6L,0.2987300106685479
KDM3B,0.2981864590301964
HR,0.2981864590301964
KDM3A,0.2981864590301964
JMJD1C,0.2981864590301964
SLC25A32,0.2973422852288412
TDRD9,0.2963641544261032
AFF1,0.2960530419541061
AFF2,0.2960530419541061
AFF4,0.2960530419541061
AFF3,0.2960530419541061
NPTN,0.295856342093295
VSTM2L,0.295856342093295
EMB,0.295856342093295
BSG,0.295856342093295
CPSF1,0.2958209887027169
TBC1D31,0.2928252634064537
DCAF15,0.2915958611716616
CCT8,0.2913683656253549
EXOSC9,0.2910731181679722
RWDD4,0.2904321807965885
LIG1,0.2902184257390812
MOB3A,0.2884252306157335
MOB3B,0.2884252306157335
MOB3C,0.2884252306157335
DAXX,0.287692813552808
KCNT1,0.2855222158066519
KCNT2,0.2855222158066519
KCNMA1,0.2855222158066519
KCNU1,0.2855222158066519
NLE1,0.2854176419853837
VPS25,0.2852469732129788
PHAF1,0.2843085369184057
CASC3,0.2840819801359467
TMEM165,0.2807865927176446
NUBP2,0.2793648455797712
TMEM129,0.2784277986473839
YIPF6,0.2777890200955644
UTP3,0.2777086898563345
VCF1,0.2764352896827567
ZGPAT,0.2762510307997737
LIME1,0.2762510307997737
HAPSTR2,0.2728347416529065
HAPSTR1,0.2728347416529065
ISCA2,0.2714721921044264
RIOK1,0.2709851167511089
ECSIT,0.2705877350911126
SNF8,0.2702281695855933
TRUB2,0.2699050967227353
MT-ATP6,0.2692346210699378
UEVLD,0.2663132622343109
TSG101,0.2663132622343109
XPA,0.2662970856280257
GATAD2B,0.2661626422902794
GATAD2A,0.2661626422902794
UBE3A,0.2650122179593427
IFT56,0.2643728521184731
SNRNP40,0.2638939321940876
COG4,0.2636881492880437
SNRPG,0.2620385196583958
KCNH5,0.2620202348408087
RIBC2,0.2613061711438098
RIBC1,0.2613061711438098
TPK1,0.2610411889291577
EXOSC4,0.2587861744343752
GXYLT2,0.2579568127267079
B4GAT1,0.2579568127267079
BRD3,0.257136920329689
BRD2,0.257136920329689
PHB1,0.2531181299738293
TNRC18,0.2525730351147649
BAHD1,0.2525730351147649
BAHCC1,0.2525730351147649
DRC1,0.252054534678114
HPSE,0.2518032370192596
HPSE2,0.2518032370192596
MRPL40,0.2517081783133208
ALKBH4,0.251393447224463
MRPS23,0.2503631144853022
CREBRF,0.2499036695188517
CBLC,0.2494414863616577
POU1F1,0.249013348781055
POU3F2,0.249013348781055
HDX,0.249013348781055
POU6F2,0.249013348781055
POU3F3,0.249013348781055
POU4F1,0.249013348781055
POU2F1,0.249013348781055
NIM1K,0.2486712281483243
DBNDD2,0.2478971419617843
DBNDD1,0.2478971419617843
DTNBP1,0.2478971419617843
AQP12B,0.247550963074057
AQP12A,0.247550963074057
AQP11,0.247550963074057
HLCS,0.2472560751430942
H3Y2,0.2457381981909974
H3-5,0.2457381981909974
H3Y1,0.2457381981909974
ZDHHC3,0.2447301348865802
WDR18,0.2444030227903824
MASTL,0.2428153357229651
ABCF1,0.2414447263770521
TUFM,0.2413322275107721
RHCG,0.2400356351283714
RHCE,0.2400356351283714
RHBG,0.2400356351283714
RHAG,0.2400356351283714
RHD,0.2400356351283714
VAC14,0.2385301882336093
PEAR1,0.2384195756902113
DLK1,0.2384195756902113
LIPE,0.2377255601965007
WDR89,0.237284062024364
PIGQ,0.2370516896605035
CWC25,0.2369830253708835
SPTAN1,0.2358093407855169
TDRD5,0.2349414843141769
CNOT10,0.2344756290356348
BAG6,0.2341002970314231
GPR150,0.2321560273090353
GNRHR,0.2321560273090353
GPR22,0.2321560273090353
QRFPR,0.2321560273090353
FFAR4,0.2321560273090353
SACM1L,0.2307629809414106
AP3M2,0.2300132213186872
KIAA2013,0.2270223614121353
SLU7,0.2262913321015567
TRAPPC9,0.226086732435421
MRPL22,0.226071359141478
ZNF287,0.2235820088467896
POLG,0.2228518956572908
TDG,0.2216221191752848
HERC2,0.2208587456922283
MDH2,0.2203794245053549
GAS2L2,0.2202401594005702
NSUN5,0.219485720378193
CCNK,0.2159539707242196
CYC1,0.2155417601000191
AGBL4,0.2150017239153673
TIMM29,0.2130874358180559
POLR1H,0.2111233456719885
PRMT2,0.2102500806964132
ASMTL,0.209885460433029
CHEK1,0.2098293114706042
THOC1,0.2081936689799663
PAX1,0.2079158952510076
CORO1C,0.2071612126627321
CORO6,0.2071612126627321
CORO2A,0.2071612126627321
CORO2B,0.2071612126627321
CORO1B,0.2071612126627321
CORO1A,0.2071612126627321
SRP68,0.2037938375967895
BORCS5,0.2034562618913859
RALGAPA1,0.1995474256956289
LRRC49,0.1982773704745016
SAMHD1,0.1977743360581486
MRPS25,0.1963050841638122
ABCD2,0.1961233775393725
ABCD1,0.1961233775393725
ABCD4,0.1961233775393725
NR2C2AP,0.1952789789086938
USE1,0.1938837246081681
MRM2,0.1925318319687786
MESP1,0.1922538412301199
MESP2,0.1922538412301199
MSGN1,0.1922538412301199
CCDC25,0.1909628892280164
UBAP1,0.1890335052273139
UBAP1L,0.1890335052273139
COQ3,0.1884310565255729
WDR46,0.1881243310166203
TOP3B,0.1877697094901259
FOCAD,0.186831662273814
CFAP161,0.1865771445804722
NLN,0.1864691352079427
THOP1,0.1864691352079427
UTP11,0.1852298908261889
NDUFB8,0.1847419468114288
TIPIN,0.1846853780318076
HS2ST1,0.1824319996590474
SON,0.1817578199545882
DAG1,0.1814051077753329
CC2D1B,0.1808899549915174
CC2D1A,0.1808899549915174
PCYT1B,0.1795146873071946
PCYT1A,0.1795146873071946
ALG5,0.1792787215384399
TBRG1,0.1764195523093784
GSKIP,0.176096128365966
MRPL39,0.1737871520272677
SAP130,0.1735798093314852
BBS9,0.173038478648209
RAB8B,0.1729162466088887
GPN1,0.1727174385413166
SF3B4,0.1726225143696102
RCHY1,0.1720082173737914
MRPS27,0.1694829125294543
USO1,0.1663277260211852
EMC9,0.165513667665564
EMC8,0.165513667665564
ABCF3,0.1648757507957241
COMMD3,0.1645624906410661
ELMOD2,0.1636662602095815
SEC14L1,0.1630437281707252
MRPS14,0.1624317289453321
PIGW,0.160228373372614
FXN,0.1599301720692307
PSD,0.1598117321334253
CCS,0.1582849264072461
RAD51,0.1567218684691116
ZNHIT3,0.1558826407326496
TMCO6,0.1553382977789124
LSM14B,0.1552752462462016
LSM14A,0.1552752462462016
PTPN2,0.1538901411071491
RPGR,0.1510666920197711
SERGEF,0.1510666920197711
ALS2,0.1510666920197711
RCC1,0.1510666920197711
HERC1,0.1510666920197711
RCBTB1,0.1510666920197711
RCBTB2,0.1510666920197711
SNX3,0.1489758927936863
SNX12,0.1489758927936863
ZFAT,0.1486076119902088
MMS19,0.1481576198965134
AASDHPPT,0.1477883937964209
TMEM267,0.1470595888136699
NUP107,0.1461485715742745
ATP6AP2,0.1443141428008777
PBDC1,0.1423760880102826
TSFM,0.1414948355334004
ANAPC4,0.1411060853874607
MRPL49,0.1399802537794722
LMBR1,0.1395847947001336
LMBR1L,0.1395847947001336
RUNX2,0.1392844976706009
RUNX3,0.1392844976706009
CARM1,0.1391283724554479
GTF3C5,0.1382517845957407
TEAD1,0.1381409960721614
TEAD4,0.1381409960721614
TEAD3,0.1381409960721614
TEAD2,0.1381409960721614
BCCIP,0.1373501398792827
EIF3A,0.1366508372205838
TMEM43,0.1357005598196672
RCAN2,0.1356177647130085
RCAN1,0.1356177647130085
RCAN3,0.1356177647130085
GOLT1B,0.1332592893002684
GOLT1A,0.1332592893002684
PIGX,0.133248403227798
FDXR,0.1319243463884973
PNKP,0.128693982512412
DCTN5,0.1278925699480707
VPS13A,0.1271853379863717
VPS13C,0.1271853379863717
ARHGAP30,0.125807143835347
ARHGAP31,0.125807143835347
ARHGAP32,0.125807143835347
ARHGAP33,0.125807143835347
RAD17,0.1257620927677735
SRP54,0.1239944627762007
SYF2,0.123616406964891
TRAPPC2L,0.1235268751410952
EI24,0.1233763246706524
PRPF39,0.1232694195485327
BLTP1,0.1219936036543629
EIF4A3,0.1203647287842549
NXT1,0.1181310048610199
NXT2,0.1181310048610199
COQ6,0.1180479757676901
HTRA2,0.1162362794793059
RBPJL,0.1151718796457044
RBPJ,0.1151718796457044
TAF9B,0.114924543662698
TAF9,0.114924543662698
SH3KBP1,0.1146409609536271
SH3D21,0.1146409609536271
CD2AP,0.1146409609536271
TYMS,0.1144778867879393
RNASEH2A,0.1139294129071715
TPP2,0.1136320100885208
IER3IP1,0.1135237247880318
SIN3A,0.1134085040890749
SIN3B,0.1134085040890749
RPTOR,0.1131894006337283
CARMIL3,0.1130496239614864
RNH1,0.1130496239614864
CARMIL2,0.1130496239614864
CARMIL1,0.1130496239614864
ALG11,0.1125321283906223
UGCG,0.1118802608954133
NDUFS3,0.1102452919232713
TRIP11,0.1093739518395317
MCM5,0.1092236854064594
METTL4,0.1087514897802424
TMBIM4,0.108059342580386
MGAT1,0.1067207678023446
RINT1,0.1049567682877612
INTS10,0.1045149673445927
TAMM41,0.1029264219176848
NXF2,0.1023173276418395
NXF1,0.1023173276418395
NXF2B,0.1023173276418395
NXF3,0.1023173276418395
MAEL,0.1016438047519755
NDUFC2,0.100724312079635
SERINC2,0.0969645752777979
SERINC1,0.0969645752777979
SERINC3,0.0969645752777979
SLC17A9,0.0963641914637098
SMARCB1,0.0921280239303001
EXOSC6,0.09152262032669
SRP9,0.0913554110431941
SUPV3L1,0.0911913369022436
SUGCT,0.0905847346962494
CHMP5,0.0903389559069481
POR,0.0901148794618591
LIX1L,0.0897273068556024
LIX1,0.0897273068556024
POLR2H,0.0892476442012258
LPIN2,0.0874485089842998
AP5Z1,0.0874485089842998
LPIN3,0.0874485089842998
LPIN1,0.0874485089842998
SLC35B3,0.0856551864489944
MED20,0.0843693626662597
ATCAY,0.084214407555668
PRUNE2,0.084214407555668
BNIPL,0.084214407555668
BNIP2,0.084214407555668
TTPA,0.0837885878661137
CMTR1,0.0834258893118424
UBL5,0.0820846775806519
BRAP,0.0814209960729065
VPS37B,0.081197252520856
VPS37C,0.081197252520856
MED1,0.0809541521420812
C2CD2L,0.0803872777260499
C2CD2,0.0803872777260499
ACTR1A,0.0791633647509569
VGLL2,0.0789404961390016
VGLL1,0.0789404961390016
VGLL3,0.0789404961390016
FLCN,0.0787002678605569
STK16,0.0761522073119387
LRRC56,0.0760075760007695
SPATA6,0.0751194903472727
SPATA6L,0.0751194903472727
POLQ,0.0746102886816928
ARHGEF10,0.0743266438663553
ARHGEF10L,0.0743266438663553
NDUFS4,0.0733970906048916
NPAS4,0.0721316194758042
RMND5A,0.0720301306782273
RMND5B,0.0720301306782273
DHX8,0.0719266956024706
ATOH8,0.0715202207111541
TASP1,0.0700040753214966
FZD4,0.0687617823009829
NAA40,0.0687428369022814
SVOP,0.0675998236387199
PLK4,0.0653897765288364
TRMT11,0.0650187077406441
CRIPT,0.064602588369887
DCTN1,0.0643093508828116
SEPTIN9,0.0638351788663859
SEPTIN8,0.0638351788663859
TMEM250,0.0638351788663859
SEPTIN5,0.0638351788663859
SEPTIN3,0.0638351788663859
SEPTIN6,0.0638351788663859
ATAD3A,0.0635508344061338
ALAD,0.063543971005446
OVCA2,0.062433299491048
CCDC174,0.0623848073754507
NAE1,0.0622217518441302
ENOPH1,0.0617169550412385
KAT8,0.0604326541162226
MTX1,0.0582290897440244
MTX3,0.0582290897440244
CLTA,0.0559161654011258
CLTB,0.0559161654011258
DR1,0.0555586993075636
MBTPS2,0.0551116960730909
POFUT1,0.054370361180414
SLC52A1,0.0534293563266336
SLC52A3,0.0534293563266336
SLC52A2,0.0534293563266336
PSENEN,0.0529414342001336
HTT,0.0520945284514616
SAC3D1,0.0517821015332653
NAA60,0.0505482328271761
NR6A1,0.050125213115585
SNRPF,0.0496180535097668
SMARCA2,0.0472508564965058
MPV17,0.0457005366145702
IFT46,0.0452090055352191
RNF151,0.043997471911101
TMX2,0.0415621530743391
TSSK4,0.0409729070567654
CAND1,0.0397012456554121
CAND2,0.0397012456554121
NAT9,0.0384598779344771
ZNHIT2,0.0381798866855532
C2orf42,0.0377142840569242
CKS2,0.0369243466900064
DAB2IP,0.0369146964996322
ROGDI,0.0349713298722334
C8orf33,0.0348783579234937
TRIP13,0.0329613976872084
AMN,0.0319681913004543
PELO,0.0304305924107591
EAF2,0.030263023711401
EAF1,0.030263023711401
TXNDC2,0.0301745627205598
TXNDC8,0.0301745627205598
TTR,0.0300922869584508
URAD,0.0300922869584508
CDK2AP1,0.0289335850700254
CDK2AP2,0.0289335850700254
ADCY5,0.0288950703571411
MORN3,0.0287937975909685
SNRPA,0.0283828444251004
NCSTN,0.0257358737152942
RAP2C,0.0253219730846336
CSPG4,0.0231657238129336
NSUN6,0.0219116446233345
PRMT1,0.0193750142841934
PRMT6,0.0193750142841934
PRMT9,0.0193750142841934
PYCR2,0.0186405760075669
PYCR3,0.0186405760075669
PYCR1,0.0186405760075669
CNOT9,0.0183252101377493
MRPL18,0.0182328316500217
CLRN1,0.0176112341248488
CLRN2,0.0176112341248488
CLRN3,0.0176112341248488
LRRC57,0.0175771623354088
SNRPD1,0.0168709881044265
TUBA1A,0.0164162730205746
TUBA1B,0.0164162730205746
TUBA1C,0.0164162730205746
RPL10A,0.0160038637191788
ERH,0.0153625111129004
XRN2,0.0153535926750367
COPS7A,0.0105281511964986
COPS7B,0.0105281511964986
BUD23,0.0080433721163697
UBLCP1,0.0076529064694971
WDR82,0.0041761035970311
PEX13,0.0038089463756793
POLH,0.003784679313351
COX18,0.0033811870839345
SPATA2,0.0021892471024071
SPATA2L,0.0021892471024071
TMEM208,0.0018635112017415
MSTO1,0.000846367563844
KIAA0513,-0.0007442295956316
DEF8,-0.0008989976156201
OSGEP,-0.0009754313050207
RRP7A,-0.0010475824220029
NEK9,-0.0012633495042104
MALSU1,-0.0013362389489423
MT-CO1,-0.0014879297852974
PPIH,-0.0037012183115907
RFK,-0.0048156189220943
ACSS3,-0.0057182978996304
XPO6,-0.0070770088525548
SMUG1,-0.0078688236779437
TM2D1,-0.0085237792389664
ARL6IP4,-0.0106977541474006
IMMT,-0.0111635077714341
CYB5RL,-0.0114226811015271
ETNK2,-0.0121443575548954
ETNK1,-0.0121443575548954
REXO2,-0.0124992217787258
OSTC,-0.0129624785121015
LHFPL6,-0.0135292655038508
LHFPL1,-0.0135292655038508
LHFPL2,-0.0135292655038508
SMC5,-0.0162908719082039
CC2D2A,-0.0183604455110221
CC2D2B,-0.0183604455110221
CEP76,-0.0183604455110221
TMEM258,-0.0186794579046234
GNL3,-0.0190122397242847
NOA1,-0.0190122397242847
GNL3L,-0.0190122397242847
PHF10,-0.0196040627720525
DCAF7,-0.0207851595422673
TRMT10A,-0.020803487767007
GLE1,-0.0217067851993085
USP22,-0.0220638356939199
NUDT14,-0.0223555523036452
ATP6V0B,-0.0226885047480257
EBAG9,-0.0233705610681197
RPL10L,-0.0234785608577395
RPL10,-0.0234785608577395
RTTN,-0.024595346915256
EXD1,-0.0248186765061583
GADD45GIP1,-0.0248486195621137
TAF4,-0.0250694665749129
TAF4B,-0.0250694665749129
MRPL38,-0.025228274183177
MIB2,-0.0260764449423988
INSM1,-0.0273770852177642
INSM2,-0.0273770852177642
NOL8,-0.0273785884354808
JARID2,-0.0275895244859509
BLM,-0.0280768408788256
PAGR1,-0.029142614837644
RNMT,-0.0292066700726117
KPNA4,-0.0305188056045213
KPNA3,-0.0305188056045213
NDUFA9,-0.0305495876439911
DARS1,-0.0326684612728954
KNTC1,-0.0328975753174198
PTRHD1,-0.0330318806776578
ZW10,-0.0360234444629504
RNF20,-0.036445348091416
RNF40,-0.036445348091416
BTBD17,-0.0364570474670468
ZFHX2,-0.0366854111386076
FMC1,-0.0397449609866043
KANSL1L,-0.0409060593344257
KANSL1,-0.0409060593344257
MEIOB,-0.0423427384799087
MPHOSPH8,-0.0426673991004355
RNPS1,-0.045480536438505
IARS2,-0.0456034488374534
U2AF2,-0.0462646298662425
PDCD6,-0.0464599135061613
GOLGA5,-0.0468296412254825
MED31,-0.0477871402989703
RNF175,-0.0482710557039914
RNF121,-0.0482710557039914
PIGK,-0.0484353717453385
FIG4,-0.0488094422074577
BUD13,-0.0495994792992116
RNF215,-0.0503835869024933
COQ9,-0.0538993568754485
PC,-0.0539595471711006
INPP4B,-0.0541829707225797
MOS,-0.058354038309943
TMEM179,-0.0591665463677222
PRELID1,-0.0598739393173359
ATP6AP1,-0.0608563090824943
STT3A,-0.0618239878673946
PIGS,-0.0621809616175236
DCAF13,-0.0637617850349303
COQ4,-0.0647014144582642
TNK2,-0.0660263303452091
POLR3C,-0.0661836959326959
NCAPG,-0.0677711121742276
ACTR6,-0.0678403541228088
UBE2QL1,-0.0687765313006908
ARID2,-0.0692592350756811
NAA38,-0.0700066884498992
DCAF11,-0.0704591403348874
AFDN,-0.0705701578189395
TMEM68,-0.0711998070548123
GATAD1,-0.0715286315032799
CROT,-0.0719980628776404
TRMT2A,-0.0724445379698257
TRMT2B,-0.0724445379698257
UQCRFS1,-0.0724489861674034
CCZ1B,-0.0724967334533588
CCZ1,-0.0724967334533588
HLX,-0.0726776556156527
PRPF18,-0.0731631822184909
SLC12A8,-0.074364300725349
TM2D2,-0.0747751843639407
DLX3,-0.0759874272592417
BSX,-0.0759874272592417
VENTX,-0.0759874272592417
DLX1,-0.0759874272592417
DLX5,-0.0759874272592417
DLX2,-0.0759874272592417
NANOG,-0.0759874272592417
NANOGP8,-0.0759874272592417
DLX4,-0.0759874272592417
RPL28,-0.0767523184825169
ALKBH7,-0.0774505304299355
QTRT2,-0.0780350287886518
NR5A1,-0.0781761271458482
NR5A2,-0.0781761271458482
GRB7,-0.0811995085108725
GRB14,-0.0811995085108725
APBB1IP,-0.0811995085108725
GRB10,-0.0811995085108725
RAPH1,-0.0811995085108725
ANKRD6,-0.0822029079824235
DONSON,-0.0823175638498395
TSC2,-0.0828782156412174
COG1,-0.0832128984102891
ARFGAP1,-0.0848923676603805
SDHB,-0.086086240346972
CCDC39,-0.0863586102723221
EIF2B1,-0.08667308183162
ZMYND8,-0.0869204282291953
VIRMA,-0.0879495746915339
GTPBP2,-0.0883021838948523
DDX10,-0.0885897264592983
DTWD1,-0.0887342894905425
OSCP1,-0.0895069016200644
PTGES3,-0.0902591646771277
PTGES3L,-0.0902591646771277
MINDY3,-0.0917528655795062
FAF1,-0.0925709066849749
COMMD10,-0.0935153385189448
ZNFX1,-0.0966120652600005
OSBPL5,-0.0984693814123871
TMED2,-0.0988252960409912
TMED7,-0.0988252960409912
TMED9,-0.0988252960409912
TMED1,-0.0988252960409912
TMED5,-0.0988252960409912
TMED3,-0.0988252960409912
YJU2,-0.0989429273257163
URM1,-0.1003551165825578
MYOT,-0.1007342992125551
IGFN1,-0.1007342992125551
PALLD,-0.1007342992125551
ALPK3,-0.1007342992125551
MYPN,-0.1007342992125551
OBSCN,-0.1007342992125551
HMCN1,-0.1007342992125551
STK17A,-0.1012633206838717
STK17B,-0.1012633206838717
MMS22L,-0.1016941068896081
DAP3,-0.1028163533388122
MED16,-0.104277125710536
ARFIP2,-0.1044520684941744
ARFIP1,-0.1044520684941744
NUP155,-0.1069290406786683
BAP1,-0.1098575819862292
HAT1,-0.1106411765530794
FARSB,-0.1127133195310159
ALG12,-0.1142845488631263
CYTH1,-0.1156666341252139
ZRANB1,-0.1167102270952108
NACAD,-0.1168554911709564
TIMELESS,-0.1180526191146826
SF3A1,-0.1189074123999072
OSR2,-0.1191502547096635
OSR1,-0.1191502547096635
CEBPD,-0.123284044813074
CEBPB,-0.123284044813074
CEBPE,-0.123284044813074
CEBPA,-0.123284044813074
TBX18,-0.1234721812572672
QARS1,-0.123708465895265
STOML2,-0.1237957464484462
DDX11,-0.1271744618655877
BORA,-0.127637706955453
NATD1,-0.1285064491368104
ALG6,-0.1292531363458908
IFT122,-0.1299078587464861
DALRD3,-0.1309629069933474
BPGM,-0.1318450143621974
CTU1,-0.1325571807325584
RWDD2B,-0.1328782555236236
RWDD2A,-0.1328782555236236
SPECC1,-0.1332699164286802
SPECC1L,-0.1332699164286802
SLC39A3,-0.1333542255628801
FBXW5,-0.1351974087849995
XPNPEP2,-0.1363579066995676
PA2G4,-0.1363579066995676
CNDP2,-0.1372574820875563
KDSR,-0.1374366637569607
ACBD7,-0.1384316266073546
SEC62,-0.1389753942296682
METTL9,-0.1395948349945841
PAK1IP1,-0.1403275145582884
PMPCA,-0.1423471496229703
ILK,-0.1439299156532779
VPS13D,-0.1441748300048934
SNX27,-0.1444507283519139
CCT5,-0.1444998512731494
SNRNP70,-0.1479170410599716
CHAC2,-0.1499649132516748
PPIL2,-0.1501108998940994
COL4A4,-0.1526261597110065
COL4A6,-0.1526261597110065
MRPL50,-0.1528125496787976
EIF3C,-0.1533267333609473
EIF3CL,-0.1533267333609473
B9D1,-0.1535500822945598
UBC,-0.1536710173411852
C1orf131,-0.1579394382777856
SUPT6H,-0.1591673253567594
SUDS3,-0.1595421739612976
CRYL1,-0.1600033309444475
SLC39A11,-0.1602090899225274
USP30,-0.1609425054641799
JKAMP,-0.1631545642911547
BEST2,-0.1633045752358811
BEST4,-0.1633045752358811
BEST1,-0.1633045752358811
BEST3,-0.1633045752358811
PYM1,-0.1637267057440278
PLBD1,-0.1642222542435858
PLBD2,-0.1642222542435858
RPS13,-0.1642581053984468
RNF113A,-0.1678821254880464
RNF113B,-0.1678821254880464
GPR155,-0.1696547060903271
CNOT11,-0.1700551543360659
UBP1,-0.1702719629036655
TFCP2L1,-0.1702719629036655
GRHL3,-0.1702719629036655
GRHL2,-0.1702719629036655
GRHL1,-0.1702719629036655
TFCP2,-0.1702719629036655
NAA16,-0.1712478364952884
NAA15,-0.1712478364952884
ASCC1,-0.1728376618400066
YTHDF1,-0.1731087789238956
YTHDF3,-0.1731087789238956
YTHDF2,-0.1731087789238956
CERT1,-0.1731258996402634
OAF,-0.173991906105844
MCRS1,-0.1747835484081921
SERTAD2,-0.1757158793656916
CDCA4,-0.1757158793656916
RANGAP1,-0.1758638222682684
VIPAS39,-0.1785233359914972
HSP90AB1,-0.1788966153479518
HSP90AA1,-0.1788966153479518
XPO5,-0.1818468094466953
POLDIP2,-0.1830910037278417
DHX36,-0.1834292821572292
PTP4A2,-0.1841174908286152
ING3,-0.1841868185420326
XPNPEP1,-0.1841958244165701
THRB,-0.1851681865356381
RARG,-0.1851681865356381
NR1H4,-0.1851681865356381
NR1I3,-0.1851681865356381
GET4,-0.1861051510675879
RIOX1,-0.1867341959584554
RIOX2,-0.1867341959584554
PIGT,-0.1868885259210178
MAN2A2,-0.1913973888707049
MAN2A1,-0.1913973888707049
AP3B1,-0.1926839957880746
AP2B1,-0.1926839957880746
AP4B1,-0.1926839957880746
AP3B2,-0.1926839957880746
HIBADH,-0.1936221255505764
ERLEC1,-0.1940571417886454
TMEM126B,-0.1946860082199891
TMEM126A,-0.1946860082199891
GTF2H2C,-0.1959979824166396
GTF2H2,-0.1959979824166396
COX5A,-0.1961387566806691
INTS6L,-0.196307348304197
SAGE1,-0.196307348304197
CT45A6,-0.196307348304197
CT45A7,-0.196307348304197
CT45A10,-0.196307348304197
CT45A1,-0.196307348304197
CT45A8,-0.196307348304197
CT45A2,-0.196307348304197
CT45A3,-0.196307348304197
INTS6,-0.196307348304197
CT45A5,-0.196307348304197
CT45A9,-0.196307348304197
TAF12,-0.1969690913505027
KIFBP,-0.2005766717653115
RAB23,-0.201464413400789
PPIL1,-0.2019042305715125
CDIN1,-0.2025197758098177
STX16,-0.2035797159748871
MRPS12,-0.2039281345175405
SPTBN5,-0.2049664151341137
JADE1,-0.2053213569565292
FGFRL1,-0.2054319888245811
NPRL2,-0.2059443444892786
PREB,-0.2067380659222929
PIH1D2,-0.2087351987013284
GPALPP1,-0.2099299013972285
NDUFAF1,-0.2135736197436474
GOLGA4,-0.2139267723610008
SAMTOR,-0.214853294362236
WDR4,-0.2150462511934383
SMO,-0.2155776944208005
F8A1,-0.2162729111114301
F8A2,-0.2162729111114301
F8A3,-0.2162729111114301
PIERCE2,-0.2165681548641375
PIERCE1,-0.2165681548641375
ATG12,-0.216804201607358
PORCN,-0.2178417795832403
SNW1,-0.2179949915264396
TTLL12,-0.2192101852341659
C5orf22,-0.2210441725382942
EEFSEC,-0.2218438012915346
MRPL43,-0.2238504523364211
PET100,-0.2240142158858708
MIOS,-0.2240260382194291
CLTCL1,-0.2243114904221822
CLTC,-0.2243114904221822
CLHC1,-0.2243114904221822
CHTF8,-0.2243371635079878
SAE1,-0.2257443185599778
CAMSAP2,-0.2270083042423056
CAMSAP3,-0.2270083042423056
CAMSAP1,-0.2270083042423056
DNAJC17,-0.2274414110568392
CZIB,-0.2287552411370918
WARS1,-0.2294237489066541
YJU2B,-0.2301057688981927
RBFA,-0.2305071263293588
AK2,-0.231485271872729
COPG1,-0.2318256084653454
COPG2,-0.2318256084653454
BRD7,-0.2322966181892986
BRD9,-0.2322966181892986
YBEY,-0.2322966181892986
DCST2,-0.2333873131901546
MAGOHB,-0.2338836591183212
MAGOH,-0.2338836591183212
IGBP1,-0.2348434806104213
IGBP1C,-0.2348434806104213
MT-ND4,-0.235344777780882
ERAL1,-0.2354156196542069
ASPM,-0.2361601941790148
RAB6A,-0.2367570992978424
ATG2B,-0.2384561048769735
ATG2A,-0.2384561048769735
PGPEP1,-0.2389939350786736
PGPEP1L,-0.2389939350786736
GTF2F1,-0.2405474947960327
ASPHD2,-0.2416445688562573
ASPHD1,-0.2416445688562573
ASPH,-0.2416445688562573
RARS2,-0.2416816219345465
TES,-0.241953746626385
LIMD2,-0.241953746626385
PRICKLE1,-0.241953746626385
LMCD1,-0.241953746626385
THOC5,-0.242374513225765
GINS1,-0.2427786299746372
EME1,-0.2429774840175625
EME2,-0.2429774840175625
DDHD2,-0.2430285389928649
SEC23IP,-0.2430285389928649
SMARCD1,-0.244108449435292
FUS,-0.2447043823446347
TAF15,-0.2447043823446347
EWSR1,-0.2447043823446347
PRKG1,-0.245230507691056
PRKG2,-0.245230507691056
FDX2,-0.2458048851642648
DCTN2,-0.2458558737330888
SH2B3,-0.2468635898432826
SH2B2,-0.2468635898432826
SH2B1,-0.2468635898432826
UBE2H,-0.2479760162982164
EDC4,-0.2481696023702344
SLC11A1,-0.2490340363044118
POLA1,-0.2492747269722579
JMJD6,-0.2501522457436058
ZZZ3,-0.2505799573620947
MOB1B,-0.2505822535350807
MOB1A,-0.2505822535350807
INPP5E,-0.2541117620069332
MYO18A,-0.2543798838703809
ZCCHC4,-0.254532968656114
MRPL19,-0.2552065003525113
TMEM42,-0.2577145966570061
MRPL58,-0.257942627894541
SGSM3,-0.2594255621853363
AAAS,-0.261958217284774
IPMK,-0.2633284361649185
RPL3L,-0.2635426532911119
RPL3,-0.2635426532911119
CMTR2,-0.2645199316024844
WDR37,-0.264782869518841
MAPK14,-0.2648966522354359
AP1M1,-0.2652732944595285
KANSL3,-0.2664532058190848
SWT1,-0.2677967852621203
COA7,-0.2679787351241379
LYPLA1,-0.268889066455234
KIF17,-0.2691843766170745
MTERF2,-0.2712987579441946
MTERF1,-0.2712987579441946
MRPL13,-0.2723273850643811
SMC2,-0.2726480588891616
VMP1,-0.2765015045583314
ABHD13,-0.2765883231385728
POLDIP3,-0.277741594113449
ARPC5L,-0.2789704613360606
ARPC5,-0.2789704613360606
CCDC22,-0.2802402475850793
PHEX,-0.2802960235897587
SIM1,-0.2808349489876947
NPAS1,-0.2808349489876947
THUMPD1,-0.2832490815953823
ERCC1,-0.2852037084999613
B3GALNT2,-0.2854701012767226
B3GNT9,-0.2854701012767226
B3GALT2,-0.2854701012767226
B3GNT8,-0.2854701012767226
B3GNT7,-0.2854701012767226
B3GALT5,-0.2854701012767226
B3GNT2,-0.2854701012767226
B3GNT5,-0.2854701012767226
B3GALT1,-0.2854701012767226
B3GNT4,-0.2854701012767226
B3GALT9,-0.2854701012767226
B3GALNT1,-0.2854701012767226
B3GNT3,-0.2854701012767226
C22orf39,-0.285780092775276
LDB2,-0.2863973585560227
LDB1,-0.2863973585560227
NUDC,-0.286480329571365
NFXL1,-0.286788868231833
EIF2D,-0.2868672525740304
AGPAT1,-0.2868939464029447
AGPAT2,-0.2868939464029447
MKS1,-0.2875191213981002
APEX1,-0.288457950935414
DUS1L,-0.2896935384376657
RAD23B,-0.2902899501001914
RAD23A,-0.2902899501001914
VMA21,-0.2903657489376433
ISY1,-0.2914365989538361
ANOS1,-0.2942080959720322
RPA4,-0.2951815505750816
KTI12,-0.2956342102174065
TMED10,-0.295909430587226
ALG14,-0.2965162522925909
MAD2L1,-0.2972343998412454
MIF4GD,-0.2976332903681276
CTIF,-0.2976332903681276
GLCE,-0.2990263777570428
ATG7,-0.2996318641055577
NACA2,-0.3013211499380832
PHF12,-0.3020453053521288
HMCES,-0.3039777590636773
TMEM177,-0.3043446434580094
BLVRA,-0.3051496275887634
GFOD2,-0.3051496275887634
GFOD1,-0.3051496275887634
UBXN8,-0.3056186628460232
FAF2,-0.3056186628460232
GPSM1,-0.3065874633484201
TEFM,-0.307267609476215
PPP3CA,-0.3076725624234736
COG3,-0.3092514932781512
COMMD4,-0.3110279629047212
ERCC4,-0.3114019949003232
STK11,-0.312126146926267
HERPUD2,-0.3145683763588237
HERPUD1,-0.3145683763588237
GLOD4,-0.3184086735770441
SMPD4,-0.3193685829142816
SPMAP2,-0.3204385538519763
SPMAP2L,-0.3204385538519763
RAB5C,-0.3205509422376923
DHFR2,-0.3206033193332869
DHFR,-0.3206033193332869
BAD,-0.3206919037689658
DENND1B,-0.3212388933507888
DENND1C,-0.3212388933507888
DENND1A,-0.3212388933507888
SUFU,-0.3214106955486492
PARG,-0.3221786176822647
QNG1,-0.3222555737152245
KIN,-0.3225705969362605
GID8,-0.3241667500529252
MRGBP,-0.324487830312884
PLCXD3,-0.3250628050459027
PLCXD1,-0.3250628050459027
PLCXD2,-0.3250628050459027
DOT1L,-0.3255718409124973
TFEB,-0.3256372982483558
TFE3,-0.3256372982483558
TFEC,-0.3256372982483558
MITF,-0.3256372982483558
UAP1L1,-0.330397796106847
UAP1,-0.330397796106847
TMEM26,-0.332177153882518
URI1,-0.3326522533525551
SAMD10,-0.3347924103989191
SAMD12,-0.3347924103989191
PAIP2B,-0.336262648794603
PAIP2,-0.336262648794603
STX11,-0.3369956176743237
STX19,-0.3369956176743237
AKIRIN2,-0.3370638811721365
AKIRIN1,-0.3370638811721365
MBD3L1,-0.3382441708588787
MBD3L2,-0.3382441708588787
MBD3,-0.3382441708588787
MBD3L4,-0.3382441708588787
MBD3L2B,-0.3382441708588787
MBD3L5,-0.3382441708588787
MBD2,-0.3382441708588787
MBD1,-0.3382441708588787
MBD3L3,-0.3382441708588787
CSDE1,-0.3382959440319608
NDUFAF6,-0.3411527769015159
PRCC,-0.342064446405404
PPP1R12B,-0.3435067547938324
NAA25,-0.3441289214504443
MYOG,-0.3446598097566353
MYF6,-0.3446598097566353
MYF5,-0.3446598097566353
MYOD1,-0.3446598097566353
CDC5L,-0.3449903157210036
WASHC3,-0.3469465511266611
NMNAT3,-0.3471028650099311
NMNAT1,-0.3471028650099311
DDX41,-0.3497219063713098
ZMYND11,-0.3497992587311201
CDCA3,-0.3506970350849507
OVOL1,-0.3518888090884264
KAT14,-0.3519509559841765
TXNDC15,-0.3521396981165992
UTY,-0.3521986343641281
KDM6A,-0.3521986343641281
KDM6B,-0.3521986343641281
METTL26,-0.3529283184025024
NDUFV2,-0.3543156479379797
ORC6,-0.3551370987548931
AARS2,-0.3581903635276654
UBE2J2,-0.3602801792416749
FAM50B,-0.361636709148151
FAM50A,-0.361636709148151
LAMTOR1,-0.3636046638606587
AP3S1,-0.3638484400610278
AP3S2,-0.3638484400610278
GINS4,-0.3650408128801674
SLC25A27,-0.3653519672652011
TK2,-0.3668751367669227
MOCS1,-0.36720249715516
HGS,-0.3698336501805933
CTDSP2,-0.3726292738819614
CTDSP1,-0.3726292738819614
CTDSPL,-0.3726292738819614
NRDC,-0.3732020545164348
ADAM33,-0.3734557673166257
ADAM20,-0.3734557673166257
TNPO1,-0.3744189932468531
PPP6C,-0.3748229271923086
ARG2,-0.3750729482292617
ARG1,-0.3750729482292617
EXOC2,-0.3764547419197966
NASP,-0.3770159370651191
GLRX2,-0.3775779642301516
LSM6,-0.3776049539657739
TSNAX,-0.3784193125423341
PKD1,-0.3792397569513191
PKD2,-0.3792397569513191
PKD1L1,-0.3792397569513191
PKD2L2,-0.3792397569513191
PKD1L3,-0.3792397569513191
PKD1L2,-0.3792397569513191
PKDREJ,-0.3792397569513191
HECA,-0.3796711222428528
RET,-0.3814549589013197
CHMP2B,-0.3814858247726814
MAPKAPK5,-0.3816140008520826
MAPKAPK3,-0.3816140008520826
DYRK4,-0.3816982300682839
PXDN,-0.3823535755715812
EPX,-0.3823535755715812
TPO,-0.3823535755715812
PXDNL,-0.3823535755715812
MPO,-0.3823535755715812
LPO,-0.3823535755715812
MIR7-3,-0.3867228281627527
MIR7-1,-0.3867228281627527
RBM8A,-0.3871523058893531
PDHB,-0.3886782878800981
WDHD1,-0.3886794927022891
RPRD2,-0.3898673098166577
PFDN5,-0.3903978990154077
UFSP1,-0.3905475456666239
XRCC1,-0.3917072483223491
XNDC1N,-0.3917072483223491
SLC35A5,-0.3976850593307348
ARF6,-0.3979300542008999
LIG4,-0.3992930632168008
PDCD2,-0.4009219909229183
GTF2F2,-0.4025519354255084
TJP1,-0.4029103302064514
TJP3,-0.4029103302064514
TJP2,-0.4029103302064514
ADCK1,-0.4030050277224828
NFU1,-0.4044033960071779
CPSF4,-0.4052891445872076
SMIM12,-0.4055692035438212
DNAJC9,-0.4063193923260464
CDK9,-0.40663320612735
DCAF10,-0.4066786465306455
SDHAF2,-0.4070805157746265
DPYD,-0.4085746206417712
CAAP1,-0.4092722333032645
IQCG,-0.4116019834612281
NDUFA1,-0.4126887667632028
BCOR,-0.4139619771519165
BCORL1,-0.4139619771519165
EIF2A,-0.416831394870743
CYTH4,-0.4170166710732571
ARMC6,-0.4186158069645636
TTF2,-0.4191359078865909
IDE,-0.4191927211329045
NUFIP1,-0.4200582114532168
TGDS,-0.4211680733626964
MED18,-0.4224141222027282
PACSIN2,-0.422738079593414
PACSIN3,-0.422738079593414
PACSIN1,-0.422738079593414
UTF1,-0.4234494121661819
MSANTD7,-0.4234494121661819
CRNKL1,-0.4235091045410808
UBE2D1,-0.4235154644332283
STRN4,-0.4241151478282136
STRN,-0.4241151478282136
STRN3,-0.4241151478282136
MRPL37,-0.4248939174534793
COASY,-0.4254935375568759
ARIH2,-0.4255917698251291
CDK7,-0.4264620350367181
RPRD1B,-0.4321182152380968
RPRD1A,-0.4321182152380968
PPFIBP1,-0.4324351058819997
PPFIBP2,-0.4324351058819997
IPO9,-0.4343952647862742
PIGB,-0.4346660984862623
PRPF6,-0.4356907522690937
CCDC13,-0.4361515001522852
SRP19,-0.4375819202012335
UBQLN1,-0.4379668599294177
PCNX3,-0.4385454931201482
PCNX2,-0.4385454931201482
PCNX1,-0.4385454931201482
SCYL1,-0.4392825959602764
TM9SF3,-0.4418972494336893
AAR2,-0.4425594561224488
HDLBP,-0.4431657952026861
ARPC4,-0.4433152429436982
GATB,-0.4441699411673092
NARS1,-0.4445665765932113
IFT80,-0.4449987369529154
TRIM59,-0.4449987369529154
MKLN1,-0.4450515818291227
UBE2K,-0.4454626192276208
SNRPE,-0.4470470944794328
VBP1,-0.4472494083373586
ATP4B,-0.4477608680258164
ATP1B2,-0.4477608680258164
ATP1B3,-0.4477608680258164
ATP1B4,-0.4477608680258164
TRAPPC11,-0.4486820150122339
TMEM167A,-0.449458216631272
VPS39,-0.4497597620892063
GATA4,-0.4510091640641123
TMEM230,-0.4514195852601343
RFWD3,-0.4539348044708824
CREBBP,-0.4545650665948609
EP300,-0.4545650665948609
SSPN,-0.4548445371981177
BLOC1S6,-0.4557781039745762
NCOA3,-0.4577753514210635
NCOA1,-0.4577753514210635
NCOA2,-0.4577753514210635
SLC8B1,-0.4598298566714188
PYROXD1,-0.4599471490982478
CLK3,-0.460118545889897
DYRK1B,-0.460118545889897
CLK4,-0.460118545889897
DYRK1A,-0.460118545889897
HIPK1,-0.460118545889897
CLK1,-0.460118545889897
HIPK2,-0.460118545889897
DYRK3,-0.460118545889897
POU3F4,-0.464664013203749
POU5F1,-0.464664013203749
POU4F3,-0.464664013203749
CCDC160,-0.464664013203749
POU2F2,-0.464664013203749
POU4F2,-0.464664013203749
POU3F1,-0.464664013203749
POU5F1B,-0.464664013203749
POU6F1,-0.464664013203749
POU5F2,-0.464664013203749
PRPF4,-0.4647958567841436
SECISBP2,-0.4650467695457401
SECISBP2L,-0.4650467695457401
VPS36,-0.4654613196132876
CNOT2,-0.46593959706486
DDX17,-0.4660802314897523
PNPLA7,-0.4662905753202028
PNPLA6,-0.4662905753202028
GLIS2,-0.4668496616123989
RPS20,-0.4680954900367596
SARM1,-0.4700595396017489
ZFAND2B,-0.4703997440630813
ZFAND2A,-0.4703997440630813
ALDOB,-0.4705680285406625
ALDOC,-0.4705680285406625
ALDOA,-0.4705680285406625
CPD,-0.471064830739187
PGGT1B,-0.4736053969286448
MRPL2,-0.4757149275265711
SCAP,-0.4758608558064876
TDP1,-0.4764948224134986
VPS29,-0.4771774762246204
PDSS2,-0.4778853634787649
SNRPB,-0.4779259910010394
TMEM39B,-0.4787885051293297
TMEM39A,-0.4787885051293297
HELQ,-0.4792851123582177
PDIA5,-0.4797568725519287
TTC28,-0.4823766437337414
VPS28,-0.4826836319038722
SDHAF4,-0.4829034560594791
RPS19,-0.4850588724230225
ESYT3,-0.4872247121937202
ESYT2,-0.4872247121937202
ESYT1,-0.4872247121937202
RTCA,-0.4875954158586827
DNAJC22,-0.4892323536521449
CYP27C1,-0.4926693121418172
CYP27B1,-0.4926693121418172
CYP27A1,-0.4926693121418172
CYP24A1,-0.4926693121418172
SUPT3H,-0.4931049944430838
CUL3,-0.4932450276768328
TRAF3IP1,-0.4933623663681785
XRCC5,-0.4944531982897246
CD2BP2,-0.4958321446514948
NUP188,-0.4972339110411143
GFI1,-0.4984992535259312
SLC44A3,-0.4991399907306443
RO60,-0.499276106457249
CDC20,-0.4998985550362232
CDC20B,-0.4998985550362232
DXO,-0.5024100832262398
B4GALT2,-0.506731690368345
B4GALT5,-0.506731690368345
B4GALT3,-0.506731690368345
B4GALT1,-0.506731690368345
B4GALT4,-0.506731690368345
SOX1,-0.5071216647159272
DDX20,-0.5094922360541697
ALG1L2,-0.5099118269613089
ALG1,-0.5099118269613089
MRPL46,-0.5101407420378895
TAF1,-0.5109531497115228
TAF1L,-0.5109531497115228
PRPF8,-0.5112776235256429
ISCA1,-0.5118732235529313
DNAJC13,-0.5130453006444529
LIN37,-0.5139898748606797
DLGAP5,-0.5141156929353792
RBBP7,-0.5142610030438152
MLH1,-0.5143519407328934
RPP25L,-0.5151732482554504
RPP25,-0.5151732482554504
STIM1,-0.5152346069452911
STIM2,-0.5152346069452911
SLC25A10,-0.5155544978549172
MRPL44,-0.5161367540457358
NANS,-0.5170998278888472
KIF15,-0.5181087584911548
RNF212,-0.5182316270422279
RNF212B,-0.5182316270422279
PTPA,-0.5201120667353403
LUC7L3,-0.5211807279276609
IGF2R,-0.5218679635703549
PKMYT1,-0.5220738622318044
POP4,-0.523361471675897
ZC3H18,-0.5238710314672216
HEXD,-0.5247939662397711
PEX12,-0.5259962908902539
DMRTC1,-0.5267661901980081
DMRTC1B,-0.5267661901980081
MIX23,-0.527781104008619
FRG1,-0.5284813513152119
SMC6,-0.529326538159753
ASCL2,-0.5293997373536483
ASCL4,-0.5293997373536483
ASCL5,-0.5293997373536483
ASCL1,-0.5293997373536483
ASCL3,-0.5293997373536483
CEP131,-0.5305890556891603
H2BK1,-0.5306610594734728
H2BW2,-0.5306610594734728
H2BW1,-0.5306610594734728
VPS26B,-0.5312120585871236
VPS26A,-0.5312120585871236
METTL25,-0.5319694408253062
METTL25B,-0.5319694408253062
EIF1AD,-0.5334750084686298
MTG2,-0.5352379427028042
MED15,-0.5360802032526424
NANOS3,-0.5370652420660205
NANOS1,-0.5370652420660205
NANOS2,-0.5370652420660205
CFAP58,-0.5382369492101622
ASTL,-0.5398564654877056
RAB11FIP3,-0.5423422677004732
CPSF3,-0.5429718240034251
LMAN2,-0.5449102744103476
LMAN2L,-0.5449102744103476
LMAN1,-0.5449102744103476
ALG9,-0.5449451923328402
PUF60,-0.5464470516899229
PDF,-0.54672024858339
LEMD2,-0.5473481092957851
LEMD3,-0.5473481092957851
WWP1,-0.5497680502406755
NSMCE1,-0.5529933186958963
PIGU,-0.553125324322862
KIF5B,-0.5543428115176687
NFYC,-0.5546511130132488
ALG10B,-0.554828795507866
ALG10,-0.554828795507866
CAPZA1,-0.5560431806887571
CAPZA2,-0.5560431806887571
CAPZA3,-0.5560431806887571
ORC1,-0.5566895737698775
DHRSX,-0.556713409214595
CDPF1,-0.5569559962139146
RCCD1,-0.5572346101579798
EMC1,-0.5578396533692107
RRM2,-0.5579751645894613
RRM2B,-0.5579751645894613
SMAD9,-0.558803220175719
HGSNAT,-0.5612780325962461
NUDT19,-0.5620607895509402
UGDH,-0.5622699145287855
ADSS1,-0.5625017373164388
ADSS2,-0.5625017373164388
NCAPH,-0.5630963471708045
EIF3D,-0.5640607328888501
MIOX,-0.5654294977526964
NUDT21,-0.5654482795838786
POLE4,-0.5656942837154344
MRPS22,-0.5667039911640962
MTHFSD,-0.5673740328178043
PLA2G12B,-0.5681456957657853
PLA2G12A,-0.5681456957657853
RABGEF1,-0.5699951717490858
PAM16,-0.5719054357510721
YME1L1,-0.572614343714908
MFSD6L,-0.5729250699387629
GORAB,-0.5734684414452426
NEBL,-0.5737898720052725
KY,-0.5737898720052725
NRAP,-0.5737898720052725
NEB,-0.5737898720052725
MTA3,-0.5751473312539872
MTA2,-0.5751473312539872
MTA1,-0.5751473312539872
PGA5,-0.5758080458432994
BACE2,-0.5758080458432994
REN,-0.5758080458432994
PGA3,-0.5758080458432994
BACE1,-0.5758080458432994
PGC,-0.5758080458432994
NAPSA,-0.5758080458432994
PGA4,-0.5758080458432994
FAM76B,-0.5759269187761114
FAM76A,-0.5759269187761114
UROD,-0.5776300724631599
GMPPA,-0.5778582083222699
TMED4,-0.5807596982122332
FNIP1,-0.5808030406910477
FNIP2,-0.5808030406910477
UBA2,-0.5808295647631658
INPP5B,-0.5811744681399573
PANK2,-0.581587028609683
PANK1,-0.581587028609683
PANK3,-0.581587028609683
CENPE,-0.5833790361601486
EIF4A1,-0.5846044868160954
FLNB,-0.5868985504102603
ENOX2,-0.5884069855012859
ENOX1,-0.5884069855012859
RBX1,-0.588496646905292
ECT2,-0.5888316665195054
C7orf25,-0.5889856810144408
ARHGAP19,-0.5898528249907873
PHKB,-0.5904417240300346
AP3D1,-0.5907165628540996
ANAPC1,-0.590991152584332
DEPDC5,-0.5913378269445831
RPP30,-0.5916932152892281
PAF1,-0.5936530876019117
ASS1,-0.594091136266613
TRNT1,-0.5949112054268013
DNAJC8,-0.5976116121457432
FAAH,-0.5977066426959332
DCAF8,-0.5982095442147419
DCAF8L1,-0.5982095442147419
DCAF8L2,-0.5982095442147419
MCMBP,-0.5985473387155302
CNPY4,-0.5996536590316769
PIN4,-0.6004458197035497
CCNQ,-0.6014461671420543
HOXB2,-0.60316391899556
GCC1,-0.6037597102062161
HYCC1,-0.6038568803741456
HYCC2,-0.6038568803741456
CIAPIN1,-0.6044253166216287
CDKN2AIPNL,-0.6048096861290663
CDKN2AIP,-0.6048096861290663
NKRF,-0.6048096861290663
KCMF1,-0.605107610675923
ADD3,-0.6055275346992287
ADD1,-0.6055275346992287
ADD2,-0.6055275346992287
GCNT3,-0.6075791843744586
WSCD2,-0.6075791843744586
XYLT2,-0.6075791843744586
XYLT1,-0.6075791843744586
GCNT4,-0.6075791843744586
GCNT2,-0.6075791843744586
GCNT1,-0.6075791843744586
GCNT7,-0.6075791843744586
DDX28,-0.6084621440315469
ATE1,-0.6085434813895495
SOBP,-0.6086796906058669
RAI2,-0.6086796906058669
INTU,-0.6096443857941467
FA2H,-0.6109542896586978
CNOT1,-0.6111609478391006
BRI3,-0.6113923963628098
NFYA,-0.6123481548819948
THOC7,-0.6128390856889254
PGRMC1,-0.6134453490147618
PGRMC2,-0.6134453490147618
PHF5A,-0.6137173335139053
WTAP,-0.6142614407609517
EVA1C,-0.6151535486110752
CHSY3,-0.615367215879856
CHSY1,-0.615367215879856
TPR,-0.6158623488012686
HSPG2,-0.6169383398258388
TMEM134,-0.6171051645521285
ORC5,-0.6186911909784302
NDRG2,-0.6198899756236564
NDRG3,-0.6198899756236564
NDRG1,-0.6198899756236564
NDRG4,-0.6198899756236564
OPA3,-0.6219609329419064
GNPAT,-0.6226896637364439
NUP37,-0.6249159839588958
SEC31A,-0.626003093356788
SEC31B,-0.626003093356788
PIWIL4,-0.6272412011953163
PIWIL1,-0.6272412011953163
PIWIL3,-0.6272412011953163
POLI,-0.6278092348553173
FRA10AC1,-0.628374145001513
CPSF2,-0.6289534667267886
KAZN,-0.6298876497922729
CDK19,-0.6339512186995712
TCP11L2,-0.6344265415753045
TCP11X2,-0.6344265415753045
TCP11X1,-0.6344265415753045
TCP11,-0.6344265415753045
TCP11L1,-0.6344265415753045
DRAM1,-0.6345589593910304
DRAM2,-0.6345589593910304
ZNF420,-0.636646053489843
ZNF569,-0.636646053489843
ZNF473,-0.636646053489843
ZNF574,-0.636646053489843
ZNF594,-0.636646053489843
CTCFL,-0.636646053489843
ZNF282,-0.636646053489843
RPL17,-0.6367078813679588
RBM48,-0.6380013376970214
NUDT4B,-0.6382071715143025
NUDT4,-0.6382071715143025
ZNF277,-0.6393129775966737
AGPS,-0.640940575141156
WDPCP,-0.6422603801170643
PGM3,-0.6423278486027608
FHIP2B,-0.6437267342611588
FHIP1A,-0.6437267342611588
FHIP2A,-0.6437267342611588
FHIP1B,-0.6437267342611588
TAF2,-0.6437453675121024
WBP4,-0.6451384853244071
BRMS1L,-0.6455497234986942
BRMS1,-0.6455497234986942
GCM1,-0.6464465126072007
GCM2,-0.6464465126072007
VKORC1,-0.6466001609120029
MRPL35,-0.6473385861974218
POLR3F,-0.647371994479424
PRKAB1,-0.6477895021817962
MRPS34,-0.6495874210775643
OTUD5,-0.650640119129698
TBC1D23,-0.6513505007616086
INO80D,-0.6531314807389265
DDX23,-0.6534419219837525
COMMD2,-0.654616790090025
WLS,-0.6548974097412442
CMAS,-0.655172699435205
ZC3H15,-0.6556484733040105
AMD1,-0.655875121657146
WDR48,-0.6573994830320168
GNAI3,-0.6585921985623457
GNAI2,-0.6585921985623457
GNAT1,-0.6585921985623457
GNAI1,-0.6585921985623457
NUBP1,-0.658720643466256
MGMT,-0.6598839054197035
TLE3,-0.6601638854893858
TDO2,-0.6604278031061227
NRM,-0.6606735819881668
C17orf49,-0.6617167534615891
POLD1,-0.6624490394033885
BCAS3,-0.6628096643835679
INTS12,-0.6634489511291669
PNPT1,-0.6634604817161691
PSMD12,-0.6640716098436946
SIAH2,-0.6655970133713367
COG6,-0.6656634354157894
CD5,-0.6667286573982473
CD163L1,-0.6667286573982473
SSC5D,-0.6667286573982473
LGALS3BP,-0.6667286573982473
CD6,-0.6667286573982473
CD5L,-0.6667286573982473
REEP5,-0.6667650668099228
TRHR,-0.6671172194516529
EXOSC3,-0.6685980507184716
PPP1R21,-0.6691979283274992
NTMT2,-0.669297664358704
NTMT1,-0.669297664358704
PPP1R16B,-0.6698695404163274
PPP1R16A,-0.6698695404163274
LBX2,-0.6717746152467199
LBX1,-0.6717746152467199
NINJ2,-0.6723426034967394
RPL35A,-0.6726758037639221
GRXCR2,-0.674546763397184
GRXCR1,-0.674546763397184
EMC3,-0.6750370817319857
COX6A1,-0.6760489927425319
MMP3,-0.6799609775069188
MMP8,-0.6799609775069188
MMP10,-0.6799609775069188
MMP12,-0.6799609775069188
MMP27,-0.6799609775069188
MMP26,-0.6799609775069188
MMP20,-0.6799609775069188
TSR2,-0.6806147057737805
TEKT2,-0.6824820692719671
TREX1,-0.6844000833525333
TREX2,-0.6844000833525333
ATP6V0D1,-0.6850678111258295
SEC24B,-0.686247161054779
SEC24A,-0.686247161054779
MRPS30,-0.6867783480465114
NOL11,-0.6868824822441156
SNIP1,-0.6875432114401929
PPP1R36,-0.6876425211347451
DYNC1I1,-0.6879015360528449
DYNC1I2,-0.6879015360528449
AASDH,-0.688058786367739
POLD2,-0.6901918111654607
MARCHF8,-0.6905791820936481
GLRX5,-0.6907858989660002
NKAPL,-0.6918994398244088
ODAD2,-0.692490180598736
PRKN,-0.6930624780580147
ATP23,-0.6954048021782328
C19orf12,-0.6959174043800668
DOLK,-0.6962093734870359
CIZ1,-0.6968343420971436
CAPN8,-0.6979091881135615
CAPNS2,-0.6979091881135615
CAPN12,-0.6979091881135615
CAPN13,-0.6979091881135615
FOSL2,-0.6980125679412895
FOSL1,-0.6980125679412895
FOS,-0.6980125679412895
FOSB,-0.6980125679412895
BATF,-0.6980125679412895
BATF2,-0.6980125679412895
BATF3,-0.6980125679412895
JDP2,-0.6980125679412895
ATF3,-0.6980125679412895
DIS3,-0.700925056723717
AFG1L,-0.7009982381126487
NF2,-0.7012712798735855
SLX1B,-0.7019453141032733
SLX1A,-0.7019453141032733
GTPBP3,-0.7035098397864712
AMDHD2,-0.7046157790870093
RBM45,-0.7051439747449786
RAD51C,-0.7057388013018878
WDR70,-0.7079667759832301
LCA5,-0.7093155650952061
LCA5L,-0.7093155650952061
BOLA1,-0.7106661351309714
METAP1,-0.7113188974672221
FCHO1,-0.711360809417709
PSTPIP2,-0.711360809417709
SGIP1,-0.711360809417709
PAN2,-0.7130914295566464
VPS72,-0.7143199211505888
CCDC12,-0.7152720267905548
SPCS3,-0.7163709740100548
WNT1,-0.716462910217353
SSRP1,-0.7194042668069627
ZNF529,-0.7207391858960879
ZNF566,-0.7207391858960879
ZNF674,-0.7207391858960879
ZNF25,-0.7207391858960879
ZNF556,-0.7207391858960879
ZNF337,-0.7207391858960879
ZNF554,-0.7207391858960879
ZNF705G,-0.7207391858960879
ZNF599,-0.7207391858960879
ZNF491,-0.7207391858960879
ZNF343,-0.7207391858960879
ZNF440,-0.7207391858960879
ZNF439,-0.7207391858960879
ZNF177,-0.7207391858960879
ZNF550,-0.7207391858960879
ZNF69,-0.7207391858960879
ZNF596,-0.7207391858960879
ZNF329,-0.7207391858960879
ZNF589,-0.7207391858960879
ZNF559,-0.7207391858960879
ZNF80,-0.7207391858960879
ZNF669,-0.7207391858960879
ZNF264,-0.7207391858960879
ZNF705B,-0.7207391858960879
ZNF35,-0.7207391858960879
ZNF749,-0.7207391858960879
ZNF124,-0.7207391858960879
ZNF77,-0.7207391858960879
ZNF846,-0.7207391858960879
ZNF266,-0.7207391858960879
ZNF614,-0.7207391858960879
ZNF555,-0.7207391858960879
ZNF558,-0.7207391858960879
ZNF619,-0.7207391858960879
ZNF20,-0.7207391858960879
ZNF10,-0.7207391858960879
ZNF620,-0.7207391858960879
ZNF425,-0.7207391858960879
KRBOX4,-0.7207391858960879
ZFP90,-0.7207391858960879
ZNF248,-0.7207391858960879
ZNF891,-0.7207391858960879
ZNF875,-0.7207391858960879
ZFP69B,-0.7207391858960879
ZFP69,-0.7207391858960879
ZNF70,-0.7207391858960879
ZNF19,-0.7207391858960879
ZFP37,-0.7207391858960879
ZNF133,-0.7207391858960879
ZNF705D,-0.7207391858960879
ZNF557,-0.7207391858960879
ZNF705A,-0.7207391858960879
ZNF763,-0.7207391858960879
ZNF560,-0.7207391858960879
ZNF684,-0.7207391858960879
ZNF582,-0.7207391858960879
ZNF805,-0.7207391858960879
ZNF404,-0.7207391858960879
ZNF169,-0.7207391858960879
MFN2,-0.7207840725384634
MFN1,-0.7207840725384634
PSMG2,-0.7210395601348455
CMPK1,-0.7223528151868207
PTOV1,-0.7227572004201321
MED25,-0.7227572004201321
ALS2CL,-0.7229989513557328
MORN1,-0.7229989513557328
EIF2B4,-0.7250354209085889
AMMECR1L,-0.7252545146599482
AMMECR1,-0.7252545146599482
MRPL21,-0.7262695980041314
MAGIX,-0.7274069605917048
GRIP1,-0.7274069605917048
DNAJB9,-0.7276797930308924
NUP54,-0.7279974121800666
SEPHS1,-0.7287615988249707
SEPHS2,-0.7287615988249707
DCLRE1A,-0.7295308862721033
OSTF1,-0.7308015611825727
C3orf38,-0.7330373150813598
MRPL11,-0.7336877087925292
HMOX2,-0.7358681578937376
HMOX1,-0.7358681578937376
MT-ND5,-0.7363371806709942
ZRANB2,-0.7369171141128233
SPZ1,-0.7410405438508662
CTAGE9,-0.7410405438508662
MIA3,-0.7410405438508662
CTAGE1,-0.7410405438508662
CTAGE8,-0.7410405438508662
MIA2,-0.7410405438508662
MIA,-0.7410405438508662
OTOR,-0.7410405438508662
CTAGE15,-0.7410405438508662
CTAGE4,-0.7410405438508662
CTAGE6,-0.7410405438508662
NPLOC4,-0.7419667719564419
NCAPD2,-0.7425325768751941
OSBPL11,-0.7445834334588167
OSBPL6,-0.7445834334588167
OSBPL2,-0.7445834334588167
OSBPL10,-0.7445834334588167
OSBPL7,-0.7445834334588167
OSBPL1A,-0.7445834334588167
OSBPL8,-0.7445834334588167
OSBP,-0.7445834334588167
GOSR1,-0.7450035567503438
CASP10,-0.7452210444243463
RBM17,-0.7460817852496305
DPY19L4,-0.7468253850651979
DPY19L3,-0.7468253850651979
RANBP10,-0.7491240590034688
RANBP9,-0.7491240590034688
SENP8,-0.7497874334741765
CTH,-0.7510657685899024
MED30,-0.7522279423733542
KANSL2,-0.7530816470428988
ELOVL5,-0.7547372708460112
ELOVL2,-0.7547372708460112
ELOVL4,-0.7547372708460112
SUMO2,-0.7555614879075139
SUMO3,-0.7555614879075139
SUMO4,-0.7555614879075139
C2orf66,-0.7555647612142167
PGAP1,-0.7555647612142167
NMT1,-0.7557971329294906
NMT2,-0.7557971329294906
TP53I13,-0.7566914125813589
SPO11,-0.7571589471176403
MTF1,-0.7598888397917004
UGGT2,-0.7604629225648993
UGGT1,-0.7604629225648993
OLA1,-0.7613555499000727
PDC,-0.762691929860765
PDCL,-0.762691929860765
MTCH2,-0.7639017838646098
MTCH1,-0.7639017838646098
LRR1,-0.7660229216553527
COPZ1,-0.7666723166716338
COPZ2,-0.7666723166716338
SIL1,-0.7671777177100543
COA5,-0.7671864108925568
CAMKMT,-0.7689202375795314
RPL21,-0.770269090255792
ABI3,-0.7706168170964168
MAGEB16,-0.7706839200167565
MAGEA2B,-0.7706839200167565
MAGEB6B,-0.7706839200167565
MAGED1,-0.7706839200167565
MAGEA9,-0.7706839200167565
TRO,-0.7706839200167565
MAGEB1,-0.7706839200167565
MAGEA11,-0.7706839200167565
MAGEB6,-0.7706839200167565
MAGEB18,-0.7706839200167565
MAGEA1,-0.7706839200167565
MAGEC2,-0.7706839200167565
MAGEL2,-0.7706839200167565
MAGEE1,-0.7706839200167565
MAGEA9B,-0.7706839200167565
MAGEB2,-0.7706839200167565
MAGEA2,-0.7706839200167565
MAGEB5,-0.7706839200167565
MAGEA6,-0.7706839200167565
MAGEB3,-0.7706839200167565
MAGEA4,-0.7706839200167565
MAGEA10,-0.7706839200167565
MAGEA12,-0.7706839200167565
MAGEE2,-0.7706839200167565
MAGED2,-0.7706839200167565
MAGEH1,-0.7706839200167565
MAGEB10,-0.7706839200167565
MAGEB4,-0.7706839200167565
MAGED4,-0.7706839200167565
MAGEF1,-0.7706839200167565
MAGEC3,-0.7706839200167565
MAGED4B,-0.7706839200167565
MAGEC1,-0.7706839200167565
NDN,-0.7706839200167565
MAGEA8,-0.7706839200167565
MAGEA3,-0.7706839200167565
MAGEB17,-0.7706839200167565
NIPAL1,-0.7711722544578302
NIPAL4,-0.7711722544578302
NIPAL3,-0.7711722544578302
WDTC1,-0.7739506775874768
MRPL48,-0.7743187670150391
GLRX3,-0.7749173853685674
USP39,-0.7757351488930607
TADA1,-0.7772094261708881
TMEM183A,-0.7781360052005192
CSRNP3,-0.7789219040209097
CSRNP1,-0.7789219040209097
CSRNP2,-0.7789219040209097
ORC2,-0.779842984954252
PEX2,-0.7801760340489339
STX7,-0.7809585202306414
STX12,-0.7809585202306414
SIRT4,-0.7811950315920857
ATXN2L,-0.7822645903668564
DMAC2,-0.7838774799993289
OXLD1,-0.7858188099770367
ELOC,-0.7891023454121853
DMWD,-0.7907687917184617
WDR20,-0.7907687917184617
AGA,-0.7910593599018941
RRM1,-0.7918569945987571
RTCB,-0.7921700304964578
BPHL,-0.7937308379257992
ERGIC3,-0.7939991019870928
NODAL,-0.7941763672329935
U2AF1,-0.7942481040612765
U2AF1L4,-0.7942481040612765
TDRD3,-0.7955431002995709
RUVBL2,-0.7959627257874226
SP1,-0.7961029298223984
SLC25A44,-0.797014960586968
G2E3,-0.797263301902589
PHF7,-0.797263301902589
PHF11,-0.797263301902589
PHF6,-0.797263301902589
SAP18,-0.7976753455931965
TUBB2A,-0.798142092462271
TUBB2B,-0.798142092462271
MRPL36,-0.7983589702198137
INO80E,-0.7999759837275501
PNISR,-0.8014604056686832
FANCI,-0.8027661787843052
CDK11A,-0.8027825022107767
CDK11B,-0.8027825022107767
DPM1,-0.8037617313245321
AHR,-0.8044687233225349
RPS4Y1,-0.8066913655140174
RPS4X,-0.8066913655140174
RPS4Y2,-0.8066913655140174
GARS1,-0.8075074083463156
GTF2E1,-0.8078548500593694
CWC22,-0.8093163537384938
SARS2,-0.811060361214964
MRPS35,-0.8112371449570078
DNER,-0.8134486087410712
JAG2,-0.8134486087410712
DLL4,-0.8134486087410712
DLL1,-0.8134486087410712
NOTCH4,-0.8134486087410712
JAG1,-0.8134486087410712
NT5DC1,-0.8142256044875006
MAP7D2,-0.8144205023205405
MAP7D3,-0.8144205023205405
MAP7,-0.8144205023205405
MAP7D1,-0.8144205023205405
FICD,-0.8162305558333236
C8orf82,-0.8189294706246172
PCMT1,-0.8194201358806824
PRPF40A,-0.8196817981123754
PRPF40B,-0.8196817981123754
SENP5,-0.8201302222860294
SENP3,-0.8201302222860294
SENP2,-0.8201302222860294
SCFD1,-0.8231170569595115
MT-CO2,-0.8278250101516115
ABCD3,-0.8293780604357817
VPS54,-0.8294274073081302
UFD1,-0.8298833381066243
RAB11FIP5,-0.8306493913599181
RAB11FIP2,-0.8306493913599181
RAB11FIP1,-0.8306493913599181
ACTR10,-0.8309757650232356
MIEN1,-0.8335315823806498
RPS23,-0.8336612790668377
PIK3R3,-0.8354052561777388
PIK3R2,-0.8354052561777388
NDUFS1,-0.8355335771028449
EPG5,-0.836635036434338
LSM11,-0.837850812078392
CCDC43,-0.8380678125078345
MOCS3,-0.8384833953305615
NOP9,-0.838818209476975
WIPI1,-0.8412417697428
RPL13,-0.8433847058036974
ACIN1,-0.8440094576145392
PLIN1,-0.8449139620766767
PLIN3,-0.8449139620766767
PLIN5,-0.8449139620766767
PLIN4,-0.8449139620766767
PLIN2,-0.8449139620766767
MRPS17,-0.8462898560045699
SEC24D,-0.8478030368121543
ARPC1B,-0.8493176882646597
ARPC1A,-0.8493176882646597
MT-CYB,-0.850946595191859
ACSL5,-0.8510102191422819
EIF5A2,-0.8524439366759216
EIF5AL1,-0.8524439366759216
EIF5A,-0.8524439366759216
FITM1,-0.8532542899431094
FITM2,-0.8532542899431094
INTS11,-0.8542539854942213
NTAN1,-0.8542817365651385
IWS1,-0.8545999255117578
TCHHL1,-0.8545999255117578
SAMD15,-0.8545999255117578
MAPK11,-0.8547783403965735
PAN3,-0.8550040961527852
PDE4D,-0.855027114734995
PDE7B,-0.855027114734995
PDE8B,-0.855027114734995
PDE3B,-0.855027114734995
PDE1C,-0.855027114734995
PDE4A,-0.855027114734995
PDE5A,-0.855027114734995
PDE1B,-0.855027114734995
PDE6B,-0.855027114734995
PDE3A,-0.855027114734995
PDE7A,-0.855027114734995
PDE8A,-0.855027114734995
PDE6C,-0.855027114734995
PDE11A,-0.855027114734995
PDE4C,-0.855027114734995
PDE6A,-0.855027114734995
BSCL2,-0.8552702637306074
NFS1,-0.855310294413184
TIPRL,-0.8553575329123801
GDI1,-0.8553933805657269
GDI2,-0.8553933805657269
CBLL1,-0.8555834335188457
CBLL2,-0.8555834335188457
PRPF19,-0.855814508865771
ASPG,-0.8561948114348833
NADSYN1,-0.8565339455709192
SNRPA1,-0.856671545542672
SMURF2,-0.85690822162816
PLEKHM3,-0.8574096020275449
PLEKHM1,-0.8574096020275449
RUBCN,-0.8574096020275449
RUBCNL,-0.8574096020275449
ATP1A3,-0.8585618109570299
DTL,-0.8595622127815795
PRDM1,-0.859818382336794
GBP5,-0.8599858891458059
RNF112,-0.8599858891458059
GBP4,-0.8599858891458059
GBP6,-0.8599858891458059
ATL2,-0.8599858891458059
GBP3,-0.8599858891458059
GBP2,-0.8599858891458059
ATL1,-0.8599858891458059
GBP7,-0.8599858891458059
GBP1,-0.8599858891458059
SOD2,-0.8601481781715234
PHF14,-0.8603229700088431
CCDC28A,-0.8612496229382655
CCDC28B,-0.8612496229382655
TRMT13,-0.8621558587429405
MED11,-0.8626110887810154
HPS4,-0.8626377104141157
ABCB6,-0.8644362198525903
SFSWAP,-0.8687469426730343
PPP1R11,-0.8696724417325151
PPT1,-0.8697132001799407
CDK3,-0.8713049210502377
SRD5A3,-0.8719519258452328
RAB36,-0.8721221157069222
PLA2G15,-0.8724243981376677
RAD54L,-0.8734191630015407
ZRSR2,-0.8748765535072727
TMEM222,-0.8749358311689714
COQ8B,-0.8750862378865071
ARL5B,-0.8754884812975378
RALGAPB,-0.8761920348962421
MRPL20,-0.8766210638060766
NOSIP,-0.8779765921051494
GBX1,-0.8826433321701266
GBX2,-0.8826433321701266
HPF1,-0.8835249814367381
FAT4,-0.8838933049979507
CHERP,-0.8848356728777447
APLF,-0.8851663219332544
PPM1D,-0.8863205124095247
VPS37A,-0.8904262501305565
POLE,-0.8906448783901532
NDUFA7,-0.8929730348545311
RABGGTA,-0.8935276286091132
BCL7B,-0.8951114416863811
SLC25A12,-0.8955449516272023
SLC35B2,-0.8957952985459783
MRPL15,-0.8995270115420287
C9orf78,-0.9007895298817924
CSDC2,-0.9010505658076472
CARHSP1,-0.9010505658076472
MID1IP1,-0.902167879301722
THRSP,-0.902167879301722
RPS2,-0.9025011600813526
LLGL2,-0.9031354632886084
LLGL1,-0.9031354632886084
ARID4A,-0.9033359998338406
ARID5A,-0.9033359998338406
ARID4B,-0.9033359998338406
ARID5B,-0.9033359998338406
SEPTIN10,-0.9039518266920148
BTRC,-0.904016434973385
AGGF1,-0.9052330960065316
ARL17A,-0.9058975855548416
ARF1,-0.9058975855548416
ARF3,-0.9058975855548416
ARL17B,-0.9058975855548416
VTA1,-0.906008850007433
MTG1,-0.9079377778406048
GCLM,-0.9081262510595852
HDAC9,-0.9082668059293812
TBC1D24,-0.909213018853446
TTC36,-0.9109930422373584
MSX1,-0.9113073836440106
MSX2,-0.9113073836440106
ZWILCH,-0.9116302401695184
CLP1,-0.9116365618718412
SEC61G,-0.9116971766397324
TMEM209,-0.9133003029657706
MED22,-0.9136772923779164
MVB12A,-0.9161375032298732
SNX21,-0.9184768506255472
SNX20,-0.9184768506255472
AIMP1,-0.9197463232152716
FNBP4,-0.9219491550901474
DIAPH2,-0.9219491550901474
DIAPH1,-0.9219491550901474
FHOD1,-0.9219491550901474
SHTN1,-0.9219491550901474
FMNL3,-0.9219491550901474
FMNL1,-0.9219491550901474
DYNC1LI2,-0.9223930746232124
DYNC1LI1,-0.9223930746232124
UVRAG,-0.9232339878075184
EEF1G,-0.9257050931009098
WAC,-0.9267412642429932
DDX4,-0.9270039821565838
SAYSD1,-0.9281232015106512
NEDD8,-0.92845296985085
PRDM13,-0.9291329732622644
POLR2G,-0.9291470950728642
TACO1,-0.93189696803172
RECK,-0.9339119468158036
ACY1,-0.9362485349067662
ERP44,-0.9365896155694168
LIPT2,-0.937504237189668
CYRIB,-0.9384023866476772
CYRIA,-0.9384023866476772
FLAD1,-0.9400985225683643
PHF2,-0.9409686927578662
PPM1K,-0.9422152605599584
PISD,-0.943556870506234
SF3A3,-0.9442786421536408
ZXDB,-0.9452127763992326
ZXDC,-0.9452127763992326
ZXDA,-0.9452127763992326
UXS1,-0.9459116286333356
ENDOG,-0.946521966901905
TMEM14C,-0.947567351857591
RFC3,-0.9512810802280304
PLD1,-0.9529644932357052
PLD2,-0.9529644932357052
BAIAP2L2,-0.9550260355041869
BAIAP2,-0.9550260355041869
BAIAP2L1,-0.9550260355041869
LEPROTL1,-0.9561783482891578
LEPROT,-0.9561783482891578
TP73,-0.956927218954768
TP53,-0.956927218954768
TP63,-0.956927218954768
PPP1R3F,-0.95748569655372
PPP1R3A,-0.95748569655372
PPP1R3D,-0.95748569655372
PPP1R3C,-0.95748569655372
PPP1R3B,-0.95748569655372
PPP1R3G,-0.95748569655372
OSTM1,-0.9594009709527892
TMEM161A,-0.959438845948763
TMEM161B,-0.959438845948763
CCDC34,-0.9596372078261572
R3HCC1,-0.9598202975627684
R3HCC1L,-0.9598202975627684
EIF5,-0.9600974863133864
TRMT6,-0.9602771399338432
BMPR1B,-0.96093248301111
FLOT1,-0.9617345064387338
IFRD1,-0.9630807053657078
IFRD2,-0.9630807053657078
CLPX,-0.9652863590650874
FANCL,-0.9659847813955432
NCKAP5,-0.9660935981158986
NCKAP5L,-0.9660935981158986
COPS9,-0.9683172075825512
DARS2,-0.9697914695282496
SPARCL1,-0.9708854462624597
SPARC,-0.9708854462624597
RNASEH2B,-0.9712210888715566
CTSE,-0.973558349727666
ADCK5,-0.9737656075418628
TAX1BP3,-0.9748854294931922
GLUL,-0.9752248187960536
EEF1AKMT2,-0.9754293798373924
INTS14,-0.9760418067617388
PI4K2B,-0.9783804511036466
PI4K2A,-0.9783804511036466
TRAM1L1,-0.9786147859830532
TRAM2,-0.9786147859830532
TRAM1,-0.9786147859830532
MOGS,-0.9799535598269662
PIWIL2,-0.9803807914800434
CCDC63,-0.9817796565065688
CRAMP1,-0.9828579312272534
MANF,-0.9831748611861552
CDNF,-0.9831748611861552
PHAX,-0.9832221131872442
CINP,-0.985764513832772
TEX261,-0.9871060384515672
ZFP42,-0.9937074651732564
YY2,-0.9937074651732564
ADAT2,-0.9941572342240484
WWTR1,-0.9951727199193218
YAP1,-0.9951727199193218
SPPL3,-0.9966813402112366
MED23,-0.9970264956407257
SLC25A34,-0.9976265988693588
CHN2,-0.9982790745345748
CHN1,-0.9982790745345748
PHB2,-0.998480076418168
SLC35E1,-1.0003260593974883
NINL,-1.0004177106684988
NIN,-1.0004177106684988
PEX5L,-1.0006908840032556
PEX5,-1.0006908840032556
FOXL2,-1.0026466922559858
SRRT,-1.0030534140308371
FAM47A,-1.0046387258540848
FMN2,-1.0046387258540848
FAM47B,-1.0046387258540848
FAM47C,-1.0046387258540848
SAFB,-1.0051286083076318
SLTM,-1.0051286083076318
SAFB2,-1.0051286083076318
MED27,-1.0065109720752947
MRPL16,-1.0068598278587222
FGFR1OP2,-1.0072890930029257
SIKE1,-1.0072890930029257
C1R,-1.008983429870001
C1RL,-1.008983429870001
CFI,-1.008983429870001
HP,-1.008983429870001
KLK10,-1.008983429870001
PRSS55,-1.008983429870001
PRSS51,-1.008983429870001
KLKB1,-1.008983429870001
HPR,-1.008983429870001
FBXO45,-1.0110196633822104
NAGLU,-1.0112820167597132
NOTCH2NLB,-1.012255059122108
NOTCH2NLA,-1.012255059122108
NOTCH2NLC,-1.012255059122108
NOTCH2NLR,-1.012255059122108
TTLL1,-1.0130162546152108
INTS5,-1.0133573745552926
MT-CO3,-1.0157360991420867
PIGG,-1.0202304504660438
RNF182,-1.0215376796675195
RC3H1,-1.0215376796675195
RNF228,-1.0215376796675195
RC3H2,-1.0215376796675195
RNF224,-1.0215376796675195
RNF227,-1.0215376796675195
XRN1,-1.022474123123023
SIX1,-1.022537034356913
CASP8AP2,-1.0226961107374766
TAF11L11,-1.0236399169767565
LINC02218,-1.0236399169767565
TAF11L5,-1.0236399169767565
TAF11L14,-1.0236399169767565
TAF11L12,-1.0236399169767565
TAF11L3,-1.0236399169767565
TAF11L2,-1.0236399169767565
TAF11L7,-1.0236399169767565
TAF11L6,-1.0236399169767565
TAF11,-1.0236399169767565
TAF11L13,-1.0236399169767565
TAF11L8,-1.0236399169767565
TAF11L9,-1.0236399169767565
TAF11L10,-1.0236399169767565
TAF11L4,-1.0236399169767565
COPS5,-1.0238170910619688
ADORA1,-1.0244139743824414
ADORA2B,-1.0244139743824414
ADORA3,-1.0244139743824414
ADORA2A,-1.0244139743824414
RPAIN,-1.024526464194049
EMC7,-1.025905806083443
NT5E,-1.0259377584739422
RNF181,-1.026840865031161
FOXB2,-1.0279123728479802
TWF2,-1.0281509002345075
TWF1,-1.0281509002345075
PAIP1,-1.0282375483997006
STRAP,-1.0287480036867311
CIAO1,-1.0298460895799189
ZNF598,-1.0304508128049013
TRAPPC4,-1.0324847540347053
RRBP1,-1.0325871451942386
USB1,-1.033598872065232
PARS2,-1.0336172781662103
HYOU1,-1.0344069944711565
FNTA,-1.0345776353294645
UBA52,-1.0349285531319783
IDH1,-1.0360066335879887
SSBP1,-1.0370255792045044
SUCLG2,-1.0376183945822752
SFI1,-1.0377010211791162
CCDC191,-1.0377010211791162
NUP58,-1.0392983214576497
REELD1,-1.0417505639100362
FRRS1,-1.0417505639100362
FRRS1L,-1.0417505639100362
EPHX1,-1.0424539964043802
TMEM115,-1.042547511128744
CIT,-1.0435937382528984
RPL27,-1.0450106944793052
PXYLP1,-1.0471091067787202
ERCC3,-1.0473567935178878
CSTF1,-1.0489467618529045
CUTA,-1.04927659524837
PARVA,-1.0495078136161509
PARVG,-1.0495078136161509
PARVB,-1.0495078136161509
LINGO4,-1.0502523161896749
LINGO3,-1.0502523161896749
MAP3K6,-1.0506792535953566
MAP3K15,-1.0506792535953566
MAP3K5,-1.0506792535953566
RABGGTB,-1.0517977668357064
GOLGA8M,-1.0534706851430276
GOLGA8R,-1.0534706851430276
GOLGA8J,-1.0534706851430276
GOLGA6A,-1.0534706851430276
GOLGA6C,-1.0534706851430276
GOLGA6B,-1.0534706851430276
GOLGA8H,-1.0534706851430276
GOLGA8S,-1.0534706851430276
GOLGA8T,-1.0534706851430276
GOLGA2,-1.0534706851430276
GOLGA8B,-1.0534706851430276
GOLGA8G,-1.0534706851430276
GOLGA8K,-1.0534706851430276
GOLGA8F,-1.0534706851430276
GOLGA8A,-1.0534706851430276
GOLGA6D,-1.0534706851430276
GOLGA8Q,-1.0534706851430276
GOLGA8O,-1.0534706851430276
GOLGA8N,-1.0534706851430276
RAB5IF,-1.053676624440434
CRLF3,-1.0544756827983923
ATAD5,-1.0544756827983923
DNAAF1,-1.056135289136695
IFT20,-1.0569056226984572
EHD1,-1.0579051191819135
LITAF,-1.0585604431454216
CDIP1,-1.0585604431454216
PRMT7,-1.0592446984910742
ALG3,-1.0596577355262666
RWDD1,-1.0635397142758931
ENY2,-1.0636615356172976
PTCH1,-1.063662765626715
DISP1,-1.063662765626715
PTCH2,-1.063662765626715
PTCHD3,-1.063662765626715
PTCHD4,-1.063662765626715
NPC1L1,-1.063662765626715
PTCHD1,-1.063662765626715
DISP2,-1.063662765626715
DISP3,-1.063662765626715
PAK1,-1.064210557861541
PAK2,-1.064210557861541
PAK3,-1.064210557861541
MUL1,-1.0642499873280415
RECQL4,-1.0652836699694317
TMEM231,-1.066839643363228
ASAH2B,-1.068171063968318
ASAH2,-1.068171063968318
GATA5,-1.0699014418218025
SKP1,-1.0702329330080538
TENT4A,-1.0707373370232112
TENT4B,-1.0707373370232112
TMEM64,-1.0711776859036062
EXTL3,-1.0728226025472531
RBM18,-1.0733019402353967
CHAC1,-1.0752391528826155
GGH,-1.0787013474892069
TPBG,-1.079436437398395
MRPL47,-1.0803038796962534
DAAM1,-1.0806168832095524
CERS4,-1.0830894333602803
CERS6,-1.0830894333602803
CERS3,-1.0830894333602803
CERS2,-1.0830894333602803
CERS5,-1.0830894333602803
IRAK2,-1.0841767723496691
IRAK1,-1.0841767723496691
IRAK3,-1.0841767723496691
HASPIN,-1.0841767723496691
VAMP7,-1.084533749391443
DYNC2LI1,-1.0872027955464183
CAPSL,-1.0883921020034455
BBX,-1.0895354489936082
SMARCE1,-1.0909253908486285
NAIF1,-1.0913700678423894
OTUD6B,-1.0923468391819298
OTUD3,-1.0923468391819298
OTUD1,-1.0923468391819298
OTUD4,-1.0923468391819298
OTUD6A,-1.0923468391819298
PABPN1,-1.094834832630409
RPLP1,-1.096083010268106
DENND4B,-1.0970552763830637
DENND3,-1.0970552763830637
DENND4C,-1.0970552763830637
RPS25,-1.099916024320613
CLEC4E,-1.1021147567957534
CLEC4F,-1.1021147567957534
RAD50,-1.102280178887878
PREP,-1.1023520963771358
PREPL,-1.1023520963771358
MOB4,-1.1053355584470514
EPB41L4A,-1.106119188792867
EPB41L5,-1.106119188792867
NPEPPS,-1.1094095158803103
TCF3,-1.1098105158996514
TCF4,-1.1098105158996514
TCF12,-1.1098105158996514
ASH2L,-1.111552889722541
MED19,-1.1139307284329023
GUK1,-1.1144919457892366
SHC4,-1.1148083987501725
PGAM1,-1.114830642556433
PGAM4,-1.114830642556433
PGAM2,-1.114830642556433
VANGL1,-1.114887860081817
VANGL2,-1.114887860081817
ABHD3,-1.1156639932575656
ABHD1,-1.1156639932575656
DAD1,-1.1179563902765044
CYB561A3,-1.119151020226414
CYB561,-1.119151020226414
CYBRD1,-1.119151020226414
RPS12,-1.1193907589253331
NSFL1C,-1.1202868979153404
UBXN2B,-1.1202868979153404
UBXN2A,-1.1202868979153404
UHMK1,-1.1220806527049951
CSTF2T,-1.1220806527049951
CSTF2,-1.1220806527049951
ATXN1,-1.123288387463995
ATXN1L,-1.123288387463995
JUN,-1.1246931546283143
JUND,-1.1246931546283143
JUNB,-1.1246931546283143
YOD1,-1.125644808325471
WDR59,-1.1273887243562954
NUDT9,-1.129695031967232
TMEM60,-1.130397098838363
PIP4P1,-1.1307844763754886
PIP4P2,-1.1307844763754886
FAU,-1.1308826369020526
TMEM94,-1.1314785831503535
PRDX3,-1.1322900513595688
PDCD5,-1.132341148436505
MARF1,-1.1338973055100687
OTOF,-1.1339565528459028
DYSF,-1.1339565528459028
MYOF,-1.1339565528459028
FER1L5,-1.1339565528459028
FER1L6,-1.1339565528459028
LPCAT3,-1.13538252648589
BORCS6,-1.135453645036223
PPIP5K2,-1.13779498132222
PPIP5K1,-1.13779498132222
HES4,-1.1381208426561191
PRMT5,-1.1383800664217234
MKNK2,-1.1403222222741352
PPWD1,-1.1411925368467644
MRPL41,-1.1422527894976882
HACD4,-1.1436827263728269
HACD3,-1.1436827263728269
RPL4,-1.1444511241829591
TAF5,-1.1466841901347842
INSC,-1.1477831250703263
LSM10,-1.148039435457788
ANKRD49,-1.1483639459294064
CFAP206,-1.1497627529604906
DIXDC1,-1.151208333171988
MEMO1,-1.1534661187645276
GTPBP1,-1.153981811543247
JMJD7,-1.1546586958950271
SURF4,-1.1553193659463117
IKBKE,-1.1584302567507925
TBK1,-1.1584302567507925
CA2,-1.1593840450810424
PARD3,-1.1601411376112511
PARD3B,-1.1601411376112511
PRKAA2,-1.1611050308805213
RPSA,-1.1659843664533307
RPSA2,-1.1659843664533307
CDK5RAP3,-1.167854765366605
RPL6,-1.1689892726239806
BICDL1,-1.1704396114897235
BICDL2,-1.1704396114897235
BPNT1,-1.1711122825811315
UBAP2,-1.172109673024288
UBAP2L,-1.172109673024288
TAF10,-1.1732441408437189
TCP1,-1.1741719416517589
CCT3,-1.175420284870935
GK5,-1.176478745877267
IDI1,-1.1766338945961652
IDI2,-1.1766338945961652
RBM22,-1.1776613652125496
POLR3A,-1.179004334071905
DHX38,-1.1795612000638065
UPF3B,-1.1805753441242557
UPF3A,-1.1805753441242557
TTC14,-1.1806123915030629
NUS1,-1.1813820451053962
FAXDC2,-1.1838416101371698
SLCO4A1,-1.186966751358086
CLCN7,-1.1877168085251375
IQCA1L,-1.189165231368723
IQCA1,-1.189165231368723
NPR1,-1.1902598171486545
GMPPB,-1.1909413542166143
ACVR2A,-1.1924329784302714
ACVR1C,-1.1924329784302714
ACVR1B,-1.1924329784302714
FLVCR2,-1.192893881524858
FLVCR1,-1.192893881524858
TXNDC17,-1.1938415866063428
CCNL1,-1.194964538290432
CCNH,-1.194964538290432
CCNT1,-1.194964538290432
CCNL2,-1.194964538290432
MAD2L1BP,-1.1977996275730771
TSPEAR,-1.199354185058521
ANKLE2,-1.1994245970983015
PPP1R37,-1.199585201368575
COG8,-1.200116012846511
SKIC8,-1.200898382445715
NDUFAF5,-1.200916048025407
TP53RK,-1.202588205028313
SF1,-1.2056264098774765
VTI1B,-1.2056722573667544
SLC33A1,-1.2073313654486393
MFSD3,-1.2073313654486393
PPIB,-1.212682314458799
PPIE,-1.212682314458799
NKTR,-1.212682314458799
PPIC,-1.212682314458799
PPIL6,-1.212682314458799
AMACR,-1.2134195769000462
TMEM135,-1.2150544676370914
DDB1,-1.2151937976492968
HSFX2,-1.216841429471649
HSFX1,-1.216841429471649
HSF4,-1.216841429471649
HSFX3,-1.216841429471649
HSF5,-1.216841429471649
HSFX4,-1.216841429471649
HSFY2,-1.216841429471649
HSF2,-1.216841429471649
HSFY1,-1.216841429471649
HSF1,-1.216841429471649
TAF8,-1.218429413534896
ESPL1,-1.2184558734909527
GRPEL2,-1.2193087313483415
GRPEL1,-1.2193087313483415
NKAIN1,-1.2194363301721212
NKAIN3,-1.2194363301721212
NKAIN4,-1.2194363301721212
NKAIN2,-1.2194363301721212
TIMM9,-1.2199452679321066
RAPGEF1,-1.2212776064230444
SAPCD1,-1.222691766053264
GPC3,-1.2235891324745896
GPC5,-1.2235891324745896
QDPR,-1.224094457864671
SAP30BP,-1.2249874703079742
TXLNG,-1.2256654720224636
TXLNB,-1.2256654720224636
COTL1,-1.2274347456590615
EIF2S2,-1.229118675546253
TBCK,-1.2298682257943865
PTPMT1,-1.2313833912901917
PHOSPHO1,-1.2315482114558916
PHOSPHO2,-1.2315482114558916
ACP1,-1.23223201718097
HPS5,-1.2322970092174736
SYMPK,-1.2348897253048794
PRADC1,-1.2360556415597694
DGCR2,-1.2362164814371868
PCNA,-1.2414097121082233
APH1B,-1.2421521613833992
APH1A,-1.2421521613833992
SART3,-1.2426523133214482
EXOSC2,-1.2441062998954455
RPL9,-1.244463464155133
CAT,-1.2444713120771005
FZR1,-1.2476240987573302
FBXL18,-1.2506209931499817
FBXL7,-1.2506209931499817
FBXL3,-1.2506209931499817
SKP2,-1.2506209931499817
FBXL22,-1.2506209931499817
FBXL6,-1.2506209931499817
FBXL2,-1.2506209931499817
FBXL15,-1.2506209931499817
FBXL13,-1.2506209931499817
FBXL20,-1.2506209931499817
FBXL5,-1.2506209931499817
FBXL17,-1.2506209931499817
NAPRT,-1.253404120775311
DOCK2,-1.2536594331415625
PNRC1,-1.2548058695313815
PNRC2,-1.2548058695313815
MEOX2,-1.2574190585297742
MEOX1,-1.2574190585297742
GET1,-1.259777561461907
RPS3,-1.259777561461907
DDIT4L,-1.261133565810259
DDIT4,-1.261133565810259
PIK3CA,-1.262959974964177
SAMD4B,-1.2654189854376043
SAMD4A,-1.2654189854376043
DPM3,-1.2665397780947971
CWF19L2,-1.2678728847144782
MSN,-1.2691691018742497
RDX,-1.2691691018742497
ERMN,-1.2691691018742497
EZR,-1.2691691018742497
NANP,-1.2699449328601122
EMSY,-1.2712151636965414
MUS81,-1.2750966387362392
LRPAP1,-1.281078361425533
NFKB2,-1.28177992634197
REL,-1.28177992634197
NFKB1,-1.28177992634197
RELA,-1.28177992634197
RELB,-1.28177992634197
CBX3,-1.2826023596551863
DLG5,-1.284949378165304
CYB5D2,-1.2854037937882328
SLC38A10,-1.2887553792167104
PLOD1,-1.2902448539329212
PLOD3,-1.2902448539329212
PLOD2,-1.2902448539329212
DERL1,-1.2903915566099606
BCAS2,-1.29083071385229
DMAP1,-1.2910093601166104
GSTZ1,-1.291289450152729
EOGT,-1.2913269016211608
FLOT2,-1.2925940090654051
ATP6V1F,-1.294815280313267
PTGES,-1.299075177364985
MGST1,-1.299075177364985
CELF4,-1.299117426439702
CELF3,-1.299117426439702
CELF2,-1.299117426439702
CELF1,-1.299117426439702
SRRM1,-1.3002303147155037
CCNYL1,-1.3004223258020338
CCNYL1B,-1.3004223258020338
CCNY,-1.3004223258020338
CDC23,-1.3010004235578176
RPS21,-1.30490606304893
GMPS,-1.3049532246750344
CNPY2,-1.3056605639121068
CNPY1,-1.3056605639121068
N/A,-1.3056605639121068
POFUT2,-1.3060751603326688
RPUSD2,-1.3069741336254392
ANAPC5,-1.3085743976047255
DNAH1,-1.309661209851842
PDK1,-1.310537737702888
PDK2,-1.310537737702888
PDK4,-1.310537737702888
PDK3,-1.310537737702888
TPT1,-1.3111197503220064
RTEL1,-1.31120224947464
GPAA1,-1.3124569220937483
PDHA2,-1.3128644834143122
PDHA1,-1.3128644834143122
RPL12,-1.3139000067223388
ELP4,-1.3143728957461391
ZBTB7A,-1.318761498038882
ZNF367,-1.318761498038882
ZNF740,-1.318761498038882
ZBTB43,-1.318761498038882
ZBTB5,-1.318761498038882
CNBP,-1.318784543686408
ZCCHC13,-1.318784543686408
DET1,-1.3193474321412526
CYB5A,-1.3210153292135374
TRMU,-1.3214131352509777
HIGD1A,-1.3225120703989666
HIGD1B,-1.3225120703989666
HIGD1C,-1.3225120703989666
ARGLU1,-1.3249420563118264
KCTD9,-1.3271791377724789
SCNN1D,-1.3272701859426792
ASIC3,-1.3272701859426792
ASIC2,-1.3272701859426792
ASIC4,-1.3272701859426792
ASIC1,-1.3272701859426792
SCNN1G,-1.3272701859426792
SCNN1A,-1.3272701859426792
SCNN1B,-1.3272701859426792
CLCNKB,-1.3274517656824378
CLCNKA,-1.3274517656824378
MYL9,-1.3320469326534798
SPART,-1.33310551834296
CDK1,-1.3354131323364415
VEPH1,-1.335695385164294
AHCYL2,-1.3362864821262916
AHCYL1,-1.3362864821262916
CANX,-1.3393223518709374
CLGN,-1.3393223518709374
GEMIN2,-1.3402166374612168
GAB4,-1.3423950919061125
GAB1,-1.3423950919061125
PHLDB3,-1.3423950919061125
GAB3,-1.3423950919061125
PLEKHS1,-1.3423950919061125
PHLDB1,-1.3423950919061125
GAB2,-1.3423950919061125
PHLDB2,-1.3423950919061125
DDX39A,-1.3424610369996748
THADA,-1.342671764108938
HYKK,-1.3433664296675136
KIF14,-1.3439577038731598
BLZF1,-1.345207423417235
MRPL14,-1.3452675860243184
PEX11A,-1.3458232486577453
PEX11B,-1.3458232486577453
RPL14,-1.3481508967178333
HBS1L,-1.348176985690746
CYB5B,-1.3481799576086944
GTSF1L,-1.3492010929724791
AGPAT4,-1.3562016231577287
AGPAT3,-1.3562016231577287
SRSF4,-1.3576144847078675
MTPAP,-1.3610863656062462
CLPTM1,-1.3637398543736667
YIF1A,-1.3643395856946314
YIF1B,-1.3643395856946314
IDUA,-1.3651365141055034
PRKRIP1,-1.3655410987636178
CLINT1,-1.3666194376296132
AHCY,-1.366683196181673
KCTD2,-1.3670208201933856
KCTD17,-1.3670208201933856
KCTD5,-1.3670208201933856
HINT3,-1.3679580307823986
TTC1,-1.369031656973048
VPS4B,-1.3721383295734224
LIG3,-1.372164605385748
DHX57,-1.3753399822229115
EIF3F,-1.3761199084102391
SLC5A6,-1.3773283969087216
RCE1,-1.3773465291801468
POLR2C,-1.378179581089648
LETM2,-1.3798943917888733
LETM1,-1.3798943917888733
FAM162B,-1.3805011621424466
FAM162A,-1.3805011621424466
ANKRD36C,-1.3805981126017828
ANKRD36,-1.3805981126017828
ANKRD31,-1.3805981126017828
ANKRD36B,-1.3805981126017828
CHID1,-1.3816128981164972
JMJD4,-1.3829377007490575
SARS1,-1.383057008914565
AKAP17A,-1.383771680191091
SERP1,-1.384200489772004
SERP2,-1.384200489772004
MUCL1,-1.3854356242092192
TYSND1,-1.3870557181462424
RPS11,-1.3882583834824809
SUV39H1,-1.3885507684490617
LYSMD1,-1.3896967638335411
LYSMD3,-1.3896967638335411
LYSMD2,-1.3896967638335411
LYSMD4,-1.3896967638335411
FSCN2,-1.3902771591354206
FSCN3,-1.3902771591354206
FSCN1,-1.3902771591354206
EEA1,-1.3907132898541443
MED8,-1.3909712119089943
MINPP1,-1.3927877252694707
COQ10B,-1.3972134680745834
COQ10A,-1.3972134680745834
PARK7,-1.3986635942556669
NME7,-1.400666497591955
TDRD15,-1.4028301440843711
TDRD6,-1.4028301440843711
NAF1,-1.4035671114313035
CAPZB,-1.4045273818764927
ARB2A,-1.4060063882617504
NUP50,-1.4063894703634894
SSU72L5,-1.4089497027367266
SSU72L1,-1.4089497027367266
SSU72L4,-1.4089497027367266
SSU72L6,-1.4089497027367266
SSU72L3,-1.4089497027367266
SSU72L2,-1.4089497027367266
SSU72,-1.4089497027367266
MCM6,-1.4115744510805674
MCM2,-1.4118967158650004
POMP,-1.414169423886795
PPOX,-1.414976627957056
RPS9,-1.415631242172343
RIOK3,-1.418165929924034
RPL18A,-1.418830326413981
GNPDA2,-1.4189454504194574
GNPDA1,-1.4189454504194574
ISG20L2,-1.419013047958957
REXO5,-1.419013047958957
AEN,-1.419013047958957
PSMD13,-1.4215121427148187
KCNJ8,-1.4219135144913624
KCNJ11,-1.4219135144913624
TRA2A,-1.422201436622649
MECR,-1.4223563454024717
HGD,-1.4229243664305056
EMC2,-1.4242502603766618
RPLP0,-1.424961047401605
NDUFA5,-1.425828737883709
MORF4L2,-1.4267649594686955
MORF4L1,-1.4267649594686955
MCM7,-1.426797888118465
LRMDA,-1.4281153004155918
CSE1L,-1.4291504948597993
METTL17,-1.4377070984595413
SLC5A3,-1.43800783440799
N/A,-1.43800783440799
SLC5A1,-1.43800783440799
SLC5A7,-1.43800783440799
SLC5A11,-1.43800783440799
THBD,-1.4382006402572485
ZNF564,-1.4395736257994458
ZNF613,-1.4395736257994458
ZNF382,-1.4395736257994458
IKZF1,-1.4395736257994458
ZNF649,-1.4395736257994458
IKZF2,-1.4395736257994458
ZNF821,-1.4395736257994458
ZNF350,-1.4395736257994458
IKZF4,-1.4395736257994458
ZNF567,-1.4395736257994458
ZNF639,-1.4395736257994458
IKZF3,-1.4395736257994458
CHCHD10,-1.439677146945186
ITGB2,-1.440845064237237
ITGB8,-1.440845064237237
ITGBL1,-1.440845064237237
ITGB4,-1.440845064237237
PPIF,-1.4460394554948084
GMDS,-1.447305147730818
XKR9,-1.451224900938708
XKR8,-1.451224900938708
AURKA,-1.4516110909734778
CGAS,-1.4524285448160246
MCM4,-1.4567531422967197
RNFT2,-1.4594241321998709
RNFT1,-1.4594241321998709
PIN1,-1.461816686016616
MFSD8,-1.4620659696111828
MYO7A,-1.46272113188292
SEC23B,-1.4664785762919983
EXOC8,-1.4673326487163096
CACTIN,-1.469003420604204
RB1,-1.4692365895873074
RBL1,-1.4692365895873074
RBL2,-1.4692365895873074
ETHE1,-1.471441549936763
BCO1,-1.4728027109944148
RPE65,-1.4728027109944148
BCO2,-1.4728027109944148
LMAN1L,-1.4745891557636177
NUP205,-1.475306644218363
LAMTOR4,-1.4761119601342954
ABCG2,-1.4774111153495049
SF3B6,-1.477478347881325
ZNF330,-1.4780239017647638
ACTR8,-1.478666760542787
ANAPC7,-1.4801729395512
CSAD,-1.4827330288485654
DNAJC1,-1.4833363184333526
MYOM2,-1.4839533465707773
MYBPHL,-1.4839533465707773
MYBPC2,-1.4839533465707773
MYBPC1,-1.4839533465707773
OBSL1,-1.4839533465707773
MYOM1,-1.4839533465707773
FNDC3A,-1.4839533465707773
MYBPH,-1.4839533465707773
MYOM3,-1.4839533465707773
FNDC3B,-1.4839533465707773
RPL13A,-1.488274360715523
SRXN1,-1.4889583684024037
CCP110,-1.489786635935139
TBCD,-1.4914060232998956
LBR,-1.4914350459745127
TM7SF2,-1.4914350459745127
PPP2R2B,-1.4914494104512988
PPP2R2A,-1.4914494104512988
PPP2R2D,-1.4914494104512988
PPP2R2C,-1.4914494104512988
SEC61B,-1.491904040494425
AGTRAP,-1.4966455070338684
RACGAP1,-1.4968666773645247
PEX1,-1.5004124767178535
NUB1,-1.5012533964021275
MLX,-1.5018793896328786
SAT2,-1.5051549447563644
SATL1,-1.5051549447563644
SAT1,-1.5051549447563644
COPB1,-1.5058228436858534
PLB1,-1.5078445401269744
RPS6KA1,-1.5092261069867297
RPS6KA2,-1.5092261069867297
RPS6KB1,-1.5092261069867297
RPS6KA6,-1.5092261069867297
RPS6KB2,-1.5092261069867297
RPS6KA5,-1.5092261069867297
RPS6KA4,-1.5092261069867297
RPS6KA3,-1.5092261069867297
CARS1,-1.5100904347954378
NAA30,-1.510486245482142
UBE2L6,-1.5115134692126786
CPOX,-1.5120862099506505
SUCLG1,-1.513160758086832
PPM1M,-1.513602323103443
PPM1E,-1.513602323103443
PPM1F,-1.513602323103443
PDP1,-1.513602323103443
PPM1H,-1.513602323103443
TAB1,-1.513602323103443
PDP2,-1.513602323103443
PPM1A,-1.513602323103443
PPM1B,-1.513602323103443
PPM1J,-1.513602323103443
PP2D1,-1.513602323103443
PPM1N,-1.513602323103443
FRMD3,-1.51444216219283
EPB41L4B,-1.51444216219283
EPB41,-1.51444216219283
EPB41L2,-1.51444216219283
FRMD6,-1.51444216219283
EPB41L3,-1.51444216219283
EPB41L1,-1.51444216219283
FRMD5,-1.51444216219283
SAXO1,-1.5146843569222217
SAXO2,-1.5146843569222217
RPS29,-1.515127948020181
LATS1,-1.5184123112366965
DNAJA3,-1.5189145266098791
EIF1AX,-1.5210681797407288
EIF1AY,-1.5210681797407288
SUGP1,-1.521456136328583
SUGP2,-1.521456136328583
PPIAL4D,-1.5219081937244343
PPIAL4H,-1.5219081937244343
PPIAL4C,-1.5219081937244343
PPIAL4A,-1.5219081937244343
PPIAL4E,-1.5219081937244343
PPIG,-1.5219081937244343
PPIA,-1.5219081937244343
PPIAL4F,-1.5219081937244343
PPIAL4G,-1.5219081937244343
RPL31,-1.5224750373506062
C2CD3,-1.522701408270181
LIAS,-1.524488266937644
RRAGC,-1.5297411926989162
RRAGD,-1.5297411926989162
MCPH1,-1.5300505394933015
MRPL45,-1.5302508413540763
SEC14L5,-1.532228719838423
SEC14L4,-1.532228719838423
SEC14L3,-1.532228719838423
SEC14L6,-1.532228719838423
SEC14L2,-1.532228719838423
ERI2,-1.5334999551455712
RPS15A,-1.5336521184848957
NUP133,-1.5338682468490357
KLF18,-1.5341038998303709
KLF14,-1.5341038998303709
KLF17,-1.5341038998303709
SLC35C1,-1.5411979359585908
SLC12A9,-1.5447122511084896
UCHL1,-1.5447904758065911
PEX6,-1.545009414904666
SEC22B,-1.54586758298895
NDC1,-1.5476708685208516
WIPF1,-1.5496611323425158
GEN1,-1.551263509978907
TPD52L2,-1.553010519977676
TPD52,-1.553010519977676
TPD52L3,-1.553010519977676
TPD52L1,-1.553010519977676
ZFPM1,-1.5552877371614806
ZFPM2,-1.5552877371614806
DYNLT2B,-1.5558881602916572
TMEM184C,-1.558090327350431
PTRH2,-1.5589367349866778
EIF4H,-1.560008878878826
NOX5,-1.5603310893133848
ACADVL,-1.561133741674154
TXNL1,-1.561985961415868
TMC1,-1.562398816342486
TMC2,-1.562398816342486
ERCC2,-1.5643151982951569
NUTF2,-1.5651113753766337
FBXO42,-1.565358539748425
DDX1,-1.5661056403430094
ASCC3,-1.5663792422537504
TRIP4,-1.5673562909348568
INTS2,-1.5683115690813152
MTMR3,-1.570267682211844
MTMR9,-1.570267682211844
MTMR2,-1.570267682211844
MTMR10,-1.570267682211844
MTMR6,-1.570267682211844
SBF2,-1.570267682211844
MTM1,-1.570267682211844
MTMR1,-1.570267682211844
MTMR7,-1.570267682211844
MTMR4,-1.570267682211844
MTMR11,-1.570267682211844
SBF1,-1.570267682211844
MTMR12,-1.570267682211844
ZNF318,-1.5718264817336394
TP53BP2,-1.5745114588034004
PPP1R13B,-1.5745114588034004
MAP3K2,-1.575599754930275
MAP3K3,-1.575599754930275
MAP3K4,-1.575599754930275
NEK1,-1.575599754930275
WNT6,-1.5765853335445947
SLC37A3,-1.5769320042375083
ATG16L2,-1.5798360407846692
ATG16L1,-1.5798360407846692
DNAAF11,-1.5834978115748786
BARD1,-1.5844782728294562
ZC3H3,-1.584942778640981
NUP43,-1.5882214804047017
STARD6,-1.5885276314278922
STARD3NL,-1.5885276314278922
STAR,-1.5885276314278922
STARD5,-1.5885276314278922
STARD3,-1.5885276314278922
STARD4,-1.5885276314278922
CEPT1,-1.5905634830963564
CHPT1,-1.5905634830963564
CASP7,-1.5908170569951208
CASP3,-1.5908170569951208
RBKS,-1.5910302775394145
GTF2H1,-1.5913310998910062
MRPS24,-1.5944279221004585
OGFOD1,-1.5948824120933078
PTPRO,-1.59621118226959
ARHGAP17,-1.5973582994114492
SH3BP1,-1.5973582994114492
ARHGAP44,-1.5973582994114492
TENT2,-1.5975689815856835
PLRG1,-1.5985666917219936
EED,-1.6007864473358593
HHAT,-1.601937492047982
ELL,-1.6024883528294769
ELL2,-1.6024883528294769
MARVELD2,-1.6024883528294769
OCEL1,-1.6024883528294769
ELL3,-1.6024883528294769
OCLN,-1.6024883528294769
LRP8,-1.6034214424992048
VLDLR,-1.6034214424992048
LRP12,-1.6034214424992048
LRP6,-1.6034214424992048
LRP2,-1.6034214424992048
LRP1B,-1.6034214424992048
LRP10,-1.6034214424992048
LRP3,-1.6034214424992048
NID2,-1.6034214424992048
LRP1,-1.6034214424992048
LRP4,-1.6034214424992048
UQCC1,-1.6038350124894998
SDE2,-1.6039789356416014
THBS2,-1.604415891496822
THBS4,-1.604415891496822
THBS3,-1.604415891496822
COMP,-1.604415891496822
THBS1,-1.604415891496822
ISM1,-1.604415891496822
CTNNBL1,-1.6072670567211274
KLHL12,-1.6097285710966176
INTS4,-1.6157270514334725
SEL1L,-1.6214894932720034
MRPL3,-1.6215454373017235
CHCHD2,-1.622891158035356
SOCS3,-1.624334257775318
SOCS4,-1.624334257775318
SOCS1,-1.624334257775318
SOCS2,-1.624334257775318
SOCS5,-1.624334257775318
SOCS6,-1.624334257775318
CISH,-1.624334257775318
ALKBH1,-1.6252199280230737
RSL1D1,-1.6254258578691294
RPL7A,-1.6254258578691294
PARL,-1.6257058242087268
ING4,-1.6264064591917773
ING2,-1.6264064591917773
ING1,-1.6264064591917773
RPL15,-1.6267379250799412
RPS14,-1.6292552712282962
BRAT1,-1.6346594332455595
FAM136A,-1.6400935290614318
SMPD1,-1.6428429219218708
NEMP1,-1.644302132678273
NEMP2,-1.644302132678273
FPGS,-1.645792063223921
A4GNT,-1.648528295097872
A4GALT,-1.648528295097872
TRNAU1AP,-1.6500264748250897
TLL1,-1.6554384504353428
CLUH,-1.6604113871553223
NAA35,-1.6609098427220004
TCAIM,-1.6610597859244705
HNF4A,-1.6637285882191362
NR2F6,-1.6637285882191362
NR2C1,-1.6637285882191362
NR2F2,-1.6637285882191362
RXRA,-1.6637285882191362
RXRG,-1.6637285882191362
HNF4G,-1.6637285882191362
NR2C2,-1.6637285882191362
RXRB,-1.6637285882191362
RPL29,-1.6653076553959736
CUBN,-1.6673421310934378
NUP93,-1.6673621926950604
ENDOU,-1.6684864172267906
COPS6,-1.6707744458184646
CAP1,-1.6760705277630137
CAP2,-1.6760705277630137
SLC24A4,-1.6783266222802566
SLC24A3,-1.6783266222802566
ZFP36,-1.6805762691692452
TWSG1,-1.681812926396032
NUDCD1,-1.682370059551332
ZFPL1,-1.6826116325395224
CPT1C,-1.6827219838969778
BUB3,-1.683023442687574
ZNF703,-1.6893628299577228
ZNF503,-1.6893628299577228
WASF2,-1.689748466047095
WASF1,-1.689748466047095
WASF3,-1.689748466047095
OSBPL9,-1.6927471569710937
ITPA,-1.6949091983077147
C1GALT1C1,-1.702923640749881
C1GALT1C1L,-1.702923640749881
C1GALT1,-1.702923640749881
GLMN,-1.7065838790535175
FRMPD3,-1.7085960000426854
FRMPD1,-1.7085960000426854
FRMPD4,-1.7085960000426854
MRI1,-1.7092010322049136
GTF2A1L,-1.7102278594420546
GTF2A1,-1.7102278594420546
PPP4C,-1.710535139918209
SMARCD3,-1.7111735338144745
SMARCD2,-1.7111735338144745
ZNF513,-1.7120421561114083
ZNF324,-1.7120421561114083
ZBTB47,-1.7120421561114083
GTF3A,-1.7120421561114083
ZNF324B,-1.7120421561114083
ZNF652,-1.7120421561114083
ZUP1,-1.7120421561114083
HSBP1L1,-1.712662714757747
HSBP1,-1.712662714757747
HACL1,-1.7134117772495312
CLPTM1L,-1.7151247072051854
SPG7,-1.7158514176921924
ARRDC5,-1.7178224019758526
HARS1,-1.7179553680084074
HARS2,-1.7179553680084074
STAM,-1.71833579779839
TOM1L2,-1.71833579779839
GGA3,-1.71833579779839
STAM2,-1.71833579779839
GGA1,-1.71833579779839
WDFY2,-1.71833579779839
RCOR3,-1.7199197567828115
RCOR2,-1.7199197567828115
ORAI2,-1.7208863753295645
ORAI1,-1.7208863753295645
ORAI3,-1.7208863753295645
AGXT2,-1.7247956295975186
ZCCHC10,-1.725419275474116
GTDC1,-1.7265747297473195
GHITM,-1.7267810297587844
SELENOT,-1.729297300076485
CRLS1,-1.7340660506792631
GPR180,-1.740716306226367
HM13,-1.7423305084056573
DRAP1,-1.744330446674389
ADK,-1.7443604224745326
UPB1,-1.7506400252138998
LHFPL4,-1.7522418897753749
LHFPL3,-1.7522418897753749
LHFPL5,-1.7522418897753749
PARD6G,-1.7525932497863186
PARD6B,-1.7525932497863186
PARD6A,-1.7525932497863186
NHERF1,-1.7530949630956287
NHERF2,-1.7530949630956287
SLC35B1,-1.7531538881221709
NUP210L,-1.7536281224826948
NUP210,-1.7536281224826948
GPS2,-1.7538536206571242
MCM8,-1.7563516605640874
GORASP1,-1.760274772135074
GORASP2,-1.760274772135074
ADA2,-1.7628658839289355
CCDC82,-1.7663854014461529
SUSD2,-1.7692631612073302
MUC4,-1.7692631612073302
RTL9,-1.7692631612073302
KANK1,-1.7694394588032896
KANK4,-1.7694394588032896
KANK2,-1.7694394588032896
KANK3,-1.7694394588032896
VWA8,-1.770124527070272
METTL23,-1.770692884182087
PYGL,-1.7707386286626468
PYGM,-1.7707386286626468
PYGB,-1.7707386286626468
LSM7,-1.7722594071971367
AP1G2,-1.772680817635917
AP1G1,-1.772680817635917
SFTPB,-1.7758344082464468
PSAPL1,-1.7758344082464468
VPS33B,-1.7759858669336737
GPAT2,-1.7760197650564236
GPAM,-1.7760197650564236
GGT7,-1.7768914234222697
GGTLC3,-1.7768914234222697
GGT1,-1.7768914234222697
GGTLC2,-1.7768914234222697
GGTLC1,-1.7768914234222697
RPL11,-1.7801143148750018
ALDH5A1,-1.78024075173188
THOC3,-1.7808602544780503
PRSS53,-1.783744708119053
PRSS36,-1.783744708119053
LZTS1,-1.784079680521771
LZTS2,-1.784079680521771
LZTS3,-1.784079680521771
FUT10,-1.785174933872924
RPL19,-1.7862814043156268
STAT6,-1.7899747041333698
STAT5B,-1.7899747041333698
STAT5A,-1.7899747041333698
DDC,-1.791971453717962
TEX9,-1.7936527869380012
SPDEF,-1.795676408077452
SRSF8,-1.7963459162856272
SRSF2,-1.7963459162856272
CDC42,-1.7966666819371833
TMLHE,-1.797593567549986
FAM89A,-1.7980318775054
FAM89B,-1.7980318775054
TRANK1,-1.7980318775054
SSR4,-1.8000611532175093
PTGES2,-1.8006926840243471
EIF3J,-1.8009415892864558
RMND1,-1.804330001853805
ANLN,-1.8061587329675124
MBLAC2,-1.8092406747137704
PNKD,-1.8092406747137704
HAGHL,-1.8092406747137704
HAGH,-1.8092406747137704
KLHL5,-1.80975837119342
HPD,-1.8098609769708185
SRM,-1.812650226508115
MT-ND2,-1.8145431152483604
ESD,-1.8153262401917047
FAM210A,-1.8189949495276967
DHX34,-1.8272010791049864
HDAC2,-1.8306000136939864
ECHDC3,-1.833082451376423
SQSTM1,-1.833391706590648
VAMP3,-1.8344635595257344
VAMP5,-1.8344635595257344
SEC22C,-1.8344635595257344
SEC22A,-1.8344635595257344
VAMP1,-1.8344635595257344
RPA1,-1.836830941665732
GPN2,-1.8398239569953407
WASHC1,-1.843104332338608
WASH6P,-1.843104332338608
LETMD1,-1.8454159511274668
TAPT1,-1.8461164514477768
RPS5,-1.846740928102855
PMM2,-1.848079199860729
PMM1,-1.848079199860729
RPS6,-1.849488960340956
WDR1,-1.8497375298849
NIT2,-1.8497560244041995
SAV1,-1.8526873431733064
POLR3E,-1.8570977064036824
YIPF5,-1.8596547104860823
YIPF7,-1.8596547104860823
WNT3A,-1.859939365447328
WNT5A,-1.859939365447328
WNT8A,-1.859939365447328
WNT2,-1.859939365447328
WNT7B,-1.859939365447328
WNT9B,-1.859939365447328
WNT4,-1.859939365447328
WNT10A,-1.859939365447328
WNT5B,-1.859939365447328
WNT7A,-1.859939365447328
WNT9A,-1.859939365447328
WNT10B,-1.859939365447328
WNT11,-1.859939365447328
WNT8B,-1.859939365447328
WNT2B,-1.859939365447328
COPB2,-1.86009118800174
ISCU,-1.86577133808836
OXSM,-1.8687174609169204
MBOAT7,-1.869063096933192
SFRP4,-1.87017265650967
FZD5,-1.87017265650967
GPD1,-1.8751946429118835
GPD1L,-1.8751946429118835
IPPK,-1.876860446823891
FAM177B,-1.8771347551692577
FAM177A1,-1.8771347551692577
SGSH,-1.879141338552018
SLC31A2,-1.881874302016996
PAQR8,-1.8849559120916308
MMD2,-1.8849559120916308
PAQR6,-1.8849559120916308
PAQR7,-1.8849559120916308
ADIPOR1,-1.8849559120916308
PAQR5,-1.8849559120916308
MMD,-1.8849559120916308
CSNK1A1L,-1.889235000462801
TTBK1,-1.889235000462801
VRK1,-1.889235000462801
VRK2,-1.889235000462801
CSNK1G1,-1.889235000462801
VRK3,-1.889235000462801
TBCA,-1.8896367795185387
ACTR3,-1.8902336946920213
SPON1,-1.899761705983129
SEC11C,-1.900596241722084
SEC11A,-1.900596241722084
USP14,-1.9027653417177808
FECH,-1.903465710278611
TSPY4,-1.904271786015228
TSPY3,-1.904271786015228
SETSIP,-1.904271786015228
TSPY10,-1.904271786015228
TSPY8,-1.904271786015228
TSPYL5,-1.904271786015228
NAP1L2,-1.904271786015228
TSPYL1,-1.904271786015228
NAP1L3,-1.904271786015228
TSPYL4,-1.904271786015228
TSPY9,-1.904271786015228
TSPY2,-1.904271786015228
NAP1L5,-1.904271786015228
N/A,-1.904271786015228
TSPYL6,-1.904271786015228
TSPY1,-1.904271786015228
TSPYL2,-1.904271786015228
CDT1,-1.904550365878352
TSN,-1.9087642038423835
SCD5,-1.91239488008216
LSM1,-1.912565385167976
RGPD2,-1.912762709614692
RGPD3,-1.912762709614692
RGPD6,-1.912762709614692
RGPD5,-1.912762709614692
RGPD8,-1.912762709614692
RGPD1,-1.912762709614692
RGPD4,-1.912762709614692
D2HGDH,-1.913845965931016
PFN4,-1.9142839646851832
RTN4IP1,-1.919637411873004
ISYNA1,-1.922495116037508
DICER1,-1.923205007937282
UBE2G2,-1.923560546661772
SUZ12,-1.923591885362372
MPC1,-1.9260423381466265
GNAT2,-1.9260550208952567
GNA12,-1.9260550208952567
PLSCR1,-1.926313695331172
ORMDL3,-1.9267422901483569
ORMDL2,-1.9267422901483569
ORMDL1,-1.9267422901483569
SPSB3,-1.927491845395743
ADCY9,-1.9285085520459444
PDXDC1,-1.9329795377938817
RAB21,-1.933273770674104
LRRFIP2,-1.9340421715646785
LRRFIP1,-1.9340421715646785
FANCD2,-1.934612792714024
DSTYK,-1.938036994520981
WNK1,-1.938036994520981
WNK3,-1.938036994520981
NRBP2,-1.938036994520981
WNK4,-1.938036994520981
NRBP1,-1.938036994520981
RGP1,-1.9381294238803912
ROCK2,-1.940428151324056
ROCK1,-1.940428151324056
MED17,-1.944966101924467
NAXD,-1.9462577689289733
HIRA,-1.9506528619034755
DAP,-1.952624562151052
PSMD6,-1.953071261891605
NDUFAF7,-1.9561477302815773
SCPEP1,-1.9590076719233247
CHEK2,-1.961985480131302
OTUB1,-1.964062914894162
OTUB2,-1.964062914894162
SPG11,-1.9650660535376632
YTHDC1,-1.968021676431402
CRYM,-1.968207915750708
USH1G,-1.972544789281557
ANKS4B,-1.972544789281557
CRB1,-1.972935263711736
FH,-1.9746463156338647
CCNB2,-1.9746892278830988
CCNE1,-1.9746892278830988
CCNE2,-1.9746892278830988
CCNA2,-1.9746892278830988
CCNG1,-1.9746892278830988
CCNG2,-1.9746892278830988
CCNJ,-1.9746892278830988
CCNP,-1.9746892278830988
CCNI,-1.9746892278830988
CCNA1,-1.9746892278830988
CCND3,-1.9746892278830988
CCNO,-1.9746892278830988
CCND1,-1.9746892278830988
CCNI2,-1.9746892278830988
CCND2,-1.9746892278830988
CCNB1,-1.9746892278830988
CCNJL,-1.9746892278830988
CCNF,-1.9746892278830988
TMEM120A,-1.9774111225439464
TMEM120B,-1.9774111225439464
LAMTOR5,-1.9817068048772704
TADA2B,-1.983823379022413
HACD1,-1.9876837783853472
HACD2,-1.9876837783853472
ADTRP,-1.988673245108606
AIG1,-1.988673245108606
COPE,-1.989735870604857
SERHL2,-1.990372788184004
ABHD8,-1.990372788184004
EPHX4,-1.990372788184004
EPHX2,-1.990372788184004
MEST,-1.990372788184004
ABHD14A,-1.990372788184004
EPHX3,-1.990372788184004
ABHD14B,-1.990372788184004
RPS15,-1.991214430799755
PSMC2,-1.9960429171267613
SSR2,-1.9982321388110869
GIPC2,-1.999580955062341
GIPC3,-1.999580955062341
GIPC1,-1.999580955062341
TXNDC9,-1.9996614903021817
HADHA,-2.0013908802387226
DSTN,-2.001561688467853
CFL2,-2.001561688467853
CFL1,-2.001561688467853
SLC39A13,-2.002743499008292
POGLUT1,-2.00471236296247
PSMD4,-2.015657448833428
OXCT2,-2.020267473864512
OXCT1,-2.020267473864512
SLC35A2,-2.0206547657564347
ACP2,-2.021213107454891
ACP4,-2.021213107454891
ACP3,-2.021213107454891
CPSF6,-2.0246652965581307
CPSF7,-2.0246652965581307
PROC,-2.024978178219083
GNL1,-2.0268442953144303
TMBIM6,-2.0368532025134694
KIF23,-2.037038215165925
APIP,-2.038755355841923
SMN1,-2.0394865686288752
SMN2,-2.0394865686288752
ZNF785,-2.0410686058336025
ZFP92,-2.0410686058336025
ZNF302,-2.0410686058336025
ZNF48,-2.0410686058336025
ZNF747,-2.0410686058336025
ZNF184,-2.0410686058336025
ZNF764,-2.0410686058336025
ZNF689,-2.0410686058336025
ZNF84,-2.0410686058336025
ZNF688,-2.0410686058336025
ZNF181,-2.0410686058336025
NIF3L1,-2.041517765841522
GPC2,-2.046130317387979
GPC1,-2.046130317387979
GPC6,-2.046130317387979
GPC4,-2.046130317387979
SEC61A1,-2.0502482357792875
SEC61A2,-2.0502482357792875
PSMD9,-2.0510359700387726
SLC66A2,-2.058774901920749
GMFB,-2.063284557399209
GMFG,-2.063284557399209
TREH,-2.0658611135715024
PIK3C2B,-2.071596036567113
PIK3C2G,-2.071596036567113
PIK3CD,-2.071596036567113
PIK3C2A,-2.071596036567113
PIK3CB,-2.071596036567113
PIK3CG,-2.071596036567113
FEN1,-2.0741876805765544
MT-ND3,-2.075964179957103
CLK2,-2.0785046272279337
FKBP1B,-2.081434641198084
FKBP1C,-2.081434641198084
FKBP1A,-2.081434641198084
RPL18,-2.082686181749577
CASP4,-2.0860119114583844
PYDC1,-2.0860119114583844
CARD18,-2.0860119114583844
PYCARD,-2.0860119114583844
CASP14,-2.0860119114583844
CARD16,-2.0860119114583844
CASP8,-2.0860119114583844
CASP6,-2.0860119114583844
CASP12,-2.0860119114583844
CASP9,-2.0860119114583844
CASP2,-2.0860119114583844
CASP1,-2.0860119114583844
CASP5,-2.0860119114583844
CFLAR,-2.0860119114583844
CIBAR2,-2.0872403806237547
CIBAR1,-2.0872403806237547
NT5DC3,-2.090435917381703
NT5DC2,-2.090435917381703
NT5DC4,-2.090435917381703
NT5C2,-2.090435917381703
RNPEP,-2.092557291686024
PPT2,-2.09414662803341
STOX1,-2.094500943838866
STOX2,-2.094500943838866
ATP7B,-2.094832811866837
DAZAP2,-2.0960751731896727
GAS8,-2.0974404939888265
EXO1,-2.098099463003043
GLG1,-2.102062977156238
RBM5,-2.1044184570224664
RBM6,-2.1044184570224664
RBM10,-2.1044184570224664
DNA2,-2.104792127041123
MOV10L1,-2.104792127041123
CT55,-2.104792127041123
SETX,-2.104792127041123
NMRK1,-2.1070772445288086
NMRK2,-2.1070772445288086
MBIP,-2.1070772445288086
UQCRHL,-2.1078157699028783
UQCRH,-2.1078157699028783
ARHGAP27,-2.107834289293442
ARHGAP12,-2.107834289293442
ARHGAP9,-2.107834289293442
ARHGAP15,-2.107834289293442
GFUS,-2.108313217838259
NME5,-2.1097150156385074
CAPRIN1,-2.114902395862212
CAPRIN2,-2.114902395862212
SLC23A2,-2.115305220522635
SLC23A1,-2.115305220522635
BCAP31,-2.1166233048211933
BCAP29,-2.1166233048211933
YBX2,-2.11798957957914
HMGCLL1,-2.1182287116013576
HMGCL,-2.1182287116013576
RACK1,-2.122911203337729
ACOT9,-2.125178407681898
SEC16B,-2.1261506701585304
SEC16A,-2.1261506701585304
ABCA1,-2.143031367568067
RPL7L1,-2.1442685229021885
RPL7,-2.1442685229021885
OCIAD2,-2.146701262658488
OCIAD1,-2.146701262658488
GFER,-2.147775965780416
METTL3,-2.1479882576687483
KCTD3,-2.155539592423656
SHKBP1,-2.155539592423656
ATR,-2.1597640684322106
ECH1,-2.160661345567977
MCIDAS,-2.1614141382182592
GMNN,-2.1614141382182592
GMNC,-2.1614141382182592
ERGIC2,-2.162777920116592
RPL23,-2.1627796616822588
SLC19A2,-2.1660809003727097
SLC19A3,-2.1660809003727097
SLC19A1,-2.1660809003727097
HSPA5,-2.1748618876680745
SSR1,-2.1771599988917383
MCCC1,-2.178468943651695
XRCC6,-2.1807043259494088
MTARC1,-2.1808551923631643
BBOX1,-2.186790905628376
RPS18,-2.189709601830097
ABHD11,-2.190139672820674
PGAM5,-2.1906705111485376
DEGS2,-2.191518921509019
DEGS1,-2.191518921509019
MPDU1,-2.199389697432987
CYB561D1,-2.20276790431828
CYB561D2,-2.20276790431828
DNAJC11,-2.2064867116119373
PSMA5,-2.208689667016691
NUCB2,-2.209907145155729
NUCB1,-2.209907145155729
HTR2A,-2.2115365611279416
HTR2C,-2.2115365611279416
HTR2B,-2.2115365611279416
BLMH,-2.217428812616006
SLC35B4,-2.2257463312442085
CLASRP,-2.229179103242986
WDR24,-2.229434792328596
MIP,-2.2313698320843582
AQP7B,-2.2313698320843582
AQP10,-2.2313698320843582
AQP2,-2.2313698320843582
AQP1,-2.2313698320843582
AQP4,-2.2313698320843582
AQP7,-2.2313698320843582
AQP3,-2.2313698320843582
AQP9,-2.2313698320843582
AQP5,-2.2313698320843582
AQP8,-2.2313698320843582
AQP6,-2.2313698320843582
PEX14,-2.233049996706345
OPLAH,-2.233767001815636
DMRT2,-2.2340032024137493
NUDT6,-2.23725872225102
CHUK,-2.239651649969645
IKBKB,-2.239651649969645
MTMR14,-2.2405824275972703
SURF1,-2.244328562418161
APRT,-2.2491259716570755
MOSPD2,-2.250421938580711
TMED6,-2.2505238570279023
UBQLN3,-2.2505757574766814
UBL7,-2.2505757574766814
UBQLNL,-2.2505757574766814
UBQLN4,-2.2505757574766814
UBQLN2,-2.2505757574766814
CHTF18,-2.25262675838098
PRKACA,-2.2527522936513527
PRKACB,-2.2527522936513527
PRKACG,-2.2527522936513527
EEF1B2,-2.2544993430344067
EFCC1,-2.2544993430344067
EEF1D,-2.2544993430344067
GPCPD1,-2.260232229737935
NAGK,-2.260673987717776
NGLY1,-2.263810175530797
RPS24,-2.265921325077615
LDAH,-2.2662317962991025
SLC35F6,-2.273810778472509
PLK1,-2.276505320451917
PLPPR3,-2.276578793240348
PLPPR5,-2.276578793240348
PLPPR4,-2.276578793240348
PLPP2,-2.276578793240348
PLPP1,-2.276578793240348
PLPP4,-2.276578793240348
PLPPR1,-2.276578793240348
PLPPR2,-2.276578793240348
PLPP5,-2.276578793240348
PLPP3,-2.276578793240348
MSRB2,-2.27695927117632
MSRB1,-2.27695927117632
MSRA,-2.27695927117632
ANXA4,-2.279245926788277
ANXA6,-2.279245926788277
ANXA8,-2.279245926788277
ANXA3,-2.279245926788277
ANXA11,-2.279245926788277
ANXA7,-2.279245926788277
ANXA5,-2.279245926788277
ANXA13,-2.279245926788277
ANXA2,-2.279245926788277
ANXA1,-2.279245926788277
ANXA9,-2.279245926788277
ANXA8L1,-2.279245926788277
ANXA10,-2.279245926788277
RPS17,-2.282374411949541
CDK13,-2.283113843589003
AFMID,-2.2832513310501605
POLA2,-2.283811628078318
WDR26,-2.291223434428412
PCBD1,-2.291997738751158
PCBD2,-2.291997738751158
TXNDC5,-2.29278918963671
FBXL19,-2.296844530835672
DNAJB11,-2.301119680511885
PLPP7,-2.302259051372656
PLPP6,-2.302259051372656
SGPP2,-2.302259051372656
SGPP1,-2.302259051372656
SCP2D1,-2.3078879124856697
SCP2,-2.3078879124856697
CAB39,-2.3095605953636955
CAB39L,-2.3095605953636955
SEC13,-2.310928378542197
WDR33,-2.312899756889726
HADHB,-2.3141141262887
TRPC1,-2.3154661999839825
PSMD8,-2.320925860352204
BARX1,-2.324727363275429
BARHL1,-2.324727363275429
BARHL2,-2.324727363275429
BARX2,-2.324727363275429
MT-ND1,-2.3249844180561863
ICMT,-2.334588905486274
RHOB,-2.335018222476888
RHOA,-2.335018222476888
RHOC,-2.335018222476888
ACSS2,-2.3436411316542154
RPS26,-2.3453902911136764
ACOX3,-2.346758717295255
CBR1,-2.347096084825018
RDH8,-2.347096084825018
DHRS7B,-2.347096084825018
HSD11B1,-2.347096084825018
DHRS7C,-2.347096084825018
DHRS1,-2.347096084825018
HSD11B1L,-2.347096084825018
RPLP2,-2.3475659350339764
PCID2,-2.352531825690178
UPP2,-2.35387571614953
UPP1,-2.35387571614953
DHDDS,-2.3634830265439906
PHKA2,-2.366379433331526
ACAT1,-2.3688090279311216
CTSD,-2.370270964132059
MTSS2,-2.371843757218649
GGACT,-2.372260149168499
ESPN,-2.3724887591478403
ESPNL,-2.3724887591478403
SLC10A5,-2.374504447537655
SLC10A3,-2.374504447537655
IDS,-2.3746948045749767
MYO7B,-2.3784285814301733
ENTPD5,-2.3793637512025025
ENTPD6,-2.3793637512025025
TOM1L1,-2.3804366479132675
GGA2,-2.3804366479132675
TOM1,-2.3804366479132675
WDFY1,-2.3804366479132675
ATG9B,-2.3809104587848684
ATG9A,-2.3809104587848684
TANGO2,-2.385812005134518
GDA,-2.385914751532751
UBAC2,-2.3900718849535503
DDI1,-2.3900718849535503
NRIP2,-2.3900718849535503
DDI2,-2.3900718849535503
NRIP3,-2.3900718849535503
SLC38A3,-2.394207039918686
SLC38A9,-2.394207039918686
SLC38A4,-2.394207039918686
SLC38A6,-2.394207039918686
MESD,-2.395935385324228
PFKM,-2.4012339100813205
PFKL,-2.4012339100813205
PFKP,-2.4012339100813205
STX18,-2.402302306253511
MAGT1,-2.4060945003048584
TUSC3,-2.4060945003048584
GYS1,-2.409025356120528
GYS2,-2.409025356120528
SLC30A4,-2.409955746275278
NUP85,-2.414540871783939
SEC63,-2.4166837670006123
CHAF1B,-2.41686304821809
SLCO1B3,-2.4199195182242312
SLCO1B1,-2.4199195182242312
SLCO1C1,-2.4199195182242312
MYRF,-2.4213358603235298
MYRFL,-2.4213358603235298
SPCS2,-2.4214593113623963
RPL30,-2.424481832252287
RPL35,-2.428759977040223
GALNT12,-2.4292129403088123
GALNT4,-2.4292129403088123
GALNT10,-2.4292129403088123
GALNT7,-2.4292129403088123
GALNT5,-2.4292129403088123
GALNT14,-2.4292129403088123
GALNT8,-2.4292129403088123
GALNT18,-2.4292129403088123
GALNT3,-2.4292129403088123
ARHGAP10,-2.432618115072528
ARHGAP42,-2.432618115072528
OPHN1,-2.432618115072528
EXOG,-2.4343788415076912
BAG5,-2.4360233011015486
BAG4,-2.4360233011015486
BAG3,-2.4360233011015486
HRH1,-2.4364205483056502
CHPF,-2.438747800377661
CHPF2,-2.438747800377661
FUT8,-2.44052937962532
GNPNAT1,-2.443235609326422
RPL27A,-2.444524578037918
TMEM19,-2.449759755704571
VAX2,-2.454705757065517
ITGB7,-2.4564688012543634
ITGB3,-2.4564688012543634
ITGB6,-2.4564688012543634
ITGB1,-2.4564688012543634
ITGB5,-2.4564688012543634
LTA4H,-2.4565250465808446
MYD88,-2.4577522894463857
MB21D2,-2.459818514905308
TMEM102,-2.459818514905308
SIX6,-2.460819522634741
SIX3,-2.460819522634741
SIX4,-2.460819522634741
SIX2,-2.460819522634741
ANHX,-2.460819522634741
SIX5,-2.460819522634741
ADI1,-2.461512907768507
RPS16,-2.469520486612496
ENO1,-2.472705273254002
ENO4,-2.472705273254002
ENO2,-2.472705273254002
ENO3,-2.472705273254002
PXMP2,-2.473612036429271
RPN2,-2.4747104468934293
ARSF,-2.4763842157113944
SULF1,-2.4763842157113944
ARSB,-2.4763842157113944
ARSJ,-2.4763842157113944
ARSL,-2.4763842157113944
GNS,-2.4763842157113944
SULF2,-2.4763842157113944
ARSD,-2.4763842157113944
ARSH,-2.4763842157113944
ARSA,-2.4763842157113944
ARSG,-2.4763842157113944
STS,-2.4763842157113944
ARSI,-2.4763842157113944
GALNS,-2.4763842157113944
ARSK,-2.4763842157113944
PEBP4,-2.481283326852052
FAM20C,-2.4830851017961786
FAM20A,-2.4830851017961786
RPS8,-2.4837081111609955
GINS2,-2.489148196030921
PEBP1,-2.495874201725629
UBXN1,-2.497112005479452
DYM,-2.4979635566874
RPL24,-2.4991828114612105
GGT6,-2.500686185952377
GGT5,-2.500686185952377
DNAJB4,-2.5010540476392427
EEF2KMT,-2.5052734478951564
FAM86B2,-2.5052734478951564
FAM86B1,-2.5052734478951564
FERRY3,-2.507139554699991
PPA2,-2.510278096147562
PPA1,-2.510278096147562
LYPLAL1,-2.511307981824717
DPH1,-2.5126695415425218
DBP,-2.5133297053374246
TEF,-2.5133297053374246
HLF,-2.5133297053374246
RFC5,-2.5177528977865067
RPN1,-2.5186928528984014
GCSH,-2.520303816358753
ANKRD54,-2.5208465845144223
ANKRD61,-2.5208465845144223
HSD17B10,-2.523645354454542
GULP1,-2.523944725750156
COPS4,-2.525246034817355
RAB11A,-2.5269933289704167
COPS3,-2.5276735539632327
TBCB,-2.528890951324076
TSNARE1,-2.535481941460532
PRKCSH,-2.538661067908176
ERMP1,-2.5398360537071185
LPXN,-2.544385306709583
PXN,-2.544385306709583
TGFB1I1,-2.544385306709583
PRPF3,-2.5488991903148253
TMEM104,-2.549379430687409
TECRL,-2.549900721463486
TECR,-2.549900721463486
TRIB1,-2.5517405599040286
TRIB3,-2.5517405599040286
STK40,-2.5517405599040286
TRIB2,-2.5517405599040286
LIMS3,-2.5531573373663377
LIMS4,-2.5531573373663377
LIMS2,-2.5531573373663377
LIMS1,-2.5531573373663377
MPC2,-2.5569741723164903
MED28,-2.5571831223611423
MCCC2,-2.557705828413603
LARP7,-2.562099337371278
CAMK1D,-2.5681901750709737
CGREF1,-2.570385303488323
MCFD2,-2.570385303488323
E2F2,-2.571571545723604
HNRNPF,-2.5778599315429496
ESRP1,-2.5778599315429496
HNRNPH3,-2.5778599315429496
GRSF1,-2.5778599315429496
RBM12B,-2.5778599315429496
ESRP2,-2.5778599315429496
RBM12,-2.5778599315429496
PSMD7,-2.584087706560819
STT3B,-2.584140316952671
EYA2,-2.586966438751741
EYA3,-2.586966438751741
EYA1,-2.586966438751741
EYA4,-2.586966438751741
SLC30A7,-2.586970829990169
RPS28,-2.590032508315214
RPL26L1,-2.595940359552634
RPL26,-2.595940359552634
ETFDH,-2.6004015343678493
SIM2,-2.6023376156397697
NPAS3,-2.6023376156397697
HIF1A,-2.6023376156397697
HIF3A,-2.6023376156397697
EPAS1,-2.6023376156397697
DBT,-2.604214991137015
IVD,-2.606478165445844
PSEN2,-2.608145936638758
PSEN1,-2.608145936638758
CIAO2A,-2.6091570217491875
VASN,-2.612644001275497
ACP7,-2.619141576556916
MAOA,-2.628541119310192
SMOX,-2.628541119310192
PAOX,-2.628541119310192
MAOB,-2.628541119310192
IL4I1,-2.628541119310192
RAC2,-2.629384832851021
BTBD10,-2.639602063647988
KCTD20,-2.639602063647988
ETFB,-2.651661434398131
PGGHG,-2.653993973175118
ZFYVE19,-2.658211965966216
DZIP3,-2.6624744632125337
SYVN1,-2.6624744632125337
RNF145,-2.6624744632125337
NIT1,-2.666099733782094
DHRS7,-2.6666086644913625
HIBCH,-2.667950260805469
LSM3,-2.6679897262029333
DOK4,-2.671276194537057
DOK1,-2.671276194537057
FRS3,-2.671276194537057
FRS2,-2.671276194537057
DOK3,-2.671276194537057
DOK2,-2.671276194537057
DOK6,-2.671276194537057
DOK5,-2.671276194537057
PSMA2,-2.6714952734031363
CORO7,-2.672510180909157
PANK4,-2.674459484397348
KATNAL1,-2.67688599187646
FIGN,-2.67688599187646
KATNA1,-2.67688599187646
ATAD1,-2.67688599187646
FIGNL2,-2.67688599187646
VPS4A,-2.67688599187646
FIGNL1,-2.67688599187646
SUCLA2,-2.677052792131815
ARCN1,-2.6794246809772275
BCAT2,-2.68324814248305
BCAT1,-2.68324814248305
PLD5,-2.685709690897452
PLD3,-2.685709690897452
PLD4,-2.685709690897452
SP140L,-2.6920913910426183
MFSD11,-2.697932883279622
PPTC7,-2.699289136885485
BLTP3B,-2.7043499171137007
BLTP3A,-2.7043499171137007
CLSPN,-2.711400039291908
OSGEPL1,-2.715018969314867
SLC7A4,-2.7161617710698303
SLC7A10,-2.7161617710698303
SLC7A3,-2.7161617710698303
SLC7A8,-2.7161617710698303
SLC7A9,-2.7161617710698303
SLC7A5,-2.7161617710698303
SLC7A11,-2.7161617710698303
SLC7A7,-2.7161617710698303
SLC7A1,-2.7161617710698303
SLC7A6,-2.7161617710698303
TBC1D19,-2.719571519991275
PRICKLE3,-2.7202083153832217
PRICKLE2,-2.7202083153832217
SLC13A2,-2.7277041197492147
SLC13A1,-2.7277041197492147
SLC13A3,-2.7277041197492147
SLC13A4,-2.7277041197492147
SLC13A5,-2.7277041197492147
PTER,-2.728175921773058
IMPA1,-2.7292185341088144
BPNT2,-2.7292185341088144
IMPA2,-2.7292185341088144
MYO1G,-2.7334592462759835
HSP90B1,-2.734185292125454
EFHD2,-2.735415400633429
EFHD1,-2.735415400633429
SSR3,-2.736590964611568
PEPD,-2.738009753416901
RUNDC3B,-2.739691801390038
PLEKHF1,-2.739691801390038
SNX29,-2.739691801390038
RUFY1,-2.739691801390038
RUFY3,-2.739691801390038
ZFYVE1,-2.739691801390038
ZFYVE26,-2.739691801390038
RUFY2,-2.739691801390038
ZFYVE28,-2.739691801390038
ZFYVE16,-2.739691801390038
RUNDC3A,-2.739691801390038
PLEKHM2,-2.739691801390038
PRUNE1,-2.755602187878973
RPL8,-2.759592135232423
TIMP3,-2.76876517862245
TIMP2,-2.76876517862245
ZNF475,-2.774148618270824
ZC2HC1B,-2.774148618270824
ZNF474,-2.774148618270824
SOD1,-2.7758473192993947
SLC39A7,-2.7799162870293905
COQ5,-2.787589735003441
MOCOS,-2.795711765707664
MTAP,-2.797240485625568
UFC1,-2.7993423280660856
VCP,-2.799348123247172
BCKDHA,-2.79971255347748
NUPR2,-2.7998608817700714
NUPR1,-2.7998608817700714
UCHL5,-2.800677987036872
PCK1,-2.8016575699580337
PCK2,-2.8016575699580337
DERA,-2.80196092063582
ARL1,-2.810241685196842
PEX10,-2.829090329717825
USP46,-2.8293490869959106
USP12,-2.8293490869959106
LINS1,-2.8408241876554934
FERMT3,-2.8563853527732324
FERMT1,-2.8563853527732324
FERMT2,-2.8563853527732324
GRK6,-2.856685479541674
GRK4,-2.856685479541674
GRK1,-2.856685479541674
ALDH2,-2.861915954961105
SLC25A11,-2.8631195646409977
VCL,-2.8650340427673204
BLVRB,-2.874346527692865
PSMA3,-2.878574449116242
SDF2L1,-2.892954416736248
PAICS,-2.893115827157634
PGM1,-2.898573683459369
PGM2,-2.898573683459369
PGM5,-2.898573683459369
HPRT1,-2.898573683459369
PRTFDC1,-2.898573683459369
PGM2L1,-2.898573683459369
HEXA,-2.8990907755467266
HEXB,-2.8990907755467266
MYO15A,-2.8992792621275183
TWIST1,-2.904241440857365
TWIST2,-2.904241440857365
FERD3L,-2.904241440857365
PSMC5,-2.9142051509413887
CERK,-2.9220501878657306
SPHK1,-2.9220501878657306
CERKL,-2.9220501878657306
SPHK2,-2.9220501878657306
EXD2,-2.924569325993424
L2HGDH,-2.927414537305886
ARHGAP23,-2.9290479650534627
ECHS1,-2.929568485030703
STING1,-2.9363591694215
P4HA3,-2.9366605782250903
P4HTM,-2.9366605782250903
CTSW,-2.936671187205925
CTSF,-2.936671187205925
TINAG,-2.936671187205925
ACADSB,-2.9375680876983674
PLEKHG6,-2.9383089884071705
ARHGEF1,-2.9383089884071705
ARHGEF2,-2.9383089884071705
DNAJB12,-2.946284880109573
DNAJB5,-2.946284880109573
DNAJB8,-2.946284880109573
DNAJB14,-2.946284880109573
DNAJB2,-2.946284880109573
DNAJB7,-2.946284880109573
DNAJB1,-2.946284880109573
DNAJB6,-2.946284880109573
ADRM1,-2.9466190019302063
PSMC6,-2.95246877026936
SCCPDH,-2.9579145256328667
CCDC47,-2.962051364157693
RAE1,-2.967646107356046
ABCG4,-2.973015786952634
ABCG1,-2.973015786952634
ABCG8,-2.973015786952634
ABCA4,-2.973091186446336
ABCA6,-2.973091186446336
ABCA12,-2.973091186446336
ABCA2,-2.973091186446336
ABCA9,-2.973091186446336
ABCA3,-2.973091186446336
ABCA10,-2.973091186446336
ABCA7,-2.973091186446336
ABCA5,-2.973091186446336
ABCA8,-2.973091186446336
ABCA13,-2.973091186446336
ATP5IF1,-2.9736078825286207
ENPEP,-2.974224251852015
PDIA6,-2.989423282000548
MIB1,-2.989858613858099
LIN9,-2.9917611467805463
TENT5A,-2.99634195969839
TENT5C,-2.99634195969839
TENT5D,-2.99634195969839
TENT5B,-2.99634195969839
MLXIPL,-2.998913783992554
MLXIP,-2.998913783992554
NEXMIF,-3.001034035491416
AK3,-3.0031342615124315
LYZL2,-3.006351584388661
LYZL6,-3.006351584388661
SPACA5,-3.006351584388661
LYZ,-3.006351584388661
SPACA3,-3.006351584388661
LALBA,-3.006351584388661
LYZL1,-3.006351584388661
LYZL4,-3.006351584388661
SPACA5B,-3.006351584388661
RCN1,-3.009775267511192
CALU,-3.009775267511192
PAM,-3.013051207644662
NELFCD,-3.014446781617244
QPCTL,-3.018227683625874
QPCT,-3.018227683625874
PHPT1,-3.0354591670403583
SULT1B1,-3.044987491544912
SULT1A1,-3.044987491544912
SULT6B1,-3.044987491544912
SULT1E1,-3.044987491544912
SULT1A2,-3.044987491544912
SULT1C4,-3.044987491544912
SULT1A4,-3.044987491544912
SULT4A1,-3.044987491544912
SULT2A1,-3.044987491544912
SULT1C3,-3.044987491544912
SULT1C2,-3.044987491544912
SULT1A3,-3.044987491544912
SULT2B1,-3.044987491544912
FBP2,-3.0485668196290026
FBP1,-3.0485668196290026
RNF150,-3.0491021612085856
SOX18,-3.053763293769792
SOX2,-3.053763293769792
SOX14,-3.053763293769792
CFAP65,-3.053763293769792
SOX6,-3.053763293769792
SOX15,-3.053763293769792
SOX10,-3.053763293769792
SOX13,-3.053763293769792
SOX7,-3.053763293769792
SRY,-3.053763293769792
SOX11,-3.053763293769792
SOX30,-3.053763293769792
SOX17,-3.053763293769792
SOX12,-3.053763293769792
SOX3,-3.053763293769792
SOX5,-3.053763293769792
SOX9,-3.053763293769792
SOX4,-3.053763293769792
SOX8,-3.053763293769792
PSMB3,-3.0614852945132087
ELOVL7,-3.079071053943841
ELOVL1,-3.079071053943841
GPT2,-3.0823565959593195
KYAT1,-3.0823565959593195
ACCSL,-3.0823565959593195
ACCS,-3.0823565959593195
GPT,-3.0823565959593195
ADHFE1,-3.0945037746124675
PSMB2,-3.1135316439146306
IST1,-3.1201410379178016
ALDH6A1,-3.130031229457166
RGS10,-3.1316853735626387
RPS7,-3.1357544466913043
SAP30L,-3.142049633766014
SAP30,-3.142049633766014
GGNBP2,-3.150406331567224
MTHFS,-3.1550441064272525
ALDH3B2,-3.1558148637391152
HSPA9,-3.1617213776099296
TMEM214,-3.1633105309970486
ATG4B,-3.163872543477552
ATG4A,-3.163872543477552
RNF139,-3.1646561485887514
PPP2R5D,-3.1687057110888808
PPP2R5C,-3.1687057110888808
TTC4,-3.173501296921246
QSOX2,-3.174054107573201
QSOX1,-3.174054107573201
KYAT3,-3.1743960692931275
DNAAF2,-3.175357175123372
ANKS1A,-3.187638215814233
PGK2,-3.199505276071668
PGK1,-3.199505276071668
PSMB8,-3.2058333149418354
PSMA7,-3.2058333149418354
PSMB7,-3.2058333149418354
PSMA8,-3.2058333149418354
PSMB5,-3.2058333149418354
PSMB9,-3.2058333149418354
PSMB10,-3.2058333149418354
PSMB6,-3.2058333149418354
PSMB11,-3.2058333149418354
CPB2,-3.2095646952249672
CPA1,-3.2095646952249672
CPO,-3.2095646952249672
CPA5,-3.2095646952249672
CPB1,-3.2095646952249672
CPA2,-3.2095646952249672
CPA3,-3.2095646952249672
CPA6,-3.2095646952249672
CPA4,-3.2095646952249672
ECI2,-3.214012545217728
DBI,-3.214012545217728
DNAJC30,-3.216811567523099
DNAJC3,-3.216811567523099
DNAJC5,-3.216811567523099
DNAJC14,-3.216811567523099
DNAJC7,-3.216811567523099
DNAJC24,-3.216811567523099
DNAJC4,-3.216811567523099
DNAJC21,-3.216811567523099
ATG3,-3.2182719192944425
GBA1,-3.224083902578484
EFHC2,-3.22922282008796
MOGAT3,-3.2308738924963825
DGAT2,-3.2308738924963825
DGAT2L6,-3.2308738924963825
MOGAT2,-3.2308738924963825
AWAT2,-3.2308738924963825
AWAT1,-3.2308738924963825
MOGAT1,-3.2308738924963825
MTHFR,-3.245860502127618
ATG13,-3.2492743910997417
MYO6,-3.2533534300536817
CREG2,-3.2618417214693487
CREG1,-3.2618417214693487
MANBA,-3.2715638582778075
LNPK,-3.2720841279421853
RPE,-3.273254446943326
RPEL1,-3.273254446943326
DHTKD1,-3.2795931204816515
ACOT13,-3.2839734886010152
NOCT,-3.291490548471197
ASRGL1,-3.312663977960247
ANKRD65,-3.315092502286583
DPH2,-3.315509541260792
PROCA1,-3.317947989485812
PLA2G3,-3.317947989485812
SFXN3,-3.323505169165004
SFXN1,-3.323505169165004
AMT,-3.324536705882269
ECI1,-3.3453217989182704
FAR2,-3.358719739882132
FAR1,-3.358719739882132
SLC27A2,-3.359857929340207
ACSBG1,-3.359857929340207
SLC27A5,-3.359857929340207
SLC27A3,-3.359857929340207
SLC27A4,-3.359857929340207
ACSL3,-3.359857929340207
ACSL4,-3.359857929340207
ACSL1,-3.359857929340207
ACSL6,-3.359857929340207
ACSBG2,-3.359857929340207
SLC27A1,-3.359857929340207
SLC27A6,-3.359857929340207
HSDL2,-3.36328337490913
TMEM192,-3.3637260399163984
SCAMP1,-3.364276025836622
SCAMP4,-3.364276025836622
SCAMP3,-3.364276025836622
SCAMP2,-3.364276025836622
SCAMP5,-3.364276025836622
GLB1L2,-3.369327980224012
GLB1L,-3.369327980224012
GLB1L3,-3.369327980224012
GLB1,-3.369327980224012
PKM,-3.3700562849364206
PKLR,-3.3700562849364206
SVIL,-3.373303266023933
VIL1,-3.373303266023933
AVIL,-3.373303266023933
GSN,-3.373303266023933
SCIN,-3.373303266023933
VILL,-3.373303266023933
CAPG,-3.373303266023933
ASL,-3.386349746631481
NPC2,-3.390665987616982
HSD17B8,-3.403247625466168
KDELR1,-3.420728996282046
KDELR2,-3.420728996282046
KDELR3,-3.420728996282046
SUOX,-3.4279796189252405
NAXE,-3.4289098021171416
YJEFN3,-3.4289098021171416
ISOC1,-3.436684261725891
PACRG,-3.437763117080232
LRRC58,-3.444540421093136
DPP4,-3.444639539043396
MAP2K2,-3.448314494628905
MAP2K1,-3.448314494628905
HSD17B4,-3.453634820043495
MTHFD2,-3.460172764594715
STX5,-3.4667083729262584
GK2,-3.476558355737897
GK,-3.476558355737897
GK3,-3.476558355737897
PSMC1,-3.483783197508732
CLN3,-3.4854417949618446
PLEKHF2,-3.502264871771875
DAO,-3.502317518655516
DDO,-3.502317518655516
EPS8L1,-3.5030258524641296
EPS8L2,-3.5030258524641296
EPS8L3,-3.5030258524641296
ERO1B,-3.504385036305093
ERO1A,-3.504385036305093
CRAT,-3.5047473526343644
ACBD4,-3.513205207434677
ACBD5,-3.513205207434677
FDPS,-3.51481939921178
SLC29A1,-3.5225069874297743
SLC29A3,-3.5225069874297743
SLC29A2,-3.5225069874297743
PSMC3,-3.52585475143038
RIDA,-3.5497463091093464
PSPH,-3.556270197967181
MTTP,-3.5896700873131566
PNPO,-3.5959838671946045
RUNX1,-3.6004863286168782
GZMK,-3.6171630226963742
MST1,-3.6171630226963742
HGF,-3.6171630226963742
PIK3IP1,-3.6171630226963742
GZMA,-3.6171630226963742
HABP2,-3.6171630226963742
PSMB4,-3.625200894181873
SLC46A1,-3.6391833378728777
SLC46A2,-3.6391833378728777
SLC46A3,-3.6391833378728777
FAH,-3.6415486956610414
ZNRF2,-3.644747530828568
ATIC,-3.645174301297629
PAH,-3.654040001283985
BNC2,-3.65986351010584
BNC1,-3.65986351010584
AGL,-3.6681446778307234
ARMT1,-3.670723013270479
NIPSNAP3A,-3.680035247759562
NIPSNAP3B,-3.680035247759562
NIPSNAP2,-3.680035247759562
NIPSNAP1,-3.680035247759562
CTSL,-3.689380052652264
CTSV,-3.689380052652264
PGLYRP4,-3.695306853895004
PGLYRP3,-3.695306853895004
PGLYRP2,-3.695306853895004
PGLYRP1,-3.695306853895004
ABCC11,-3.6981794326613153
ABCC2,-3.6981794326613153
ABCC10,-3.6981794326613153
ABCC12,-3.6981794326613153
ABCC5,-3.6981794326613153
ABCC9,-3.6981794326613153
ABCC4,-3.6981794326613153
ABCC6,-3.6981794326613153
ABCC1,-3.6981794326613153
CFTR,-3.6981794326613153
ABCC8,-3.6981794326613153
ABCC3,-3.6981794326613153
PRPS1,-3.6992863798900206
PRPS2,-3.6992863798900206
PRPS1L1,-3.6992863798900206
TOR4A,-3.7072944357244593
TOR2A,-3.7072944357244593
TOR3A,-3.7072944357244593
TOR1B,-3.7072944357244593
TOR1A,-3.7072944357244593
AMY2B,-3.711023761433668
AMY2A,-3.711023761433668
AMY1A,-3.711023761433668
SLC3A1,-3.711023761433668
SLC3A2,-3.711023761433668
AMY1C,-3.711023761433668
AMY1B,-3.711023761433668
ACOX2,-3.71457559125337
PSMB1,-3.7147468530963694
CPT2,-3.717451552561987
HBG2,-3.718918751629562
HBG1,-3.718918751629562
HBE1,-3.718918751629562
HBD,-3.718918751629562
HBM,-3.718918751629562
MB,-3.718918751629562
HBA2,-3.718918751629562
HBB,-3.718918751629562
HBQ1,-3.718918751629562
CYGB,-3.718918751629562
HBZ,-3.718918751629562
HBA1,-3.718918751629562
SQOR,-3.7199620841816783
GLYCTK,-3.737427411287042
MPV17L2,-3.740099983169678
CD164,-3.75679171108963
CD164L2,-3.75679171108963
TMEM123,-3.75679171108963
DUOXA2,-3.7654161967968434
DUOXA1,-3.7654161967968434
PLAA,-3.7676123665710177
PRORP,-3.768242426209058
YPEL1,-3.769023014864786
PDPR,-3.769023014864786
YPEL4,-3.769023014864786
FOXRED1,-3.769023014864786
XDH,-3.7857005517666313
AOX1,-3.7857005517666313
DPYS,-3.789249930193821
LHPP,-3.812664618813472
PNLIPRP3,-3.81732781884101
LIPH,-3.81732781884101
LIPC,-3.81732781884101
PNLIPRP2,-3.81732781884101
LIPG,-3.81732781884101
PNLIP,-3.81732781884101
LIPI,-3.81732781884101
LPL,-3.81732781884101
PLA1A,-3.81732781884101
PNLIPRP1,-3.81732781884101
DGAT1,-3.830577703153818
ALDH18A1,-3.8730680302247538
LIPJ,-3.912363940248208
LIPK,-3.912363940248208
LIPF,-3.912363940248208
LIPM,-3.912363940248208
LIPA,-3.912363940248208
LIPN,-3.912363940248208
RGN,-3.915706283721365
ACAA2,-3.9253596658873646
GALT,-3.93527671334856
PFAS,-3.940208670631226
ABHD2,-3.943504861648674
PHGDH,-3.965256198125299
SNX2,-3.9733098283843646
SNX32,-3.9733098283843646
SNX33,-3.9733098283843646
SNX11,-3.9733098283843646
SNX5,-3.9733098283843646
MDH1,-3.9772337063805465
MDH1B,-3.9772337063805465
LACTB2,-3.98031718365458
C4A,-3.983618760552778
A2M,-3.983618760552778
C3,-3.983618760552778
PZP,-3.983618760552778
CD109,-3.983618760552778
A2ML1,-3.983618760552778
C5,-3.983618760552778
C4B,-3.983618760552778
NADK2,-3.9861974160373865
GGCT,-3.9947710285687728
FAHD2B,-3.996773657189592
PSMC4,-4.001431739529745
TMCC2,-4.011087573969208
TEX28,-4.011087573969208
TMCC1,-4.011087573969208
TMCC3,-4.011087573969208
MAN2B1,-4.015329702950596
PSMA4,-4.0173647207459
GUSB,-4.031681317714167
ACACB,-4.044180128694952
UNC93A,-4.044186893458682
PIP5K1A,-4.053120010525505
PEX11G,-4.067852572796894
CARNS1,-4.07066395078754
HAO2,-4.07066395078754
HAO1,-4.07066395078754
KL,-4.082367960379514
LCT,-4.082367960379514
GBA3,-4.082367960379514
KLB,-4.082367960379514
LCTL,-4.082367960379514
DHDH,-4.111136584984345
CYB5R3,-4.113592741930789
CYB5R2,-4.113592741930789
PSAT1,-4.120095580366225
DPF1,-4.121088369553227
KAT6B,-4.121088369553227
KAT5,-4.121088369553227
KAT6A,-4.121088369553227
DPF2,-4.121088369553227
DPF3,-4.121088369553227
RSF1,-4.121088369553227
ROS1,-4.133797089971721
SLC2A2,-4.1443595454793885
SLC2A11,-4.1443595454793885
SLC2A3,-4.1443595454793885
SLC2A5,-4.1443595454793885
SLC2A13,-4.1443595454793885
SLC2A9,-4.1443595454793885
SLC2A6,-4.1443595454793885
SLC2A10,-4.1443595454793885
SLC2A12,-4.1443595454793885
SLC2A1,-4.1443595454793885
SLC2A4,-4.1443595454793885
SLC2A7,-4.1443595454793885
SLC2A14,-4.1443595454793885
SLC2A8,-4.1443595454793885
CAD,-4.14780890508945
HSPB6,-4.156670256171555
OAT,-4.159102997024996
PSMD11,-4.173671216034254
TTYH3,-4.174779292398731
TTYH1,-4.174779292398731
TTYH2,-4.174779292398731
DPP3,-4.18127192419483
SARDH,-4.182665417712353
DNASE2,-4.186492000711725
DNASE2B,-4.186492000711725
HPGD,-4.236138306749914
AUH,-4.2540067620064095
CDY2B,-4.2540067620064095
CDYL2,-4.2540067620064095
CDY2A,-4.2540067620064095
CDY1B,-4.2540067620064095
ECHDC2,-4.2540067620064095
CDYL,-4.2540067620064095
CDY1,-4.2540067620064095
HSPB2,-4.260201434273724
HSPB3,-4.260201434273724
HSPB9,-4.260201434273724
HSPB8,-4.260201434273724
CRYAA,-4.260201434273724
HSPB7,-4.260201434273724
CRYAB,-4.260201434273724
GART,-4.277435406568753
KIF11,-4.282748528319122
GLA,-4.287598486707108
NAGA,-4.287598486707108
GLDC,-4.31406017600994
SLC15A3,-4.318387450834874
GCAT,-4.32781703156981
PFKFB1,-4.332184565886846
PFKFB4,-4.332184565886846
PFKFB3,-4.332184565886846
PFKFB2,-4.332184565886846
GALM,-4.339301197319916
HINT2,-4.362599215204113
PCSK4,-4.39676901158984
PCSK6,-4.39676901158984
PCSK9,-4.39676901158984
FAAH2,-4.401106404929959
NPEPL1,-4.406629584085319
TPI1,-4.446650067357151
PGD,-4.447559118297222
SMIM14,-4.466664650930931
AGXT,-4.491587278732942
GRHPR,-4.497360358644806
CTBP1,-4.497360358644806
CTBP2,-4.497360358644806
CHI3L1,-4.510436997937246
CHIT1,-4.510436997937246
CHI3L2,-4.510436997937246
CHIA,-4.510436997937246
OVGP1,-4.510436997937246
UGP2,-4.521570994254946
BAK1,-4.525153471762039
BOK,-4.525153471762039
BCL2A1,-4.525153471762039
MCL1,-4.525153471762039
BCL2L10,-4.525153471762039
BAX,-4.525153471762039
SLC26A11,-4.596861365885061
GOT1,-4.599080740196387
GOT1L1,-4.599080740196387
PRDX2,-4.647816210032032
PRDX6,-4.647816210032032
PRDX1,-4.647816210032032
SEH1L,-4.72451982365211
PSMD1,-4.727578638541009
ACADS,-4.734811448159262
SLC25A42,-4.756801045719572
CPVL,-4.766478097697672
G6PD,-4.767016397503939
AKR1E2,-4.7981553671217565
AKR1B1,-4.7981553671217565
DHRS11,-4.810207557598491
GALK2,-4.850994559683915
PUDP,-4.888602748544322
XYLB,-4.898245995799951
ITGAD,-4.89939277009869
ITGA2,-4.89939277009869
ITGA9,-4.89939277009869
ITGA10,-4.89939277009869
ITGAX,-4.89939277009869
ITGA7,-4.89939277009869
ITGA4,-4.89939277009869
ITGA11,-4.89939277009869
ITGA6,-4.89939277009869
ITGAE,-4.89939277009869
ITGA1,-4.89939277009869
ITGA5,-4.89939277009869
ITGAL,-4.89939277009869
ITGA2B,-4.89939277009869
ITGAV,-4.89939277009869
ITGA8,-4.89939277009869
ITGA3,-4.89939277009869
ITGAM,-4.89939277009869
PDXP,-4.931411810396289
PGP,-4.931411810396289
C11orf54,-4.952097189295023
MPI,-4.95508087592007
PGLS,-4.992366044205875
SORD,-4.995364821243733
KHK,-5.029514069095153
TRPS1,-5.029574081780404
GATA6,-5.029574081780404
GATA2,-5.029574081780404
GATA3,-5.029574081780404
ZGLP1,-5.029574081780404
GATA1,-5.029574081780404
TALDO1,-5.035533049326032
SLC16A6,-5.052313634514983
SLC16A3,-5.052313634514983
SLC16A10,-5.052313634514983
SLC16A14,-5.052313634514983
SLC16A13,-5.052313634514983
SLC16A2,-5.052313634514983
SLC16A5,-5.052313634514983
SLC16A11,-5.052313634514983
SLC16A7,-5.052313634514983
SLC16A12,-5.052313634514983
SLC16A4,-5.052313634514983
SLC16A1,-5.052313634514983
SLC16A8,-5.052313634514983
SLC16A9,-5.052313634514983
GALNT6,-5.073704937561074
GALNT16,-5.073704937561074
GALNTL6,-5.073704937561074
GALNT11,-5.073704937561074
GALNT13,-5.073704937561074
GALNT15,-5.073704937561074
GALNT17,-5.073704937561074
GALNTL5,-5.073704937561074
GALNT9,-5.073704937561074
TPSG1,-5.088327303764949
TPSB2,-5.088327303764949
TPSAB1,-5.088327303764949
TPSD1,-5.088327303764949
PRDX4,-5.1139482333917385
DDOST,-5.118768163378082
TLCD3B,-5.1524782352434135
TLCD3A,-5.1524782352434135
PSMA1,-5.15299084913808
SELENBP1,-5.20088224955274
APMAP,-5.201402971300237
RPIA,-5.245118054277377
CLIC6,-5.25596899209767
CLIC1,-5.25596899209767
CLIC2,-5.25596899209767
GSTT2B,-5.25596899209767
GSTO1,-5.25596899209767
GSTO2,-5.25596899209767
CLIC3,-5.25596899209767
CLIC4,-5.25596899209767
GSTT4,-5.25596899209767
GDAP1,-5.25596899209767
GSTT2,-5.25596899209767
GDAP1L1,-5.25596899209767
CLIC5,-5.25596899209767
PSMD3,-5.2561379191927164
MTHFD2L,-5.256990098416368
FGGY,-5.262499007403797
CYP4F12,-5.291351196017103
CYP4F8,-5.291351196017103
CYP4F11,-5.291351196017103
CYP4A22,-5.291351196017103
CYP4F2,-5.291351196017103
CYP4F3,-5.291351196017103
CYP4A11,-5.291351196017103
CYP4F22,-5.291351196017103
CYP4V2,-5.291351196017103
CYP19A1,-5.291351196017103
CYP4Z1,-5.291351196017103
CYP4X1,-5.291351196017103
CYP4B1,-5.291351196017103
HDHD3,-5.311670955775217
HDAC6,-5.3440784481903325
PRCP,-5.39749940248261
PSMD2,-5.400856003251568
SCARB1,-5.419120225320134
USP8,-5.447311418907006
ADSL,-5.452144831922155
GOT2,-5.463563747146268
PNP,-5.483552752343656
ACLY,-5.547929179004945
NLGN3,-5.623356166758955
CEL,-5.623356166758955
NLGN4X,-5.623356166758955
CES2,-5.623356166758955
NLGN4Y,-5.623356166758955
NLGN1,-5.623356166758955
NLGN2,-5.623356166758955
CES3,-5.623356166758955
CES5A,-5.623356166758955
CES1,-5.623356166758955
ACHE,-5.623356166758955
CES4A,-5.623356166758955
TG,-5.623356166758955
PPAT,-5.625226445117254
GCDH,-5.632222138668059
UGT1A3,-5.640454183962848
UGT1A1,-5.640454183962848
UGT1A8,-5.640454183962848
UGT2A1,-5.640454183962848
UGT1A7,-5.640454183962848
UGT2B10,-5.640454183962848
UGT1A4,-5.640454183962848
UGT1A9,-5.640454183962848
UGT3A1,-5.640454183962848
UGT1A10,-5.640454183962848
UGT2B7,-5.640454183962848
UGT2B15,-5.640454183962848
UGT3A2,-5.640454183962848
UGT2B28,-5.640454183962848
UGT1A6,-5.640454183962848
UGT2A3,-5.640454183962848
UGT2A2,-5.640454183962848
UGT2B4,-5.640454183962848
UGT2B11,-5.640454183962848
UGT8,-5.640454183962848
UGT1A5,-5.640454183962848
UGT2B17,-5.640454183962848
DPH6,-5.671701027242265
DCXR,-5.684583246721421
MME,-5.711149143615546
ECE2,-5.711149143615546
MMEL1,-5.711149143615546
ECEL1,-5.711149143615546
KEL,-5.711149143615546
ECE1,-5.711149143615546
HSDL1,-5.7258514811741685
ALDH1A1,-5.762872839265997
ALDH3A2,-5.762872839265997
ALDH9A1,-5.762872839265997
ALDH1A2,-5.762872839265997
ALDH1L2,-5.762872839265997
ALDH3A1,-5.762872839265997
ALDH1L1,-5.762872839265997
ALDH1B1,-5.762872839265997
ALDH3B1,-5.762872839265997
ALDH16A1,-5.762872839265997
PDIA3,-5.801068396394819
TMX1,-5.801068396394819
ERP27,-5.801068396394819
TMX3,-5.801068396394819
P4HB,-5.801068396394819
PDIA2,-5.801068396394819
TMX4,-5.801068396394819
PDILT,-5.801068396394819
GPI,-5.8324599539047375
PSMD14,-5.891160848891015
GCK,-5.989928233007973
NFILZ,-5.990960640134937
NFIL3,-5.990960640134937
PDXK,-6.033986364790928
HYI,-6.058656887111893
KCNAB1,-6.277921302516024
AKR7A3,-6.277921302516024
AKR1C3,-6.277921302516024
AKR1C8,-6.277921302516024
AKR1C4,-6.277921302516024
AKR1A1,-6.277921302516024
AKR7L,-6.277921302516024
AKR7A2,-6.277921302516024
AKR1C1,-6.277921302516024
KCNAB2,-6.277921302516024
AKR1D1,-6.277921302516024
AKR1C2,-6.277921302516024
AKR1B10,-6.277921302516024
AKR1B15,-6.277921302516024
DHRS4,-6.489321269092584
DHRS4L2,-6.489321269092584
CBR3,-6.489321269092584
DHRS2,-6.489321269092584
MYORG,-6.649481070002088
SI,-6.649481070002088
GANC,-6.649481070002088
GAA,-6.649481070002088
MGAM,-6.649481070002088
MGAM2,-6.649481070002088
HPGDS,-6.6616460549793
PER3,-7.0971144253390985
PER2,-7.0971144253390985
PER1,-7.0971144253390985
TKTL1,-7.432392575894744
GBE1,-7.606563539108581
ALDH7A1,-7.855608188700506
SHMT1,-8.066278394555175
