name,stat
POR,9.149222735723342
HSDL1,9.13670688528501
CYP4A11,8.41082713253079
CYP4F3,8.41082713253079
CYP4F12,8.41082713253079
CYP4F2,8.41082713253079
CYP4F8,8.41082713253079
CYP4Z1,8.41082713253079
CYP19A1,8.41082713253079
CYP4A22,8.41082713253079
CYP4V2,8.41082713253079
CYP4F22,8.41082713253079
CYP4F11,8.41082713253079
CYP4X1,8.41082713253079
CYP4B1,8.41082713253079
FAR2,8.084536475475174
FAR1,8.084536475475174
ALDH3B2,8.063517032326928
NLGN3,7.581079872899205
ACHE,7.581079872899205
CEL,7.581079872899205
CES2,7.581079872899205
CES3,7.581079872899205
CES4A,7.581079872899205
CES5A,7.581079872899205
NLGN1,7.581079872899205
TG,7.581079872899205
NLGN2,7.581079872899205
NLGN4X,7.581079872899205
CES1,7.581079872899205
NLGN4Y,7.581079872899205
ABCD3,7.009687103078938
LONRF3,6.729312319539627
LONRF1,6.729312319539627
LONRF2,6.729312319539627
AGPAT4,6.699931686243016
AGPAT3,6.699931686243016
GFPT2,6.583783197242193
AWAT2,6.509618159137096
AWAT1,6.509618159137096
MOGAT2,6.509618159137096
MOGAT1,6.509618159137096
MOGAT3,6.509618159137096
DGAT2,6.509618159137096
DGAT2L6,6.509618159137096
SLC16A14,6.402050350887026
SLC16A2,6.402050350887026
SLC16A9,6.402050350887026
SLC16A5,6.402050350887026
SLC16A12,6.402050350887026
SLC16A13,6.402050350887026
SLC16A7,6.402050350887026
SLC16A11,6.402050350887026
SLC16A10,6.402050350887026
SLC16A8,6.402050350887026
SLC16A6,6.402050350887026
SLC16A1,6.402050350887026
SLC16A3,6.402050350887026
SLC16A4,6.402050350887026
ACOX2,6.388477264944776
ABHD5,6.386565217058227
ABHD4,6.386565217058227
GCLC,6.376325515313031
TTPAL,6.343772047793413
DHRS11,5.968520245906082
DHRSX,5.960570652346123
GDAP1L1,5.955487308153413
CLIC5,5.955487308153413
GSTT2B,5.955487308153413
CLIC3,5.955487308153413
CLIC2,5.955487308153413
GDAP1,5.955487308153413
CLIC1,5.955487308153413
CLIC4,5.955487308153413
GSTO2,5.955487308153413
GSTT2,5.955487308153413
GSTO1,5.955487308153413
GSTT4,5.955487308153413
TMEM135,5.88292074119445
PC,5.733986248588146
HACD2,5.666894406075424
HACD1,5.666894406075424
HMGCS2,5.624789412777242
HMGCS1,5.624789412777242
CLIC6,5.555935680381911
PLIN2,5.485733700090039
PLIN3,5.485733700090039
PLIN1,5.485733700090039
PLIN5,5.485733700090039
PLIN4,5.485733700090039
ABHD6,5.453086800558401
IPO5,5.363590404003707
RANBP6,5.363590404003707
SPDEF,5.358217126962318
DNLZ,5.325487723343144
MAT1A,5.058559341277484
MAT2A,5.058559341277484
SERHL2,5.039495340505287
ABHD14A,5.039495340505287
ABHD14B,5.039495340505287
EPHX2,5.039495340505287
EPHX4,5.039495340505287
ABHD8,5.039495340505287
EPHX3,5.039495340505287
MEST,5.039495340505287
ABCC10,5.035363197663086
ABCC1,5.035363197663086
ABCC2,5.035363197663086
ABCC6,5.035363197663086
ABCC3,5.035363197663086
ABCC12,5.035363197663086
ABCC5,5.035363197663086
ABCC11,5.035363197663086
ABCC9,5.035363197663086
ABCC4,5.035363197663086
CFTR,5.035363197663086
ABCC8,5.035363197663086
LTV1,5.017158232003563
TMLHE,5.0159243977122046
GTPBP4,5.000288188172174
STK17A,4.984638994165138
STK17B,4.984638994165138
ABCA10,4.969374664281852
ABCA7,4.969374664281852
ABCA2,4.969374664281852
ABCA13,4.969374664281852
ABCA8,4.969374664281852
ABCA3,4.969374664281852
ABCA6,4.969374664281852
ABCA12,4.969374664281852
ABCA9,4.969374664281852
ABCA4,4.969374664281852
SPR,4.943981574653288
C2CD2L,4.915558000338244
C2CD2,4.915558000338244
STIM2,4.8638102376094885
STIM1,4.8638102376094885
AKR1B15,4.8362123193953055
RPS6KA4,4.801810454495379
RPS6KA3,4.801810454495379
RPS6KA1,4.801810454495379
RPS6KB2,4.801810454495379
RPS6KA2,4.801810454495379
RPS6KB1,4.801810454495379
RPS6KA6,4.801810454495379
RPS6KA5,4.801810454495379
MPC1,4.783153366348588
PASD1,4.7218898608902204
ARNT2,4.7218898608902204
BMAL2,4.7218898608902204
NPAS2,4.7218898608902204
CPT1C,4.647447091868078
NIM1K,4.636046247714649
ARHGEF10L,4.59623079219214
ARHGEF10,4.59623079219214
SHROOM4,4.583122423983641
SHROOM1,4.583122423983641
SHROOM3,4.583122423983641
CLUH,4.525512055071773
UBAP1,4.513360727636267
UBAP1L,4.513360727636267
RB1CC1,4.416409676137183
ACADVL,4.403404720285658
TFAP4,4.366249961022044
PHAF1,4.315249090031515
HMBS,4.274290248018129
IDH1,4.256567184831398
DDX17,4.237504009519993
RNF212B,4.218997523557158
RNF212,4.218997523557158
ODC1,4.179520718990687
AZIN1,4.179520718990687
AZIN2,4.179520718990687
HINFP,4.176314697294149
HADHA,4.170642790116584
SLC5A6,4.157908421079695
RNF139,4.139337191988302
ACSL3,4.121849711543844
ACSBG1,4.121849711543844
SLC27A4,4.121849711543844
SLC27A6,4.121849711543844
SLC27A5,4.121849711543844
SLC27A2,4.121849711543844
ACSL6,4.121849711543844
ACSL1,4.121849711543844
ACSL4,4.121849711543844
ACSBG2,4.121849711543844
SLC27A3,4.121849711543844
SLC27A1,4.121849711543844
CLPX,4.0684404592727565
HIBADH,4.043950574287859
IREB2,4.014004706520909
ABCG1,4.012757989997024
ABCG4,4.012757989997024
ABCG2,4.012757989997024
ABCG8,4.012757989997024
PIK3C3,3.996916111086532
EIF3L,3.995222349536887
THEM6,3.988841618413314
NODAL,3.963408826310124
FITM2,3.951025671645737
FITM1,3.951025671645737
D2HGDH,3.945936863543052
PPP1R10,3.887614186517639
DCST2,3.872260537968869
MCM6,3.869069882651449
SMAD4,3.865524376282848
SMAD7,3.865524376282848
SLC5A11,3.735472183768891
SLC5A9,3.735472183768891
SLC5A5,3.735472183768891
SLC5A3,3.735472183768891
SLC5A7,3.735472183768891
SLC5A4,3.735472183768891
N/A,3.735472183768891
SLC5A12,3.735472183768891
SLC5A2,3.735472183768891
SLC5A8,3.735472183768891
SLC5A1,3.735472183768891
SLC5A10,3.735472183768891
UNK,3.709983058037395
UNKL,3.709983058037395
GAS2L2,3.70710640436637
OGDHL,3.696340565104816
OGDH,3.696340565104816
NUDT6,3.696254961577913
ETFRF1,3.679757315787372
DIAPH2,3.666642906229963
FAM47B,3.666642906229963
FAM47A,3.666642906229963
FAM47C,3.666642906229963
NFKBIB,3.648872675064669
NFKBIA,3.648872675064669
IVD,3.6369540260688233
SCCPDH,3.628125592893516
BBOX1,3.6262680032646
CNGA4,3.625754629480086
KCNH7,3.625754629480086
CNGA3,3.625754629480086
HCN1,3.625754629480086
HCN2,3.625754629480086
CNGB3,3.625754629480086
KCNH8,3.625754629480086
KCNH3,3.625754629480086
CNGB1,3.625754629480086
KCNH2,3.625754629480086
HCN4,3.625754629480086
CNGA1,3.625754629480086
HCN3,3.625754629480086
KCNH4,3.625754629480086
LPIN1,3.6130675727379296
LPIN2,3.6130675727379296
LPIN3,3.6130675727379296
AP5Z1,3.6130675727379296
MAGIX,3.6107968503093817
GRIP1,3.6107968503093817
CUBN,3.6105329563366153
PDK1,3.6026525243610803
PDK2,3.6026525243610803
PDK3,3.6026525243610803
PDK4,3.6026525243610803
DENND4C,3.575481611840829
DENND3,3.575481611840829
DENND4B,3.575481611840829
CPT2,3.553281287162179
BCAS3,3.5374071024881344
VWA8,3.5295315272335537
MIOS,3.517707458663576
SCARB1,3.5109889585992664
RNF215,3.507529971061841
EXOG,3.499383291569041
GNAI1,3.498376590075011
GNAQ,3.498376590075011
GNA14,3.498376590075011
GNA12,3.498376590075011
GNAZ,3.498376590075011
GNA13,3.498376590075011
GNAS,3.498376590075011
GNAT2,3.498376590075011
GNAI3,3.498376590075011
GNAL,3.498376590075011
GNAT1,3.498376590075011
GNAI2,3.498376590075011
GNAT3,3.498376590075011
GNA15,3.498376590075011
GNA11,3.498376590075011
HADHB,3.4890903714662365
BSCL2,3.474034781764812
SQSTM1,3.4713651361387354
RXRG,3.449345642889236
KCNH1,3.448093944106901
KLHDC4,3.4455758140317974
SLC25A19,3.432763614330501
FAAH,3.43151048451412
ZNF395,3.4298095701907405
SLC2A4RG,3.4298095701907405
MTF1,3.4287010965956863
YKT6,3.3914982935068445
NAPRT,3.3797935803258827
PINK1,3.3650056225506253
CNN2,3.363494251699265
TAGLN2,3.363494251699265
CNN1,3.363494251699265
TAGLN3,3.363494251699265
TAGLN,3.363494251699265
RSL24D1,3.358473553547968
EXD1,3.3524620425884355
PRKAB1,3.347897898557361
OLA1,3.343113596760928
EIF3E,3.3374243648095567
CROT,3.336068847844563
NADK,3.3355535865168413
ETFDH,3.3287040672503627
ADCK5,3.3178868868498657
PUF60,3.303740210426537
ADHFE1,3.3018271281019684
PA2G4,3.286987624760587
XPNPEP2,3.286987624760587
PNPLA6,3.274981949728571
PNPLA7,3.274981949728571
ECH1,3.2682867761829555
MIOX,3.2590108303224
SUGCT,3.2570217720264143
ACAA2,3.256554175260557
ACBD5,3.2529308151824328
ACBD4,3.2529308151824328
ATL2,3.2507125986504355
GBP1,3.2507125986504355
GBP7,3.2507125986504355
GBP2,3.2507125986504355
RNF112,3.2507125986504355
GBP4,3.2507125986504355
GBP3,3.2507125986504355
ATL1,3.2507125986504355
GBP5,3.2507125986504355
GBP6,3.2507125986504355
ZFP36,3.2453313151894587
MCCC2,3.2338685947544983
SPART,3.232496391256415
PCK2,3.224881915400727
PCK1,3.224881915400727
PES1,3.2199489915659787
ELOB,3.21903618205025
PISD,3.212614019656353
ETFB,3.209503094613259
FTSJ3,3.196732491345002
CLEC4M,3.176888941577636
CLEC4C,3.176888941577636
FCER2,3.176888941577636
CLEC4A,3.176888941577636
CLEC4G,3.176888941577636
ASGR2,3.176888941577636
CLEC17A,3.176888941577636
CLEC4F,3.176888941577636
CLEC4D,3.176888941577636
CLEC6A,3.176888941577636
CLEC10A,3.176888941577636
CD209,3.176888941577636
ASGR1,3.176888941577636
CD207,3.176888941577636
CLEC4E,3.176888941577636
DTNA,3.1703536213196646
FBXO32,3.153316612788558
FBXO25,3.153316612788558
EIF3H,3.150078401302001
ESRP1,3.1488143306892447
GRSF1,3.1488143306892447
HNRNPF,3.1488143306892447
HNRNPH3,3.1488143306892447
RBM12B,3.1488143306892447
RBM12,3.1488143306892447
ESRP2,3.1488143306892447
DDX24,3.140371201820665
ABCE1,3.1329296703983696
TMEM41B,3.124128866675146
ARMC5,3.123082103915671
PLXDC2,3.1174141023599526
PLXDC1,3.1174141023599526
IFT70A,3.114731535516017
IFT70B,3.114731535516017
MRE11,3.1073138986557693
OPHN1,3.0954180040351864
ARHGAP10,3.0954180040351864
ARHGAP42,3.0954180040351864
DOLK,3.087482037459332
GAS2L1,3.08418000016773
GNMT,3.078575405254062
ATE1,3.071617066813072
LIPE,3.070896890678405
NUDT19,3.0666811319702565
IRS4,3.056266478560276
IRS1,3.056266478560276
IRS2,3.056266478560276
DNAJC1,3.045168174343617
CBS,3.040955820995886
ANK1,3.0387880789212454
ABCA5,3.036337670125647
CHTF18,3.0309316933045496
SLC25A10,3.025333469014958
MCCC1,3.024318898499549
SH2B1,3.019273908972014
SH2B3,3.019273908972014
SH2B2,3.019273908972014
ECE1,3.0155286716026044
MME,3.0155286716026044
ECE2,3.0155286716026044
MMEL1,3.0155286716026044
ECEL1,3.0155286716026044
PDCD4,3.0101182537307936
KLHL5,3.0013224668924354
DBT,2.98961909929768
RAB11FIP2,2.988176909037291
RAB11FIP5,2.988176909037291
RAB11FIP1,2.988176909037291
GLIS2,2.984785764608744
FAM13A,2.978228674639079
FAM13C,2.978228674639079
FAM13B,2.978228674639079
RREB1,2.9764972820353224
EED,2.9730585516040984
GLS2,2.96788368917545
GLS,2.96788368917545
TRHDE,2.962220564335322
ANPEP,2.962220564335322
LVRN,2.962220564335322
RNPEPL1,2.962220564335322
LNPEP,2.962220564335322
ERAP1,2.962220564335322
ERAP2,2.962220564335322
AOPEP,2.962220564335322
MFSD8,2.951544807743004
MFN1,2.950477754511505
MFN2,2.950477754511505
MSRB3,2.949360446037826
RBM19,2.940192718131548
UBE2G2,2.9353969121428296
ECHS1,2.928547566751872
MECOM,2.9218165034568493
ZDHHC6,2.919643897088296
RPL13A,2.907534276079573
UBE3C,2.906130828217449
LACTB2,2.9059016440922667
EIF3A,2.903911991769513
GATA1,2.9007332965760577
ZGLP1,2.9007332965760577
GATA3,2.9007332965760577
TRPS1,2.9007332965760577
GATA2,2.9007332965760577
GATA6,2.9007332965760577
ALG1L2,2.893123381295501
ALG1,2.893123381295501
ABCA1,2.8805437714162863
PCYT2,2.879306990698448
FBL,2.8783865731599465
FBLL1,2.8783865731599465
WDTC1,2.8664238498774792
EIF3B,2.859966392843852
ITGA7,2.849611963498144
ITGA3,2.849611963498144
ITGAD,2.849611963498144
ITGA2B,2.849611963498144
ITGAM,2.849611963498144
ITGA10,2.849611963498144
ITGAL,2.849611963498144
ITGAE,2.849611963498144
ITGA1,2.849611963498144
ITGAV,2.849611963498144
DDX56,2.843636803400236
CS,2.8407544059047747
YPEL2,2.8407364725630666
SEC23IP,2.8383938224430767
DDHD2,2.8383938224430767
WWOX,2.837198234738747
PXN,2.836473901550526
TGFB1I1,2.836473901550526
LPXN,2.836473901550526
HSDL2,2.829995200573235
ZBTB7A,2.8215804030184817
ZBTB43,2.8215804030184817
ZNF740,2.8215804030184817
ZNF367,2.8215804030184817
ZBTB5,2.8215804030184817
CASP10,2.817569463421511
PNO1,2.810982978172103
UBQLN1,2.8055597194047683
ZDHHC14,2.8031278935418587
CASZ1,2.796291406923962
DENND1B,2.790552001443313
DENND1C,2.790552001443313
DENND1A,2.790552001443313
SERTAD4,2.783701976700924
SUZ12,2.782583279419386
KHDRBS3,2.7825524936190207
QKI,2.7825524936190207
KHDRBS2,2.7825524936190207
KHDRBS1,2.7825524936190207
MPV17L,2.778135249873128
TXNRD1,2.7750997704195064
TXNRD3,2.7750997704195064
AIFM3,2.7750997704195064
ZCCHC2,2.766701733197164
ZCCHC14,2.766701733197164
DTL,2.764678196416471
MAK16,2.7558809398227537
SFSWAP,2.7531277508148966
MTSS2,2.752016641673696
EIF3CL,2.749171153564355
EIF3C,2.749171153564355
ALDH18A1,2.7439356803157224
SUCLG1,2.7423717326651964
DKC1,2.7335047114559474
GAPVD1,2.723191951644776
GBA1,2.7139444823241186
SLC25A21,2.7089733482478007
PPA1,2.706473239178212
PPA2,2.706473239178212
SUCLA2,2.7042315608275715
CREBL2,2.703910674621369
VMP1,2.690062614377504
ECI1,2.689810605310679
DDX47,2.6796746697819387
PEX2,2.6775203495816
RACGAP1,2.6713044616716
SDHAF4,2.6658454431472096
CDC7,2.6650509411128063
HPGD,2.6547583780212616
GADD45B,2.644784822317197
GADD45G,2.644784822317197
GADD45A,2.644784822317197
ZNF473,2.637270638849866
ZNF160,2.637270638849866
ZNF48,2.637270638849866
ZNF497,2.637270638849866
ZNF747,2.637270638849866
ZNF569,2.637270638849866
ZNF574,2.637270638849866
ZNF181,2.637270638849866
ZNF302,2.637270638849866
ZNF84,2.637270638849866
ZNF184,2.637270638849866
ZNF785,2.637270638849866
ZNF420,2.637270638849866
ZNF764,2.637270638849866
ZFP92,2.637270638849866
ZNF347,2.637270638849866
ZNF594,2.637270638849866
ZNF208,2.637270638849866
ZNF729,2.637270638849866
ZNF107,2.637270638849866
ZNF99,2.637270638849866
CTCFL,2.637270638849866
ZNF665,2.637270638849866
ZNF282,2.637270638849866
ZNF688,2.637270638849866
ZNF91,2.637270638849866
ZNF689,2.637270638849866
PCF11,2.6365453590354857
TTPA,2.63258828548865
INSM1,2.6185082871088383
INSM2,2.6185082871088383
BTF3L4,2.6135434898674594
REL,2.6131246123504184
RELA,2.6131246123504184
RELB,2.6131246123504184
NFKB1,2.6131246123504184
NFKB2,2.6131246123504184
RNF2,2.611189790856299
BMI1,2.611189790856299
PCGF5,2.611189790856299
PCGF1,2.611189790856299
RING1,2.611189790856299
PCGF2,2.611189790856299
PCGF6,2.611189790856299
ETNK1,2.608997932378976
ETNK2,2.608997932378976
HGSNAT,2.608131580298569
PTGER1,2.6035936397795862
PTGER3,2.6035936397795862
PTGFR,2.6035936397795862
TBXA2R,2.6035936397795862
SLC9B2,2.595038326700526
SLC9B1,2.595038326700526
PGD,2.5832555598660285
CRAMP1,2.5788840193737426
PLEKHF2,2.578494177563809
TWSG1,2.57776584437421
HSD17B10,2.5721033171461385
PLPPR4,2.5704682903857448
PLPPR5,2.5704682903857448
PLPPR3,2.5704682903857448
PLPP3,2.5704682903857448
PLPP1,2.5704682903857448
PLPPR2,2.5704682903857448
PLPP2,2.5704682903857448
PLPP5,2.5704682903857448
PLPPR1,2.5704682903857448
PLPP4,2.5704682903857448
LALBA,2.5701366056475985
LYZL1,2.5701366056475985
LYZL6,2.5701366056475985
SPACA3,2.5701366056475985
LYZL2,2.5701366056475985
LYZL4,2.5701366056475985
LYZ,2.5701366056475985
SPACA5,2.5701366056475985
SPACA5B,2.5701366056475985
RICTOR,2.5700955165201
HAP1,2.564876201744732
TRAK1,2.564876201744732
TRAK2,2.564876201744732
CFAP91,2.563215356810519
ZNF593,2.561529699517231
PPP4R3A,2.560741354879969
PPP4R3B,2.560741354879969
PPP4R3C,2.560741354879969
NEGR1,2.557332061811375
IGSF5,2.557332061811375
OPCML,2.557332061811375
IGLON5,2.557332061811375
NTM,2.557332061811375
LSAMP,2.557332061811375
PRIM1,2.552282024349626
CRTC2,2.5522632764873934
CRTC1,2.5522632764873934
CRTC3,2.5522632764873934
ACP3,2.54612925595594
ACP2,2.54612925595594
ACP6,2.54612925595594
ACP4,2.54612925595594
LINGO3,2.5452720300942704
LINGO4,2.5452720300942704
TGDS,2.5403622993083457
MSX1,2.53892134964244
MSX2,2.53892134964244
FRMD1,2.534709484839232
ESF1,2.531074586895454
MDN1,2.5284316860721865
TMEM120A,2.5139858648236024
TMEM120B,2.5139858648236024
RFX5,2.5132051633247885
RFX7,2.5132051633247885
PAQR7,2.509386361976304
PAQR6,2.509386361976304
PAQR5,2.509386361976304
MMD,2.509386361976304
MMD2,2.509386361976304
ADIPOR1,2.509386361976304
PAQR8,2.509386361976304
ACSF2,2.508354443002436
LGALS13,2.5053925816305944
LGALS9C,2.5053925816305944
LGALS9,2.5053925816305944
LGALS14,2.5053925816305944
LGALS12,2.5053925816305944
CLC,2.5053925816305944
LGALS7B,2.5053925816305944
LGALS1,2.5053925816305944
LGALS16,2.5053925816305944
LGALS9B,2.5053925816305944
LGALS7,2.5053925816305944
ARID4B,2.5029518160877444
ARID5B,2.5029518160877444
ARID4A,2.5029518160877444
ARID5A,2.5029518160877444
FAIM,2.50023349908798
PEX11B,2.4991258869637183
PEX11A,2.4991258869637183
PPM1H,2.497239488316401
PPM1J,2.497239488316401
PDP2,2.497239488316401
PP2D1,2.497239488316401
PPM1N,2.497239488316401
PPM1F,2.497239488316401
PPM1M,2.497239488316401
ANAPC1,2.496311688708064
E2F2,2.492659087935688
HSPB2,2.4894403376605703
HSPB8,2.4894403376605703
HSPB1,2.4894403376605703
HSPB7,2.4894403376605703
CRYAA,2.4894403376605703
HSPB9,2.4894403376605703
CRYAB,2.4894403376605703
HSPB3,2.4894403376605703
EI24,2.4869848189667665
DYNC1LI1,2.486251423307727
DYNC1LI2,2.486251423307727
CFAP161,2.48533356872728
MCPH1,2.4841497666027545
EIF2S3,2.483958391236872
EEF1A1,2.483958391236872
EEF1A2,2.483958391236872
GSPT2,2.483958391236872
EIF2S3B,2.483958391236872
GSPT1,2.483958391236872
PSMD7,2.463386530386768
GPATCH4,2.462901251644125
AASS,2.4550900696499443
MLLT3,2.4519618235257754
MLLT1,2.4519618235257754
MCTP1,2.450528166227855
MCTP2,2.450528166227855
DAXX,2.4501741949538265
ENKD1,2.444428992231769
TRPM1,2.4433362591135377
TRPM5,2.4433362591135377
TRPM8,2.4433362591135377
TRPM4,2.4433362591135377
TRPM6,2.4433362591135377
TRPM3,2.4433362591135377
TRPM7,2.4433362591135377
RASGEF1B,2.443164496037844
ITM2C,2.4279626503056444
ITM2B,2.4279626503056444
ITM2A,2.4279626503056444
SULT2B1,2.425995280482678
SULT1A4,2.425995280482678
SULT1E1,2.425995280482678
SULT1C4,2.425995280482678
SULT6B1,2.425995280482678
SULT1C2,2.425995280482678
SULT2A1,2.425995280482678
SULT1A2,2.425995280482678
SULT1A1,2.425995280482678
SULT1C3,2.425995280482678
SULT4A1,2.425995280482678
SULT1B1,2.425995280482678
SULT1A3,2.425995280482678
NOB1,2.4244210996352784
PAICS,2.4198772443888563
PEX13,2.4171117624286107
TSC1,2.416323624477273
TAFAZZIN,2.414532161923807
DLGAP5,2.4117315828687134
CTSF,2.4098182774200927
TIMM44,2.4097759463434345
SGPL1,2.4047093347095734
CHMP4BP1,2.4000458415641086
CHMP4B,2.4000458415641086
G6PD,2.398830421339164
MLX,2.39573600940676
ALDH6A1,2.3858394978642545
PNISR,2.3785532830246687
NSA2,2.3763589884395704
BNIP3L,2.3748372779051627
BNIP3,2.3748372779051627
RBL1,2.373993452789067
RB1,2.373993452789067
RBL2,2.373993452789067
VPS72,2.369534067690154
ACER2,2.362406629328798
CDK11B,2.3618108420394672
CDK11A,2.3618108420394672
BRWD1,2.360261728821229
PHIP,2.360261728821229
BRWD3,2.360261728821229
TMEM259,2.3549024383780948
NAA30,2.3520449123413787
CIAO2A,2.3507307641123227
POLR1D,2.349666784772404
CHAC1,2.343522799247082
BNC2,2.3434476664276658
BNC1,2.3434476664276658
TOP3A,2.3416754987053108
MRPL28,2.337801644533283
EEF1G,2.3370281061743863
INSC,2.3320307016747623
HIPK2,2.3289050708976493
DYRK1B,2.3289050708976493
CLK4,2.3289050708976493
DYRK3,2.3289050708976493
CLK3,2.3289050708976493
DYRK1A,2.3289050708976493
HIPK4,2.3289050708976493
CLK1,2.3289050708976493
HIPK1,2.3289050708976493
GULP1,2.3286277274670018
GPS2,2.3277475849471667
NFAT5,2.321111269385293
PLEKHG6,2.3198142235521044
ARHGEF1,2.3198142235521044
ARHGEF2,2.3198142235521044
ADTRP,2.317477359078004
AIG1,2.317477359078004
DNAH3,2.317418488027087
RPL18A,2.3120120950485887
YTHDC1,2.311915928041213
TMEM17,2.3092769466214973
TMEM216,2.3092769466214973
TMEM80,2.3092769466214973
NOP53,2.3064591788433537
BPGM,2.303962501009485
TTYH2,2.3025001016330107
TTYH3,2.3025001016330107
TTYH1,2.3025001016330107
EAF1,2.3010035200667964
EAF2,2.3010035200667964
DDX27,2.295331603946944
SRSF4,2.282054200373235
ZW10,2.279967979001276
APC2,2.278268484173598
APC,2.278268484173598
RAB8B,2.2779096854330745
PCBP1,2.273541975579659
IGF2BP1,2.273541975579659
PCBP3,2.273541975579659
EIF2S1,2.2716472406646924
MAPRE1,2.270306948317958
MAPRE3,2.270306948317958
MAPRE2,2.270306948317958
GPR180,2.269548995422478
CA2,2.264832990120111
DDI1,2.262043925091888
DDI2,2.262043925091888
UBAC2,2.262043925091888
NRIP3,2.262043925091888
NRIP2,2.262043925091888
SCYL1,2.2618159058829828
CASC3,2.2604073774029354
SURF4,2.257369628254368
RIMS1,2.256029533396765
NANOGNB,2.256029533396765
RIMS4,2.256029533396765
RIMS2,2.256029533396765
RIMS3,2.256029533396765
DNAJC25,2.251910742854172
MAN2B1,2.245855883165268
ZWILCH,2.2453250033973458
GPAT4,2.244110177344473
GPAT3,2.244110177344473
SFXN3,2.241180934696457
SFXN1,2.241180934696457
EPN2,2.2342983389110254
EPN1,2.2342983389110254
EPN3,2.2342983389110254
MYCBPAP,2.2342983389110254
ENTHD1,2.2342983389110254
ATG101,2.233710674265605
NDFIP1,2.2329976886547187
NDFIP2,2.2329976886547187
HERPUD1,2.232168352739421
HERPUD2,2.232168352739421
MIGA1,2.2302250320629966
MIGA2,2.2302250320629966
DCAF13,2.2238889367747654
GDAP2,2.222410117043696
APMAP,2.222385209508955
NKX2-6,2.219841097866513
SLC25A27,2.218427674115848
RPL4,2.2179320100754305
EHBP1,2.216565845739239
SMTNL1,2.216565845739239
MICALL2,2.216565845739239
EHBP1L1,2.216565845739239
DAP,2.2150169846125345
ADI1,2.214556073850588
GPR22,2.2130425130953912
GPR150,2.2130425130953912
GNRHR,2.2130425130953912
QRFPR,2.2130425130953912
FFAR4,2.2130425130953912
JDP2,2.21015330055664
BATF,2.21015330055664
ATF3,2.21015330055664
BATF2,2.21015330055664
FOSL2,2.21015330055664
FOSB,2.21015330055664
BATF3,2.21015330055664
FOS,2.21015330055664
FOSL1,2.21015330055664
EEF2,2.2077165623816843
C19orf12,2.2032149479172896
SOX9,2.2025363766570942
SOX12,2.2025363766570942
SOX3,2.2025363766570942
SOX13,2.2025363766570942
SOX14,2.2025363766570942
SOX18,2.2025363766570942
SOX8,2.2025363766570942
SOX11,2.2025363766570942
SOX10,2.2025363766570942
SOX15,2.2025363766570942
SRY,2.2025363766570942
SOX7,2.2025363766570942
SOX5,2.2025363766570942
SOX6,2.2025363766570942
SOX4,2.2025363766570942
UPP1,2.2015599142636
RAC2,2.19192676647341
ACOX3,2.1882492917502256
RBKS,2.1845211225566463
ACVRL1,2.183538732433714
AMHR2,2.183538732433714
ACVR1B,2.183538732433714
ACVR1,2.183538732433714
ACVR1C,2.183538732433714
ACVR2A,2.183538732433714
CD200,2.1829416824384014
TIGIT,2.1829416824384014
NECTIN2,2.1829416824384014
NECTIN1,2.1829416824384014
NECTIN3,2.1829416824384014
CADM3,2.1829416824384014
SMAGP,2.1829416824384014
NCR3,2.1829416824384014
NECTIN4,2.1829416824384014
CADM1,2.1829416824384014
CD226,2.1829416824384014
CADM2,2.1829416824384014
PVR,2.1829416824384014
CRTAM,2.1829416824384014
CADM4,2.1829416824384014
MAP7D2,2.182476733262703
MAP7D1,2.182476733262703
MAP7D3,2.182476733262703
MAP7,2.182476733262703
UBE2H,2.1819416143582813
FKBP3,2.1788502126712297
PLA2G3,2.172369233109149
PROCA1,2.172369233109149
MYLIP,2.168956275125177
EIF4A1,2.1595887717414333
XPC,2.156259099337438
PEX5L,2.15213631477015
PEX5,2.15213631477015
CDC45,2.149974291655757
ZXDB,2.148794848855672
ZXDC,2.148794848855672
ZXDA,2.148794848855672
ATF1,2.1444422544673363
CREB3L4,2.1444422544673363
CREB3,2.1444422544673363
CREB3L1,2.1444422544673363
ATF6,2.1444422544673363
CREM,2.1444422544673363
ATF6B,2.1444422544673363
CREB1,2.1444422544673363
CREB3L3,2.1444422544673363
CREB3L2,2.1444422544673363
DNAH10,2.14211541002701
CREBRF,2.1408346197110983
WIPF1,2.1335361517793765
RRP15,2.131931705165637
MSH2,2.13038366163533
PAQR4,2.1287145515199244
EIF3K,2.1267098855282125
EMSY,2.1221762343583124
ST18,2.1212706599779234
MYT1L,2.1212706599779234
MYT1,2.1212706599779234
IRF2BPL,2.1212706599779234
IRF2BP1,2.1212706599779234
IRF2BP2,2.1212706599779234
DCP2,2.1193950531003525
MTHFR,2.1125829763606307
GATAD1,2.111053359110204
PEX14,2.106446685091019
NPAS4,2.1038340810882343
CAPZA3,2.101334479192329
CAPZA2,2.101334479192329
CAPZA1,2.101334479192329
PROC,2.100111201566191
ZFTRAF1,2.0984250994418314
TMEM276-ZFTRAF1,2.0984250994418314
FAM76A,2.097221575275339
FAM76B,2.097221575275339
SIN3A,2.0963681714049964
SIN3B,2.0963681714049964
SPOUT1,2.0915252753027693
RPLP0,2.0911785680138526
HSD17B4,2.0869080942200933
XPO7,2.0864028740618736
RANBP17,2.0864028740618736
PCYT1B,2.084397148592916
PCYT1A,2.084397148592916
EDC3,2.0784739251433484
TLE3,2.077206472082493
CHMP1B,2.073543801723945
MOSPD2,2.072482631724541
NAT10,2.070086397340421
NR2C1,2.067100938838908
RXRB,2.067100938838908
NR2F2,2.067100938838908
NR2F6,2.067100938838908
HNF4G,2.067100938838908
HNF4A,2.067100938838908
RXRA,2.067100938838908
NR2C2,2.067100938838908
POLE4,2.0652260071984965
NOL8,2.0648776710813688
CDIP1,2.06335449155992
LITAF,2.06335449155992
DHH,2.05989413364175
PHKA2,2.059751805588112
KANSL1,2.0574228336706666
KANSL1L,2.0574228336706666
ARGLU1,2.0547899675690733
JOSD2,2.051173665665642
JOSD1,2.051173665665642
HIBCH,2.0468662026168296
DCAF10,2.0436740465954464
STX19,2.0418815834293453
STX11,2.0418815834293453
STK39,2.041054289048362
WAC,2.040287137173725
PTDSS1,2.0344854754747868
ELOC,2.033031282544541
RAB11A,2.030821127931265
DLAT,2.027211528363406
SPHK1,2.025785979289201
CERKL,2.025785979289201
CERK,2.025785979289201
SPHK2,2.025785979289201
CCDC86,2.025048156110406
CCS,2.0215817007340093
MON2,2.020838558144508
FUS,2.0179199776548007
EWSR1,2.0179199776548007
TAF15,2.0179199776548007
CDKN2AIP,2.014565142731492
CDKN2AIPNL,2.014565142731492
NKRF,2.014565142731492
SUPT20H,2.013144180109109
SUPT20HL2,2.013144180109109
SUPT20HL1,2.013144180109109
PEX16,2.0100690307612745
CCNYL1,2.0076951037969946
CCNYL1B,2.0076951037969946
CCNY,2.0076951037969946
ATAD5,2.0038301051695195
CRLF3,2.0038301051695195
MAX,2.0020535027923083
BCKDHB,2.001830565795013
BTBD19,1.9998854822398395
PLD6,1.998807512523784
POLR2A,1.9976932998862624
ZMYND10,1.99489882103583
ZMYND19,1.99489882103583
MSS51,1.99489882103583
SOD1,1.992510399914014
IPO4,1.9918868087977848
MEN1,1.9911055737988823
DCAF8L2,1.986723349450954
DCAF8L1,1.986723349450954
DCAF8,1.986723349450954
PAIP1,1.985918485317196
NUP54,1.985082675276881
ALDOC,1.9810776165888
ALDOA,1.9810776165888
ALDOB,1.9810776165888
NUPR2,1.9790063742571435
NUPR1,1.9790063742571435
TMEM33,1.978863793076676
SLC13A2,1.9772076868403217
SLC13A1,1.9772076868403217
SLC13A4,1.9772076868403217
SLC13A5,1.9772076868403217
SLC13A3,1.9772076868403217
AKAP17A,1.974489356056744
PIP5K1A,1.974241477706209
API5,1.97407151827991
SUGP1,1.974005470304648
SUGP2,1.974005470304648
KLK4,1.9731898924708933
PRSS58,1.9731898924708933
PRSS54,1.9731898924708933
TMPRSS4,1.9731898924708933
KLK3,1.9731898924708933
KLK1,1.9731898924708933
KLK11,1.9731898924708933
KLK5,1.9731898924708933
KLK2,1.9731898924708933
KLK14,1.9731898924708933
KLK8,1.9731898924708933
KLK12,1.9731898924708933
KLK7,1.9731898924708933
MGA,1.968715386949968
TBX5,1.968715386949968
TBX15,1.968715386949968
TBX20,1.968715386949968
TBXT,1.968715386949968
TBX6,1.968715386949968
TBX10,1.968715386949968
TBX1,1.968715386949968
TBX22,1.968715386949968
TBX21,1.968715386949968
TBX3,1.968715386949968
TBX4,1.968715386949968
TBR1,1.968715386949968
TBX19,1.968715386949968
EOMES,1.968715386949968
TBX2,1.968715386949968
SLC44A3,1.9672518040326288
KIF14,1.966169794645432
MMS22L,1.9654721827805155
COQ2,1.9635131481987669
SPNS2,1.9632002213386
SPNS3,1.9632002213386
SPNS1,1.9632002213386
FASTKD1,1.960316888203437
FUBP3,1.959364090720935
FUBP1,1.959364090720935
IGF2BP3,1.959364090720935
KHSRP,1.959364090720935
PCBP2,1.959364090720935
PCBP4,1.959364090720935
NOVA1,1.959364090720935
IGF2BP2,1.959364090720935
JAZF1,1.9591453890981951
GAR1,1.957254400313292
BAG6,1.956485634210193
LDLRAD4,1.9492231783940823
PMEPA1,1.9492231783940823
YARS1,1.947013042163348
TAF3,1.9431786770435515
BECN1,1.940043656570448
BECN2,1.940043656570448
CHCHD2,1.939806381599592
POLG,1.938556804275056
MCC,1.9353397818836648
USHBP1,1.9353397818836648
HSPA14,1.9346773967073247
GEN1,1.9277259784168823
SLC30A10,1.925336627488473
SLC30A3,1.925336627488473
DDX55,1.923608748807792
PANK3,1.9229346241485223
PANK1,1.9229346241485223
PANK2,1.9229346241485223
MPC2,1.9166612245823875
DDX18,1.916455772154802
SF1,1.914891758752996
LRIG1,1.9148180510296189
NDUFB7,1.9095157622517944
NKD1,1.9092538090169289
NKD2,1.9092538090169289
ELL,1.907694620414804
OCLN,1.907694620414804
OCEL1,1.907694620414804
ELL2,1.907694620414804
ELL3,1.907694620414804
MARVELD2,1.907694620414804
APAF1,1.906214854283596
MUCL1,1.904451719313712
CLOCK,1.8988285286552085
ARNT,1.8988285286552085
BMAL1,1.8988285286552085
DEPDC5,1.8987037383148984
ARF3,1.896281554630043
ARL17A,1.896281554630043
ARL17B,1.896281554630043
ARF1,1.896281554630043
PHACTR4,1.896183996023849
PHACTR2,1.896183996023849
PHACTR1,1.896183996023849
PHACTR3,1.896183996023849
PRSS53,1.895161493117616
PRSS36,1.895161493117616
RBM45,1.895131879776034
SCAF8,1.8939395239858745
SCAF4,1.8939395239858745
EIF3I,1.8912721617271984
DPYD,1.882488369020164
NKAPL,1.8816768230722805
SRCIN1,1.8814679647712145
KIAA1217,1.8814679647712145
NADSYN1,1.8802755500014023
PEX19,1.879562965448574
DNAJC9,1.87823370807082
PINX1,1.8777799219065303
TEX9,1.8755114534960489
PXMP2,1.873938423938788
SNX32,1.873925342753035
TMPRSS13,1.867903454376139
TMPRSS6,1.867903454376139
TMPRSS11A,1.867903454376139
TMPRSS5,1.867903454376139
PRSS22,1.867903454376139
TMPRSS7,1.867903454376139
ST14,1.867903454376139
TMPRSS2,1.867903454376139
TMPRSS3,1.867903454376139
TMPRSS9,1.867903454376139
TMPRSS11D,1.867903454376139
TMPRSS11E,1.867903454376139
TMPRSS11F,1.867903454376139
PRSS41,1.867903454376139
TMPRSS15,1.867903454376139
PRSS21,1.867903454376139
HPN,1.867903454376139
TMPRSS11B,1.867903454376139
EXOSC10,1.8667330431693203
DPP7,1.8650556554385525
PRSS16,1.8650556554385525
NRF1,1.861727494515835
TECRL,1.8599738014178269
TECR,1.8599738014178269
DYNC1I1,1.858760662802465
DYNC1I2,1.858760662802465
PIERCE1,1.8576615076564955
PIERCE2,1.8576615076564955
SP140L,1.8576582398807704
FAM193A,1.8558494709469624
FAM193B,1.8558494709469624
POU3F3,1.8556434018290984
POU2F2,1.8556434018290984
POU3F1,1.8556434018290984
POU4F3,1.8556434018290984
POU5F2,1.8556434018290984
POU6F2,1.8556434018290984
POU4F2,1.8556434018290984
POU6F1,1.8556434018290984
POU3F2,1.8556434018290984
CCDC160,1.8556434018290984
POU4F1,1.8556434018290984
POU5F1,1.8556434018290984
HDX,1.8556434018290984
POU5F1B,1.8556434018290984
POU1F1,1.8556434018290984
POU3F4,1.8556434018290984
POU2F1,1.8556434018290984
FKBP2,1.85559715844955
PRDX3,1.8509874580315588
KDM6A,1.8478959792843472
KDM6B,1.8478959792843472
UTY,1.8478959792843472
MTCH1,1.8448008690167632
MTCH2,1.8448008690167632
GK5,1.8429437552370949
TNK2,1.8370559678601213
AKAP10,1.8369299457148165
ALAS2,1.8364955196500696
NOP10,1.835942459262132
LAS1L,1.830487892558068
GPCPD1,1.8272767714925864
EBNA1BP2,1.8266144210228767
SUPT3H,1.8223877311257528
SNRNP70,1.8198442355382984
HMGCR,1.8150770493218555
RDH8,1.8139426736560789
CBR1,1.8139426736560789
HSD11B1,1.8139426736560789
DHRS1,1.8139426736560789
DHRS7C,1.8139426736560789
DHRS7B,1.8139426736560789
HSD11B1L,1.8139426736560789
IDH3A,1.8129848069814776
UBQLN4,1.8124145066757784
UBQLN2,1.8124145066757784
UBQLN3,1.8124145066757784
UBQLNL,1.8124145066757784
UBL7,1.8124145066757784
TPP2,1.810781591102908
CIBAR1,1.8064283862595123
CIBAR2,1.8064283862595123
HOXB2,1.8014745689806868
ODAD4,1.8009321297997103
NUS1,1.8002970578645665
PRP4K,1.8002590559853135
MITD1,1.7964708722899434
TMCC2,1.7941207824758063
TMCC1,1.7941207824758063
TMCC3,1.7941207824758063
TEX28,1.7941207824758063
AP3D1,1.7918212490841914
F8A3,1.7913677686291685
F8A2,1.7913677686291685
F8A1,1.7913677686291685
BEST1,1.7875694139714202
BEST4,1.7875694139714202
BEST3,1.7875694139714202
BEST2,1.7875694139714202
SWT1,1.778572001699368
TIMELESS,1.777733044086375
ECHDC3,1.7731555852224
ZMIZ1,1.7724143805605026
ZMIZ2,1.7724143805605026
NMD3,1.7719041861884928
DAZAP1,1.7703831565185475
MCRS1,1.7701637872287397
BLTP2,1.7649198435550664
LZTS1,1.7643600469500451
LZTS2,1.7643600469500451
LZTS3,1.7643600469500451
ARRDC5,1.7624217145203631
UBAP2,1.7588650447021854
UBAP2L,1.7588650447021854
RBX1,1.7538486410508176
RPS24,1.7528122280192322
CBLL2,1.7480303629017058
CBLL1,1.7480303629017058
ADAM23,1.747550409886649
ADAM29,1.747550409886649
ADAMDEC1,1.747550409886649
ADAM30,1.747550409886649
ADAM18,1.747550409886649
ADAM21,1.747550409886649
ADAM32,1.747550409886649
ADAM10,1.747550409886649
ADAM2,1.747550409886649
ADAM28,1.747550409886649
ADAM7,1.747550409886649
POP1,1.745779402355345
RPL17,1.743961702190803
PAN3,1.7393777564990678
PWP1,1.738953783177832
ADCK1,1.7361476234223367
SLC25A42,1.7359400447923652
SPRTN,1.7348617640396962
POLK,1.7319593800204394
MADD,1.7313432506369708
ELOVL4,1.7284291227179347
ELOVL5,1.7284291227179347
ELOVL2,1.7284291227179347
SEPHS2,1.7262559842612273
SEPHS1,1.7262559842612273
WDR5B,1.725328978359485
WDR5,1.725328978359485
SH3KBP1,1.7248724183586153
CD2AP,1.7248724183586153
SH3D21,1.7248724183586153
UBE2W,1.7247863110840262
EIF1AX,1.723080684758563
EIF1AY,1.723080684758563
ZDHHC3,1.7225941354704293
RASA4B,1.720142256805886
RASA3,1.720142256805886
RASA2,1.720142256805886
RASAL1,1.720142256805886
RASA4,1.720142256805886
RASAL3,1.720142256805886
RASAL2,1.720142256805886
SYNGAP1,1.720142256805886
RPL6,1.7199330365030627
CD164,1.714476300955183
CD164L2,1.714476300955183
TMEM123,1.714476300955183
MSL3,1.7096640202280902
MSL3B,1.7096640202280902
NASP,1.7073099349490006
CTPS2,1.7025808510880998
CTPS1,1.7025808510880998
ARPP21,1.7004380363727165
PHC3,1.6994170015523178
HABP4,1.6973055173434857
SERBP1,1.6973055173434857
DERA,1.697279531796291
FLAD1,1.6968712711679357
PRDX6,1.6950988990885285
PRDX1,1.6950988990885285
PRDX2,1.6950988990885285
GK3,1.693912885452796
GK,1.693912885452796
GK2,1.693912885452796
RIOK2,1.693097499277676
RIOK3,1.6926987083825953
A4GNT,1.691781992739232
A4GALT,1.691781992739232
AMACR,1.6914855252391676
TMEM115,1.6907370014818413
BCR,1.6890228807355756
ABR,1.6890228807355756
TRAF4,1.6881248554672654
ADRM1,1.6860698057475223
RPS13,1.6842385118928664
IQSEC2,1.6840034829107111
PSD2,1.6840034829107111
ARFGEF2,1.6840034829107111
CYTH2,1.6840034829107111
PSD3,1.6840034829107111
ARFGEF1,1.6840034829107111
IQSEC1,1.6840034829107111
IQSEC3,1.6840034829107111
CYTH4,1.6840034829107111
GBF1,1.6840034829107111
PSD4,1.6840034829107111
CYTH3,1.6840034829107111
EIF4E1B,1.6824661488309027
EIF4E3,1.6824661488309027
EIF4E,1.6824661488309027
EIF4E2,1.6824661488309027
FBP2,1.6821264588315723
FBP1,1.6821264588315723
METTL17,1.681380457123528
STXBP5L,1.6786398117098944
STXBP5,1.6786398117098944
POLQ,1.677215955521909
RAB4B,1.6752423160734324
RAB1A,1.67497490299735
NELFA,1.6739025505918186
GTPBP2,1.6724250517034125
CELF3,1.669623051452318
CELF1,1.669623051452318
CELF4,1.669623051452318
CELF2,1.669623051452318
FCF1,1.6682888578249562
DNAJA3,1.667847114677115
RPTOR,1.6677250672834194
ZNF200,1.657414008725868
ZNF532,1.657414008725868
KRBOX1,1.657414008725868
RAD50,1.6530893211364823
AKIRIN1,1.6512642335991738
AKIRIN2,1.6512642335991738
ZNF541,1.650524104881634
TRERF1,1.650524104881634
RCOR1,1.650524104881634
MIDEAS,1.650524104881634
DDX31,1.6489107301584038
PDSS2,1.6432146703110817
ASIC5,1.6428787503367837
MTHFS,1.6425093350337825
R3HCC1,1.641344296764612
R3HCC1L,1.641344296764612
UBE2QL1,1.641327869139786
SATB2,1.6392207869636246
SATB1,1.6392207869636246
CHML,1.638836121109547
CHM,1.638836121109547
NTHL1,1.63615964717096
TENT2,1.6347647332937156
NDRG1,1.6321649639451188
NDRG3,1.6321649639451188
NDRG4,1.6321649639451188
NDRG2,1.6321649639451188
FAM210B,1.6314097716168965
NOP2,1.629520299331538
ASRGL1,1.6290414162355562
MINDY4,1.6242010719686235
BLCAP,1.6224533023947938
MEAF6,1.620030704618403
VARS1,1.6193562710571896
THBD,1.618520193810549
C8orf33,1.614719964841844
PPCS,1.614145588437916
TEKT1,1.6138547465186803
SYF2,1.6110052416318663
AMPD2,1.6093631298531057
NAA60,1.6088758262536595
SINHCAF,1.607555309225544
ZNF598,1.6059079345779284
EXOSC7,1.605772176281887
SNX19,1.6036085978078278
COLGALT2,1.6035316615071913
INO80D,1.6006464982585615
RPL35A,1.597463184781979
DAB2IP,1.595709686069542
CRLS1,1.5940889440835793
CHERP,1.5939820038288464
MAIP1,1.5920470576794716
MBOAT7,1.590953835899335
RCOR3,1.5878924094183506
RCOR2,1.5878924094183506
VTI1B,1.58785111604522
TOMM40,1.5878051830025752
TOMM40L,1.5878051830025752
CAT,1.5867298102887937
RPS4Y1,1.5849432686304894
RPS4X,1.5849432686304894
RPS4Y2,1.5849432686304894
RBM28,1.5809717064487017
TSHR,1.5803241740765812
FSHR,1.5803241740765812
LHCGR,1.5803241740765812
RBM5,1.5739204382948804
RBM6,1.5739204382948804
RBM10,1.5739204382948804
TDRD10,1.5715070057934917
KCNH5,1.5678220431115562
ZBTB47,1.567188237617489
ZNF324,1.567188237617489
ZNF324B,1.567188237617489
ZNF513,1.567188237617489
GTF3A,1.567188237617489
ZUP1,1.567188237617489
ZNF652,1.567188237617489
PRPS1,1.5650806453208903
PRPS1L1,1.5650806453208903
PRPS2,1.5650806453208903
MAFF,1.5641585556173745
MAFG,1.5641585556173745
MAF,1.5641585556173745
MAFB,1.5641585556173745
NRL,1.5641585556173745
MAFA,1.5641585556173745
MAFK,1.5641585556173745
PIN4,1.5622423224251158
PGAM5,1.561830741131766
MTRR,1.561691508918532
JARID2,1.5578781103375987
CHMP2B,1.5524480536614318
KCNN3,1.552328349372933
KCNN4,1.552328349372933
KCNN1,1.552328349372933
KCNN2,1.552328349372933
DMTN,1.5506155137428252
ABLIM1,1.5506155137428252
ABLIM3,1.5506155137428252
ABLIM2,1.5506155137428252
TAPT1,1.548488890643749
SAMTOR,1.5456770981854746
MAPKAP1,1.5436115506753938
BCAT1,1.542914098932538
BCAT2,1.542914098932538
ARID1A,1.540113384796783
ARID1B,1.540113384796783
IPO7,1.5371995620950971
GLRX3,1.5355981951468007
FKBP10,1.533161410823946
TTC9C,1.533161410823946
FKBP8,1.533161410823946
FKBP5,1.533161410823946
FKBP7,1.533161410823946
RPL8,1.532042805988491
FOXB1,1.5309304776001884
RHOC,1.5302191063049666
RHOB,1.5302191063049666
RHOA,1.5302191063049666
RACK1,1.52999369991144
CNBD2,1.5282042177639208
PAX1,1.5277904150656092
RANBP10,1.5274789394618495
RANBP9,1.5274789394618495
GPAT2,1.5260938463480398
GPAM,1.5260938463480398
DPH5,1.525126450691666
STRIP1,1.5246018808336064
STRIP2,1.5246018808336064
MED6,1.5235533683041338
EIF3G,1.5205044925820457
LSM14A,1.5199501475586057
LSM14B,1.5199501475586057
PIK3CB,1.5182408017213151
PIK3CG,1.5182408017213151
PIK3C2A,1.5182408017213151
PIK3C2B,1.5182408017213151
PIK3C2G,1.5182408017213151
PIK3CA,1.5182408017213151
PIK3CD,1.5182408017213151
SEC62,1.516931939546177
DCLRE1A,1.5165957078894992
RPF1,1.515887764164133
XRN1,1.512680332320706
MARCHF5,1.5119385219108366
ACADS,1.511389477471512
ETHE1,1.511018406551612
TSR1,1.5109410956584788
CCNA2,1.5104089976251935
CCNG2,1.5104089976251935
CCND2,1.5104089976251935
CCNI,1.5104089976251935
CCNJL,1.5104089976251935
CCNI2,1.5104089976251935
CCNG1,1.5104089976251935
CCNB1,1.5104089976251935
CCNO,1.5104089976251935
CCNP,1.5104089976251935
CCNE2,1.5104089976251935
CCND3,1.5104089976251935
CCND1,1.5104089976251935
CCNF,1.5104089976251935
CCNB2,1.5104089976251935
CCNE1,1.5104089976251935
CCNJ,1.5104089976251935
CCNA1,1.5104089976251935
NACAD,1.5088525582579422
DMRT2,1.5066096477746411
BUD13,1.5063971564901897
PSMC4,1.506249454948637
PPP6R3,1.5057043847277436
PPP6R2,1.5057043847277436
PPP6R1,1.5057043847277436
HDAC9,1.505355258196884
KDM4C,1.5048810166419466
PRKN,1.5037535759174534
EIF4EBP2,1.5023228379869304
EIF4EBP1,1.5023228379869304
EIF4EBP3,1.5023228379869304
RPS6,1.5021113040391807
PEBP4,1.499312413131603
EME1,1.496827180726653
EME2,1.496827180726653
ADCY5,1.4959421744580093
UBE2I,1.4942798326992912
BYSL,1.4904029561569418
MED12,1.488655205935583
MED12L,1.488655205935583
OPA1,1.4780765499489037
CCDC34,1.4765209173569709
PGA4,1.4758648785135615
BACE2,1.4758648785135615
NAPSA,1.4758648785135615
REN,1.4758648785135615
CTSE,1.4758648785135615
BACE1,1.4758648785135615
PGA3,1.4758648785135615
PGA5,1.4758648785135615
PGC,1.4758648785135615
AIFM1,1.4756797573662874
ROCK1,1.4713230085958953
ROCK2,1.4713230085958953
TYMS,1.4699172452521485
NDUFV1,1.467498297781441
COG8,1.4652815975951072
MSL1,1.461338907594622
NCOA2,1.4609041472627446
NCOA3,1.4609041472627446
NCOA1,1.4609041472627446
RGS17,1.4600002556541611
ACSS2,1.459597183909957
SLX1B,1.4581527024640122
SLX1A,1.4581527024640122
HMGB3,1.4579502471881425
PIEZO2,1.4579245023653538
PIEZO1,1.4579245023653538
ATP5PD,1.4577025399169832
MTMR14,1.456976519350795
ADAT1,1.4557406303546043
ADAR,1.4557406303546043
PACS2,1.4555087435347225
PACS1,1.4555087435347225
C2orf69,1.4553310473589849
PCIF1,1.4523691082249546
PWP2,1.4519808286276352
RIOX2,1.4502321271089262
RIOX1,1.4502321271089262
MRM2,1.446852413800282
RPSA,1.443157436123276
RPSA2,1.443157436123276
IDS,1.4356274092455354
TBCEL,1.4354955202462167
OGA,1.4353761243098777
NMNAT3,1.434915845047451
NMNAT1,1.434915845047451
PSMB1,1.4336381739869162
FAF2,1.4327913194697943
UBXN8,1.4327913194697943
ITPA,1.4322243620875967
CMTR1,1.431465411894942
ANKRD18B,1.4306382385666223
ANKRD18A,1.4306382385666223
ANKRD26,1.4306382385666223
ANKRD62,1.4306382385666223
ANKRD30A,1.4306382385666223
ANKRD30B,1.4306382385666223
ANKRD30BL,1.4306382385666223
ANKRD20A1,1.4306382385666223
COQ7,1.4302755239170095
ASB18,1.4291476316420608
ARIH1,1.4271259554816464
AHCY,1.4271123492863786
BMS1,1.4246350740130531
OARD1,1.4243428932596094
TMEM208,1.4222965185239231
KMT2E,1.4197599555535
SETD5,1.4197599555535
C1orf21,1.4195755075841503
POLR1B,1.419327976897802
SEC63,1.4168598381714257
PDCD11,1.413102359267355
BAHD1,1.4116041629576213
BAHCC1,1.4116041629576213
TNRC18,1.4116041629576213
MSANTD1,1.4089935602927923
LAP3,1.4086649898088963
GGPS1,1.406077391092995
NAT9,1.4054430330629066
RPLP1,1.404674694738807
MBD5,1.4039346025240524
MBD6,1.4039346025240524
DGAT1,1.4014981067021206
LIMS4,1.4014580342461491
LIMS2,1.4014580342461491
LIMS1,1.4014580342461491
LIMS3,1.4014580342461491
ADSS2,1.400064408793578
ADSS1,1.400064408793578
DNAH8,1.397759705277135
MRPL54,1.3948463481768951
FHIP1A,1.3929224439734722
FHIP1B,1.3929224439734722
FHIP2B,1.3929224439734722
FHIP2A,1.3929224439734722
MMP27,1.3915188130214746
MMP8,1.3915188130214746
MMP20,1.3915188130214746
MMP26,1.3915188130214746
MMP12,1.3915188130214746
MMP10,1.3915188130214746
MMP3,1.3915188130214746
SCML1,1.3910032127963814
THAP10,1.3910032127963814
PHC2,1.3910032127963814
L3MBTL3,1.3910032127963814
GGT1,1.3909055199924152
GGTLC3,1.3909055199924152
GGT7,1.3909055199924152
GGTLC2,1.3909055199924152
GGTLC1,1.3909055199924152
WDR35,1.390548422889364
TANGO2,1.3887850736134648
PLD1,1.386919892427729
PLD2,1.386919892427729
KANK2,1.3859749295617327
KANK3,1.3859749295617327
KANK4,1.3859749295617327
KANK1,1.3859749295617327
RNF181,1.38417763346944
HTT,1.3824186457778624
GGH,1.3809279849614378
UBE2D1,1.3802648444810628
DDX54,1.3775065407749802
POM121,1.3771441978984285
POM121C,1.3771441978984285
POM121L2,1.3771441978984285
NUP153,1.3771441978984285
POM121L12,1.3771441978984285
NPAP1,1.3771441978984285
NUP214,1.3771441978984285
SMG5,1.3768901717672408
AFF1,1.3724445320551402
AFF2,1.3724445320551402
AFF4,1.3724445320551402
AFF3,1.3724445320551402
ZFPM1,1.370225894064978
ZFPM2,1.370225894064978
MDH1B,1.3698224033009352
MDH1,1.3698224033009352
NTAQ1,1.3677159556057523
CEP250,1.3619454274090592
SNAP29,1.361286696567573
SURF6,1.3610010769678025
ATN1,1.3605866733792915
RERE,1.3605866733792915
RAB3GAP1,1.359096335981935
TDRD9,1.3583992592267389
TNPO1,1.3574273862011754
AEN,1.3547286214183627
ISG20L2,1.3547286214183627
REXO5,1.3547286214183627
ATOH8,1.3541928668860632
SAT1,1.3538560775103754
SAT2,1.3538560775103754
SATL1,1.3538560775103754
SYDE1,1.3496402418974605
SYDE2,1.3496402418974605
SANBR,1.3491158218363704
RYR3,1.3486914133109074
ITPR1,1.3486914133109074
RYR2,1.3486914133109074
ITPR3,1.3486914133109074
ITPR2,1.3486914133109074
RYR1,1.3486914133109074
AQP5,1.3470165947809398
AQP3,1.3470165947809398
AQP7B,1.3470165947809398
AQP2,1.3470165947809398
AQP6,1.3470165947809398
AQP10,1.3470165947809398
AQP1,1.3470165947809398
AQP8,1.3470165947809398
AQP4,1.3470165947809398
AQP9,1.3470165947809398
MIP,1.3470165947809398
AQP7,1.3470165947809398
RAB7A,1.345873035246873
PPIP5K2,1.3445697166707
PPIP5K1,1.3445697166707
SHTN1,1.344027647547984
FNBP4,1.344027647547984
FMNL3,1.344027647547984
DIAPH1,1.344027647547984
FHOD1,1.344027647547984
FMNL1,1.344027647547984
TJP2,1.34305421809088
TJP1,1.34305421809088
TJP3,1.34305421809088
WAPL,1.3429475439218923
MYD88,1.3420374740137786
ERI2,1.3414104014261563
AGBL4,1.340481432794134
NAA16,1.340088487601971
NAA15,1.340088487601971
SPARCL1,1.3390372108723083
SPARC,1.3390372108723083
SKIC3,1.3384117336187862
ALKBH1,1.3375867943587554
H6PD,1.335842628571302
UNC80,1.3338523428688458
FOCAD,1.3337820828770834
CENPJ,1.3333088939170372
TCP10L,1.3333088939170372
TMA16,1.3328380535678117
RPS26,1.3310867382146483
ZNRF2,1.3309121214879722
TPK1,1.3296923860531296
DOT1L,1.326453541309092
COQ10A,1.3252740011738424
COQ10B,1.3252740011738424
DDX11,1.3249489844109676
SIRT7,1.3234140552325386
DNAI4,1.321656577781804
PDE6C,1.3209599975827149
PDE5A,1.3209599975827149
PDE3A,1.3209599975827149
PDE4C,1.3209599975827149
PDE8B,1.3209599975827149
PDE6A,1.3209599975827149
PDE1B,1.3209599975827149
PDE11A,1.3209599975827149
PDE7A,1.3209599975827149
PDE7B,1.3209599975827149
PDE1C,1.3209599975827149
PDE4D,1.3209599975827149
PDE6B,1.3209599975827149
PDE4A,1.3209599975827149
PDE3B,1.3209599975827149
PDE8A,1.3209599975827149
PDE2A,1.3209599975827149
TOMM22,1.3203769393383604
RAD23B,1.3200166566398874
RAD23A,1.3200166566398874
CCDC25,1.319813569743567
TMCO1,1.3175674989488173
SIX4,1.3167384876823618
ANHX,1.3167384876823618
SCAF11,1.3161700145488546
SCAF1,1.3161700145488546
PHRF1,1.3161700145488546
BICDL1,1.3157673749063454
BICDL2,1.3157673749063454
SAFB,1.315247444169487
SLTM,1.315247444169487
SAFB2,1.315247444169487
SCAP,1.3130145266059283
UBE2B,1.3115708631640304
NPM2,1.3106326163679098
NPM3,1.3106326163679098
NPM1,1.3106326163679098
RAB14,1.3104089278812208
NUMB,1.3065657589417057
HPF1,1.306180506000004
PPTC7,1.306162655019189
ACAT1,1.3028811082595464
DYM,1.3009068845919467
CCDC142,1.3006146827819285
CACNA2D1,1.2992476768646577
CACNA2D2,1.2992476768646577
CACNA2D3,1.2992476768646577
CACNA2D4,1.2992476768646577
ZFAND5,1.2986323631679575
PDGFA,1.2967095056331674
PDGFB,1.2967095056331674
PIN1,1.2966433521286582
ITGB5,1.2949102017389216
ITGB1,1.2949102017389216
ITGB3,1.2949102017389216
ITGB6,1.2949102017389216
ITGB7,1.2949102017389216
ACADSB,1.2937102798940807
UTP15,1.289138075138879
CACNB2,1.2888272523685091
CACNB1,1.2888272523685091
CACNB4,1.2888272523685091
CACNB3,1.2888272523685091
RRS1,1.288496424860685
DNAH7,1.2877056533544782
MFSD10,1.2865975581734217
FBXO33,1.2858807455322936
UBE4B,1.2856799764223887
NF2,1.2824017107909178
HMGCLL1,1.2822401083859745
HMGCL,1.2822401083859745
TAMALIN,1.2810594064347407
CYTIP,1.2810594064347407
TRMT11,1.2796486875643578
PTER,1.2787567896438228
PDHA2,1.2782622192462036
PDHA1,1.2782622192462036
GET3,1.2757102543899768
PPAN,1.2754480575178933
NIT2,1.2737302682320553
ZMAT2,1.273422107540552
LRRC20,1.2730168732265434
SLC25A11,1.2716813631240798
ATG4B,1.2705799888165872
ATG4A,1.2705799888165872
VGLL1,1.2666532597325415
VGLL2,1.2666532597325415
VGLL3,1.2666532597325415
SF3B3,1.2662374959805796
DCAF1,1.26214595930125
TPT1,1.2603968927189555
FAF1,1.2602269304460438
RUNX1,1.2585130164963805
PEX6,1.2568771857245704
RFT1,1.2568065603995584
KDM5A,1.256498906874051
KDM4E,1.256498906874051
KDM5C,1.256498906874051
KDM4D,1.256498906874051
KDM4F,1.256498906874051
KDM5B,1.256498906874051
KDM4A,1.256498906874051
KDM5D,1.256498906874051
KDM4B,1.256498906874051
RILPL2,1.2556945933597303
RILP,1.2556945933597303
DZIP1L,1.2556945933597303
RILPL1,1.2556945933597303
RASSF10,1.255617264861305
RASSF9,1.255617264861305
ANXA4,1.2555491192057606
ANXA5,1.2555491192057606
ANXA3,1.2555491192057606
ANXA6,1.2555491192057606
ANXA13,1.2555491192057606
ANXA10,1.2555491192057606
ANXA2,1.2555491192057606
ANXA1,1.2555491192057606
ANXA7,1.2555491192057606
ANXA8L1,1.2555491192057606
ANXA8,1.2555491192057606
ANXA9,1.2555491192057606
ANXA11,1.2555491192057606
ASMTL,1.2529892719322042
TCF20,1.2526518185369744
RAI1,1.2526518185369744
FBXW4,1.2522238569726507
GCNA,1.251530251446084
TREH,1.2513666057981323
CDC6,1.2510866547105193
NCAPG,1.2506174663285072
PRELID1,1.2484137300992526
POLRMT,1.2483806727248417
SREK1,1.2475859855545766
SRSF11,1.2475859855545766
ASCC3,1.2472379313391146
TSEN34,1.2469458000663176
CDC42,1.2446824367924991
CARNMT1,1.2443225209460185
PGRMC2,1.2428349667537009
PGRMC1,1.2428349667537009
SMAP2,1.2423522047463589
ACBD7,1.2420036326444588
TMEM268,1.2386695205917242
DNAAF11,1.234696316313972
PALS2,1.2340456068257568
MPP4,1.2340456068257568
MPP1,1.2340456068257568
MPP2,1.2340456068257568
MPP7,1.2340456068257568
MPP3,1.2340456068257568
CABLES1,1.2337863911748397
CABLES2,1.2337863911748397
RNF10,1.2323087133675348
SBNO2,1.2302188493002568
ZC3H18,1.229640651034106
DNAH9,1.2294542970334867
BAZ1B,1.227738736682782
NFYC,1.2275583744402412
GAK,1.2265644494935248
FEM1B,1.224512239992406
PDF,1.2217317475848966
KNTC1,1.2184226420406032
ARPC3,1.2183113989897345
RARS1,1.2178521944770988
KCTD17,1.215136918601496
KCTD5,1.215136918601496
KCTD2,1.215136918601496
TAF4B,1.213251036946987
TAF4,1.213251036946987
GRB2,1.2113902784686703
PLA2G15,1.2113771043973312
IP6K3,1.2089950623465169
IP6K1,1.2089950623465169
ITPKC,1.2089950623465169
IP6K2,1.2089950623465169
ITPKB,1.2089950623465169
ITPKA,1.2089950623465169
PUM3,1.208477796972664
PSMA1,1.207678101135019
PLB1,1.207557085972056
KCMF1,1.205652183749408
ACIN1,1.2038400478694116
CUL4A,1.2033816036343608
SLC10A3,1.2031269864986442
SLC10A5,1.2031269864986442
PHYHD1,1.2016475585122537
XRN2,1.2009407187864545
MDH2,1.2004840415601143
BAIAP2L2,1.1991202968807426
BAIAP2L1,1.1991202968807426
BAIAP2,1.1991202968807426
ATAD3A,1.196748891547974
RPL13,1.196531708663702
SLC25A44,1.1963737612335543
RMDN1,1.1957966600674284
RMDN3,1.1957966600674284
RMDN2,1.1957966600674284
ADAM33,1.1957862765980742
ADAM20,1.1957862765980742
NUP50,1.1912135445987413
PTPA,1.1908605881779135
KIF11,1.1905949100086874
DHX37,1.190066119911174
BUB1B,1.1884636288218928
BUB1,1.1884636288218928
ATG14,1.1871687145292409
CHN1,1.186772314114199
CHN2,1.186772314114199
DHX57,1.18402429246956
PRKAA2,1.1837568805076326
RPL23,1.17892543851686
ATP23,1.1769948824915188
GTPBP10,1.176284138399011
CINP,1.1743326074054523
DDX10,1.1733249699618626
SPRY3,1.1727175572320427
SPRY4,1.1727175572320427
SPRY1,1.1727175572320427
SPRY2,1.1727175572320427
HGH1,1.1713296409539018
POLI,1.1710682851295606
PPP3CB,1.1704703196422233
PPP3CC,1.1704703196422233
TESMIN,1.169088708439312
RPL18,1.168659278651979
UBLCP1,1.16558517668381
UNC93B1,1.1654627112062848
WDR26,1.165095522635358
ATXN2L,1.163632067471594
PHB1,1.163206084295992
C9orf78,1.162400107790056
TCAIM,1.1612761306933912
PGAP2,1.1607683502717596
RPS7,1.157917107431872
CNOT9,1.155032987816904
RPL26L1,1.1541899869266123
RPL26,1.1541899869266123
SSBP4,1.1531443386486675
TADA1,1.1522173983300676
CFAP57,1.1519099899773162
NOTCH4,1.151590476930462
JAG1,1.151590476930462
DLL4,1.151590476930462
JAG2,1.151590476930462
DLL1,1.151590476930462
DNER,1.151590476930462
BCDIN3D,1.150844355313151
TOPORS,1.1497985372946091
POLR3C,1.148132350160337
DIMT1,1.1479397943324705
LYAR,1.1478693024219822
MTIF2,1.147057119470369
DR1,1.1459160562238422
PSMB4,1.1449536192155605
ELP3,1.1416480710248078
MBOAT1,1.1407013895489213
MBOAT2,1.1407013895489213
CDK2AP1,1.1400303822238869
CDK2AP2,1.1400303822238869
ULK1,1.138515606744768
ULK2,1.138515606744768
SAMD15,1.1326789688247083
TCHHL1,1.1326789688247083
IWS1,1.1326789688247083
HNRNPK,1.1326075230639467
RWDD1,1.1324462360378689
CGAS,1.131385317297103
NSFL1C,1.1312354347897575
UBXN2A,1.1312354347897575
UBXN2B,1.1312354347897575
PDE12,1.1256330477059548
IPO13,1.1241624544516118
NTN1,1.122791758262362
NTN3,1.122791758262362
XPA,1.1220655426055413
NRM,1.1214881846808558
RPL7A,1.1205280501045145
RSL1D1,1.1205280501045145
MORN3,1.1198311419881757
MAEA,1.1168037735758196
NUP98,1.1163573558082038
ZFAT,1.116083475716261
VAMP1,1.1138284921648194
SEC22C,1.1138284921648194
VAMP5,1.1138284921648194
SEC22A,1.1138284921648194
VAMP3,1.1138284921648194
GET1,1.1113723931249868
RPS3,1.1113723931249868
ATP6V0C,1.1112812094160422
EHD1,1.1104037728362004
DDRGK1,1.107898149385982
SACM1L,1.1068331105101088
PALS1,1.1060299108680538
PTCH1,1.1014031866610543
PTCHD1,1.1014031866610543
DISP2,1.1014031866610543
PTCH2,1.1014031866610543
PTCHD4,1.1014031866610543
DISP3,1.1014031866610543
DISP1,1.1014031866610543
PTCHD3,1.1014031866610543
CRAT,1.1008491946661343
VAPB,1.1001294103546873
VAPA,1.1001294103546873
TMOD1,1.0999450856884472
TMOD4,1.0999450856884472
TMOD2,1.0999450856884472
LMOD3,1.0999450856884472
LMOD1,1.0999450856884472
TMOD3,1.0999450856884472
TONSL,1.0972916981249663
PLA2G6,1.0972916981249663
ANKRD22,1.0972916981249663
CHIC2,1.096638653556078
CHIC1,1.096638653556078
CDK3,1.096386303222274
DHTKD1,1.095707979396847
TWNK,1.095457932095066
TBL3,1.0947977287763413
PRMT6,1.0922707152724067
PRMT9,1.0922707152724067
PRMT1,1.0922707152724067
ACTR8,1.0916755719852864
MACO1,1.0913667526049018
CC2D1B,1.090338552455395
CC2D1A,1.090338552455395
TIMMDC1,1.0898472946917916
NFRKB,1.0895614610017323
ISOC1,1.0884439661233023
AP1G1,1.0878035794339642
AP1G2,1.0878035794339642
SLU7,1.0863232760178043
PTPRO,1.0849740146391866
RALGAPB,1.0844972322709392
TRMT10A,1.0815791100932086
TULP4,1.0808984130669028
SF3A2,1.0785713434085744
CSNK2B,1.0775707195568778
PHPT1,1.0750068011999192
FEN1,1.0740452937846583
OTUD5,1.0715130009779938
SENP6,1.0709151844549978
SENP7,1.0709151844549978
DCAF7,1.0676559422360177
MTAP,1.0671557561929377
LDB1,1.064773667403892
LDB2,1.064773667403892
PSMB9,1.064629424217569
PSMB8,1.064629424217569
PSMA8,1.064629424217569
PSMA7,1.064629424217569
PSMB11,1.064629424217569
PSMB10,1.064629424217569
PSMB6,1.064629424217569
PSMB5,1.064629424217569
PSMB7,1.064629424217569
C1orf43,1.063925938877835
MRPS28,1.0636836604077062
YME1L1,1.063289985860423
FAM32A,1.062403729143494
CCDC122,1.0619143121288428
SMC1B,1.0619143121288428
SMC3,1.0619143121288428
CKAP4,1.0619143121288428
CCDC157,1.0619143121288428
L2HGDH,1.06157784633522
DIRAS2,1.06018414274426
PTRH2,1.0596715858992152
CASP3,1.0589374130693554
CASP7,1.0589374130693554
PORCN,1.058428369754545
RPL7L1,1.0578587028670323
RPL7,1.0578587028670323
NHERF2,1.0572777252030832
NHERF1,1.0572777252030832
VCP,1.0556053624056856
FPGS,1.0539401955768382
UBE4A,1.0514331713767495
IMP4,1.0509049071063796
CIZ1,1.0507163352102526
PSMC6,1.050261545206294
NUP35,1.0489781285085624
SAP30,1.0487014018544436
SAP30L,1.0487014018544436
FBXW5,1.047079138495284
COX6B2,1.0470785329194627
FNIP1,1.0447605435703111
FNIP2,1.0447605435703111
RPL19,1.043855143832069
HLCS,1.0433560174943466
RPL15,1.0426418865820857
NHP2,1.0416513207679257
ATP5F1A,1.0415137934876846
TRA2A,1.0399159154154938
C9orf85,1.0366567640315192
DMAP1,1.0365817823800234
SUMF1,1.0346745145072953
DENND6A,1.0345797826405834
DENND6B,1.0345797826405834
CCKBR,1.0344186464178418
CCKAR,1.0344186464178418
PEX7,1.0340743513777078
RPS25,1.0312408598370355
YARS2,1.0309142508667375
KIF17,1.0308124758425734
RPS5,1.0305884792641158
ALDH2,1.0301326983225805
MYF5,1.0295621278769724
MYOG,1.0295621278769724
MYF6,1.0295621278769724
MYOD1,1.0295621278769724
MTA1,1.0290162532035063
MTA2,1.0290162532035063
MTA3,1.0290162532035063
PABPN1,1.0287551729091018
VPS13D,1.026568390153289
CELSR1,1.0247316246247242
FAT3,1.0247316246247242
CELSR3,1.0247316246247242
FAT1,1.0247316246247242
FAT2,1.0247316246247242
CELSR2,1.0247316246247242
AVIL,1.0239220917894418
VILL,1.0239220917894418
GSN,1.0239220917894418
SVIL,1.0239220917894418
SCIN,1.0239220917894418
VIL1,1.0239220917894418
CAPG,1.0239220917894418
H2AZ1,1.0236548842022617
H2AZ2,1.0236548842022617
UBR2,1.0228530325374297
UBR1,1.0228530325374297
ATG9B,1.0223752239995592
ATG9A,1.0223752239995592
GPD1,1.0211956846615042
GPD1L,1.0211956846615042
SP5,1.0175973877807425
KLF14,1.0175973877807425
KLF2,1.0175973877807425
KLF5,1.0175973877807425
KLF18,1.0175973877807425
CSDC2,1.017320687580992
CARHSP1,1.017320687580992
TRIP11,1.0167401048153262
RPS29,1.0166991412126982
PEX12,1.0151772522308256
MPHOSPH8,1.0145243831533566
PYCR3,1.013414281731513
PYCR1,1.013414281731513
PYCR2,1.013414281731513
NT5DC1,1.0131079632356326
PSMD9,1.011652647258999
ADD2,1.0114826076327164
ADD3,1.0114826076327164
ADD1,1.0114826076327164
ING2,1.010283684918759
ING4,1.010283684918759
ING1,1.010283684918759
PYGO1,1.0102739622850532
PYGO2,1.0102739622850532
RARA,1.0098811555984255
RARB,1.0098811555984255
NR1D1,1.0098811555984255
NR1I2,1.0098811555984255
THRA,1.0098811555984255
PPARG,1.0098811555984255
VDR,1.0098811555984255
PPARA,1.0098811555984255
RORB,1.0098811555984255
NR1H3,1.0098811555984255
PPARD,1.0098811555984255
NR1D2,1.0098811555984255
RORA,1.0098811555984255
RORC,1.0098811555984255
NR1H2,1.0098811555984255
UBE2L6,1.008846204653188
NUFIP1,1.0081808192183075
CCNT2,1.0074695849181146
SDC4,1.0054821707514296
SDC2,1.0054821707514296
SDC3,1.0054821707514296
SDC1,1.0054821707514296
UTP20,1.0047686921096346
TBC1D19,1.0037063094883385
ZNF706,1.0036046416562676
EIF3F,1.0026476267937865
RPL3,1.0022954049070305
RPL3L,1.0022954049070305
PSPH,1.0016460145492685
RAB6A,1.0013543860415393
BLOC1S6,1.0001259264462738
NGDN,0.9993530277698224
MTERF4,0.9985530424671254
MCM2,0.9973960807453788
BAIAP3,0.9969450299282347
INPP5E,0.9959259386434892
INTS1,0.9932659190269626
ZNF341,0.9930866905870476
FCHSD1,0.992045220556577
FCHSD2,0.992045220556577
FAM50B,0.9915855082655628
FAM50A,0.9915855082655628
TTLL12,0.9911091404679796
USP30,0.9908443920126554
AOX1,0.9905933199664104
XDH,0.9905933199664104
SNIP1,0.9896859031105638
NOL9,0.9880773952204388
SRBD1,0.9871486481568136
DDAH1,0.9870797217445214
DDAH2,0.9870797217445214
RAB2A,0.9868075454808372
SMG1,0.9866428485928964
GCSH,0.986123097173209
MNAT1,0.9858575614507296
CBLC,0.9842104936649304
TDRD5,0.9832496084745496
PAPSS2,0.9821181785216144
PAPSS1,0.9821181785216144
ABCB7,0.9795313750357302
OSTF1,0.9785732256229688
SEC24B,0.9778027827387648
SEC24A,0.9778027827387648
CIAO1,0.9767639033644115
OXLD1,0.9753992725704967
TCP11,0.9734881632271694
TCP11X2,0.9734881632271694
TCP11X1,0.9734881632271694
TCP11L1,0.9734881632271694
TCP11L2,0.9734881632271694
LARS2,0.9718629515119456
KPNA4,0.9715579937525096
KPNA3,0.9715579937525096
DGKQ,0.9697421542594296
HTRA2,0.969723540935006
PLCD4,0.9665374796311248
PLCB3,0.9665374796311248
PLCB1,0.9665374796311248
PLCH2,0.9665374796311248
PLCG1,0.9665374796311248
PLCL2,0.9665374796311248
PLCL1,0.9665374796311248
PLCH1,0.9665374796311248
PLCZ1,0.9665374796311248
PLCE1,0.9665374796311248
PLCB2,0.9665374796311248
PLCD3,0.9665374796311248
PLCD1,0.9665374796311248
PLCG2,0.9665374796311248
TAMM41,0.9658967135975056
LATS1,0.9657149626750344
NKAIN2,0.9654107596345974
NKAIN4,0.9654107596345974
NKAIN1,0.9654107596345974
NKAIN3,0.9654107596345974
MCM4,0.9636192597236009
GNL2,0.9632680618324304
WDR36,0.9627799133093972
SUPT16H,0.9621975654069338
GMFB,0.9614097252195613
GMFG,0.9614097252195613
NDUFAF3,0.961079103958826
ASTE1,0.9591292554872604
DPH6,0.9565751834007128
RPL35,0.9558035043337813
WASH6P,0.9554492798007882
WASHC1,0.9554492798007882
RPL12,0.9550246473162048
PSMD6,0.9547154911362528
SIAH2,0.9543423246877364
PEX10,0.9536835979936584
EIF3J,0.9534442517609109
SUDS3,0.9528902677859804
NDUFA5,0.9527180783303838
ATP5IF1,0.951963377540576
TTC28,0.9504817164049076
EIF3M,0.9500603512217838
HIF1A,0.9494172024243268
HIF3A,0.9494172024243268
SIM2,0.9494172024243268
NPAS3,0.9494172024243268
EPAS1,0.9494172024243268
RNASEH2B,0.9488030905390812
NSMCE1,0.9481803972299658
SGF29,0.9475458171483602
TTI1,0.9461453406542863
FBXL22,0.945570842332914
FBXL7,0.945570842332914
FBXL3,0.945570842332914
FBXL6,0.945570842332914
FBXL17,0.945570842332914
FBXL13,0.945570842332914
SKP2,0.945570842332914
FBXL2,0.945570842332914
FBXL5,0.945570842332914
FBXL18,0.945570842332914
FBXL20,0.945570842332914
FBXL15,0.945570842332914
UROD,0.9444573641563928
ST7,0.94364198101371
ST7L,0.94364198101371
MPHOSPH10,0.9423433832110072
ATP5F1C,0.9422798718556026
GEMIN2,0.9420602079173986
RARS2,0.9411424512054596
GCFC2,0.9392850248902418
PAXBP1,0.9392850248902418
ANKRD6,0.9385417549324286
KYAT1,0.9378708124465508
ACCSL,0.9378708124465508
GPT,0.9378708124465508
ACCS,0.9378708124465508
GPT2,0.9378708124465508
YIPF7,0.9374907203352614
YIPF5,0.9374907203352614
TAF9B,0.9365195961467014
TAF9,0.9365195961467014
UNC79,0.936339492244774
PUS1,0.9361809031665296
LUC7L3,0.931032039868385
TSPEAR,0.9309700474512902
WDHD1,0.9304652282652728
CUTA,0.930212553841582
STOX1,0.929454607135119
STOX2,0.929454607135119
KYAT3,0.9292843242723088
GINS4,0.927461862308719
ASXL1,0.926358009191897
ASXL3,0.926358009191897
ASXL2,0.926358009191897
SSB,0.9260094122349982
NOX5,0.925972810429282
MED31,0.9257960290224778
FRYL,0.9252103328026646
AKT1S1,0.9236766421100217
ATP1B3,0.9235427769362656
ATP1B2,0.9235427769362656
ATP4B,0.9235427769362656
ATP1B4,0.9235427769362656
SEC22B,0.9232642334169784
ASH2L,0.9219154379158112
SIX2,0.9193832231979716
SIX5,0.9193832231979716
SIX6,0.9193832231979716
SIX3,0.9193832231979716
CFAP43,0.91924001121077
SLC41A1,0.918841858304738
SLC41A3,0.918841858304738
SLC41A2,0.918841858304738
HUWE1,0.9170039927734772
CCDC50,0.915114407322891
JADE1,0.9147703087113922
ERCC4,0.913696619503703
SERTAD2,0.912382393409181
CDCA4,0.912382393409181
CDC73,0.9123030069397012
BARD1,0.911204790121751
MRPS9,0.9107153947172296
TMEM245,0.9100450385175992
LIN37,0.9084981069645578
SEC14L1,0.9079623052744916
SEC14L4,0.9079623052744916
SEC14L3,0.9079623052744916
SEC14L5,0.9079623052744916
SEC14L2,0.9079623052744916
SEC14L6,0.9079623052744916
RECQL5,0.9066923217410706
RPL24,0.9059906555192564
PIGX,0.9058986230132928
TTLL4,0.9056575488932308
MED19,0.9055540509335112
CYB5RL,0.9048961409739084
RFFL,0.9046308443252457
RNF34,0.9046308443252457
GGACT,0.9045586384463022
UBR7,0.9027378778940758
WTAP,0.902271870151976
SCRT1,0.9022276474285064
SCRT2,0.9022276474285064
NDUFA7,0.9020467665422692
DRC1,0.9019335841378392
TADA2B,0.9008605644494396
GPN1,0.8984561961088645
SPOCD1,0.8974191484107609
BLTP3B,0.8960643011207288
BLTP3A,0.8960643011207288
FEZ1,0.8955092680846455
FEZ2,0.8955092680846455
BCAP31,0.8926670519845202
BCAP29,0.8926670519845202
WIPI1,0.8921196573873281
KIF15,0.8913725925163369
PPP1R14B,0.8911232085638862
PPP1R14D,0.8911232085638862
PPP1R14A,0.8911232085638862
PPP1R14C,0.8911232085638862
VIPAS39,0.8909213719467041
GORAB,0.8893050449288592
NDUFAF1,0.8884483835777998
FBXO28,0.8883848741225925
BTBD2,0.8883472197416831
BTBD9,0.8883472197416831
BTBD3,0.8883472197416831
KBTBD4,0.8883472197416831
ABTB2,0.8883472197416831
SPOP,0.8883472197416831
BTBD6,0.8883472197416831
KLHL11,0.8883472197416831
ABTB3,0.8883472197416831
CHKA,0.8862398982196636
CHKB,0.8862398982196636
OXCT2,0.8853166968296536
OXCT1,0.8853166968296536
RRP9,0.8850569517716274
PSMC3,0.883253930144631
NOP58,0.8832454397964747
NABP1,0.8831873355396169
TBCK,0.8831265740332359
NDUFV2,0.8794643199551518
TADA3,0.8792415269234661
VTA1,0.879163277880595
SF3B4,0.8749041986702795
COPS4,0.8738144455033146
NOP16,0.8731142367281229
GALT,0.8729288463695186
ATG2A,0.872118065811724
ATG2B,0.872118065811724
PRCC,0.871461311281668
RBM25,0.8709161566639075
DPH1,0.870715931092465
TFDP1,0.8697154618943639
TFDP3,0.8697154618943639
TFDP2,0.8697154618943639
KTI12,0.8689090416632632
RBFOX3,0.8677569576901886
RBFOX1,0.8677569576901886
RBFOX2,0.8677569576901886
XPO5,0.8664037359075859
RRP8,0.8663404815950734
TP53BP2,0.8662535859336727
PPP1R13B,0.8662535859336727
EYS,0.8649495262886668
FAXC,0.8647820548817702
FTHL17,0.862001386449384
FTL,0.862001386449384
FTMT,0.862001386449384
SPRING1,0.8610109848898243
EIF3D,0.8603042307594746
TIMM50,0.8601632829094153
ARPC1A,0.8600920092260523
ARPC1B,0.8600920092260523
SUV39H1,0.8595688524923479
TCTE1,0.8592250155365893
SLC30A4,0.8590724268018657
KCNT2,0.8586941087899014
KCNT1,0.8586941087899014
KCNMA1,0.8586941087899014
KCNU1,0.8586941087899014
PCCB,0.8561209742082134
RWDD4,0.8559830246889991
FDXR,0.8540607679860611
PPP5C,0.8535887208050965
NINJ2,0.8535071935201608
TLL1,0.8524988475289775
ERN2,0.8516809206907973
TOGARAM1,0.8508942132275628
CLASP2,0.8508942132275628
TOGARAM2,0.8508942132275628
KAT8,0.850302331448717
DCUN1D3,0.849924292137097
RPS28,0.849642639033246
RPL29,0.8493389894663553
PDS5A,0.8489391059783336
PDS5B,0.8489391059783336
GLCE,0.8483342911356737
PRIM2,0.8453306301614464
ELP4,0.8452682237058811
HOMER2,0.8448767952939805
WNT10A,0.8434739629562051
WNT4,0.8434739629562051
WNT7A,0.8434739629562051
WNT11,0.8434739629562051
WNT10B,0.8434739629562051
WNT3A,0.8434739629562051
WNT2B,0.8434739629562051
WNT5A,0.8434739629562051
WNT2,0.8434739629562051
WNT8A,0.8434739629562051
WNT8B,0.8434739629562051
WNT9A,0.8434739629562051
WNT7B,0.8434739629562051
WNT5B,0.8434739629562051
WNT9B,0.8434739629562051
CASD1,0.8432184467145878
PARL,0.8411552396248104
NANP,0.8398132741204446
VPS51,0.8397840242977638
NANOS2,0.8397367447843745
NANOS3,0.8397367447843745
NANOS1,0.8397367447843745
ABCB10,0.8395831187870383
OVOL1,0.8391739609332776
HSPE1,0.8385943283364173
OLIG3,0.8380388243248799
BHLHE23,0.8380388243248799
NEUROD2,0.8380388243248799
NEUROG1,0.8380388243248799
NEUROG3,0.8380388243248799
NEUROG2,0.8380388243248799
NEUROD4,0.8380388243248799
OLIG1,0.8380388243248799
NEUROD1,0.8380388243248799
NEUROD6,0.8380388243248799
ATOH1,0.8380388243248799
ATOH7,0.8380388243248799
OLIG2,0.8380388243248799
BHLHE22,0.8380388243248799
PLEKHM2,0.8379776428503257
ZFYVE1,0.8379776428503257
RUFY1,0.8379776428503257
ZFYVE16,0.8379776428503257
RUNDC3B,0.8379776428503257
ZFYVE19,0.8379776428503257
SNX29,0.8379776428503257
ZFYVE26,0.8379776428503257
RUFY3,0.8379776428503257
PLEKHF1,0.8379776428503257
RUFY2,0.8379776428503257
RUNDC3A,0.8379776428503257
ZFYVE28,0.8379776428503257
ORMDL3,0.8367139510872315
ORMDL1,0.8367139510872315
ORMDL2,0.8367139510872315
SOX1,0.8361345987566183
FAU,0.8360727728975716
SDE2,0.8352602177431333
LUC7L,0.8350179336750428
LUC7L2,0.8350179336750428
RPAP1,0.8342810100226689
CHUK,0.8329819943885048
IKBKB,0.8329819943885048
GOLGA7,0.8305853890028404
GOLGA7B,0.8305853890028404
SLC35F3,0.8300400150911381
SLC35F4,0.8300400150911381
BBX,0.8298253448859262
ANKRD13B,0.8298232719990913
ANKRD13D,0.8298232719990913
ANKRD13A,0.8298232719990913
GRPEL1,0.828899054786503
GRPEL2,0.828899054786503
MIX23,0.8285519052660689
DGCR2,0.8275400718427193
EMC3,0.8274442198687171
GMPS,0.8271995130544143
DHRS7,0.8257646173097084
ZNF622,0.8251374541789596
RPL14,0.8237904450089644
PAQR3,0.823097985535237
EHMT1,0.8204008154169052
ASH1L,0.8204008154169052
PPP1R37,0.8190478717432131
RPS12,0.8168911972400064
APTX,0.816777696680879
JUP,0.8131331834994782
ANKAR,0.8131331834994782
PCSK6,0.8118396239174815
PCSK4,0.8118396239174815
PCSK9,0.8118396239174815
TFAP2E,0.8116183865603102
TFAP2B,0.8116183865603102
TFAP2D,0.8116183865603102
TFAP2A,0.8116183865603102
TFAP2C,0.8116183865603102
NUP205,0.8098679182837732
CNOT1,0.8094301235514608
FLCN,0.8090730953917347
POLDIP2,0.8080572742452444
MKNK2,0.8066759220763736
CCDC170,0.8020007626821803
NOC4L,0.8014604107262114
RAD17,0.8014290539804723
ATP5PF,0.8012134122432893
DTD1,0.8006281187148481
HAPSTR1,0.7963037395421899
HAPSTR2,0.7963037395421899
GATAD2B,0.795320446835162
GATAD2A,0.795320446835162
ATP13A1,0.7935796341224601
ATP1A1,0.7892012200822551
CLASRP,0.7891721962078457
CDS1,0.7869703979104039
CDS2,0.7869703979104039
MTFP1,0.7862964143405404
VPS26A,0.7862821615327763
VPS26B,0.7862821615327763
NOL10,0.7859587689693095
NDUFA13,0.785953014899066
PPM1K,0.7858310031135183
PDP1,0.7858310031135183
PPM1A,0.7858310031135183
PPM1B,0.7858310031135183
PPM1E,0.7858310031135183
SSU72,0.7846728026466187
SSU72L3,0.7846728026466187
SSU72L6,0.7846728026466187
SSU72L1,0.7846728026466187
SSU72L2,0.7846728026466187
SSU72L5,0.7846728026466187
SSU72L4,0.7846728026466187
CHPF,0.7842830523594638
CHPF2,0.7842830523594638
POLA1,0.7842403181722718
TYSND1,0.784168388949035
RRP7A,0.7826882243438388
LHFPL1,0.7806708015054786
LHFPL2,0.7806708015054786
LHFPL6,0.7806708015054786
GINS3,0.780358527544073
PARD3,0.7800193507097853
PARD3B,0.7800193507097853
DPYS,0.7791045732268114
PHB2,0.7790002187666246
RPL11,0.7783104472937394
ATAD1,0.777603252984628
KATNAL1,0.777603252984628
VPS4A,0.777603252984628
FIGNL2,0.777603252984628
FIGNL1,0.777603252984628
FIGN,0.777603252984628
KATNA1,0.777603252984628
BCHE,0.7768871964973465
PGM3,0.7759097562234424
MTHFSD,0.7746991268593787
TH,0.772917775120398
THAP3,0.7726697490108453
THAP2,0.7726697490108453
ARL14EPL,0.7726697490108453
THAP1,0.7726697490108453
THAP8,0.7726697490108453
THAP7,0.7726697490108453
THAP6,0.7726697490108453
MEA1,0.7725164253004666
KARS1,0.7678073493681976
EPS8L3,0.7649703400811314
EPS8L2,0.7649703400811314
EPS8L1,0.7649703400811314
SLC24A1,0.7649158625181478
SLC24A2,0.7649158625181478
MRPL12,0.7636435853945402
EEF1AKMT2,0.7625105613758685
BNIPL,0.7620365919030081
BNIP2,0.7620365919030081
ATCAY,0.7620365919030081
PRUNE2,0.7620365919030081
SSRP1,0.7619036777357998
SMARCE1,0.7616971674706517
INTS12,0.7597151046987939
NR4A3,0.7595389027821441
NR4A2,0.7595389027821441
NR4A1,0.7595389027821441
RALBP1,0.7579347747555645
KIF5B,0.7570981988755662
ARRB2,0.7560705867240101
SAG,0.7560705867240101
ARRB1,0.7560705867240101
ARR3,0.7560705867240101
PTGR3,0.7535174088093607
FLOT2,0.7534588616792394
EPC1,0.7525079452374797
EPC2,0.7525079452374797
SLC28A1,0.7523895441305858
SLC28A2,0.7523895441305858
SLC28A3,0.7523895441305858
NMRK1,0.7522620589542335
NMRK2,0.7522620589542335
MBIP,0.7522620589542335
CIC,0.7521062372809023
MED1,0.7508498037477865
PROX1,0.7507952649363472
PROX2,0.7507952649363472
MCM3,0.749014644989653
GADD45GIP1,0.748922286028552
MPRIP,0.7481036983621492
TRIOBP,0.7481036983621492
LARP7,0.7477018859472693
ZNF618,0.7470731094377305
ZBTB44,0.7470731094377305
FAHD2B,0.7469005476842819
CYB5B,0.7462813553863978
SUPT6H,0.7458406660802699
COG1,0.7444250622519293
COA8,0.74424129134324
TCF4,0.7442191604070727
TCF12,0.7442191604070727
TCF3,0.7442191604070727
EIF2A,0.7438698969255194
PKMYT1,0.7416950137107325
CPOX,0.7407197013306811
DICER1,0.7400951256495685
MAD2L1BP,0.7398973016480076
FOXC2,0.7393390986164994
SAV1,0.739059020046472
PIK3R4,0.7390248991116094
CTNNBL1,0.738181707545514
PSMA4,0.7368871295769087
HS3ST5,0.73676156846837
POLR1A,0.7355239655114325
MRPL35,0.7353607074532206
RNASEH1,0.7347792536557439
CCT6B,0.7342928827163429
DIP2A,0.7328400044632978
DIP2B,0.7328400044632978
CALML5,0.7323018285783599
CALN1,0.7323018285783599
CABP2,0.7323018285783599
CETN2,0.7323018285783599
EFCAB3,0.7323018285783599
CABP4,0.7323018285783599
CABP5,0.7323018285783599
CABP1,0.7323018285783599
CABP7,0.7323018285783599
EFCAB12,0.7323018285783599
VANGL2,0.7312612033748156
VANGL1,0.7312612033748156
IPCEF1,0.7297519902680526
CNKSR2,0.7297519902680526
CNKSR1,0.7297519902680526
SAMD3,0.7297519902680526
CNKSR3,0.7297519902680526
VPS33B,0.7295006117769102
KCNH6,0.7279967357016284
TARDBP,0.725954280858962
TMEM94,0.7245002735312649
HSPA2,0.7243639445627306
COX4I1,0.7240117294585104
COX4I2,0.7240117294585104
CAPN15,0.7239353807563509
LSM12,0.7226842728879515
SPATA17,0.722641375858064
RGP1,0.7191748567131907
FAM151B,0.7184274646786712
FAM151A,0.7184274646786712
MAK,0.7183566561491008
JMJD6,0.7163848422808015
SH3GL3,0.7158208068898996
RNF220,0.7149548400230105
RHPN2,0.7137932981435224
RHPN1,0.7137932981435224
ZCCHC13,0.712429315629279
CNBP,0.712429315629279
BORCS5,0.7104802391428956
SLC8B1,0.7095173734582011
CDC25A,0.7092872756732151
HEATR1,0.7092628074894123
NF1,0.7086249674472092
FXN,0.7066263340162761
KDM1A,0.7052458650711869
RSBN1L,0.7043962163395177
RSBN1,0.7043962163395177
CHCHD10,0.7029038668636822
HIPK3,0.7025663073814257
CNOT2,0.7018963385354992
MARCHF8,0.7017117529733244
ARHGAP39,0.7002499502317951
STARD7,0.7001896528050755
PIH1D2,0.6989051956293599
TLDC2,0.6988926424669639
RRM1,0.6986046642760085
ABCF2,0.6977568790747967
FRA10AC1,0.6965391387891526
GTF2H2,0.6949883820495482
GTF2H2C,0.6949883820495482
DHPS,0.6944419612593637
PUDP,0.694114872863322
SUFU,0.6932854897784707
NPDC1,0.6931927002157857
ELAC2,0.6916875582566138
ZNF608,0.6915434903326291
ZNF609,0.6915434903326291
MFNG,0.6912468467022853
RFNG,0.6912468467022853
LFNG,0.6912468467022853
DNAAF3,0.6907650770875642
LAMTOR3,0.6898445955500814
TPI1,0.6895250470905596
FH,0.6888618016648111
GPN2,0.6885836364322843
MBTPS2,0.6884255264722454
PSAT1,0.6871162050655936
SRPRA,0.6867238351677729
PRPF38A,0.6864192979570395
RFWD3,0.6854955362171327
PRMT8,0.6854511100724843
ELMOD2,0.6845469656205654
ID4,0.6841010800878008
ID1,0.6841010800878008
ID3,0.6841010800878008
ID2,0.6841010800878008
BPTF,0.6828055487938247
NDUFB10,0.6816367706220315
EEF1AKMT1,0.6801674774002633
ZMYND8,0.6786211320418825
UFSP1,0.6784545318793387
LENG1,0.677744852732569
IFT20,0.6773719878832272
HECTD1,0.676870909725855
DNAAF1,0.6768295830073784
PSMD12,0.6760822419808915
SMC6,0.6760744331833071
CFAP206,0.6744149341084553
HENMT1,0.67431910139577
PRDM8,0.6741649704663817
ZNF488,0.6741649704663817
FKBP1A,0.6719727703619794
FKBP1B,0.6719727703619794
FKBP1C,0.6719727703619794
PRICKLE4,0.6691843716304883
PDLIM7,0.6691843716304883
PDLIM5,0.6691843716304883
PDLIM1,0.6691843716304883
PDLIM2,0.6691843716304883
TEFM,0.6671018336040607
NT5DC3,0.6670198096227444
NT5DC4,0.6670198096227444
NT5DC2,0.6670198096227444
NT5C2,0.6670198096227444
PSMD3,0.6667778346319516
TLK2,0.666724453427848
TLK1,0.666724453427848
CRIPT,0.6658332476987723
TTC14,0.6645113701187156
DACH1,0.6644749910058678
DACH2,0.6644749910058678
GATA4,0.6637647307587125
TAF10,0.66185608518601
DONSON,0.6616861681597016
SLC4A8,0.660765846147911
SLC4A2,0.660765846147911
SLC4A10,0.660765846147911
SLC4A3,0.660765846147911
SLC4A1,0.660765846147911
SLC4A7,0.660765846147911
SLC4A9,0.660765846147911
SLC4A5,0.660765846147911
SLC4A4,0.660765846147911
CIAPIN1,0.6603842570666161
BCKDHA,0.6597837698266026
TXNDC9,0.6590951897813084
PTK7,0.6580052932922333
PIGN,0.6579897841105277
NIPSNAP3B,0.657885885614741
NIPSNAP3A,0.657885885614741
NIPSNAP2,0.657885885614741
NIPSNAP1,0.657885885614741
NOC2L,0.6574882460579394
ECPAS,0.6572320800928219
CCNQ,0.6558853314212059
CPM,0.6537452245849074
ANLN,0.6528860805486078
HGS,0.6503317683299109
WNK3,0.6483442696010608
NRBP1,0.6483442696010608
DSTYK,0.6483442696010608
WNK1,0.6483442696010608
NRBP2,0.6483442696010608
WNK4,0.6483442696010608
CHMP3,0.6480528702274833
HYPK,0.6452530096166754
ANKLE2,0.6436291637904483
RNF5,0.6427142360907275
RNF185,0.6427142360907275
NUB1,0.6426354739465717
GSK3A,0.6409272084037443
GSK3B,0.6409272084037443
FDPS,0.6401289616445969
ERP29,0.6393641150654492
KIN,0.638876944314932
PSMB3,0.6381272526040013
LAMTOR5,0.6378242687677866
RPS20,0.6376134791740302
ETV4,0.6361789963283658
AURKA,0.6356328985809131
MRPS24,0.6354786990139031
TMEM60,0.6349161242745143
TSR2,0.6344383083416726
DOCK5,0.6343327150886374
DOCK4,0.6343327150886374
DOCK8,0.6343327150886374
SPIRE2,0.6342919613975524
SPIRE1,0.6342919613975524
PHTF2,0.6333792038072428
PHTF1,0.6333792038072428
KANSL3,0.6328039732386833
GRB14,0.6313908494221118
GRB7,0.6313908494221118
GRB10,0.6313908494221118
APBB1IP,0.6313908494221118
RAPH1,0.6313908494221118
C17orf49,0.6312199078414678
PDAP1,0.6307114167947523
MARF1,0.629692426139173
MEIOB,0.6291230558897648
FIGLA,0.6283874361591196
EFHD1,0.6283786908796892
EFHD2,0.6283786908796892
STK11IP,0.6275776002368572
RPS8,0.6260822595629489
HSD17B8,0.6250305626231704
PKD1L3,0.6243826334164003
PKD1L1,0.6243826334164003
PKD1L2,0.6243826334164003
PKD1,0.6243826334164003
PKD2,0.6243826334164003
PKDREJ,0.6243826334164003
PKD2L2,0.6243826334164003
RPS3A,0.6230587405732101
ZMAT3,0.6228045240566447
ZMAT4,0.6228045240566447
ZNF346,0.6228045240566447
KRCC1,0.6228045240566447
ZNF385B,0.6228045240566447
ZNF385C,0.6228045240566447
ZMAT1,0.6228045240566447
ZNF385A,0.6228045240566447
ZNF385D,0.6228045240566447
ARK2C,0.6227288293817775
ARK2N,0.6227288293817775
RNF111,0.6227288293817775
ESD,0.6213356754743168
DNA2,0.6205413963166422
CT55,0.6205413963166422
SETX,0.6205413963166422
MOV10L1,0.6205413963166422
PGAM4,0.6205116511425515
PGAM1,0.6205116511425515
PGAM2,0.6205116511425515
TTR,0.6204695743293566
URAD,0.6204695743293566
WASF3,0.6203714399703328
WASF2,0.6203714399703328
WASF1,0.6203714399703328
TMEM131,0.6202538380716229
TMEM131L,0.6202538380716229
RUNX2,0.6185491964515921
RUNX3,0.6185491964515921
GOLGA1,0.6184021104648905
GNL1,0.6183839433881143
MIPEP,0.6182800949164591
CEP97,0.6175709485866714
RRP12,0.6173403429442762
ATP5MG,0.6172594412376524
ATP5MGL,0.6172594412376524
NWD2,0.6172296452021345
AAMP,0.6172296452021345
COL4A4,0.6171596011645298
COL4A6,0.6171596011645298
TAF6,0.6160832755690855
TMEM64,0.6158123275042494
AGXT,0.6156935371970644
SENP3,0.6154464129600298
SENP2,0.6154464129600298
SENP5,0.6154464129600298
PPP1R36,0.6151142167442587
ACTR5,0.6149847515240376
TDO2,0.6135008682734647
COASY,0.6109702016908046
AQR,0.6101496471363443
BTD,0.6092808104116766
VNN1,0.6092808104116766
VNN2,0.6092808104116766
PHF14,0.6063233772388513
LCA5L,0.6061755102619488
LCA5,0.6061755102619488
PAPOLA,0.6060458526819128
PAPOLB,0.6060458526819128
SELENOH,0.6040453316783818
HEATR6,0.6039610692037505
CCDC65,0.6037260786788302
MAD2L1,0.6034381221974209
POLE,0.6032862669491593
PIGO,0.6017231102622997
STK11,0.6015264279128693
NME7,0.6003241189753137
DCTN2,0.5984742572415773
GTF3C1,0.5958092796023746
USP47,0.5935108103902075
STRAP,0.5928003723841376
LINC02218,0.5926648782039982
TAF11,0.5926648782039982
TAF11L14,0.5926648782039982
TAF11L8,0.5926648782039982
TAF11L9,0.5926648782039982
TAF11L11,0.5926648782039982
TAF11L13,0.5926648782039982
TAF11L12,0.5926648782039982
TAF11L6,0.5926648782039982
TAF11L5,0.5926648782039982
TAF11L4,0.5926648782039982
TAF11L10,0.5926648782039982
TAF11L2,0.5926648782039982
TAF11L3,0.5926648782039982
TAF11L7,0.5926648782039982
RPRD2,0.5916616762645303
DHX9,0.5915540064117065
ZNF800,0.5912307869779275
UBOX5,0.5908450050187154
HIRA,0.5906015218321986
BLOC1S1,0.5905528234676705
GFER,0.5874137377344026
ATG4D,0.5869786244255278
ATG4C,0.5869786244255278
ZNF511,0.5851520359220156
AGXT2,0.584986763025577
CTRB1,0.584836345877366
CTRB2,0.584836345877366
CTRC,0.584836345877366
ABCF1,0.5840393085637964
UPF1,0.581695775498308
H3Y1,0.5811132787343326
H3Y2,0.5811132787343326
H3-5,0.5811132787343326
SAPCD1,0.5810643750663801
SPEN,0.5804733167448772
ADK,0.5792316386445066
RBM48,0.5785864282972031
TMBIM4,0.5777583208529781
USB1,0.5770687891759975
DNAH1,0.5759390152920044
ANP32D,0.5743144453892344
ANP32E,0.5743144453892344
ANP32B,0.5743144453892344
ANP32A,0.5743144453892344
MAPK14,0.5739221213527238
GPD2,0.5736234168971527
PPM1L,0.5716082531065741
TSG101,0.5715016846213711
UEVLD,0.5715016846213711
NPRL2,0.5702262248954707
DDX52,0.5700442656989927
NSUN2,0.5690952618518683
ARIH2,0.5664768322851027
MICU1,0.5663977055939479
ATP5F1D,0.5660445496739982
DNAAF6,0.5654259202552004
CHSY1,0.5639815560011424
CHSY3,0.5639815560011424
ENOX2,0.5622130747069469
ENOX1,0.5622130747069469
SAP30BP,0.5619136531537497
NR2C2AP,0.5618032414692516
CLINT1,0.5602265038417749
TMEM223,0.5587713392360901
LRRC30,0.5587648434594538
PHGDH,0.5584099412894998
NUDT14,0.5572899233980904
CDC16,0.5561547688887158
GTF2E2,0.555547227756542
UTP14C,0.5531082583908848
UTP14A,0.5531082583908848
CNDP2,0.5530013179288897
TAF5,0.5496729214563492
TXN2,0.5494336230000952
IST1,0.5480421412413754
MCM8,0.5478976528472193
NMT1,0.5447466583431815
NMT2,0.5447466583431815
SMS,0.5445559924586666
VHL,0.5414418783121586
VHLL,0.5414418783121586
SSBP1,0.5401965784222659
FAM177A1,0.5400982590852401
FAM177B,0.5400982590852401
ESYT2,0.5393517408890868
ESYT3,0.5393517408890868
ESYT1,0.5393517408890868
ATP6AP1,0.5389588596697502
EIF6,0.5388176371360917
COX5A,0.5374403216706312
MAD2L2,0.5373562851619644
INO80C,0.537047871279819
SPMAP2,0.5364999326547517
SPMAP2L,0.5364999326547517
PTCD3,0.5352920766472223
PPFIA2,0.5349120969160348
PPFIA3,0.5349120969160348
PPFIA4,0.5349120969160348
PPFIA1,0.5349120969160348
SMG8,0.5343346503869713
CEP164,0.5334147625647813
NUMA1,0.5334147625647813
GOLGA3,0.5334147625647813
GCC2,0.5334147625647813
PHC1,0.5332431542615624
L3MBTL4,0.5332431542615624
SFMBT2,0.5332431542615624
SCML4,0.5332431542615624
SAMD11,0.5332431542615624
SCML2,0.5332431542615624
SAMD7,0.5332431542615624
SFMBT1,0.5332431542615624
L3MBTL1,0.5332431542615624
SCMH1,0.5332431542615624
THG1L,0.5329115715561469
PSMC2,0.5328983117469129
WDPCP,0.5323307694968492
FXR2,0.531696730528266
FMR1,0.531696730528266
FXR1,0.531696730528266
TMEM167A,0.5316348482194082
TTC13,0.5314281568820023
MIA3,0.53115792248504
CTAGE15,0.53115792248504
OTOR,0.53115792248504
CTAGE6,0.53115792248504
CTAGE8,0.53115792248504
SPZ1,0.53115792248504
CTAGE9,0.53115792248504
MIA,0.53115792248504
CTAGE1,0.53115792248504
CTAGE4,0.53115792248504
MIA2,0.53115792248504
AAR2,0.5306026092041389
KIFBP,0.5290681853061359
REXO4,0.5281700674714952
RANGAP1,0.5278938906943939
CDC20,0.5275939597612634
CDC20B,0.5275939597612634
UNC50,0.5262873836472826
ZCCHC4,0.5260943184991084
KRR1,0.5260787636597035
RAPGEF1,0.5256678671158876
MAEL,0.5255791767216044
ARMC2,0.5247330420237902
NUDT9,0.5231888502979984
LOXL2,0.5222554249753665
COMMD10,0.5219035241332205
PDHB,0.5207646257461883
KISS1R,0.5196117688826114
UTS2R,0.5196117688826114
HDDC2,0.5186053715364363
RIBC1,0.5183787715797422
RIBC2,0.5183787715797422
ABHD16A,0.5181247840440334
ABHD16B,0.5181247840440334
NDC1,0.517118470102972
PPP1R11,0.5160931999454781
TMEM165,0.5157311340004528
VPS45,0.5155243768297266
GSKIP,0.5149771974017893
MRPS17,0.5145590831885246
ABHD3,0.5144200972840577
ABHD1,0.5144200972840577
ARHGAP19,0.5122827276845068
ADORA2B,0.5120032592710665
ADORA3,0.5120032592710665
ADORA2A,0.5120032592710665
ADORA1,0.5120032592710665
DLX5,0.5116040467860096
DLX1,0.5116040467860096
NANOGP8,0.5116040467860096
BSX,0.5116040467860096
VENTX,0.5116040467860096
DLX4,0.5116040467860096
NANOG,0.5116040467860096
DLX3,0.5116040467860096
DLX2,0.5116040467860096
LIN9,0.5101341412304832
POLD1,0.5087846242247948
CISD1,0.5079142276689681
CISD2,0.5079142276689681
STX1A,0.5077019465798204
STX3,0.5077019465798204
STX4,0.5077019465798204
STX1B,0.5077019465798204
STX2,0.5077019465798204
MSL2,0.5076165490207537
URB1,0.5072530710000592
CYCS,0.5071431142547387
VPS37C,0.5046726849527141
VPS37B,0.5046726849527141
BRI3,0.5043538366900812
C3orf49,0.5040710217993392
TEKT3,0.5037143693253179
TEKT5,0.5037143693253179
PPP1R12B,0.5037016372639869
CCDC82,0.5028422369829793
RPH3AL,0.5026600273213828
MPV17,0.4996828565589614
LRRC49,0.4959812239189695
MYO1G,0.4951979857752809
RARG,0.4945207859927439
NR1H4,0.4945207859927439
THRB,0.4945207859927439
NR1I3,0.4945207859927439
NCK1,0.4944149354901787
GRAPL,0.4944149354901787
GRAP,0.4944149354901787
SLA2,0.4944149354901787
SLA,0.4944149354901787
GRAP2,0.4944149354901787
SH2D5,0.4944149354901787
NCK2,0.4944149354901787
RPL27,0.4936063514316045
COQ8B,0.4933514204440067
DBNDD2,0.4932874344547905
DBNDD1,0.4932874344547905
DTNBP1,0.4932874344547905
CTBS,0.4918901640078288
SLC12A8,0.4898022565292442
AARS1,0.4888403055427778
FBXW7,0.4885299308149944
TMEM186,0.4879289239794198
ELOVL6,0.4876439647961554
ELOVL3,0.4876439647961554
YEATS2,0.4858000625734791
STAMBPL1,0.4856479711260788
STAMBP,0.4856479711260788
UBA52,0.4844871860463756
MCM10,0.4841945025618596
SMARCA2,0.483679730648697
RPL28,0.482738142103974
ENC1,0.4822264425976618
KLHL25,0.4822264425976618
ATP6V0D1,0.4813360225489688
NRBF2,0.4791177720170546
CUEDC1,0.4788907505675628
TBC1D24,0.4781439742129417
DENR,0.4780942596158892
WDR81,0.476407285224624
AP1S2,0.476268921273383
AP1S3,0.476268921273383
AP1S1,0.476268921273383
SIM1,0.4747956927334966
NPAS1,0.4747956927334966
SEH1L,0.4744156451643096
HID1,0.4742759666127328
KRI1,0.4712852318739366
TRMT5,0.4705155791020234
CCNK,0.470312520944565
TRAPPC3,0.4697121978834589
TRAPPC3L,0.4697121978834589
ATF7IP,0.4695946483760238
ATF7IP2,0.4695946483760238
DPP9,0.4688459315747307
DPP10,0.4688459315747307
DPP8,0.4688459315747307
DPP6,0.4688459315747307
PEX1,0.4654492661285386
NIP7,0.4637786097641279
WASHC4,0.4637720647010656
RPS21,0.4633406128403907
NR2E3,0.4601559917416324
DCAF15,0.4597902674662181
DYNLT2B,0.4558035883057329
JAGN1,0.4528966571487647
RPS23,0.4525419687392631
IMMT,0.4520475647704201
CNOT11,0.4512593381400889
GLO1,0.4477035971789918
UTP4,0.4475825168860163
SRP68,0.446940192804445
RALGAPA1,0.4465952745118025
BRMS1,0.4463079644433051
BRMS1L,0.4463079644433051
NRXN2,0.4457836226612052
TTLL1,0.4446647235701319
MRPL23,0.4445049887474296
EMC1,0.444257359727032
PIF1,0.4441727279548829
MED17,0.4429816601616278
NOL11,0.441132352089958
MRPL45,0.43952663484991
DGCR6L,0.4386142478692604
DGCR6,0.4386142478692604
GLYR1,0.4377014972961221
NPEPPS,0.4362840381655161
ATP5PB,0.4362429757040502
REEP5,0.4362169498981836
MTPAP,0.4360263042412517
RMND5B,0.434892328234388
RMND5A,0.434892328234388
OVCA2,0.4337333994413768
IKBKE,0.4316669546650076
TBK1,0.4316669546650076
GIGYF1,0.4311038164777781
GIGYF2,0.4311038164777781
FBXO9,0.4290419639338619
PLK1,0.4286131344834853
RIDA,0.428489114295485
STK36,0.4273444386086811
LBX1,0.42630572350495
LBX2,0.42630572350495
NALF2,0.4258424589215115
NALF1,0.4258424589215115
EZH2,0.4257123134143418
SETD1B,0.4257123134143418
SETD1A,0.4257123134143418
EHMT2,0.4257123134143418
NSD3,0.4257123134143418
SETD2,0.4257123134143418
SUV39H2,0.4257123134143418
G3BP1,0.4242229875132821
G3BP2,0.4242229875132821
MED13,0.4236791937979853
MED13L,0.4236791937979853
EOGT,0.4234478117720955
CCDC22,0.4230749855155832
ARL6IP4,0.4226452566541082
BIRC6,0.4223816302945434
POU2AF1,0.422065447166249
TEX13D,0.421129037626602
TEX13A,0.421129037626602
TEX13B,0.421129037626602
TEX13C,0.421129037626602
PSMA2,0.4198153934382441
FKBP6,0.4190740631929156
SLC11A1,0.4182661540467371
FLII,0.4178562718034267
GCC1,0.4177878785607548
CDCA3,0.4177773853894266
SDAD1,0.4135007312043054
GRWD1,0.4124338215647476
ABRA,0.4121353700982713
PHKB,0.4115384904509978
MOS,0.4089102180956593
MBNL1,0.4058525035425444
MBNL2,0.4058525035425444
MBNL3,0.4058525035425444
GCM2,0.4052650723758271
GCM1,0.4052650723758271
TANGO6,0.4029660748930648
VMA21,0.4024563969195382
RPL21,0.4002940677702426
TBPL1,0.39863711210301
CALML4,0.3984681005179973
ATXN1L,0.3984096665719409
ATXN1,0.3984096665719409
PRPF3,0.398078830746689
PGS1,0.3977993947958514
APRT,0.3974064580099484
NDUFC2,0.3972110611843778
SHQ1,0.3963120381050813
TRAPPC5,0.3958326585115339
MAPK11,0.393168759498033
MYO15A,0.3931176675456478
RNFT1,0.3929244359535419
RNFT2,0.3929244359535419
TADA2A,0.3926359674146077
METTL16,0.3912063966833511
MYEF2,0.3909685209913611
HNRNPM,0.3909685209913611
IFT140,0.3902292048110075
PSMD1,0.3901678704953189
GDPGP1,0.3883426971532041
CFAP44,0.3874275888664775
GLRX5,0.3872615172404399
RPP25L,0.3860127880698627
RPP25,0.3860127880698627
PRELID3A,0.3854142934503209
PRELID3B,0.3854142934503209
SMDT1,0.3842375435822411
CLPP,0.3840153436814558
NT5C3B,0.3837260245180695
NT5C3A,0.3837260245180695
BAD,0.3832434354435833
GTF3C3,0.3828798294781911
PSMB2,0.3824223585611326
YBX2,0.3795171461815781
SEC31B,0.3790555999641803
SEC31A,0.3790555999641803
DNAI1,0.3790089708177712
SRP72,0.3783775870316107
NFYA,0.3781124317429573
GFRA4,0.3778194511904936
GFRA3,0.3778194511904936
GFRAL,0.3778194511904936
GFRA1,0.3778194511904936
GFRA2,0.3778194511904936
DYSF,0.3773653286035326
MYOF,0.3773653286035326
FER1L6,0.3773653286035326
FER1L5,0.3773653286035326
OTOF,0.3773653286035326
WDR7,0.3752387304645534
UTP6,0.3739909674385029
PRPF39,0.3723603729353049
PIGF,0.3716848110653606
SLC25A32,0.3712967753663974
AASDHPPT,0.3710629555163121
IK,0.370358351481905
WDR55,0.370358351481905
KAT14,0.3684319584110573
VPS39,0.3681970021198059
MTFMT,0.3677049413169728
SEPSECS,0.3662846343971828
STX18,0.3651241469393509
TMEM30A,0.3643052438665332
TMEM30B,0.3643052438665332
CDK13,0.3642364863334912
DGCR8,0.3641447038536383
CACHD1,0.3637824301330192
TRAPPC6A,0.3618053058015386
TRAPPC6B,0.3618053058015386
RIT2,0.3613597321310907
PPIAL4D,0.3610802777102238
PPIAL4A,0.3610802777102238
PPIAL4E,0.3610802777102238
PPIAL4F,0.3610802777102238
PPIAL4C,0.3610802777102238
PPIAL4H,0.3610802777102238
PPIAL4G,0.3610802777102238
PPIG,0.3610802777102238
PPIA,0.3610802777102238
TRIP4,0.3605510695651235
CAMSAP1,0.3592464520724315
CAMSAP3,0.3592464520724315
CAMSAP2,0.3592464520724315
PIWIL2,0.3588725151134219
STK38,0.3587028023221576
STK38L,0.3587028023221576
PEAR1,0.3579321728647736
DLK1,0.3579321728647736
PDCD2,0.3578498745927059
FANCM,0.3559123475407206
USP7,0.3543991256852438
CUX1,0.3527916744194336
CUX2,0.3527916744194336
NXF2B,0.3521983592095054
NXF1,0.3521983592095054
NXF2,0.3521983592095054
NXF3,0.3521983592095054
MYG1,0.3515861497784808
DPY19L4,0.3514082588255482
DPY19L3,0.3514082588255482
TMX2,0.3513773357096306
GRM1,0.3511743861506394
GRM5,0.3511743861506394
OGG1,0.3464390863552163
SLC25A12,0.3464041174213511
RPL31,0.3452554140956599
CAAP1,0.3446805331785214
NAB1,0.3440229293719905
NAB2,0.3440229293719905
DHX15,0.3435526137502361
WDR59,0.3429986193199236
CPSF7,0.3424214891028712
CPSF6,0.3424214891028712
SBSPON,0.3423033028020262
UBTD1,0.3421376244352327
UBTD2,0.3421376244352327
AGO2,0.3385527603806493
ORAI2,0.3382801127693818
ORAI1,0.3382801127693818
ORAI3,0.3382801127693818
RABAC1,0.3371552211253223
PFAS,0.3354273544704137
ANO8,0.3352532084837633
UBR4,0.3339848972774129
RNF41,0.3337739955223586
RAD54L2,0.3327717926888592
NEK9,0.3312261166846037
RNF151,0.3307079211925571
LLGL1,0.3297892185579384
LLGL2,0.3297892185579384
PDSS1,0.3291420293854621
TSC2,0.3276449812410775
SEPTIN10,0.3264605255541007
MLST8,0.3252934060352882
CSNK1E,0.3252098201911703
CSNK1D,0.3252098201911703
NSUN7,0.3242606994915265
NAIF1,0.3242205383663694
LSM1,0.3241792181533031
MRPL52,0.3240107358535038
MYO18A,0.3238916581568765
DPCD,0.3238716056836799
FAM136A,0.3226803068764599
MSH6,0.3216853950589865
PMPCA,0.3202881392110462
TRMT10C,0.3202080777369802
NHLRC2,0.3200007130377495
F13A1,0.3183902297754908
TGM1,0.3183902297754908
CETN1,0.3181542143273348
VPS4B,0.3181480849759003
JUN,0.3169503280599587
JUNB,0.3169503280599587
JUND,0.3169503280599587
ITGBL1,0.3161129919653867
ITGB8,0.3161129919653867
ITGB2,0.3161129919653867
ITGB4,0.3161129919653867
RPRD1A,0.3155388442247488
RPRD1B,0.3155388442247488
PPM1D,0.3150234464149133
TM2D3,0.3148078388250319
PI4KA,0.3133053282252661
CDK9,0.3122240329020679
KIFAP3,0.3109535282031794
NET1,0.3105158871625597
ARHGEF12,0.3105158871625597
ARHGEF28,0.3105158871625597
ARHGEF18,0.3105158871625597
ARHGEF11,0.3105158871625597
ARHGEF3,0.3105158871625597
RAB27A,0.3093703799339194
SOX21,0.309288572516833
STK24,0.3084395133063723
STK25,0.3084395133063723
ZSWIM8,0.3072512183249377
XPO6,0.3066033250296642
RBM27,0.3065261749434578
RBM26,0.3065261749434578
SARS1,0.3050250016255559
JMJD4,0.3047045931643075
HS3ST6,0.3037051828381102
DNAJC17,0.3036496402680774
UQCRFS1,0.3034904436246355
WDR33,0.3033298096847321
PSMD4,0.3013180628444354
DHX34,0.29895190406094
WNT16,0.2984972175984043
BRD8,0.2984560784142787
CCDC124,0.2984490058105494
ALG8,0.298048566274464
AMT,0.2966442368244124
SFI1,0.296643649291944
CCDC191,0.296643649291944
STX5,0.2958822945646263
CISD3,0.2952231681436074
CDK7,0.2948437765997206
SLC25A46,0.2946217879209994
LETMD1,0.2943729707423096
EIF2S2,0.2934910953085968
CCDC137,0.2922810310997354
TMEM102,0.2918488857595314
MB21D2,0.2918488857595314
UTP3,0.2917009751100088
PHF2,0.2916101247419864
AR,0.2914309091436771
NR3C2,0.2914309091436771
ESRRB,0.2914309091436771
ESRRG,0.2914309091436771
PGR,0.2914309091436771
ESR2,0.2914309091436771
ESRRA,0.2914309091436771
ESR1,0.2914309091436771
NR3C1,0.2914309091436771
AHR,0.2906351302777075
FOXD2,0.2888830034936218
RER1,0.2888476913825263
TRPV2,0.288498669132393
TRPV3,0.288498669132393
TRPV4,0.288498669132393
TRPV6,0.288498669132393
TRPV1,0.288498669132393
TRPV5,0.288498669132393
PSMD8,0.2880557367960532
IQCG,0.2853934110335264
CNGA2,0.2851450360237302
CCDC66,0.2846612642859946
RSPH1,0.2830941637175427
ARL6,0.2826607810001251
CDK19,0.2823919119093064
TAF5L,0.2765498428419531
GBE1,0.2754120843260329
PRDM1,0.2731811043534464
RPS16,0.2730256550920052
SAE1,0.269797448516645
GNPDA2,0.2674837475490227
GNPDA1,0.2674837475490227
TAF1B,0.2660239562011963
MGAT2,0.2656821907637556
NAA50,0.263230730239066
GFM2,0.2617642915174349
METTL26,0.2616450190431809
MED11,0.2605887586093366
LSG1,0.2588425074421266
ONECUT2,0.2587225388621421
ONECUT1,0.2587225388621421
ONECUT3,0.2587225388621421
ALG14,0.2580761723854314
ASPM,0.2578781706162856
RPS2,0.2557711845611342
VPS52,0.2556755011179224
EXTL1,0.2549827690351671
FLOT1,0.2549194284109217
MRPL16,0.2542023963368419
TREX1,0.2537318741292789
TREX2,0.2537318741292789
PLBD1,0.2532733366555948
PLBD2,0.2532733366555948
CFAP126,0.2527938691433005
EXTL3,0.2524735038862033
SNF8,0.2514421144745132
ARL1,0.2510150976731283
PRSS55,0.2491044265501369
CFI,0.2491044265501369
HPR,0.2491044265501369
KLKB1,0.2491044265501369
C1R,0.2491044265501369
KLK10,0.2491044265501369
PRSS51,0.2491044265501369
HP,0.2491044265501369
C1RL,0.2491044265501369
SLC9A8,0.2488086868382562
STRN4,0.2476932959720018
STRN3,0.2476932959720018
STRN,0.2476932959720018
TPPP2,0.2472667331858517
TPPP,0.2472667331858517
TPPP3,0.2472667331858517
GCN1,0.2472217497276982
DYNC2LI1,0.245927593355611
CDC5L,0.2432305258161618
VPS26C,0.2416900227662174
GALK2,0.2404549109973622
SLC51A,0.2401830204033175
PANK4,0.2396711957292114
GPAA1,0.2383129025263752
EXOSC2,0.2350760454791626
DOCK11,0.2342561486409116
DOCK3,0.2342561486409116
DOCK7,0.2342561486409116
DOCK9,0.2342561486409116
DOCK10,0.2342561486409116
GAS8,0.2342170392625002
DHX8,0.2332581890440594
SP1,0.232638271138998
CFAP36,0.2321660433013206
DIS3,0.2316700696904835
DHODH,0.231515592144919
SLC35C1,0.2310318750579846
WDR82,0.2308374430608501
HACD4,0.2306660642904152
HACD3,0.2306660642904152
ATG7,0.230358414290137
PRPF18,0.2301455340921543
PCNX3,0.2296872750877065
PCNX2,0.2296872750877065
PCNX1,0.2296872750877065
MBD3L4,0.2285487994838601
MBD3,0.2285487994838601
MBD2,0.2285487994838601
MBD3L3,0.2285487994838601
MBD3L1,0.2285487994838601
MBD3L2,0.2285487994838601
MBD3L2B,0.2285487994838601
MBD3L5,0.2285487994838601
MBD1,0.2285487994838601
ATPSCKMT,0.2271790022838687
ANTKMT,0.2271790022838687
MTRF1,0.2267556112099683
MTRF1L,0.2267556112099683
DPH7,0.225772772584557
CHMP2A,0.2248720340563806
MGRN1,0.2241357842746915
RNF157,0.2241357842746915
ADCY9,0.2239183117687142
EIF4G2,0.2238164050016142
DHX35,0.2222496359627098
UPF2,0.2215852645441046
ASCL5,0.2206868216486763
ASCL1,0.2206868216486763
ASCL2,0.2206868216486763
ASCL3,0.2206868216486763
ASCL4,0.2206868216486763
TRMT1,0.2202236706973966
UMPS,0.219339174567382
LMLN,0.2189303666306575
POLR2H,0.2186294009026761
UVRAG,0.2176112973081158
PLEKHH1,0.2141056389606868
PLEKHH2,0.2141056389606868
PLRG1,0.2134036731102982
NXT1,0.2130518658254607
NXT2,0.2130518658254607
KIF2C,0.2128913843233698
KIF24,0.2128913843233698
POLR1H,0.2126480012062111
CNPPD1,0.2109083190756465
BORA,0.2107745476671168
SNRPD1,0.2099564375450354
ACTMAP,0.209393269368201
DEAF1,0.2092349273293597
OSBPL5,0.2090653688602488
CIDEB,0.2086998497086596
CIDEC,0.2086998497086596
CIDEA,0.2086998497086596
NDUFA1,0.2082156558937313
GTF2F1,0.2077152059594673
RCSD1,0.2066960500036527
WASHC2C,0.2066960500036527
WASHC2A,0.2066960500036527
RIMBP3C,0.2064302645322182
TSPOAP1,0.2064302645322182
RIMBP3,0.2064302645322182
RIMBP3B,0.2064302645322182
RIMBP2,0.2064302645322182
YAP1,0.2042236851937097
WWTR1,0.2042236851937097
LMAN1,0.2040726013199102
LMAN2,0.2040726013199102
LMAN2L,0.2040726013199102
METTL23,0.2040291284250269
APEX1,0.2036100576338521
STX12,0.2030017705811634
STX7,0.2030017705811634
RAE1,0.2029638234470686
PITHD1,0.2021201498674077
CDC27,0.201333497216323
HSPBAP1,0.1997711002962563
EEFSEC,0.199123385848323
LIG1,0.1987908431573087
SEPTIN7,0.1978907027701796
MTX1,0.1977482789758866
MTX3,0.1977482789758866
NEURL4,0.1974889638417078
ZC3H3,0.1974729261807613
TRMU,0.1968132643561637
NALCN,0.1963376562560739
SDCBP,0.1962754090189225
APBA2,0.1962754090189225
APBA3,0.1962754090189225
APBA1,0.1962754090189225
SDCBP2,0.1962754090189225
SRXN1,0.1959286914826737
AK6,0.1956026772649707
LRRC58,0.1953678364547587
STMN3,0.1947901550592986
STMN2,0.1947901550592986
STMND1,0.1947901550592986
STMN4,0.1947901550592986
STMN1,0.1947901550592986
BRAT1,0.194343565836009
TAB1,0.1942750826149316
RSPH3,0.1914128898164166
YJU2,0.1907400576888224
BRD2,0.1904957548463406
BRD3,0.1904957548463406
ZNF318,0.1890508822827215
MAPK1,0.1889253355126936
CENPE,0.1882885466774221
UBC,0.1874338364342985
DDX49,0.187081659142688
REEP3,0.1861187850127225
REEP6,0.1861187850127225
REEP2,0.1861187850127225
REEP1,0.1861187850127225
REEP4,0.1861187850127225
PI4K2A,0.1860684100729527
PI4K2B,0.1860684100729527
MAPK15,0.1855701840629313
ATP5MF,0.185377018241714
MED24,0.1850450320070476
ESPL1,0.1840432383670169
MRPL22,0.1839558869882308
RPL30,0.1838013380808826
POLR1E,0.1829472786775346
DIXDC1,0.1827252464477697
PHEX,0.1817804879545843
ADAM17,0.1813509712625134
CYC1,0.1812739429516718
TTF2,0.180779625986411
TMEM68,0.1805374133288598
DNAH6,0.179003721710702
MICU2,0.1778228270778618
MICU3,0.1778228270778618
DAZAP2,0.1763832959951514
ESPN,0.1750670182059757
ESPNL,0.1750670182059757
EIF2B4,0.1731216219483597
PNPO,0.1723369715190871
PASK,0.1721607208346788
PPIH,0.1718692685647997
TMEM231,0.170418429504797
AIMP1,0.1702577697071059
AMN,0.1702328794935369
PNRC1,0.169925153508733
PNRC2,0.169925153508733
SLC7A14,0.1697521344413047
SHC4,0.169750513445351
SEC13,0.1696906296289385
TRAPPC8,0.1685693194514644
LRRFIP1,0.1674049261729645
LRRFIP2,0.1674049261729645
SMARCD3,0.1673494353602436
SMARCD2,0.1673494353602436
ZDHHC12,0.1672784088859433
SLC30A7,0.1648973781817371
ERGIC2,0.1637635391239435
DNAJB4,0.1626331460039692
ATIC,0.1616573694662824
TTC1,0.1609756345392752
MRPS22,0.1602956750588655
ANAPC2,0.1596293066254097
AFDN,0.1594751640155197
CDC37,0.1587326473677792
CDC37L1,0.1587326473677792
TRRAP,0.1585695072929737
RRM2B,0.1576908506586901
RRM2,0.1576908506586901
TK2,0.1564538754131408
GPHN,0.1562563400388044
AFG2B,0.1532579257922147
C8orf82,0.1519910019083352
SLC17A9,0.1510154213759641
PLD4,0.1509684921615746
PLD3,0.1509684921615746
PLD5,0.1509684921615746
EEF2KMT,0.1508411680464423
FAM86B2,0.1508411680464423
FAM86B1,0.1508411680464423
TMTC3,0.150458858075244
OSBPL9,0.1502766660298322
HERC2,0.1492263007739428
HDC,0.1478680227397178
SPOCK2,0.1473663929380915
KIAA1210,0.1473663929380915
SPOCK3,0.1473663929380915
SPOCK1,0.1473663929380915
ABHD17A,0.1472661083467568
TBX18,0.1461194907187444
MRPL39,0.1444788493531725
DCTN1,0.1427554827972125
NDE1,0.1421122186599444
NDEL1,0.1421122186599444
LIG4,0.1415618322292698
CCDC93,0.1402503934870085
SPATA18,0.1399903141603756
IPO11,0.1398850650052518
PSMA5,0.1397634350791889
PSMD2,0.1392918817378449
CDR2L,0.1388595510710856
CDR2,0.1388595510710856
CYP27C1,0.1386345425502552
CYP27B1,0.1386345425502552
CYP27A1,0.1386345425502552
CYP24A1,0.1386345425502552
NAA38,0.1386231911874577
EIF5AL1,0.138097048675261
EIF5A2,0.138097048675261
EIF5A,0.138097048675261
GMCL2,0.1378833812423693
BTBD16,0.1378833812423693
C10orf120,0.1378833812423693
GMCL1,0.1378833812423693
FOXA2,0.1378252583634366
EXO1,0.1345337734099646
URM1,0.1344434957056405
UBE2J2,0.13356965796737
C15orf61,0.1304220778388056
BLTP1,0.1304061023085523
TMEM200C,0.129040701081664
CTSW,0.1283812249020007
TINAG,0.1283812249020007
RPL27A,0.1260238952604964
EXOSC6,0.1242292204570344
PRDM13,0.1214970599769872
DOCK2,0.1209957519779125
NCOA5,0.1209513847979542
OXTR,0.1201304933077298
AVPR1A,0.1201304933077298
AVPR1B,0.1201304933077298
AVPR2,0.1201304933077298
IGBP1,0.1200282735312422
IGBP1C,0.1200282735312422
PIP4K2A,0.1195976376176367
TUBGCP5,0.1179708900661943
EIF2AK4,0.1166430700734656
PAK1IP1,0.116304946210011
SOCS1,0.1161692654783254
SOCS5,0.1161692654783254
SOCS3,0.1161692654783254
SOCS2,0.1161692654783254
CISH,0.1161692654783254
SOCS4,0.1161692654783254
SOCS6,0.1161692654783254
MRPS18B,0.1154074885613298
CFAP157,0.1146644253518466
SRSF2,0.1146130223818984
SRSF8,0.1146130223818984
DNALI1,0.1137824867198614
SGSM3,0.1133716822023614
SCP2,0.1128881828602497
SCP2D1,0.1128881828602497
YOD1,0.1114575373382729
C2CD3,0.1095695553008261
GBX1,0.1088205555002162
GBX2,0.1088205555002162
CTNNAL1,0.1083094443207473
FBXL16,0.1080332245714046
DNTTIP2,0.10771359801024
UBB,0.1077098283129408
MAGEA8,0.106949200331685
MAGEA10,0.106949200331685
MAGEA2B,0.106949200331685
MAGEA9B,0.106949200331685
MAGEA2,0.106949200331685
MAGEC2,0.106949200331685
MAGEB3,0.106949200331685
NDN,0.106949200331685
MAGEB17,0.106949200331685
MAGEB10,0.106949200331685
MAGEL2,0.106949200331685
MAGEA1,0.106949200331685
MAGEB2,0.106949200331685
MAGEF1,0.106949200331685
MAGEE2,0.106949200331685
MAGEB6,0.106949200331685
MAGEA9,0.106949200331685
MAGED4B,0.106949200331685
MAGEH1,0.106949200331685
MAGEB6B,0.106949200331685
MAGEE1,0.106949200331685
MAGEB16,0.106949200331685
MAGEA12,0.106949200331685
MAGEB1,0.106949200331685
TRO,0.106949200331685
MAGEA3,0.106949200331685
MAGEA11,0.106949200331685
MAGEB5,0.106949200331685
MAGED1,0.106949200331685
MAGED2,0.106949200331685
MAGEC3,0.106949200331685
MAGEA4,0.106949200331685
MAGEB4,0.106949200331685
MAGEA6,0.106949200331685
MAGEC1,0.106949200331685
MAGED4,0.106949200331685
MAGEB18,0.106949200331685
LDAH,0.1061762223901238
WNK2,0.1056672562706338
CLCN4,0.1048854571794676
CLCN2,0.1048854571794676
CLCN5,0.1048854571794676
CLCN1,0.1048854571794676
CLCN6,0.1048854571794676
CLCN3,0.1048854571794676
TBC1D23,0.1046595507532569
OAF,0.1041280509442353
PSMD14,0.1036665989610238
BBS9,0.103559381004232
HEATR3,0.1028461778218766
RSPH4A,0.1021232882641504
RSPH6A,0.1021232882641504
ARHGAP6,0.1009953178544862
ARHGAP36,0.1009953178544862
NAA35,0.1000924976528087
TP73,0.0988583104194201
TP53,0.0988583104194201
TP63,0.0988583104194201
GIPC1,0.0976282762037011
GIPC2,0.0976282762037011
GIPC3,0.0976282762037011
FNBP1L,0.0971074448956604
TRIP10,0.0971074448956604
FNBP1,0.0971074448956604
UTP23,0.0959683204809105
SPATA2L,0.0952775391797002
SPATA2,0.0952775391797002
UPRT,0.0951933424979391
UBR5,0.0941752585746427
JADE3,0.0932527346256651
CASP8AP2,0.0928924603007437
PRADC1,0.0925110604541425
MYBPC2,0.0922347432692889
MYBPHL,0.0922347432692889
MYBPC1,0.0922347432692889
FNDC3A,0.0922347432692889
MYBPH,0.0922347432692889
MYOM2,0.0922347432692889
OBSL1,0.0922347432692889
MYOM3,0.0922347432692889
MYOM1,0.0922347432692889
FNDC3B,0.0922347432692889
SPECC1,0.0920400764975479
SPECC1L,0.0920400764975479
RPS11,0.0918273138371821
SNU13,0.0903424546481112
RPLP2,0.0881448801296442
SLC35B2,0.0871926945108366
DXO,0.0864687373739069
PUS7,0.0852683943161254
COG3,0.0849268610149828
STT3A,0.084213027596646
BOLL,0.0834750358001239
DAZ3,0.0834750358001239
DAZL,0.0834750358001239
DAZ1,0.0834750358001239
DAZ4,0.0834750358001239
DAZ2,0.0834750358001239
PAN2,0.0828758896592059
HEATR5B,0.0823982819481997
HEATR5A,0.0823982819481997
BBS1,0.0821703121548087
SH3BP5,0.0818078199605386
ALG2,0.0814556648252878
PLCXD2,0.0812500131862843
PLCXD1,0.0812500131862843
PLCXD3,0.0812500131862843
RPS17,0.0807406400462132
GRM2,0.0806133337995474
GRM3,0.0806133337995474
LINS1,0.0800840801195936
PDXDC1,0.0796318675390109
YTHDF2,0.079473141096202
YTHDF1,0.079473141096202
YTHDF3,0.079473141096202
SMG6,0.0789173661962108
CTH,0.0781558185380524
SLC25A26,0.0777891961805976
SEC16A,0.077296513085248
SEC16B,0.077296513085248
RIOK1,0.0769700083236386
ELP2,0.0710943883257999
COX6A2,0.0710077880083507
COX6A1,0.0710077880083507
HIGD1B,0.0707947323111828
HIGD1A,0.0707947323111828
WDFY3,0.0705060846745656
IQUB,0.0696446925294169
SIRT1,0.0678592898398603
STK16,0.0671667972015123
PPT2,0.0662611402027057
SMC2,0.062741933175016
TMEM39A,0.0618788439257697
TMEM39B,0.0618788439257697
CWC15,0.0617750680630478
PTBP3,0.0613076636984202
PTBP1,0.0613076636984202
PTBP2,0.0613076636984202
SUPV3L1,0.0607663774265327
TEKT2,0.0602254161140505
PUS3,0.0602091117065122
EP300,0.0591932144177237
CREBBP,0.0591932144177237
TCF25,0.0587034150411081
GPANK1,0.0578843185654623
CAMK1D,0.0572734113827441
HARS2,0.0570693103026232
HARS1,0.0570693103026232
PIGC,0.0565320178844362
MTHFD2,0.0561448456099387
GPATCH1,0.0553291681893275
SLC39A9,0.0551297748341494
CIR1,0.0545834852924124
UTF1,0.0544267397211376
MSANTD7,0.0544267397211376
NUBPL,0.0535495340217903
EXOSC4,0.0531542125296521
ZFAND2A,0.0515032414236979
ZFAND2B,0.0515032414236979
POLA2,0.0508599500197705
CDT1,0.0505648489386237
IMMP1L,0.0485475275035245
CIT,0.0477552536480796
RNPS1,0.0463560787197569
NDUFAF5,0.0462453024285318
TDG,0.0461753143089502
MTO1,0.044464917816585
IFT122,0.0426060796661574
FOXB2,0.0420095647574719
DDX51,0.0414891379047896
CWC25,0.041462076034284
POP4,0.038327757229539
PRPSAP1,0.037304555583022
PRPSAP2,0.037304555583022
RFC4,0.0372564699194048
MKS1,0.0352847365224864
FDX2,0.0332237397335368
GFM1,0.032478557696084
SETD3,0.0323295147628302
B3GNT7,0.0316727490882669
B3GALT1,0.0316727490882669
B3GNT5,0.0316727490882669
B3GALNT2,0.0316727490882669
B3GALT5,0.0316727490882669
B3GNT4,0.0316727490882669
B3GALNT1,0.0316727490882669
B3GNT8,0.0316727490882669
B3GNT9,0.0316727490882669
B3GNT2,0.0316727490882669
B3GALT2,0.0316727490882669
B3GNT3,0.0316727490882669
B3GALT9,0.0316727490882669
DDX1,0.0312434078863696
VPS13A,0.0261601222575202
VPS13C,0.0261601222575202
ARV1,0.0246032241734291
RPS19,0.0239891317327164
ZNF597,0.0239860669878859
ZNF211,0.0239860669878859
ZNF521,0.0239860669878859
ZNF462,0.0239860669878859
ZNF786,0.0239860669878859
ZNF423,0.0239860669878859
ZBTB39,0.0239860669878859
ZNF445,0.0239860669878859
CEP78,0.022731778647306
RAB3GAP2,0.0209491136143472
SLC25A29,0.0203863272459104
DARS1,0.0194958787575483
UFSP2,0.0158361134517909
CAPN9,0.0146098971139884
NDUFB5,0.0145940443207301
ZER1,0.0141998364289632
COQ4,0.0129436525884083
TRMT6,0.0128733631407089
ORC1,0.0127383528499729
JPH1,0.0126732523359656
JPH2,0.0126732523359656
JPH3,0.0126732523359656
JPH4,0.0126732523359656
BRIX1,0.0123080433497886
LRRC56,0.0116676135187558
WDR89,0.011370504317009
TRABD,0.0112328691064118
LDLRAD1,0.0110287561172202
WASHC5,0.00959849318903
MINDY3,0.0093187603893752
CFAP298,0.0085715497244893
KCTD10,0.0085697441023787
KCTD13,0.0085697441023787
TNFAIP1,0.0085697441023787
THOC7,0.0076900773520898
RRAS,0.0071643224678731
ZZZ3,0.0067765271042805
CAPZB,0.0048326787597928
CTIF,0.0044606684514109
MIF4GD,0.0044606684514109
PFDN2,0.0030966450493023
MRPS16,0.0029948939259789
TMEM185B,0.002789926798368
IFT57,0.0025512438916737
DHX38,0.0024845917903081
PPP2R5E,0.0013640725424257
PPP2R5A,0.0013640725424257
PPP2R5B,0.0013640725424257
SNAPC1,-0.0005608112960912
PDPK1,-0.000578637112777
BPHL,-0.0016151257995977
PNPT1,-0.0020279876488458
HDAC2,-0.0022243087196441
PHF10,-0.0024491110021357
ILF2,-0.0026858334961282
HLX,-0.0029375016064498
METTL18,-0.0032280261608908
ANKMY2,-0.003709054553002
B9D1,-0.0048336193059686
SNRPD3,-0.0058816235949582
MRPL38,-0.0059153864845112
SAP130,-0.0071141152704028
RNF25,-0.0079587841782048
NUBP1,-0.0086332841713514
MRPL49,-0.0088019640656396
TIMM8B,-0.012813427819061
HELZ2,-0.0129423254675379
PHF12,-0.0146500390885755
TIMM22,-0.0161715010348343
WDR37,-0.0173049302429007
QTRT2,-0.0177593102373788
CTDNEP1,-0.0191529314753424
NINL,-0.0194488976238035
NIN,-0.0194488976238035
SAMD13,-0.0202591850177108
DBF4B,-0.0204476123409935
DBF4,-0.0204476123409935
WFS1,-0.020610038148863
YJU2B,-0.0214268697527167
CAP1,-0.0223730108153424
CAP2,-0.0223730108153424
PPP3CA,-0.0229543393272601
MRPL11,-0.0237242228314138
SPTBN1,-0.0241120796799586
DIS3L2,-0.0242601301053142
TRMO,-0.024601704488222
CTDSP2,-0.0262504751338281
CTDSPL,-0.0262504751338281
CTDSP1,-0.0262504751338281
RAVER1,-0.0271488967808913
WNT6,-0.029132105897376
CCDC12,-0.0299806540321025
CCDC13,-0.0307111766773655
PRMT3,-0.0328224208720392
GINS1,-0.0328910088676013
AKAP1,-0.0336450604200031
DAG1,-0.0339963652150804
QNG1,-0.0340403961670699
XRCC5,-0.0340750162134707
ZC3H14,-0.0352926716173012
YJEFN3,-0.0353706561451039
NAXE,-0.0353706561451039
DROSHA,-0.0358505178122186
TRAPPC9,-0.0373586314381482
LTN1,-0.0376231726163786
RRP36,-0.0382365395123552
GOLT1B,-0.0383662786721217
GOLT1A,-0.0383662786721217
SAMM50,-0.0389513447444463
BCL7B,-0.0395981895595874
BUD23,-0.0409744785310708
CWF19L2,-0.0418273735958692
RNF146,-0.0418516966957642
GATA5,-0.0418826402849105
FAM107B,-0.0436190575806212
FAM107A,-0.0436190575806212
RPS18,-0.0436351588899261
FANCL,-0.0443443077983118
KANSL2,-0.0455372905604715
C2orf42,-0.0456631541425639
NPLOC4,-0.0458890323841769
RAB21,-0.0460378643988764
MRPS14,-0.0466492548488545
VCF1,-0.0468379632626761
NCBP1,-0.0496163534469312
MRPL50,-0.0508938122973581
TAF13,-0.0526504650228112
TMEM14C,-0.0534029414210099
RPL9,-0.0534350299301089
RBMX2,-0.0562631067582566
UGDH,-0.0583080977203876
MUSK,-0.0588477261331061
PPP1R2C,-0.0594240397418912
PIWIL3,-0.0598357486235468
PIWIL4,-0.0598357486235468
PIWIL1,-0.0598357486235468
MCIDAS,-0.0605568167990174
GMNN,-0.0605568167990174
GMNC,-0.0605568167990174
FAM210A,-0.0617309468465709
STX16,-0.0621695905327313
SMAD9,-0.0627308071479323
GRIN1,-0.0631757564152466
YBEY,-0.064211164257967
BRD9,-0.064211164257967
BRD7,-0.064211164257967
TMEM129,-0.0643370268801468
METAP1D,-0.0656938878152189
RFX1,-0.0661008213855223
RFX3,-0.0661008213855223
RFX2,-0.0661008213855223
ATP7B,-0.0666294284299335
MIEN1,-0.0667523884330604
OSTC,-0.0677876999711955
VPS41,-0.0678057506332201
BLOC1S2,-0.0681890654017747
OXSM,-0.0684469320337683
THUMPD1,-0.0713957224296564
HEXIM2,-0.0725847082791002
HEXIM1,-0.0725847082791002
CCT3,-0.0727155174642158
INTS14,-0.0736282309054213
POLE2,-0.0750697387618071
H3-3B,-0.0755993514173371
H3-3A,-0.0755993514173371
NOM1,-0.076147984363168
TRAPPC2L,-0.0762776786520615
AVL9,-0.0767907513970347
TMEM198,-0.0771578991685454
UTP11,-0.0779626922110215
BCAR1,-0.078000861662321
NEDD9,-0.078000861662321
CASS4,-0.078000861662321
EFS,-0.078000861662321
CCDC39,-0.0781466596973328
IFT172,-0.0793350259833854
NSUN6,-0.0794268236915609
NUP58,-0.079978802840643
NFX1,-0.0804567232784025
C1orf50,-0.0806829173915183
MOGS,-0.0833334488310379
SOCS7,-0.0837858609378933
GTF2F2,-0.0839667437354415
ZCCHC10,-0.0841085518756003
OSTM1,-0.0841847732565508
GINS2,-0.0862732309166383
HPS5,-0.086391015700171
ACSF3,-0.0869648562651833
MRPS26,-0.0878261111161642
POLR3E,-0.0891074632617124
PMPCB,-0.0916774406589756
AASDH,-0.0916997302680565
DCAF11,-0.092542755732121
NOP9,-0.0926665193608175
ARHGAP32,-0.0931337809794712
ARHGAP30,-0.0931337809794712
ARHGAP33,-0.0931337809794712
ARHGAP31,-0.0931337809794712
PET100,-0.0932486883832914
GTF2H4,-0.0933416849893133
ZNF287,-0.0966092264225943
PPP2R5C,-0.0969228032709481
PPP2R5D,-0.0969228032709481
CYRIA,-0.0984070150212312
CYRIB,-0.0984070150212312
UNC119,-0.0984728609809278
UNC119B,-0.0984728609809278
CARS2,-0.0996104950473516
MT-CYB,-0.100826354281132
MAPKAPK3,-0.1024511439793067
MAPKAPK5,-0.1024511439793067
POFUT2,-0.1027412640261286
NLE1,-0.1039467618800364
PRMT5,-0.1039678190212207
XPO1,-0.1058185451595541
DMAC2L,-0.1075450125391328
PMS2,-0.1093799718356341
ZC3H15,-0.109410343432426
BAG2,-0.1095427483181597
VPS18,-0.1104576014068751
UFL1,-0.1108979347266911
MIDN,-0.1120762463159773
ADCY3,-0.1128827930435564
STK40,-0.1132666974933242
TRIB2,-0.1132666974933242
TRIB1,-0.1132666974933242
TRIB3,-0.1132666974933242
RSPH9,-0.1140983023039608
PELO,-0.1151876623261631
CYB5R3,-0.1158731672806105
CYB5R2,-0.1158731672806105
RWDD2A,-0.1160402593171856
RWDD2B,-0.1160402593171856
SPATA6L,-0.1168624872092363
SPATA6,-0.1168624872092363
MEOX2,-0.1172051073466571
MEOX1,-0.1172051073466571
FZD4,-0.1176510575082031
SLC39A7,-0.1180622264810846
HMOX2,-0.118932088020418
HMOX1,-0.118932088020418
KAZN,-0.1189448091281617
SLC33A1,-0.1191526755997494
MFSD3,-0.1191526755997494
WDR44,-0.11940976831774
RGS10,-0.1213800998637864
EDRF1,-0.1214951218921022
MT-CO1,-0.1220536961786405
GID8,-0.1226596378890851
CD63,-0.1229707631405084
TBCC,-0.1244197987526908
RRP1,-0.1245522449316899
RRP1B,-0.1245522449316899
NUP88,-0.1254883405112452
HDAC6,-0.1255798515014048
SYMPK,-0.1262493452923244
SARS2,-0.1265572023797982
POP5,-0.1265635091124567
HRH1,-0.1273108828106727
DDA1,-0.1278022999823506
CNEP1R1,-0.1286273822812396
RUVBL1,-0.1287960716596222
XKR8,-0.1299962150945575
XKR9,-0.1299962150945575
LEPROTL1,-0.1300686049486464
LEPROT,-0.1300686049486464
SAP18,-0.1308011883417834
RPF2,-0.1308918365549467
SCAPER,-0.1309089688688895
ZFP42,-0.1349108800893509
YY2,-0.1349108800893509
MTG1,-0.1354663519683724
MPV17L2,-0.136261475712824
UST,-0.1367482319820569
MEX3C,-0.1376475327699595
MEX3A,-0.1376475327699595
DNAJC28,-0.1382672888907049
DNAJC11,-0.1393350476686978
ALS2CL,-0.1417614478988589
MORN1,-0.1417614478988589
FGFRL1,-0.1418209541769259
USE1,-0.1421275399085401
RPS15,-0.1440534759619576
TP53RK,-0.1442513085867842
SIRT2,-0.1449234720489164
TBCA,-0.1469737857320993
SUMO3,-0.1473579202974861
SUMO2,-0.1473579202974861
SUMO4,-0.1473579202974861
QARS1,-0.1490522407845215
FBXO45,-0.1502932705275566
NDUFB4,-0.1504578889212954
BZW1,-0.1515149396327847
BZW2,-0.1515149396327847
ECD,-0.1517386050050307
SLC24A5,-0.1518524109799296
SMURF2,-0.1530522198853691
DUS2,-0.1542486909278404
SAMD12,-0.1544919983640783
SAMD10,-0.1544919983640783
ACSL5,-0.1554669510083375
BCCIP,-0.1583677313278804
DESI2,-0.1593019169447876
DYNC2H1,-0.1594836127329858
SUCO,-0.1595232425365586
VPS33A,-0.1607119922792427
RPL5,-0.1617544369890101
PHF20,-0.1621104584637032
PHF20L1,-0.1621104584637032
POMP,-0.1627217430112779
MRPL40,-0.1635747429162458
NDUFA6,-0.1637730578890071
ALG6,-0.1638286290304307
UBR3,-0.1643342936367848
CDC42BPB,-0.1645373001334313
CDC42BPG,-0.1645373001334313
CDC42BPA,-0.1645373001334313
NDUFB3,-0.1659990348819813
RPL38,-0.1663747933188644
KATNB1,-0.1675468467801688
POLR2F,-0.169913955373702
LPCAT4,-0.1706470095065497
PSMD11,-0.1713668224945932
PTF1A,-0.1717779440376513
RPS6KL1,-0.1719107069595764
SF3A1,-0.1721492038557051
TIPIN,-0.1722399350676829
QTRT1,-0.172567274650485
SYAP1,-0.1728464771523608
PPIC,-0.1730363264896759
PPIL6,-0.1730363264896759
PPIB,-0.1730363264896759
PPIE,-0.1730363264896759
NKTR,-0.1730363264896759
ELP1,-0.1733027703796444
PHLDB2,-0.1733482249082413
PLEKHS1,-0.1733482249082413
GAB2,-0.1733482249082413
PHLDB1,-0.1733482249082413
GAB3,-0.1733482249082413
GAB1,-0.1733482249082413
PHLDB3,-0.1733482249082413
GAB4,-0.1733482249082413
TACC2,-0.1742726876168522
TACC3,-0.1742726876168522
TACC1,-0.1742726876168522
CFAP299,-0.1743809892645013
NDUFA2,-0.1752395018125823
ASCC2,-0.1755972403480848
PTGES3L,-0.1777796635191035
PTGES3,-0.1777796635191035
HS2ST1,-0.1788471404537591
SNRNP200,-0.1795544753163303
OXA1L,-0.1801334835813504
CLP1,-0.1804949153334045
RRAGB,-0.1807328403502867
RRAGA,-0.1807328403502867
WDR46,-0.181497548021058
PPIL1,-0.1815261809754322
RABGGTA,-0.1815346441286703
PPP1R16B,-0.1819882490357725
PPP1R16A,-0.1819882490357725
WDR74,-0.1821053248742877
H2BW1,-0.182632344982848
H2BW2,-0.182632344982848
H2BK1,-0.182632344982848
EIF4A3,-0.1830079196369374
MOCS3,-0.183030578437615
YLPM1,-0.1831388008532279
RTL9,-0.1836587325767557
MUC4,-0.1836587325767557
SUSD2,-0.1836587325767557
POLR1C,-0.1843659150815208
ARHGAP9,-0.1848894576151585
ARHGAP27,-0.1848894576151585
ARHGAP12,-0.1848894576151585
ARHGAP15,-0.1848894576151585
ROS1,-0.1860921798895646
DOP1A,-0.1862860178359169
DOP1B,-0.1862860178359169
FMC1,-0.187593884872007
C3orf38,-0.1900473708961403
BAP1,-0.1917835686068837
RUNX1T1,-0.1924173918104325
CBFA2T2,-0.1924173918104325
CBFA2T3,-0.1924173918104325
APOO,-0.1930913858982887
APOOL,-0.1930913858982887
EBF2,-0.1939790919387954
EBF3,-0.1939790919387954
EBF1,-0.1939790919387954
EBF4,-0.1939790919387954
GNB1,-0.1953209259741504
GNB2,-0.1953209259741504
GNB4,-0.1953209259741504
GNB3,-0.1953209259741504
FCHO1,-0.1962403992385996
PSTPIP2,-0.1962403992385996
SGIP1,-0.1962403992385996
DLD,-0.1970664573141148
RNF123,-0.197595203887794
ABCG5,-0.1980940786653157
CCDC97,-0.1987355478266697
U2SURP,-0.2005593526847237
FKRP,-0.2013225446935385
CEP131,-0.2016038007674705
TNFAIP8L3,-0.2024775447414307
TNFAIP8L1,-0.2024775447414307
TNFAIP8,-0.2024775447414307
TNFAIP8L2,-0.2024775447414307
NCAPD3,-0.2051838507831541
THADA,-0.2065562876600296
XAB2,-0.2077901482862517
SMC5,-0.2092835464279289
RPE,-0.2095046222758089
RPEL1,-0.2095046222758089
GORASP1,-0.2102753278376581
GORASP2,-0.2102753278376581
RECQL4,-0.2111334144239466
MT-CO3,-0.2124922097468199
TRMT44,-0.2128983533880374
ARID2,-0.2131859839626017
LYSMD1,-0.213988859393236
LYSMD3,-0.213988859393236
LYSMD2,-0.213988859393236
LYSMD4,-0.213988859393236
SLC25A31,-0.214651734979349
SFT2D2,-0.2154111822314926
SFT2D1,-0.2154111822314926
CTTNBP2NL,-0.2155871151175529
NSRP1,-0.2171341131282358
EFCAB5,-0.2171341131282358
MVD,-0.2177410056771925
WBP4,-0.217872187300743
CRYL1,-0.2183250081984292
CAMKK1,-0.2183540468330586
SLC66A2,-0.2192323134760596
YWHAE,-0.2197531273439161
RNH1,-0.2206976204279301
CARMIL2,-0.2206976204279301
CARMIL1,-0.2206976204279301
CARMIL3,-0.2206976204279301
TPBG,-0.2220741784247423
EVA1C,-0.2223373810951952
RNPC3,-0.2226142873931317
RBM41,-0.2226142873931317
ABCB6,-0.2227620954437671
CFAP45,-0.2232842060974076
ZMYND11,-0.2234436891466765
OSGEP,-0.2244537345122005
MLH1,-0.2261597028086186
C14orf119,-0.2273365966666219
STUM,-0.2276916107547774
MARS1,-0.2276953703849936
TSSK4,-0.2281904638499483
GRAMD1C,-0.2282896696070467
GRAMD2B,-0.2282896696070467
GRAMD2A,-0.2282896696070467
GRAMD1B,-0.2282896696070467
GRAMD1A,-0.2282896696070467
TTBK2,-0.2285152554621501
NPRL3,-0.2285606146157928
PFN4,-0.2289161240546793
WDR12,-0.2290739970342542
B3GAT3,-0.2303331976462608
ENO2,-0.2319128228529426
ENO3,-0.2319128228529426
ENO4,-0.2319128228529426
ENO1,-0.2319128228529426
MCM7,-0.2319550404283917
EIF2AK3,-0.2321549959844024
WEE2,-0.2321549959844024
EIF2AK1,-0.2321549959844024
WEE1,-0.2321549959844024
PDIK1L,-0.2321549959844024
EIF2AK2,-0.2321549959844024
SLBP,-0.2322827739499867
LAMTOR1,-0.2328801615828115
GPKOW,-0.2336305931277402
CDIPT,-0.2337855757149735
ARPC5L,-0.2339871349351689
ARPC5,-0.2339871349351689
SLC35B3,-0.2343681306309145
RO60,-0.2353735318318418
NELFCD,-0.2357890257164566
ABCD4,-0.2358179265063763
ABCD2,-0.2358179265063763
ABCD1,-0.2358179265063763
BLM,-0.2361504495036381
SBDS,-0.2368532530335854
HDDC3,-0.236894395720316
DUS4L,-0.2379173447952114
DCP1B,-0.2394473291920755
DCP1A,-0.2394473291920755
TTC8,-0.2407927959422809
DHX36,-0.2410830820782393
RAI2,-0.241108345725451
SOBP,-0.241108345725451
SETD4,-0.2427136797446966
TRAPPC2,-0.2431171974571544
THOC2,-0.2433519598748786
NOCT,-0.2434633171314692
CKAP5,-0.2437113358035665
KIF23,-0.2444334268084249
DTYMK,-0.2464715742343146
CMPK2,-0.2464715742343146
MYO7A,-0.2470717242130143
PRICKLE3,-0.2474943093680904
PRICKLE2,-0.2474943093680904
NAA80,-0.2476726554950951
DRG2,-0.2492541247001366
MT-ND1,-0.2496484171413237
ING3,-0.2527215789461084
SPO11,-0.2536882276441968
DMXL1,-0.2545859865277103
DMXL2,-0.2545859865277103
GLMN,-0.2549470128502468
DERL3,-0.2550754003492038
DERL2,-0.2550754003492038
MFSD11,-0.2566489688087446
ACSS3,-0.2574837311220929
BHLHA15,-0.2591333937681477
RPIA,-0.2620219842933717
ATG5,-0.2647114819876917
SLC35E1,-0.2647121239208163
PSEN1,-0.2651277377608332
PSEN2,-0.2651277377608332
FAM114A1,-0.2656947207372715
FAM114A2,-0.2656947207372715
MIB2,-0.2663395020693039
ERH,-0.2676559355251892
RRBP1,-0.2676630150077598
DNAJC8,-0.2684934592934316
GLUD1,-0.2692836175013405
GLUD2,-0.2692836175013405
MECR,-0.2693922395853012
U2AF2,-0.2701832970457828
CEBPZ,-0.2703376917683676
MALSU1,-0.2706023961845737
NVL,-0.2709923536084158
DHX16,-0.2712558781156984
ZRSR2,-0.2722612982784589
CLIP1,-0.2746541789742652
HCCS,-0.2750884272448507
MGMT,-0.2761283899138938
CSTF1,-0.2777472665530668
ASF1A,-0.2782056544861202
ASF1B,-0.2782056544861202
POMT1,-0.278301673020057
GTDC1,-0.2789195457682903
TBRG1,-0.2793337551432313
RFC2,-0.2793813050879137
COA5,-0.2799720211338557
TRAF6,-0.2799720481632459
RCE1,-0.2808047627861679
PIAS4,-0.2817462338547025
PIAS1,-0.2817462338547025
PIAS2,-0.2817462338547025
PIAS3,-0.2817462338547025
RTTN,-0.2822764002184378
PHF1,-0.2828310082751699
PHF19,-0.2828310082751699
MTF2,-0.2828310082751699
FANCI,-0.2837603603618441
B4GALT7,-0.2843609975064782
MAPDA,-0.2848481606561059
MCM5,-0.2860744165005673
TMEM26,-0.2873539649633791
TOMM70,-0.2875534022811713
RANBP1,-0.2879266697721453
ZNF613,-0.2895076187335398
ZNF564,-0.2895076187335398
ZNF382,-0.2895076187335398
IKZF3,-0.2895076187335398
ZNF821,-0.2895076187335398
IKZF1,-0.2895076187335398
ZNF639,-0.2895076187335398
IKZF2,-0.2895076187335398
ZNF649,-0.2895076187335398
ZNF567,-0.2895076187335398
ZNF350,-0.2895076187335398
IKZF4,-0.2895076187335398
PRKAR1B,-0.2898761374875374
CSRNP2,-0.2909721567156407
CSRNP1,-0.2909721567156407
CSRNP3,-0.2909721567156407
ISL1,-0.2913354343390923
ISL2,-0.2913354343390923
CRNKL1,-0.2925757593420501
ARHGAP23,-0.2934491745149478
ACTR10,-0.2939180180255794
NDUFAF7,-0.2945333480286602
BCORL1,-0.2958875786932974
BCOR,-0.2958875786932974
DHDDS,-0.2964670280558607
PABIR1,-0.2967242901683912
PABIR2,-0.2967242901683912
PABIR3,-0.2967242901683912
RMC1,-0.2978133013700539
PIGV,-0.2983732773372896
STUB1,-0.2985891745668881
MFSD14A,-0.2998689327352375
MFSD14B,-0.2998689327352375
MRPL58,-0.2998870202382773
GUCY1B1,-0.3010429861730321
VASP,-0.3014430962803435
TTC27,-0.3019161679070911
RAB23,-0.3030121354563878
USP21,-0.3035347324555038
GABBR2,-0.3037155636409162
GPR156,-0.3037155636409162
GOLPH3,-0.3039365509292138
GOLPH3L,-0.3039365509292138
PEPD,-0.3054092539209446
CFAP410,-0.306030235452654
MRPL2,-0.3062458422901731
KLHL18,-0.3066368083674777
TBC1D31,-0.3068873448516303
UBE2S,-0.3074854465075246
AAAS,-0.3089853055706901
WDR4,-0.3103341159529068
NOA1,-0.3106435908587002
GNL3,-0.3106435908587002
GNL3L,-0.3106435908587002
HSFX2,-0.3146595366511814
HSF2,-0.3146595366511814
HSF4,-0.3146595366511814
HSF1,-0.3146595366511814
HSFX1,-0.3146595366511814
HSFX3,-0.3146595366511814
HSFX4,-0.3146595366511814
HSFY1,-0.3146595366511814
HSFY2,-0.3146595366511814
HSF5,-0.3146595366511814
TEAD1,-0.3153525747129136
TEAD3,-0.3153525747129136
TEAD2,-0.3153525747129136
TEAD4,-0.3153525747129136
SON,-0.315403454022908
DNAJC22,-0.3156614914757726
C1orf131,-0.3172984129663502
VPS36,-0.3176195202548368
AK3,-0.3177630287585516
NR5A2,-0.3180055905877496
NR5A1,-0.3180055905877496
LARP1,-0.3180156043703426
LARP4,-0.3180156043703426
GUCD1,-0.3195273736430002
SFT2D3,-0.3200242865636023
LPCAT3,-0.3204913297168484
STING1,-0.3211893125752327
MRPS23,-0.3225417152826971
PSMD5,-0.3226275580853929
AP3S2,-0.3226444614588913
AP3S1,-0.3226444614588913
VAX2,-0.3230708493257819
SMIM8,-0.3230898108440562
SNX21,-0.3232282191570623
SNX20,-0.3232282191570623
FAM20B,-0.3238824447060687
MRPS11,-0.3240530403641258
HAUS6,-0.3250504803490606
DET1,-0.3258733330356698
ZCCHC8,-0.3270933287344905
KLHDC1,-0.3273249389721196
HCFC2,-0.3273249389721196
KLHDC9,-0.3273249389721196
ZRANB2,-0.3275013314354974
TMEM132E,-0.3275688473844304
TMEM132A,-0.3275688473844304
TMEM132B,-0.3275688473844304
TMEM132C,-0.3275688473844304
TMEM132D,-0.3275688473844304
KPNA5,-0.3288766212260872
KPNA1,-0.3288766212260872
KPNA6,-0.3288766212260872
NUP85,-0.3290378113850697
MAN2A1,-0.3329232296070322
MAN2A2,-0.3329232296070322
DNAI2,-0.3329769559691939
ABI3,-0.333157604656124
PHAX,-0.3342621382859035
ARPC2,-0.3345180572133533
GABPB2,-0.3360503759602816
GLE1,-0.3373500775703805
C7orf25,-0.3374674398708236
RTF2,-0.3376512674035327
SF3B5,-0.3387076396198815
NAGLU,-0.3391120537456004
ABCF3,-0.3394461783955071
HELZ,-0.3395406938766211
PTGES,-0.339670664738784
MGST1,-0.339670664738784
CBX3,-0.3416966753494012
RAD54L,-0.3427336812150593
XRCC6,-0.3444518475547837
PDCD10,-0.3445025335465241
UQCRQ,-0.3447178467208323
TMEM18,-0.3449124872775251
ERAL1,-0.3449975775267551
PLA2G12B,-0.3450626595915988
PLA2G12A,-0.3450626595915988
RABGEF1,-0.345752100214653
AGGF1,-0.3469357075089373
NUP155,-0.3474473721874388
DPAGT1,-0.3479253638896948
TMEM169,-0.348183341247148
GOLGA4,-0.3485498249949202
SF3B1,-0.3485691041059709
ERICH2,-0.3493295768566004
TMEM134,-0.3510126453058215
WDR83,-0.3515915786828795
POLR2K,-0.3520513524149425
TSPO,-0.3520708380519177
TSPO2,-0.3520708380519177
ATXN7L3B,-0.3526016792082675
ZNHIT2,-0.3545719175995464
MOCS1,-0.3557359324187622
EMG1,-0.3562305691064722
TEX261,-0.3582068813535706
POLR2I,-0.3588579123804882
COA1,-0.359047221276463
EMC4,-0.359794130450377
RAPSN,-0.3602236386152212
TECPR2,-0.3624136971490627
SEL1L,-0.3640190723923929
CRBN,-0.3643177724011349
SARDH,-0.364383084276689
EPG5,-0.3656460112918117
INPP5B,-0.3671723174411834
MBLAC1,-0.3682972757236968
SMO,-0.3684531834125887
SLC38A11,-0.3686479673962552
CIAO3,-0.3717282315629734
NARF,-0.3717282315629734
SCYL3,-0.3720065249754088
RPAIN,-0.3722022740709437
PPOX,-0.3727592308296253
ARL5B,-0.373264908165002
ERGIC3,-0.3743112665500633
UBASH3B,-0.3745299653410015
UBASH3A,-0.3745299653410015
RTCB,-0.3746301469809446
MSGN1,-0.3747602731433177
MESP1,-0.3747602731433177
MESP2,-0.3747602731433177
TLNRD1,-0.3749769183862491
TLN2,-0.3749769183862491
TLN1,-0.3749769183862491
BRAP,-0.3760994266998247
GPR155,-0.3764718995067637
PLP1,-0.3768289695803283
GPM6B,-0.3768289695803283
GPM6A,-0.3768289695803283
TMEM67,-0.3769041976594389
DSCC1,-0.3796283531498994
RBM18,-0.3803034707457811
APLF,-0.3803619122845195
MBTPS1,-0.3807391496563179
TMEM230,-0.3816004385451202
EXOC2,-0.3839407196837359
PSMC1,-0.384543178094181
SPTSSA,-0.3851259557966556
SPTSSB,-0.3851259557966556
MSTO1,-0.3853369404567865
PLPBP,-0.3856571910341542
SNRPB,-0.3858490675968234
HBQ1,-0.3867759948083984
CYGB,-0.3867759948083984
HBB,-0.3867759948083984
HBE1,-0.3867759948083984
HBZ,-0.3867759948083984
HBD,-0.3867759948083984
HBA1,-0.3867759948083984
HBM,-0.3867759948083984
MB,-0.3867759948083984
HBG2,-0.3867759948083984
HBG1,-0.3867759948083984
HBA2,-0.3867759948083984
FUT10,-0.3870716161091265
SDR39U1,-0.3872183008044386
RNGTT,-0.388770236120131
MGAT3,-0.3888853439492323
TAGAP,-0.3890424029401618
ARHGAP20,-0.3890424029401618
PAH,-0.3904586037851857
CERS5,-0.3908804996863475
CERS6,-0.3908804996863475
CERS2,-0.3908804996863475
CERS4,-0.3908804996863475
CERS3,-0.3908804996863475
ANKRD45,-0.3931453406697482
TNKS2,-0.3931453406697482
TNKS,-0.3931453406697482
CUL3,-0.3932086321011885
TRAPPC13,-0.3932923947370449
RBBP7,-0.3943423894365197
ANKRD13C,-0.3956913284704958
QRSL1,-0.3964671627033151
NELFB,-0.3979184183215857
ZNF236,-0.3985267791369463
HPGDS,-0.3989072912946285
TASP1,-0.3999061943981643
MCAT,-0.3999953142928826
NTAN1,-0.4000483640830387
HBS1L,-0.4005057892278469
BTAF1,-0.4007900981764647
RABIF,-0.401205130754539
SPTBN5,-0.4015158270992682
ATG13,-0.4025143043652613
PATJ,-0.403145872760064
NDUFS6,-0.4036300205100165
DNAAF2,-0.4040297536358733
CLK2,-0.4063290989645926
EID3,-0.4065900490454537
ING5,-0.4077940751053698
ANKRD50,-0.4084665786982386
IDI1,-0.4084750512119283
IDI2,-0.4084750512119283
METTL14,-0.4085861893375449
SAXO1,-0.4091488743510206
SAXO2,-0.4091488743510206
BLMH,-0.4095120733073571
RAB5IF,-0.4100628122181184
VAMP7,-0.4106855572398235
ATP6V1G2,-0.4107372419492735
HSCB,-0.4111843404474495
MOB4,-0.4115156144424696
ANAPC7,-0.4120716609576627
POLH,-0.4128983479531843
UFD1,-0.4130394101123735
EMC9,-0.4138352656449718
EMC8,-0.4138352656449718
CNOT3,-0.4147488848964472
EXOSC3,-0.4154192033215435
FICD,-0.4158208929475066
TIMM9,-0.4169331272757023
URI1,-0.4181657668294344
CC2D2A,-0.4210037010664302
CC2D2B,-0.4210037010664302
CEP76,-0.4210037010664302
LYPLA1,-0.4214006287112087
CSNK1G1,-0.4217708086464632
VRK1,-0.4217708086464632
CSNK1A1L,-0.4217708086464632
VRK2,-0.4217708086464632
VRK3,-0.4217708086464632
TTBK1,-0.4217708086464632
LIME1,-0.4221205543182758
ZGPAT,-0.4221205543182758
SPAST,-0.4221252131967434
HEMK1,-0.4229521055154049
NDUFAB1,-0.4234349240102384
LIN28A,-0.4250388883385073
YBX1,-0.4250388883385073
LIN28B,-0.4250388883385073
RCL1,-0.4254246886856545
TBL1XR1,-0.425443177305653
TBL1X,-0.425443177305653
TBL1Y,-0.425443177305653
RUSF1,-0.4277244651544619
IPO9,-0.4281561436157653
PPP6C,-0.4282780972390701
AMMECR1,-0.428666802056113
AMMECR1L,-0.428666802056113
RIF1,-0.4298831455365767
GCDH,-0.4310041088663649
COA6,-0.4315824435780923
UFM1,-0.4323775148050026
CAB39L,-0.4338046014663535
CAB39,-0.4338046014663535
ULK3,-0.4339782561978438
PATL1,-0.4345384176787709
PATL2,-0.4345384176787709
PRPF40B,-0.4348112054991431
PRPF40A,-0.4348112054991431
ZC3H12B,-0.4348553813428438
ZC3H12A,-0.4348553813428438
KHNYN,-0.4348553813428438
N4BP1,-0.4348553813428438
ZC3H12D,-0.4348553813428438
NYNRIN,-0.4348553813428438
ZC3H12C,-0.4348553813428438
ORC6,-0.4355738484473582
DUS1L,-0.4361692577117274
DUS3L,-0.4367167604058197
ANKRD49,-0.4380796400092021
EXD3,-0.4385512448906909
EMB,-0.438941967091121
BSG,-0.438941967091121
VSTM2L,-0.438941967091121
NPTN,-0.438941967091121
CNIH4,-0.4405269914660955
GRPR,-0.441396017613628
EDNRB,-0.441396017613628
EDNRA,-0.441396017613628
BRS3,-0.441396017613628
NMBR,-0.441396017613628
RFC3,-0.4419828155493468
CPEB2,-0.4419958504225454
CPEB4,-0.4419958504225454
CPEB3,-0.4419958504225454
HSBP1L1,-0.4420738888353315
HSBP1,-0.4420738888353315
LRRC53,-0.4422416705311491
EIF5,-0.4423720195154003
KLF16,-0.4427019263533787
SP9,-0.4427019263533787
SP8,-0.4427019263533787
SP6,-0.4427019263533787
SP7,-0.4427019263533787
KLF6,-0.4427019263533787
KLF13,-0.4427019263533787
KLF3,-0.4427019263533787
KLF1,-0.4427019263533787
KLF4,-0.4427019263533787
KLF7,-0.4427019263533787
KLF9,-0.4427019263533787
KLF8,-0.4427019263533787
KLF12,-0.4427019263533787
ZDHHC16,-0.444123231308626
SRM,-0.4457825781014194
VPS53,-0.4481115317288162
PRKX,-0.4501802416190253
DCTD,-0.450446033792139
TRMT61A,-0.4509780840219953
TATDN1,-0.4510495575961016
PDE4B,-0.451654330143833
MTERF1,-0.45180359224676
MTERF2,-0.45180359224676
WDR6,-0.452326371045837
PRKRIP1,-0.4550480642201437
NFYB,-0.4563719816363558
FAM47E,-0.4563719816363558
APP,-0.4584610362252609
APLP2,-0.4584610362252609
APLP1,-0.4584610362252609
NUP188,-0.460154564235779
GLUL,-0.4601596561980934
MGAT1,-0.4603732337331109
UROS,-0.4611901186486882
SIRT6,-0.4620190297662265
GPHA2,-0.4641848967954866
MRPS33,-0.4666148021197757
BLVRA,-0.4682198775162936
GFOD2,-0.4682198775162936
GFOD1,-0.4682198775162936
CCP110,-0.4696673259209827
DNAJC19,-0.4714753644159857
DNAJC15,-0.4714753644159857
WDR19,-0.4718147756724176
CT45A9,-0.4718795081466126
CT45A3,-0.4718795081466126
INTS6,-0.4718795081466126
CT45A6,-0.4718795081466126
CT45A8,-0.4718795081466126
INTS6L,-0.4718795081466126
CT45A1,-0.4718795081466126
CT45A5,-0.4718795081466126
CT45A10,-0.4718795081466126
CT45A2,-0.4718795081466126
SAGE1,-0.4718795081466126
CT45A7,-0.4718795081466126
DNAJB9,-0.4725944454401866
ENDOU,-0.4735123812504392
SPAG7,-0.4736884171740691
ACO2,-0.4748509098448109
RNF31,-0.4754070723603125
ADAT2,-0.4763391699228408
WWC1,-0.4769032761773905
WWC3,-0.4769032761773905
WWC2,-0.4769032761773905
SMPD4,-0.4776294322850463
BLVRB,-0.4784477358951487
PTPN2,-0.4810715872070862
SUCLG2,-0.4813945543476397
TPO,-0.4829552283722709
DRAM2,-0.4830851355345694
DRAM1,-0.4830851355345694
ZMAT5,-0.4831413232955511
MMS19,-0.4858566247698027
CDC23,-0.4859694120396079
IDE,-0.486671400675966
UCK2,-0.4870818479791107
UCK1,-0.4870818479791107
FRG1,-0.4872393139937246
FECH,-0.4878287599684127
SOX2,-0.4894318786236565
SOX17,-0.4894318786236565
SOX30,-0.4894318786236565
CFAP65,-0.4894318786236565
RASA1,-0.4894659081121186
LSM8,-0.490748600497334
CEPT1,-0.4917129276176931
CHPT1,-0.4917129276176931
CUL2,-0.4918295116819983
AHSA1,-0.4945436465001367
TBC1D25,-0.4953262811025161
BAG5,-0.4960897779997842
BAG4,-0.4960897779997842
BAG3,-0.4960897779997842
DYNLL1,-0.4962557109004008
DYNLL2,-0.4962557109004008
VPS50,-0.4962728108615998
MVB12A,-0.4970443315550847
NIF3L1,-0.4971003400733384
PHOSPHO1,-0.4975573428307878
PHOSPHO2,-0.4975573428307878
DNAL4,-0.4997853478232277
PSMA3,-0.5000436583812703
BPNT1,-0.5002596259498268
SYT12,-0.500509512842537
B3GALT4,-0.5018197482731156
BMPR1B,-0.5019791589595073
HINT3,-0.5019901469120954
TIMM23B,-0.5024989445306464
TIMM23,-0.5024989445306464
SMARCB1,-0.5026844906174748
ALG12,-0.5030736133469189
SPG7,-0.503843549866557
TMEM65,-0.5063608538908961
C22orf23,-0.5066884147890092
GRK4,-0.5067566426257365
GRK6,-0.5067566426257365
GRK1,-0.5067566426257365
GFUS,-0.5067761640835106
ENOPH1,-0.5071708376696795
INPPL1,-0.507493866789006
TIMM21,-0.5083365867840546
POLR3H,-0.5088425134529169
ORC4,-0.5102212708830365
YAF2,-0.510484953423944
RYBP,-0.510484953423944
TFCP2,-0.5115449549071469
GRHL1,-0.5115449549071469
GRHL3,-0.5115449549071469
TFCP2L1,-0.5115449549071469
GRHL2,-0.5115449549071469
UBP1,-0.5115449549071469
PPWD1,-0.5133447255192806
MRPL3,-0.5138141332792064
MAP3K12,-0.5141737835233677
PMVK,-0.5150458339541059
DPM3,-0.5170040466135619
CNIH1,-0.5170498617312678
CNIH3,-0.5170498617312678
CNIH2,-0.5170498617312678
EFTUD2,-0.5173876303099584
AMDHD2,-0.5176489861094925
ACACB,-0.5189521512342844
KIF12,-0.5194409860346682
VIRMA,-0.5200422185670325
POLR2J2,-0.520632056720343
POLR2J3,-0.520632056720343
POLR2J,-0.520632056720343
PFKFB1,-0.5214628332387939
PFKFB4,-0.5214628332387939
PFKFB3,-0.5214628332387939
PFKFB2,-0.5214628332387939
CCDC28A,-0.5215899197017579
CCDC28B,-0.5215899197017579
ZNF485,-0.52278825490424
ZNF648,-0.52278825490424
ZFP62,-0.52278825490424
ZNF664,-0.52278825490424
ZNF721,-0.52278825490424
ZNF808,-0.52278825490424
SERINC1,-0.5230195588805727
SERINC2,-0.5230195588805727
SERINC3,-0.5230195588805727
TP53I13,-0.5243652876564957
TBC1D7,-0.5247709338034772
ZFHX2,-0.525493439310154
MED27,-0.5258903549712874
PARG,-0.5260528833897132
TLCD3B,-0.5275583918814918
TLCD3A,-0.5275583918814918
VAX1,-0.5283484793453642
AMD1,-0.52911461934215
ZDHHC17,-0.5312018142814993
ZDHHC13,-0.5312018142814993
CFAP58,-0.5315697849086767
ASS1,-0.5330437192128598
NONO,-0.5339338963060791
RBM15B,-0.5339338963060791
RBM15,-0.5339338963060791
SFPQ,-0.5339338963060791
RAVER2,-0.5339338963060791
LIMD2,-0.534258015805329
PRICKLE1,-0.534258015805329
LMCD1,-0.534258015805329
TES,-0.534258015805329
STOML2,-0.5346808673160803
FRS2,-0.5351646383926267
DOK1,-0.5351646383926267
DOK6,-0.5351646383926267
FRS3,-0.5351646383926267
DOK2,-0.5351646383926267
DOK5,-0.5351646383926267
DOK3,-0.5351646383926267
DOK4,-0.5351646383926267
PAF1,-0.5362556879046912
PAFAH1B3,-0.5364635249494675
ICE1,-0.5364635249494675
PAFAH1B2,-0.5364635249494675
ABHD13,-0.5386365674296691
SNX5,-0.5388973156826998
SNX2,-0.5388973156826998
SNX11,-0.5388973156826998
SNX33,-0.5388973156826998
HIP1,-0.5413811744098924
HIP1R,-0.5413811744098924
PSD,-0.5417035614308063
MAP2K2,-0.5423101690022287
MAP2K1,-0.5423101690022287
DYNLT1,-0.5431810926654699
KLF17,-0.5440099111915812
NR6A1,-0.5442403327251093
ARFIP2,-0.5488198106441339
ARFIP1,-0.5488198106441339
BOP1,-0.550875098735269
SRRD,-0.5517738601264028
TSNARE1,-0.5519458848288459
TAF8,-0.5524577324920954
NUP107,-0.5530545392525726
MAU2,-0.5531698082327127
GATB,-0.5534170726524583
NFIC,-0.553848271764019
NFIB,-0.553848271764019
NFIA,-0.553848271764019
NFIX,-0.553848271764019
NAE1,-0.5541128152371673
MESD,-0.5546550048073333
HTR7,-0.5552969840261639
WDR18,-0.5555805143846653
HDAC11,-0.5567628090299079
NUDT21,-0.5568931965547514
GGNBP2,-0.5572556790887381
CCT4,-0.5577100209764857
TMEM267,-0.5605540095175694
GALNT2,-0.5606450977374976
CECR2,-0.5607897066402577
KAT2B,-0.5607897066402577
BRDT,-0.5607897066402577
BAZ2A,-0.5607897066402577
BAZ1A,-0.5607897066402577
BRD4,-0.5607897066402577
KAT2A,-0.5607897066402577
DRG1,-0.5632353744613579
RCAN1,-0.5644033762249504
RCAN3,-0.5644033762249504
RCAN2,-0.5644033762249504
SNX17,-0.5645463523050409
APH1B,-0.5650446969406081
APH1A,-0.5650446969406081
LARP1B,-0.5654522539214305
LARP4B,-0.5654522539214305
LARP6,-0.5654522539214305
SF3A3,-0.565533151114915
RASSF1,-0.5659240595116123
RASSF3,-0.5659240595116123
RASSF4,-0.5659240595116123
RASSF5,-0.5659240595116123
RASSF2,-0.5659240595116123
RASSF6,-0.5659240595116123
NDUFS1,-0.5662722991159787
SLC35A5,-0.56637509642457
RAP2C,-0.5670403644151848
SDF4,-0.567568443240211
TSC22D4,-0.5696233391482785
TSC22D3,-0.5696233391482785
TSC22D1,-0.5696233391482785
TSC22D2,-0.5696233391482785
DCTN6,-0.5731155566752473
ZC2HC1B,-0.5743753986672362
ZNF474,-0.5743753986672362
ZNF475,-0.5743753986672362
NRDE2,-0.5749032915657052
TRIT1,-0.575375603269255
FBXL4,-0.5754107410939074
EPPIN,-0.575414891893214
SPINT4,-0.575414891893214
WFDC6,-0.575414891893214
SPINT1,-0.575414891893214
LRP11,-0.575414891893214
TFPI2,-0.575414891893214
AMBP,-0.575414891893214
WFDC8,-0.575414891893214
KIAA0319,-0.575414891893214
WFIKKN2,-0.575414891893214
SPINT2,-0.575414891893214
WFIKKN1,-0.575414891893214
KIAA0319L,-0.575414891893214
TFPI,-0.575414891893214
LZTR1,-0.5754976381375431
SLC29A3,-0.5769411022311901
SLC29A1,-0.5769411022311901
SLC29A2,-0.5769411022311901
VAC14,-0.5784956012470178
PYCARD,-0.5813414316940811
CASP12,-0.5813414316940811
CASP4,-0.5813414316940811
CASP1,-0.5813414316940811
CASP2,-0.5813414316940811
CASP8,-0.5813414316940811
CASP5,-0.5813414316940811
CASP14,-0.5813414316940811
CASP9,-0.5813414316940811
CARD16,-0.5813414316940811
PYDC1,-0.5813414316940811
CASP6,-0.5813414316940811
CFLAR,-0.5813414316940811
CARD18,-0.5813414316940811
GLTP,-0.5813670070075291
PLEKHA8,-0.5813670070075291
PLEKHA3,-0.5813670070075291
GLTPD2,-0.5813670070075291
CPTP,-0.5813670070075291
NIT1,-0.5814803042958433
CERT1,-0.5815172905401138
TM2D1,-0.5823344831237378
SLC30A8,-0.582369240483841
NR2F1,-0.5827620445157919
AFG2A,-0.5840826305604722
ACBD3,-0.5845566181640942
TMED8,-0.5845566181640942
SMG9,-0.5855337878038489
EBAG9,-0.5857019040125834
RPUSD2,-0.5861663828065138
RNASET2,-0.5863569092052583
MTTP,-0.5874898463694206
FUZ,-0.5877870581357477
ERP44,-0.588150213853477
IFT56,-0.5888633455933342
SDF2L1,-0.589480012194483
PTRHD1,-0.5906676031275869
ERCC1,-0.5910993611347105
HRAS,-0.5927900788839799
PPFIBP1,-0.5936765495863918
PPFIBP2,-0.5936765495863918
GNPAT,-0.5945690691154698
HIGD1C,-0.5953922621690021
GOLGA5,-0.5954534834273411
BORCS6,-0.596512914523865
EXOSC1,-0.5965899231621313
ZNHIT3,-0.5972607258956026
METTL3,-0.5984333585103438
MRPS2,-0.5986721954211293
BIN3,-0.5986811503990166
MANBAL,-0.6001077279984627
MED18,-0.6011626000762179
ARMH3,-0.6018660655854936
VDAC2,-0.6026360093863834
VDAC1,-0.6026360093863834
VDAC3,-0.6026360093863834
TAF1,-0.6026726325481165
TAF1L,-0.6026726325481165
TMEM183A,-0.6035077033030014
ASTL,-0.6036169608610014
SPPL3,-0.605158882587702
PRPF4,-0.6054774092068936
WFDC3,-0.606280254269653
WFDC10B,-0.606280254269653
WFDC10A,-0.606280254269653
WFDC11,-0.606280254269653
WFDC9,-0.606280254269653
WFDC13,-0.606280254269653
WFDC12,-0.606280254269653
WFDC5,-0.606280254269653
SLPI,-0.606280254269653
PI3,-0.606280254269653
HYCC2,-0.6069545850807244
HYCC1,-0.6069545850807244
JADE2,-0.6078098576444348
BRPF1,-0.6078098576444348
MLLT10,-0.6078098576444348
BRPF3,-0.6078098576444348
BRD1,-0.6078098576444348
ATG16L1,-0.6080734402521946
ATG16L2,-0.6080734402521946
PDZD8,-0.6081164504218849
NOP14,-0.6122729942029981
TMEM43,-0.6123480789190401
TIPRL,-0.6134126964671651
TFIP11,-0.6153365851276302
TUBG1,-0.6153904860023535
UBXN1,-0.61653290548056
SCOC,-0.6171566979136993
ZNFX1,-0.6175830824196666
RPAP2,-0.6181865575013387
TENT4B,-0.6201253918099306
TENT4A,-0.6201253918099306
DAP3,-0.6202156100515733
ATP2A1,-0.6204493667196803
ATP7A,-0.6204493667196803
ATP2C2,-0.6204493667196803
ATP2B2,-0.6204493667196803
ATP2B1,-0.6204493667196803
ATP4A,-0.6204493667196803
ATP13A4,-0.6204493667196803
ATP1A3,-0.6204493667196803
ATP1A2,-0.6204493667196803
ATP1A4,-0.6204493667196803
ATP13A5,-0.6204493667196803
ATP2C1,-0.6204493667196803
ATP13A2,-0.6204493667196803
ATP13A3,-0.6204493667196803
ATP2A2,-0.6204493667196803
ATP12A,-0.6204493667196803
ATP2B3,-0.6204493667196803
WNT1,-0.6204525825432015
HECA,-0.6209219449714208
ABHD18,-0.620940724053223
SMPDL3B,-0.6211125798830156
REXO2,-0.6214582875205381
XPNPEP1,-0.6218895219332572
POLR3D,-0.6224765666068537
VPS35,-0.6245005040414427
DDX20,-0.626369820050473
PDCL2,-0.6264216481535707
PDC,-0.6264216481535707
PDCL,-0.6264216481535707
PGPEP1L,-0.6265214292795123
PGPEP1,-0.6265214292795123
CYTH1,-0.626535916109229
MEAK7,-0.627213255464368
NDUFS4,-0.6272394677987985
MYRFL,-0.6284671104077456
MYRF,-0.6284671104077456
CWC27,-0.6285523459376289
ATP6V0B,-0.6286572828584193
MTERF3,-0.6289582408226915
DDX28,-0.6296474742703945
FRRS1L,-0.6311764321516075
REELD1,-0.6311764321516075
FRRS1,-0.6311764321516075
SPRED2,-0.6312345069171865
ENAH,-0.6312345069171865
SPRED1,-0.6312345069171865
EVL,-0.6312345069171865
SPRED3,-0.6312345069171865
NAA25,-0.6325209083960215
SMIM14,-0.6333870049913783
EHD3,-0.6335783617427001
EHD2,-0.6335783617427001
ITSN1,-0.6335783617427001
REPS1,-0.6335783617427001
EPS15,-0.6335783617427001
ITSN2,-0.6335783617427001
CTSD,-0.6341020207728583
FAM91A1,-0.6342304547096039
RINT1,-0.6344377560530007
C2orf66,-0.635500032770216
PGAP1,-0.635500032770216
PSMG2,-0.6370536222640171
SLC35B1,-0.6373408131587277
ACTR6,-0.6375627414800177
CCDC174,-0.6381177240695611
PHF5A,-0.6386396012602422
PPARGC1B,-0.6395263639005204
PPARGC1A,-0.6395263639005204
PPRC1,-0.6395263639005204
NCDN,-0.6396545061355197
UBE2K,-0.6400894773752195
NDUFB11,-0.6409038878647808
LONP1,-0.6409357203666705
GDI1,-0.6420367804144615
GDI2,-0.6420367804144615
BTBD17,-0.6422644609801859
TUBGCP2,-0.6428847321102005
PUS10,-0.6429384104427264
CEP104,-0.6435196378694099
ADO,-0.643523251208386
RTEL1,-0.6440988621909934
NEXMIF,-0.6442967423307624
KLC1,-0.6449328200993678
PPP4C,-0.6457488632531142
SNTB2,-0.6465147970770291
SNTA1,-0.6465147970770291
SNTB1,-0.6465147970770291
DDC,-0.6468161512775488
LHFPL4,-0.648674311079717
LHFPL3,-0.648674311079717
LHFPL5,-0.648674311079717
SAMD4B,-0.6488680605790121
SAMD4A,-0.6488680605790121
SLC26A5,-0.6497518038593182
SLC26A3,-0.6497518038593182
SLC26A4,-0.6497518038593182
SLC26A6,-0.6497518038593182
SLC26A7,-0.6497518038593182
LEMD3,-0.6501402507289167
LEMD2,-0.6501402507289167
CZIB,-0.6502230005660854
SPTAN1,-0.651388168011558
ZBTB40,-0.6547450823788363
CLTA,-0.6554777752488204
CLTB,-0.6554777752488204
DPEP3,-0.6569553646305297
DPEP1,-0.6569553646305297
DPEP2,-0.6569553646305297
BDP1,-0.6570414974514481
USP46,-0.6571392991617983
USP12,-0.6571392991617983
NSUN4,-0.6572412137172239
OVOL2,-0.6576023079975964
ZNF576,-0.6576023079975964
ZSCAN18,-0.6576023079975964
ZNF770,-0.6576023079975964
PLAGL2,-0.6576023079975964
ZSCAN5A,-0.6576023079975964
ZNF496,-0.6576023079975964
ZNF131,-0.6576023079975964
PEG3,-0.6576023079975964
ZNF274,-0.6576023079975964
ZNF18,-0.6576023079975964
REST,-0.6576023079975964
ZNF446,-0.6576023079975964
ZNF444,-0.6576023079975964
ZSCAN5C,-0.6576023079975964
OVOL3,-0.6576023079975964
PLAGL1,-0.6576023079975964
ZSCAN32,-0.6576023079975964
ZNF518A,-0.6576023079975964
ZNF174,-0.6576023079975964
ZSCAN5B,-0.6576023079975964
ZNF641,-0.6576023079975964
ZNF518B,-0.6576023079975964
ZSCAN1,-0.6576023079975964
ZNF202,-0.6576023079975964
ZSCAN29,-0.6576023079975964
PLAG1,-0.6576023079975964
SCAND1,-0.6576023079975964
ZKSCAN2,-0.6576023079975964
COX18,-0.6580726086042608
MFSD6,-0.6591593099644512
RPL10L,-0.6593356056626258
RPL10,-0.6593356056626258
QDPR,-0.6606913524069558
PBDC1,-0.6608222177550253
U2AF1L4,-0.6610288495920641
U2AF1,-0.6610288495920641
MRPL46,-0.6611596591239303
HMCES,-0.6619446667446713
TMEM179,-0.6624409090111539
EN1,-0.6630989218408218
CPHXL,-0.6630989218408218
CPHXL2,-0.6630989218408218
MPPE1,-0.6635913459733533
PARVB,-0.6640673410720989
PARVG,-0.6640673410720989
PARVA,-0.6640673410720989
ZPR1,-0.6643606816676754
KCND3,-0.664501135400152
ITGB1BP2,-0.6646485714934665
IPMK,-0.6654514924508844
DTWD2,-0.6677148557563779
MICALL1,-0.6679090510547209
POLR2C,-0.6682521768425274
ISY1,-0.6694673111588717
USP22,-0.6695958249314589
ENTPD5,-0.6700378363767946
ENTPD6,-0.6700378363767946
TOB2,-0.6710098813424012
TOB1,-0.6710098813424012
AGK,-0.6710303118021521
CALML3,-0.6712972794052174
CETN3,-0.6712972794052174
CALM2,-0.6712972794052174
CALM1,-0.6712972794052174
EFCAB7,-0.6712972794052174
CALML6,-0.6712972794052174
EFCAB9,-0.6712972794052174
CALM3,-0.6712972794052174
NDUFB9,-0.6720374420249263
MITF,-0.672250866905097
TFE3,-0.672250866905097
TFEB,-0.672250866905097
TFEC,-0.672250866905097
RAP1GAP,-0.6723348881891393
SIPA1,-0.6723348881891393
SIPA1L3,-0.6723348881891393
GARNL3,-0.6723348881891393
SIPA1L1,-0.6723348881891393
RAP1GAP2,-0.6723348881891393
SIPA1L2,-0.6723348881891393
TSEN2,-0.6736584079454521
EARS2,-0.6738916295936268
EIF2D,-0.6756419839562215
ZNF703,-0.6767770580631434
ZNF503,-0.6767770580631434
ERCC2,-0.6789595928332444
HEXD,-0.6791689796895302
ASB17,-0.679338254862754
NOC3L,-0.6795729324211186
ANAPC10,-0.6802491574004321
DNAJC13,-0.6803466610580745
OSGEPL1,-0.6807427194195556
ETF1,-0.6810317453220706
PYM1,-0.6811919622566017
PREB,-0.6828769418647963
TXNL1,-0.6829725861318423
CSAD,-0.6832755955476046
TMEM70,-0.6834249645941283
UBA5,-0.6837590202013638
ZBED6,-0.6842485402043914
TSEN54,-0.6850530549716936
EXOC5,-0.6853411032815268
UBE3A,-0.6858686641737204
SLCO4A1,-0.6866783644530003
TDP1,-0.6874385891905862
RNMT,-0.6875966562022924
MARS2,-0.6884273195863496
ZFPL1,-0.6897976420207921
SART1,-0.6906997274357983
PBK,-0.6912184703010276
UBL5,-0.6913198331466173
H4C4,-0.691517939753387
H4C5,-0.691517939753387
H4C6,-0.691517939753387
H4C14,-0.691517939753387
H4C13,-0.691517939753387
H4C11,-0.691517939753387
H4C1,-0.691517939753387
H4C9,-0.691517939753387
H4C15,-0.691517939753387
H4C8,-0.691517939753387
H4C12,-0.691517939753387
H4C16,-0.691517939753387
H4C3,-0.691517939753387
H4C2,-0.691517939753387
SDHAF3,-0.691644508625944
FNTA,-0.6920075276323656
DLST,-0.6923527444070864
DRAP1,-0.6936033187449435
DCAF5,-0.693853607150616
PUM2,-0.6940009404931757
PUM1,-0.6940009404931757
CKS2,-0.6948052314804751
ALG10B,-0.6958009100349827
ALG10,-0.6958009100349827
PPME1,-0.6965319212726204
POMT2,-0.6971477304465951
POLR3A,-0.6978713735485368
CCNB3,-0.6986836156981692
OSBPL6,-0.6990280689152025
OSBP,-0.6990280689152025
OSBPL1A,-0.6990280689152025
OSBPL10,-0.6990280689152025
OSBPL2,-0.6990280689152025
OSBPL8,-0.6990280689152025
OSBPL7,-0.6990280689152025
OSBPL11,-0.6990280689152025
INPP4B,-0.700881660421146
DPP3,-0.7031772981761609
CACNG7,-0.7034972783153708
CACNG5,-0.7034972783153708
ZNF775,-0.7044923289108684
TTLL13,-0.7045729674208829
SUOX,-0.70502079495006
NEMP1,-0.7056191140749984
NEMP2,-0.7056191140749984
UGCG,-0.7057072017901771
METTL4,-0.7069801005440325
TMC1,-0.7076645669946736
TMC2,-0.7076645669946736
C5orf22,-0.7083657592353696
CPSF4,-0.7085751312582748
NDOR1,-0.709066713442296
ALKBH6,-0.7099028762230051
SLC39A10,-0.7103660273736289
SLC39A4,-0.7103660273736289
SIRT4,-0.7104283258108004
SRRM1,-0.7110039625826665
CUL1,-0.7120503656032587
MRPL15,-0.712660685171235
BCAS4,-0.713064206893897
BLOC1S4,-0.713064206893897
TUFM,-0.7132058864681738
TRNT1,-0.7149512217054425
EXOSC9,-0.717315577206678
ARMT1,-0.7179095015643546
DMAC2,-0.719023497594114
NUDCD3,-0.7192023854547219
FRMD8,-0.7192502062926928
TMEM170A,-0.7200030516093283
TMEM170B,-0.7200030516093283
CLSPN,-0.7202804701609362
PPP1CA,-0.7210575568050991
COG6,-0.7215780978082784
POLR3F,-0.7218891088238004
UPP2,-0.7232554601911879
SEC23B,-0.7239048592814508
TULP1,-0.7244939558390491
TULP2,-0.7244939558390491
TULP3,-0.7244939558390491
EXD2,-0.7247381235456015
NDST3,-0.725832794290937
HS3ST2,-0.725832794290937
HS3ST3B1,-0.725832794290937
HS3ST4,-0.725832794290937
HS3ST3A1,-0.725832794290937
ORC2,-0.7261039584321772
ALKBH8,-0.7271826972132981
TMCO6,-0.7272156938440938
RUNDC1,-0.7280207010881301
GLG1,-0.7290465082825743
TAX1BP3,-0.7296483477075653
DBR1,-0.729783042136283
ESS2,-0.7299128727811547
EIF2B5,-0.7301843619955921
SLC38A10,-0.7318990332293709
SLC35C2,-0.7325030829418658
CMTR2,-0.7325471921475004
PNKP,-0.7332870977209992
EYA4,-0.733296405780012
EYA1,-0.733296405780012
EYA3,-0.733296405780012
EYA2,-0.733296405780012
EFNA2,-0.7345893517298628
EFNA5,-0.7345893517298628
EFNA4,-0.7345893517298628
EFNB2,-0.7345893517298628
EFNB1,-0.7345893517298628
EFNA3,-0.7345893517298628
EFNB3,-0.7345893517298628
EFNA1,-0.7345893517298628
SCYL2,-0.7347611311245497
VPS25,-0.7361441048946725
PPIF,-0.7372373395067561
TSSC4,-0.7383430748543532
FAM20A,-0.7386107125510466
FAM20C,-0.7386107125510466
NUCB1,-0.7398651403949265
NUCB2,-0.7398651403949265
RIC1,-0.7402668824266367
ENY2,-0.7403758165222855
ACP7,-0.7405484431994206
CREG1,-0.740709871222297
CREG2,-0.740709871222297
TPR,-0.7414000269213452
MRPL19,-0.7418228750127224
NDUFS3,-0.7420870722825637
PAM16,-0.7429742866216971
COA7,-0.7440871348559516
GARS1,-0.7442795484813095
DYNC1H1,-0.7445534790560696
MTX2,-0.7456123845840216
ANAPC5,-0.7465159632162741
ALG11,-0.7465731578423549
DEF8,-0.7465837449245998
BLZF1,-0.7485226650745376
ALKBH4,-0.7485489368936652
AHCTF1,-0.750701302031516
COMMD2,-0.7511128817952715
METTL22,-0.7512355586761474
PGAP3,-0.7517282021605751
HINT2,-0.7548729654128518
TMEM161B,-0.7548949133096903
TMEM161A,-0.7548949133096903
SAAL1,-0.7550375413590127
SAA2,-0.7550375413590127
SAA1,-0.7550375413590127
SAA4,-0.7550375413590127
SH2D3C,-0.7551133347270427
SH2D3A,-0.7551133347270427
BCAR3,-0.7551133347270427
DDB1,-0.7554009033318974
TRAPPC11,-0.7559721627914449
VBP1,-0.7563236863538161
CFAP52,-0.7569725004477923
NPC1L1,-0.7571483582621724
CDK1,-0.7587080117967221
PCID2,-0.7591604051282722
TTK,-0.7600657746375891
ATP6V1C2,-0.7601648679710087
ATP6V1C1,-0.7601648679710087
TCN1,-0.7605142841840145
TCN2,-0.7605142841840145
CBLIF,-0.7605142841840145
ORC5,-0.7607544163097062
NAA20,-0.761012140533692
GCAT,-0.7613075215673354
GTF2E1,-0.7623980139346179
UPF3B,-0.7627925965380951
UPF3A,-0.7627925965380951
PREPL,-0.7649111517815523
PREP,-0.7649111517815523
KPNB1,-0.765837147390221
FBXO43,-0.7661753375050079
FBXO5,-0.7661753375050079
SOD2,-0.766407089424547
NEDD8,-0.76693053857519
MCMBP,-0.7679062413406269
EXOC3,-0.7682808290051231
SESN2,-0.7691915268786674
SESN3,-0.7691915268786674
SESN1,-0.7691915268786674
COPG2,-0.770260258808293
COPG1,-0.770260258808293
CCDC63,-0.7711576958526069
SF3B6,-0.772639759178556
DCTN5,-0.7737524111153716
DGKD,-0.7739668808360257
DGKE,-0.7739668808360257
DGKZ,-0.7739668808360257
DGKI,-0.7739668808360257
DGKG,-0.7739668808360257
DGKH,-0.7739668808360257
DGKA,-0.7739668808360257
CBX1,-0.7746562843649026
CHMP5,-0.7758229242221483
TMEM50A,-0.7758465169471161
TMEM50B,-0.7758465169471161
TEX2,-0.776233643756864
GPN3,-0.7770087580857102
SSTR1,-0.7770709928876383
SSTR5,-0.7770709928876383
PTGDR2,-0.7770709928876383
OPRM1,-0.7770709928876383
SSTR3,-0.7770709928876383
NPBWR1,-0.7770709928876383
SSTR4,-0.7770709928876383
OPRD1,-0.7770709928876383
LTB4R2,-0.7770709928876383
LTB4R,-0.7770709928876383
OPRL1,-0.7770709928876383
GPR149,-0.7770709928876383
CMKLR2,-0.7770709928876383
OPRK1,-0.7770709928876383
NPBWR2,-0.7770709928876383
CHCHD1,-0.7774499825390893
MRPL4,-0.7780560772251265
THOP1,-0.7783822541828485
NLN,-0.7783822541828485
EMC7,-0.7819663523385663
HTR5A,-0.7820207681126731
PGGT1B,-0.7823777096333253
WDR70,-0.782414012296671
INPP5A,-0.7827134483274318
ARHGAP28,-0.7842054242059446
ARHGAP40,-0.7842054242059446
ARHGAP18,-0.7842054242059446
HS6ST2,-0.7848854847377331
HS6ST3,-0.7848854847377331
HS6ST1,-0.7848854847377331
DNAL1,-0.7850508387232226
EEF1B2,-0.7867532455043829
EEF1D,-0.7867532455043829
EFCC1,-0.7867532455043829
SLC20A1,-0.7879352227626529
SLC20A2,-0.7879352227626529
MTARC1,-0.7885063233821102
NCKAP5L,-0.788659357727189
NCKAP5,-0.788659357727189
NUP93,-0.7890612823846006
SLC30A9,-0.7903343866487273
FIZ1,-0.7905206327028395
SENP8,-0.792180177351522
SYNGR2,-0.7924938081868368
SYNGR1,-0.7924938081868368
SYNGR3,-0.7924938081868368
SYNGR4,-0.7924938081868368
PNKD,-0.7945075640647653
MBLAC2,-0.7945075640647653
HAGH,-0.7945075640647653
HAGHL,-0.7945075640647653
MRGBP,-0.7945156208736359
TIMM13,-0.7946721591527717
SLC39A3,-0.7967245194164175
NUDT4B,-0.7970762114247189
NUDT4,-0.7970762114247189
FOXL2,-0.7986037072710557
INTS9,-0.7992890180635392
RPP30,-0.7997949135538659
ENDOG,-0.8020142452723221
COQ6,-0.8031929444021154
WDR20,-0.8042592203797125
DMWD,-0.8042592203797125
SCPEP1,-0.8046314960985818
NUP43,-0.8048762781724884
CADPS2,-0.805101855826102
DALRD3,-0.8053718162502205
VTI1A,-0.8057201752208037
CORO7,-0.8059280981273297
MRPS35,-0.8063317672762668
CSTF3,-0.8065736843173337
TAF7,-0.8084916990664741
TAF7L,-0.8084916990664741
TSR3,-0.8085796639322483
MGAT4B,-0.8086475343759776
MGAT4A,-0.8086475343759776
MGAT4D,-0.8086475343759776
MGAT4C,-0.8086475343759776
C22orf39,-0.8090726950491943
TSN,-0.8109789748310903
TOMM20L,-0.8114357605374832
TOMM20,-0.8114357605374832
SMARCD1,-0.8157732199901662
LSM11,-0.815871313012916
SMN1,-0.8167395383098219
SMN2,-0.8167395383098219
SART3,-0.8183515232040479
IMMP2L,-0.8189458914236423
HSP90AB1,-0.8191703661340622
HSP90AA1,-0.8191703661340622
ENKUR,-0.8195829052459048
ATP5F1B,-0.8199760921260006
IBTK,-0.8229883412841322
PIK3AP1,-0.8233401025285726
BANK1,-0.8233401025285726
GPS1,-0.8240474240511736
DIPK1B,-0.8243106652683776
DIPK1A,-0.8243106652683776
DIPK1C,-0.8243106652683776
AK2,-0.8243912056464545
METTL6,-0.8244192163736807
TUBB2B,-0.8267970677440931
TUBB2A,-0.8267970677440931
TMEM222,-0.8276366623140136
HAT1,-0.828175183188186
PTOV1,-0.828576693479122
MED25,-0.828576693479122
YIPF2,-0.8287706112031428
YIPF1,-0.8287706112031428
DDX41,-0.8295670596732974
FZR1,-0.8299964506457109
BTRC,-0.8309509474190594
PGLS,-0.8325719756894078
RNF175,-0.8334033749721319
RNF121,-0.8334033749721319
SPRYD7,-0.8340918030151281
TNPO3,-0.8353451613568549
MRPS12,-0.8355615894680758
SDHA,-0.8380689171570445
EXOC7,-0.8381068820863594
WASHC3,-0.8382835086764252
IFT46,-0.8388439510342923
FMN2,-0.8392501444164165
CDK5,-0.8408351819270945
CCT7,-0.8423749743136467
B3GALT6,-0.843174316864449
CSNK1G2,-0.8443105129624962
ACTR3,-0.8446085147322732
FAM98A,-0.8454601042144477
FAM98C,-0.8454601042144477
FAM98B,-0.8454601042144477
SLC39A5,-0.846769030504825
SLC39A12,-0.846769030504825
ODAD2,-0.8468027694426296
RCC1L,-0.8494748441679719
PARS2,-0.8497584133932595
TSNAX,-0.8517391628022826
PDCD5,-0.8520648174589189
SELENOT,-0.8521073924071498
LRRIQ3,-0.8550036851877694
LRRC61,-0.8550036851877694
LRRC46,-0.8550036851877694
LRRCC1,-0.8550036851877694
DRC3,-0.8550036851877694
LRRC43,-0.8550036851877694
LRRC9,-0.8550036851877694
PPP1R42,-0.8550036851877694
LRGUK,-0.8550036851877694
LRRC23,-0.8550036851877694
ZNF337,-0.8553784991512086
ZNF599,-0.8553784991512086
ZNF669,-0.8553784991512086
ZNF589,-0.8553784991512086
ZNF69,-0.8553784991512086
ZNF35,-0.8553784991512086
ZNF25,-0.8553784991512086
ZNF614,-0.8553784991512086
ZNF177,-0.8553784991512086
ZNF705A,-0.8553784991512086
ZNF20,-0.8553784991512086
ZNF620,-0.8553784991512086
ZNF425,-0.8553784991512086
ZNF550,-0.8553784991512086
ZNF266,-0.8553784991512086
ZNF440,-0.8553784991512086
ZNF80,-0.8553784991512086
ZNF439,-0.8553784991512086
ZNF557,-0.8553784991512086
ZNF19,-0.8553784991512086
ZNF529,-0.8553784991512086
ZNF875,-0.8553784991512086
ZNF566,-0.8553784991512086
ZNF248,-0.8553784991512086
ZNF343,-0.8553784991512086
ZNF846,-0.8553784991512086
ZNF77,-0.8553784991512086
ZNF264,-0.8553784991512086
ZNF558,-0.8553784991512086
ZNF705B,-0.8553784991512086
ZFP37,-0.8553784991512086
ZNF705G,-0.8553784991512086
ZNF705D,-0.8553784991512086
ZNF560,-0.8553784991512086
ZFP69,-0.8553784991512086
ZNF674,-0.8553784991512086
ZNF763,-0.8553784991512086
ZNF133,-0.8553784991512086
ZNF684,-0.8553784991512086
ZNF559,-0.8553784991512086
ZNF805,-0.8553784991512086
ZNF329,-0.8553784991512086
ZNF555,-0.8553784991512086
ZNF749,-0.8553784991512086
ZNF124,-0.8553784991512086
ZNF169,-0.8553784991512086
ZNF404,-0.8553784991512086
ZNF619,-0.8553784991512086
ZFP90,-0.8553784991512086
ZNF596,-0.8553784991512086
ZNF70,-0.8553784991512086
ZNF556,-0.8553784991512086
ZNF582,-0.8553784991512086
ZNF554,-0.8553784991512086
ZNF491,-0.8553784991512086
ZNF891,-0.8553784991512086
KRBOX4,-0.8553784991512086
ZNF10,-0.8553784991512086
ZFP69B,-0.8553784991512086
TMEM104,-0.8556347427813085
CHEK2,-0.8558970429742335
CHTF8,-0.8560735392587017
USH1G,-0.8561511093929385
ANKS4B,-0.8561511093929385
BNIP1,-0.8575668812685895
METTL9,-0.8578709403995818
KDSR,-0.8591348703213858
AP3M2,-0.8594388574792436
LAMTOR4,-0.8609014986833298
IER3IP1,-0.8609658950236958
MLF2,-0.8618288872118821
MLF1,-0.8618288872118821
TRMT2A,-0.8627661209268706
TRMT2B,-0.8627661209268706
TAF2,-0.8659021983925761
LRCH3,-0.8668799698287716
NPC1,-0.8681133579392251
KCTD9,-0.8700809949157621
RAD51C,-0.8707078340616091
ANKRD36B,-0.8714179463162725
ANKRD31,-0.8714179463162725
ANKRD36C,-0.8714179463162725
ANKRD36,-0.8714179463162725
TMEM184C,-0.8722885095358711
STAT6,-0.8725017850584786
STAT5A,-0.8725017850584786
STAT5B,-0.8725017850584786
DERL1,-0.8727707283651378
NOL6,-0.8741936830095212
LIAS,-0.8743613256774502
WDR24,-0.8748488091517815
CRYM,-0.8763947063417444
NACA2,-0.8782218888178959
TTC4,-0.8812042461879056
METAP1,-0.8814110978970504
DLG5,-0.8818886614970333
YIF1B,-0.8823468384066948
YIF1A,-0.8823468384066948
NUBP2,-0.8828788423684191
ADISSP,-0.8838141280420666
TSSK3,-0.8838671953062417
PRKAA1,-0.8838671953062417
SIK1,-0.8838671953062417
TSSK2,-0.8838671953062417
TSSK6,-0.8838671953062417
NUAK2,-0.8838671953062417
SNRK,-0.8838671953062417
BRSK1,-0.8838671953062417
NUAK1,-0.8838671953062417
HUNK,-0.8838671953062417
ZNF830,-0.8838817508325651
NAIP,-0.8845290217612574
BIRC3,-0.8845290217612574
NLRC4,-0.8845290217612574
BIRC2,-0.8845290217612574
BIRC7,-0.8845290217612574
XIAP,-0.8845290217612574
BIRC5,-0.8845290217612574
CNOT8,-0.8862502531976296
CNOT7,-0.8862502531976296
ATRX,-0.8869698984896365
PRSS56,-0.8872229104510714
LPA,-0.8872229104510714
LSM7,-0.887452519012718
GTF2A2,-0.890062567998546
EIF4ENIF1,-0.8914117582985928
TRIM59,-0.8915834252999769
IFT80,-0.8915834252999769
NDNF,-0.8920652900199798
SLC52A2,-0.8926796416127759
SLC52A1,-0.8926796416127759
SLC52A3,-0.8926796416127759
RTRAF,-0.8928612435630063
LRRC57,-0.8933642606240332
TARS2,-0.8944989940437867
TARS3,-0.8944989940437867
CPEB1,-0.8951787080941797
ARL2,-0.8963412269705683
MLXIPL,-0.8965859358999615
MLXIP,-0.8965859358999615
ATP2B4,-0.8991789627560534
PLGRKT,-0.9026838949833884
ERO1B,-0.9027173165189338
ERO1A,-0.9027173165189338
UBE3B,-0.9028534922456088
TMEM138,-0.9030466859172264
SEC11A,-0.9032206353391908
SEC11C,-0.9032206353391908
XYLT2,-0.9050758023381048
GCNT4,-0.9050758023381048
GCNT1,-0.9050758023381048
XYLT1,-0.9050758023381048
GCNT2,-0.9050758023381048
WSCD2,-0.9050758023381048
GCNT3,-0.9050758023381048
GCNT7,-0.9050758023381048
SMNDC1,-0.9055413967283964
CHAC2,-0.9061381547426764
SMIM12,-0.9067796204663364
TXLNB,-0.9071472744431412
TXLNG,-0.9071472744431412
VPS16,-0.9075462142588124
PEX11G,-0.9092654359895448
RNF113A,-0.9114020186020524
RNF113B,-0.9114020186020524
MOB3A,-0.9116249889490458
MOB3B,-0.9116249889490458
MOB3C,-0.9116249889490458
ASCC1,-0.9140217449214558
TPD52,-0.9146630443201436
TPD52L3,-0.9146630443201436
TPD52L2,-0.9146630443201436
TPD52L1,-0.9146630443201436
ARFGAP1,-0.9148969779854572
SIX1,-0.9153633030096114
ADAT3,-0.9160248512096674
GALR2,-0.9172616140179056
RGR,-0.9172616140179056
SRP19,-0.9182116957047706
WDR45B,-0.9185361097277084
ISCA2,-0.918757773181661
KXD1,-0.9188307159283532
MRI1,-0.9195256465284634
SHANK2,-0.919778765464054
SHANK3,-0.919778765464054
SHANK1,-0.919778765464054
RFC5,-0.9206929699909878
MTOR,-0.9217727010887456
EDF1,-0.9242953788238458
SGCG,-0.9243462129390588
SGCD,-0.9243462129390588
SGCZ,-0.9243462129390588
TUBGCP6,-0.9245750204865636
FBXO11,-0.9253194347682028
FBXO10,-0.9253194347682028
TPGS2,-0.9262860732070728
FLVCR2,-0.9268237021964112
FLVCR1,-0.9268237021964112
TKTL1,-0.9286712125798976
VPS8,-0.9291315668391548
PCMT1,-0.9291859893915592
KIAA2013,-0.929989929195987
PDZRN4,-0.93000646782896
PDZRN3,-0.93000646782896
PDZD4,-0.93000646782896
PRKACB,-0.934509503556435
PRKACG,-0.934509503556435
PRKACA,-0.934509503556435
PRKG1,-0.934509503556435
PRKG2,-0.934509503556435
NDUFA11,-0.934941300869652
UBE2NL,-0.935693025416542
UBE2N,-0.935693025416542
SVOP,-0.9362955403296128
TALDO1,-0.9367463004778336
TMEM47,-0.9368688415695188
PERP,-0.9368688415695188
NCAPD2,-0.9370137118395672
PPP2R1B,-0.9383529612744428
PPP2R1A,-0.9383529612744428
EPB41L4A,-0.9391600064823248
EPB41L5,-0.9391600064823248
CARS1,-0.9412900791197072
BRK1,-0.9422463634950352
GGCT,-0.9460968687516584
POLD2,-0.9461702233071568
GNPTAB,-0.9464053067692946
REPIN1,-0.9466237738796862
PRPF31,-0.9468858303910912
COTL1,-0.9478963152167924
NTMT1,-0.9483604617433904
NTMT2,-0.9483604617433904
MRPL41,-0.9484109014197512
ELOA,-0.9489214927070816
ELOA2,-0.9489214927070816
MRPL36,-0.9493314017282236
OSR2,-0.9498424752819854
OSR1,-0.9498424752819854
CSE1L,-0.9510992827863798
CFAP20,-0.952672415819263
CKMT1B,-0.9549116753615438
CKMT1A,-0.9549116753615438
CKMT2,-0.9549116753615438
IMPDH1,-0.9562159534993022
RPS9,-0.9566380264337664
TTC17,-0.95773643171683
FBXO42,-0.957933224392308
CTU2,-0.9595432619803408
LIG3,-0.9596974861792088
AARS2,-0.9600731189018364
MRPS30,-0.9623903049911507
ECI2,-0.962754683951997
DBI,-0.962754683951997
TOR1B,-0.9641854650299372
TOR4A,-0.9641854650299372
TOR1A,-0.9641854650299372
TOR2A,-0.9641854650299372
TOR3A,-0.9641854650299372
ATAT1,-0.9676664653419756
ANKS1A,-0.967671792733618
MCU,-0.9680034911795866
TTLL6,-0.9680721932157283
TTLL8,-0.9680721932157283
KPRP,-0.9680721932157283
RHBDL1,-0.9687413696958048
RHBDF2,-0.9687413696958048
RHBDF1,-0.9687413696958048
RHBDL2,-0.9687413696958048
CRB1,-0.9688023702182758
TENM1,-0.9688064444613756
TENM2,-0.9688064444613756
TENM3,-0.9688064444613756
NAGPA,-0.9688064444613756
TENM4,-0.9688064444613756
MTREX,-0.9688858171612058
BTBD7,-0.9695819548437116
SH3D19,-0.9703017655667032
SH3GL2,-0.9703017655667032
SORBS1,-0.9703017655667032
NCF4,-0.9703017655667032
SH3GL1,-0.9703017655667032
SORBS3,-0.9703017655667032
SH3GLB1,-0.9703017655667032
SH3RF3,-0.9703017655667032
SH3GLB2,-0.9703017655667032
SORBS2,-0.9703017655667032
SH3RF2,-0.9703017655667032
SH3RF1,-0.9703017655667032
MOSMO,-0.9712449534008252
CCDC88C,-0.9718593634011052
HOOK3,-0.9718593634011052
CCDC88B,-0.9718593634011052
HOOK1,-0.9718593634011052
CCDC88A,-0.9718593634011052
HOOK2,-0.9718593634011052
CYB5R4,-0.9725894061447868
GFI1,-0.9734544681159504
EGF,-0.9736204672170652
MED15,-0.9744307548996036
CHMP6,-0.9755637926213704
AP4B1,-0.9769581671765676
AP3B1,-0.9769581671765676
AP2B1,-0.9769581671765676
AP3B2,-0.9769581671765676
IFRD2,-0.977627118438095
IFRD1,-0.977627118438095
RMND1,-0.9786136004178748
CRCP,-0.9789711188959151
ANKFY1,-0.9792039897480548
NAF1,-0.979709844404104
RPS15A,-0.9799664919107456
NCKAP1,-0.9812930299854415
NCKAP1L,-0.9812930299854415
MRPL51,-0.9818763362219688
GOLGA8F,-0.9819116212113718
GOLGA8A,-0.9819116212113718
GOLGA8G,-0.9819116212113718
GOLGA8O,-0.9819116212113718
GOLGA8R,-0.9819116212113718
GOLGA8N,-0.9819116212113718
GOLGA8M,-0.9819116212113718
GOLGA6A,-0.9819116212113718
GOLGA8S,-0.9819116212113718
GOLGA8T,-0.9819116212113718
GOLGA8K,-0.9819116212113718
GOLGA8H,-0.9819116212113718
GOLGA8B,-0.9819116212113718
GOLGA8J,-0.9819116212113718
GOLGA6C,-0.9819116212113718
GOLGA6B,-0.9819116212113718
GOLGA2,-0.9819116212113718
GOLGA8Q,-0.9819116212113718
GOLGA6D,-0.9819116212113718
GTSF1L,-0.9820314531007972
GTF2H1,-0.9827889397418372
CALB1,-0.9862380441625904
CALB2,-0.9862380441625904
SCGN,-0.9862380441625904
CAPN12,-0.9897701662643038
CAPNS2,-0.9897701662643038
CAPN8,-0.9897701662643038
CAPN13,-0.9897701662643038
NUDT18,-0.9898846333640752
C11orf54,-0.9920455616674332
GNAO1,-0.9922240783151808
XRCC1,-0.9935009568064568
XNDC1N,-0.9935009568064568
IFT52,-0.9935485204161963
TNS2,-0.993593679370156
TNS4,-0.993593679370156
LYPLAL1,-0.9936309094230198
ARFRP1,-0.993880210841488
LETM1,-0.9950780369541156
LETM2,-0.9950780369541156
REV1,-0.9969946305073356
UQCC1,-0.9972312747663704
CGREF1,-0.999663098302978
MCFD2,-0.999663098302978
RTN2,-0.9999295586766136
PRR18,-0.9999295586766136
RTN3,-0.9999295586766136
RTN4,-0.9999295586766136
RTN1,-0.9999295586766136
LMAN1L,-1.001034354182106
XYLB,-1.001055189022219
NUP42,-1.0026129586441397
DMRTC1,-1.003227598368258
DMRTC1B,-1.003227598368258
KCTD16,-1.0056788495383433
KCNRG,-1.0056788495383433
KCTD19,-1.0056788495383433
KCTD18,-1.0056788495383433
KCTD8,-1.0056788495383433
KCTD21,-1.0056788495383433
KCTD11,-1.0056788495383433
KCTD6,-1.0056788495383433
KCTD4,-1.0056788495383433
KCTD15,-1.0056788495383433
KCTD7,-1.0056788495383433
KCTD14,-1.0056788495383433
KCTD1,-1.0056788495383433
CCT2,-1.0081350698512432
RUBCNL,-1.009236420812586
RUBCN,-1.009236420812586
PLEKHM1,-1.009236420812586
PLEKHM3,-1.009236420812586
VPS35L,-1.0093990343982295
COPS3,-1.0099008740238706
FARSA,-1.0102295798927945
NEXN,-1.0111184112425855
RPL10A,-1.0115585700902636
PPP1R8,-1.0117545598319584
PPP1R21,-1.0129574556680938
NCSTN,-1.0130492647866929
XXYLT1,-1.0134320592317425
INTS5,-1.0136953933478117
NDUFA9,-1.0137351377732815
PACRG,-1.01631549136352
NDUFB8,-1.0164221867983183
ADSL,-1.016497408198181
NCKIPSD,-1.01667058171172
CNNM3,-1.0187860957515635
CNNM4,-1.0187860957515635
CNNM1,-1.0187860957515635
CNNM2,-1.0187860957515635
WBP2,-1.0191487334507756
WBP2NL,-1.0191487334507756
METTL13,-1.020424638935269
RPAP3,-1.020548515094135
EMC2,-1.0220625512854575
PPP1R15A,-1.024086364492503
PPP1R15B,-1.024086364492503
RCHY1,-1.024269582859397
TBCB,-1.0246171109613391
SAMHD1,-1.0247547475275556
PRMT2,-1.024944846619119
PDZD11,-1.0308930644474124
LIN7A,-1.0308930644474124
LIN7B,-1.0308930644474124
LIN7C,-1.0308930644474124
TMEM35A,-1.033288714534312
TMEM35B,-1.033288714534312
NSUN5,-1.0334061309218852
ARMC6,-1.0335290904694832
SRPK1,-1.0347994403186516
MAPK4,-1.0347994403186516
MAPK6,-1.0347994403186516
MUL1,-1.0358298792216118
FASN,-1.0364044720460102
MAP3K15,-1.037899632939429
MAP3K6,-1.037899632939429
MAP3K5,-1.037899632939429
CYB5D2,-1.0380405955101215
CRHR1,-1.038325243525318
SALL2,-1.038781174936599
ZNF219,-1.038781174936599
KLHL20,-1.0387912821674496
METTL25,-1.0407987894993644
METTL25B,-1.0407987894993644
STK3,-1.0435969098654696
DHX33,-1.0441653509257005
HPS1,-1.045134514540413
CCDC47,-1.0451977993690018
FERRY3,-1.046810765399141
FAT4,-1.0471374454044269
CLEC16A,-1.0482640003872403
IDUA,-1.0488390469935078
TRAF3IP1,-1.0510134690670003
PICK1,-1.0524844319776427
NARS2,-1.053279774846784
GABBR1,-1.054417716453847
HSPBP1,-1.056045958980346
PBRM1,-1.0565127315868166
UBE2V2,-1.0584724022350531
NUDC,-1.0590374139759149
JMJD8,-1.0595306826904367
RGN,-1.0611876668880054
KDM8,-1.0656696233029446
BBS5,-1.0688794355398863
MOCOS,-1.069067691752302
HELQ,-1.070598163470952
MYO6,-1.0715924057993065
PCGF3,-1.0722389956814455
PI4KB,-1.0731789818888082
RNF40,-1.0732278730669125
RNF20,-1.0732278730669125
SERAC1,-1.0733160088872562
POLR2L,-1.0737589465574822
SMPD1,-1.0742251755705017
SRP9,-1.0742488552689191
GTPBP1,-1.0748329599132953
CACYBP,-1.0751015972293978
EXOC6,-1.0771423728189502
MINPP1,-1.0774532075153749
SRD5A3,-1.0780416851166224
COQ3,-1.0782839363013348
MAP3K2,-1.081076194729891
MAP3K3,-1.081076194729891
NEK1,-1.081076194729891
MAP3K4,-1.081076194729891
SNRPG,-1.0838058626508782
POLR2E,-1.0845925467412674
MASTL,-1.08459749401022
FBXL19,-1.084703854016456
STX10,-1.0848836347165087
STX8,-1.0848836347165087
STX6,-1.0848836347165087
SAMD14,-1.0868160148446702
PPP1R9B,-1.0868160148446702
PPP1R9A,-1.0868160148446702
MYL9,-1.0868584445580491
MRPS10,-1.0869812224556237
BARX2,-1.0925846210095032
BARHL2,-1.0925846210095032
BARHL1,-1.0925846210095032
BARX1,-1.0925846210095032
ARHGAP44,-1.093266244061656
SH3BP1,-1.093266244061656
ARHGAP17,-1.093266244061656
CTR9,-1.097573544349892
BCAS2,-1.097887070806462
SKIC2,-1.098273023919118
CELF5,-1.098734875914017
CELF6,-1.098734875914017
EFL1,-1.0989267083253784
LIN52,-1.1011121900457268
COMMD3,-1.1016232228477598
ENGASE,-1.1019325605450387
CNOT10,-1.1046674884123555
G6PC2,-1.1048729479747117
G6PC1,-1.1048729479747117
G6PC3,-1.1048729479747117
CCDC6,-1.1050153921834205
PELI3,-1.10506644944542
PELI2,-1.10506644944542
PELI1,-1.10506644944542
HDHD2,-1.1058169033276657
POLR3B,-1.1063592232443134
CCDC186,-1.1063606545084743
CCT8,-1.1063917695627277
NAA40,-1.1076833660651138
SMU1,-1.1077909445828915
RNPEP,-1.1103467544733538
TXNL4B,-1.1107250164884694
TXNL4A,-1.1107250164884694
RIN3,-1.1109630395472954
RIN2,-1.1109630395472954
RINL,-1.1109630395472954
VPS9D1,-1.1109630395472954
RIN1,-1.1109630395472954
GGCX,-1.1118792164629276
LSM10,-1.1127161851207914
ARB2A,-1.1133399729562596
PGM2L1,-1.1138627505432206
PGM1,-1.1138627505432206
PRTFDC1,-1.1138627505432206
PGM2,-1.1138627505432206
PGM5,-1.1138627505432206
HPRT1,-1.1138627505432206
PRKCSH,-1.114549027754558
COX7C,-1.1146584904600478
FIG4,-1.1156014520890103
GSS,-1.1158567076485042
MFAP1,-1.1163937495972485
INPP5K,-1.1167118312811894
INPP5J,-1.1167118312811894
INPP5D,-1.1167118312811894
INPP5F,-1.1167118312811894
SYNJ2,-1.1167118312811894
SH2D1A,-1.1167118312811894
SYNJ1,-1.1167118312811894
OCRL,-1.1167118312811894
SH2D1B,-1.1167118312811894
ATPAF2,-1.1167144365201418
CDK5RAP3,-1.1200492966234463
RTCA,-1.1217534395132815
TDRD15,-1.1236154316572946
TDRD6,-1.1236154316572946
ZNF277,-1.123962666750783
MED30,-1.1249953725191646
USO1,-1.1252058934384208
SSPN,-1.126990142697421
CHAT,-1.127399520362672
MRPS7,-1.1296187995559073
TXNDC8,-1.130013285847973
TXNDC2,-1.130013285847973
TMEM192,-1.1313453723926006
MAP2K4,-1.13257170168407
VASN,-1.132924796179616
MRPL14,-1.1330726676761012
NAXD,-1.1344751264253168
NDUFA8,-1.1356247337473897
PXDN,-1.1370539303553135
MPO,-1.1370539303553135
EPX,-1.1370539303553135
PXDNL,-1.1370539303553135
LPO,-1.1370539303553135
ARCN1,-1.1388633647371762
AP1M1,-1.1393163584619002
YTHDC2,-1.1395206443675203
DTWD1,-1.139825770036715
QPCTL,-1.141400950241287
QPCT,-1.141400950241287
NCBP2L,-1.1419964896347743
NCBP2,-1.1419964896347743
SAMD8,-1.14256012814833
CDK10,-1.1428649952592245
BORCS8,-1.142923699425831
SIK2,-1.143627125116536
FAM8A1,-1.143911845907494
COPB2,-1.1442531184471745
CDIN1,-1.1470975438622038
CNOT4,-1.1472763652839697
PIGS,-1.1480327675093314
ILK,-1.1511171091963577
ZDHHC22,-1.151699113634809
GPSM1,-1.1521507852927462
B4GAT1,-1.1527671621251552
GXYLT2,-1.1527671621251552
WRAP53,-1.154601562986614
ATP5PO,-1.1557913982391907
GYG1,-1.157039657172193
DDX4,-1.157665196189193
PFDN4,-1.1604143969244478
SLC39A11,-1.1610415905151306
YY1,-1.161647806597303
MED23,-1.1631786754912978
APIP,-1.163728450763447
TDRD3,-1.1641919718895666
NDUFA12,-1.1649713218130582
CDPF1,-1.1651387630415415
AIMP2,-1.1664480360743452
GSX2,-1.1673980878746533
PLXNB3,-1.1674524619501954
PLXNB2,-1.1674524619501954
PLXNB1,-1.1674524619501954
CLUAP1,-1.1698410016029137
INTS15,-1.1707305043927865
PIGB,-1.1710097902948675
CDK20,-1.173063623323113
SMARCAD1,-1.1734836949083671
NADK2,-1.1739203880938125
MRPL37,-1.1757669818776633
CBFB,-1.1762100003613285
CYB561D2,-1.176532163338765
CYB561D1,-1.176532163338765
PFDN5,-1.1775094747369297
ACTN1,-1.178231245251612
MARCHF6,-1.1783530832803033
MED22,-1.1790544471571505
CCZ1,-1.180253178879445
CCZ1B,-1.180253178879445
PLAA,-1.1818937053721448
TWF1,-1.185949623602724
TWF2,-1.185949623602724
MRPL21,-1.1864492436565042
TRDMT1,-1.1867934938690403
GSAP,-1.18749423654388
KIF3A,-1.1880130767110173
EIF1,-1.188895479993288
OSER1,-1.189673044162066
VPS28,-1.191153738044963
CDKAL1,-1.1916978614641145
CHEK1,-1.1937220373037265
ZNF330,-1.1941286222934426
HDLBP,-1.1948352523944428
TRAPPC1,-1.1996992090252676
MRPL9,-1.1998344349738637
EIF4H,-1.2003553673292044
CPSF3,-1.2005410750147714
ICA1L,-1.200600986939256
ICA1,-1.200600986939256
SLC25A34,-1.2028982520467195
RAP1GDS1,-1.2031031469373616
PIGT,-1.2031809518455896
PNN,-1.2042383667180203
RBM7,-1.2061880589149765
RBM11,-1.2061880589149765
CHAF1B,-1.2092270676549146
TAF12,-1.2099925776833078
GPR89A,-1.2102266661180816
GPR89B,-1.2102266661180816
ATR,-1.210453161303227
LCMT1,-1.2105709645781149
RRN3,-1.2109338612827332
TM9SF4,-1.2142927727491664
CPSF2,-1.2146811938210988
ZFYVE9,-1.2160521838909726
SNRPA1,-1.2218437340233634
IARS1,-1.2219355470876112
TMEM256,-1.2256799110661083
PPP1CB,-1.225923691704101
CCNT1,-1.2289229793914929
CCNL2,-1.2289229793914929
CCNH,-1.2289229793914929
CCNL1,-1.2289229793914929
SSC5D,-1.2294826970217183
CD6,-1.2294826970217183
LGALS3BP,-1.2294826970217183
CD5,-1.2294826970217183
CD163L1,-1.2294826970217183
CD5L,-1.2294826970217183
SGCB,-1.230007427222406
NFS1,-1.2302497671795367
NIPBL,-1.2303358199326586
HTATSF1,-1.2314242858804
THOC5,-1.2340410154923172
PSMD13,-1.2345118620328028
SCAMP5,-1.234901921480246
SCAMP2,-1.234901921480246
SCAMP4,-1.234901921480246
SCAMP3,-1.234901921480246
SCAMP1,-1.234901921480246
PCNA,-1.2355782605816026
RNASEH2A,-1.235603015705456
SGSH,-1.238475334878526
HPSE2,-1.2414047318984531
HPSE,-1.2414047318984531
LARGE2,-1.2414688571364314
GXYLT1,-1.2414688571364314
LARGE1,-1.2414688571364314
JTB,-1.241863718837154
BUD31,-1.2423630059954351
SNRPF,-1.2426064572362991
EIF2B1,-1.2436260765352178
ARL6IP1,-1.244565054348696
EIF2B3,-1.245247412211801
GTF2A1,-1.2454501358049337
GTF2A1L,-1.2454501358049337
ROGDI,-1.246117351188731
GRXCR1,-1.24834436881303
GRXCR2,-1.24834436881303
TRAF3IP3,-1.248684312200002
CCDC136,-1.248684312200002
GPATCH11,-1.2496098264908464
PAIP2B,-1.2497492229274485
PAIP2,-1.2497492229274485
RDX,-1.249908221946119
ERMN,-1.249908221946119
EZR,-1.249908221946119
MSN,-1.249908221946119
MRPL18,-1.2532733516788612
PRORP,-1.2549835850039703
TMED2,-1.2565504610896434
TMED5,-1.2565504610896434
TMED7,-1.2565504610896434
TMED3,-1.2565504610896434
TMED9,-1.2565504610896434
TMED1,-1.2565504610896434
PURB,-1.2577767520772882
PURG,-1.2577767520772882
PURA,-1.2577767520772882
POLR2G,-1.258744318788063
ERCC3,-1.2596417003190112
EIPR1,-1.2610406869697175
TTC19,-1.2647247837778732
LSM3,-1.271962902164946
COX5B,-1.273686708184533
EXOC4,-1.274841963088858
SMUG1,-1.2753435664532056
ALPK3,-1.2761261049604335
SPEG,-1.2761261049604335
PALLD,-1.2761261049604335
HMCN1,-1.2761261049604335
IGFN1,-1.2761261049604335
MYPN,-1.2761261049604335
OBSCN,-1.2761261049604335
MYOT,-1.2761261049604335
CAPSL,-1.2769006424692917
ANGEL1,-1.277230120824258
CNOT6L,-1.277230120824258
ANGEL2,-1.277230120824258
CNOT6,-1.277230120824258
INTS10,-1.2779948952399065
MX2,-1.2826064677939957
RTN4IP1,-1.2829083542005144
METTL1,-1.2834602476567425
SGTA,-1.2841903890169335
UNC45B,-1.2841903890169335
SUGT1,-1.2841903890169335
TTC31,-1.2841903890169335
SGTB,-1.2841903890169335
SPATA16,-1.2841903890169335
TTC12,-1.2841903890169335
TOMM34,-1.2841903890169335
UNC45A,-1.2841903890169335
TTC32,-1.2841903890169335
RPA4,-1.2860699282332777
GLOD4,-1.2860881295437996
CTU1,-1.2869888909065248
NDUFAF4,-1.288546430014147
NUTF2,-1.291146916566842
STAG1,-1.2924812327378217
STAG3,-1.2924812327378217
STAG2,-1.2924812327378217
STARD6,-1.292933104294528
STARD3NL,-1.292933104294528
STARD4,-1.292933104294528
STARD5,-1.292933104294528
STARD3,-1.292933104294528
STAR,-1.292933104294528
SSTR2,-1.2929567157148212
MRPS31,-1.293173367666529
INTS2,-1.2932862138057677
SYT7,-1.2944759365041767
FIBP,-1.294626376385008
INTS4,-1.2972299340213351
OSCP1,-1.2983497162520157
CAND2,-1.300488199295466
CAND1,-1.300488199295466
EPHX1,-1.3018309490102409
SFRP2,-1.3038025173069212
FZD1,-1.3038025173069212
FZD3,-1.3038025173069212
FZD2,-1.3038025173069212
FZD5,-1.3038025173069212
FZD8,-1.3038025173069212
FZD10,-1.3038025173069212
SFRP4,-1.3038025173069212
FRZB,-1.3038025173069212
SFRP1,-1.3038025173069212
FZD9,-1.3038025173069212
SFRP5,-1.3038025173069212
FZD7,-1.3038025173069212
NISCH,-1.3044001335717148
CAD,-1.304674348612701
LAPTM4A,-1.30477038022777
LAPTM5,-1.30477038022777
LAPTM4B,-1.30477038022777
HSPA9,-1.306539474609755
GTPBP3,-1.307008375386384
PXYLP1,-1.3075078068872463
TNPO2,-1.3137087353469905
CSTF2T,-1.3155909265034105
UHMK1,-1.3155909265034105
CSTF2,-1.3155909265034105
ENPEP,-1.3162060913514115
INTS11,-1.3162967819862577
RPS14,-1.3180050038737596
SMPD2,-1.3195572385159111
SUPT5H,-1.3197074047060586
PNP,-1.322377601525963
ARPC4,-1.3264940540375392
NOTCH2NLR,-1.3267476436958363
NOTCH2NLC,-1.3267476436958363
NOTCH2NLA,-1.3267476436958363
NOTCH2NLB,-1.3267476436958363
SPAG9,-1.3277892535173663
MAPK8IP3,-1.3277892535173663
PYROXD1,-1.3288651418599953
POLDIP3,-1.3304482252882135
BOLA1,-1.330520572045545
TRAPPC4,-1.3307443437662072
SDHD,-1.3311889300352742
YIPF6,-1.3370003173159657
GOT2,-1.338490960848853
CCDC149,-1.3399030608034816
EFR3A,-1.3405242478841348
EFR3B,-1.3405242478841348
MYL6,-1.3417227181404183
MYL4,-1.3417227181404183
MYL1,-1.3417227181404183
MYL6B,-1.3417227181404183
MYL3,-1.3417227181404183
ATG3,-1.3426454578418383
EEA1,-1.343123394684535
PLOD3,-1.3436715122153358
PLOD1,-1.3436715122153358
PLOD2,-1.3436715122153358
USP14,-1.3440956356664095
TMEM9B,-1.3441356321018336
TMEM9,-1.3441356321018336
P4HA2,-1.3459468854931256
P4HA1,-1.3459468854931256
TSHZ3,-1.345993116960982
TSHZ1,-1.345993116960982
TSHZ2,-1.345993116960982
SLC35A2,-1.3468075795131718
NMUR2,-1.3471164710257506
NMUR1,-1.3471164710257506
NTSR1,-1.3471164710257506
MLNR,-1.3471164710257506
GHSR,-1.3471164710257506
GPR39,-1.3471164710257506
NTSR2,-1.3471164710257506
MKLN1,-1.3471416511624426
TMEM258,-1.3472868323434513
TBCD,-1.3476788059110971
ATG12,-1.350110131856082
RPA1,-1.3505750022584049
GNG5B,-1.351496117950961
GNG5,-1.351496117950961
GNG10,-1.351496117950961
GNG11,-1.351496117950961
GNGT1,-1.351496117950961
GNGT2,-1.351496117950961
CACTIN,-1.3521648373964532
HNRNPL,-1.354702265146615
RBM20,-1.354702265146615
HNRNPLL,-1.354702265146615
TMEM87A,-1.356781312875025
GPR107,-1.356781312875025
TMEM87B,-1.356781312875025
GPR108,-1.356781312875025
CEBPB,-1.3578113049655811
CEBPE,-1.3578113049655811
CEBPA,-1.3578113049655811
CEBPD,-1.3578113049655811
PIK3R3,-1.3593964654720438
PIK3R2,-1.3593964654720438
JMJD7,-1.360004692638815
UFC1,-1.361997614244202
RAB30,-1.3637440381256158
WARS1,-1.363898383868963
EPRS1,-1.3654444483705783
THOC3,-1.369764511057498
CCT5,-1.3716703820111815
KHK,-1.3717678290007322
NOMO1,-1.37365086062358
NOMO3,-1.37365086062358
NOMO2,-1.37365086062358
AKTIP,-1.3741311543749866
PRRX1,-1.3742412616894892
NATD1,-1.375144180449298
FAIM2,-1.3764880309187972
TMBIM1,-1.3764880309187972
GRINA,-1.3764880309187972
AFMID,-1.377064588348536
COPS6,-1.3795032138429344
DARS2,-1.3801448431494658
DHFR2,-1.381538905377561
DHFR,-1.381538905377561
ARF5,-1.3824454357941642
POGLUT1,-1.3828434814412842
CSDE1,-1.384546195053615
TBC1D20,-1.3854308627205831
ARL6IP5,-1.385707191890149
PRAF2,-1.385707191890149
SAC3D1,-1.385810449171642
TACO1,-1.3861999614672251
ASNSD1,-1.388420943884654
SYT13,-1.3904692322544998
TXNDC5,-1.392049821148872
DCTN4,-1.3948948539083137
PSMF1,-1.398385623202768
VPS11,-1.400328504096915
PXK,-1.4035382146098747
DESI1,-1.4036958733567413
ELOF1,-1.40374512194712
NME6,-1.404561145238432
CCDC43,-1.4055782248974549
PPT1,-1.4058430036192184
ATP6V1H,-1.4059506065714318
GMDS,-1.4065804436035665
GLYCTK,-1.4093405796145666
DPH2,-1.4153577953670538
SCFD1,-1.4166375553065775
IQCA1,-1.416767825921138
IQCA1L,-1.416767825921138
PTPMT1,-1.4181702014130242
NME5,-1.4191256895512954
COG5,-1.4207839247944083
ASPG,-1.4216179679654697
PSENEN,-1.4226248304736333
MED16,-1.423016731330287
MED20,-1.424962208242489
RBM17,-1.425401146396244
TIMM29,-1.4286911812193717
CPLX1,-1.429284632055558
CPLX3,-1.429284632055558
CPLX4,-1.429284632055558
CPLX2,-1.429284632055558
SNW1,-1.430516037783367
SCAI,-1.4308941441080845
PGK1,-1.432979165627379
PGK2,-1.432979165627379
MRPS34,-1.43505134034319
EDEM3,-1.4352178603556855
MAN1A2,-1.4352178603556855
EDEM2,-1.4352178603556855
MAN1C1,-1.4352178603556855
MAN1A1,-1.4352178603556855
CDK5R1,-1.4366280617569689
CDK5R2,-1.4366280617569689
PTEN,-1.4373554450969583
NBN,-1.4377163049197468
ECT2,-1.439474558730485
INO80E,-1.44255245974757
TMBIM6,-1.4446499839196218
PDE6D,-1.4452586028053214
LNPK,-1.4467749214171763
LRP12,-1.4468507260912695
LRP6,-1.4468507260912695
NID2,-1.4468507260912695
LRP4,-1.4468507260912695
VLDLR,-1.4468507260912695
LRP1,-1.4468507260912695
LRP1B,-1.4468507260912695
LRP3,-1.4468507260912695
LDLR,-1.4468507260912695
LRP8,-1.4468507260912695
LRP10,-1.4468507260912695
LRP2,-1.4468507260912695
PLS1,-1.4496420289741403
LCP1,-1.4496420289741403
PLS3,-1.4496420289741403
LSM5,-1.4496901054244486
RPGR,-1.4498066236192046
RCC1,-1.4498066236192046
ALS2,-1.4498066236192046
RCCD1,-1.4498066236192046
SERGEF,-1.4498066236192046
RCBTB2,-1.4498066236192046
RCBTB1,-1.4498066236192046
HERC1,-1.4498066236192046
MPI,-1.4501263793036008
EIF4B,-1.452997657104688
ATP6V1B2,-1.453379730552539
CLPTM1,-1.4542987807257823
CUEDC2,-1.4577187222082928
SLC50A1,-1.457820703492938
PIGL,-1.457884165877502
LRPPRC,-1.4584028768607382
NFU1,-1.4598017640806715
DDX42,-1.461333863829728
RBPJL,-1.461469619082744
RBPJ,-1.461469619082744
SERP2,-1.462607007460363
SERP1,-1.462607007460363
GET4,-1.4638923821597505
CHST1,-1.4639723691103466
CHST7,-1.4639723691103466
CHST5,-1.4639723691103466
CHST3,-1.4639723691103466
CHST4,-1.4639723691103466
CHST6,-1.4639723691103466
CHST2,-1.4639723691103466
SDHB,-1.464487975707958
LAMP5,-1.466713062114483
OPLAH,-1.4668714448555409
UNC5D,-1.4668799566897044
UNC5A,-1.4668799566897044
UNC5C,-1.4668799566897044
UNC5B,-1.4668799566897044
UNC5CL,-1.4668799566897044
MAN1B1,-1.4669906108852273
XRCC3,-1.4680753843210734
MOXD1,-1.4684956426296891
HPD,-1.469652432044568
ARF6,-1.47061488028241
DFFA,-1.4708550258905035
CLNS1A,-1.4746619870596136
MED26,-1.4754046791357298
SKIC8,-1.4754123379513928
SFTPB,-1.4759283734952406
PSAPL1,-1.4759283734952406
COQ9,-1.4763997265948954
ZC4H2,-1.4778247347792923
TCF23,-1.4778826280801134
TCF21,-1.4778826280801134
TCF15,-1.4778826280801134
BHLHA9,-1.4778826280801134
MSC,-1.4778826280801134
TCF24,-1.4778826280801134
FERD3L,-1.4778826280801134
HAND2,-1.4778826280801134
TWIST1,-1.4778826280801134
TWIST2,-1.4778826280801134
HAND1,-1.4778826280801134
SCX,-1.4778826280801134
ACAT2,-1.4863621299501253
UBIAD1,-1.4872741608745077
AP2A1,-1.4889000609464935
ABHD11,-1.4908358371239705
EPB41L4B,-1.4916908577032784
FRMD6,-1.4916908577032784
EPB41L2,-1.4916908577032784
EPB41L3,-1.4916908577032784
EPB41,-1.4916908577032784
FRMD5,-1.4916908577032784
FRMD3,-1.4916908577032784
EPB41L1,-1.4916908577032784
NPR1,-1.4923436483313937
SGCA,-1.4949188019767474
SGCE,-1.4949188019767474
CPD,-1.496911850223263
UBE2G1,-1.5027264257457198
CSGALNACT1,-1.503574344877812
CSGALNACT2,-1.503574344877812
NGLY1,-1.506913558655083
GABARAP,-1.5078396497679711
PROM1,-1.5087856183767765
PROM2,-1.5087856183767765
IMP3,-1.5098306247569833
FTSJ1,-1.5113281343846945
HDHD3,-1.5139161568515829
TCP1,-1.516284190243465
FANCD2,-1.5183298652962496
GRK5,-1.5236594927886231
GRK2,-1.5236594927886231
MED28,-1.52380629186102
INTS13,-1.5245618315926384
RUVBL2,-1.5249672686519926
ZNF212,-1.5255063148535015
ZNF662,-1.5255063148535015
ZNF671,-1.5255063148535015
ZNF667,-1.5255063148535015
ZNF710,-1.5255063148535015
ZNF865,-1.5255063148535015
ZNF366,-1.5255063148535015
ZNF783,-1.5255063148535015
RIC8A,-1.5261846978750797
RIC8B,-1.5261846978750797
DNAI7,-1.5264848329672351
GTF3C5,-1.5277069776030625
OTUD6B,-1.5302708347404916
OTUD6A,-1.5302708347404916
OTUD3,-1.5302708347404916
OTUD1,-1.5302708347404916
OTUD4,-1.5302708347404916
MED14,-1.5323107076998836
TUBA1A,-1.5341255150339654
TUBA1B,-1.5341255150339654
TUBA1C,-1.5341255150339654
TMEM126B,-1.534210368586726
TMEM126A,-1.534210368586726
COPE,-1.5349754583062225
QSOX2,-1.5361413095476513
QSOX1,-1.5361413095476513
TIMP2,-1.5385552825246789
TIMP3,-1.5385552825246789
TBC1D16,-1.5391244305919822
MRPS15,-1.5397954887519358
THOC1,-1.5403421963349315
ARG2,-1.5418498630079012
ARG1,-1.5418498630079012
GADL1,-1.5436909800769922
BHLHE40,-1.545947031678476
HES4,-1.545947031678476
HES6,-1.545947031678476
BHLHE41,-1.545947031678476
HES1,-1.545947031678476
HELT,-1.545947031678476
HEY2,-1.545947031678476
HEY1,-1.545947031678476
HES2,-1.545947031678476
HES3,-1.545947031678476
HES7,-1.545947031678476
RAD51,-1.5484892565795274
PPIL2,-1.5513254610692488
GALNT10,-1.5533188562107063
GALNT8,-1.5533188562107063
GALNT4,-1.5533188562107063
GALNT14,-1.5533188562107063
GALNT3,-1.5533188562107063
GALNT7,-1.5533188562107063
GALNT12,-1.5533188562107063
GALNT5,-1.5533188562107063
GALNT18,-1.5533188562107063
NECAP1,-1.5541650703394652
NECAP2,-1.5541650703394652
KLHL12,-1.5541959929138505
GHITM,-1.5545430127540678
ITFG1,-1.5551580192363317
RC3H1,-1.5561876439150566
RNF224,-1.5561876439150566
RNF182,-1.5561876439150566
RC3H2,-1.5561876439150566
RNF228,-1.5561876439150566
RNF227,-1.5561876439150566
NUDCD1,-1.5567871394073165
TACR2,-1.559436409972297
ACP1,-1.5640402040027503
MIR7-1,-1.5641662066839337
MIR7-3,-1.5641662066839337
ATP6V1E2,-1.56495161582346
ATP6V1E1,-1.56495161582346
INTU,-1.565083721477162
AQP12B,-1.5705748233728622
AQP12A,-1.5705748233728622
AQP11,-1.5705748233728622
UBE2C,-1.5714938132153733
CSPG4,-1.571767745576425
UBA3,-1.572450711750641
TM2D2,-1.572594319379257
DEGS1,-1.5758965084799468
DEGS2,-1.5758965084799468
MRPL32,-1.579839948540493
PFKL,-1.581625953829961
PFKM,-1.581625953829961
PFKP,-1.581625953829961
CANT1,-1.5860131095754004
NTPCR,-1.5876735316609951
NARS1,-1.5879633023638815
MED8,-1.5885711664610347
DBH,-1.5897902211489023
HACL1,-1.594549819329593
PIGG,-1.5947780227031474
TMEM53,-1.594861527096974
TMEM42,-1.595164375941299
EFHC2,-1.5969197315970665
MRPL43,-1.5997502212936483
MED4,-1.6013290297690752
TMEM19,-1.6021710447139463
ZNHIT6,-1.6042956521821663
TMEM209,-1.6045292620435472
COX11,-1.6057171470500582
DZIP3,-1.6073927862149606
SYVN1,-1.6073927862149606
RNF145,-1.6073927862149606
CD2BP2,-1.6081279742719332
SEPTIN3,-1.6094082172304476
SEPTIN1,-1.6094082172304476
SEPTIN5,-1.6094082172304476
SEPTIN14,-1.6094082172304476
SEPTIN11,-1.6094082172304476
TMEM250,-1.6094082172304476
SEPTIN8,-1.6094082172304476
SEPTIN9,-1.6094082172304476
SEPTIN6,-1.6094082172304476
CTDP1,-1.6109336765568352
WWP1,-1.6122882604521511
WDR1,-1.6137809298750083
MRPS5,-1.613939671989549
C12orf57,-1.6147143263026495
UXS1,-1.6156759386852044
FAXDC2,-1.6183564198286453
NAGA,-1.6188211471973075
GLA,-1.6188211471973075
AKR1D1,-1.620053111875483
KCNAB1,-1.620053111875483
KCNAB2,-1.620053111875483
AKR1A1,-1.620053111875483
PAK1,-1.6205618223187543
PAK3,-1.6205618223187543
PAK2,-1.6205618223187543
ADH1B,-1.6228403498443504
ADH1A,-1.6228403498443504
ADH1C,-1.6228403498443504
VAT1,-1.6228403498443504
ADH6,-1.6228403498443504
VAT1L,-1.6228403498443504
ADH4,-1.6228403498443504
ADH7,-1.6228403498443504
ADH5,-1.6228403498443504
RSU1,-1.6235088245079314
SNRPA,-1.6245069082170156
ISCA1,-1.625152263581915
OGT,-1.6260805537324348
COMMD4,-1.626556809309163
CRHBP,-1.6335166984213143
HTR2B,-1.6347212958002035
HTR2A,-1.6347212958002035
HTR2C,-1.6347212958002035
COG4,-1.634724313591215
PRMT7,-1.6350979324545785
PKN3,-1.636117490535554
PRKCA,-1.636117490535554
PRKCE,-1.636117490535554
PRKCH,-1.636117490535554
PKN1,-1.636117490535554
PRKCZ,-1.636117490535554
PRKCB,-1.636117490535554
PRKCG,-1.636117490535554
PRKCI,-1.636117490535554
PKN2,-1.636117490535554
ATP2A3,-1.6380464504811685
TRAPPC10,-1.6385611393096466
PRPF8,-1.6399215352860226
SNAI2,-1.6412806103285942
SNAI3,-1.6412806103285942
KCTD12,-1.6415406833810633
HAX1,-1.6443305335003902
SQOR,-1.6480930727029883
ZDHHC23,-1.6490553068240126
HUS1B,-1.6499785134047156
HUS1,-1.6499785134047156
KDM1B,-1.650777340914053
SARM1,-1.6520547802634242
FAM135A,-1.6526744666993984
FAM135B,-1.6526744666993984
BUB3,-1.6538723847266128
KIF3B,-1.653956943216935
KIF3C,-1.653956943216935
UCHL1,-1.655414700809566
COG7,-1.6585975967824411
LRR1,-1.660536556414261
ALAD,-1.6609545114850028
ALKBH7,-1.6629548207936762
GART,-1.6631962256404065
FIS1,-1.6641155787137671
TNNI2,-1.6655391989957808
TNNI3,-1.6655391989957808
TNNI1,-1.6655391989957808
LIPT2,-1.666052042786579
NPHS1,-1.669614916655218
ATPAF1,-1.6714641657208709
NUP160,-1.6717333618674228
MRPS27,-1.6743371441562984
OGFOD1,-1.6761894535135038
TMEM147,-1.6763642553366789
PHF6,-1.6783451368450657
G2E3,-1.6783451368450657
PHF7,-1.6783451368450657
PHF11,-1.6783451368450657
SNRPD2,-1.6811496468227445
SRP54,-1.6822658778320947
GPC5,-1.6828547140788677
GPC3,-1.6828547140788677
MSI2,-1.6831994472385396
TOP3B,-1.6844608000621089
SEC24D,-1.6846045545840107
SNRPE,-1.6934057491174694
TRUB2,-1.6946374810607965
SLC29A4,-1.6956340031463275
RAD21,-1.6965863064973468
RAD21L1,-1.6965863064973468
REC8,-1.6965863064973468
RRAGD,-1.6976395867798095
RRAGC,-1.6976395867798095
PIP4P2,-1.6993936739675646
PIP4P1,-1.6993936739675646
RBBP5,-1.6998777518129464
LRRC24,-1.7006425425347529
ELFN1,-1.7006425425347529
LRIG2,-1.7006425425347529
LRRTM2,-1.7006425425347529
LRIG3,-1.7006425425347529
LGR6,-1.7006425425347529
LGI2,-1.7006425425347529
LRIT1,-1.7006425425347529
LGI3,-1.7006425425347529
LRIT3,-1.7006425425347529
LGR4,-1.7006425425347529
ELFN2,-1.7006425425347529
LRRC52,-1.7006425425347529
LGR5,-1.7006425425347529
CPSF1,-1.7028474943736909
PSME1,-1.7068387426369471
PSME3,-1.7068387426369471
PSME2,-1.7068387426369471
COPS9,-1.7071692205952262
HSPB6,-1.707904877724524
CAPRIN2,-1.7107991670258706
CAPRIN1,-1.7107991670258706
NOSIP,-1.7120603022693628
PPIL4,-1.7168759908992517
MT-ATP6,-1.717698382275174
MFSD1,-1.717811540545624
JMJD1C,-1.7213573248141067
KDM3B,-1.7213573248141067
KDM3A,-1.7213573248141067
HR,-1.7213573248141067
NCALD,-1.7220693567009642
CUTC,-1.722292979738749
GPALPP1,-1.7228687668625855
MANBA,-1.7233730217982748
VEPH1,-1.7249368079176766
FBXL14,-1.7253824653398624
IFI30,-1.733098550155519
SAYSD1,-1.7374406852840325
IDH3B,-1.740497344229882
GRIN2D,-1.742565210844851
GRIN2A,-1.742565210844851
GRID2,-1.742565210844851
CYFIP1,-1.7449853351925004
CYFIP2,-1.7449853351925004
SYNPO,-1.746932479219159
SYNPO2L,-1.746932479219159
SYNPO2,-1.746932479219159
EMC6,-1.747132720985065
TXNDC17,-1.747348687827042
MED21,-1.7474435516056404
ALG5,-1.748249611309174
FOXN1,-1.7484868145806796
AK5,-1.7485522690201445
AK4,-1.7485522690201445
AK9,-1.7485522690201445
AK8,-1.7485522690201445
AK4P3,-1.7485522690201445
AK7,-1.7485522690201445
DCUN1D1,-1.7486445907539494
DCUN1D4,-1.7486445907539494
DCUN1D5,-1.7486445907539494
DCUN1D2,-1.7486445907539494
PDRG1,-1.7491738965122536
ECSIT,-1.7515796753275348
CRKL,-1.7533023914726371
CRK,-1.7533023914726371
COPB1,-1.7564260944890266
IGF2R,-1.7566005354213972
HSPA1L,-1.7566547119110971
HSPA1B,-1.7566547119110971
HSPA8,-1.7566547119110971
HSPA4,-1.7566547119110971
HSPA1A,-1.7566547119110971
HSPA4L,-1.7566547119110971
HSPH1,-1.7566547119110971
HSPA6,-1.7566547119110971
SLC35F6,-1.7568625729900549
ST13,-1.756910285030579
LSM6,-1.7590833196039697
ZRANB1,-1.7607766425077025
COX15,-1.7642352592023218
ERLEC1,-1.765168987631854
HPS4,-1.7655061980364797
SDHC,-1.7663970285339776
SLC18A3,-1.7715586631436528
ZDHHC7,-1.7715712887433015
ZDHHC21,-1.7715712887433015
ZDHHC4,-1.7715712887433015
ZDHHC11B,-1.7715712887433015
ZDHHC18,-1.7715712887433015
ZDHHC2,-1.7715712887433015
ZDHHC15,-1.7715712887433015
ZDHHC1,-1.7715712887433015
ZDHHC11,-1.7715712887433015
ZDHHC20,-1.7715712887433015
ZDHHC9,-1.7715712887433015
GMPPB,-1.77272759758889
MRPL20,-1.7731783053489882
GPI,-1.773270970059892
VKORC1,-1.7832578508807846
LRMDA,-1.7839904360009633
PARK7,-1.7868197781159965
ABT1,-1.7874116281196657
CLRN1,-1.7919024042484162
CLRN2,-1.7919024042484162
CLRN3,-1.7919024042484162
BCS1L,-1.793313918038539
NCAPH,-1.7933972208901976
PIGA,-1.7984136458285684
JKAMP,-1.803370636205364
PAGR1,-1.8057353605627056
INTS7,-1.807279760863021
AP1B1,-1.8083862206051409
SIKE1,-1.8086782703611803
FGFR1OP2,-1.8086782703611803
PIGU,-1.809018640886976
VPS29,-1.809940641288376
TUBGCP4,-1.8103061807584344
PRCP,-1.8109103982523016
MKX,-1.8111560994295288
ARID3A,-1.811225687471956
ARID3B,-1.811225687471956
ARID3C,-1.811225687471956
FARSB,-1.8138120969724307
GLRX2,-1.8162019606027284
RGPD4,-1.8212846459887195
RGPD1,-1.8212846459887195
RGPD8,-1.8212846459887195
RGPD3,-1.8212846459887195
RGPD5,-1.8212846459887195
RGPD6,-1.8212846459887195
RGPD2,-1.8212846459887195
FAAH2,-1.8233736779726484
FSCN1,-1.823422066610968
FSCN3,-1.823422066610968
FSCN2,-1.823422066610968
ACTR1A,-1.8244844524135608
SMC4,-1.8290567971773173
FERMT1,-1.829604459930657
FERMT3,-1.829604459930657
FERMT2,-1.829604459930657
NAGK,-1.8300785339693109
MRPL47,-1.831722879972844
TM9SF2,-1.8324192130149648
PRODH,-1.8345250583776984
DGKB,-1.8356953518997203
DGKK,-1.8356953518997203
ATP6AP2,-1.839907864426669
CWF19L1,-1.8411859289320835
STEEP1,-1.8431877209729912
WDR48,-1.8434775642992485
ACOT9,-1.8439089928137955
FARS2,-1.8446794048891144
WARS2,-1.847660604356062
PRKAR2A,-1.848972981765156
TRAP1,-1.8506783277178809
TIMM17A,-1.855874362231702
TIMM17B,-1.855874362231702
COG2,-1.8565959588069765
SLC35G1,-1.858156497592094
HYKK,-1.861678732411802
COPS2,-1.8618906576968648
UCHL5,-1.8639027642203807
RBFA,-1.86544708101973
SKP1,-1.8712026019894143
NFXL1,-1.8712427478918168
SRRT,-1.8738233518710377
RBM22,-1.8747963364220592
COQ5,-1.8761764303327195
PCBD1,-1.8781089919589289
PCBD2,-1.8781089919589289
RET,-1.8800811739438523
MTMR4,-1.8809246116336304
MTMR8,-1.8809246116336304
SBF2,-1.8809246116336304
MTMR10,-1.8809246116336304
MTMR2,-1.8809246116336304
MTM1,-1.8809246116336304
MTMR3,-1.8809246116336304
MTMR6,-1.8809246116336304
SBF1,-1.8809246116336304
MTMR12,-1.8809246116336304
MTMR1,-1.8809246116336304
MTMR11,-1.8809246116336304
MTMR9,-1.8809246116336304
MTMR7,-1.8809246116336304
MON1A,-1.8823904881714784
MON1B,-1.8823904881714784
TMEM177,-1.8828727507477
SNX27,-1.884809518352773
NUP210L,-1.886306204131385
NUP210,-1.886306204131385
MRRF,-1.8864011867511905
N/A,-1.8867425264692388
MFF,-1.8867425264692388
TMEM86A,-1.8920750915106648
TMEM86B,-1.8920750915106648
HAO1,-1.896993910379004
HAO2,-1.896993910379004
CARNS1,-1.896993910379004
MUS81,-1.8987469226845088
HSPG2,-1.899218217870489
PTGES2,-1.8996892984100908
ELAVL2,-1.899911329651513
INTS3,-1.9003197937491327
ANAPC4,-1.9022633195708265
CSNK1A1,-1.9025263437853968
NDUFA10,-1.9025796244237887
DIPK2A,-1.9038127427443488
DIPK2B,-1.9038127427443488
UGP2,-1.904411293221082
SPSB4,-1.904513275034277
SPSB1,-1.904513275034277
PSMC5,-1.9068379904647097
TXNDC15,-1.907027850851067
ICMT,-1.9107257760776444
GTF2H3,-1.911275545333717
SCRN3,-1.9153657870666785
SCRN2,-1.9153657870666785
SCRN1,-1.9153657870666785
UTP25,-1.9157504242431456
RBM8A,-1.917542656945768
ABHD12B,-1.9183998344540487
PCSK2,-1.9189233678533808
ZMPSTE24,-1.919749609240152
TNNT2,-1.9221155945248647
TNNT1,-1.9221155945248647
TNNT3,-1.9221155945248647
NDUFAF6,-1.9230441680211323
SRSF3,-1.9282217056056048
SRSF7,-1.9282217056056048
SPG11,-1.9293364092809304
GSTZ1,-1.9306595805476
TSFM,-1.9348963293975672
ERMP1,-1.93626379028529
AGPS,-1.9398562967822464
B3GNT6,-1.943116073259495
AP2S1,-1.9447888332752183
SNRNP40,-1.9482269732029784
POPDC2,-1.9491551249879584
POPDC3,-1.9491551249879584
BVES,-1.9491551249879584
OCIAD2,-1.9503263544519136
OCIAD1,-1.9503263544519136
WDR91,-1.9503815825337432
COPS5,-1.950763922912578
RAB11FIP3,-1.950970447773543
MEIS2,-1.9514568206449008
PBX2,-1.9514568206449008
PKNOX2,-1.9514568206449008
PBX3,-1.9514568206449008
TGIF1,-1.9514568206449008
MEIS3P2,-1.9514568206449008
TGIF2LY,-1.9514568206449008
PBX1,-1.9514568206449008
PBX4,-1.9514568206449008
PKNOX1,-1.9514568206449008
MEIS3,-1.9514568206449008
TGIF2LX,-1.9514568206449008
MEIS1,-1.9514568206449008
TGIF2,-1.9514568206449008
TRAM2,-1.9518491175869024
TRAM1L1,-1.9518491175869024
TRAM1,-1.9518491175869024
FUT8,-1.952714645897672
FNTB,-1.9561591890171737
CHDH,-1.962726600630913
DNAJB11,-1.964688238756811
WLS,-1.9659269300247169
SUPT4H1,-1.96846540805078
MAB21L2,-1.970171342925737
MAB21L1,-1.970171342925737
RHBDL3,-1.970623215148328
KCNK6,-1.971157451032318
KCNK15,-1.971157451032318
KCNK10,-1.971157451032318
KCNK5,-1.971157451032318
KCNK9,-1.971157451032318
KCNK7,-1.971157451032318
KCNK13,-1.971157451032318
KCNK4,-1.971157451032318
KCNK17,-1.971157451032318
KCNK12,-1.971157451032318
KCNK18,-1.971157451032318
KCNK2,-1.971157451032318
KCNK16,-1.971157451032318
KCNK1,-1.971157451032318
KCNK3,-1.971157451032318
TMEM181,-1.971163792948088
RNF7,-1.972243789736538
SNX3,-1.973626899453927
SNX12,-1.973626899453927
PLK4,-1.9739156196508263
B4GALT3,-1.9789805825995428
B4GALT4,-1.9789805825995428
B4GALT5,-1.9789805825995428
B4GALT2,-1.9789805825995428
B4GALT1,-1.9789805825995428
OAT,-1.979883560605857
ASL,-1.9813433062678576
NDUFS2,-1.981577428572147
PEBP1,-1.9864362784445209
NRDC,-1.990062160372292
C6orf136,-1.990097638745062
TSPY3,-1.9905582915046705
TSPY2,-1.9905582915046705
TSPY4,-1.9905582915046705
SETSIP,-1.9905582915046705
TSPY8,-1.9905582915046705
TSPYL4,-1.9905582915046705
TSPY10,-1.9905582915046705
TSPY1,-1.9905582915046705
NAP1L5,-1.9905582915046705
NAP1L3,-1.9905582915046705
TSPYL5,-1.9905582915046705
N/A,-1.9905582915046705
TSPYL2,-1.9905582915046705
NAP1L2,-1.9905582915046705
TSPYL1,-1.9905582915046705
TSPYL6,-1.9905582915046705
TSPY9,-1.9905582915046705
CACFD1,-1.9952069451593497
EIF1AD,-1.997293774115379
ALG9,-1.9981206942693543
HSPA5,-2.000667754890681
MRPS25,-2.0008267458096363
DFFB,-2.001671525548653
SYS1,-2.003129138464633
ALG3,-2.0061203654173543
ATP9B,-2.00629510845411
ATP8B4,-2.00629510845411
ATP8B2,-2.00629510845411
ATP11A,-2.00629510845411
ATP8B1,-2.00629510845411
ATP10D,-2.00629510845411
ATP8A1,-2.00629510845411
ATP10A,-2.00629510845411
ATP8A2,-2.00629510845411
ATP11C,-2.00629510845411
ATP11B,-2.00629510845411
ATP9A,-2.00629510845411
ATP10B,-2.00629510845411
ATP8B3,-2.00629510845411
MAF1,-2.010594160650254
B3GLCT,-2.0123548095438086
SLC31A2,-2.0125628515819405
MOB1A,-2.016399663224904
MOB1B,-2.016399663224904
OTUB1,-2.018674708246912
OTUB2,-2.018674708246912
RAD9A,-2.018760441219465
RAD9B,-2.018760441219465
NEMF,-2.019227384515966
NDUFS7,-2.021650139616472
BICD1,-2.0231386760763663
BICD2,-2.0231386760763663
UQCRHL,-2.026977955747216
UQCRH,-2.026977955747216
AGA,-2.027626786770924
TM9SF3,-2.029796008618798
PAFAH1B1,-2.0303342199613126
RBSN,-2.0357727669880035
NKX1-1,-2.038119328791036
NKX2-5,-2.038119328791036
NKX2-3,-2.038119328791036
NKX6-3,-2.038119328791036
NKX6-2,-2.038119328791036
NKX6-1,-2.038119328791036
NKX2-1,-2.038119328791036
NKX1-2,-2.038119328791036
NKX3-2,-2.038119328791036
NKX2-8,-2.038119328791036
NKX3-1,-2.038119328791036
NKX2-2,-2.038119328791036
NKX2-4,-2.038119328791036
DPM1,-2.0385252591143304
GOSR1,-2.0403861507109253
DEK,-2.0411054929172807
IPPK,-2.04687423475426
SND1,-2.049175675678643
ATP6V0A1,-2.0513087423886764
TRMT112,-2.0575914501814787
LDLRAP1,-2.0586796915435803
DAB2,-2.0586796915435803
FAM43B,-2.0586796915435803
FAM43A,-2.0586796915435803
DAB1,-2.0586796915435803
NUMBL,-2.0586796915435803
MAPK8IP1,-2.0586796915435803
MAPK8IP2,-2.0586796915435803
C1orf226,-2.0586796915435803
NOS1AP,-2.0586796915435803
ITGAX,-2.0613820906802176
ITGA2,-2.0613820906802176
ITGA8,-2.0613820906802176
ITGA4,-2.0613820906802176
ITGA9,-2.0613820906802176
ITGA11,-2.0613820906802176
ITGA6,-2.0613820906802176
ITGA5,-2.0613820906802176
DNAJC24,-2.062912269056523
DNAJC18,-2.062912269056523
DNAJC4,-2.062912269056523
DNAJC5G,-2.062912269056523
DNAJC5,-2.062912269056523
DNAJC7,-2.062912269056523
DNAJC14,-2.062912269056523
DNAJC21,-2.062912269056523
DNAJC12,-2.062912269056523
DNAJC16,-2.062912269056523
DNAJC2,-2.062912269056523
DNAJC30,-2.062912269056523
DNAJC3,-2.062912269056523
DNAJC5B,-2.062912269056523
CHP1,-2.069281232398628
PPP3R2,-2.069281232398628
CIB2,-2.069281232398628
CHP2,-2.069281232398628
CIB4,-2.069281232398628
CIB1,-2.069281232398628
TESC,-2.069281232398628
CIB3,-2.069281232398628
CTNNA2,-2.069952959222853
AGPAT2,-2.071522011590171
AGPAT1,-2.071522011590171
KMT2B,-2.0753206853842543
SETDB1,-2.0753206853842543
SETBP1,-2.0753206853842543
KMT2A,-2.0753206853842543
KMT2C,-2.0753206853842543
NSD2,-2.0753206853842543
SETDB2,-2.0753206853842543
KMT2D,-2.0753206853842543
EZH1,-2.0753206853842543
NSD1,-2.0753206853842543
HHAT,-2.078674985034401
LMBR1L,-2.0790057316358843
LMBR1,-2.0790057316358843
CHIT1,-2.0793784210279385
CHI3L2,-2.0793784210279385
OVGP1,-2.0793784210279385
CHI3L1,-2.0793784210279385
CHIA,-2.0793784210279385
PLPP6,-2.080158381605504
SGPP2,-2.080158381605504
PLPP7,-2.080158381605504
SGPP1,-2.080158381605504
RECK,-2.080911585072787
ASPHD2,-2.0828447067065623
ASPHD1,-2.0828447067065623
ASPH,-2.0828447067065623
KAT6B,-2.0832090116566806
KAT6A,-2.0832090116566806
DPF1,-2.0832090116566806
RSF1,-2.0832090116566806
DPF2,-2.0832090116566806
DPF3,-2.0832090116566806
KAT5,-2.0832090116566806
PICALM,-2.0833681041238385
SNAP91,-2.0833681041238385
SELENOI,-2.0851507096048483
TMED6,-2.085534475162271
KIAA0513,-2.087988173147719
CAMKMT,-2.088826243638747
TMEM164,-2.0932974790825334
COPZ1,-2.1004997093340663
COPZ2,-2.1004997093340663
CANX,-2.100500629868912
CLGN,-2.100500629868912
SPATA20,-2.100662344871857
TMEM214,-2.102016228933333
GCH1,-2.106859776132643
LBR,-2.108840271570517
TM7SF2,-2.108840271570517
PDCD6,-2.1161296617193903
PIGK,-2.1205009660326395
MAPK9,-2.1222550754849907
SRPK2,-2.1222550754849907
MAPK10,-2.1222550754849907
NLK,-2.1222550754849907
MAPK8,-2.1222550754849907
SRPK3,-2.1222550754849907
MAPK3,-2.1222550754849907
CILK1,-2.1222550754849907
MAPK13,-2.1222550754849907
MAPK12,-2.1222550754849907
SPA17,-2.1228797415538727
CSNK2A1,-2.122961440858432
CSNK2A3,-2.122961440858432
CSNK2A2,-2.122961440858432
FAM185A,-2.1251629347848207
GMPPA,-2.1253232392338908
TUBGCP3,-2.126571168413504
PMM1,-2.1290353362981462
PMM2,-2.1290353362981462
MT-CO2,-2.1367093410047464
GAD1,-2.1418916560158423
GAD2,-2.1418916560158423
DAD1,-2.1420462593341267
MPPED1,-2.1463272251259653
MPPED2,-2.1463272251259653
ZFP64,-2.1468315936881384
ZNF335,-2.1468315936881384
RAB5C,-2.147746396204105
AIPL1,-2.14818142342836
AIP,-2.14818142342836
LSM2,-2.151342128935044
ACOT13,-2.151417929149786
EXOSC5,-2.153735816091469
PPP2R2A,-2.1565741287295923
PPP2R2D,-2.1565741287295923
PPP2R2B,-2.1565741287295923
PPP2R2C,-2.1565741287295923
SLC36A2,-2.157726629849838
SLC32A1,-2.157726629849838
SLC38A2,-2.157726629849838
SLC36A1,-2.157726629849838
SLC38A4,-2.157726629849838
SLC38A6,-2.157726629849838
SLC36A4,-2.157726629849838
SLC36A3,-2.157726629849838
SLC38A8,-2.157726629849838
SLC38A3,-2.157726629849838
SLC38A9,-2.157726629849838
SLC38A5,-2.157726629849838
SLC38A7,-2.157726629849838
SLC38A1,-2.157726629849838
KIAA0930,-2.1588330145383923
RBP2,-2.1623529518834004
RBP7,-2.1623529518834004
FABP9,-2.1623529518834004
RBP5,-2.1623529518834004
RBP1,-2.1623529518834004
CRABP2,-2.1623529518834004
FABP5,-2.1623529518834004
FABP12,-2.1623529518834004
FABP4,-2.1623529518834004
CRABP1,-2.1623529518834004
FABP3,-2.1623529518834004
PMP2,-2.1623529518834004
GABPA,-2.1629157121636404
IMPA2,-2.16524933184767
BPNT2,-2.16524933184767
IMPA1,-2.16524933184767
ASAH2,-2.1670973139106686
ASAH2B,-2.1670973139106686
GNB5,-2.167671657593885
OPA3,-2.1685752349578977
BRSK2,-2.170558562654673
RGS7BP,-2.171060535030864
RGS9BP,-2.171060535030864
IBA57,-2.1711475163781744
TRNAU1AP,-2.175259721055796
VCL,-2.175287315165672
TMEM38A,-2.189596249140937
TMEM38B,-2.189596249140937
CLTCL1,-2.1911977933571176
CLHC1,-2.1911977933571176
CLTC,-2.1911977933571176
MRPL44,-2.1981832901966216
PDCD2L,-2.2059086113335185
WDFY2,-2.20666554033833
TOM1,-2.20666554033833
GGA1,-2.20666554033833
WDFY1,-2.20666554033833
STAM,-2.20666554033833
TOM1L1,-2.20666554033833
GGA3,-2.20666554033833
STAM2,-2.20666554033833
TOM1L2,-2.20666554033833
GGA2,-2.20666554033833
MRPS18A,-2.2130934028933487
LRPAP1,-2.2136003395252857
HM13,-2.220072835899378
ACTR2,-2.223307098191372
NAPB,-2.224500433817736
NAPA,-2.224500433817736
GRIA4,-2.225791030010552
GRIN3B,-2.225791030010552
GRIK3,-2.225791030010552
GRIK4,-2.225791030010552
GRID1,-2.225791030010552
GRIK1,-2.225791030010552
GRIA2,-2.225791030010552
GRIA3,-2.225791030010552
GRIK2,-2.225791030010552
GRIN3A,-2.225791030010552
GRIN2C,-2.225791030010552
GRIK5,-2.225791030010552
GRIA1,-2.225791030010552
GRIN2B,-2.225791030010552
C19orf47,-2.230042328478876
TUBB4B,-2.237544587091434
GPR142,-2.2402773162142826
GPR139,-2.2402773162142826
SNAP25,-2.2434137024537315
KIRREL2,-2.246060543293284
KIRREL1,-2.246060543293284
KIRREL3,-2.246060543293284
GTF2B,-2.2488734636956216
SLC19A2,-2.2521373582680995
SLC19A3,-2.2521373582680995
SLC19A1,-2.2521373582680995
PRPF19,-2.253387308091237
ISCU,-2.254463974959151
PARP1,-2.255985056506125
CCDC40,-2.257151409827336
NPC2,-2.258948915128345
TRIP13,-2.2592129806630057
COX10,-2.2597096751303702
HGD,-2.2615938387218963
COPS7A,-2.26560646951336
COPS7B,-2.26560646951336
VPS37A,-2.2688214740880737
SLC35B4,-2.272508773835746
MAGT1,-2.273233948572386
TUSC3,-2.273233948572386
EFCAB2,-2.276561731138402
NEB,-2.2842664421902628
KY,-2.2842664421902628
NEBL,-2.2842664421902628
NRAP,-2.2842664421902628
ACLY,-2.2848981965504
USP39,-2.2909572883684413
FAM234B,-2.291355431769786
FAM234A,-2.291355431769786
GSTCD,-2.2928901472631025
MEPCE,-2.2962253353138657
TMED4,-2.305717487654969
ATP1B1,-2.3081658259539006
VPS54,-2.312698310696967
PITRM1,-2.3172851780590498
C1QBP,-2.3187219329644906
SEC61A2,-2.321442697868078
SEC61A1,-2.321442697868078
CGB3,-2.3243915601566103
LHB,-2.3243915601566103
CGB1,-2.3243915601566103
CGB2,-2.3243915601566103
CGB7,-2.3243915601566103
TSHB,-2.3243915601566103
CGB8,-2.3243915601566103
FSHB,-2.3243915601566103
CGB5,-2.3243915601566103
GPHB5,-2.3243915601566103
ADA2,-2.324434388913851
RHAG,-2.3290934993099377
RHD,-2.3290934993099377
RHCG,-2.3290934993099377
RHCE,-2.3290934993099377
RHBG,-2.3290934993099377
SSR3,-2.3332096186193345
HSPD1,-2.334496983523641
EIF2B2,-2.33522661600182
SEC61G,-2.335515361052789
CMPK1,-2.3374155298950527
HYI,-2.339747862187778
DCXR,-2.339799363326401
SBK1,-2.341299592899115
SBK3,-2.341299592899115
UBA2,-2.3452013028538765
SEC61B,-2.3556383784233903
SLC9C1,-2.360375005733611
SLC9A9,-2.360375005733611
SLC9A4,-2.360375005733611
SLC9A5,-2.360375005733611
SLC9A2,-2.360375005733611
SLC9C2,-2.360375005733611
SLC9A3,-2.360375005733611
SLC9A1,-2.360375005733611
PIGQ,-2.361325444203413
TRPA1,-2.3668594454988323
PRUNE1,-2.369357970211456
RASSF8,-2.3727856305907724
RASSF7,-2.3727856305907724
SLC12A3,-2.373021752432305
SLC12A9,-2.373021752432305
SLC12A6,-2.373021752432305
SLC12A2,-2.373021752432305
SLC12A1,-2.373021752432305
SLC12A5,-2.373021752432305
SLC12A4,-2.373021752432305
SLC12A7,-2.373021752432305
SLC2A11,-2.3749397485231563
SLC2A3,-2.3749397485231563
SLC2A6,-2.3749397485231563
SLC2A1,-2.3749397485231563
SLC2A4,-2.3749397485231563
SLC2A13,-2.3749397485231563
SLC2A2,-2.3749397485231563
SLC2A7,-2.3749397485231563
SLC2A10,-2.3749397485231563
SLC2A12,-2.3749397485231563
SLC2A5,-2.3749397485231563
SLC2A9,-2.3749397485231563
SLC2A14,-2.3749397485231563
SLC2A8,-2.3749397485231563
HPS3,-2.375314369416538
IARS2,-2.3756498177709093
MT-ND4,-2.376924253119295
MORF4L2,-2.377101112306568
MORF4L1,-2.377101112306568
SLC35F5,-2.3803746312280407
UAP1,-2.384757417221327
UAP1L1,-2.384757417221327
MRPL48,-2.385998855672593
SNX16,-2.387518768385032
MAGOH,-2.388537504152401
MAGOHB,-2.388537504152401
GRHPR,-2.389046273032145
CTBP1,-2.389046273032145
CTBP2,-2.389046273032145
CWC22,-2.3908147734266927
SLCO1B1,-2.404476579004323
SLCO1C1,-2.404476579004323
SLCO1B3,-2.404476579004323
CLSTN1,-2.4085533771552123
CLSTN3,-2.4085533771552123
CLSTN2,-2.4085533771552123
AGL,-2.409357804312173
CYLD,-2.4132257362902765
DPP4,-2.420400760172316
AMY1A,-2.423951363909381
AMY1B,-2.423951363909381
SLC3A1,-2.423951363909381
AMY2A,-2.423951363909381
AMY1C,-2.423951363909381
AMY2B,-2.423951363909381
SLC3A2,-2.423951363909381
CYB5A,-2.4263128180321183
GBA2,-2.437963949381189
FGGY,-2.43898544337382
HEXA,-2.439683743864024
HEXB,-2.439683743864024
MID1IP1,-2.4397739144681525
THRSP,-2.4397739144681525
AARSD1,-2.442404222086829
ZMYND15,-2.444111056058353
SMYD3,-2.444111056058353
SMYD4,-2.444111056058353
SMYD2,-2.444111056058353
SMYD1,-2.444111056058353
SLC45A3,-2.4487776479473773
SLC45A1,-2.4487776479473773
SLC45A2,-2.4487776479473773
SLC45A4,-2.4487776479473773
SLC15A3,-2.449657068696265
SRL,-2.4519540419145827
DBX1,-2.459621902320297
TECPR1,-2.4618410672104245
HASPIN,-2.4637031030794385
IRAK1,-2.4637031030794385
IRAK3,-2.4637031030794385
IRAK2,-2.4637031030794385
OLR1,-2.466847899995418
CLEC5A,-2.466847899995418
KLRF1,-2.466847899995418
CLEC1A,-2.466847899995418
KLRC3,-2.466847899995418
KLRC2,-2.466847899995418
CLEC7A,-2.466847899995418
CLEC12A,-2.466847899995418
CLEC2A,-2.466847899995418
CLEC2D,-2.466847899995418
KLRF2,-2.466847899995418
KLRB1,-2.466847899995418
KLRC1,-2.466847899995418
CLEC9A,-2.466847899995418
CLEC1B,-2.466847899995418
KLRG2,-2.466847899995418
KLRD1,-2.466847899995418
CLEC2L,-2.466847899995418
KLRC4,-2.466847899995418
CD69,-2.466847899995418
CLEC2B,-2.466847899995418
CLEC12B,-2.466847899995418
MANEA,-2.4690632584477084
MANEAL,-2.4690632584477084
MCTS2,-2.4690995607666184
MCTS1,-2.4690995607666184
SPCS3,-2.474041361512143
TRHR,-2.4748952996828675
ACY1,-2.480985587311931
LARS1,-2.499261284927236
NPEPL1,-2.5037708637108502
INPP1,-2.513626642587964
SLC39A13,-2.515718815464936
SELENBP1,-2.5171292292004
RCN1,-2.517862986808293
CALU,-2.517862986808293
PARD6A,-2.5234789686353007
PARD6G,-2.5234789686353007
PARD6B,-2.5234789686353007
NIPAL1,-2.528725699389128
NIPAL3,-2.528725699389128
NIPAL4,-2.528725699389128
MT-ND5,-2.530043273610145
MANF,-2.533024718916308
CDNF,-2.533024718916308
DNAAF10,-2.541645445266789
PFDN6,-2.5505649123234275
PDIA5,-2.5510035196161063
PKM,-2.556190015162785
PKLR,-2.556190015162785
PPP3R1,-2.56068316506138
DDX23,-2.5654316225103173
AKR1C8,-2.571398336255455
AKR1B10,-2.571398336255455
AKR1C4,-2.571398336255455
AKR1C2,-2.571398336255455
AKR1C1,-2.571398336255455
AKR1C3,-2.571398336255455
AKR7A2,-2.571398336255455
AKR7L,-2.571398336255455
AKR7A3,-2.571398336255455
NT5E,-2.571703312619651
TXNDC11,-2.573260520116828
PDIA4,-2.573260520116828
ARHGDIB,-2.5777582544797206
ARHGDIA,-2.5777582544797206
ARHGDIG,-2.5777582544797206
EXOC8,-2.578967932785828
GALNTL5,-2.579187519280849
GALNT17,-2.579187519280849
GALNT9,-2.579187519280849
GALNT11,-2.579187519280849
GALNT16,-2.579187519280849
GALNT13,-2.579187519280849
GALNT15,-2.579187519280849
GALNT6,-2.579187519280849
GALNTL6,-2.579187519280849
RFC1,-2.580322900976886
SELENOM,-2.580697008024677
SELENOF,-2.580697008024677
LTA4H,-2.5820447217279923
ASIC3,-2.5831743961727804
ASIC4,-2.5831743961727804
SCNN1D,-2.5831743961727804
SCNN1G,-2.5831743961727804
SCNN1B,-2.5831743961727804
ASIC1,-2.5831743961727804
SCNN1A,-2.5831743961727804
ASIC2,-2.5831743961727804
SIL1,-2.59223183626128
PKP1,-2.597627598286624
PKP3,-2.597627598286624
PKP2,-2.597627598286624
CTNND1,-2.597627598286624
ALDH7A1,-2.606602306664497
EXT2,-2.608062844320409
BOK,-2.610074788699148
MCL1,-2.610074788699148
BAX,-2.610074788699148
BCL2L10,-2.610074788699148
BCL2A1,-2.610074788699148
BAK1,-2.610074788699148
SMOC1,-2.611711549353449
SMOC2,-2.611711549353449
RCC2,-2.61276554164996
CIAO2B,-2.620804128400108
TPH1,-2.6241029385780035
TPH2,-2.6241029385780035
PTAR1,-2.626535640831169
CSRP3,-2.6358450900851915
CSRP2,-2.6358450900851915
CSRP1,-2.6358450900851915
GGT6,-2.637529375859639
GGT5,-2.637529375859639
ALDH4A1,-2.640936584213203
SLC25A3,-2.641935056329982
SLC37A3,-2.6506849374967336
SLC17A4,-2.6506849374967336
SLC37A2,-2.6506849374967336
SLC17A2,-2.6506849374967336
SLC17A6,-2.6506849374967336
SLC37A1,-2.6506849374967336
SLC17A7,-2.6506849374967336
SLC17A3,-2.6506849374967336
SLC17A5,-2.6506849374967336
SLC17A1,-2.6506849374967336
SLC17A8,-2.6506849374967336
SLC37A4,-2.6506849374967336
PFDN1,-2.655003724603253
FA2H,-2.6759525610617767
BRF1,-2.679468617832399
SSR4,-2.6810066841499887
AREL1,-2.69575810263129
FAM162B,-2.6977822067922737
FAM162A,-2.6977822067922737
SFN,-2.710533678275328
YWHAZ,-2.710533678275328
YWHAB,-2.710533678275328
YWHAQ,-2.710533678275328
SECISBP2L,-2.713113344558476
SECISBP2,-2.713113344558476
PGGHG,-2.7175779108217006
C1GALT1,-2.718116113263221
C1GALT1C1L,-2.718116113263221
C1GALT1C1,-2.718116113263221
SPCS2,-2.7187781371348785
FJX1,-2.724349032885255
NDUFS8,-2.7244920948272577
SCO1,-2.725292327417588
MTG2,-2.7382455250498228
VSNL1,-2.74520616311863
GUCA1A,-2.74520616311863
KCNIP4,-2.74520616311863
GUCA1B,-2.74520616311863
NCS1,-2.74520616311863
HPCA,-2.74520616311863
GUCA1C,-2.74520616311863
RCVRN,-2.74520616311863
HPCAL1,-2.74520616311863
KCNIP2,-2.74520616311863
KCNIP3,-2.74520616311863
HPCAL4,-2.74520616311863
CLXN,-2.74520616311863
KCNIP1,-2.74520616311863
UPB1,-2.745785033947543
N/A,-2.7482022052568924
CNPY2,-2.7482022052568924
CNPY1,-2.7482022052568924
SMYD5,-2.757572386217087
RABGGTB,-2.765745983669722
NUP37,-2.7828486842937017
CHID1,-2.789412738184428
SHMT1,-2.7972552803548374
STOML1,-2.7998798079980096
AFG1L,-2.804218352957396
MSRA,-2.8049357353578657
MSRB1,-2.8049357353578657
MSRB2,-2.8049357353578657
DDO,-2.8139175808979826
DAO,-2.8139175808979826
LGI1,-2.816326651233552
LRRC26,-2.816326651233552
CPN2,-2.816326651233552
CHAD,-2.816326651233552
LGI4,-2.816326651233552
LRG1,-2.816326651233552
CHADL,-2.816326651233552
TRIL,-2.816326651233552
CFL2,-2.8245831980112985
CFL1,-2.8245831980112985
DSTN,-2.8245831980112985
NSF,-2.8266648127403884
PAM,-2.8284521758934686
AGTRAP,-2.8329847498896368
ADARB2,-2.839464641656744
ZFR2,-2.839464641656744
PRKRA,-2.839464641656744
STAU2,-2.839464641656744
ZFR,-2.839464641656744
ADARB1,-2.839464641656744
STAU1,-2.839464641656744
ADAD1,-2.839464641656744
STRBP,-2.839464641656744
TARBP2,-2.839464641656744
ADAD2,-2.839464641656744
ILF3,-2.839464641656744
SLC46A2,-2.846049539126017
SLC46A3,-2.846049539126017
SLC46A1,-2.846049539126017
SLC66A3,-2.848357690898792
CLPTM1L,-2.8513583273092054
PRPF6,-2.853415613888603
P4HA3,-2.8702843249646914
P4HTM,-2.8702843249646914
HSP90B1,-2.871269915058892
ATP6V1A,-2.8730625868265074
NAPG,-2.8792090047041987
IL4I1,-2.8823880180437818
MAOB,-2.8823880180437818
PAOX,-2.8823880180437818
MAOA,-2.8823880180437818
SMOX,-2.8823880180437818
STK32C,-2.886834722209659
STK32B,-2.886834722209659
STK32A,-2.886834722209659
SGK1,-2.886834722209659
MAST1,-2.886834722209659
MAST2,-2.886834722209659
LATS2,-2.886834722209659
MAST3,-2.886834722209659
DMPK,-2.886834722209659
MAST4,-2.886834722209659
COPA,-2.8870136290108586
DHRS4,-2.892237547863508
CBR3,-2.892237547863508
DHRS2,-2.892237547863508
DHRS4L2,-2.892237547863508
GUK1,-2.903235995957776
SLC18A1,-2.913184005794198
MTHFD2L,-2.916905733474001
SLC7A9,-2.9177892159491003
SLC7A2,-2.9177892159491003
SLC7A11,-2.9177892159491003
SLC7A3,-2.9177892159491003
SLC7A6,-2.9177892159491003
SLC7A5,-2.9177892159491003
SLC7A1,-2.9177892159491003
SLC7A4,-2.9177892159491003
SLC7A10,-2.9177892159491003
SLC7A8,-2.9177892159491003
SLC7A13,-2.9177892159491003
SLC7A7,-2.9177892159491003
FAH,-2.919830758909652
POFUT1,-2.9299993954000243
SMARCA1,-2.9311217875255418
GALM,-2.93293687178202
PDIA6,-2.9355408187187377
TVP23C,-2.943386824946971
TVP23B,-2.943386824946971
TVP23A,-2.943386824946971
RPN1,-2.954810702084165
MEMO1,-2.9552952605348084
FAM89B,-2.961714652881423
TRANK1,-2.961714652881423
FAM89A,-2.961714652881423
POLR2B,-2.976628952195345
ME3,-2.980643789975327
ME2,-2.980643789975327
ME1,-2.980643789975327
HES5,-2.98803902568841
HEYL,-2.98803902568841
SURF1,-2.990033381357464
PLSCR1,-2.9904417118390576
NANS,-2.9971173086894507
GOT1L1,-2.9983915972282977
GOT1,-2.9983915972282977
MFSD6L,-3.0187041454445
STXBP1,-3.0222165159093373
TRMT13,-3.0236392196569843
CPA3,-3.035006929087469
CPA1,-3.035006929087469
CPA5,-3.035006929087469
CPA4,-3.035006929087469
CPB1,-3.035006929087469
CPA2,-3.035006929087469
CPA6,-3.035006929087469
CPB2,-3.035006929087469
CPO,-3.035006929087469
CORO2B,-3.057238263778149
CORO6,-3.057238263778149
CORO1C,-3.057238263778149
CORO2A,-3.057238263778149
CORO1B,-3.057238263778149
CORO1A,-3.057238263778149
GUSB,-3.0574735944137705
LIX1,-3.062045366396412
LIX1L,-3.062045366396412
SCHIP1,-3.0732293871456138
PIGW,-3.094481909861536
TMED10,-3.096149524659837
EXOC1L,-3.098175450205241
EXOC1,-3.098175450205241
STXBP6,-3.098175450205241
SNTG1,-3.129430513265048
SNTG2,-3.129430513265048
ALDH16A1,-3.1313438408927974
ALDH3A1,-3.1313438408927974
ALDH1A2,-3.1313438408927974
ALDH1A1,-3.1313438408927974
ALDH1L2,-3.1313438408927974
ALDH9A1,-3.1313438408927974
ALDH3B1,-3.1313438408927974
ALDH1L1,-3.1313438408927974
ALDH3A2,-3.1313438408927974
ALDH1B1,-3.1313438408927974
ALPG,-3.133140648773334
ALPP,-3.133140648773334
ALPI,-3.133140648773334
ALPL,-3.133140648773334
DYNLRB2,-3.142235275939063
DYNLRB1,-3.142235275939063
PTS,-3.1488895901706258
CLCN7,-3.153869965172124
C3,-3.1544617439365945
A2M,-3.1544617439365945
PZP,-3.1544617439365945
C4A,-3.1544617439365945
CD109,-3.1544617439365945
C5,-3.1544617439365945
A2ML1,-3.1544617439365945
C4B,-3.1544617439365945
GAA,-3.1575786876204712
MYORG,-3.1575786876204712
SI,-3.1575786876204712
GANC,-3.1575786876204712
MGAM2,-3.1575786876204712
MGAM,-3.1575786876204712
TRPC1,-3.170242832617352
RFK,-3.1703217398549586
NUP133,-3.17779413970552
CPVL,-3.1814956973282262
NCLN,-3.185047674701742
MRPL24,-3.1868494539792964
SSR2,-3.186994119606464
GNPNAT1,-3.198269065734031
CMAS,-3.222931441872265
DNASE2,-3.226780258660992
DNASE2B,-3.226780258660992
SFXN2,-3.22842701196205
TBCE,-3.2659221786355603
ATP6V1D,-3.2774917835673905
DAAM1,-3.284575282055154
UGGT1,-3.305890777277657
UGGT2,-3.305890777277657
TUBA3E,-3.324575188342909
TUBA3D,-3.324575188342909
TUBA3C,-3.324575188342909
DCPS,-3.3255939655216995
PRDX4,-3.3321470467230334
MPDU1,-3.393988140670115
DNAJB1,-3.404752441316276
DNAJB8,-3.404752441316276
DNAJB14,-3.404752441316276
DNAJB2,-3.404752441316276
DNAJB6,-3.404752441316276
DNAJB12,-3.404752441316276
DNAJB5,-3.404752441316276
DNAJB7,-3.404752441316276
DUOXA1,-3.4180584100790767
DUOXA2,-3.4180584100790767
EFCAB6,-3.423560216523551
CAPS,-3.423560216523551
CAPS2,-3.423560216523551
PHF24,-3.423560216523551
SPATA21,-3.423560216523551
CYB561,-3.447927325779249
CYB561A3,-3.447927325779249
CYBRD1,-3.447927325779249
PLCB4,-3.4518094787807025
ANOS1,-3.452770119628305
FLNB,-3.4555719945778534
PGP,-3.465336543311921
LHPP,-3.465336543311921
PDXP,-3.465336543311921
PGLYRP3,-3.469074141329603
PGLYRP4,-3.469074141329603
PGLYRP2,-3.469074141329603
PGLYRP1,-3.469074141329603
PYGL,-3.4739264684704847
PYGB,-3.4739264684704847
PYGM,-3.4739264684704847
SPON1,-3.4821405791525564
EDC4,-3.482241441617239
PTP4A2,-3.5126888923650745
ARSF,-3.5307880353590986
ARSJ,-3.5307880353590986
ARSD,-3.5307880353590986
ARSL,-3.5307880353590986
ARSB,-3.5307880353590986
ARSI,-3.5307880353590986
GALNS,-3.5307880353590986
ARSK,-3.5307880353590986
GNS,-3.5307880353590986
SULF2,-3.5307880353590986
ARSH,-3.5307880353590986
SULF1,-3.5307880353590986
ARSA,-3.5307880353590986
ARSG,-3.5307880353590986
STS,-3.5307880353590986
DCAKD,-3.5407618480756504
TPSG1,-3.546887425974235
TPSD1,-3.546887425974235
TPSAB1,-3.546887425974235
TPSB2,-3.546887425974235
KDELR3,-3.572583416738974
KDELR2,-3.572583416738974
KDELR1,-3.572583416738974
SDHAF2,-3.581341985899682
HYOU1,-3.587325838293874
KCTD20,-3.6261042121813296
BTBD10,-3.6261042121813296
ATP6V1F,-3.6316062627275096
TMX1,-3.645166118388608
ERP27,-3.645166118388608
PDIA3,-3.645166118388608
P4HB,-3.645166118388608
PDIA2,-3.645166118388608
TMX4,-3.645166118388608
PDILT,-3.645166118388608
TMX3,-3.645166118388608
PDXK,-3.648243438037487
DDIT4L,-3.662757292724409
DDIT4,-3.662757292724409
TPST1,-3.6690031277935344
TPST2,-3.6690031277935344
ANKRD61,-3.6786258576055855
ANKRD54,-3.6786258576055855
DDX39A,-3.686284557627441
CTSV,-3.6955836313447454
CTSL,-3.6955836313447454
SLC24A3,-3.696486760963348
SLC24A4,-3.696486760963348
TTC36,-3.732825941385261
ELOVL7,-3.764908518468445
ELOVL1,-3.764908518468445
DDOST,-3.768236215959656
GZMA,-3.769976728163758
HGF,-3.769976728163758
MST1,-3.769976728163758
PIK3IP1,-3.769976728163758
GZMK,-3.769976728163758
HABP2,-3.769976728163758
CDY2B,-3.784832479797031
CDY1B,-3.784832479797031
CDYL,-3.784832479797031
CDY2A,-3.784832479797031
CDY1,-3.784832479797031
AUH,-3.784832479797031
CDYL2,-3.784832479797031
ECHDC2,-3.784832479797031
SORD,-3.810678993776422
MRPL13,-3.827584862496861
RPN2,-3.862390370406931
GLB1L,-3.910876931882953
GLB1L3,-3.910876931882953
GLB1L2,-3.910876931882953
GLB1,-3.910876931882953
PPAT,-3.923507782816451
ACYP1,-3.941912318850761
CARM1,-3.944178316196602
ABAT,-3.944547012211845
RAB36,-3.958315343427508
KLB,-3.963863468803648
LCTL,-3.963863468803648
KL,-3.963863468803648
LCT,-3.963863468803648
GBA3,-3.963863468803648
KCTD3,-3.977804880988489
SHKBP1,-3.977804880988489
DBP,-3.9799757467808106
TEF,-3.9799757467808106
HLF,-3.9799757467808106
AKR1B1,-3.9858259694673657
AKR1E2,-3.9858259694673657
GYS2,-4.00547151012391
GYS1,-4.00547151012391
PPEF2,-4.007540479685622
PPEF1,-4.007540479685622
GCK,-4.04896298176951
MT-ND2,-4.075247182454413
STT3B,-4.092780900749886
CRISP3,-4.098748634670882
CLEC18B,-4.098748634670882
CLEC18C,-4.098748634670882
CRISP2,-4.098748634670882
GLIPR1L1,-4.098748634670882
CLEC18A,-4.098748634670882
GLIPR1,-4.098748634670882
GLIPR1L2,-4.098748634670882
CRISPLD1,-4.098748634670882
R3HDML,-4.098748634670882
CRISP1,-4.098748634670882
PI15,-4.098748634670882
CRISPLD2,-4.098748634670882
POSTN,-4.119365368803171
TGFBI,-4.119365368803171
COX7A2L,-4.1317631770713
COX7A2,-4.1317631770713
COX7A1,-4.1317631770713
PACSIN2,-4.148999036322129
PACSIN1,-4.148999036322129
PACSIN3,-4.148999036322129
RPE65,-4.151703179968525
BCO2,-4.151703179968525
BCO1,-4.151703179968525
AHCYL2,-4.176720809513921
AHCYL1,-4.176720809513921
SLC26A11,-4.227099453339836
CNPY4,-4.227776220628224
GDA,-4.239026777153168
TPM4,-4.24985577520613
TPM3,-4.24985577520613
TPM1,-4.24985577520613
TPM2,-4.24985577520613
CLCNKA,-4.257898472853763
CLCNKB,-4.257898472853763
SSR1,-4.292057125291282
GGN,-4.343800679948499
ZNF512,-4.343800679948499
ZNF512B,-4.343800679948499
DYRK4,-4.40675076801521
DHDH,-4.407308602779734
ALDH5A1,-4.412286445326331
SCD5,-4.492429398007881
UGT2B4,-4.596622900263662
UGT2A2,-4.596622900263662
UGT2A3,-4.596622900263662
UGT2B28,-4.596622900263662
UGT8,-4.596622900263662
UGT1A1,-4.596622900263662
UGT1A10,-4.596622900263662
UGT1A8,-4.596622900263662
UGT1A6,-4.596622900263662
UGT3A2,-4.596622900263662
UGT2B7,-4.596622900263662
UGT2B11,-4.596622900263662
UGT1A9,-4.596622900263662
UGT2A1,-4.596622900263662
UGT1A5,-4.596622900263662
UGT1A3,-4.596622900263662
UGT2B10,-4.596622900263662
UGT2B17,-4.596622900263662
UGT2B15,-4.596622900263662
UGT1A7,-4.596622900263662
UGT1A4,-4.596622900263662
UGT3A1,-4.596622900263662
YPEL4,-4.606547932063664
YPEL1,-4.606547932063664
FOXRED1,-4.606547932063664
PDPR,-4.606547932063664
SCG5,-4.663387602644388
NFILZ,-4.685133006462938
NFIL3,-4.685133006462938
THBS4,-4.741892467430788
THBS2,-4.741892467430788
THBS3,-4.741892467430788
THBS1,-4.741892467430788
COMP,-4.741892467430788
ISM1,-4.741892467430788
PLA1A,-4.803789820550759
LIPH,-4.803789820550759
LIPG,-4.803789820550759
LPL,-4.803789820550759
PNLIPRP2,-4.803789820550759
PNLIPRP1,-4.803789820550759
LIPC,-4.803789820550759
LIPI,-4.803789820550759
PNLIPRP3,-4.803789820550759
PNLIP,-4.803789820550759
ANKRD65,-4.844088185779971
FRMPD3,-4.872489826087121
FRMPD1,-4.872489826087121
FRMPD4,-4.872489826087121
LIPJ,-4.891353492100938
LIPK,-4.891353492100938
LIPF,-4.891353492100938
LIPA,-4.891353492100938
LIPN,-4.891353492100938
LIPM,-4.891353492100938
SPSB3,-5.00595361980091
RLBP1,-5.040438508997904
CLVS2,-5.040438508997904
CLVS1,-5.040438508997904
KCNJ11,-5.099217778724411
KCNJ8,-5.099217778724411
CLN3,-5.220649029473204
PER3,-5.23814602848675
PER1,-5.23814602848675
PER2,-5.23814602848675
MYO7B,-5.2737586288614855
OCA2,-5.4089230448403605
ISYNA1,-5.437131651995463
PPP1R3G,-5.467556346416816
PPP1R3A,-5.467556346416816
PPP1R3B,-5.467556346416816
PPP1R3C,-5.467556346416816
PPP1R3F,-5.467556346416816
PPP1R3D,-5.467556346416816
SLC22A7,-5.673006455849533
SLC22A17,-5.673006455849533
SLC22A13,-5.673006455849533
SLC22A14,-5.673006455849533
SLC22A24,-5.673006455849533
SLC22A10,-5.673006455849533
SLC22A4,-5.673006455849533
SLC22A5,-5.673006455849533
SLC22A8,-5.673006455849533
SLC22A3,-5.673006455849533
SLC22A6,-5.673006455849533
SLC22A12,-5.673006455849533
SLC22A11,-5.673006455849533
SLC22A25,-5.673006455849533
SLC22A31,-5.673006455849533
SLC22A15,-5.673006455849533
SLC22A9,-5.673006455849533
SLC22A2,-5.673006455849533
SLC22A23,-5.673006455849533
SLC22A16,-5.673006455849533
SVOPL,-5.673006455849533
SLC22A1,-5.673006455849533
OPN4,-5.737761306043666
GPC1,-5.817214025322103
GPC6,-5.817214025322103
GPC4,-5.817214025322103
GPC2,-5.817214025322103
MT-ND3,-5.894545191767732
ABHD2,-5.971399172265734
SLC23A1,-6.038461038084863
SLC23A2,-6.038461038084863
ATP6V0E2,-6.160718395312476
ATP6V0E1,-6.160718395312476
GCLM,-6.296705769474795
KEL,-6.392997226044825
CA13,-6.60522922922349
CA1,-6.60522922922349
CA10,-6.60522922922349
CA9,-6.60522922922349
CA14,-6.60522922922349
CA8,-6.60522922922349
CA5B,-6.60522922922349
CA11,-6.60522922922349
CA4,-6.60522922922349
CA3,-6.60522922922349
CA7,-6.60522922922349
CA6,-6.60522922922349
CA5A,-6.60522922922349
CA12,-6.60522922922349
TENT5C,-6.657253010662121
TENT5D,-6.657253010662121
TENT5B,-6.657253010662121
TENT5A,-6.657253010662121
MIB1,-6.676644494034157
UNC93A,-6.803861123381692
USP8,-8.639218960610116
GLDC,-8.877919557816822
RNF150,-9.474527998841324
