Pathway,Database,NES,Direction,FDR q-val,Tag %,Gene %
ABC transporters,KEGG_2021_Human,3.221714144331464,Upregulated,0.0,29/35,5.25%
Long-Chain Fatty Acid Metabolic Process (GO:0001676),GO_Biological_Process_2025,2.988503706045964,Upregulated,0.0,25/36,3.05%
Oxidation By Cytochrome P450 WP43,WikiPathways_2024_Human,2.9730437035537336,Upregulated,0.0,15/23,0.22%
Cytochrome P450 - Arranged By Substrate Type R-HSA-211897,Reactome_2022,2.8322331801123357,Upregulated,0.0,12/25,1.73%
Fatty Acid Metabolism R-HSA-8978868,Reactome_2022,2.705584951589511,Upregulated,0.0,37/89,6.13%
Very Long-Chain Fatty Acid Metabolic Process (GO:0000038),GO_Biological_Process_2025,2.6709001859756865,Upregulated,0.0,14/21,6.09%
Monocarboxylic Acid Transmembrane Transporter Activity (GO:0008028),GO_Molecular_Function_2025,2.654023053335337,Upregulated,0.0,20/31,2.54%
Phase I - Functionalization Of Compounds R-HSA-211945,Reactome_2022,2.6438646539442723,Upregulated,0.0,16/51,1.73%
Icosanoid Metabolic Process (GO:0006690),GO_Biological_Process_2025,2.6267962971070995,Upregulated,0.0,12/24,1.28%
PPAR signaling pathway,KEGG_2021_Human,2.622645343467619,Upregulated,0.0,26/52,3.94%
PPAR Signaling WP3942,WikiPathways_2024_Human,2.609280613853503,Upregulated,0.0,23/46,3.94%
ABC-family Proteins Mediated Transport R-HSA-382556,Reactome_2022,2.5715130038942657,Upregulated,0.0,23/86,2.28%
Long-Chain fatty-acyl-CoA Metabolic Process (GO:0035336),GO_Biological_Process_2025,2.5616176516724662,Upregulated,0.0,13/19,5.82%
ABC Transporters In Lipid Homeostasis R-HSA-1369062,Reactome_2022,2.543213482280948,Upregulated,0.0,12/16,4.63%
D-mannose Binding (GO:0005537),GO_Molecular_Function_2025,2.534925422338852,Upregulated,0.0,11/15,4.17%
fatty-acyl-CoA Biosynthetic Process (GO:0046949),GO_Biological_Process_2025,2.508045337450283,Upregulated,0.0,11/20,5.82%
Arachidonic Acid Metabolism R-HSA-2142753,Reactome_2022,2.4865340215710985,Upregulated,0.0,11/26,1.29%
Lipid Droplet (GO:0005811),GO_Cellular_Component_2025,2.479834999933761,Upregulated,0.0,18/51,5.07%
Fatty Acid Metabolic Process (GO:0006631),GO_Biological_Process_2025,2.4651777101175525,Upregulated,0.0,37/77,7.53%
Synthesis Of Very Long-Chain Fatty acyl-CoAs R-HSA-75876,Reactome_2022,2.462842703300012,Upregulated,0.0,11/19,5.82%
Long-Chain Fatty Acid Transport (GO:0015909),GO_Biological_Process_2025,2.438214647308386,Upregulated,0.0,13/19,3.10%
Monocarboxylic Acid Transport (GO:0015718),GO_Biological_Process_2025,2.4376294984558844,Upregulated,0.0,23/51,3.10%
Adipocytokine signaling pathway,KEGG_2021_Human,2.4269907250322604,Upregulated,0.0,24/43,11.29%
TORC1 Signaling (GO:0038202),GO_Biological_Process_2025,2.421946355106462,Upregulated,0.0,8/16,1.68%
Unsaturated Fatty Acid Metabolic Process (GO:0033559),GO_Biological_Process_2025,2.4105476814459457,Upregulated,4.563276774116093e-05,10/18,1.05%
Synthesis Of Leukotrienes (LT) And Eoxins (EX) R-HSA-2142691,Reactome_2022,2.370343581452637,Upregulated,4.387766128957782e-05,9/15,1.29%
Sulfation Biotransformation Reaction WP692,WikiPathways_2024_Human,2.3658262114214543,Upregulated,4.225256272329715e-05,13/15,8.56%
Nuclear Receptors In Lipid Metabolism And Toxicity WP299,WikiPathways_2024_Human,2.320632303907268,Upregulated,0.0001629741705041,7/22,5.25%
Fatty Acid Beta-Oxidation (GO:0006635),GO_Biological_Process_2025,2.3061563523528497,Upregulated,0.0001573543715212,18/28,11.15%
Acylglycerol Biosynthetic Process (GO:0046463),GO_Biological_Process_2025,2.2870066282267585,Upregulated,0.0001901365322548,9/17,2.93%
Lipid Transport (GO:0006869),GO_Biological_Process_2025,2.277688294315015,Upregulated,0.0002576043340226,26/78,6.86%
Acylglycerol O-acyltransferase Activity (GO:0016411),GO_Molecular_Function_2025,2.2775300953684594,Upregulated,0.0002495541985844,8/23,0.52%
Peroxisome,KEGG_2021_Human,2.277475893741045,Upregulated,0.0002765622287343,30/60,15.53%
TOR Signaling (GO:0031929),GO_Biological_Process_2025,2.2743559532643145,Upregulated,0.0002684280455362,16/27,18.08%
Thermogenesis WP4321,WikiPathways_2024_Human,2.260168231472623,Upregulated,0.0003911380092099,25/70,10.77%
Fatty acid elongation,KEGG_2021_Human,2.256937873087886,Upregulated,0.0003802730645096,8/16,5.82%
Triglyceride Biosynthetic Process (GO:0019432),GO_Biological_Process_2025,2.255077022323192,Upregulated,0.0003699954141175,14/15,19.10%
Cell adhesion molecules,KEGG_2021_Human,2.247231494399309,Upregulated,0.0003602586926933,17/33,10.45%
"3',5'-Cyclic-Nucleotide Phosphodiesterase Activity (GO:0004114)",GO_Molecular_Function_2025,2.2434853054661934,Upregulated,0.0003617231589238,17/18,20.78%
"3',5'-cyclic-AMP Phosphodiesterase Activity (GO:0004115)",GO_Molecular_Function_2025,2.2434853054661934,Upregulated,0.0003617231589238,17/18,20.78%
"3',5'-cyclic-GMP Phosphodiesterase Activity (GO:0047555)",GO_Molecular_Function_2025,2.2434853054661934,Upregulated,0.0003617231589238,17/18,20.78%
Fatty acyl-CoA Biosynthesis R-HSA-75105,Reactome_2022,2.2418437354808,Upregulated,0.0003531107027589,12/25,5.82%
Cytoplasmic Ribosomal Proteins WP477,WikiPathways_2024_Human,2.2362188030309578,Upregulated,0.0003979601837891,46/75,31.11%
cAMP-mediated Signaling (GO:0019933),GO_Biological_Process_2025,2.2292417355459597,Upregulated,0.0004407710520453,19/20,23.63%
Fatty Acid Oxidation (GO:0019395),GO_Biological_Process_2025,2.228624432349968,Upregulated,0.0004309761397776,16/29,8.47%
Peroxisomal Membrane (GO:0005778),GO_Cellular_Component_2025,2.2062711124415024,Upregulated,0.0005825459711637,20/38,14.25%
Microbody Membrane (GO:0031903),GO_Cellular_Component_2025,2.2062711124415024,Upregulated,0.0005825459711637,20/38,14.25%
Extrinsic Component of Cytoplasmic Side of Plasma Membrane (GO:0031234),GO_Cellular_Component_2025,2.19843279467329,Upregulated,0.0005704095967645,15/29,3.32%
Formation Of A Pool Of Free 40S Subunits R-HSA-72689,Reactome_2022,2.195630882365936,Upregulated,0.0005820506089433,53/81,31.11%
Regulation of Cholesterol Efflux (GO:0010874),GO_Biological_Process_2025,2.1945568333307475,Upregulated,0.0005704095967645,9/17,11.29%
L13a-mediated Translational Silencing Of Ceruloplasmin Expression R-HSA-156827,Reactome_2022,2.17637219784114,Upregulated,0.0006934391176352,57/88,31.11%
Ribosome Biogenesis (GO:0042254),GO_Biological_Process_2025,2.161108914920673,Upregulated,0.0007678590725676,70/134,31.11%
GTP Hydrolysis And Joining Of 60S Ribosomal Subunit R-HSA-72706,Reactome_2022,2.159721219800235,Upregulated,0.000753371165538,57/89,31.11%
ERK/MAPK Targets R-HSA-198753,Reactome_2022,2.154093838517234,Upregulated,0.0007816724103809,5/15,2.84%
Peroxisome (GO:0005777),GO_Cellular_Component_2025,2.145064247123323,Upregulated,0.0009541396891333,33/79,14.25%
Eicosanoid Metabolism Via Cyclooxygenases COX WP4719,WikiPathways_2024_Human,2.133175817527968,Upregulated,0.0010797038795899,9/15,10.22%
Cell Cycle G1/S Phase Transition (GO:0044843),GO_Biological_Process_2025,2.1284117167808128,Upregulated,0.0011014806006487,27/44,18.05%
G1/S Transition of Mitotic Cell Cycle (GO:0000082),GO_Biological_Process_2025,2.1284117167808128,Upregulated,0.0011014806006487,27/44,18.05%
Adenylate Cyclase-Modulating G Protein-Coupled Receptor Signaling Pathway (GO:0007188),GO_Biological_Process_2025,2.1230764844385885,Upregulated,0.001140819193529,18/51,6.75%
Heterotrimeric G-protein Complex (GO:0005834),GO_Cellular_Component_2025,2.1216498171159173,Upregulated,0.0011788464999799,14/26,3.32%
Triglyceride Metabolism R-HSA-8979227,Reactome_2022,2.1148286842688395,Upregulated,0.0012530309174826,11/27,4.54%
Translation Factors WP107,WikiPathways_2024_Human,2.109644679399447,Upregulated,0.0013800232179786,23/44,18.06%
Glycerolipids And Glycerophospholipids WP4722,WikiPathways_2024_Human,2.102940092598899,Upregulated,0.0016116334638743,12/17,19.47%
Cellular Response to cAMP (GO:0071320),GO_Biological_Process_2025,2.0963181237586506,Upregulated,0.0016934034903946,16/21,20.75%
"Formation Of Ternary Complex, And Subsequently, 43S Complex R-HSA-72695",Reactome_2022,2.0933993347340745,Upregulated,0.0017024532580356,31/46,30.44%
Metabolism Of Lipids R-HSA-556833,Reactome_2022,2.092928158070785,Upregulated,0.0017112287902935,126/458,14.26%
Lipid Phosphatase Activity (GO:0042577),GO_Molecular_Function_2025,2.092639903977157,Upregulated,0.0016856880620801,13/18,6.94%
Cellular Response to Type II Interferon (GO:0071346),GO_Biological_Process_2025,2.090546151494115,Upregulated,0.0017112287902935,9/16,7.55%
Sphingolipid Metabolic Process (GO:0006665),GO_Biological_Process_2025,2.085376512828739,Upregulated,0.0018848317110479,22/53,13.73%
rRNA Processing (GO:0006364),GO_Biological_Process_2025,2.0757135516735112,Upregulated,0.0022979358041084,53/90,31.11%
Membrane Lipid Biosynthetic Process (GO:0046467),GO_Biological_Process_2025,2.07244053038587,Upregulated,0.0023459098909188,12/32,12.61%
"DNA-binding Transcription Activator Activity, RNA Polymerase II-specific (GO:0001228)",GO_Molecular_Function_2025,2.066762485429721,Upregulated,0.0026302220295252,58/165,14.39%
rRNA Metabolic Process (GO:0016072),GO_Biological_Process_2025,2.0663900650674565,Upregulated,0.0026098192509499,47/75,32.74%
"mRNA Activation Upon Binding Of Cap-Binding Complex And eIFs, Subsequent Binding To 43S R-HSA-72662",Reactome_2022,2.0635367360723844,Upregulated,0.0026978832279402,34/51,30.44%
Pyruvate Metabolism And Citric Acid (TCA) Cycle R-HSA-71406,Reactome_2022,2.0591770902663487,Upregulated,0.0027835988322108,18/37,14.29%
Ribonucleoprotein Complex Biogenesis (GO:0022613),GO_Biological_Process_2025,2.0590253897663326,Upregulated,0.0027469725317869,52/103,31.11%
Ribosomal Large Subunit Biogenesis (GO:0042273),GO_Biological_Process_2025,2.052874579379996,Upregulated,0.002889087568028,23/44,24.86%
rRNA Processing In Nucleus And Cytosol R-HSA-8868773,Reactome_2022,2.0524081127032763,Upregulated,0.0028959256451121,82/155,31.11%
Fatty Acid Catabolic Process (GO:0009062),GO_Biological_Process_2025,2.0460680387395302,Upregulated,0.0031625240934538,20/34,11.15%
G1 To S Cell Cycle Control WP45,WikiPathways_2024_Human,2.0456912785146315,Upregulated,0.0031515130221239,21/46,17.89%
Glycerophospholipid Biosynthetic Pathway WP2533,WikiPathways_2024_Human,2.041957620624722,Upregulated,0.0032111947669705,15/27,17.61%
Translation Initiation Complex Formation R-HSA-72649,Reactome_2022,2.0404452314001715,Upregulated,0.0032276835719357,33/50,30.44%
Response to cAMP (GO:0051591),GO_Biological_Process_2025,2.039565269649919,Upregulated,0.0032712646754205,16/23,20.75%
Branched-Chain Amino Acid Catabolic Process (GO:0009083),GO_Biological_Process_2025,2.038483922656348,Upregulated,0.0033002269527089,13/15,22.79%
LDL Influence On CD14 And TLR4 WP5272,WikiPathways_2024_Human,2.038120534399651,Upregulated,0.0032882435578189,11/15,10.77%
Catabolism Of Skeletal Muscle In Cachexia WP5474,WikiPathways_2024_Human,2.0358041679346104,Upregulated,0.0033959269016677,10/19,10.27%
Fatty Acid Derivative Biosynthetic Process (GO:1901570),GO_Biological_Process_2025,2.033607009128811,Upregulated,0.0034749090377608,6/20,2.07%
Cap-dependent Translation Initiation R-HSA-72737,Reactome_2022,2.0314435273375304,Upregulated,0.0036039515431939,57/95,30.44%
rRNA Processing R-HSA-72312,Reactome_2022,2.0291074748283124,Upregulated,0.0036660032511157,85/162,31.11%
Fatty acid degradation,KEGG_2021_Human,2.02459368725939,Upregulated,0.0039421641020836,16/36,6.06%
Lipid Droplet Organization (GO:0034389),GO_Biological_Process_2025,2.021734460168404,Upregulated,0.0040242083639869,7/23,3.98%
Heterophilic Cell-Cell Adhesion via Plasma Membrane Cell Adhesion Molecules (GO:0007157),GO_Biological_Process_2025,2.017734094797418,Upregulated,0.0041788703067313,11/17,10.44%
Eicosanoid Metabolism Via Lipooxygenases LOX WP4721,WikiPathways_2024_Human,2.017392405183261,Upregulated,0.0041462030904603,5/16,0.70%
Longevity regulating pathway,KEGG_2021_Human,2.014992976156797,Upregulated,0.0042234582909372,32/69,18.12%
Lipid Metabolic Process (GO:0006629),GO_Biological_Process_2025,2.0142130847785844,Upregulated,0.0042150267045124,48/147,8.54%
Ribosomal Scanning And Start Codon Recognition R-HSA-72702,Reactome_2022,2.0116429974579937,Upregulated,0.004242421375936,33/51,30.44%
Glycerophospholipid Biosynthesis R-HSA-1483206,Reactome_2022,2.010395268970718,Upregulated,0.0042339681409324,28/81,12.55%
Major Pathway Of rRNA Processing In Nucleolus And Cytosol R-HSA-6791226,Reactome_2022,2.002172503433606,Upregulated,0.0045981998106526,75/145,31.11%
Sterol Metabolic Process (GO:0016125),GO_Biological_Process_2025,2.0002343517637318,Upregulated,0.0046439407574969,9/23,8.42%
Organophosphate Biosynthetic Process (GO:0090407),GO_Biological_Process_2025,1.997847667837357,Upregulated,0.0047800324208866,19/28,23.51%
AMP Activated Protein Kinase Signaling WP1403,WikiPathways_2024_Human,1.9973977638334388,Upregulated,0.0048004768044538,24/43,18.05%
Interferon Type I Signaling WP585,WikiPathways_2024_Human,1.9913967141259417,Upregulated,0.0052231623860593,16/29,18.08%
Cytosolic Large Ribosomal Subunit (GO:0022625),GO_Cellular_Component_2025,1.9912254821745743,Upregulated,0.0051227169555582,25/38,31.11%
Large Ribosomal Subunit (GO:0015934),GO_Cellular_Component_2025,1.9912254821745743,Upregulated,0.0051227169555582,25/38,31.11%
Disorders Of Bile Acid Synthesis And Biliary Transport WP5176,WikiPathways_2024_Human,1.9907464042082883,Upregulated,0.0050956590644296,7/17,2.18%
Fatty Acid Biosynthesis WP357,WikiPathways_2024_Human,1.9903596103120291,Upregulated,0.0050691116995487,8/16,5.08%
Leucine Isoleucine And Valine Metabolism WP4686,WikiPathways_2024_Human,1.9853631777004872,Upregulated,0.0054588731503444,15/20,21.36%
Cis-Regulatory Region Sequence-Specific DNA Binding (GO:0000987),GO_Molecular_Function_2025,1.9760398413695288,Upregulated,0.0061583110169205,128/440,14.05%
Pyruvate Metabolism R-HSA-70268,Reactome_2022,1.9738072466746317,Upregulated,0.0062902049111095,11/20,12.97%
"Parathyroid hormone synthesis, secretion and action",KEGG_2021_Human,1.9683439372899367,Upregulated,0.006689348907511,32/63,20.72%
Fatty Acid Beta Oxidation WP143,WikiPathways_2024_Human,1.9597298052572616,Upregulated,0.0074821294854876,13/28,6.06%
Nuclear Receptor Transcription Pathway R-HSA-383280,Reactome_2022,1.957902475192729,Upregulated,0.0075782989284427,41/45,41.61%
AMPK signaling pathway,KEGG_2021_Human,1.9520533776109856,Upregulated,0.0080059258448541,36/79,18.05%
Sulfotransferase Activity (GO:0008146),GO_Molecular_Function_2025,1.9433593332193289,Upregulated,0.0089564313877936,12/23,8.43%
Membrane Assembly (GO:0071709),GO_Biological_Process_2025,1.942910470106536,Upregulated,0.0089083098764266,4/23,0.31%
Class I Peroxisomal Membrane Protein Import R-HSA-9603798,Reactome_2022,1.9365602363938568,Upregulated,0.009618285959236,10/16,13.45%
NRF2 Pathway WP2884,WikiPathways_2024_Human,1.935572400752124,Upregulated,0.0096628360751048,25/82,3.35%
Positive Regulation of Cholesterol Transport (GO:0032376),GO_Biological_Process_2025,1.9328664047427777,Upregulated,0.0101030174342188,9/15,11.29%
RNA Polymerase II Cis-Regulatory Region Sequence-Specific DNA Binding (GO:0000978),GO_Molecular_Function_2025,1.9311429132400604,Upregulated,0.0102386125940251,130/464,14.05%
Cell Junction Organization (GO:0034330),GO_Biological_Process_2025,1.9279904765644484,Upregulated,0.0105906048465944,16/29,22.12%
Sphingolipid Biosynthetic Process (GO:0030148),GO_Biological_Process_2025,1.921867491792453,Upregulated,0.011219626779335,16/52,12.61%
Glycerophospholipid metabolism,KEGG_2021_Human,1.9196072032531912,Upregulated,0.0113894899812979,36/71,25.58%
Hair Follicle Development Cytodifferentiation Stage 3 Of 3 WP2840,WikiPathways_2024_Human,1.910316083996259,Upregulated,0.0126974103735059,15/35,13.00%
Regulation of lipolysis in adipocytes,KEGG_2021_Human,1.909618912390984,Upregulated,0.012668613141044,18/31,20.67%
Nuclear Receptors WP170,WikiPathways_2024_Human,1.9095336222823989,Upregulated,0.0125855173430121,20/35,26.01%
Lipid Modification (GO:0030258),GO_Biological_Process_2025,1.908981432440221,Upregulated,0.0125580652494028,13/32,6.94%
Phospholipid Biosynthetic Process (GO:0008654),GO_Biological_Process_2025,1.9080106442079996,Upregulated,0.0126478222400698,10/23,14.42%
Glutathione metabolism,KEGG_2021_Human,1.9035757024247293,Upregulated,0.0131818092752298,11/29,8.80%
Adipogenesis WP236,WikiPathways_2024_Human,1.902485321310583,Upregulated,0.0132741830192795,22/72,11.29%
Peptide Chain Elongation R-HSA-156902,Reactome_2022,1.9018361484082649,Upregulated,0.0133037069029999,41/69,31.11%
Eukaryotic Translation Elongation R-HSA-156842,Reactome_2022,1.897084814153724,Upregulated,0.0138988353654375,43/73,31.11%
Thyroid Stimulating Hormone TSH Signaling WP2032,WikiPathways_2024_Human,1.8949648367246124,Upregulated,0.0142343122101689,19/35,20.72%
Lysophosphatidic Acid Acyltransferase Activity (GO:0042171),GO_Molecular_Function_2025,1.8942284404672565,Upregulated,0.0142387959493096,9/17,17.46%
Selective Autophagy R-HSA-9663891,Reactome_2022,1.884986387859919,Upregulated,0.0157671428836996,23/42,27.24%
Insulin resistance,KEGG_2021_Human,1.8832904947952696,Upregulated,0.0158954140965043,32/80,10.77%
Cholesterol Metab With Bloch And Kandutsch Russell Pathways WP4718,WikiPathways_2024_Human,1.8801196401500837,Upregulated,0.0163321688955956,7/21,5.25%
SUMOylation Of Transcription Cofactors R-HSA-3899300,Reactome_2022,1.880101573186024,Upregulated,0.0162129559839489,14/29,20.98%
Regulation of Small GTPase Mediated Signal Transduction (GO:0051056),GO_Biological_Process_2025,1.8769612199936916,Upregulated,0.0167568152556763,26/77,19.95%
Cellular Response to Growth Factor Stimulus (GO:0071363),GO_Biological_Process_2025,1.8731028037278032,Upregulated,0.0173420932081066,41/70,29.71%
Carboxylic Acid Transmembrane Transporter Activity (GO:0046943),GO_Molecular_Function_2025,1.867709428401455,Upregulated,0.0183671890158172,16/53,2.51%
Regulation Of Lipid Metabolism By PPARalpha R-HSA-400206,Reactome_2022,1.8676425128666423,Upregulated,0.0182531070964643,29/84,18.40%
Photodynamic Therapy Induced NFE2L2 NRF2 Survival Signaling WP3612,WikiPathways_2024_Human,1.8638962863627897,Upregulated,0.0187753130653332,7/18,2.26%
Cellular Response to Insulin Stimulus (GO:0032869),GO_Biological_Process_2025,1.8638870194650352,Upregulated,0.0186440171697715,15/59,4.67%
Nuclear Localization Sequence Binding (GO:0008139),GO_Molecular_Function_2025,1.863071281347668,Upregulated,0.0186809142940377,14/23,26.68%
SARS CoV 2 Nsp1 Inhibits Translation Initiation In Host Cell WP5027,WikiPathways_2024_Human,1.8595763266879863,Upregulated,0.0193781908528412,10/16,17.52%
Response Of EIF2AK4 (GCN2) To Amino Acid Deficiency R-HSA-9633012,Reactome_2022,1.8593828813907665,Upregulated,0.019284532668696,42/75,31.11%
Nuclear Receptor-Mediated Signaling Pathway (GO:0141193),GO_Biological_Process_2025,1.8568459129179768,Upregulated,0.0196112251839989,15/25,26.01%
Branched-chain Amino Acid Catabolism R-HSA-70895,Reactome_2022,1.8530959859469505,Upregulated,0.0202957901119048,14/17,22.79%
Monoatomic Anion Transport (GO:0006820),GO_Biological_Process_2025,1.8455791091899572,Upregulated,0.0219818248632337,9/26,9.19%
Metapathway Biotransformation Phase I And II WP702,WikiPathways_2024_Human,1.8451997165097924,Upregulated,0.021896123054467,29/91,8.76%
Transcriptional Regulation By E2F6 R-HSA-8953750,Reactome_2022,1.8446649560566053,Upregulated,0.0218946624029609,11/25,15.36%
Carboxylic Acid Metabolic Process (GO:0019752),GO_Biological_Process_2025,1.8444624933130265,Upregulated,0.0218031562973803,7/17,3.94%
GTPase Activity (GO:0003924),GO_Molecular_Function_2025,1.843855350715452,Upregulated,0.0218172350344177,48/124,18.89%
Neurexins And Neuroligins R-HSA-6794361,Reactome_2022,1.8427580304285656,Upregulated,0.0219274338496487,5/33,0.36%
Fat digestion and absorption,KEGG_2021_Human,1.842521885561664,Upregulated,0.0218374874012942,13/29,6.91%
Regulation of RNA Splicing (GO:0043484),GO_Biological_Process_2025,1.842389332632788,Upregulated,0.0217121293947927,26/71,15.94%
Nuclear Receptors Meta Pathway WP2882,WikiPathways_2024_Human,1.8416333636981068,Upregulated,0.0217409619556613,43/171,8.56%
Small Cell Lung Cancer WP4658,WikiPathways_2024_Human,1.8408962944631613,Upregulated,0.0217910906713328,25/50,17.86%
Intracellular Lipid Transport (GO:0032365),GO_Biological_Process_2025,1.8403612628160877,Upregulated,0.0217473143118645,5/16,4.38%
Carboxylic Acid Catabolic Process (GO:0046395),GO_Biological_Process_2025,1.837017274709604,Upregulated,0.0223600561931688,8/15,11.86%
Carboxylic Acid Transmembrane Transport (GO:1905039),GO_Biological_Process_2025,1.8350806656525849,Upregulated,0.0228163838705804,17/32,12.14%
Renin Angiotensin Aldosterone System RAAS WP4756,WikiPathways_2024_Human,1.8350034741429009,Upregulated,0.0226966682761977,13/23,20.03%
Histone Demethylase Activity (GO:0032452),GO_Molecular_Function_2025,1.8300887415308773,Upregulated,0.0237122418875848,13/17,21.73%
Cul4-RING E3 Ubiquitin Ligase Complex (GO:0080008),GO_Cellular_Component_2025,1.8297057953321387,Upregulated,0.0236859106949166,13/23,24.99%
Positive Regulation of miRNA Transcription (GO:1902895),GO_Biological_Process_2025,1.8253756687104028,Upregulated,0.0246970070259737,10/18,27.22%
Cytosolic Sulfonation Of Small Molecules R-HSA-156584,Reactome_2022,1.8245621630349524,Upregulated,0.0247406572090631,11/21,8.43%
PPARA Activates Gene Expression R-HSA-1989781,Reactome_2022,1.823387217602094,Upregulated,0.0249272409412419,27/82,18.40%
Ribonucleoside Triphosphate Phosphatase Activity (GO:0017111),GO_Molecular_Function_2025,1.821999172347018,Upregulated,0.0252066717046412,48/126,18.89%
Phosphatase Activator Activity (GO:0019211),GO_Molecular_Function_2025,1.8192301941053928,Upregulated,0.0258405672948467,6/20,13.24%
Biological Oxidations R-HSA-211859,Reactome_2022,1.81744862601724,Upregulated,0.0261046274283994,24/129,1.73%
Cholesterol Biosynthesis Pathway In Hepatocytes WP5329,WikiPathways_2024_Human,1.8163881708200773,Upregulated,0.026205484164807,8/20,14.20%
Nonsense Mediated Decay (NMD) Independent Of Exon Junction Complex (EJC) R-HSA-975956,Reactome_2022,1.8138991435541356,Upregulated,0.0269153737636091,41/73,31.11%
Bile Acid Biosynthetic Process (GO:0006699),GO_Biological_Process_2025,1.813770944665367,Upregulated,0.0267993595520343,5/15,6.83%
Cellular Response to Nitrogen Compound (GO:1901699),GO_Biological_Process_2025,1.8104428701911932,Upregulated,0.0276222486341251,36/82,21.24%
Positive Regulation of Insulin Secretion (GO:0032024),GO_Biological_Process_2025,1.8098617058055035,Upregulated,0.0276143434502225,7/19,10.12%
Synapse Assembly (GO:0007416),GO_Biological_Process_2025,1.8082099426711185,Upregulated,0.0279371063869891,5/31,0.36%
Solute:Sodium Symporter Activity (GO:0015370),GO_Molecular_Function_2025,1.8059348425933632,Upregulated,0.0283915737146629,12/36,2.54%
Head And Neck Squamous Cell Carcinoma WP4674,WikiPathways_2024_Human,1.803221941708779,Upregulated,0.0289498893099471,18/40,18.08%
Metallopeptidase Activity (GO:0008237),GO_Molecular_Function_2025,1.8028226222847343,Upregulated,0.0289092506248472,29/56,19.32%
Cyclic Nucleotide Binding (GO:0030551),GO_Molecular_Function_2025,1.800390218687164,Upregulated,0.0294077836554148,7/19,3.37%
Excitatory Synapse (GO:0060076),GO_Cellular_Component_2025,1.8001434422943852,Upregulated,0.0292957326603475,5/15,5.36%
Recycling Pathway Of L1 R-HSA-437239,Reactome_2022,1.7989854835748147,Upregulated,0.0294419107253067,6/19,1.68%
Glutathione Metabolic Process (GO:0006749),GO_Biological_Process_2025,1.7974445139021449,Upregulated,0.0299106584183183,6/19,0.89%
Cyclin-Dependent Protein Serine/Threonine Kinase Regulator Activity (GO:0016538),GO_Molecular_Function_2025,1.797331221812133,Upregulated,0.0297853011180077,19/34,17.92%
Triacylglyceride Synthesis WP325,WikiPathways_2024_Human,1.7970217941057964,Upregulated,0.0297414647048134,10/22,6.91%
Non-Motile Cilium Assembly (GO:1905515),GO_Biological_Process_2025,1.7969856821162806,Upregulated,0.0295938312299867,5/20,9.13%
Eukaryotic Translation Termination R-HSA-72764,Reactome_2022,1.795016749405168,Upregulated,0.0300700417374575,41/71,31.11%
Organic Hydroxy Compound Transport (GO:0015850),GO_Biological_Process_2025,1.7877419739480451,Upregulated,0.0321431875964001,12/37,2.51%
Small cell lung cancer,KEGG_2021_Human,1.7856615776821556,Upregulated,0.0327457361105553,24/49,17.86%
Small-Subunit Processome (GO:0032040),GO_Cellular_Component_2025,1.7847153713358908,Upregulated,0.0328916186429052,40/60,38.35%
Gonad Development (GO:0008406),GO_Biological_Process_2025,1.7806606914890837,Upregulated,0.0342245758058707,19/34,22.85%
Aminopeptidase Activity (GO:0004177),GO_Molecular_Function_2025,1.7789203369845097,Upregulated,0.0346286159369122,8/20,4.99%
Cyclin-Dependent Protein Kinase Holoenzyme Complex (GO:0000307),GO_Cellular_Component_2025,1.7770811706880814,Upregulated,0.0352235314727432,20/37,17.92%
Peroxisome Organization (GO:0007031),GO_Biological_Process_2025,1.7753174860598455,Upregulated,0.0356535400534354,13/18,27.11%
Citrate cycle (TCA cycle),KEGG_2021_Human,1.7745064908771964,Upregulated,0.0357573687735866,9/25,6.03%
Regulation of Macromolecule Biosynthetic Process (GO:0010556),GO_Biological_Process_2025,1.773939627289297,Upregulated,0.0357437278952129,33/66,28.04%
Inorganic Anion Transport (GO:0015698),GO_Biological_Process_2025,1.7725509317530068,Upregulated,0.0360661012045622,10/27,9.19%
Nuclear Events (Kinase And Transcription Factor Activation) R-HSA-198725,Reactome_2022,1.7713059126711188,Upregulated,0.0363276010868711,9/36,10.72%
Positive Regulation of miRNA Metabolic Process (GO:2000630),GO_Biological_Process_2025,1.7692572537865698,Upregulated,0.036930438415648,11/24,27.22%
Disruption Of Postsynaptic Signaling By CNV WP4875,WikiPathways_2024_Human,1.7690186604081866,Upregulated,0.0368085312792139,4/20,0.31%
Multicellular Organismal-Level Water Homeostasis (GO:0050891),GO_Biological_Process_2025,1.768746086906318,Upregulated,0.0367218914533969,5/17,3.23%
MAPK Targets/ Nuclear Events Mediated By MAP Kinases R-HSA-450282,Reactome_2022,1.7669551263884964,Upregulated,0.0371500428467025,7/21,10.72%
Autophagosome Assembly (GO:0000045),GO_Biological_Process_2025,1.7660630645889548,Upregulated,0.0373267048444323,27/47,28.90%
Ribosomal Small Subunit Biogenesis (GO:0042274),GO_Biological_Process_2025,1.765722712818209,Upregulated,0.0372443913181534,38/72,31.02%
Translation Inhibitors In Chronically Activated PDGFRA Cells WP4566,WikiPathways_2024_Human,1.7654105486470095,Upregulated,0.0371740107940189,16/32,18.08%
Viral mRNA Translation R-HSA-192823,Reactome_2022,1.7649307566677483,Upregulated,0.0371375413194448,41/72,31.11%
Vitamin B12 Metabolism WP1533,WikiPathways_2024_Human,1.7604568313974758,Upregulated,0.0386335388726495,10/25,11.94%
Purine Ribonucleotide Metabolic Process (GO:0009150),GO_Biological_Process_2025,1.7563389135895382,Upregulated,0.0399780341424665,15/38,8.43%
Selenoamino Acid Metabolism R-HSA-2408522,Reactome_2022,1.754584307713323,Upregulated,0.0404745182775966,48/88,31.34%
Mitochondrial Fatty Acid Beta-Oxidation R-HSA-77289,Reactome_2022,1.7529674161488231,Upregulated,0.0408847869071401,7/16,7.53%
Cholesterol Transport (GO:0030301),GO_Biological_Process_2025,1.7515998864242426,Upregulated,0.0412100658439725,9/32,4.63%
Bile Acid and Bile Salt Transport (GO:0015721),GO_Biological_Process_2025,1.7478737945107152,Upregulated,0.0425439459624549,6/17,2.18%
Regulation of Small Molecule Metabolic Process (GO:0062012),GO_Biological_Process_2025,1.746652800704677,Upregulated,0.0428958728684222,7/20,7.45%
Macroautophagy R-HSA-1632852,Reactome_2022,1.7435756784216565,Upregulated,0.0440068338438415,36/83,26.34%
Signal Amplification R-HSA-392518,Reactome_2022,1.740279320307458,Upregulated,0.0450809296196399,10/22,6.71%
Intracellular Receptor Signaling Pathway (GO:0030522),GO_Biological_Process_2025,1.7390627176828872,Upregulated,0.0454848837716293,13/20,25.99%
Cellular Response to Oxygen-Containing Compound (GO:1901701),GO_Biological_Process_2025,1.736224658837807,Upregulated,0.0465580404511199,94/175,29.66%
Modulation of Excitatory Postsynaptic Potential (GO:0098815),GO_Biological_Process_2025,1.735525230336417,Upregulated,0.046668924623357,4/19,0.31%
Ceramide Metabolic Process (GO:0006672),GO_Biological_Process_2025,1.7354627298354282,Upregulated,0.046492289051354,10/32,11.60%
Synthesis Of PC R-HSA-1483191,Reactome_2022,1.730456121274106,Upregulated,0.0486196398114914,7/19,12.55%
Positive Regulation of Cold-Induced Thermogenesis (GO:0120162),GO_Biological_Process_2025,1.7297419561136562,Upregulated,0.0488332559764007,12/44,8.18%
Effect Of Omega 3 PUFA On Huntington 39 S Disease Pathways WP5470,WikiPathways_2024_Human,1.7283642994108943,Upregulated,0.0492556395043949,30/67,19.98%
Regulation of Ras Protein Signal Transduction (GO:0046578),GO_Biological_Process_2025,1.7265270948768026,Upregulated,0.0499249081150212,13/18,23.09%
Carboxylic Acid Transport (GO:0046942),GO_Biological_Process_2025,1.7238693640362766,Upregulated,0.0509243353397174,11/33,4.65%
Selenocysteine Synthesis R-HSA-2408557,Reactome_2022,1.7228050168048787,Upregulated,0.0512455981733237,40/72,31.11%
Phospholipid Metabolic Process (GO:0006644),GO_Biological_Process_2025,1.7224188661649695,Upregulated,0.0511450445523719,17/47,7.57%
Fatty Acids And Lipoproteins Transport In Hepatocytes WP5323,WikiPathways_2024_Human,1.721950328911956,Upregulated,0.051150915205896,9/24,5.25%
L1CAM Interactions R-HSA-373760,Reactome_2022,1.7204358027271291,Upregulated,0.0517471583310401,11/43,5.41%
Regulation of Cholesterol Metabolic Process (GO:0090181),GO_Biological_Process_2025,1.7200009069457625,Upregulated,0.0516556952738097,4/16,2.28%
Angiopoietin Like Protein 8 Regulatory Pathway WP3915,WikiPathways_2024_Human,1.7195965433808578,Upregulated,0.0516295086323634,30/86,18.05%
2-Oxoglutarate-Dependent Dioxygenase Activity (GO:0016706),GO_Molecular_Function_2025,1.7195220232651045,Upregulated,0.0514257587108992,17/26,22.70%
Protein Phosphatase Activator Activity (GO:0072542),GO_Molecular_Function_2025,1.7175829349579632,Upregulated,0.0521236355664122,5/17,13.24%
Negative Regulation of Small GTPase Mediated Signal Transduction (GO:0051058),GO_Biological_Process_2025,1.717146620308976,Upregulated,0.0521251550828754,15/31,23.09%
Voltage-Gated Monoatomic Cation Channel Activity (GO:0022843),GO_Molecular_Function_2025,1.716240629762403,Upregulated,0.0522777957786825,21/35,21.27%
Positive Regulation of Autophagy (GO:0010508),GO_Biological_Process_2025,1.7150629524216945,Upregulated,0.0526281739448857,17/53,18.32%
Human T-cell leukemia virus 1 infection,KEGG_2021_Human,1.7111180614682069,Upregulated,0.0545031203688124,38/106,18.12%
Phosphatidylinositol-Mediated Signaling (GO:0048015),GO_Biological_Process_2025,1.711068503714137,Upregulated,0.0542924037291723,18/22,26.83%
Phospholipase D signaling pathway,KEGG_2021_Human,1.7087981625837705,Upregulated,0.0552913840225095,34/72,26.83%
Synaptic Membrane (GO:0097060),GO_Cellular_Component_2025,1.70859524657327,Upregulated,0.055155505360786,6/20,9.49%
Transport Across Blood-Brain Barrier (GO:0150104),GO_Biological_Process_2025,1.708434929539724,Upregulated,0.0549969919547116,18/66,3.10%
Monoamine Transport WP727,WikiPathways_2024_Human,1.7048552386367624,Upregulated,0.0565297211996829,6/18,10.45%
Oxoacid Metabolic Process (GO:0043436),GO_Biological_Process_2025,1.6986419682082363,Upregulated,0.0595771610240487,10/15,8.43%
Prostate cancer,KEGG_2021_Human,1.696989242366936,Upregulated,0.0602474597142302,23/48,22.52%
Late Endosomal Microautophagy R-HSA-9615710,Reactome_2022,1.6960439101945186,Upregulated,0.0605616025154976,4/21,1.87%
Vascular Transport (GO:0010232),GO_Biological_Process_2025,1.6955774775095886,Upregulated,0.0605286069252398,17/64,2.47%
Arachidonic acid metabolism,KEGG_2021_Human,1.6955005692346456,Upregulated,0.0603057430595586,4/19,1.21%
1-Acylglycerol-3-Phosphate O-acyltransferase Activity (GO:0003841),GO_Molecular_Function_2025,1.6953955436449797,Upregulated,0.0601632016797937,9/15,23.51%
Transcription Coactivator Binding (GO:0001223),GO_Molecular_Function_2025,1.6953713685249066,Upregulated,0.0599298082794198,14/25,27.24%
Mitotic Cell Cycle Phase Transition (GO:0044772),GO_Biological_Process_2025,1.69395708115812,Upregulated,0.0603946932092352,31/77,18.05%
"Regulation of Alternative mRNA Splicing, via Spliceosome (GO:0000381)",GO_Biological_Process_2025,1.6919787588504331,Upregulated,0.0611889782641226,14/36,16.79%
DNA Damage Response Only ATM Dependent WP710,WikiPathways_2024_Human,1.690130745422922,Upregulated,0.0619360284869322,37/63,29.66%
Monoatomic Cation Transport (GO:0006812),GO_Biological_Process_2025,1.687302557373754,Upregulated,0.0633335734820279,12/28,8.24%
Phospholipid Metabolism R-HSA-1483257,Reactome_2022,1.6830865233346874,Upregulated,0.0654776107084385,44/137,17.62%
Positive Regulation of Translational Initiation (GO:0045948),GO_Biological_Process_2025,1.6819101377062422,Upregulated,0.0659294682748524,3/17,5.72%
O-acyltransferase Activity (GO:0008374),GO_Molecular_Function_2025,1.681406301375996,Upregulated,0.0659527707882543,11/17,23.51%
Propanoate metabolism,KEGG_2021_Human,1.6802603524905313,Upregulated,0.0664482616980908,12/20,21.04%
Serotonin HTR1 Group And FOS Pathway WP722,WikiPathways_2024_Human,1.6801806457085555,Upregulated,0.0662518539432711,10/22,19.98%
Double-Stranded DNA Binding (GO:0003690),GO_Molecular_Function_2025,1.67914732007849,Upregulated,0.0665035684909942,88/321,17.42%
ABC Transporter Disorders R-HSA-5619084,Reactome_2022,1.678621160047264,Upregulated,0.0665375086388008,26/63,25.75%
Mitotic Metaphase Chromosome Alignment (GO:0007080),GO_Biological_Process_2025,1.6781466054229552,Upregulated,0.0665711877085474,12/27,22.83%
Cellular Senescence R-HSA-2559583,Reactome_2022,1.6777514278099188,Upregulated,0.0665827539273088,25/70,21.55%
Ether Lipid Biosynthesis WP5275,WikiPathways_2024_Human,1.675441036317908,Upregulated,0.0677263425043909,9/17,14.25%
Autophagy R-HSA-9612973,Reactome_2022,1.6748157595732969,Upregulated,0.067850546863806,37/93,25.55%
Calcium-Dependent Phospholipid Binding (GO:0005544),GO_Molecular_Function_2025,1.674073772923,Upregulated,0.0680343082686399,13/20,21.94%
Regulation of Primary Metabolic Process (GO:0080090),GO_Biological_Process_2025,1.6740407604318956,Upregulated,0.067803404898423,34/68,28.81%
Cytoplasmic Translation (GO:0002181),GO_Biological_Process_2025,1.6724827370094022,Upregulated,0.0685563714607572,45/85,31.11%
Sequence-Specific Double-Stranded DNA Binding (GO:1990837),GO_Molecular_Function_2025,1.6721765608558576,Upregulated,0.0685175153087319,93/369,13.98%
Response to Type II Interferon (GO:0034341),GO_Biological_Process_2025,1.6707851766015265,Upregulated,0.0690791562410036,9/22,7.55%
Fluoropyrimidine Activity WP1601,WikiPathways_2024_Human,1.666936524900134,Upregulated,0.071142163462637,6/29,2.26%
Protein-protein Interactions At Synapses R-HSA-6794362,Reactome_2022,1.6664512497611124,Upregulated,0.071187117676211,5/45,0.36%
Metalloendopeptidase Activity (GO:0004222),GO_Molecular_Function_2025,1.666276338270418,Upregulated,0.0710212568783326,24/40,22.85%
Negative Regulation of ERK1 and ERK2 Cascade (GO:0070373),GO_Biological_Process_2025,1.6651988697430378,Upregulated,0.0714563845593895,11/19,24.88%
Regulation of Synapse Assembly (GO:0051963),GO_Biological_Process_2025,1.6626301275101056,Upregulated,0.0727658777176589,4/21,0.31%
Enterocyte Cholesterol Metabolism WP5333,WikiPathways_2024_Human,1.6613063921536466,Upregulated,0.0733496778554773,5/18,5.25%
NF-kappaB Binding (GO:0051059),GO_Molecular_Function_2025,1.660508645677999,Upregulated,0.0736015059330615,8/15,22.50%
Factors And Pathways Affecting IGF1 Akt Signaling WP3850,WikiPathways_2024_Human,1.6565718003088978,Upregulated,0.0757446076863019,13/22,21.19%
Lipid Metabolism Pathway WP3965,WikiPathways_2024_Human,1.6553878320588875,Upregulated,0.0762001325583898,5/16,4.54%
Ribosome biogenesis in eukaryotes,KEGG_2021_Human,1.6553538209724046,Upregulated,0.0759424460267917,27/61,27.47%
miRNA Regulation Of Prostate Cancer Signaling WP3981,WikiPathways_2024_Human,1.6519594811846217,Upregulated,0.0779764230128977,8/18,22.52%
Maturation of LSU-rRNA (GO:0000470),GO_Biological_Process_2025,1.6513584144253008,Upregulated,0.078105371214112,13/21,27.05%
Guanyl Ribonucleotide Binding (GO:0032561),GO_Molecular_Function_2025,1.6510615488583893,Upregulated,0.0779938702024415,50/110,22.12%
Endothelin Pathways WP2197,WikiPathways_2024_Human,1.6495205848020362,Upregulated,0.0787407971023011,5/16,4.71%
Small Ribosomal Subunit (GO:0015935),GO_Cellular_Component_2025,1.6486954533082443,Upregulated,0.0786522528496418,22/35,34.44%
Cytosolic Small Ribosomal Subunit (GO:0022627),GO_Cellular_Component_2025,1.6486954533082443,Upregulated,0.0786522528496418,22/35,34.44%
rRNA Modification In Nucleus And Cytosol R-HSA-6790901,Reactome_2022,1.6483776867838218,Upregulated,0.0786124496200578,28/54,31.02%
Mitophagy (GO:0000423),GO_Biological_Process_2025,1.6447220221424073,Upregulated,0.080726919016225,16/31,25.55%
CREB1 Phosphorylation Thru NMDA Receptor-Mediated Activation Of RAS Signaling R-HSA-442742,Reactome_2022,1.6446927760735106,Upregulated,0.0804615404718274,4/15,1.66%
Voltage-Gated Calcium Channel Complex (GO:0005891),GO_Cellular_Component_2025,1.6420344780316722,Upregulated,0.0820241077791857,10/16,21.27%
Development of Primary Male Sexual Characteristics (GO:0046546),GO_Biological_Process_2025,1.6417259570656668,Upregulated,0.0819692406700005,23/32,31.33%
NO cGMP PKG Mediated Neuroprotection WP4008,WikiPathways_2024_Human,1.636784784008049,Upregulated,0.0851208472744172,9/26,10.72%
G Protein Signaling WP35,WikiPathways_2024_Human,1.6359694145202242,Upregulated,0.0854673513337671,28/61,20.77%
Regulation Of Expression Of SLITs And ROBOs R-HSA-9010553,Reactome_2022,1.6339481347277085,Upregulated,0.0866202134922328,63/130,30.44%
Factors Involved In Megakaryocyte Development And Platelet Production R-HSA-983231,Reactome_2022,1.6339165260747894,Upregulated,0.0863440492685993,25/71,23.90%
MyD88:MAL(TIRAP) Cascade Initiated On Plasma Membrane R-HSA-166058,Reactome_2022,1.6328156673962089,Upregulated,0.0867565834317071,13/57,10.72%
Regulation of Glucose Metabolic Process (GO:0010906),GO_Biological_Process_2025,1.629830165045426,Upregulated,0.0885469053363866,7/18,7.45%
Cortical Cytoskeleton Organization (GO:0030865),GO_Biological_Process_2025,1.626787590249392,Upregulated,0.0903713798982045,10/19,20.25%
Serine/Threonine Protein Kinase Complex (GO:1902554),GO_Cellular_Component_2025,1.6241836493959116,Upregulated,0.0918839593549082,24/52,17.92%
Positive Regulation of RNA Metabolic Process (GO:0051254),GO_Biological_Process_2025,1.6233217406272336,Upregulated,0.0922532245827597,9/17,23.43%
Toll Like Receptor 3 (TLR3) Cascade R-HSA-168164,Reactome_2022,1.6217323799655845,Upregulated,0.093127474500523,12/54,10.72%
Chloride Channel Activity (GO:0005254),GO_Molecular_Function_2025,1.621190315533645,Upregulated,0.0932353499564819,14/30,14.58%
SUMOylation Of Intracellular Receptors R-HSA-4090294,Reactome_2022,1.6199600399675131,Upregulated,0.093831431143515,19/22,41.59%
Adenylate Cyclase-Activating G Protein-Coupled Receptor Signaling Pathway (GO:0007189),GO_Biological_Process_2025,1.6196686452980131,Upregulated,0.0937209410313081,12/26,18.12%
MyD88-independent TLR4 Cascade R-HSA-166166,Reactome_2022,1.6193307159601134,Upregulated,0.0936563611849321,12/55,10.72%
Monocarboxylic Acid Metabolic Process (GO:0032787),GO_Biological_Process_2025,1.6190231974395377,Upregulated,0.093622227763691,18/73,4.66%
BDNF TrkB Signaling WP3676,WikiPathways_2024_Human,1.61864764081645,Upregulated,0.0935696162141706,7/17,22.52%
PINK1-PRKN Mediated Mitophagy R-HSA-5205685,Reactome_2022,1.618549503968063,Upregulated,0.093357037337125,7/15,20.79%
Peroxisomal Protein Import R-HSA-9033241,Reactome_2022,1.6169745961256643,Upregulated,0.094193761946494,13/37,11.15%
Cholesterol Metabolic Process (GO:0008203),GO_Biological_Process_2025,1.6160093066392207,Upregulated,0.094580578268713,9/30,8.42%
Cilium-Dependent Cell Motility (GO:0060285),GO_Biological_Process_2025,1.6137958248848758,Upregulated,0.0958583480284386,11/19,37.49%
Toll Like Receptor 9 (TLR9) Cascade R-HSA-168138,Reactome_2022,1.6119217067107463,Upregulated,0.0970358725644299,13/58,10.72%
Male Gonad Development (GO:0008584),GO_Biological_Process_2025,1.6111701301210906,Upregulated,0.0972887673658416,22/32,31.33%
Brain Derived Neurotrophic Factor BDNF Signaling WP2380,WikiPathways_2024_Human,1.6085209877935889,Upregulated,0.0989843473975134,25/77,18.08%
NR1H2 And NR1H3-mediated Signaling R-HSA-9024446,Reactome_2022,1.6081256976620364,Upregulated,0.0989779106053487,9/23,11.29%
Cell-Cell Adhesion via Plasma-Membrane Adhesion Molecules (GO:0098742),GO_Biological_Process_2025,1.607118159090236,Upregulated,0.0994510948549998,15/45,10.47%
NRAGE Signals Death Thru JNK R-HSA-193648,Reactome_2022,1.6040247110874768,Upregulated,0.1015727463546507,5/16,9.03%
NRXN1 Deletion Syndrome WP5398,WikiPathways_2024_Human,1.601265276815773,Upregulated,0.1034607482536542,4/15,0.31%
MyD88 Cascade Initiated On Plasma Membrane R-HSA-975871,Reactome_2022,1.6012486012092044,Upregulated,0.1031523676470738,12/53,10.72%
Glutathione Conjugation R-HSA-156590,Reactome_2022,1.6009150017200184,Upregulated,0.1030862878177876,5/20,0.89%
Thyroid Hormones And Peripheral Downstream Signaling Effects WP4746,WikiPathways_2024_Human,1.5997942714186342,Upregulated,0.1037358694253804,18/54,20.04%
Ferroptosis WP4313,WikiPathways_2024_Human,1.5985625494438092,Upregulated,0.1044705176474203,14/39,14.20%
Metaphase Chromosome Alignment (GO:0051310),GO_Biological_Process_2025,1.5985523037919431,Upregulated,0.1041521722291637,10/25,21.28%
TRAF6 Mediated Induction Of NFkB And MAP Kinases Upon TLR7/8 Or 9 Activation R-HSA-975138,Reactome_2022,1.5979026516299015,Upregulated,0.1036560995009287,12/54,10.72%
MyD88 Dependent Cascade Initiated On Endosome R-HSA-975155,Reactome_2022,1.5979026516299015,Upregulated,0.1036560995009287,12/54,10.72%
Toll Like Receptor 7/8 (TLR7/8) Cascade R-HSA-168181,Reactome_2022,1.5979026516299015,Upregulated,0.1036560995009287,12/54,10.72%
Leptin Signaling WP2034,WikiPathways_2024_Human,1.5956146014850188,Upregulated,0.1052818156046645,23/49,26.83%
Sequence-Specific DNA Binding (GO:0043565),GO_Molecular_Function_2025,1.593758198565194,Upregulated,0.106421633418439,92/361,17.42%
Pre Implantation Embryo WP3527,WikiPathways_2024_Human,1.5920405733156575,Upregulated,0.107516103688616,14/30,20.14%
Learning (GO:0007612),GO_Biological_Process_2025,1.5906234361296518,Upregulated,0.1082595677371474,3/22,0.36%
Autophagosome Organization (GO:1905037),GO_Biological_Process_2025,1.5900763340570998,Upregulated,0.108360485707544,26/47,30.02%
Cytosolic Sensors Of Pathogen-Associated DNA R-HSA-1834949,Reactome_2022,1.5897522973205098,Upregulated,0.1082706555216226,7/39,8.79%
"Valine, leucine and isoleucine degradation",KEGG_2021_Human,1.588943468017784,Upregulated,0.1085984047398972,22/39,21.36%
Protein Localization to Nucleus (GO:0034504),GO_Biological_Process_2025,1.5888096454901,Upregulated,0.1084224940163291,31/85,23.79%
Prostaglandin And Leukotriene Metabolism In Senescence WP5321,WikiPathways_2024_Human,1.5863657359323278,Upregulated,0.1103442804936225,6/16,8.65%
Monoatomic Anion Channel Activity (GO:0005253),GO_Molecular_Function_2025,1.584454291542257,Upregulated,0.1116090058914801,15/29,14.58%
"Cell Death Signaling Via NRAGE, NRIF And NADE R-HSA-204998",Reactome_2022,1.5842385930770009,Upregulated,0.1114188727578584,6/30,9.03%
Positive Regulation of Excitatory Postsynaptic Potential (GO:2000463),GO_Biological_Process_2025,1.5840531649639469,Upregulated,0.1112434525499551,5/17,9.53%
cAMP signaling pathway,KEGG_2021_Human,1.5828376248383371,Upregulated,0.1118747558093387,46/127,20.78%
Hematopoietic SC Differentiation WP2849,WikiPathways_2024_Human,1.577578290386187,Upregulated,0.1161947975042312,8/20,15.50%
Diacylglycerol Metabolic Process (GO:0046339),GO_Biological_Process_2025,1.576989269405465,Upregulated,0.1163400010014509,4/18,4.54%
Resistin As A Regulator Of Inflammation WP4481,WikiPathways_2024_Human,1.5769686023714309,Upregulated,0.1160179566313324,19/23,30.18%
Barbed-End Actin Filament Capping (GO:0051016),GO_Biological_Process_2025,1.575645571637309,Upregulated,0.1165370156290349,12/16,25.78%
Actin Filament Capping (GO:0051693),GO_Biological_Process_2025,1.575645571637309,Upregulated,0.1165370156290349,12/16,25.78%
Response to Transforming Growth Factor Beta (GO:0071559),GO_Biological_Process_2025,1.5756326357052652,Upregulated,0.1162172135868546,15/21,29.64%
HDMs Demethylate Histones R-HSA-3214842,Reactome_2022,1.5755564235520387,Upregulated,0.1159589648864413,13/19,21.73%
RNA Polymerase II-specific DNA-binding Transcription Factor Binding (GO:0061629),GO_Molecular_Function_2025,1.5734795588666322,Upregulated,0.1174481626543879,60/131,29.90%
Glutamatergic Synapse (GO:0098978),GO_Cellular_Component_2025,1.573060851729407,Upregulated,0.1175307542558831,11/43,18.37%
TGF-beta signaling pathway,KEGG_2021_Human,1.5709506631705206,Upregulated,0.1190890306835786,11/38,10.30%
snoRNA Binding (GO:0030515),GO_Molecular_Function_2025,1.5707466481518737,Upregulated,0.1189107316289605,15/21,32.61%
Phosphatidylinositol Phosphate Biosynthetic Process (GO:0046854),GO_Biological_Process_2025,1.5692067679107726,Upregulated,0.1200638652673954,15/28,22.60%
Positive Regulation of Protein Secretion (GO:0050714),GO_Biological_Process_2025,1.5683582965133478,Upregulated,0.1204281335523337,5/27,4.57%
Intracellular Signaling Cassette (GO:0141124),GO_Biological_Process_2025,1.5678394946406662,Upregulated,0.1205140594782411,65/183,21.76%
Endoplasmic Reticulum Tubular Network (GO:0071782),GO_Cellular_Component_2025,1.5656759405438467,Upregulated,0.1222232199612685,3/17,3.83%
Toll Like Receptor 4 (TLR4) Cascade R-HSA-166016,Reactome_2022,1.5638179355446584,Upregulated,0.1236027503561218,14/66,10.72%
Lipid Biosynthetic Process (GO:0008610),GO_Biological_Process_2025,1.563526740819149,Upregulated,0.1235242929038629,13/56,7.05%
Telomerase RNA Binding (GO:0070034),GO_Molecular_Function_2025,1.562648545673136,Upregulated,0.1240536431769039,8/15,25.07%
mRNA Splice Site Recognition (GO:0006376),GO_Biological_Process_2025,1.5600135712953982,Upregulated,0.1262592028793357,12/18,30.15%
Establishment of Protein Localization to Organelle (GO:0072594),GO_Biological_Process_2025,1.5599360345558153,Upregulated,0.125979033799705,23/61,23.79%
Pancreatic cancer,KEGG_2021_Human,1.5585514558161189,Upregulated,0.1268380624582003,18/38,19.47%
Cellular senescence,KEGG_2021_Human,1.5536994751389632,Upregulated,0.1312895403360768,33/85,20.03%
Negative Regulation of Cytokine Production Involved in Inflammatory Response (GO:1900016),GO_Biological_Process_2025,1.553511259618568,Upregulated,0.1310928011053017,5/16,6.59%
Voltage-Gated Calcium Channel Activity (GO:0005245),GO_Molecular_Function_2025,1.5534224417018414,Upregulated,0.1308181477432893,12/21,21.27%
G-protein Mediated Events R-HSA-112040,Reactome_2022,1.5526423668793037,Upregulated,0.1311689957819475,9/34,3.32%
Regulation of Cholesterol Transport (GO:0032374),GO_Biological_Process_2025,1.5517430976744713,Upregulated,0.1316656201457257,4/15,4.63%
HDACs Deacetylate Histones R-HSA-3214815,Reactome_2022,1.5507095558096764,Upregulated,0.1322347346521333,12/20,32.64%
Aspartic-Type Endopeptidase Activity (GO:0004190),GO_Molecular_Function_2025,1.5496862467491386,Upregulated,0.132825734979186,9/16,18.29%
Import Into Nucleus (GO:0051170),GO_Biological_Process_2025,1.5484786735118368,Upregulated,0.1337065030754671,21/51,26.68%
Apelin signaling pathway,KEGG_2021_Human,1.5481155309816572,Upregulated,0.1336250536028123,28/72,20.67%
cGMP-PKG signaling pathway,KEGG_2021_Human,1.5474752096334026,Upregulated,0.1338726523189058,43/90,29.23%
Human cytomegalovirus infection,KEGG_2021_Human,1.5469854207499862,Upregulated,0.1339612348390584,41/111,20.03%
Colorectal cancer,KEGG_2021_Human,1.545680876513284,Upregulated,0.1348540785604834,17/42,17.86%
Insulin Receptor Signaling Pathway (GO:0008286),GO_Biological_Process_2025,1.5447611675449129,Upregulated,0.1354100107985015,11/28,22.74%
NR1H3 And NR1H2 Regulate Gene Expression Linked To Cholesterol Transport And Efflux R-HSA-9029569,Reactome_2022,1.5423927730711822,Upregulated,0.1373981783002172,10/18,25.94%
Neuronal System R-HSA-112316,Reactome_2022,1.542182935700172,Upregulated,0.1372439133276886,29/185,3.57%
Mitophagy R-HSA-5205647,Reactome_2022,1.541662517205988,Upregulated,0.1374321089958559,10/19,24.45%
Piecemeal Microautophagy of the Nucleus (GO:0034727),GO_Biological_Process_2025,1.540698682897519,Upregulated,0.1380452067860439,11/15,35.51%
Histone H3 Demethylase Activity (GO:0141052),GO_Molecular_Function_2025,1.5395821557183786,Upregulated,0.1387399980385682,14/21,21.73%
TNF signaling pathway,KEGG_2021_Human,1.538456881633714,Upregulated,0.1394916243079771,20/49,19.30%
"Transport Of Vitamins, Nucleosides, And Related Molecules R-HSA-425397",Reactome_2022,1.5378521090128032,Upregulated,0.139638683720108,5/28,2.19%
Activation Of Pre-Replicative Complex R-HSA-68962,Reactome_2022,1.530486256445864,Upregulated,0.1470121620368271,15/26,37.90%
Regulation of SMAD Protein Signal Transduction (GO:0060390),GO_Biological_Process_2025,1.527921893534684,Upregulated,0.1492701871617278,9/19,12.78%
Pathways in cancer,KEGG_2021_Human,1.527876371043261,Upregulated,0.1489322988633598,113/242,29.66%
FOXO-mediated Transcription R-HSA-9614085,Reactome_2022,1.5267566394827303,Upregulated,0.149689215804333,9/29,12.64%
Long-term depression,KEGG_2021_Human,1.5249382574222636,Upregulated,0.1512583275890269,9/38,3.32%
Cancer Pathways WP5434,WikiPathways_2024_Human,1.5229575704822742,Upregulated,0.1529856363822319,113/239,29.66%
Prolactin Signaling WP2037,WikiPathways_2024_Human,1.52201125530604,Upregulated,0.1535720424494251,15/44,18.08%
Protein Localization R-HSA-9609507,Reactome_2022,1.5216944123675111,Upregulated,0.1535406681943686,26/107,13.45%
Negative Regulation of Cell Cycle (GO:0045786),GO_Biological_Process_2025,1.5210637411231716,Upregulated,0.1538631984657554,12/44,12.08%
Cholestasis WP5238,WikiPathways_2024_Human,1.5209064482657966,Upregulated,0.1535901345679783,5/15,3.11%
Activation of GTPase Activity (GO:0090630),GO_Biological_Process_2025,1.5190144308088036,Upregulated,0.1553156413606608,9/18,19.95%
Transcriptional misregulation in cancer,KEGG_2021_Human,1.516090923429087,Upregulated,0.1579917575940925,38/85,21.61%
Nervous System Development (GO:0007399),GO_Biological_Process_2025,1.514038508496054,Upregulated,0.1599335143050982,52/208,14.85%
Positive Regulation of Cell Junction Assembly (GO:1901890),GO_Biological_Process_2025,1.5134398067903407,Upregulated,0.1601890583403521,7/20,12.39%
Chemical carcinogenesis,KEGG_2021_Human,1.5133572020908377,Upregulated,0.1598598294850974,39/130,11.29%
Cortisol synthesis and secretion,KEGG_2021_Human,1.5120506614262106,Upregulated,0.1609163113715113,17/35,20.65%
Sphingolipid De Novo Biosynthesis R-HSA-1660661,Reactome_2022,1.5114094249941288,Upregulated,0.1612020842704365,12/36,12.61%
Phospholipid Transport (GO:0015914),GO_Biological_Process_2025,1.511080144134376,Upregulated,0.161163757938369,8/40,3.12%
Positive Regulation of Developmental Process (GO:0051094),GO_Biological_Process_2025,1.5107290731668226,Upregulated,0.1611859702857178,36/128,18.40%
Regulation of Centrosome Duplication (GO:0010824),GO_Biological_Process_2025,1.510646227259789,Upregulated,0.1608612390473587,8/16,24.99%
Negative Regulation of Inflammatory Response (GO:0050728),GO_Biological_Process_2025,1.508068585651845,Upregulated,0.1633315700008658,17/38,26.83%
HCMV Early Events R-HSA-9609690,Reactome_2022,1.5071032437152891,Upregulated,0.1640697643653602,22/52,24.96%
Negative Regulation of Cytokine Production (GO:0001818),GO_Biological_Process_2025,1.5068027794199543,Upregulated,0.1640105399175765,18/72,10.46%
NCAM Signaling For Neurite Out-Growth R-HSA-375165,Reactome_2022,1.5058687027352753,Upregulated,0.1645759390306682,8/18,22.52%
Cytoplasmic Translational Initiation (GO:0002183),GO_Biological_Process_2025,1.5052710609735722,Upregulated,0.1648299731553708,11/32,13.33%
Carboxy-Lyase Activity (GO:0016831),GO_Molecular_Function_2025,1.5039057495061663,Upregulated,0.1659383640805433,6/20,8.46%
Regulation of miRNA Transcription (GO:1902893),GO_Biological_Process_2025,1.5038597425542088,Upregulated,0.165576525962542,15/29,27.22%
Positive Regulation of Multicellular Organismal Process (GO:0051240),GO_Biological_Process_2025,1.5026101908768106,Upregulated,0.1665933210491348,50/181,18.40%
Androgen Receptor Signaling WP138,WikiPathways_2024_Human,1.5014239272174883,Upregulated,0.1675098177505846,21/45,18.40%
Nucleolus (GO:0005730),GO_Cellular_Component_2025,1.501196237432468,Upregulated,0.1673341290116284,170/482,27.51%
Neurotrophin signaling pathway,KEGG_2021_Human,1.499027795406203,Upregulated,0.1695804022224548,13/72,6.59%
Nonsense Mediated Decay (NMD) Enhanced By Exon Junction Complex (EJC) R-HSA-975957,Reactome_2022,1.4974028800681782,Upregulated,0.1711284440010292,44/92,31.11%
Microautophagy (GO:0016237),GO_Biological_Process_2025,1.4973932383086646,Upregulated,0.1707231759542484,12/17,35.51%
Platelet activation,KEGG_2021_Human,1.4967878740945069,Upregulated,0.1709622782690993,28/58,26.80%
Positive Regulation of RNA Biosynthetic Process (GO:1902680),GO_Biological_Process_2025,1.4962148914077038,Upregulated,0.1711449772219642,137/323,30.85%
Regulation of Translational Initiation (GO:0006446),GO_Biological_Process_2025,1.4956290706120587,Upregulated,0.1714535512593618,16/57,20.98%
RHOC GTPase Cycle R-HSA-9013106,Reactome_2022,1.495219811388376,Upregulated,0.1716176921735347,19/40,24.29%
Regulation of Mitochondrion Organization (GO:0010821),GO_Biological_Process_2025,1.4943791627034004,Upregulated,0.1722335323307459,9/17,24.26%
P75 NTR Receptor-Mediated Signaling R-HSA-193704,Reactome_2022,1.4939537060448234,Upregulated,0.1723430357687154,9/43,9.03%
G0 And Early G1 R-HSA-1538133,Reactome_2022,1.492405862460978,Upregulated,0.1737702345741457,12/17,28.96%
Spinal Cord Injury WP2431,WikiPathways_2024_Human,1.4921272867051008,Upregulated,0.1736740665814697,20/37,24.82%
Negative Regulation of Transcription by RNA Polymerase II (GO:0000122),GO_Biological_Process_2025,1.491596544798052,Upregulated,0.1738852912193987,138/415,26.01%
SUMO E3 Ligases SUMOylate Target Proteins R-HSA-3108232,Reactome_2022,1.489376089777863,Upregulated,0.176100752802543,42/111,26.01%
Autophagy WP4923,WikiPathways_2024_Human,1.4886909716975332,Upregulated,0.1765241983390003,11/22,27.83%
Cellular Response to BMP Stimulus (GO:0071773),GO_Biological_Process_2025,1.4883776434746727,Upregulated,0.1765006413742633,7/17,13.98%
HIF-1 signaling pathway,KEGG_2021_Human,1.487689161625568,Upregulated,0.1769265276153018,20/51,18.08%
Chloride Transport (GO:0006821),GO_Biological_Process_2025,1.486775525526452,Upregulated,0.1776188377313305,8/41,2.51%
Negative Regulation of RNA Biosynthetic Process (GO:1902679),GO_Biological_Process_2025,1.486144720818404,Upregulated,0.1779785061078377,116/257,31.76%
DNA-templated Transcription Termination (GO:0006353),GO_Biological_Process_2025,1.48397693204874,Upregulated,0.1801746247616165,12/18,34.64%
Transforming Growth Factor Beta Receptor Superfamily Signaling Pathway (GO:0141091),GO_Biological_Process_2025,1.483576351496522,Upregulated,0.1802121160619094,14/39,14.63%
Cellular Response to Cytokine Stimulus (GO:0071345),GO_Biological_Process_2025,1.4834953665748896,Upregulated,0.179898411287269,34/91,23.88%
IL5 Signaling WP127,WikiPathways_2024_Human,1.4831782256377728,Upregulated,0.1798514723937964,3/18,1.65%
Synapse Organization (GO:0050808),GO_Biological_Process_2025,1.4816613132849357,Upregulated,0.1812552592447342,4/47,0.31%
G Protein-Coupled Receptor Binding (GO:0001664),GO_Molecular_Function_2025,1.4813885826158075,Upregulated,0.1811208916837536,12/72,3.32%
T Cell Activation SARS CoV 2 WP5098,WikiPathways_2024_Human,1.4809250243272112,Upregulated,0.1812874990031063,14/32,23.14%
MAP Kinase Activation R-HSA-450294,Reactome_2022,1.480610333127491,Upregulated,0.180850001762225,8/38,10.72%
Interleukin-17 Signaling R-HSA-448424,Reactome_2022,1.480610333127491,Upregulated,0.180850001762225,8/38,10.72%
Nuclear Lumen (GO:0031981),GO_Cellular_Component_2025,1.4799087473966537,Upregulated,0.181207092726282,169/483,27.51%
Phosphatidylinositol Kinase Activity (GO:0052742),GO_Molecular_Function_2025,1.4796666450929952,Upregulated,0.1810587093510273,8/16,17.62%
Thermogenesis,KEGG_2021_Human,1.4789104879313508,Upregulated,0.1815699698632459,25/144,10.77%
"Regulation of mRNA Splicing, via Spliceosome (GO:0048024)",GO_Biological_Process_2025,1.478756796820366,Upregulated,0.1813408769085245,21/63,16.79%
Mitotic G1 Phase And G1/S Transition R-HSA-453279,Reactome_2022,1.4780394940405002,Upregulated,0.181797316801533,51/106,32.60%
Cellular Catabolic Process (GO:0044248),GO_Biological_Process_2025,1.47683717730072,Upregulated,0.1828130421485318,6/17,4.98%
Senescence-Associated Secretory Phenotype (SASP) R-HSA-2559582,Reactome_2022,1.4765037519822946,Upregulated,0.1828046610879787,10/33,19.56%
Autophagy of Mitochondrion (GO:0000422),GO_Biological_Process_2025,1.4756993963834175,Upregulated,0.1833242364535984,25/39,35.51%
Negative Regulation of G1/S Transition of Mitotic Cell Cycle (GO:2000134),GO_Biological_Process_2025,1.475585991384883,Upregulated,0.1830475228968494,11/20,29.39%
"Regulation of Synaptic Transmission, Glutamatergic (GO:0051966)",GO_Biological_Process_2025,1.4749815514054925,Upregulated,0.1834411626808297,6/26,6.86%
TAK1-dependent IKK And NF-kappa-B Activation R-HSA-445989,Reactome_2022,1.4721771583294676,Upregulated,0.1867925166516826,5/21,6.59%
Maturation of 5.8S rRNA Frm Tricistronic rRNA Trnscpt (GO:0000466),GO_Biological_Process_2025,1.4716034259858808,Upregulated,0.1870509608790506,7/16,26.38%
Corticotropin Releasing Hormone Signaling WP2355,WikiPathways_2024_Human,1.4711718129641915,Upregulated,0.1872038460095672,17/56,12.47%
Polycystic Kidney Disease Pathway WP2571,WikiPathways_2024_Human,1.470046234221193,Upregulated,0.1880979637330671,31/59,30.17%
Epstein-Barr virus infection,KEGG_2021_Human,1.4691814537402208,Upregulated,0.1887421976849684,29/83,17.96%
Metabolic Disorders Of Biological Oxidation Enzymes R-HSA-5579029,Reactome_2022,1.4680693576310555,Upregulated,0.1896795300354042,4/17,1.12%
Ferroptosis,KEGG_2021_Human,1.4668585423892218,Upregulated,0.1907994861814602,5/22,2.17%
Apical Junction Complex (GO:0043296),GO_Cellular_Component_2025,1.465986860162611,Upregulated,0.1915266695502633,18/38,24.05%
TNF Related Weak Inducer Of Apoptosis TWEAK Signaling WP2036,WikiPathways_2024_Human,1.4659144266332838,Upregulated,0.1912103429788491,6/20,6.59%
Mitochondrial Outer Membrane (GO:0005741),GO_Cellular_Component_2025,1.4651032614348842,Upregulated,0.191835642452965,30/110,18.16%
Canonical NF-kappaB Signal Transduction (GO:0007249),GO_Biological_Process_2025,1.4644788482886486,Upregulated,0.1922230305166863,6/19,6.59%
Regulation of Neurotransmitter Secretion (GO:0046928),GO_Biological_Process_2025,1.4644481465836623,Upregulated,0.1918348633810171,6/22,9.53%
Positive Regulation of Catabolic Process (GO:0009896),GO_Biological_Process_2025,1.4639273506270842,Upregulated,0.1920586548407321,45/98,30.83%
Modulators Of TCR Signaling And T Cell Activation WP5072,WikiPathways_2024_Human,1.462433377541923,Upregulated,0.1935863297289511,9/31,15.18%
Hepatocellular carcinoma,KEGG_2021_Human,1.4603342547843623,Upregulated,0.1957868939851059,16/93,9.27%
Cellular Response to Molecule of Bacterial Origin (GO:0071219),GO_Biological_Process_2025,1.4601224412002909,Upregulated,0.195654203683265,18/40,25.95%
Cocaine addiction,KEGG_2021_Human,1.460022706626832,Upregulated,0.1953591136278109,14/36,10.77%
"BMAL1:CLOCK,NPAS2 Activates Circadian Gene Expression R-HSA-1368108",Reactome_2022,1.4597892981718146,Upregulated,0.1952673439913208,8/19,18.40%
Regulation of Cold-Induced Thermogenesis (GO:0120161),GO_Biological_Process_2025,1.459163955609084,Upregulated,0.1956947476072178,19/74,14.03%
GTP Binding (GO:0005525),GO_Molecular_Function_2025,1.4584680288840055,Upregulated,0.1961006859311147,36/95,19.16%
Negative Regulation of Telomere Maintenance via Telomere Lengthening (GO:1904357),GO_Biological_Process_2025,1.457362123351585,Upregulated,0.1970459143089217,7/15,18.44%
GDP Binding (GO:0019003),GO_Molecular_Function_2025,1.4570650796212523,Upregulated,0.1970197190092275,6/21,9.28%
Carboxylic Ester Hydrolase Activity (GO:0052689),GO_Molecular_Function_2025,1.4567179427803474,Upregulated,0.1970082615423549,13/63,5.48%
Ovarian Infertility WP34,WikiPathways_2024_Human,1.4556541823956883,Upregulated,0.1979576708054988,6/20,17.75%
Integrated Stress Response Signaling (GO:0140467),GO_Biological_Process_2025,1.4531962798513225,Upregulated,0.2007817507862282,9/21,16.98%
Cellular Response to Metal Ion (GO:0071248),GO_Biological_Process_2025,1.4529989855152738,Upregulated,0.2005879862252782,20/44,22.99%
PI3K AKT mTOR Signaling And Therapeutic In Prostate Cancer WP3844,WikiPathways_2024_Human,1.4529706629570445,Upregulated,0.2001992665254427,9/22,18.05%
Cellular Response to Lipid (GO:0071396),GO_Biological_Process_2025,1.450594848083756,Upregulated,0.2027474483011347,56/112,29.66%
Androgen Receptor Network In Prostate Cancer WP2263,WikiPathways_2024_Human,1.4501270570677791,Upregulated,0.2029165953722193,22/64,18.05%
Positive Regulation of Non-Canonical NF-kappaB Signal Transduction (GO:1901224),GO_Biological_Process_2025,1.4499067963733885,Upregulated,0.2027728060447755,8/15,24.89%
Modulation by Host of Viral Genome Replication (GO:0044827),GO_Biological_Process_2025,1.449164747816052,Upregulated,0.2034229216158884,10/19,30.01%
Response to Insulin (GO:0032868),GO_Biological_Process_2025,1.4487797041938153,Upregulated,0.2035154474929952,9/42,4.58%
RHOA GTPase Cycle R-HSA-8980692,Reactome_2022,1.4479924870940797,Upregulated,0.2041159429024606,27/76,24.29%
Macrophage Stimulating Protein MSP Signaling WP5353,WikiPathways_2024_Human,1.4474644924822004,Upregulated,0.2043471540809816,11/51,9.90%
Aldosterone synthesis and secretion,KEGG_2021_Human,1.447012288977744,Upregulated,0.2045488813997538,16/62,10.77%
Epithelial Cell Differentiation (GO:0030855),GO_Biological_Process_2025,1.446462857977874,Upregulated,0.2048564993818759,14/50,14.21%
Cytokine Signaling In Immune System R-HSA-1280215,Reactome_2022,1.4458980962315902,Upregulated,0.2051841425440343,100/266,27.22%
HCMV Infection R-HSA-9609646,Reactome_2022,1.4447492147666248,Upregulated,0.2062166504112462,26/70,24.96%
Phosphatidylinositol Phospholipase C Activity (GO:0004435),GO_Molecular_Function_2025,1.4446588588201288,Upregulated,0.2059508633342808,14/16,26.86%
Sodium Ion Transport (GO:0006814),GO_Biological_Process_2025,1.4441483876584764,Upregulated,0.2061542609865241,15/53,4.31%
Chronic myeloid leukemia,KEGG_2021_Human,1.442432049813264,Upregulated,0.2079365979843239,16/42,17.86%
Positive Regulation of Inflammatory Response (GO:0050729),GO_Biological_Process_2025,1.4422391491223914,Upregulated,0.2078047840631748,10/33,12.08%
Phospholipase C-activating G Protein-Coupled Receptor Signaling Pathway (GO:0007200),GO_Biological_Process_2025,1.4406998230034047,Upregulated,0.2093660371993151,10/43,6.87%
Oxytocin signaling pathway,KEGG_2021_Human,1.4403220778372254,Upregulated,0.209462802600838,35/77,26.78%
Senescence Associated Secretory Phenotype SASP WP3391,WikiPathways_2024_Human,1.4396244252899684,Upregulated,0.2098967623947256,7/35,9.90%
Heme Signaling R-HSA-9707616,Reactome_2022,1.4385206830624058,Upregulated,0.2108099108922236,14/29,25.92%
Myosin Binding (GO:0017022),GO_Molecular_Function_2025,1.438062729975721,Upregulated,0.2109448888457507,11/28,17.38%
IL4 Signaling WP395,WikiPathways_2024_Human,1.4369768011070578,Upregulated,0.2119933629971214,7/31,9.90%
C-type Lectin Receptors (CLRs) R-HSA-5621481,Reactome_2022,1.436045543114835,Upregulated,0.2128643910193071,37/88,27.09%
Relevant Molecular Pathways And Targeted Agents In TNBC WP5215,WikiPathways_2024_Human,1.4352647856369825,Upregulated,0.2134138531733082,9/23,18.05%
Cellular Response to Tumor Necrosis Factor (GO:0071356),GO_Biological_Process_2025,1.433502071581986,Upregulated,0.2153595232816593,10/35,10.91%
Cardiac Conduction (GO:0061337),GO_Biological_Process_2025,1.4333879193794183,Upregulated,0.2150937693135425,5/17,8.24%
mRNA Transcription (GO:0009299),GO_Biological_Process_2025,1.433050233917806,Upregulated,0.2151223052343975,21/31,37.58%
Negative Regulation of Mitotic Cell Cycle Phase Transition (GO:1901991),GO_Biological_Process_2025,1.4326080116186106,Upregulated,0.2153770616528831,13/24,31.95%
Integrin-Mediated Signaling Pathway (GO:0007229),GO_Biological_Process_2025,1.4317284168982616,Upregulated,0.2161464493211699,12/40,6.91%
Cellular Response to Interleukin-1 (GO:0071347),GO_Biological_Process_2025,1.4309217798727485,Upregulated,0.2167670321916075,10/30,10.91%
Prostaglandin Synthesis And Regulation WP98,WikiPathways_2024_Human,1.4308890257918998,Upregulated,0.2163693135774866,15/27,21.95%
Microglia Pathogen Phagocytosis Pathway WP3937,WikiPathways_2024_Human,1.430653884293284,Upregulated,0.2162748243668799,9/15,21.20%
Insulin secretion,KEGG_2021_Human,1.4302899175676806,Upregulated,0.2163368936935245,31/49,29.23%
Chloride Transmembrane Transporter Activity (GO:0015108),GO_Molecular_Function_2025,1.4298722375419388,Upregulated,0.2164371210154894,14/36,14.58%
Cytokine Activity (GO:0005125),GO_Molecular_Function_2025,1.428129947177954,Upregulated,0.2184804030611264,16/22,29.66%
Negative Regulation of Cell Cycle G1/S Phase Transition (GO:1902807),GO_Biological_Process_2025,1.4279589998945288,Upregulated,0.218276739028553,11/22,29.39%
Regulation of Metabolic Process (GO:0019222),GO_Biological_Process_2025,1.4244277009745197,Upregulated,0.2228684614256049,9/19,18.84%
Regulation of Protein Modification Process (GO:0031399),GO_Biological_Process_2025,1.4239992649525246,Upregulated,0.2230850640642786,10/17,25.03%
Legionellosis,KEGG_2021_Human,1.4229186301500436,Upregulated,0.2241396549231405,19/37,24.89%
Regulation of Microtubule Polymerization or Depolymerization (GO:0031110),GO_Biological_Process_2025,1.4226886284557747,Upregulated,0.2239979510049726,5/17,9.36%
Positive Regulation of Nervous System Development (GO:0051962),GO_Biological_Process_2025,1.421803480181112,Upregulated,0.2247681190750659,3/21,0.31%
Interferon Signaling R-HSA-913531,Reactome_2022,1.4204019933325165,Upregulated,0.2263002783077981,29/71,26.83%
G1/S Transition R-HSA-69206,Reactome_2022,1.4183902249604805,Upregulated,0.228776418661863,48/101,33.22%
Epithelial Tube Morphogenesis (GO:0060562),GO_Biological_Process_2025,1.4166807910948582,Upregulated,0.2308353492832726,9/17,24.45%
Constitutive Signaling By AKT1 E17K In Cancer R-HSA-5674400,Reactome_2022,1.4156955451427502,Upregulated,0.2318538139654944,9/15,33.96%
Negative Regulation of Stem Cell Population Maintenance (GO:1902455),GO_Biological_Process_2025,1.414153775403632,Upregulated,0.2335921079825578,9/16,29.56%
Herpes simplex virus 1 infection,KEGG_2021_Human,1.4139859337805347,Upregulated,0.2333437745034499,41/153,18.05%
Aggrephagy R-HSA-9646399,Reactome_2022,1.4136486402410613,Upregulated,0.2334041334213599,6/19,18.03%
Receptor Tyrosine Kinase Binding (GO:0030971),GO_Molecular_Function_2025,1.4123504519369707,Upregulated,0.2347981410927888,5/30,4.70%
SUMOylation R-HSA-2990846,Reactome_2022,1.4118369521980507,Upregulated,0.2350547369822649,42/115,26.01%
Amoebiasis,KEGG_2021_Human,1.411156764836079,Upregulated,0.2355682360768321,20/34,26.78%
Rho Protein Signal Transduction (GO:0007266),GO_Biological_Process_2025,1.4102793617587202,Upregulated,0.2363720655227257,14/26,25.35%
Potassium Channels R-HSA-1296071,Reactome_2022,1.407972691584274,Upregulated,0.2393782655490641,12/50,3.37%
RANKL RANK Signaling WP2018,WikiPathways_2024_Human,1.407833416304276,Upregulated,0.2391569897535442,7/25,9.90%
mRNA Transcription by RNA Polymerase II (GO:0042789),GO_Biological_Process_2025,1.4077372232727914,Upregulated,0.2388064238439166,20/29,37.58%
"Growth hormone synthesis, secretion and action",KEGG_2021_Human,1.4073810042832071,Upregulated,0.2389139489810705,25/75,20.03%
Transcription Cis-Regulatory Region Binding (GO:0000976),GO_Molecular_Function_2025,1.4069003532836637,Upregulated,0.2392284884975889,68/311,13.98%
Regulation of T Cell Differentiation (GO:0045580),GO_Biological_Process_2025,1.4060625608244706,Upregulated,0.2400443168478677,8/22,22.05%
Signal Transduction by P53 Class Mediator (GO:0072331),GO_Biological_Process_2025,1.4059145828689,Upregulated,0.239802346968845,8/25,16.25%
PERK Regulates Gene Expression R-HSA-381042,Reactome_2022,1.4038536749138804,Upregulated,0.2424401918903627,8/23,16.49%
Phosphatidic Acid Metabolic Process (GO:0046473),GO_Biological_Process_2025,1.40294907524595,Upregulated,0.2432325162864972,8/30,10.55%
Signaling By Non-Receptor Tyrosine Kinases R-HSA-9006927,Reactome_2022,1.4017586246686882,Upregulated,0.2445740840281068,10/21,27.24%
Regulation of Centrosome Cycle (GO:0046605),GO_Biological_Process_2025,1.4010745817561965,Upregulated,0.2450731718832994,9/18,24.99%
FoxO signaling pathway,KEGG_2021_Human,1.4008100328978372,Upregulated,0.2450330361637637,23/67,17.89%
Cellular Response to Peptide Hormone Stimulus (GO:0071375),GO_Biological_Process_2025,1.400799429887953,Upregulated,0.2445971689170688,12/49,6.59%
CAMKK2 Pathway WP4874,WikiPathways_2024_Human,1.399870415976794,Upregulated,0.2455523025773783,21/55,20.05%
Cushing syndrome,KEGG_2021_Human,1.3996984294181514,Upregulated,0.245365186843179,52/93,29.66%
Toll-like Receptor Cascades R-HSA-168898,Reactome_2022,1.398566908952639,Upregulated,0.2466624653318596,13/74,6.59%
Deactivation Of Beta-Catenin Transactivating Complex R-HSA-3769402,Reactome_2022,1.3981032844849963,Upregulated,0.2469282018112208,9/25,11.97%
Regulation of Epithelial Cell Proliferation (GO:0050678),GO_Biological_Process_2025,1.395835520486166,Upregulated,0.2498731429523504,13/33,20.82%
Cellular Response to Ketone (GO:1901655),GO_Biological_Process_2025,1.393519222088701,Upregulated,0.2529566602566872,13/27,18.33%
Signaling By ROBO Receptors R-HSA-376176,Reactome_2022,1.393477285245588,Upregulated,0.252543333957574,69/150,30.44%
Glycerolipid metabolism,KEGG_2021_Human,1.393401057988516,Upregulated,0.2521545952756062,15/54,6.92%
Negative Regulation of Cellular Process (GO:0048523),GO_Biological_Process_2025,1.3928519098127998,Upregulated,0.2526045816482723,67/258,17.39%
DDX58/IFIH1-mediated Induction Of Interferon-Alpha/Beta R-HSA-168928,Reactome_2022,1.3912419487928382,Upregulated,0.2545990849265541,6/31,6.59%
Neuromuscular Junction (GO:0031594),GO_Cellular_Component_2025,1.3909429973941612,Upregulated,0.2545820411270699,8/21,26.30%
Regulation Of Insulin Secretion R-HSA-422356,Reactome_2022,1.390836563778047,Upregulated,0.2542777729460018,11/43,3.32%
Calcium Ion Transport (GO:0006816),GO_Biological_Process_2025,1.39054578882527,Upregulated,0.2542780004636903,28/68,21.93%
Paracetamol ADME R-HSA-9753281,Reactome_2022,1.3894770689944098,Upregulated,0.2553423003290969,11/24,8.43%
Regulation Of RAS By GAPs R-HSA-5658442,Reactome_2022,1.3892180135776495,Upregulated,0.2552950450796781,26/57,27.09%
Neurodegeneration W Brain Fe Accumulation NBIA Subtypes Pathway WP4577,WikiPathways_2024_Human,1.388971507719339,Upregulated,0.2552458943434936,16/32,29.10%
NRP1 Triggered Signaling In Pancreatic Cancer WP5144,WikiPathways_2024_Human,1.388480582647602,Upregulated,0.2555414363863176,6/18,6.59%
Glycerophospholipid Metabolic Process (GO:0006650),GO_Biological_Process_2025,1.388391402770177,Upregulated,0.255218139363899,24/34,26.84%
Secondary Alcohol Metabolic Process (GO:1902652),GO_Biological_Process_2025,1.387265021869054,Upregulated,0.256511654017442,8/22,8.42%
Progesterone-mediated oocyte maturation,KEGG_2021_Human,1.387049792929108,Upregulated,0.2563683362494197,16/60,18.12%
Renin secretion,KEGG_2021_Human,1.3847556168221589,Upregulated,0.2595414869012528,21/42,26.78%
Serine-Type Peptidase Activity (GO:0008236),GO_Molecular_Function_2025,1.3842175314043312,Upregulated,0.2598696165790091,28/72,13.70%
Negative Regulation of Cell Population Proliferation (GO:0008285),GO_Biological_Process_2025,1.384067164133241,Upregulated,0.2596353463684362,44/168,16.79%
Sterol Homeostasis (GO:0055092),GO_Biological_Process_2025,1.3835893318692496,Upregulated,0.2598623148688611,10/41,5.54%
Thrombin Signaling Thru Proteinase Activated Receptors (PARs) R-HSA-456926,Reactome_2022,1.382099360598352,Upregulated,0.2617132773062357,6/21,3.31%
Negative Regulation of Translational Initiation (GO:0045947),GO_Biological_Process_2025,1.3818148013085254,Upregulated,0.2617266581823328,6/15,18.06%
Hemostasis R-HSA-109582,Reactome_2022,1.3815266913360558,Upregulated,0.2617460704897416,82/268,22.52%
Coronavirus disease,KEGG_2021_Human,1.3811180757021717,Upregulated,0.2619231868263709,59/119,30.44%
Neovascularization Processes WP4331,WikiPathways_2024_Human,1.379447442573407,Upregulated,0.2640663273432198,10/16,23.38%
Sodium Ion Homeostasis (GO:0055078),GO_Biological_Process_2025,1.3789425436460845,Upregulated,0.2643818247279301,3/21,0.13%
SARS-CoV-1 Infection R-HSA-9678108,Reactome_2022,1.3778658896283122,Upregulated,0.2655110800996066,8/24,18.13%
TRP Channels R-HSA-3295583,Reactome_2022,1.3764837643935874,Upregulated,0.2672871081965649,7/17,8.24%
Fluid shear stress and atherosclerosis,KEGG_2021_Human,1.3747131045474796,Upregulated,0.2696363255566796,14/66,10.27%
Protein Tyrosine Kinase Activity (GO:0004713),GO_Molecular_Function_2025,1.3745588819794796,Upregulated,0.2693914432101982,9/26,15.58%
Maturation of SSU-rRNA Frm Tricistronic rRNA Trnscpt (GO:0000462),GO_Biological_Process_2025,1.3721195706066325,Upregulated,0.2727836549038496,19/25,41.89%
Epithelium Development (GO:0060429),GO_Biological_Process_2025,1.3716236730280766,Upregulated,0.2731105193795285,19/64,14.60%
SAGA-type Complex (GO:0070461),GO_Cellular_Component_2025,1.371397411214729,Upregulated,0.2729902682735288,22/33,39.88%
Cholinergic synapse,KEGG_2021_Human,1.3713246559216972,Upregulated,0.2726239874152893,22/53,20.03%
Regulation of Cyclin-Dependent Protein Serine/Threonine Kinase Activity (GO:0000079),GO_Biological_Process_2025,1.3708381898666548,Upregulated,0.272872046891862,9/28,17.84%
Monoatomic Ion Channel Activity (GO:0005216),GO_Molecular_Function_2025,1.3701922444152936,Upregulated,0.2733569157161262,13/27,21.93%
Cholesterol Homeostasis (GO:0042632),GO_Biological_Process_2025,1.3700362369334114,Upregulated,0.273148099175774,10/40,5.54%
Diseases Of Mitotic Cell Cycle R-HSA-9675126,Reactome_2022,1.3682716819484115,Upregulated,0.2755709947773852,10/25,19.56%
NOD-like receptor signaling pathway,KEGG_2021_Human,1.3665497208521578,Upregulated,0.2778318356496381,13/69,8.21%
Organelle Fusion (GO:0048284),GO_Biological_Process_2025,1.365171231403116,Upregulated,0.2795695449521512,6/22,11.89%
Retinoblastoma Gene In Cancer WP2446,WikiPathways_2024_Human,1.3649183551000132,Upregulated,0.2794437596321453,30/57,33.79%
Negative Regulation of Multicellular Organismal Process (GO:0051241),GO_Biological_Process_2025,1.364406120074389,Upregulated,0.2798260907069231,30/131,14.20%
Type 2 Papillary Renal Cell Carcinoma WP4241,WikiPathways_2024_Human,1.3641641984758357,Upregulated,0.2797433466341606,11/22,28.91%
Acetylglucosaminyltransferase Activity (GO:0008375),GO_Molecular_Function_2025,1.364003753382848,Upregulated,0.2795612595978288,3/32,0.51%
Positive Regulation of DNA-binding Transcription Factor Activity (GO:0051091),GO_Biological_Process_2025,1.3637800054973443,Upregulated,0.2794753508769767,16/74,13.14%
Pancreatic Adenocarcinoma Pathway WP4263,WikiPathways_2024_Human,1.3633054509131477,Upregulated,0.2797382108473932,18/43,19.47%
Pentose phosphate pathway,KEGG_2021_Human,1.3630666021304656,Upregulated,0.2796348021153833,12/27,16.94%
Oxygen-dependent Proline Hydroxylation Of Hypoxia-inducible Factor Alpha R-HSA-1234176,Reactome_2022,1.3613913814181924,Upregulated,0.2820209815513355,25/51,28.76%
Death Receptor Signaling R-HSA-73887,Reactome_2022,1.3607055561214056,Upregulated,0.2826887981574779,14/57,17.39%
Phosphodiesterases In Neuronal Function WP4222,WikiPathways_2024_Human,1.3594180324905492,Upregulated,0.2844584319268283,19/34,20.78%
Oxidative Stress Response WP408,WikiPathways_2024_Human,1.3592275540019816,Upregulated,0.2843265027256472,6/20,11.94%
Plasma Membrane Invagination (GO:0099024),GO_Biological_Process_2025,1.358374431592002,Upregulated,0.2852992242952337,7/16,25.47%
Regulation of Intracellular Signal Transduction (GO:1902531),GO_Biological_Process_2025,1.3581444611480564,Upregulated,0.285200950762716,27/153,12.17%
Cellular Component Assembly (GO:0022607),GO_Biological_Process_2025,1.3562585844153277,Upregulated,0.2878148544159358,51/153,25.78%
Purine Ribonucleoside Triphosphate Metabolic Process (GO:0009205),GO_Biological_Process_2025,1.3558698144621455,Upregulated,0.2880386316058455,5/19,5.03%
Positive Regulation of NF-kappaB Transcription Factor Activity (GO:0051092),GO_Biological_Process_2025,1.3555232084767443,Upregulated,0.2881180984033148,10/38,13.14%
Negative Regulation of Translation (GO:0017148),GO_Biological_Process_2025,1.3545103900422473,Upregulated,0.289338118173886,22/65,18.68%
Fat Cell Differentiation (GO:0045444),GO_Biological_Process_2025,1.3542240614649776,Upregulated,0.28933120626788,9/33,10.14%
Ribosome Assembly (GO:0042255),GO_Biological_Process_2025,1.3536552321258597,Upregulated,0.2898861566087906,18/35,31.94%
Regulation of Trans-Synaptic Signaling (GO:0099177),GO_Biological_Process_2025,1.3533154805889165,Upregulated,0.2899182830168532,4/29,0.31%
Glucagon signaling pathway,KEGG_2021_Human,1.3527010927134993,Upregulated,0.2905102720027443,21/78,11.42%
Folate Metabolism WP176,WikiPathways_2024_Human,1.351775504456394,Upregulated,0.2915077296740789,14/32,18.87%
Membraneless Organelle Assembly (GO:0140694),GO_Biological_Process_2025,1.3503194544411832,Upregulated,0.2935272919682162,27/77,24.13%
Mitotic Sister Chromatid Segregation (GO:0000070),GO_Biological_Process_2025,1.3502076168725443,Upregulated,0.2932094204719511,19/55,22.89%
Selenium Micronutrient Network WP15,WikiPathways_2024_Human,1.3501764298089434,Upregulated,0.2927700324391788,15/35,16.69%
Regulation of Transcription Regulatory Region DNA Binding (GO:2000677),GO_Biological_Process_2025,1.3490572970160066,Upregulated,0.2941920439761626,7/16,13.97%
Estrogen signaling pathway,KEGG_2021_Human,1.3489119232045697,Upregulated,0.293962981976729,24/72,20.03%
Cytosolic DNA-sensing pathway,KEGG_2021_Human,1.3485086845372205,Upregulated,0.2941549752788568,5/28,8.79%
EPO Receptor Signaling WP581,WikiPathways_2024_Human,1.3481704460470283,Upregulated,0.2942676608753484,3/15,4.58%
G Alpha (12/13) Signaling Events R-HSA-416482,Reactome_2022,1.3481399600137904,Upregulated,0.2938413607358903,13/31,18.33%
Protein Serine Kinase Activity (GO:0106310),GO_Molecular_Function_2025,1.346909628057367,Upregulated,0.2956271432894227,6/15,17.60%
Photodynamic Therapy Induced NF kB Survival Signaling WP3617,WikiPathways_2024_Human,1.3453714252106257,Upregulated,0.2978376932753051,5/15,6.59%
Metal Ion Transport (GO:0030001),GO_Biological_Process_2025,1.3452930416434885,Upregulated,0.2974783751870256,25/105,8.24%
Homophilic Cell Adhesion via Plasma Membrane Adhesion Molecules (GO:0007156),GO_Biological_Process_2025,1.3446607048057293,Upregulated,0.2980269372333043,9/28,10.47%
Response to Lipopolysaccharide (GO:0032496),GO_Biological_Process_2025,1.3440192983341346,Upregulated,0.2987054196676285,10/56,7.55%
Negative Regulation of Developmental Process (GO:0051093),GO_Biological_Process_2025,1.3433162107258936,Upregulated,0.2994483704884761,31/59,29.77%
Triglyceride Metabolic Process (GO:0006641),GO_Biological_Process_2025,1.3430015662583852,Upregulated,0.2994844525664124,9/28,4.54%
Amino Acid Metabolism WP3925,WikiPathways_2024_Human,1.3425003190618798,Upregulated,0.2999043829098797,14/67,5.95%
Citric Acid (TCA) Cycle And Respiratory Electron Transport R-HSA-1428517,Reactome_2022,1.3420598367979717,Upregulated,0.3001441851072093,21/112,13.02%
Aryl Hydrocarbon Receptor Pathway WP2586,WikiPathways_2024_Human,1.3419335954676956,Upregulated,0.2998735251738902,6/22,13.15%
Negative Regulation of Sequestering of Calcium Ion (GO:0051283),GO_Biological_Process_2025,1.3416562620958177,Upregulated,0.2998756229869623,18/24,26.83%
Microbody Lumen (GO:0031907),GO_Cellular_Component_2025,1.3413895528795627,Upregulated,0.2993798888752063,9/27,11.15%
Peroxisomal Matrix (GO:0005782),GO_Cellular_Component_2025,1.3413895528795627,Upregulated,0.2993798888752063,9/27,11.15%
Positive Regulation of Kinase Activity (GO:0033674),GO_Biological_Process_2025,1.3405267412776674,Upregulated,0.3003188244606283,6/17,15.59%
Organophosphate Metabolic Process (GO:0019637),GO_Biological_Process_2025,1.3404204664623365,Upregulated,0.299984339198263,23/55,22.64%
Chagas disease,KEGG_2021_Human,1.340343122671689,Upregulated,0.2996217642608629,12/50,6.59%
Positive Regulation of Lipid Metabolic Process (GO:0045834),GO_Biological_Process_2025,1.340246293672639,Upregulated,0.2993149305127463,10/16,25.97%
Regulation of Macrophage Derived Foam Cell Differentiation (GO:0010743),GO_Biological_Process_2025,1.3390210803935167,Upregulated,0.3009637259361797,7/17,10.55%
Cytosolic DNA Sensing Pathway WP4655,WikiPathways_2024_Human,1.3385965000680735,Upregulated,0.3011726396856413,6/33,8.79%
Influenza Viral RNA Transcription And Replication R-HSA-168273,Reactome_2022,1.3372016595218164,Upregulated,0.3031029839518444,52/115,31.11%
Protein Serine/Threonine Kinase Activity (GO:0004674),GO_Molecular_Function_2025,1.3366636455274925,Upregulated,0.3035157600178531,36/211,10.30%
Nucleophagy (GO:0044804),GO_Biological_Process_2025,1.3349024515108672,Upregulated,0.3060319690388031,10/18,28.90%
Phagocytosis (GO:0006909),GO_Biological_Process_2025,1.3339051749398336,Upregulated,0.3072786585439359,17/36,26.01%
Mononuclear Cell Differentiation (GO:1903131),GO_Biological_Process_2025,1.333680673758486,Upregulated,0.307209653141982,8/15,25.97%
Protein Serine/Threonine/Tyrosine Kinase Activity (GO:0004712),GO_Molecular_Function_2025,1.332560076444958,Upregulated,0.308675132152749,3/16,1.65%
Vasopressin-regulated water reabsorption,KEGG_2021_Human,1.331835624366343,Upregulated,0.3089345539776397,15/37,20.13%
Vasopressin Regulated Water Reabsorption WP5085,WikiPathways_2024_Human,1.331835624366343,Upregulated,0.3089345539776397,15/37,20.13%
Defense Response to Bacterium (GO:0042742),GO_Biological_Process_2025,1.331314398144702,Upregulated,0.309369423117916,12/58,7.03%
Transcription Factor Regulation In Adipogenesis WP3599,WikiPathways_2024_Human,1.3291963735489003,Upregulated,0.3125398260381601,6/15,11.29%
COPI-independent Golgi-to-ER Retrograde Traffic R-HSA-6811436,Reactome_2022,1.3291782592727557,Upregulated,0.3120728729198542,8/29,13.76%
S Phase R-HSA-69242,Reactome_2022,1.329059014808432,Upregulated,0.3117960301615337,60/124,34.01%
Organelle Fission (GO:0048285),GO_Biological_Process_2025,1.32742512414151,Upregulated,0.3141499757084151,7/16,18.16%
RUNX1 Interacts With Co-Factors Whose Precise Effect On RUNX1 Targets Is Not Known R-HSA-8939243,Reactome_2022,1.3272904937013486,Upregulated,0.3139026995569556,10/25,24.45%
Positive Regulation of Endothelial Cell Migration (GO:0010595),GO_Biological_Process_2025,1.3270557306981774,Upregulated,0.3137784219717327,18/46,21.87%
Nuclear Receptor-Mediated Steroid Hormone Signaling Pathway (GO:0030518),GO_Biological_Process_2025,1.326558020224216,Upregulated,0.3141621500666855,12/30,23.22%
S1P Receptor Signal Transduction WP26,WikiPathways_2024_Human,1.325956294568837,Upregulated,0.3146824361196961,6/16,11.61%
Cell Junction Assembly (GO:0034329),GO_Biological_Process_2025,1.325735259400189,Upregulated,0.3145716355819866,5/36,6.05%
Autophagy,KEGG_2021_Human,1.3239136394622395,Upregulated,0.3173607591381317,32/96,23.56%
Regulation of Insulin Secretion Involved in Cellular Response to Glucose Stimulus (GO:0061178),GO_Biological_Process_2025,1.3229365362101069,Upregulated,0.3184907032338206,8/15,26.25%
Synthesis Of Bile Acids And Bile Salts Via 7Alpha-Hydroxycholesterol R-HSA-193368,Reactome_2022,1.3222246013541603,Upregulated,0.319208230775227,8/15,18.40%
Erythrocyte Differentiation (GO:0030218),GO_Biological_Process_2025,1.3215641220699614,Upregulated,0.3198814960804928,13/29,27.16%
Aberrant Regulation Of Mitotic Cell Cycle Due To RB1 Defects R-HSA-9687139,Reactome_2022,1.320958406621362,Upregulated,0.3205142022555927,12/23,28.96%
White Fat Cell Differentiation WP4149,WikiPathways_2024_Human,1.319666532947687,Upregulated,0.3223224776865706,12/23,26.01%
Regulation of Cell Growth (GO:0001558),GO_Biological_Process_2025,1.318163494647346,Upregulated,0.3243990896045854,26/108,17.39%
Osteoarthritic Chondrocyte Hypertrophy WP5373,WikiPathways_2024_Human,1.317575578233601,Upregulated,0.324940140490914,9/24,13.15%
Regulation of Monoatomic Ion Transmembrane Transporter Activity (GO:0032412),GO_Biological_Process_2025,1.3172766101901277,Upregulated,0.3250082582930672,4/19,11.61%
Post NMDA Receptor Activation Events R-HSA-438064,Reactome_2022,1.3162272822402183,Upregulated,0.3264132018842813,5/30,3.57%
Chromosomal And Microsatellite Instability In Colorectal Cancer WP4216,WikiPathways_2024_Human,1.3162013087953417,Upregulated,0.3259656786860055,13/36,17.86%
Thyroxine Thyroid Hormone Production WP1981,WikiPathways_2024_Human,1.3161703633145774,Upregulated,0.3255350939082735,4/15,10.72%
Cyclin E Associated Events During G1/S Transition R-HSA-69202,Reactome_2022,1.316130146186134,Upregulated,0.3251179135304053,30/63,28.96%
Cellular Response to Glucose Stimulus (GO:0071333),GO_Biological_Process_2025,1.3155522084183755,Upregulated,0.3256719506223088,7/16,17.39%
Endopeptidase Activity (GO:0004175),GO_Molecular_Function_2025,1.315097930508473,Upregulated,0.3259434173173405,71/158,24.82%
Cytoplasmic Stress Granule (GO:0010494),GO_Cellular_Component_2025,1.3147930418793017,Upregulated,0.3259748888369717,19/51,24.89%
Protein Import Into Nucleus (GO:0006606),GO_Biological_Process_2025,1.3145516608871166,Upregulated,0.3259014613899696,24/59,26.68%
Activation Of NF-kappaB In B Cells R-HSA-1169091,Reactome_2022,1.3145068614505109,Upregulated,0.3254834357429594,25/53,30.18%
Ventricular Septum Development (GO:0003281),GO_Biological_Process_2025,1.3141375383284055,Upregulated,0.3256867503352159,9/16,20.75%
Negative Regulation of Type I Interferon Production (GO:0032480),GO_Biological_Process_2025,1.3126691045258,Upregulated,0.3278016529772188,5/19,6.56%
miRNA Binding (GO:0035198),GO_Molecular_Function_2025,1.3104166106298114,Upregulated,0.3312815975460478,5/16,16.78%
Regulation of Stem Cell Population Maintenance (GO:2000036),GO_Biological_Process_2025,1.3102133217155183,Upregulated,0.3311615655954205,16/37,32.70%
RNA Metabolic Process (GO:0016070),GO_Biological_Process_2025,1.3090463509682513,Upregulated,0.3328603917979129,19/38,32.61%
Protein Homotetramerization (GO:0051289),GO_Biological_Process_2025,1.3086077061896295,Upregulated,0.3331515078855523,18/40,20.15%
GPCR Downstream Signaling R-HSA-388396,Reactome_2022,1.3080362861759598,Upregulated,0.3338203329731645,68/206,23.14%
Telomere Maintenance via Telomerase (GO:0007004),GO_Biological_Process_2025,1.307263301190921,Upregulated,0.3341821636403504,6/15,16.04%
RNA-templated DNA Biosynthetic Process (GO:0006278),GO_Biological_Process_2025,1.307263301190921,Upregulated,0.3341821636403504,6/15,16.04%
miRNA Regulation Of DNA Damage Response WP1530,WikiPathways_2024_Human,1.304963029209795,Upregulated,0.3379123352258056,16/40,17.89%
ATF4 Activates Genes In Response To Endoplasmic Reticulum Stress R-HSA-380994,Reactome_2022,1.3048236555542754,Upregulated,0.3376858564893054,7/18,22.36%
Peptidyl-Serine Phosphorylation (GO:0018105),GO_Biological_Process_2025,1.304098593814105,Upregulated,0.3384407806008214,9/43,11.52%
Omega 6 Fatty Acids In Senescence WP5424,WikiPathways_2024_Human,1.303601754415078,Upregulated,0.3388670487067802,5/22,8.65%
Vesicle Membrane (GO:0012506),GO_Cellular_Component_2025,1.3031230912075074,Upregulated,0.3392584583148268,23/48,24.37%
Mesoderm Formation (GO:0001707),GO_Biological_Process_2025,1.302162416272575,Upregulated,0.3405227855414212,8/15,21.19%
Phosphatidic Acid Biosynthetic Process (GO:0006654),GO_Biological_Process_2025,1.302144846137345,Upregulated,0.3400545811054971,4/27,1.19%
IL11 Signaling WP2332,WikiPathways_2024_Human,1.3003108497763958,Upregulated,0.3430102072836963,8/21,22.87%
Calcium signaling pathway,KEGG_2021_Human,1.3000796284478031,Upregulated,0.3429589788429484,44/104,26.86%
Positive Regulation of Cell Growth (GO:0030307),GO_Biological_Process_2025,1.299562820479376,Upregulated,0.3434282738601866,13/48,17.20%
Apoptosis Related Network Due To Altered Notch3 Ovarian Cancer WP2864,WikiPathways_2024_Human,1.299087546471377,Upregulated,0.3438612246539232,6/24,7.86%
Yersinia infection,KEGG_2021_Human,1.299001842168235,Upregulated,0.3435162913879434,25/71,22.74%
Integrin Cell Surface Interactions R-HSA-216083,Reactome_2022,1.2984861192405952,Upregulated,0.3440408461929207,10/32,5.43%
IL2 Signaling WP49,WikiPathways_2024_Human,1.2981968417211314,Upregulated,0.344049844225218,2/16,1.64%
Ebola Virus Infection In Host WP4217,WikiPathways_2024_Human,1.2981853966397623,Upregulated,0.3435736782230179,23/68,17.61%
E-box Binding (GO:0070888),GO_Molecular_Function_2025,1.2974501771124105,Upregulated,0.3444232346933124,27/42,29.91%
Clock Controlled Autophagy In Bone Metabolism WP5205,WikiPathways_2024_Human,1.2971197716178022,Upregulated,0.3445620667830502,9/37,13.16%
Affected Pathways In Duchenne Muscular Dystrophy WP5356,WikiPathways_2024_Human,1.2962325023604306,Upregulated,0.3457621848503217,13/30,22.99%
Thyroid hormone synthesis,KEGG_2021_Human,1.2960354585834526,Upregulated,0.3456105985083076,13/48,10.77%
Mitotic G2 DNA Damage Checkpoint Signaling (GO:0007095),GO_Biological_Process_2025,1.2953618350631946,Upregulated,0.3463241044839886,4/15,9.14%
Postsynaptic Specialization Membrane (GO:0099634),GO_Cellular_Component_2025,1.2943954378031046,Upregulated,0.347685577925405,4/31,0.36%
Tricarboxylic Acid Cycle (GO:0006099),GO_Biological_Process_2025,1.2928954248216984,Upregulated,0.3500249648007885,11/20,22.73%
Adenyl Ribonucleotide Binding (GO:0032559),GO_Molecular_Function_2025,1.2923029604464988,Upregulated,0.3506112198924614,23/199,4.35%
Pattern Recognition Receptor Signaling Pathway (GO:0002221),GO_Biological_Process_2025,1.2913703685639497,Upregulated,0.3518577318081972,3/19,4.10%
Gastric cancer,KEGG_2021_Human,1.2894085356755387,Upregulated,0.3548877973621058,37/74,29.66%
Thromboxane Signaling Thru TP Receptor R-HSA-428930,Reactome_2022,1.2892173971097098,Upregulated,0.3547703230619506,6/17,6.71%
Oligodendrocyte Differentiation (GO:0048709),GO_Biological_Process_2025,1.288828838732037,Upregulated,0.3550258623765149,6/17,10.18%
Proteasome-Mediated Ubiquitin-Dependent Protein Catabolic Process (GO:0043161),GO_Biological_Process_2025,1.288507664295278,Upregulated,0.3551392900835777,76/183,28.76%
Response to Reactive Oxygen Species (GO:0000302),GO_Biological_Process_2025,1.2883596911711148,Upregulated,0.3549327060743683,8/25,11.94%
Metabolic Pathways Of Fibroblasts WP5312,WikiPathways_2024_Human,1.2869042185148298,Upregulated,0.3572303533464382,5/22,5.94%
Sphingolipid Catabolic Process (GO:0030149),GO_Biological_Process_2025,1.2849991637250255,Upregulated,0.3603775014111788,8/21,11.59%
Negative Regulation of Microtubule Polymerization or Depolymerization (GO:0031111),GO_Biological_Process_2025,1.2847195389184478,Upregulated,0.360379289205708,4/15,9.35%
Hippo Signaling Regulation WP4540,WikiPathways_2024_Human,1.284473120815496,Upregulated,0.360289096420859,8/40,4.32%
Protein Transmembrane Import Into Intracellular Organelle (GO:0044743),GO_Biological_Process_2025,1.2842534998089106,Upregulated,0.3602329962753234,15/27,30.29%
Leishmaniasis,KEGG_2021_Human,1.284253103009567,Upregulated,0.3597249102439055,8/25,9.90%
Cyclin A:Cdk2-associated Events At S Phase Entry R-HSA-69656,Reactome_2022,1.284206035205267,Upregulated,0.359288954094992,30/64,28.96%
Guanyl-Nucleotide Exchange Factor Activity (GO:0005085),GO_Molecular_Function_2025,1.2841404431173011,Upregulated,0.3588991510399133,23/103,15.75%
Negative Regulation of Cellular Response to Insulin Stimulus (GO:1900077),GO_Biological_Process_2025,1.283470123918549,Upregulated,0.3592620443464786,6/20,19.51%
Negative Regulation of Insulin Receptor Signaling Pathway (GO:0046627),GO_Biological_Process_2025,1.283470123918549,Upregulated,0.3592620443464786,6/20,19.51%
Activation Of GABAB Receptors R-HSA-991365,Reactome_2022,1.2828916458784148,Upregulated,0.3598597507610374,5/20,3.32%
Gene And Protein Expression By JAK-STAT Signaling After Interleukin-12 Stimulation R-HSA-8950505,Reactome_2022,1.2827835529714378,Upregulated,0.3595622765305538,8/20,11.94%
Cellular Response to Transforming Growth Factor Beta Stimulus (GO:0071560),GO_Biological_Process_2025,1.282397438887423,Upregulated,0.3597914297893516,16/43,21.19%
GABA Receptor Activation R-HSA-977443,Reactome_2022,1.279994846213509,Upregulated,0.3639451892460832,5/21,3.32%
Manganese Ion Binding (GO:0030145),GO_Molecular_Function_2025,1.2789362160835078,Upregulated,0.3654959074443757,5/31,7.82%
Gastrin Signaling WP4659,WikiPathways_2024_Human,1.2778775685501331,Upregulated,0.3671279925412134,28/65,26.83%
Terpenoid backbone biosynthesis,KEGG_2021_Human,1.2772543350307974,Upregulated,0.3678159527047783,7/20,21.04%
Thymic Stromal Lymphopoietin TSLP Signaling WP2203,WikiPathways_2024_Human,1.2771442387834837,Upregulated,0.3675067544868496,5/18,6.59%
Bile Acid Metabolic Process (GO:0008206),GO_Biological_Process_2025,1.276996948842047,Upregulated,0.3672521355611866,5/21,6.83%
Cell-cell Junction Organization R-HSA-421270,Reactome_2022,1.2755630147493224,Upregulated,0.369541790187142,8/18,10.47%
Nanoparticle Triggered Autophagic Cell Death WP2509,WikiPathways_2024_Human,1.273779292385028,Upregulated,0.3726019483395587,8/16,25.55%
Glycerophospholipid Biosynthetic Process (GO:0046474),GO_Biological_Process_2025,1.2731444410454495,Upregulated,0.3733043639095701,17/82,12.55%
Regulation of Inflammatory Response (GO:0050727),GO_Biological_Process_2025,1.2723439434061166,Upregulated,0.3743584041178793,29/74,25.97%
Measles Virus Infection WP4630,WikiPathways_2024_Human,1.2720618954078766,Upregulated,0.3744413390678334,22/62,18.52%
Dicarboxylic Acid Metabolic Process (GO:0043648),GO_Biological_Process_2025,1.2714244267884809,Upregulated,0.3751649734412127,9/39,5.94%
Regulation Of Ornithine Decarboxylase (ODC) R-HSA-350562,Reactome_2022,1.2691643687980962,Upregulated,0.3791510242329112,20/41,28.76%
Regulation of T Cell Receptor Signaling Pathway (GO:0050856),GO_Biological_Process_2025,1.2674879808669637,Upregulated,0.3819415776954613,9/19,25.53%
Mitotic Spindle Assembly (GO:0090307),GO_Biological_Process_2025,1.2651854429363778,Upregulated,0.3861384253883975,10/19,29.35%
Negative Regulation of Metabolic Process (GO:0009892),GO_Biological_Process_2025,1.2650136968766168,Upregulated,0.385945990553999,22/37,33.07%
+ Reg of Transmembrane Receptor Prot Serine/Threonine Kinase Sgnlng Pway (GO:0090100),GO_Biological_Process_2025,1.2648938003568406,Upregulated,0.3856155638525402,12/41,12.37%
Vif-mediated Degradation Of APOBEC3G R-HSA-180585,Reactome_2022,1.2614289017680949,Upregulated,0.3921993396391194,21/46,28.76%
Acylglycerol Metabolic Process (GO:0006639),GO_Biological_Process_2025,1.2613402044426192,Upregulated,0.3918752733146124,5/25,2.35%
Positive Regulation of Programmed Cell Death (GO:0043068),GO_Biological_Process_2025,1.2613362187352828,Upregulated,0.3913474841627999,30/112,18.30%
Synthesis Of Bile Acids And Bile Salts R-HSA-192105,Reactome_2022,1.2606924474133034,Upregulated,0.3920873282248413,8/21,18.40%
"DNA-binding Transcription Repressor Activity, RNA Polymerase II-specific (GO:0001227)",GO_Molecular_Function_2025,1.2596860387940978,Upregulated,0.3935918967203059,25/100,13.98%
RUNX1 Regulates Transcription Of Genes Involved In Differentiation Of HSCs R-HSA-8939236,Reactome_2022,1.2596858178253776,Upregulated,0.3930592960481539,25/57,27.09%
GTPase Regulator Activity (GO:0030695),GO_Molecular_Function_2025,1.2594542464597724,Upregulated,0.3929937124000426,40/201,15.85%
Voltage-Gated Potassium Channel Activity (GO:0005249),GO_Molecular_Function_2025,1.258495850172021,Upregulated,0.3944032110119813,10/41,4.31%
Generation of Neurons (GO:0048699),GO_Biological_Process_2025,1.2581398629466216,Upregulated,0.3946019790792511,53/107,33.11%
Integration Of Energy Metabolism R-HSA-163685,Reactome_2022,1.2575012967552877,Upregulated,0.3954020978702476,11/60,3.32%
Synthesis Of PA R-HSA-1483166,Reactome_2022,1.2567555273233642,Upregulated,0.3963917356956651,11/24,19.46%
Regulation of Cytokine Production (GO:0001817),GO_Biological_Process_2025,1.2564855593420852,Upregulated,0.3964293101980773,16/60,12.70%
cullin-RING Ubiquitin Ligase Complex (GO:0031461),GO_Cellular_Component_2025,1.2544784599743932,Upregulated,0.3999764086953211,39/100,28.68%
GPER1 Signaling R-HSA-9634597,Reactome_2022,1.2542763061812894,Upregulated,0.3998105476995228,6/26,3.32%
Signaling By Nuclear Receptors R-HSA-9006931,Reactome_2022,1.2540988252075858,Upregulated,0.3996527559790712,38/134,19.51%
Regulation of G2/M Transition of Mitotic Cell Cycle (GO:0010389),GO_Biological_Process_2025,1.2536480758738473,Upregulated,0.4001046348338565,8/24,17.89%
Protein Monoubiquitination (GO:0006513),GO_Biological_Process_2025,1.2535405519078358,Upregulated,0.3998191000254716,9/18,28.01%
"Oxidoreductase Activity, Acting on the CH-OH Group of Donors, NAD or NADP as Acceptor (GO:0016616)",GO_Molecular_Function_2025,1.2533240383551516,Upregulated,0.3997409187189998,13/39,14.27%
Regulation of Fatty Acid Biosynthetic Process (GO:0042304),GO_Biological_Process_2025,1.2528008737261611,Upregulated,0.400268247014697,3/15,5.30%
Ribosome (GO:0005840),GO_Cellular_Component_2025,1.252419040755714,Upregulated,0.4005623747882144,17/37,26.16%
Regulation of Canonical NF-kappaB Signal Transduction (GO:0043122),GO_Biological_Process_2025,1.2521975475455225,Upregulated,0.4004169457690654,28/109,18.03%
Antigen Processing: Ubiquitination And Proteasome Degradation R-HSA-983168,Reactome_2022,1.252046700361983,Upregulated,0.4002039061463795,61/162,28.76%
Regulation of Endothelial Cell Migration (GO:0010594),GO_Biological_Process_2025,1.2517185967250386,Upregulated,0.4003898114262556,17/39,23.35%
p53 signaling pathway,KEGG_2021_Human,1.2516674177788427,Upregulated,0.3999935132460764,14/38,17.89%
Intrinsic Apoptotic Signaling Pathway by P53 Class Mediator (GO:0072332),GO_Biological_Process_2025,1.2515066308241216,Upregulated,0.3997623099055475,7/23,13.97%
Nervous System Development R-HSA-9675108,Reactome_2022,1.2513966632664009,Upregulated,0.3994114713492067,111/311,27.10%
Methionine De Novo And Salvage Pathway WP3580,WikiPathways_2024_Human,1.2510949122636186,Upregulated,0.3995479052873608,5/17,9.88%
B Cell Receptor Signaling WP23,WikiPathways_2024_Human,1.2510050902861003,Upregulated,0.3992102633608217,9/39,12.17%
Positive Regulation of Epithelial Cell Migration (GO:0010634),GO_Biological_Process_2025,1.2500108536398338,Upregulated,0.400731455952685,11/18,29.35%
DNA Damage Response WP707,WikiPathways_2024_Human,1.2482286852334683,Upregulated,0.4040234349109117,15/39,17.89%
Positive Regulation of Immune Response (GO:0050778),GO_Biological_Process_2025,1.2481540333973988,Upregulated,0.403678274342709,13/28,24.57%
ATP Binding (GO:0005524),GO_Molecular_Function_2025,1.2474077411511868,Upregulated,0.4046209795067311,30/175,12.94%
TYROBP Causal Network In Microglia WP3945,WikiPathways_2024_Human,1.2471535539982872,Upregulated,0.404694439003701,8/24,16.95%
Transcriptional Activation Of Mitochondrial Biogenesis R-HSA-2151201,Reactome_2022,1.246712115107906,Upregulated,0.4050413845666624,13/33,25.88%
Response to Retinoic Acid (GO:0032526),GO_Biological_Process_2025,1.2467093241515568,Upregulated,0.4045199286971409,24/40,30.83%
Telomere Maintenance via Telomere Lengthening (GO:0010833),GO_Biological_Process_2025,1.2462544438292995,Upregulated,0.4048973525725141,7/17,18.44%
Macromolecule Biosynthetic Process (GO:0009059),GO_Biological_Process_2025,1.243871144646619,Upregulated,0.4093200003047406,51/140,27.08%
Positive Regulation of T Cell Differentiation (GO:0045582),GO_Biological_Process_2025,1.2436993647512504,Upregulated,0.4091353462074398,7/23,17.24%
Protein Homooligomerization (GO:0051260),GO_Biological_Process_2025,1.2425089332857244,Upregulated,0.4110909453490309,25/72,20.15%
Th17 cell differentiation,KEGG_2021_Human,1.239270007137525,Upregulated,0.4172298998243248,11/41,12.43%
RAC1 GTPase Cycle R-HSA-9013149,Reactome_2022,1.2374111347766497,Upregulated,0.4205525308155673,25/79,23.84%
Kit Receptor Signaling WP304,WikiPathways_2024_Human,1.2368253953469237,Upregulated,0.4212110545976372,4/32,4.67%
SAGA Complex (GO:0000124),GO_Cellular_Component_2025,1.2363522903983826,Upregulated,0.4217076372203528,10/21,28.81%
Insulin Signaling WP481,WikiPathways_2024_Human,1.235479833087998,Upregulated,0.4229634877671389,14/102,4.67%
Positive Regulation of Growth (GO:0045927),GO_Biological_Process_2025,1.2352754740375238,Upregulated,0.4228656028661949,10/41,17.20%
Cardiac Progenitor Differentiation WP2406,WikiPathways_2024_Human,1.2346000497474308,Upregulated,0.4237799154396162,6/24,13.98%
Nuclear Membrane Reassembly (GO:0031468),GO_Biological_Process_2025,1.2328235739534064,Upregulated,0.4270437262669451,7/17,23.66%
Ubiquitin-Dependent Protein Catabolic Process (GO:0006511),GO_Biological_Process_2025,1.231821271260387,Upregulated,0.4286135128036373,91/233,28.76%
Regulation of Epithelial Cell Migration (GO:0010632),GO_Biological_Process_2025,1.2316616727513534,Upregulated,0.428438878789238,11/17,29.35%
Protein Localization to Cell Junction (GO:1902414),GO_Biological_Process_2025,1.2314883078073549,Upregulated,0.42827197576334,9/17,22.27%
"Platelet Activation, Signaling And Aggregation R-HSA-76002",Reactome_2022,1.2296214976613358,Upregulated,0.4316516418454547,40/118,22.52%
G1/S-Specific Transcription R-HSA-69205,Reactome_2022,1.2284390778651073,Upregulated,0.4336159291868047,12/20,32.60%
Amide Transport (GO:0042886),GO_Biological_Process_2025,1.2276342853537892,Upregulated,0.4347769351908472,4/19,2.26%
MLL1 Complex (GO:0071339),GO_Cellular_Component_2025,1.227445285747342,Upregulated,0.4346622597921877,8/23,15.07%
Signaling By NTRK1 (TRKA) R-HSA-187037,Reactome_2022,1.2270596193540897,Upregulated,0.4349749587753662,11/67,10.72%
Disorders Of Transmembrane Transporters R-HSA-5619115,Reactome_2022,1.2268491531991224,Upregulated,0.4348357426934655,14/135,2.53%
Defense Response to Virus (GO:0051607),GO_Biological_Process_2025,1.2267552184031325,Upregulated,0.4344903763425639,22/63,24.52%
Epigenetic Regulation Of Gene Expression R-HSA-212165,Reactome_2022,1.226219121662578,Upregulated,0.4350645960333559,25/61,33.96%
Sterol Regulatory Element Binding Proteins SREBP Signaling WP1982,WikiPathways_2024_Human,1.2261430178398396,Upregulated,0.4346895638696989,17/44,26.57%
Signaling By Interleukins R-HSA-449147,Reactome_2022,1.225931432721774,Upregulated,0.4345399010106042,64/186,26.09%
Vitamin digestion and absorption,KEGG_2021_Human,1.2249819810119544,Upregulated,0.4361032807263265,5/17,3.11%
p53-Dependent G1 DNA Damage Response R-HSA-69563,Reactome_2022,1.2245123714842931,Upregulated,0.4365563480424987,23/52,28.76%
Regulation of actin cytoskeleton,KEGG_2021_Human,1.224161163802567,Upregulated,0.4367302381499059,36/98,22.97%
Oxysterols Derived From Cholesterol WP4545,WikiPathways_2024_Human,1.224106115474665,Upregulated,0.4362767423263463,6/22,8.42%
Ovarian steroidogenesis,KEGG_2021_Human,1.22384258362734,Upregulated,0.4362861432335599,3/16,3.23%
RNA transport,KEGG_2021_Human,1.2238136375197697,Upregulated,0.4358100656331211,33/125,19.65%
Signaling By GPCR R-HSA-372790,Reactome_2022,1.2235570453779048,Upregulated,0.4357957839760707,75/243,23.14%
Positive Regulation of Cell Cycle G2/M Phase Transition (GO:1902751),GO_Biological_Process_2025,1.223098582210292,Upregulated,0.4362387202022124,7/18,20.98%
Monoatomic Anion Transmembrane Transporter Activity (GO:0008509),GO_Molecular_Function_2025,1.222332992778388,Upregulated,0.4373178174336518,5/16,9.79%
DNA Strand Elongation R-HSA-69190,Reactome_2022,1.222165855823894,Upregulated,0.4371212830438398,16/28,37.29%
Protein Ubiquitination R-HSA-8852135,Reactome_2022,1.221280230048699,Upregulated,0.4385385602110204,15/35,28.08%
Negative Regulation of miRNA Metabolic Process (GO:2000629),GO_Biological_Process_2025,1.2208528148174995,Upregulated,0.4389560480025674,11/16,27.22%
Cortical Cytoskeleton (GO:0030863),GO_Cellular_Component_2025,1.2198689833726644,Upregulated,0.4405203960799317,8/33,11.03%
Positive Regulation of Lipid Biosynthetic Process (GO:0046889),GO_Biological_Process_2025,1.2198615401059476,Upregulated,0.4399914858373572,6/25,10.72%
Novel Intracellular Components Of RIG I Like Receptor Pathway WP3865,WikiPathways_2024_Human,1.2193815558209733,Upregulated,0.4404846920519692,6/27,6.59%
Bile Acid And Bile Salt Metabolism R-HSA-194068,Reactome_2022,1.2171405687769437,Upregulated,0.4447798796664805,9/26,18.40%
Protein Metabolic Process (GO:0019538),GO_Biological_Process_2025,1.2166419638529669,Upregulated,0.4453068006346159,102/360,19.76%
Influenza Infection R-HSA-168255,Reactome_2022,1.2163903590204104,Upregulated,0.4453288299711612,55/130,31.11%
"Oxidoreductase Activity, Acting on the Aldehyde or Oxo Group of Donors, NAD or NADP as Acceptor (GO:0016620)",GO_Molecular_Function_2025,1.2159098168852274,Upregulated,0.4458579919064636,6/19,8.58%
DNA Replication R-HSA-69306,Reactome_2022,1.2153350831611336,Upregulated,0.4465416096924562,45/109,32.06%
Organelle Organization (GO:0006996),GO_Biological_Process_2025,1.214367015258801,Upregulated,0.4481317183897939,85/266,26.70%
Adenylate Cyclase-Inhibiting G Protein-Coupled Receptor Signaling Pathway (GO:0007193),GO_Biological_Process_2025,1.214363906606,Upregulated,0.4475874626332102,3/16,3.32%
Positive Regulation of Metabolic Process (GO:0009893),GO_Biological_Process_2025,1.2141523885506356,Upregulated,0.4475156879792399,13/72,8.18%
Cellular Component Disassembly (GO:0022411),GO_Biological_Process_2025,1.2135231184604456,Upregulated,0.4483168087295089,13/18,27.06%
Cellular Responses To Stress R-HSA-2262752,Reactome_2022,1.21345939101538,Upregulated,0.4479151818427009,160/458,27.35%
Lipid Kinase Activity (GO:0001727),GO_Molecular_Function_2025,1.213341618697407,Upregulated,0.4476287569432469,7/17,17.57%
Regulation of Non-Canonical NF-kappaB Signal Transduction (GO:1901222),GO_Biological_Process_2025,1.21276874755923,Upregulated,0.4483141181985273,12/23,31.10%
Cyclin D Associated Events In G1 R-HSA-69231,Reactome_2022,1.2119754052984644,Upregulated,0.4494521921867839,13/26,28.96%
Signaling pathways regulating pluripotency of stem cells,KEGG_2021_Human,1.2116805870640264,Upregulated,0.449579912303412,43/85,33.11%
Metabolism Of Steroids R-HSA-8957322,Reactome_2022,1.2113931971072798,Upregulated,0.4496990050137286,8/86,2.96%
Cilium Movement (GO:0003341),GO_Biological_Process_2025,1.2105018434158297,Upregulated,0.4510901543422885,12/37,22.34%
Intermediate Filament Cytoskeleton (GO:0045111),GO_Cellular_Component_2025,1.2091032041393577,Upregulated,0.4537031018609206,5/27,8.88%
Regulation of Programmed Cell Death (GO:0043067),GO_Biological_Process_2025,1.2083234130500229,Upregulated,0.4548636721511482,32/99,25.12%
Cell Cycle WP179,WikiPathways_2024_Human,1.2078867821753834,Upregulated,0.4552985950435649,22/81,17.89%
Transcriptional Regulation By RUNX1 R-HSA-8878171,Reactome_2022,1.2076030532984146,Upregulated,0.4554086841723775,48/116,27.09%
Regulation of RNA Biosynthetic Process (GO:2001141),GO_Biological_Process_2025,1.2068279144197671,Upregulated,0.4565409789496031,83/241,28.35%
Positive Regulation of Mitotic Cell Cycle Phase Transition (GO:1901992),GO_Biological_Process_2025,1.2048685706536288,Upregulated,0.4602270798839488,13/43,18.92%
Pyrophosphatase Activity (GO:0016462),GO_Molecular_Function_2025,1.204764570510725,Upregulated,0.4598709437635929,8/27,6.92%
SUMOylation Of Chromatin Organization Proteins R-HSA-4551638,Reactome_2022,1.2042848098078087,Upregulated,0.4603616798964199,15/38,24.96%
Regulation of Lipid Metabolic Process (GO:0019216),GO_Biological_Process_2025,1.203597420823002,Upregulated,0.4614428751160881,16/29,26.80%
Oxidative Stress Induced Senescence R-HSA-2559580,Reactome_2022,1.2024027760219151,Upregulated,0.4635268757515892,15/36,28.96%
Negative Regulation of MAPK Cascade (GO:0043409),GO_Biological_Process_2025,1.2023111559456647,Upregulated,0.4631439013116288,22/52,25.97%
Axon Guidance R-HSA-422475,Reactome_2022,1.2022873509695118,Upregulated,0.4626417568475648,105/298,27.10%
E3 Ubiquitin Ligases Ubiquitinate Target Proteins R-HSA-8866654,Reactome_2022,1.2021965243937314,Upregulated,0.4623098225016916,12/27,28.08%
Circadian Clock R-HSA-400253,Reactome_2022,1.202083795828037,Upregulated,0.4619991007531867,12/47,13.16%
Cellular Responses To Stimuli R-HSA-8953897,Reactome_2022,1.2011860032342998,Upregulated,0.4633629557278419,160/460,27.35%
Regulation of Apoptotic Process (GO:0042981),GO_Biological_Process_2025,1.200372294945802,Upregulated,0.4646013328008698,102/337,23.91%
Protein Homodimerization Activity (GO:0042803),GO_Molecular_Function_2025,1.1999866519777511,Upregulated,0.4648763605954616,70/352,13.90%
FCERI Mediated NF-kB Activation R-HSA-2871837,Reactome_2022,1.199985418905868,Upregulated,0.4643269606878508,24/55,30.18%
Mitotic Spindle (GO:0072686),GO_Cellular_Component_2025,1.1988472990106518,Upregulated,0.4662472559271107,29/77,31.71%
Protein-Containing Complex Disassembly (GO:0032984),GO_Biological_Process_2025,1.1982060780812274,Upregulated,0.467114095852796,13/48,12.82%
Burn Wound Healing WP5055,WikiPathways_2024_Human,1.197979511926537,Upregulated,0.4670702789771838,4/19,7.56%
PD-L1 expression and PD-1 checkpoint pathway in cancer,KEGG_2021_Human,1.1976712537472824,Upregulated,0.4671748991524455,10/44,9.98%
Regulation of Cardiac Muscle Contraction by Calcium Ion Signaling (GO:0010882),GO_Biological_Process_2025,1.1972122636833251,Upregulated,0.4676173426774419,2/15,0.84%
G Alpha (Z) Signaling Events R-HSA-418597,Reactome_2022,1.1971347097746396,Upregulated,0.4672367609497305,6/24,3.32%
Signaling By Retinoic Acid R-HSA-5362517,Reactome_2022,1.1969727946013795,Upregulated,0.4670344469452244,8/23,11.58%
Cellular Response to Calcium Ion (GO:0071277),GO_Biological_Process_2025,1.196561496545003,Upregulated,0.4674473091979481,15/28,29.77%
Dephosphorylation (GO:0016311),GO_Biological_Process_2025,1.196363557188337,Upregulated,0.4673269976030377,13/52,7.82%
Synthesis Of DNA R-HSA-69239,Reactome_2022,1.1960004796723505,Upregulated,0.4675510887732997,49/100,36.53%
Orc1 Removal From Chromatin R-HSA-68949,Reactome_2022,1.1957359392037985,Upregulated,0.4675954402550817,25/59,28.76%
Regulation of Microtubule Cytoskeleton Organization (GO:0070507),GO_Biological_Process_2025,1.1956849339100752,Upregulated,0.4671427502345729,5/25,9.36%
Metabolism Of Steroid Hormones R-HSA-196071,Reactome_2022,1.1948063656224177,Upregulated,0.4685070898075542,2/15,1.58%
Oncostatin M Signaling WP2374,WikiPathways_2024_Human,1.1941324299144267,Upregulated,0.4695177329704372,8/32,10.72%
SCF-dependent Proteasomal Ubiquitin-Dependent Protein Catabolic Process (GO:0031146),GO_Biological_Process_2025,1.1941182964373849,Upregulated,0.4690004880561791,14/25,27.42%
Negative Regulation of DNA-binding Transcription Factor Activity (GO:0043433),GO_Biological_Process_2025,1.1940645489918094,Upregulated,0.4685668856592021,15/56,16.57%
Chromatin Modifying Enzymes R-HSA-3247509,Reactome_2022,1.1938456250518374,Upregulated,0.468488889699322,70/154,31.71%
Peptidyl-Threonine Phosphorylation (GO:0018107),GO_Biological_Process_2025,1.1931112883056223,Upregulated,0.4695625065904919,6/24,11.52%
Transforming Growth Factor Beta Receptor Signaling Pathway (GO:0007179),GO_Biological_Process_2025,1.1927226470799277,Upregulated,0.4699274081925406,8/26,14.63%
Mitotic Cytokinetic Process (GO:1902410),GO_Biological_Process_2025,1.1926801419271411,Upregulated,0.4694881252775635,6/15,17.38%
Integrin Mediated Cell Adhesion WP185,WikiPathways_2024_Human,1.1923268532188382,Upregulated,0.4696817393965805,11/57,5.52%
Cognition (GO:0050890),GO_Biological_Process_2025,1.1916581626058786,Upregulated,0.4706116843972539,7/24,18.93%
NF-kappa B signaling pathway,KEGG_2021_Human,1.1913584089555924,Upregulated,0.4707679425560593,8/29,6.59%
Positive Regulation of Cell Differentiation (GO:0045597),GO_Biological_Process_2025,1.1909878756057093,Upregulated,0.4710832383662497,27/133,11.11%
Regulation of Fibroblast Proliferation (GO:0048145),GO_Biological_Process_2025,1.190697009715652,Upregulated,0.471188590873797,11/18,35.43%
Downstream Signaling Events Of B Cell Receptor (BCR) R-HSA-1168372,Reactome_2022,1.1904060942936343,Upregulated,0.4712490141675252,30/60,34.01%
Cellular Response to Alcohol (GO:0097306),GO_Biological_Process_2025,1.189871877804802,Upregulated,0.4718514828931751,8/33,11.61%
mRNA Binding (GO:0003729),GO_Molecular_Function_2025,1.1897531029803616,Upregulated,0.4715844950170232,47/217,17.54%
Host Pathogen Interaction Of Human CoVs Autophagy WP4863,WikiPathways_2024_Human,1.1895055756668529,Upregulated,0.4715997231022503,9/17,32.02%
Proteolysis (GO:0006508),GO_Biological_Process_2025,1.1884419576546934,Upregulated,0.4734896799124277,60/168,19.41%
Class I MHC Mediated Antigen Processing And Presentation R-HSA-983169,Reactome_2022,1.1873665453962166,Upregulated,0.475347864538545,76/197,28.76%
Negative Regulation of Cell Migration (GO:0030336),GO_Biological_Process_2025,1.1868401531352804,Upregulated,0.4760048505723072,21/77,17.36%
Breast cancer,KEGG_2021_Human,1.185742567669544,Upregulated,0.4780514824431299,39/81,29.66%
Regulation of Cytokine Production Involved in Inflammatory Response (GO:1900015),GO_Biological_Process_2025,1.1855405521810622,Upregulated,0.4779381268378885,6/26,6.59%
G1/S DNA Damage Checkpoints R-HSA-69615,Reactome_2022,1.185432565589263,Upregulated,0.4776455165718756,28/54,34.50%
Regulation Of Actin Cytoskeleton WP51,WikiPathways_2024_Human,1.1850858961602786,Upregulated,0.4778901996400991,26/65,22.97%
Positive Regulation of Stem Cell Population Maintenance (GO:1902459),GO_Biological_Process_2025,1.1845490750418624,Upregulated,0.4785288755054744,10/28,27.14%
Relaxin signaling pathway,KEGG_2021_Human,1.1843644244029965,Upregulated,0.4784154926608678,16/67,10.77%
Release of Sequestered Calcium Ion Into Cytosol (GO:0051209),GO_Biological_Process_2025,1.1830730322693237,Upregulated,0.480892195120174,18/27,26.83%
Viral carcinogenesis,KEGG_2021_Human,1.183039332310438,Upregulated,0.480414225055484,31/101,18.01%
Voltage-Gated Potassium Channel Complex (GO:0008076),GO_Cellular_Component_2025,1.1827043441798983,Upregulated,0.4805936639267419,7/29,3.37%
Trans Sulfuration One Carbon Metabolism And Related Pathways WP2525,WikiPathways_2024_Human,1.1811661665056,Upregulated,0.483567961955739,17/43,19.47%
Hepatitis B,KEGG_2021_Human,1.180957787893333,Upregulated,0.4834649945440081,23/72,17.85%
Ribosome,KEGG_2021_Human,1.1803075056897896,Upregulated,0.4844013578591412,47/105,32.07%
Sleep Regulation WP3591,WikiPathways_2024_Human,1.1798006576056836,Upregulated,0.4850179296664593,4/16,11.58%
Cell cycle,KEGG_2021_Human,1.176968767932309,Upregulated,0.4910648510307887,22/84,17.89%
RAC2 GTPase Cycle R-HSA-9013404,Reactome_2022,1.175737831290162,Upregulated,0.4932676338850923,17/44,24.06%
Polyubiquitin Modification-Dependent Protein Binding (GO:0031593),GO_Molecular_Function_2025,1.1753641591073154,Upregulated,0.493573501351354,9/28,15.00%
Extension Of Telomeres R-HSA-180786,Reactome_2022,1.1749996758827976,Upregulated,0.493823625876814,10/35,18.95%
TCA Cycle Aka Krebs Or Citric Acid Cycle WP78,WikiPathways_2024_Human,1.1737782646498334,Upregulated,0.4960568337207859,4/16,6.03%
Electron Transport Chain (GO:0022900),GO_Biological_Process_2025,1.1732299302665137,Upregulated,0.496771186962272,3/15,3.99%
Serine-Type Endopeptidase Activity (GO:0004252),GO_Molecular_Function_2025,1.1723861908811672,Upregulated,0.4981487819189098,22/65,13.59%
Negative Regulation of Cell-Cell Adhesion (GO:0022408),GO_Biological_Process_2025,1.1721803782934042,Upregulated,0.4980510680951684,7/18,25.88%
Protein Tetramerization (GO:0051262),GO_Biological_Process_2025,1.1702199488178235,Upregulated,0.5021336052089308,19/54,20.15%
Heart Morphogenesis (GO:0003007),GO_Biological_Process_2025,1.1697798821708163,Upregulated,0.5025581987993238,9/26,12.51%
mTOR signaling pathway,KEGG_2021_Human,1.169708447725504,Upregulated,0.5021764131515452,52/119,30.60%
Organelle Assembly (GO:0070925),GO_Biological_Process_2025,1.169095131824814,Upregulated,0.503075884608957,57/204,25.55%
Orexin Receptor Pathway WP5094,WikiPathways_2024_Human,1.1681012321721955,Upregulated,0.5048289716360548,8/49,4.33%
Primary Ovarian Insufficiency WP5316,WikiPathways_2024_Human,1.168010790149033,Upregulated,0.5044813896747637,16/84,16.77%
Positive Regulation of Interleukin-1 Beta Production (GO:0032731),GO_Biological_Process_2025,1.1664153773905448,Upregulated,0.5075886551430187,5/18,7.86%
Cellular Response to Osmotic Stress (GO:0071470),GO_Biological_Process_2025,1.1651179089121453,Upregulated,0.5100586190514645,6/19,16.32%
DNA Replication Pre-Initiation R-HSA-69002,Reactome_2022,1.1650976889736475,Upregulated,0.5095398257681855,39/84,36.53%
Interleukin-12 Signaling R-HSA-9020591,Reactome_2022,1.1626678541095887,Upregulated,0.5148044305261041,8/22,11.94%
Copper Homeostasis WP3286,WikiPathways_2024_Human,1.1610568629591986,Upregulated,0.5180893116537783,8/23,18.24%
Positive Regulation of GTPase Activity (GO:0043547),GO_Biological_Process_2025,1.1602712450032142,Upregulated,0.5193846659774203,15/48,21.19%
Cross-presentation Of Soluble Exogenous Antigens (Endosomes) R-HSA-1236978,Reactome_2022,1.159946349572609,Upregulated,0.519561476080246,19/40,28.76%
RHOF GTPase Cycle R-HSA-9035034,Reactome_2022,1.1598170429715091,Upregulated,0.5192609870480371,12/18,36.19%
Autophagosome (GO:0005776),GO_Cellular_Component_2025,1.1583536871358575,Upregulated,0.5223134117538072,19/48,28.48%
Chromosome (GO:0005694),GO_Cellular_Component_2025,1.155990201108192,Upregulated,0.5275105373652539,28/88,24.72%
Osteoclast differentiation,KEGG_2021_Human,1.155794630458845,Upregulated,0.5274224787978177,11/48,10.72%
Regulation of ERK1 and ERK2 Cascade (GO:0070372),GO_Biological_Process_2025,1.1550426722476477,Upregulated,0.5286916006918353,21/62,23.22%
KEAP1-NFE2L2 Pathway R-HSA-9755511,Reactome_2022,1.1538942762546125,Upregulated,0.5309115405509165,29/73,27.35%
Sphingolipid Metabolism Overview WP4725,WikiPathways_2024_Human,1.153656805943991,Upregulated,0.5308786532125649,8/21,11.61%
Opioid Signaling R-HSA-111885,Reactome_2022,1.1522869781123,Upregulated,0.5336381047460134,9/59,3.32%
Reproduction R-HSA-1474165,Reactome_2022,1.1513161121424844,Upregulated,0.5353191429229853,14/29,25.51%
Positive Regulation of Biosynthetic Process (GO:0009891),GO_Biological_Process_2025,1.1510122934427955,Upregulated,0.5355226499018315,19/50,27.22%
Non Small Cell Lung Cancer WP4255,WikiPathways_2024_Human,1.1503439338623611,Upregulated,0.5365350873488206,14/43,17.86%
Downstream TCR Signaling R-HSA-202424,Reactome_2022,1.1503347801560415,Upregulated,0.5359704973494229,26/59,30.18%
Host Pathogen Interaction Of Human Coronaviruses MAPK Signaling WP4877,WikiPathways_2024_Human,1.1501185393542217,Upregulated,0.5359026031778324,3/20,1.66%
Kinase Activity (GO:0016301),GO_Molecular_Function_2025,1.1487479923955008,Upregulated,0.5386299870393495,21/66,15.48%
Adaptive Immune System R-HSA-1280218,Reactome_2022,1.1482576052714202,Upregulated,0.5391946577259682,123/338,28.76%
Cellular Response to Retinoic Acid (GO:0071300),GO_Biological_Process_2025,1.1481937865635723,Upregulated,0.5387889037282867,20/29,33.96%
Cardiac Muscle Tissue Development (GO:0048738),GO_Biological_Process_2025,1.1481194986102303,Upregulated,0.5383618273116989,7/23,14.03%
G Alpha (I) Signaling Events R-HSA-418594,Reactome_2022,1.1470001534099017,Upregulated,0.5404945085817128,13/99,3.32%
Nuclear Events Mediated By NFE2L2 R-HSA-9759194,Reactome_2022,1.145754236273677,Upregulated,0.5429991696906475,22/60,25.75%
Sulfur Amino Acid Metabolism R-HSA-1614635,Reactome_2022,1.145470906599677,Upregulated,0.543157786546676,6/18,18.87%
Mitochondrial RNA Metabolic Process (GO:0000959),GO_Biological_Process_2025,1.1452701725389085,Upregulated,0.5430778284218039,8/17,33.38%
Target Of Rapamycin Signaling WP1471,WikiPathways_2024_Human,1.1437017021535183,Upregulated,0.5462352700474402,12/27,23.56%
RAC3 GTPase Cycle R-HSA-9013423,Reactome_2022,1.143392500895214,Upregulated,0.5464229848275293,17/43,23.84%
RHOB GTPase Cycle R-HSA-9013026,Reactome_2022,1.1431010883133343,Upregulated,0.5465380775454096,14/35,23.84%
Positive Regulation of Catalytic Activity (GO:0043085),GO_Biological_Process_2025,1.1411343811758214,Upregulated,0.5507319941048519,6/19,13.24%
Regulation of Natural Killer Cell Mediated Cytotoxicity (GO:0042269),GO_Biological_Process_2025,1.14063784496111,Upregulated,0.5514272936738965,9/20,10.45%
Sterol Transfer Activity (GO:0120015),GO_Molecular_Function_2025,1.1404275852185477,Upregulated,0.5513853691008704,2/19,2.28%
Heart Development WP1591,WikiPathways_2024_Human,1.1403808409386025,Upregulated,0.5509132892648426,6/18,12.45%
Signaling By B Cell Receptor (BCR) R-HSA-983705,Reactome_2022,1.1400201709698994,Upregulated,0.5511422928823378,30/74,27.09%
Switching Of Origins To A Post-Replicative State R-HSA-69052,Reactome_2022,1.1387541227568103,Upregulated,0.5536573115068689,28/75,27.32%
Negative Regulation of Gene Expression (GO:0010629),GO_Biological_Process_2025,1.1384847933513649,Upregulated,0.5537237492629912,47/214,18.57%
Glioblastoma Signaling WP2261,WikiPathways_2024_Human,1.1369908787639142,Upregulated,0.5568035074255181,17/38,26.83%
Measles,KEGG_2021_Human,1.1367439785501348,Upregulated,0.5568349394744537,20/62,18.52%
Inward Rectifier Potassium Channel Activity (GO:0005242),GO_Molecular_Function_2025,1.1363940830985673,Upregulated,0.557075818292373,4/16,2.85%
RNA Biosynthetic Process (GO:0032774),GO_Biological_Process_2025,1.1362638454119802,Upregulated,0.5568189681111659,23/87,19.88%
Inflammatory Response (GO:0006954),GO_Biological_Process_2025,1.1360043202342325,Upregulated,0.5568901642242475,14/57,10.41%
Melanogenesis,KEGG_2021_Human,1.1357556430540503,Upregulated,0.556873082884045,30/69,29.66%
Gene Expression (GO:0010467),GO_Biological_Process_2025,1.1353913454811595,Upregulated,0.5571394335450682,88/263,27.08%
Asymmetric Synapse (GO:0032279),GO_Cellular_Component_2025,1.134689864066664,Upregulated,0.558259330253494,4/70,0.36%
Basal cell carcinoma,KEGG_2021_Human,1.134034830773354,Upregulated,0.5593106775430788,23/41,29.66%
Renal System Development (GO:0072001),GO_Biological_Process_2025,1.1330964263294212,Upregulated,0.5610221815039551,3/27,5.22%
Regulation of Catabolic Process (GO:0009894),GO_Biological_Process_2025,1.132758115053112,Upregulated,0.561248218209319,15/47,23.56%
Sodium Channel Activity (GO:0005272),GO_Molecular_Function_2025,1.1323142888896078,Upregulated,0.5618468550153948,7/20,8.24%
Defense Response to Gram-positive Bacterium (GO:0050830),GO_Biological_Process_2025,1.1322965167163597,Upregulated,0.5612986216296364,6/18,6.99%
RHO GTPases Activate Formins R-HSA-5663220,Reactome_2022,1.132276810532801,Upregulated,0.5607455533758864,21/64,23.79%
B cell receptor signaling pathway,KEGG_2021_Human,1.1321301562588495,Upregulated,0.5604973847150754,12/31,23.14%
Protein Autophosphorylation (GO:0046777),GO_Biological_Process_2025,1.1320378955653243,Upregulated,0.5601601426488267,8/51,11.52%
TROP2 Regulatory Signaling WP5300,WikiPathways_2024_Human,1.1313734973226277,Upregulated,0.5611660973156876,8/17,21.19%
Macroautophagy (GO:0016236),GO_Biological_Process_2025,1.13088994189867,Upregulated,0.5617634508808481,44/114,30.02%
Mitochondrial Matrix (GO:0005759),GO_Cellular_Component_2025,1.129637248139724,Upregulated,0.5642887088159322,40/276,8.58%
MLL1/2 Complex (GO:0044665),GO_Cellular_Component_2025,1.1290537614095828,Upregulated,0.5652182151580876,8/24,15.07%
Neural Crest Cell Migration In Cancer WP4565,WikiPathways_2024_Human,1.128836399697643,Upregulated,0.5646045958734014,8/15,19.32%
Neural Crest Cell Migration During Development WP4564,WikiPathways_2024_Human,1.128836399697643,Upregulated,0.5646045958734014,8/15,19.32%
T Cell Receptor Signaling WP69,WikiPathways_2024_Human,1.1286097656938778,Upregulated,0.5645371054481335,7/32,10.72%
Phosphatidylcholine Metabolic Process (GO:0046470),GO_Biological_Process_2025,1.1285402276946253,Upregulated,0.5641250216641258,14/27,25.94%
17Q12 Copy Number Variation Syndrome WP5287,WikiPathways_2024_Human,1.1284500825568802,Upregulated,0.5637753307905244,7/38,13.37%
Fragile X Syndrome WP4549,WikiPathways_2024_Human,1.1270725936714936,Upregulated,0.5665213539380692,17/70,18.06%
Regulation of Interleukin-1 Beta Production (GO:0032651),GO_Biological_Process_2025,1.125743978597431,Upregulated,0.5691506803459796,5/22,7.86%
Cell-Cell Junction Organization (GO:0045216),GO_Biological_Process_2025,1.1256530547031425,Upregulated,0.5687603049004438,9/21,20.30%
Butanoate metabolism,KEGG_2021_Human,1.1255588815473327,Upregulated,0.568424948498083,4/16,5.08%
RNA Destabilization (GO:0050779),GO_Biological_Process_2025,1.1255496018152331,Upregulated,0.5678630622798848,10/18,39.38%
Energy Metabolism WP1541,WikiPathways_2024_Human,1.1237163099478285,Upregulated,0.571891485613838,12/26,25.97%
MicroRNAs in cancer,KEGG_2021_Human,1.1234356071337772,Upregulated,0.5720426953010773,34/93,23.60%
Dendrite (GO:0030425),GO_Cellular_Component_2025,1.1228991180451742,Upregulated,0.5728414664856969,15/122,8.91%
Pregnane X Receptor Pathway WP2876,WikiPathways_2024_Human,1.122872139303779,Upregulated,0.5723312850052044,4/19,1.33%
Regulation of Cell Cycle (GO:0051726),GO_Biological_Process_2025,1.122603061115199,Upregulated,0.5724206712565951,45/204,17.83%
Transcription Coregulator Binding (GO:0001221),GO_Molecular_Function_2025,1.1220505967220094,Upregulated,0.5731639438225293,28/66,27.96%
Bicellular Tight Junction (GO:0005923),GO_Cellular_Component_2025,1.1216754116174157,Upregulated,0.5735725647334557,11/23,24.05%
NGF-stimulated Transcription R-HSA-9031628,Reactome_2022,1.1212078653090107,Upregulated,0.5741601712267584,5/22,10.72%
Role Of Phospholipids In Phagocytosis R-HSA-2029485,Reactome_2022,1.121129926135099,Upregulated,0.5737527335831765,11/17,26.83%
Regulation Of Apoptosis R-HSA-169911,Reactome_2022,1.1205449453930956,Upregulated,0.574723501416651,20/45,28.76%
Positive Regulation of Exocytosis (GO:0045921),GO_Biological_Process_2025,1.1205348230231222,Upregulated,0.5741580026861071,9/17,33.80%
Sphingolipid Metabolism Integrated Pathway WP4726,WikiPathways_2024_Human,1.119178985260165,Upregulated,0.5768777276048872,7/20,11.61%
Positive Regulation of Blood Vessel Endothelial Cell Migration (GO:0043536),GO_Biological_Process_2025,1.1189968798894625,Upregulated,0.5767387036548844,12/23,27.22%
FGFR2 Alternative Splicing R-HSA-6803529,Reactome_2022,1.1189328595474797,Upregulated,0.5763133070773113,4/21,11.90%
Ubiquitin-dependent Degradation Of Cyclin D R-HSA-75815,Reactome_2022,1.1183269877801432,Upregulated,0.577267264985776,23/44,34.01%
Cellular Response to Lipopolysaccharide (GO:0071222),GO_Biological_Process_2025,1.1177378978044856,Upregulated,0.5780988339481047,19/43,28.08%
Regulation of Protein Transport (GO:0051223),GO_Biological_Process_2025,1.117625005378028,Upregulated,0.5777774838075064,5/15,9.69%
Vesicle Cytoskeletal Trafficking (GO:0099518),GO_Biological_Process_2025,1.117472215738384,Upregulated,0.5775862394925985,8/16,20.89%
CDK-mediated Phosphorylation And Removal Of Cdc6 R-HSA-69017,Reactome_2022,1.1164861917725657,Upregulated,0.5794149094065489,24/60,27.09%
SCF(Skp2)-mediated Degradation Of P27/P21 R-HSA-187577,Reactome_2022,1.1164672738109345,Upregulated,0.5788694228164245,22/49,28.76%
Interleukin-12 Family Signaling R-HSA-447115,Reactome_2022,1.1155978034400955,Upregulated,0.5805548211885818,8/23,11.94%
G Alpha (S) Signaling Events R-HSA-418555,Reactome_2022,1.1150710450236412,Upregulated,0.5813043625037232,24/59,21.19%
ADP Signaling Thru P2Y Purinoceptor 1 R-HSA-418592,Reactome_2022,1.1143909439020252,Upregulated,0.5824836499024766,4/15,3.28%
Positive Regulation of Signal Transduction (GO:0009967),GO_Biological_Process_2025,1.113976430608922,Upregulated,0.582933332946445,22/110,12.62%
Phospholipid Dephosphorylation (GO:0046839),GO_Biological_Process_2025,1.1138459578903028,Upregulated,0.5826624998934007,10/34,6.94%
Cytoskeleton Organization (GO:0007010),GO_Biological_Process_2025,1.1133307501850926,Upregulated,0.5834114959148825,22/56,21.54%
Proteasome,KEGG_2021_Human,1.1126046454347347,Upregulated,0.5846045488382116,22/41,34.01%
Sulfur Compound Transport (GO:0072348),GO_Biological_Process_2025,1.111543682791677,Upregulated,0.5867804094042506,6/18,12.13%
Defective CFTR Causes Cystic Fibrosis R-HSA-5678895,Reactome_2022,1.1111207963848158,Upregulated,0.587264685951471,25/51,34.01%
Metabolism Of Porphyrins R-HSA-189445,Reactome_2022,1.1109983632746894,Upregulated,0.5870102860701486,4/24,2.26%
Fat-Soluble Vitamin Metabolic Process (GO:0006775),GO_Biological_Process_2025,1.1107989191166308,Upregulated,0.5869366444211664,2/16,0.13%
Selenium Metabolism And Selenoproteins WP28,WikiPathways_2024_Human,1.1103351503415066,Upregulated,0.5875082085132788,9/26,15.04%
Negative Regulation of Macroautophagy (GO:0016242),GO_Biological_Process_2025,1.109496018152473,Upregulated,0.5889530320988501,8/22,21.03%
Neurogenesis (GO:0022008),GO_Biological_Process_2025,1.1093050194431326,Upregulated,0.5888310400929224,13/27,30.51%
C-type lectin receptor signaling pathway,KEGG_2021_Human,1.1091893668727315,Upregulated,0.5885433950807762,10/55,6.59%
Signaling By NTRKs R-HSA-166520,Reactome_2022,1.1089592990006962,Upregulated,0.588548054369885,11/74,10.72%
Constitutive Androstane Receptor Pathway WP2875,WikiPathways_2024_Human,1.1081030718153044,Upregulated,0.5900246559995728,6/18,11.29%
Positive Regulation of Proteolysis Involved in Protein Catabolic Process (GO:1903052),GO_Biological_Process_2025,1.1078837292252337,Upregulated,0.5899587288434955,11/25,28.76%
Resolution Of D-loop Structures Thru Holliday Junction Intermediates R-HSA-5693568,Reactome_2022,1.1060638771947668,Upregulated,0.593869954961598,7/16,18.44%
Negative Regulation of G Protein-Coupled Receptor Signaling Pathway (GO:0045744),GO_Biological_Process_2025,1.1060068687236806,Upregulated,0.5934204513003913,8/18,20.91%
Phosphate-Containing Compound Metabolic Process (GO:0006796),GO_Biological_Process_2025,1.1056073615562267,Upregulated,0.5938302759504762,23/87,14.10%
RNA Transport (GO:0050658),GO_Biological_Process_2025,1.105194714991849,Upregulated,0.5942990954254443,11/25,29.03%
Neural Crest Differentiation WP2064,WikiPathways_2024_Human,1.1051238351602264,Upregulated,0.5939068648177912,25/44,33.96%
Cytoplasmic Side of Plasma Membrane (GO:0009898),GO_Cellular_Component_2025,1.1050110481416708,Upregulated,0.5936302788487908,13/56,17.38%
Vesicle (GO:0031982),GO_Cellular_Component_2025,1.1047343521573636,Upregulated,0.5937041346363245,42/127,22.76%
MAPK signaling pathway,KEGG_2021_Human,1.1044169563083956,Upregulated,0.5939486867842931,36/115,23.14%
DNA-binding Transcription Factor Binding (GO:0140297),GO_Molecular_Function_2025,1.1028339359674708,Upregulated,0.5973053075347879,59/167,27.64%
Meiosis R-HSA-1500620,Reactome_2022,1.1012965567657182,Upregulated,0.6004792125970967,10/22,25.51%
Negative Regulation of Neuron Projection Development (GO:0010977),GO_Biological_Process_2025,1.1007771362666092,Upregulated,0.6011971465718032,3/22,10.58%
Regulation of Release of Sequestered Calcium Ion Into Cytosol (GO:0051279),GO_Biological_Process_2025,1.10036490077523,Upregulated,0.6016494581739659,2/23,0.84%
SUMOylation Of RNA Binding Proteins R-HSA-4570464,Reactome_2022,1.1003132953253043,Upregulated,0.6011736876833443,15/38,24.96%
Acute Myeloid Leukemia WP5293,WikiPathways_2024_Human,1.1000438965367494,Upregulated,0.600692653419354,12/36,18.05%
Acute myeloid leukemia,KEGG_2021_Human,1.1000438965367494,Upregulated,0.600692653419354,12/36,18.05%
Single-Stranded DNA Binding (GO:0003697),GO_Molecular_Function_2025,1.099928198780333,Upregulated,0.6004054468794124,31/56,38.08%
Role Of GTSE1 In G2/M Progression After G2 Checkpoint R-HSA-8852276,Reactome_2022,1.0985248423361262,Upregulated,0.6033206707840828,21/50,28.76%
Negative Regulation of Fat Cell Differentiation (GO:0045599),GO_Biological_Process_2025,1.097866793633684,Upregulated,0.604424929635374,9/19,31.62%
Leukocyte transendothelial migration,KEGG_2021_Human,1.096966630011171,Upregulated,0.606095221712972,18/45,22.97%
Negative Regulation of Cold-Induced Thermogenesis (GO:0120163),GO_Biological_Process_2025,1.0964547258178157,Upregulated,0.6068669345752443,17/29,33.07%
Mitochondrial Biogenesis R-HSA-1592230,Reactome_2022,1.0962241866233835,Upregulated,0.606849226179608,18/56,27.48%
Positive Regulation of Synaptic Transmission (GO:0050806),GO_Biological_Process_2025,1.0960821054218686,Upregulated,0.6066586000216786,4/47,3.35%
Microtubule Bundle Formation (GO:0001578),GO_Biological_Process_2025,1.0957147391320818,Upregulated,0.606977836078642,5/30,13.78%
Follicle Stimulating Hormone FSH Signaling WP2035,WikiPathways_2024_Human,1.0955764394103946,Upregulated,0.606719957419851,6/16,18.08%
Negative Regulation of Hydrolase Activity (GO:0051346),GO_Biological_Process_2025,1.095302866210771,Upregulated,0.6068494842601422,5/17,16.57%
Protein-Containing Complex Organization (GO:0043933),GO_Biological_Process_2025,1.0944747567216653,Upregulated,0.6084177607185239,28/75,25.43%
Proximal tubule bicarbonate reclamation,KEGG_2021_Human,1.0944347061530424,Upregulated,0.6079198201122871,6/22,9.38%
Plasma Membrane Raft (GO:0044853),GO_Cellular_Component_2025,1.0926093318794026,Upregulated,0.6119387221312681,8/33,9.05%
Melanoma,KEGG_2021_Human,1.0924064238715765,Upregulated,0.6118843208041613,12/27,21.14%
Positive Regulation of Defense Response (GO:0031349),GO_Biological_Process_2025,1.0914401950313364,Upregulated,0.613758525888733,6/35,7.56%
Negative Regulation of Notch Signaling Pathway (GO:0045746),GO_Biological_Process_2025,1.091263272510706,Upregulated,0.6136299385617455,6/16,24.20%
Skin Development (GO:0043588),GO_Biological_Process_2025,1.0906116023910053,Upregulated,0.614689631833461,13/30,24.82%
G-protein Activation R-HSA-202040,Reactome_2022,1.090355556377839,Upregulated,0.6147545551468234,4/15,3.28%
Cellular Response to Glucose Starvation (GO:0042149),GO_Biological_Process_2025,1.0901700634631848,Upregulated,0.6146571623340868,3/28,2.29%
Central carbon metabolism in cancer,KEGG_2021_Human,1.090027171160413,Upregulated,0.6144318606345773,7/35,8.56%
Spindle Microtubule (GO:0005876),GO_Cellular_Component_2025,1.0891499910665905,Upregulated,0.6160686153787739,12/33,22.89%
IL1 Signaling WP195,WikiPathways_2024_Human,1.0886043223111082,Upregulated,0.6168837732978347,7/33,7.85%
Response to Tumor Necrosis Factor (GO:0034612),GO_Biological_Process_2025,1.088133816365895,Upregulated,0.6175314337688053,11/36,16.57%
Alstrom Syndrome WP5202,WikiPathways_2024_Human,1.0880629200143934,Upregulated,0.6171242886356733,8/16,37.74%
DYRK1A Involvement Regarding Cell Prolif In Brain Development WP5180,WikiPathways_2024_Human,1.0868633697780423,Upregulated,0.6197579265399935,20/46,29.86%
Positive Regulation of Protein Kinase Activity (GO:0045860),GO_Biological_Process_2025,1.086821792867455,Upregulated,0.6192634370186996,9/37,17.38%
Negative Regulation of Organelle Assembly (GO:1902116),GO_Biological_Process_2025,1.0864195008377824,Upregulated,0.6196964660216473,4/19,14.71%
Embryonic Limb Morphogenesis (GO:0030326),GO_Biological_Process_2025,1.0859293640381829,Upregulated,0.6204002938249534,5/20,12.51%
Dectin-1 Mediated Noncanonical NF-kB Signaling R-HSA-5607761,Reactome_2022,1.085780863573213,Upregulated,0.6201953371359694,25/50,34.01%
Regulation of Transport (GO:0051049),GO_Biological_Process_2025,1.0855758326863234,Upregulated,0.6201599410055106,7/25,19.46%
Positive Regulation of G2/M Transition of Mitotic Cell Cycle (GO:0010971),GO_Biological_Process_2025,1.0854339326978542,Upregulated,0.6199296002762159,5/15,17.89%
Regulation of Cell Population Proliferation (GO:0042127),GO_Biological_Process_2025,1.0848441762077397,Upregulated,0.6208047975716381,97/308,26.10%
Positive Regulation of Macromolecule Biosynthetic Process (GO:0010557),GO_Biological_Process_2025,1.0844073816445656,Upregulated,0.6213333866041915,55/158,27.22%
Regulated Exocytosis (GO:0045055),GO_Biological_Process_2025,1.0841514808853416,Upregulated,0.6214234444327256,7/27,9.53%
Developmental Biology R-HSA-1266738,Reactome_2022,1.0841323924749813,Upregulated,0.6208700695696795,163/500,26.16%
Regulation of Calcium Ion Transport (GO:0051924),GO_Biological_Process_2025,1.0840244626983389,Upregulated,0.6205840756995706,5/21,10.77%
Regulation of Steroid Metabolic Process (GO:0019218),GO_Biological_Process_2025,1.083299333076918,Upregulated,0.6218498775106914,3/15,2.28%
Regulation of Cell Differentiation (GO:0045595),GO_Biological_Process_2025,1.082848270030105,Upregulated,0.6223803684968917,32/112,26.04%
Establishment of Protein Localization to Mitochondrion (GO:0072655),GO_Biological_Process_2025,1.0828342408427802,Upregulated,0.621842155957035,5/33,8.53%
Signal Transduction in Response to DNA Damage (GO:0042770),GO_Biological_Process_2025,1.082500331917569,Upregulated,0.6221235108847382,8/39,13.14%
Positive Regulation of Apoptotic Process (GO:0043065),GO_Biological_Process_2025,1.0824245343026435,Upregulated,0.6217196302947304,62/146,30.83%
Olfactory transduction,KEGG_2021_Human,1.0824155146426289,Upregulated,0.6211535347082597,4/27,3.29%
Cellular Response to Oxidative Stress (GO:0034599),GO_Biological_Process_2025,1.082394240285655,Upregulated,0.6206227803474847,16/68,15.43%
CLEC7A (Dectin-1) Signaling R-HSA-5607764,Reactome_2022,1.0822288097944408,Upregulated,0.6204804294170843,31/70,30.18%
Regulation of Insulin Receptor Signaling Pathway (GO:0046626),GO_Biological_Process_2025,1.081444162289462,Upregulated,0.6218362719187313,6/25,19.51%
Golgi-associated Vesicle (GO:0005798),GO_Cellular_Component_2025,1.0809024762428314,Upregulated,0.6226095521478228,5/26,9.28%
Heart Development (GO:0007507),GO_Biological_Process_2025,1.0807985407574048,Upregulated,0.6222949928077179,23/76,19.73%
Positive Regulation of Angiogenesis (GO:0045766),GO_Biological_Process_2025,1.080364677335018,Upregulated,0.6228019847738725,10/54,8.94%
Epithelial to Mesenchymal Transition (GO:0001837),GO_Biological_Process_2025,1.0803371666069796,Upregulated,0.6223024899962141,12/21,29.63%
Endometrial Cancer WP4155,WikiPathways_2024_Human,1.0798269219449863,Upregulated,0.6230203042929578,11/31,17.86%
Regulation of Transforming Growth Factor Beta Receptor Signaling Pathway (GO:0017015),GO_Biological_Process_2025,1.079305958190914,Upregulated,0.6237941937135197,15/72,12.78%
Regulation of Embryonic Development (GO:0045995),GO_Biological_Process_2025,1.078181436227072,Upregulated,0.6260686143825073,19/46,31.71%
Regulation of Insulin Secretion (GO:0050796),GO_Biological_Process_2025,1.078156709635317,Upregulated,0.6255392863316178,6/43,4.58%
Resolution Of D-Loop Structures R-HSA-5693537,Reactome_2022,1.0781517823723912,Upregulated,0.624969592767303,7/17,18.44%
Actin Filament Organization (GO:0007015),GO_Biological_Process_2025,1.078021035882982,Upregulated,0.6247229710896747,37/83,25.47%
Phospholipase C Activity (GO:0004629),GO_Molecular_Function_2025,1.0779066790303196,Upregulated,0.6244365925604706,14/17,26.86%
RHOD GTPase Cycle R-HSA-9013405,Reactome_2022,1.0777474107269598,Upregulated,0.6242480158133451,14/28,34.32%
Negative Regulation of Cell Differentiation (GO:0045596),GO_Biological_Process_2025,1.0772768233450565,Upregulated,0.6248668122304332,51/122,29.59%
IGF1R Signaling Cascade R-HSA-2428924,Reactome_2022,1.0772716032921963,Upregulated,0.6237276058195663,4/19,4.58%
Signaling By Type 1 Insulin-like Growth Factor 1 Receptor (IGF1R) R-HSA-2404192,Reactome_2022,1.0772716032921963,Upregulated,0.6237276058195663,4/19,4.58%
Response to Calcium Ion (GO:0051592),GO_Biological_Process_2025,1.0772229321317703,Upregulated,0.6232823001632208,6/49,4.31%
protein-RNA Complex Assembly (GO:0022618),GO_Biological_Process_2025,1.077099922230344,Upregulated,0.6230409324364548,27/110,18.63%
IRS-related Events Triggered By IGF1R R-HSA-2428928,Reactome_2022,1.076286938800896,Upregulated,0.624483375091526,4/18,4.58%
ADP Binding (GO:0043531),GO_Molecular_Function_2025,1.075834232169159,Upregulated,0.6250218511228789,2/15,2.28%
Positive Regulation of Secretion by Cell (GO:1903532),GO_Biological_Process_2025,1.0757791275522706,Upregulated,0.6245780429794273,5/26,15.85%
UCH Proteinases R-HSA-5689603,Reactome_2022,1.0757050085804627,Upregulated,0.6241759439948312,29/66,28.76%
Regulation of Dendritic Spine Morphogenesis (GO:0061001),GO_Biological_Process_2025,1.0753650319825292,Upregulated,0.6244377042824782,4/18,14.69%
Negative Regulation of Epithelial Cell Proliferation (GO:0050680),GO_Biological_Process_2025,1.074957208521813,Upregulated,0.6249543603156722,16/30,28.08%
Complement System WP2806,WikiPathways_2024_Human,1.0748784964136024,Upregulated,0.6245791636770482,6/23,5.40%
Primary Ovarian Insufficiency WP5461,WikiPathways_2024_Human,1.0743859642839697,Upregulated,0.6252180192463002,10/70,12.84%
Cell Lineage Map For Neuronal Differentiation WP5417,WikiPathways_2024_Human,1.0742729233451749,Upregulated,0.6249413804654425,14/62,13.98%
Negative Regulation of Autophagy (GO:0010507),GO_Biological_Process_2025,1.0736843706444317,Upregulated,0.6258425644881093,11/36,21.72%
Perturbations Host Cell Autophagy Induced By SARS CoV 2 Prots WP4936,WikiPathways_2024_Human,1.0727860891604846,Upregulated,0.6275078578616423,12/32,28.89%
Autophagosome Membrane (GO:0000421),GO_Cellular_Component_2025,1.0723901668781797,Upregulated,0.6279647577927906,10/22,28.48%
Basigin Interactions R-HSA-210991,Reactome_2022,1.072216186880588,Upregulated,0.627847815266786,4/21,5.36%
Microtubule Polymerization or Depolymerization (GO:0031109),GO_Biological_Process_2025,1.0716344369179245,Upregulated,0.6286755344274569,2/15,12.56%
TCR Signaling R-HSA-202403,Reactome_2022,1.0706109775890191,Upregulated,0.6308179972633542,29/69,30.18%
Interleukin 1 IL 1 Structural Pathway WP2637,WikiPathways_2024_Human,1.0700285299754586,Upregulated,0.6317794467262265,6/27,9.90%
PLC Beta Mediated Events R-HSA-112043,Reactome_2022,1.0695263868014622,Upregulated,0.6325536759033883,14/29,26.78%
RNA Processing (GO:0006396),GO_Biological_Process_2025,1.0694822637874526,Upregulated,0.6320635240692434,74/212,28.84%
Th17 Cell Differentiation Pathway WP5130,WikiPathways_2024_Human,1.0686514697451237,Upregulated,0.633550784549244,15/29,27.22%
Activation Of NMDA Receptors And Postsynaptic Events R-HSA-442755,Reactome_2022,1.0668507424631186,Upregulated,0.6374502913465608,5/39,3.57%
Regulation of Lipid Storage (GO:0010883),GO_Biological_Process_2025,1.0662007619966514,Upregulated,0.638572769266201,4/17,6.59%
Regulation of Sprouting Angiogenesis (GO:1903670),GO_Biological_Process_2025,1.0649828969248103,Upregulated,0.6411857719753501,9/17,25.63%
Amino Acid Metabolic Process (GO:0006520),GO_Biological_Process_2025,1.0647925202730126,Upregulated,0.6410878286974846,3/17,4.91%
Diseases Of Programmed Cell Death R-HSA-9645723,Reactome_2022,1.0646875579439397,Upregulated,0.6407841381703858,10/22,32.60%
Arrhythmogenic Right Ventricular Cardiomyopathy WP2118,WikiPathways_2024_Human,1.064601664790608,Upregulated,0.6404203025113089,18/45,21.27%
Chordate Embryonic Development (GO:0043009),GO_Biological_Process_2025,1.062680956874194,Upregulated,0.6447683973517411,9/37,13.38%
Protein Complex Oligomerization (GO:0051259),GO_Biological_Process_2025,1.0621146027220902,Upregulated,0.6456184358208988,13/58,15.01%
Frizzled Binding (GO:0005109),GO_Molecular_Function_2025,1.0602342712543718,Upregulated,0.6499017140229673,15/24,29.66%
RAB GEFs Exchange GTP For GDP On RABs R-HSA-8876198,Reactome_2022,1.0594317166678764,Upregulated,0.651494884061631,18/53,26.18%
Cytokine Receptor Binding (GO:0005126),GO_Molecular_Function_2025,1.0591329142667396,Upregulated,0.6516361281587142,3/15,15.98%
Microtubule Binding (GO:0008017),GO_Molecular_Function_2025,1.058796927821314,Upregulated,0.6519510554618112,34/98,31.56%
Cortical Actin Cytoskeleton (GO:0030864),GO_Cellular_Component_2025,1.0587245314274942,Upregulated,0.651535539432663,4/26,8.00%
Positive Regulation of Cell Cycle Process (GO:0090068),GO_Biological_Process_2025,1.0581082290545836,Upregulated,0.6525587919411575,19/53,25.42%
Melanoma WP4685,WikiPathways_2024_Human,1.0580993725093562,Upregulated,0.651995516084207,12/39,17.86%
Cytokine-Mediated Signaling Pathway (GO:0019221),GO_Biological_Process_2025,1.0579236905655598,Upregulated,0.6518859044574986,7/49,7.45%
Regulation of Telomere Maintenance via Telomerase (GO:0032210),GO_Biological_Process_2025,1.0562621339224552,Upregulated,0.6556053629841198,7/25,19.66%
Response to Estradiol (GO:0032355),GO_Biological_Process_2025,1.0562611968159936,Upregulated,0.6550235762710032,8/21,25.51%
Exonuclease Activity (GO:0004527),GO_Molecular_Function_2025,1.0559991317540536,Upregulated,0.6551128799517922,11/33,24.47%
PIP3 Activates AKT Signaling R-HSA-1257604,Reactome_2022,1.0552957974253232,Upregulated,0.6563265899013924,45/146,25.97%
PKC Gamma Calcium Signaling In Ataxia WP4760,WikiPathways_2024_Human,1.054113106389144,Upregulated,0.6587987251343235,5/18,3.28%
RIG-I-like receptor signaling pathway,KEGG_2021_Human,1.0539766018913028,Upregulated,0.6585812305939828,5/25,6.59%
Cell-Matrix Adhesion (GO:0007160),GO_Biological_Process_2025,1.0538153993923698,Upregulated,0.6583945171947491,10/47,5.43%
Positive Regulation of Canonical NF-kappaB Signal Transduction (GO:0043123),GO_Biological_Process_2025,1.0536377792655234,Upregulated,0.6582739321667469,21/81,20.32%
Initiation Of Transcription And Translation Elongation HIV1 LTR WP3414,WikiPathways_2024_Human,1.0534814247957405,Upregulated,0.6580938904345229,7/21,23.14%
Gastric acid secretion,KEGG_2021_Human,1.052990815557268,Upregulated,0.6588367255908343,6/52,3.32%
Ubiquitin Conjugating Enzyme Activity (GO:0061631),GO_Molecular_Function_2025,1.052811254453748,Upregulated,0.6587059736201354,7/16,26.02%
Protein Phosphatase 2A Binding (GO:0051721),GO_Molecular_Function_2025,1.0526665387963936,Upregulated,0.658507871179034,4/16,19.66%
Positive Regulation of Lymphocyte Differentiation (GO:0045621),GO_Biological_Process_2025,1.0519495746101852,Upregulated,0.659747228433034,4/17,17.24%
Positive Regulation of G1/S Transition of Mitotic Cell Cycle (GO:1900087),GO_Biological_Process_2025,1.0518367608778585,Upregulated,0.6594377975177764,10/19,28.96%
Regulation of Reactive Oxygen Species Metabolic Process (GO:2000377),GO_Biological_Process_2025,1.0516904265376734,Upregulated,0.6592053693543168,13/35,22.52%
Base-Excision Repair (GO:0006284),GO_Biological_Process_2025,1.0509753282472318,Upregulated,0.6604689797955252,14/23,37.29%
Positive Regulation of Intracellular Signal Transduction (GO:1902533),GO_Biological_Process_2025,1.05060524495513,Upregulated,0.6608315687586606,55/245,18.33%
FBXL7 Down-Regulates AURKA During Mitotic Entry And In Early Mitosis R-HSA-8854050,Reactome_2022,1.0501490728338976,Upregulated,0.6614744604449814,25/48,34.06%
Macromolecule Catabolic Process (GO:0009057),GO_Biological_Process_2025,1.0500603949630116,Upregulated,0.6611388068790496,9/23,26.70%
Regulation of Ubiquitin-Dependent Protein Catabolic Process (GO:2000058),GO_Biological_Process_2025,1.0500481680493272,Upregulated,0.6605894008984705,9/30,23.26%
Sulfur Compound Biosynthetic Process (GO:0044272),GO_Biological_Process_2025,1.04832911591851,Upregulated,0.6644020904068041,13/40,19.42%
Phosphatidylinositol 3-Kinase/Protein Kinase B Signal Transduction (GO:0043491),GO_Biological_Process_2025,1.046370213700239,Upregulated,0.6687690079506796,8/21,17.62%
Positive Regulation of Interleukin-1 Production (GO:0032732),GO_Biological_Process_2025,1.0449745076867232,Upregulated,0.6718855639255201,5/20,7.86%
Phototransduction,KEGG_2021_Human,1.0448302683116706,Upregulated,0.6717049590847802,4/22,3.25%
Sphingolipid signaling pathway,KEGG_2021_Human,1.0446041784116522,Upregulated,0.6717071611689506,22/80,19.47%
Platelet Aggregation (GO:0070527),GO_Biological_Process_2025,1.0445093020333591,Upregulated,0.6713596410338223,4/20,7.86%
Chromatin Remodeling (GO:0006338),GO_Biological_Process_2025,1.0444305092850312,Upregulated,0.6709659398674324,51/161,25.31%
GPR143 In Melanocytes And Retinal Pigment Epithelium Cells WP4941,WikiPathways_2024_Human,1.0424977282321293,Upregulated,0.6755957123973411,10/17,31.60%
ATM Signaling WP2516,WikiPathways_2024_Human,1.0418455090976009,Upregulated,0.6767522305083512,7/22,17.89%
Regulation of G1/S Transition of Mitotic Cell Cycle (GO:2000045),GO_Biological_Process_2025,1.03959756358376,Upregulated,0.6820966894030606,25/66,29.39%
Extracellular Matrix Disassembly (GO:0022617),GO_Biological_Process_2025,1.0395950194126975,Upregulated,0.681509513947198,12/16,27.06%
Positive Regulation of Vasculature Development (GO:1904018),GO_Biological_Process_2025,1.038436884258947,Upregulated,0.6839087170854461,10/45,11.59%
TGF-beta Receptor Signaling Activates SMADs R-HSA-2173789,Reactome_2022,1.0382791101463824,Upregulated,0.683733940871711,3/24,5.41%
Exopeptidase Activity (GO:0008238),GO_Molecular_Function_2025,1.0382205737064811,Upregulated,0.6833150772439481,12/40,19.55%
Maturation of SSU-rRNA (GO:0030490),GO_Biological_Process_2025,1.0371983027845757,Upregulated,0.6854257224760663,19/33,38.49%
Cilium Assembly (GO:0060271),GO_Biological_Process_2025,1.0370040838735497,Upregulated,0.6853844170273276,29/134,22.20%
Negative Regulation of Cell Adhesion (GO:0007162),GO_Biological_Process_2025,1.0367398318183652,Upregulated,0.6855178586444642,13/34,23.36%
Positive Regulation of Mitotic Cell Cycle (GO:0045931),GO_Biological_Process_2025,1.0367317554761182,Upregulated,0.684949027012658,6/17,18.05%
Regulation of Cell-Substrate Adhesion (GO:0010810),GO_Biological_Process_2025,1.0366408232048947,Upregulated,0.6845910176187493,10/25,21.55%
Arrhythmogenic right ventricular cardiomyopathy,KEGG_2021_Human,1.0365639169029992,Upregulated,0.6842001593604816,18/46,21.27%
Receptor Ligand Activity (GO:0048018),GO_Molecular_Function_2025,1.036475289851945,Upregulated,0.683882751392591,29/49,29.66%
Protein Kinase Regulator Activity (GO:0019887),GO_Molecular_Function_2025,1.0364682964795526,Upregulated,0.6833163053030636,29/79,24.45%
RNA Endonuclease Activity (GO:0004521),GO_Molecular_Function_2025,1.035453885210611,Upregulated,0.6853967100041899,4/29,11.89%
Regulation of Neuron Differentiation (GO:0045664),GO_Biological_Process_2025,1.0345916943781828,Upregulated,0.6870909751568395,8/37,11.11%
Regulation of Myoblast Differentiation (GO:0045661),GO_Biological_Process_2025,1.034180941986655,Upregulated,0.6875601629343722,14/31,26.78%
Sphingolipid Pathway WP1422,WikiPathways_2024_Human,1.0335571538259374,Upregulated,0.6886180500929773,6/20,11.61%
Positive Regulation of Transforming Growth Factor Beta Receptor Signaling Pathway (GO:0030511),GO_Biological_Process_2025,1.0334964738388488,Upregulated,0.6875913770108848,5/19,11.97%
Positive Regulation of Cellular Response to Transforming Growth Factor Beta Stimulus (GO:1903846),GO_Biological_Process_2025,1.0334964738388488,Upregulated,0.6875913770108848,5/19,11.97%
Long-term potentiation,KEGG_2021_Human,1.0332108821913468,Upregulated,0.6877557436386246,5/46,3.24%
Positive Regulation of Transferase Activity (GO:0051347),GO_Biological_Process_2025,1.033016922522799,Upregulated,0.6876670727091534,11/23,38.68%
Cadherin Binding (GO:0045296),GO_Molecular_Function_2025,1.031564666089821,Upregulated,0.6909434824452615,61/188,25.06%
Plasma Membrane Bounded Cell Projection Assembly (GO:0120031),GO_Biological_Process_2025,1.0308620030542808,Upregulated,0.6921586784172205,38/132,25.47%
Positive Regulation of Binding (GO:0051099),GO_Biological_Process_2025,1.0307864630898305,Upregulated,0.6917579114072554,8/30,26.01%
Regulation Of TP53 Activity Thru Phosphorylation R-HSA-6804756,Reactome_2022,1.0303550378552753,Upregulated,0.6922778745687297,30/60,36.03%
Intracellular Glucose Homeostasis (GO:0001678),GO_Biological_Process_2025,1.0298134625923083,Upregulated,0.6931458055020557,8/18,27.22%
Non-small cell lung cancer,KEGG_2021_Human,1.0290351712682346,Upregulated,0.6945870377976818,13/41,17.86%
Calcium Regulation In Cardiac Cells WP536,WikiPathways_2024_Human,1.0289869110034928,Upregulated,0.6941108725145515,9/68,4.33%
Cellular Response To Starvation R-HSA-9711097,Reactome_2022,1.028626243848324,Upregulated,0.6944787726765669,50/118,31.11%
Regulation of DNA Replication (GO:0006275),GO_Biological_Process_2025,1.0285486471277585,Upregulated,0.6940761405302804,22/43,36.25%
Tight Junction Assembly (GO:0120192),GO_Biological_Process_2025,1.0283548957363926,Upregulated,0.6939964074982753,4/15,13.10%
Regulation of Cellular Component Biogenesis (GO:0044087),GO_Biological_Process_2025,1.0276207908922697,Upregulated,0.6953699038848619,8/19,21.34%
Negative Regulation of Macromolecule Biosynthetic Process (GO:0010558),GO_Biological_Process_2025,1.027561901900238,Upregulated,0.6949327647735147,32/105,23.91%
Nephrotic Syndrome WP4758,WikiPathways_2024_Human,1.0273129657556803,Upregulated,0.6949770150332341,8/22,16.13%
Negative Regulation of Programmed Cell Death (GO:0043069),GO_Biological_Process_2025,1.0271783638835836,Upregulated,0.6947289941888459,58/194,23.07%
Negative Regulation of DNA Metabolic Process (GO:0051053),GO_Biological_Process_2025,1.0271090943201118,Upregulated,0.6943069934184951,9/18,33.49%
Positive Regulation of Fat Cell Differentiation (GO:0045600),GO_Biological_Process_2025,1.026108322620337,Upregulated,0.6964012834112092,7/28,10.72%
Amide Biosynthetic Process (GO:0043604),GO_Biological_Process_2025,1.0255263648464783,Upregulated,0.697366613002225,14/46,19.42%
Negative Epigenetic Regulation Of rRNA Expression R-HSA-5250941,Reactome_2022,1.0254933039343808,Upregulated,0.6968598414767441,15/37,32.81%
Positive Regulation of Cell Cycle (GO:0045787),GO_Biological_Process_2025,1.0253524795052686,Upregulated,0.6966324059017468,10/31,18.05%
Negative Regulation of Apoptotic Process (GO:0043066),GO_Biological_Process_2025,1.0253394330692194,Upregulated,0.6960800898932286,71/230,23.91%
SARS-CoV-2 Modulates Host Translation Machinery R-HSA-9754678,Reactome_2022,1.025280660792565,Upregulated,0.6956293626639855,19/38,34.44%
Positive Regulation of Notch Signaling Pathway (GO:0045747),GO_Biological_Process_2025,1.0249009588370506,Upregulated,0.6960730819183875,7/17,23.40%
Cellular Response To Hypoxia R-HSA-1234174,Reactome_2022,1.024590628483647,Upregulated,0.6963026316101503,25/57,28.76%
Metabolism Of Amino Acids And Derivatives R-HSA-71291,Reactome_2022,1.024234733017504,Upregulated,0.6966541978630096,100/256,27.73%
Estrogen Signaling WP712,WikiPathways_2024_Human,1.023639490520965,Upregulated,0.697711260138911,4/17,10.72%
Regulation of TOR Signaling (GO:0032006),GO_Biological_Process_2025,1.0228070319320373,Upregulated,0.6993040270854444,22/46,34.02%
Hippo Merlin Signaling Dysregulation WP4541,WikiPathways_2024_Human,1.022008251475138,Upregulated,0.7008559760540226,10/58,5.43%
SMAD2/SMAD3:SMAD4 Heterotrimer Regulates Transcription R-HSA-2173796,Reactome_2022,1.021557438369734,Upregulated,0.7014255808046518,4/22,11.97%
"Tristetraprolin (TTP, ZFP36) Binds And Destabilizes mRNA R-HSA-450513",Reactome_2022,1.021137521465467,Upregulated,0.7019951868989306,5/15,19.84%
Calcium Ion Transmembrane Import Into Cytosol (GO:0097553),GO_Biological_Process_2025,1.0203961759783555,Upregulated,0.7033897236419122,22/46,26.83%
Protein Phosphorylation (GO:0006468),GO_Biological_Process_2025,1.01812272062353,Upregulated,0.7088755756964354,26/183,10.72%
Telomere Maintenance R-HSA-157579,Reactome_2022,1.0180401949563498,Upregulated,0.708496213735792,16/50,25.51%
Multivesicular Body (GO:0005771),GO_Cellular_Component_2025,1.0178852462867116,Upregulated,0.7082921175451404,10/25,21.59%
Negative Regulation of Transport (GO:0051051),GO_Biological_Process_2025,1.017815614757997,Upregulated,0.7078930084189232,7/26,9.69%
PDGF Pathway WP2526,WikiPathways_2024_Human,1.0173815891715523,Upregulated,0.7084212409783569,8/21,22.52%
WNT Ligand Biogenesis And Trafficking R-HSA-3238698,Reactome_2022,1.017076181682819,Upregulated,0.7085812624903152,16/24,29.66%
Regulation of Blood Vessel Endothelial Cell Migration (GO:0043535),GO_Biological_Process_2025,1.016657210006907,Upregulated,0.7090569668941595,12/26,27.22%
Response to Epidermal Growth Factor (GO:0070849),GO_Biological_Process_2025,1.0166248480071107,Upregulated,0.7085602491441054,7/17,26.83%
Ectoderm Differentiation WP2858,WikiPathways_2024_Human,1.0162790757387166,Upregulated,0.7089473553853175,7/67,5.17%
Protein Targeting to Vacuole (GO:0006623),GO_Biological_Process_2025,1.0156300211792562,Upregulated,0.710049074311569,15/23,37.44%
Toxoplasmosis,KEGG_2021_Human,1.01519622619869,Upregulated,0.7105559347993228,7/45,6.59%
Mismatch Repair (GO:0006298),GO_Biological_Process_2025,1.0149900073639015,Upregulated,0.7104948457614946,10/16,42.14%
Potential Therapeutics For SARS R-HSA-9679191,Reactome_2022,1.013021811261467,Upregulated,0.7150733771716696,22/46,33.30%
Aggresome (GO:0016235),GO_Cellular_Component_2025,1.012368468559372,Upregulated,0.7162755100541933,4/17,10.01%
rRNA Binding (GO:0019843),GO_Molecular_Function_2025,1.0121175987099194,Upregulated,0.7163404816092473,12/30,27.08%
Negative Regulation of Osteoblast Differentiation (GO:0045668),GO_Biological_Process_2025,1.0117049216081553,Upregulated,0.7168288107883106,11/16,34.91%
Purine Nucleotide Metabolic Process (GO:0006163),GO_Biological_Process_2025,1.011010321834385,Upregulated,0.7180753193006035,12/21,35.00%
P-body (GO:0000932),GO_Cellular_Component_2025,1.010845398210791,Upregulated,0.7179605452758036,12/50,17.54%
Kinase Binding (GO:0019900),GO_Molecular_Function_2025,1.0104811320712526,Upregulated,0.7183695376526723,75/225,27.22%
Cellular Response to Hypoxia (GO:0071456),GO_Biological_Process_2025,1.0077613675731982,Upregulated,0.7250827801706824,11/43,16.32%
Calcium Channel Activity (GO:0005262),GO_Molecular_Function_2025,1.007001139956419,Upregulated,0.7264474797036928,20/61,21.27%
Regulation of p38MAPK Cascade (GO:1900744),GO_Biological_Process_2025,1.006999481413172,Upregulated,0.7258553216184158,9/15,24.24%
NIK To Noncanonical NF-kB Signaling R-HSA-5676590,Reactome_2022,1.005466303688334,Upregulated,0.729353157300592,24/49,34.01%
Positive Regulation of Stress Fiber Assembly (GO:0051496),GO_Biological_Process_2025,1.0042817843474652,Upregulated,0.7318201213841969,9/20,22.12%
Myometrial Relaxation And Contraction Pathways WP289,WikiPathways_2024_Human,1.004102538858836,Upregulated,0.7316947743333269,24/75,21.26%
Endoplasmic reticulum-Golgi Intermediate Compartment Membrane (GO:0033116),GO_Cellular_Component_2025,1.0034351918168338,Upregulated,0.7328967073190938,4/30,6.91%
G Alpha (Q) Signaling Events R-HSA-416476,Reactome_2022,1.003136551290449,Upregulated,0.7330582177225202,11/85,6.75%
Cul3-RING Ubiquitin Ligase Complex (GO:0031463),GO_Cellular_Component_2025,1.0019108190460309,Upregulated,0.7357512094977253,8/21,28.68%
Regulation Of TP53 Degradation R-HSA-6804757,Reactome_2022,1.001531911350867,Upregulated,0.7361841890698043,6/25,17.85%
Flavin Adenine Dinucleotide Binding (GO:0050660),GO_Molecular_Function_2025,1.001476154530195,Upregulated,0.7357067790822392,9/32,18.30%
Homotypic Cell-Cell Adhesion (GO:0034109),GO_Biological_Process_2025,1.0006857029954563,Upregulated,0.7371862329151033,4/22,7.86%
Organophosphate Ester Transport (GO:0015748),GO_Biological_Process_2025,1.0003356535207462,Upregulated,0.7375113429906786,2/15,3.40%
Regulation of Autophagy (GO:0010506),GO_Biological_Process_2025,0.9995622117630922,Upregulated,0.7389443348475065,29/130,18.32%
Negative Regulation of Cell Motility (GO:2000146),GO_Biological_Process_2025,0.9988952459963488,Upregulated,0.7401076083502035,11/62,12.76%
Degradation Of DVL R-HSA-4641258,Reactome_2022,0.9987886615084351,Upregulated,0.7397935123392232,19/45,28.76%
Heme Metabolic Process (GO:0042168),GO_Biological_Process_2025,0.9986552723442624,Upregulated,0.7395473580231007,3/28,1.94%
Epidermal Growth Factor Receptor Signaling Pathway (GO:0007173),GO_Biological_Process_2025,0.9982107985110252,Upregulated,0.74015537042433,8/21,26.83%
Signaling By CSF3 (G-CSF) R-HSA-9674555,Reactome_2022,0.997979474427998,Upregulated,0.74017861760785,4/15,22.52%
EGFR Tyrosine Kinase Inhibitor Resistance WP4806,WikiPathways_2024_Human,0.9973278380258088,Upregulated,0.7413435679306394,13/39,22.52%
Peptidyl-Serine Modification (GO:0018209),GO_Biological_Process_2025,0.99721584099291,Upregulated,0.741029741911971,8/46,11.52%
Kidney Development (GO:0001822),GO_Biological_Process_2025,0.9966092406970546,Upregulated,0.7420403243380812,2/33,0.09%
Endoplasmic Reticulum Unfolded Protein Response (GO:0030968),GO_Biological_Process_2025,0.9965104985989192,Upregulated,0.7417190884419606,7/29,10.78%
Cell Surface Receptor Protein Tyrosine Kinase Signaling Pathway (GO:0007169),GO_Biological_Process_2025,0.9961900657673854,Upregulated,0.7419825574402653,13/106,8.74%
B Cell Differentiation (GO:0030183),GO_Biological_Process_2025,0.9951833572130804,Upregulated,0.7440453985226523,10/20,26.80%
Metabolism Of Polyamines R-HSA-351202,Reactome_2022,0.9941382722334794,Upregulated,0.746294753986788,20/47,27.09%
Mesodermal Commitment Pathway WP2857,WikiPathways_2024_Human,0.993794436319015,Upregulated,0.7466153063693715,22/81,19.77%
Cellular Response to Starvation (GO:0009267),GO_Biological_Process_2025,0.9935912951608806,Upregulated,0.7465709413010803,13/87,13.18%
Adherens Junction (GO:0005912),GO_Cellular_Component_2025,0.9932788555728586,Upregulated,0.7467599343919604,28/74,25.76%
IL18 Signaling WP4754,WikiPathways_2024_Human,0.9919171177219892,Upregulated,0.7497851325880798,6/32,7.86%
Negative Regulation of Response to Stimulus (GO:0048585),GO_Biological_Process_2025,0.9916462284194986,Upregulated,0.7499146197002028,8/22,26.41%
Regulation of BMP Signaling Pathway (GO:0030510),GO_Biological_Process_2025,0.9913767540608444,Upregulated,0.7500219959044306,7/31,12.37%
Vascular smooth muscle contraction,KEGG_2021_Human,0.9913070836659476,Upregulated,0.7496039311751004,22/61,29.23%
Protein Sumoylation (GO:0016925),GO_Biological_Process_2025,0.99122539762808,Upregulated,0.7492138702039686,10/18,37.37%
Nicotinate and nicotinamide metabolism,KEGG_2021_Human,0.9910322959966033,Upregulated,0.7491622162900927,9/16,33.42%
Transcriptional Regulation By RUNX3 R-HSA-8878159,Reactome_2022,0.990978647024512,Upregulated,0.7487085378341816,21/64,27.09%
Hedgehog On State R-HSA-5632684,Reactome_2022,0.9907107536673916,Upregulated,0.7488273554975069,31/61,34.01%
Autodegradation Of E3 Ubiquitin Ligase COP1 R-HSA-349425,Reactome_2022,0.9906341776448008,Upregulated,0.748420989140779,21/44,34.01%
Regulation Of TP53 Expression And Degradation R-HSA-6806003,Reactome_2022,0.9904618683979372,Upregulated,0.7482757427850509,6/26,17.85%
Signaling By TGFB Family Members R-HSA-9006936,Reactome_2022,0.9901422548719844,Upregulated,0.7485134186808177,11/59,12.78%
TGF Beta Signaling Pathway WP366,WikiPathways_2024_Human,0.9897273788800476,Upregulated,0.7490569893626221,23/78,22.52%
Circadian Rhythm Genes WP3594,WikiPathways_2024_Human,0.9896439315259322,Upregulated,0.7487051501201641,20/113,13.16%
Chromosome Maintenance R-HSA-73886,Reactome_2022,0.9887701383992634,Upregulated,0.7503785741874629,17/53,25.51%
Degradation Of AXIN R-HSA-4641257,Reactome_2022,0.9878217502402248,Upregulated,0.7522310456476019,21/46,34.01%
RHOQ GTPase Cycle R-HSA-9013406,Reactome_2022,0.9873284255465788,Upregulated,0.7529569264350013,8/24,23.84%
Amyotrophic Lateral Sclerosis ALS WP2447,WikiPathways_2024_Human,0.9870716591913692,Upregulated,0.7530074561945993,9/21,24.82%
Zinc Ion Transport (GO:0006829),GO_Biological_Process_2025,0.9869347687401396,Upregulated,0.7527548900581142,4/15,12.91%
Regulation of Interleukin-2 Production (GO:0032663),GO_Biological_Process_2025,0.9858560829224328,Upregulated,0.755041180794018,9/19,29.48%
Familial Partial Lipodystrophy WP5102,WikiPathways_2024_Human,0.9846817174183478,Upregulated,0.7575966867107958,4/21,5.22%
Positive Regulation of Cell Migration (GO:0030335),GO_Biological_Process_2025,0.9837679078828996,Upregulated,0.7594607913060519,48/128,27.22%
Histone mRNA Metabolic Process (GO:0008334),GO_Biological_Process_2025,0.9831769139444668,Upregulated,0.7603591389545308,5/19,17.67%
Regulation Of TP53 Activity R-HSA-5633007,Reactome_2022,0.9830374839289504,Upregulated,0.7601269303655587,47/107,36.49%
Positive Regulation of mRNA Catabolic Process (GO:0061014),GO_Biological_Process_2025,0.9825512429355684,Upregulated,0.7608303614436479,6/30,18.33%
Import Into the Mitochondrion (GO:0170036),GO_Biological_Process_2025,0.9817526211347426,Upregulated,0.7623389730192424,8/30,19.98%
Integrated Cancer Pathway WP1971,WikiPathways_2024_Human,0.981722310686552,Upregulated,0.7618279449814941,6/23,16.04%
- Reg of Transmembrane Receptor Prot Serine/Threonine Kinase Sgnlng Pway (GO:0090101),GO_Biological_Process_2025,0.9814941562576412,Upregulated,0.7618720104577726,21/58,27.14%
Regulation of Mitophagy (GO:1901524),GO_Biological_Process_2025,0.9814796065240224,Upregulated,0.7613227808311003,7/15,29.68%
Cellular Response to Mechanical Stimulus (GO:0071260),GO_Biological_Process_2025,0.9811712126198532,Upregulated,0.7614583671466717,11/28,20.75%
Negative Regulation of Response to Endoplasmic Reticulum Stress (GO:1903573),GO_Biological_Process_2025,0.9807665618513872,Upregulated,0.7619198170746214,10/21,25.94%
Endometrial cancer,KEGG_2021_Human,0.9807586900700104,Upregulated,0.7613450595187295,10/31,17.86%
Ubiquitin-Like Protein Conjugating Enzyme Activity (GO:0061650),GO_Molecular_Function_2025,0.980590260450544,Upregulated,0.7612234253766225,7/19,20.95%
Visual Perception (GO:0007601),GO_Biological_Process_2025,0.9805525662858006,Upregulated,0.7607303237849707,15/47,21.11%
Synthesis Of IP3 And IP4 In Cytosol R-HSA-1855204,Reactome_2022,0.9805305864754276,Upregulated,0.7601863390473068,15/25,26.86%
Thyroid cancer,KEGG_2021_Human,0.9796264342517584,Upregulated,0.762020057925393,8/21,17.86%
Intraflagellar Transport Proteins Binding To Dynein WP4532,WikiPathways_2024_Human,0.9793916428159936,Upregulated,0.7620503268388239,5/18,19.43%
Myeloid Leukocyte Differentiation (GO:0002573),GO_Biological_Process_2025,0.9793656014589918,Upregulated,0.7615350166847676,11/30,22.32%
Positive Regulation of Cytokinesis (GO:0032467),GO_Biological_Process_2025,0.9792592020222451,Upregulated,0.7612468968144919,7/18,25.42%
Chromatin Organization (GO:0006325),GO_Biological_Process_2025,0.9790372140403486,Upregulated,0.7612209215024056,70/177,31.65%
Purine-Containing Compound Biosynthetic Process (GO:0072522),GO_Biological_Process_2025,0.978772463608126,Upregulated,0.7613252899137636,7/19,16.94%
Negative Regulation of Supramolecular Fiber Organization (GO:1902904),GO_Biological_Process_2025,0.978167001348665,Upregulated,0.7623967125351458,13/41,19.51%
Platelet Degranulation R-HSA-114608,Reactome_2022,0.9778054171016584,Upregulated,0.7627442784403431,16/50,21.88%
T Cell Antigen Receptor TCR Pathway During Staph A. Infection WP3863,WikiPathways_2024_Human,0.9777605254009109,Upregulated,0.7622715075050659,4/23,9.90%
Response to Interleukin-1 (GO:0070555),GO_Biological_Process_2025,0.9755374843478144,Upregulated,0.7674487773491085,7/31,10.18%
Plasma Lipoprotein Clearance R-HSA-8964043,Reactome_2022,0.975199044331522,Upregulated,0.7677686682840569,3/23,3.11%
Cholesterol Metabolism WP5304,WikiPathways_2024_Human,0.9740529374945586,Upregulated,0.7701703020765914,6/38,5.25%
Thyroid hormone signaling pathway,KEGG_2021_Human,0.9730750356706168,Upregulated,0.7721785468806212,33/90,27.89%
Chemokine signaling pathway,KEGG_2021_Human,0.97209310820076,Upregulated,0.7741704760263415,18/70,18.33%
E2F Mediated Regulation Of DNA Replication R-HSA-113510,Reactome_2022,0.971627850747266,Upregulated,0.7748169320791423,7/17,31.00%
Regulation of Amyloid-Beta Formation (GO:1902003),GO_Biological_Process_2025,0.9715325111971924,Upregulated,0.7744790174530914,4/19,7.07%
Positive Regulation of Ubiquitin-Protein Transferase Activity (GO:0051443),GO_Biological_Process_2025,0.971524252354173,Upregulated,0.7739051979473739,2/15,5.55%
Mitochondrial Membrane Organization (GO:0007006),GO_Biological_Process_2025,0.9709221638832348,Upregulated,0.7748287637725148,5/21,18.16%
Ceramide Biosynthetic Process (GO:0046513),GO_Biological_Process_2025,0.9698750312616726,Upregulated,0.7770391568626172,2/20,5.98%
DNA Recombination (GO:0006310),GO_Biological_Process_2025,0.967899307111314,Upregulated,0.781740871873865,6/24,18.45%
Cellular Response To Chemical Stress R-HSA-9711123,Reactome_2022,0.9677540764314612,Upregulated,0.7815242343430598,41/113,27.80%
Positive Regulation of Macroautophagy (GO:0016239),GO_Biological_Process_2025,0.9676992867360216,Upregulated,0.7810732865522363,13/39,28.90%
Shigellosis,KEGG_2021_Human,0.967497153587968,Upregulated,0.7810140934202233,47/139,26.86%
Positive Regulation of Gene Expression (GO:0010628),GO_Biological_Process_2025,0.9672577543034726,Upregulated,0.7810380391461794,62/223,24.24%
Intracellular Signaling By Second Messengers R-HSA-9006925,Reactome_2022,0.9663333436991972,Upregulated,0.7828360705464119,51/167,25.97%
NoRC Negatively Regulates rRNA Expression R-HSA-427413,Reactome_2022,0.9661955046143724,Upregulated,0.7826133138531179,11/34,27.14%
Apoptotic Cleavage Of Cellular Proteins R-HSA-111465,Reactome_2022,0.966026387488283,Upregulated,0.7824414845501994,10/20,28.47%
Mitophagy,KEGG_2021_Human,0.9657473751133064,Upregulated,0.7825366027887826,18/41,27.22%
Interleukin-1 Signaling R-HSA-9020702,Reactome_2022,0.965665519784963,Upregulated,0.7821769898399616,24/73,25.75%
P53 Transcriptional Gene Network WP4963,WikiPathways_2024_Human,0.9653184130991768,Upregulated,0.782512337182776,16/43,23.56%
Regulation Of mRNA Stability By Proteins That Bind AU-rich Elements R-HSA-450531,Reactome_2022,0.9643209428234832,Upregulated,0.784549706847423,25/68,27.09%
Fc gamma R-mediated phagocytosis,KEGG_2021_Human,0.9640990435259128,Upregulated,0.7844995670036116,21/53,26.83%
Regulation of Phagocytosis (GO:0050764),GO_Biological_Process_2025,0.9631569166134883,Upregulated,0.7863309001217982,5/23,11.59%
Gluconeogenesis R-HSA-70263,Reactome_2022,0.9621593144799392,Upregulated,0.7884101679021089,9/27,22.73%
Modification-Dependent Protein Catabolic Process (GO:0019941),GO_Biological_Process_2025,0.9613789175287484,Upregulated,0.789814440689604,38/110,28.29%
Regulation of Protein Kinase Activity (GO:0045859),GO_Biological_Process_2025,0.9610453162435708,Upregulated,0.7900844240074579,9/42,15.98%
Positive Regulation of Intrinsic Apoptotic Signaling Pathway (GO:2001244),GO_Biological_Process_2025,0.9604723622185974,Upregulated,0.79096682008888,13/20,37.66%
Positive Regulation of Actin Filament Bundle Assembly (GO:0032233),GO_Biological_Process_2025,0.9603334440616254,Upregulated,0.7907381958386411,10/24,22.12%
APC/C:Cdc20 Mediated Degradation Of Mitotic Proteins R-HSA-176409,Reactome_2022,0.9599889054929304,Upregulated,0.7910837846134052,23/62,27.09%
TGF Beta Receptor Signaling In Skeletal Dysplasias WP4816,WikiPathways_2024_Human,0.9594374822492474,Upregulated,0.7913738480787786,4/22,9.90%
TGF Beta Receptor Signaling WP560,WikiPathways_2024_Human,0.9594374822492474,Upregulated,0.7913738480787786,4/22,9.90%
PTEN Regulation R-HSA-6807070,Reactome_2022,0.9581704081352954,Upregulated,0.7941791689470934,31/96,25.97%
Negative Regulation of Protein Secretion (GO:0050709),GO_Biological_Process_2025,0.9580151781579572,Upregulated,0.7939825860268702,7/20,18.03%
SUMOylation Of DNA Damage Response And Repair Proteins R-HSA-3108214,Reactome_2022,0.9578841276433816,Upregulated,0.7937303351204288,17/51,24.96%
Positive Regulation of Protein Phosphorylation (GO:0001934),GO_Biological_Process_2025,0.9568374825606536,Upregulated,0.7958478583925637,26/72,25.03%
Tumor Suppressor Activity Of SMARCB1 WP4204,WikiPathways_2024_Human,0.956498808223224,Upregulated,0.79612673507485,5/17,17.24%
AUF1 (hnRNP D0) Binds And Destabilizes mRNA R-HSA-450408,Reactome_2022,0.9564832413953608,Upregulated,0.7955616040753519,19/45,28.76%
Synaptic Vesicle Endocytosis (GO:0048488),GO_Biological_Process_2025,0.9553078688482792,Upregulated,0.7980738442207798,2/15,4.47%
Negative Regulation of Kinase Activity (GO:0033673),GO_Biological_Process_2025,0.95512746484369,Upregulated,0.797957564657569,4/23,8.65%
Cellular Response to Amino Acid Stimulus (GO:0071230),GO_Biological_Process_2025,0.9539323510072812,Upregulated,0.8004462303146895,2/27,1.11%
Morphine addiction,KEGG_2021_Human,0.9534168782002894,Upregulated,0.8012165045628316,18/49,20.78%
CDC42 GTPase Cycle R-HSA-9013148,Reactome_2022,0.9533892811366768,Upregulated,0.8007061597240854,8/61,6.10%
Activation Of APC/C And APC/C:Cdc20 Mediated Degradation Of Mitotic Proteins R-HSA-176814,Reactome_2022,0.9527079104254744,Upregulated,0.8018915602610903,23/63,27.09%
"Cell Cycle, Mitotic R-HSA-69278",Reactome_2022,0.95246798686451,Upregulated,0.8019523111940718,102/313,29.46%
Double-Strand Break Repair via Nonhomologous End Joining (GO:0006303),GO_Biological_Process_2025,0.9524019401124696,Upregulated,0.8015407608427064,8/20,31.00%
Positive Regulation of Carbohydrate Metabolic Process (GO:0045913),GO_Biological_Process_2025,0.9517485558214188,Upregulated,0.8026401103217443,8/20,27.22%
PI3K/AKT Signaling In Cancer R-HSA-2219528,Reactome_2022,0.9502353913533428,Upregulated,0.8060168970245079,12/38,22.52%
Embryonic Organ Development (GO:0048568),GO_Biological_Process_2025,0.9492977514359492,Upregulated,0.8079274712625157,12/40,21.14%
Regulation of Protein Import Into Nucleus (GO:0042306),GO_Biological_Process_2025,0.949171191856656,Upregulated,0.8076429480588719,2/23,2.69%
GTPase Activator Activity (GO:0005096),GO_Molecular_Function_2025,0.9489220681530236,Upregulated,0.8077008397412879,23/95,22.97%
Prion Disease Pathway WP3995,WikiPathways_2024_Human,0.9486841869788692,Upregulated,0.8077390931041686,6/16,13.93%
Negative Regulation of Transforming Growth Factor Beta Receptor Signaling Pathway (GO:0030512),GO_Biological_Process_2025,0.9486789468496668,Upregulated,0.807152090001552,18/48,27.14%
Cation Channel Complex (GO:0034703),GO_Cellular_Component_2025,0.9479489983396736,Upregulated,0.8084528957333255,6/37,4.31%
Protein Import Into Mitochondrial Matrix (GO:0030150),GO_Biological_Process_2025,0.9469791260045805,Upregulated,0.8103853671350637,4/17,16.67%
Actin Cytoskeleton (GO:0015629),GO_Cellular_Component_2025,0.9466486361060044,Upregulated,0.8106444213204205,26/181,11.03%
Negative Regulation of Growth (GO:0045926),GO_Biological_Process_2025,0.9465424763480222,Upregulated,0.8103195538036897,20/47,29.39%
"Phosphotransferase Activity, Alcohol Group as Acceptor (GO:0016773)",GO_Molecular_Function_2025,0.9450722009587788,Upregulated,0.8136148149410812,16/63,15.48%
Extra-nuclear Estrogen Signaling R-HSA-9009391,Reactome_2022,0.944887084160802,Upregulated,0.8134573626801834,8/40,11.59%
Regulation of Epithelial to Mesenchymal Transition (GO:0010717),GO_Biological_Process_2025,0.94484194966727,Upregulated,0.81296634843638,10/49,13.52%
Signaling Receptor Complex Adaptor Activity (GO:0030159),GO_Molecular_Function_2025,0.9444977611116684,Upregulated,0.8132858653806465,5/29,7.58%
Protein Kinase Binding (GO:0019901),GO_Molecular_Function_2025,0.9444530067816428,Upregulated,0.8128117365587841,70/249,23.26%
Aortic Valve Morphogenesis (GO:0003180),GO_Biological_Process_2025,0.9433798440068272,Upregulated,0.8149546884576643,9/18,23.36%
MAPK6/MAPK4 Signaling R-HSA-5687128,Reactome_2022,0.9430635361124872,Upregulated,0.8151456457491363,24/64,27.09%
Negative Regulation of Protein Catabolic Process (GO:0042177),GO_Biological_Process_2025,0.9428512639235948,Upregulated,0.8151056315471693,11/29,23.22%
ERBB Signaling Pathway (GO:0038127),GO_Biological_Process_2025,0.9428308463015408,Upregulated,0.8145499520522602,8/23,26.83%
SNARE interactions in vesicular transport,KEGG_2021_Human,0.9420534382117902,Upregulated,0.8159925759934712,13/24,37.37%
Ub-specific Processing Proteases R-HSA-5689880,Reactome_2022,0.9418440017562052,Upregulated,0.8159570669664105,37/102,28.81%
Regulation of Stress Fiber Assembly (GO:0051492),GO_Biological_Process_2025,0.9415349677685816,Upregulated,0.8161558181108353,13/39,22.12%
Neddylation R-HSA-8951664,Reactome_2022,0.9408658253805642,Upregulated,0.8173734647095606,55/144,28.85%
Positive Epigenetic Regulation Of rRNA Expression R-HSA-5250913,Reactome_2022,0.9406358116938404,Upregulated,0.8174007241594091,12/30,33.96%
Rap1 signaling pathway,KEGG_2021_Human,0.9398567793420568,Upregulated,0.8188443351051151,11/94,5.40%
VxPx Cargo-Targeting To Cilium R-HSA-5620916,Reactome_2022,0.9395038442435032,Upregulated,0.8191784882262204,4/16,11.57%
Stabilization Of P53 R-HSA-69541,Reactome_2022,0.9378498348910738,Upregulated,0.8228451165525833,18/46,28.76%
APC/C:Cdh1 Mediated Degradation Of Cdc20 And APC/C:Cdh1 Targets In Late Mitosis/Early G1 R-HSA-174178,Reactome_2022,0.9374518811513348,Upregulated,0.8232853343086064,33/60,39.58%
Ubiquitin Mediated Degradation Of Phosphorylated Cdc25A R-HSA-69601,Reactome_2022,0.9372327169561412,Upregulated,0.8232313320215202,22/45,34.01%
Mitochondrion Organization (GO:0007005),GO_Biological_Process_2025,0.9369218902908668,Upregulated,0.8234144187289737,14/82,12.83%
Proteasomal Protein Catabolic Process (GO:0010498),GO_Biological_Process_2025,0.9369086927948642,Upregulated,0.8228500345513275,74/203,28.76%
Cellular Response to Decreased Oxygen Levels (GO:0036294),GO_Biological_Process_2025,0.9367479627034352,Upregulated,0.8226839699673032,11/44,16.32%
ADORA2B Mediated Anti-Inflammatory Cytokine Production R-HSA-9660821,Reactome_2022,0.9360681902269532,Upregulated,0.8238288408137775,12/41,18.12%
Positive Regulation of Protein Polymerization (GO:0032273),GO_Biological_Process_2025,0.9354112868687496,Upregulated,0.824898816087149,13/34,29.36%
mRNA 3'-UTR AU-rich Region Binding (GO:0035925),GO_Molecular_Function_2025,0.9351069446764688,Upregulated,0.8250833462050775,4/15,16.49%
Transcription Initiation-Coupled Chromatin Remodeling (GO:0045815),GO_Biological_Process_2025,0.9340639768528456,Upregulated,0.8272825285328179,11/29,29.38%
mRNA 5'-UTR Binding (GO:0048027),GO_Molecular_Function_2025,0.9339622458206136,Upregulated,0.8269237057490998,7/18,23.74%
Unfolded Protein Response (UPR) R-HSA-381119,Reactome_2022,0.9332742379734392,Upregulated,0.8281003252589059,13/61,12.66%
Lymphocyte Differentiation (GO:0030098),GO_Biological_Process_2025,0.9329920430243502,Upregulated,0.8282189819114625,14/30,26.80%
Translational Elongation (GO:0006414),GO_Biological_Process_2025,0.9317438514159188,Upregulated,0.8308237395709003,11/40,23.91%
Regulation Of Activated PAK-2p34 By Proteasome Mediated Degradation R-HSA-211733,Reactome_2022,0.9306596293870912,Upregulated,0.8330066371374129,21/43,34.01%
TNFR2 Non-Canonical NF-kB Pathway R-HSA-5668541,Reactome_2022,0.9299248551890272,Upregulated,0.8343069700934436,24/51,34.01%
Negative Regulation of Smoothened Signaling Pathway (GO:0045879),GO_Biological_Process_2025,0.9298364300382782,Upregulated,0.8339148567330404,6/16,24.89%
Calcium Channel Regulator Activity (GO:0005246),GO_Molecular_Function_2025,0.9295514657959688,Upregulated,0.8340156560924518,15/30,33.31%
Regulation of Chromosome Organization (GO:0033044),GO_Biological_Process_2025,0.9286163310607594,Upregulated,0.8358580812837211,13/25,36.25%
Positive Regulation of Cellular Process (GO:0048522),GO_Biological_Process_2025,0.927777612357999,Upregulated,0.8374429518971283,51/249,18.08%
Male Meiotic Nuclear Division (GO:0007140),GO_Biological_Process_2025,0.9275067714495446,Upregulated,0.8375434564330847,10/17,36.88%
FLT3 Signaling R-HSA-9607240,Reactome_2022,0.9273716432659456,Upregulated,0.8372517364598775,8/16,39.91%
Th1 and Th2 cell differentiation,KEGG_2021_Human,0.927137930571224,Upregulated,0.8372551079089139,14/36,23.40%
Negative Regulation of Oxidative Stress-Induced Intrinsic Apoptotic Signaling Pathway (GO:1902176),GO_Biological_Process_2025,0.9254679279637072,Upregulated,0.8409227495556965,7/16,27.22%
Downregulation Of SMAD2/3:SMAD4 Transcriptional Activity R-HSA-2173795,Reactome_2022,0.925458582157984,Upregulated,0.8403448425694027,2/17,2.42%
Activation Of Gene Expression By SREBF (SREBP) R-HSA-2426168,Reactome_2022,0.9254403561106554,Upregulated,0.8397817302125277,8/28,22.36%
Ub-dep Prot Cat Proc via Multivsiclr Bdy Sorting Pway (GO:0043162),GO_Biological_Process_2025,0.9249128273435312,Upregulated,0.8404948475329604,4/24,11.23%
Endonuclease Activity (GO:0004519),GO_Molecular_Function_2025,0.9244977543205396,Upregulated,0.8409707382808719,4/40,8.45%
Protein Targeting to Mitochondrion (GO:0006626),GO_Biological_Process_2025,0.924070410192588,Upregulated,0.8414279150893051,9/47,18.30%
PI3K Cascade R-HSA-109704,Reactome_2022,0.9238359981573228,Upregulated,0.8414634871460582,7/16,22.52%
Protein Autoubiquitination (GO:0051865),GO_Biological_Process_2025,0.9235934408019412,Upregulated,0.8414867324940476,6/21,22.30%
mBDNF And proBDNF Regulation Of GABA Neurotransmission WP4829,WikiPathways_2024_Human,0.9219953139942396,Upregulated,0.8449430333859357,7/16,18.32%
Connective Tissue Development (GO:0061448),GO_Biological_Process_2025,0.9218796798874532,Upregulated,0.8446246125432013,7/20,10.76%
Mesenchymal Cell Differentiation (GO:0048762),GO_Biological_Process_2025,0.9215473057379756,Upregulated,0.8448758322298693,13/25,29.63%
Regulation of T Cell Activation (GO:0050863),GO_Biological_Process_2025,0.9214721160752994,Upregulated,0.8444534623070703,5/19,12.62%
Positive Regulation of Signal Transduction by P53 Class Mediator (GO:1901798),GO_Biological_Process_2025,0.9211941793905628,Upregulated,0.8445372772590632,7/15,34.50%
Autophagosome Maturation (GO:0097352),GO_Biological_Process_2025,0.9209720343244556,Upregulated,0.8444873336555967,10/36,17.07%
Assembly Of Pre-Replicative Complex R-HSA-68867,Reactome_2022,0.9207158963092896,Upregulated,0.8445327331876407,22/70,27.09%
Apoptosis WP254,WikiPathways_2024_Human,0.9205364842195686,Upregulated,0.8443778956863949,6/37,8.62%
ESR-mediated Signaling R-HSA-8939211,Reactome_2022,0.9200125674183424,Upregulated,0.8451169070580576,23/95,19.51%
Regulation of Protein-Containing Complex Assembly (GO:0043254),GO_Biological_Process_2025,0.9198166294358958,Upregulated,0.845010627001786,25/68,25.47%
Regulation Of PTEN Gene Transcription R-HSA-8943724,Reactome_2022,0.9195030695209486,Upregulated,0.8452227908487002,13/41,25.97%
Regulation of mRNA Processing (GO:0050684),GO_Biological_Process_2025,0.9194644589504516,Upregulated,0.8447214380535049,11/28,23.60%
"RNA Exonuclease Activity, Producing 5'-Phosphomonoesters (GO:0016896)",GO_Molecular_Function_2025,0.9193981694438416,Upregulated,0.8442807983541954,8/25,23.67%
GnRH secretion,KEGG_2021_Human,0.9186268617057458,Upregulated,0.8456395193715288,15/40,20.03%
Positive Regulation of Protein Transport (GO:0051222),GO_Biological_Process_2025,0.9185057164442584,Upregulated,0.8453559287294412,2/26,2.10%
Antigen Receptor-Mediated Signaling Pathway (GO:0050851),GO_Biological_Process_2025,0.916945202613086,Upregulated,0.8486950435559445,5/35,5.72%
Nuclear Export (GO:0051168),GO_Biological_Process_2025,0.9161862419119048,Upregulated,0.8500493643111471,9/27,19.65%
EPHB-mediated Forward Signaling R-HSA-3928662,Reactome_2022,0.9161107230694342,Upregulated,0.849670339334591,10/20,29.18%
Monoatomic Cation Transmembrane Transporter Activity (GO:0008324),GO_Molecular_Function_2025,0.9154569912932214,Upregulated,0.8507418942034215,8/21,20.44%
IRS-mediated Signaling R-HSA-112399,Reactome_2022,0.915093546525464,Upregulated,0.8510325619076929,7/17,22.52%
Protein Quality Control for Misfolded or Incompletely Synthesized Proteins (GO:0006515),GO_Biological_Process_2025,0.915077960129631,Upregulated,0.8504738557983992,7/19,27.35%
Ciliary Membrane (GO:0060170),GO_Cellular_Component_2025,0.913834386130307,Upregulated,0.8530741388493118,3/20,9.12%
DNA Damage Bypass R-HSA-73893,Reactome_2022,0.9137938440933494,Upregulated,0.852570332076384,11/34,26.02%
Nuclear Envelope Breakdown R-HSA-2980766,Reactome_2022,0.9137044789718668,Upregulated,0.8521943511469847,13/43,24.96%
Positive Regulation of TOR Signaling (GO:0032008),GO_Biological_Process_2025,0.9133325420367424,Upregulated,0.8525086977932771,12/42,25.03%
Organelle Disassembly (GO:1903008),GO_Biological_Process_2025,0.9132676984207586,Upregulated,0.8520585741956693,9/35,24.89%
Calcium Channel Complex (GO:0034704),GO_Cellular_Component_2025,0.9132353015490594,Upregulated,0.8515271956293458,13/34,21.27%
Deubiquitination R-HSA-5688426,Reactome_2022,0.9128845899111496,Upregulated,0.8517619241430217,53/144,28.81%
Energy Derivation by Oxidation of Organic Compounds (GO:0015980),GO_Biological_Process_2025,0.9126970057223291,Upregulated,0.8516115067185942,2/17,6.11%
Positive Regulation of DNA Metabolic Process (GO:0051054),GO_Biological_Process_2025,0.912437700106008,Upregulated,0.8516415563962686,14/54,24.33%
Axon (GO:0030424),GO_Cellular_Component_2025,0.9122695475035096,Upregulated,0.8514722207556662,8/90,3.48%
Cell-Cell Junction (GO:0005911),GO_Cellular_Component_2025,0.912034201277073,Upregulated,0.8514863256947269,44/140,24.12%
MTOR Signaling R-HSA-165159,Reactome_2022,0.9116326289232136,Upregulated,0.8518721564327454,7/29,18.08%
Estrogen-dependent Gene Expression R-HSA-9018519,Reactome_2022,0.910744461553094,Upregulated,0.8536027825912309,19/58,25.51%
Regulation of Androgen Receptor Signaling Pathway (GO:0060765),GO_Biological_Process_2025,0.9105865269023492,Upregulated,0.8534054051478206,7/17,23.22%
Aquaporin-mediated Transport R-HSA-445717,Reactome_2022,0.9105634334345678,Upregulated,0.8528732379796584,14/33,20.15%
mRNA 3'-UTR Binding (GO:0003730),GO_Molecular_Function_2025,0.9097047044742688,Upregulated,0.8544018263184251,13/60,16.49%
Phosphorylation (GO:0016310),GO_Biological_Process_2025,0.9087473410608046,Upregulated,0.8561911780351158,25/161,12.95%
Core Promoter Sequence-Specific DNA Binding (GO:0001046),GO_Molecular_Function_2025,0.9086222762938262,Upregulated,0.8559161191344488,8/23,25.51%
Sterol Transport (GO:0015918),GO_Biological_Process_2025,0.9083716773038604,Upregulated,0.8559095443244517,2/19,3.10%
APC:Cdc20 Mediated Degradation Of Cell Cycle Proteins Before Cycle Checkpoint Satisfied R-HSA-179419,Reactome_2022,0.9080616009535692,Upregulated,0.8555246231628755,22/61,27.09%
Cdc20:Phospho-APC/C Mediated Degradation Of Cyclin A R-HSA-174184,Reactome_2022,0.9080616009535692,Upregulated,0.8555246231628755,22/61,27.09%
Negative Regulation of Signal Transduction (GO:0009968),GO_Biological_Process_2025,0.9074382423888347,Upregulated,0.8564829102460859,43/128,25.97%
Regulation of Anatomical Structure Morphogenesis (GO:0022603),GO_Biological_Process_2025,0.9073808915028247,Upregulated,0.8560245505870001,17/54,23.39%
Association Of TriC/CCT With Target Proteins During Biosynthesis R-HSA-390471,Reactome_2022,0.907133645643972,Upregulated,0.8560631120776483,10/22,27.36%
Keratinocyte Differentiation (GO:0030216),GO_Biological_Process_2025,0.9064401848555536,Upregulated,0.8571552932935825,7/16,24.82%
Regulation of Proteasomal Protein Catabolic Process (GO:0061136),GO_Biological_Process_2025,0.905573474445873,Upregulated,0.8587265119057977,9/38,18.03%
Negative Regulation of Binding (GO:0051100),GO_Biological_Process_2025,0.904897020153031,Upregulated,0.8598287806141246,11/33,20.56%
Epidermal Cell Differentiation (GO:0009913),GO_Biological_Process_2025,0.9040375215421556,Upregulated,0.8613382558267051,10/23,29.74%
Chemokine Signaling WP3929,WikiPathways_2024_Human,0.9034712674226888,Upregulated,0.8621290731729726,16/64,18.33%
Positive Regulation of Proteasomal Protein Catabolic Process (GO:1901800),GO_Biological_Process_2025,0.9033042091314086,Upregulated,0.8619256121938754,14/68,18.03%
Establishment of Mitotic Spindle Orientation (GO:0000132),GO_Biological_Process_2025,0.903276607862901,Upregulated,0.8613965969928077,6/18,23.65%
4 Hydroxytamoxifen DEX And Retinoic Acids Regulation Of P27 WP3879,WikiPathways_2024_Human,0.9032482822140387,Upregulated,0.8608627941594299,6/18,18.05%
Intracellular Protein Transmembrane Transport (GO:0065002),GO_Biological_Process_2025,0.9027283146575468,Upregulated,0.8615682422776367,11/19,27.11%
Blood Vessel Morphogenesis (GO:0048514),GO_Biological_Process_2025,0.90256739777074,Upregulated,0.8613806889862474,4/16,15.16%
Cellular Response to Reactive Oxygen Species (GO:0034614),GO_Biological_Process_2025,0.9016572658452334,Upregulated,0.863033653763994,8/33,10.99%
MAPK Signaling WP382,WikiPathways_2024_Human,0.901462443663736,Upregulated,0.8629184684120222,29/99,23.14%
"Positive Regulation of Gene Expression, Epigenetic (GO:0141137)",GO_Biological_Process_2025,0.9013063548414934,Upregulated,0.8627248729025784,8/30,20.57%
Alpha-Amino Acid Catabolic Process (GO:1901606),GO_Biological_Process_2025,0.90089866666458,Upregulated,0.8631408182638832,5/16,11.49%
Separation Of Sister Chromatids R-HSA-2467813,Reactome_2022,0.9003545648938439,Upregulated,0.863844927017551,38/112,29.44%
Gluconeogenesis (GO:0006094),GO_Biological_Process_2025,0.8999371904231557,Upregulated,0.8643120634036866,4/23,7.26%
Viral myocarditis,KEGG_2021_Human,0.8997256748042676,Upregulated,0.8642614285394776,5/15,24.82%
Alpha 6 Beta 4 Signaling WP244,WikiPathways_2024_Human,0.8976074397283059,Upregulated,0.8689409172290351,6/16,22.52%
Interleukin-4 And Interleukin-13 Signaling R-HSA-6785807,Reactome_2022,0.8975437929425911,Upregulated,0.8684912548641248,15/40,27.22%
"Acyltransferase Activity, Transferring Groups Other Than Amino-Acyl Groups (GO:0016747)",GO_Molecular_Function_2025,0.8974084609162635,Upregulated,0.8681970287740937,15/48,24.83%
Substrate Adhesion-Dependent Cell Spreading (GO:0034446),GO_Biological_Process_2025,0.8968366932679643,Upregulated,0.8690057371595757,8/19,23.84%
Positive Regulation of TORC1 Signaling (GO:1904263),GO_Biological_Process_2025,0.8965768562156133,Upregulated,0.8690777794964097,3/36,3.09%
Regulation of Vasoconstriction (GO:0019229),GO_Biological_Process_2025,0.8964520330854964,Upregulated,0.8687829756597604,4/15,9.84%
Semaphorin Interactions R-HSA-373755,Reactome_2022,0.8960737017144252,Upregulated,0.869110060069807,9/26,22.97%
G13 Signaling WP524,WikiPathways_2024_Human,0.8958442890452244,Upregulated,0.8690907114943706,12/30,22.12%
Positive Regulation of Cell Population Proliferation (GO:0008284),GO_Biological_Process_2025,0.8958158666123462,Upregulated,0.8685691174017495,50/171,24.24%
Positive Regulation of Endocytosis (GO:0045807),GO_Biological_Process_2025,0.8953689312868214,Upregulated,0.8690505371627785,4/33,7.00%
Positive Regulation of ATP Metabolic Process (GO:1903580),GO_Biological_Process_2025,0.8953034256529306,Upregulated,0.8686121129386174,6/15,27.22%
SCF Ubiquitin Ligase Complex (GO:0019005),GO_Cellular_Component_2025,0.894415605570893,Upregulated,0.8701341947461518,17/37,27.42%
DNA-templated DNA Replication Maintenance of Fidelity (GO:0045005),GO_Biological_Process_2025,0.8936617423349923,Upregulated,0.8713940446997397,8/24,24.16%
Transcriptional Regulation By VENTX R-HSA-8853884,Reactome_2022,0.8936090545840264,Upregulated,0.8709192218920639,5/21,19.56%
Small GTPase-mediated Signal Transduction (GO:0007264),GO_Biological_Process_2025,0.8931409843476651,Upregulated,0.8714734105706118,28/88,27.10%
Regulation of Secretion by Cell (GO:1903530),GO_Biological_Process_2025,0.8927541824599693,Upregulated,0.8718175927548594,6/30,9.53%
Spindle Assembly (GO:0051225),GO_Biological_Process_2025,0.8925455312824973,Upregulated,0.8717423102085788,11/35,24.72%
APC/C-mediated Degradation Of Cell Cycle Proteins R-HSA-174143,Reactome_2022,0.8922500150845173,Upregulated,0.8718435930226902,25/71,27.32%
Negative Regulation of Protein Metabolic Process (GO:0051248),GO_Biological_Process_2025,0.8918289521257315,Upregulated,0.8722572069476876,22/90,18.57%
Pleural Mesothelioma WP5087,WikiPathways_2024_Human,0.8913214421676223,Upregulated,0.872930732011147,51/200,21.55%
Cell Junction Organization R-HSA-446728,Reactome_2022,0.8905683341390319,Upregulated,0.8741772304061329,12/31,21.19%
Glucose Homeostasis (GO:0042593),GO_Biological_Process_2025,0.8903095093060907,Upregulated,0.8741831957819012,7/44,10.12%
Embryonic Stem Cell Pluripotency Pathways WP3931,WikiPathways_2024_Human,0.8900936871462674,Upregulated,0.8740919636261371,21/50,29.66%
Positive Regulation of Neuron Differentiation (GO:0045666),GO_Biological_Process_2025,0.8897776697322005,Upregulated,0.8742721847274229,5/21,11.11%
Hepatitis C And Hepatocellular Carcinoma WP3646,WikiPathways_2024_Human,0.889617199766702,Upregulated,0.8740793356518882,8/20,27.22%
Envelope Proteins And Potential Roles In EDMD Physiopathology WP4535,WikiPathways_2024_Human,0.8896079762732167,Upregulated,0.8735087831176013,5/16,22.52%
"Antigen Presentation: Folding, Assembly, Peptide Loading Of Class I MHC R-HSA-983170",Reactome_2022,0.8892336655037516,Upregulated,0.8738051918220072,9/17,28.19%
DNA Secondary Structure Binding (GO:0000217),GO_Molecular_Function_2025,0.8885298388159492,Upregulated,0.8748376598053837,5/17,18.45%
Glioma,KEGG_2021_Human,0.8882350630799802,Upregulated,0.8749729829297558,13/42,22.52%
RHOJ GTPase Cycle R-HSA-9013409,Reactome_2022,0.887711538968375,Upregulated,0.8756079040680839,13/23,34.12%
Interleukin-1 Family Signaling R-HSA-446652,Reactome_2022,0.8875189390499717,Upregulated,0.8754770776756622,24/77,25.75%
Sensory Perception of Light Stimulus (GO:0050953),GO_Biological_Process_2025,0.8868601384303548,Upregulated,0.876397544809526,10/43,14.55%
Negative Regulation of Cell Growth (GO:0030308),GO_Biological_Process_2025,0.8863206577158587,Upregulated,0.8771114434557247,20/49,29.39%
Blood Circulation (GO:0008015),GO_Biological_Process_2025,0.8861234806535255,Upregulated,0.8770097317534621,6/23,18.33%
Regulation of DNA Metabolic Process (GO:0051052),GO_Biological_Process_2025,0.8852132542200708,Upregulated,0.8785914577769999,25/73,28.81%
Ion Homeostasis R-HSA-5578775,Reactome_2022,0.8850702112843432,Upregulated,0.8783826076975138,3/33,1.57%
Vpu Mediated Degradation Of CD4 R-HSA-180534,Reactome_2022,0.8850003750880254,Upregulated,0.877963142482559,18/44,28.76%
Hh Mutants Are Degraded By ERAD R-HSA-5362768,Reactome_2022,0.8849819013800887,Upregulated,0.8774296987210182,19/47,28.76%
HSP90 Chaperone Cycle For Steroid Hormone Receptors (SHR) In Presence Of Ligand R-HSA-3371497,Reactome_2022,0.8848269064446997,Upregulated,0.8772121246681399,8/31,17.29%
Negative Regulation of Immune System Process (GO:0002683),GO_Biological_Process_2025,0.8826256943425591,Upregulated,0.881840272743463,5/19,10.46%
Myeloid Cell Differentiation (GO:0030099),GO_Biological_Process_2025,0.8825478125994918,Upregulated,0.8814440048631821,12/30,29.38%
Response To Elevated Platelet Cytosolic Ca2+ R-HSA-76005,Reactome_2022,0.8823768329602258,Upregulated,0.8812531261009383,16/54,21.88%
Heterochromatin Formation (GO:0031507),GO_Biological_Process_2025,0.882301250018558,Upregulated,0.8808448407130611,10/30,25.70%
Hh Mutants Abrogate Ligand Secretion R-HSA-5387390,Reactome_2022,0.8819186781133153,Upregulated,0.8811550552514951,20/49,28.76%
9+2 Motile Cilium (GO:0097729),GO_Cellular_Component_2025,0.8788441147107977,Upregulated,0.8877807841597822,21/69,29.22%
3'-5' Exonuclease Activity (GO:0008408),GO_Molecular_Function_2025,0.878823429482511,Upregulated,0.8872352903964347,9/35,23.67%
Response to Peptide Hormone (GO:0043434),GO_Biological_Process_2025,0.8763504783506718,Upregulated,0.8924082809793152,7/24,18.33%
T Cell Receptor Signaling Pathway (GO:0050852),GO_Biological_Process_2025,0.8762335992855729,Upregulated,0.8921024047780972,4/28,5.72%
Negative Regulation of Protein-Containing Complex Assembly (GO:0031333),GO_Biological_Process_2025,0.8760810949076404,Upregulated,0.8918613667056849,7/30,15.50%
Positive Regulation of Protein Modification Process (GO:0031401),GO_Biological_Process_2025,0.8759968609798522,Upregulated,0.8914744481364555,12/36,23.54%
Ubiquitin Protein Ligase Binding (GO:0031625),GO_Molecular_Function_2025,0.875658288478535,Upregulated,0.8917034949563952,27/153,15.80%
Regulation Of Cholesterol Biosynthesis By SREBP (SREBF) R-HSA-1655829,Reactome_2022,0.8751938651841235,Upregulated,0.8922159297762906,12/36,26.57%
Influenza A,KEGG_2021_Human,0.8735813971395785,Upregulated,0.8954100091482082,15/61,18.52%
Neuron Projection Development (GO:0031175),GO_Biological_Process_2025,0.8734840715533898,Upregulated,0.8950482082634876,40/100,29.91%
Fc Epsilon Receptor (FCERI) Signaling R-HSA-2454202,Reactome_2022,0.8726842325604928,Upregulated,0.89629581128557,32/85,27.09%
"Signaling By Rho GTPases, Miro GTPases And RHOBTB3 R-HSA-9716542",Reactome_2022,0.8723865493068138,Upregulated,0.8964235801470348,88/342,24.89%
Regulation of Cellular Component Organization (GO:0051128),GO_Biological_Process_2025,0.8714886304371604,Upregulated,0.8980071760573969,22/88,20.39%
Protein Catabolic Process (GO:0030163),GO_Biological_Process_2025,0.8711573204184716,Upregulated,0.8981276176691634,24/61,26.70%
Positive Regulation of Cellular Component Organization (GO:0051130),GO_Biological_Process_2025,0.8710922733465071,Upregulated,0.8976748551294453,20/46,26.53%
DNA Replication WP466,WikiPathways_2024_Human,0.8703867449708682,Upregulated,0.8987089154342519,4/36,10.63%
Axon Development (GO:0061564),GO_Biological_Process_2025,0.8700300702775534,Upregulated,0.8989753008024628,22/48,29.91%
Nuclear Membrane (GO:0031965),GO_Cellular_Component_2025,0.8698373263769525,Upregulated,0.8988422739424127,37/132,24.29%
Regulation Of RUNX3 Expression And Activity R-HSA-8941858,Reactome_2022,0.86877445092551,Upregulated,0.9007221907903136,24/44,39.58%
Breast Cancer Pathway WP4262,WikiPathways_2024_Human,0.8686718047221826,Upregulated,0.9004020560379852,36/87,29.66%
GSK3B And BTRC:CUL1-mediated-degradation Of NFE2L2 R-HSA-9762114,Reactome_2022,0.8673961794645069,Upregulated,0.9027825060103176,21/45,34.01%
Cargo Trafficking To Periciliary Membrane R-HSA-5620920,Reactome_2022,0.8672992486546417,Upregulated,0.9024239606105569,4/33,4.55%
Positive Regulation of Protein Localization to Membrane (GO:1905477),GO_Biological_Process_2025,0.8668789811093107,Upregulated,0.902793223830439,10/29,22.16%
Formation Of beta-catenin:TCF Transactivating Complex R-HSA-201722,Reactome_2022,0.8661979410705568,Upregulated,0.903753371982374,8/16,28.08%
Regulation of Protein Localization to Cell Surface (GO:2000008),GO_Biological_Process_2025,0.865094851677234,Upregulated,0.9056338932163572,2/18,4.81%
Positive Regulation of Cell-Substrate Adhesion (GO:0010811),GO_Biological_Process_2025,0.8627406386175707,Upregulated,0.9105045443253268,9/27,22.12%
Positive Regulation of Cell Cycle G1/S Phase Transition (GO:1902808),GO_Biological_Process_2025,0.8622928031344976,Upregulated,0.9109377756968772,14/27,32.77%
APC/C:Cdc20 Mediated Degradation Of Securin R-HSA-174154,Reactome_2022,0.8616539492775303,Upregulated,0.911818405663568,20/55,28.76%
Resolution Of Sister Chromatid Cohesion R-HSA-2500257,Reactome_2022,0.8609978321863561,Upregulated,0.9126911686370114,17/60,24.72%
Positive Regulation of Protein-Containing Complex Assembly (GO:0031334),GO_Biological_Process_2025,0.8609880636586099,Upregulated,0.912122972532905,20/48,26.89%
Regulation of Peptidyl-Serine Phosphorylation (GO:0033135),GO_Biological_Process_2025,0.8606812932959365,Upregulated,0.912266388383622,14/23,36.24%
Rab Regulation Of Trafficking R-HSA-9007101,Reactome_2022,0.8593508054396104,Upregulated,0.914725509756646,13/66,16.21%
Positive Regulation of MAPK Cascade (GO:0043410),GO_Biological_Process_2025,0.8590865205768545,Upregulated,0.914739042847929,44/108,31.71%
Regulation of Cellular Senescence (GO:2000772),GO_Biological_Process_2025,0.8590746798452931,Upregulated,0.9141709933606448,5/18,23.74%
Regulation of Autophagosome Assembly (GO:2000785),GO_Biological_Process_2025,0.8588010909092707,Upregulated,0.9141997341614292,8/19,28.48%
Protein Ubiquitination (GO:0016567),GO_Biological_Process_2025,0.857777072209381,Upregulated,0.9159426372129056,52/181,28.68%
Regulation of Actin Filament-Based Process (GO:0032970),GO_Biological_Process_2025,0.85733030913831,Upregulated,0.916340564514742,15/44,22.97%
Plasma Membrane Bounded Cell Projection Organization (GO:0120036),GO_Biological_Process_2025,0.8557954821944339,Upregulated,0.9192302711635574,20/64,27.86%
Lysosomal Transport (GO:0007041),GO_Biological_Process_2025,0.8557198642769066,Upregulated,0.9187812351450664,15/47,24.37%
Positive Regulation of Epithelial Cell Proliferation (GO:0050679),GO_Biological_Process_2025,0.8540784586134427,Upregulated,0.9218056137053424,8/41,13.52%
"Wound Healing, Spreading of Cells (GO:0044319)",GO_Biological_Process_2025,0.8539862818685455,Upregulated,0.9214302606641656,6/16,22.97%
Negative Regulation of DNA Binding (GO:0043392),GO_Biological_Process_2025,0.8537100351239092,Upregulated,0.9214489844822884,4/15,15.37%
Regulation of Angiogenesis (GO:0045765),GO_Biological_Process_2025,0.8533641208607259,Upregulated,0.9216399529047252,24/81,21.87%
Alpha-Actinin Binding (GO:0051393),GO_Molecular_Function_2025,0.8526948092076521,Upregulated,0.9225459025722984,11/17,34.69%
Positive Regulation of ERK1 and ERK2 Cascade (GO:0070374),GO_Biological_Process_2025,0.8522884801298343,Upregulated,0.922848888134978,13/39,23.22%
Regulation of Striated Muscle Contraction (GO:0006942),GO_Biological_Process_2025,0.8515348729235387,Upregulated,0.923944004255694,2/16,2.77%
Canonical And Non Canonical Notch Signaling WP3845,WikiPathways_2024_Human,0.8497287819809007,Upregulated,0.9273119685733088,7/16,23.40%
RHO GTPase Effectors R-HSA-195258,Reactome_2022,0.8490425224527652,Upregulated,0.9281654845047508,40/135,25.51%
MAPK Family Signaling Cascades R-HSA-5683057,Reactome_2022,0.8489269273299169,Upregulated,0.9278115318300836,45/154,24.95%
Regulation of Wound Healing (GO:0061041),GO_Biological_Process_2025,0.8468633492002463,Upregulated,0.9317210195904286,8/15,25.43%
Kleefstra Syndrome WP5351,WikiPathways_2024_Human,0.8462816441158496,Upregulated,0.9323743888395432,9/20,30.42%
Regulation of Telomere Maintenance (GO:0032204),GO_Biological_Process_2025,0.8462169354091345,Upregulated,0.9319324059509884,7/29,28.05%
Adrenergic signaling in cardiomyocytes,KEGG_2021_Human,0.8458398430265156,Upregulated,0.9321873841450108,25/91,21.27%
Regulation of Translation (GO:0006417),GO_Biological_Process_2025,0.84548957894059,Upregulated,0.9323106270803266,37/144,24.24%
Synaptic Vesicle Recycling (GO:0036465),GO_Biological_Process_2025,0.8453683302382368,Upregulated,0.9319773838264171,2/19,4.47%
Regulation of Intracellular Transport (GO:0032386),GO_Biological_Process_2025,0.8452382358439459,Upregulated,0.931658499217228,5/29,11.57%
Hepatitis B Infection WP4666,WikiPathways_2024_Human,0.8451863987345111,Upregulated,0.9311722351436204,16/63,17.61%
Protein Tyrosine Kinase Binding (GO:1990782),GO_Molecular_Function_2025,0.8444602801027763,Upregulated,0.93217083181034,7/33,21.19%
EGF EGFR Signaling WP437,WikiPathways_2024_Human,0.8444165342913907,Upregulated,0.9316694958909916,21/90,19.47%
Alcoholism,KEGG_2021_Human,0.8440924885869601,Upregulated,0.9317787022019262,12/71,10.77%
Transcriptional Regulation Of Granulopoiesis R-HSA-9616222,Reactome_2022,0.8439707818615959,Upregulated,0.9314602354565916,10/18,28.96%
2Q13 Copy Number Variation Syndrome WP5222,WikiPathways_2024_Human,0.8438152635044359,Upregulated,0.931203526551044,6/25,22.52%
TP53 Regulates Transcription Of Cell Death Genes R-HSA-5633008,Reactome_2022,0.8434031229089698,Upregulated,0.9315266793585308,5/23,16.25%
Positive Regulation of DNA Biosynthetic Process (GO:2000573),GO_Biological_Process_2025,0.8432760585362424,Upregulated,0.9312140905910952,3/25,5.96%
Circulatory System Development (GO:0072359),GO_Biological_Process_2025,0.8428739045608769,Upregulated,0.9314734043318138,19/63,21.13%
B-WICH Complex Positively Regulates rRNA Expression R-HSA-5250924,Reactome_2022,0.8428166755212544,Upregulated,0.930991510060208,6/21,25.51%
Regulation of Response to External Stimulus (GO:0032101),GO_Biological_Process_2025,0.8423437879313376,Upregulated,0.9314493864000862,5/45,6.54%
Hsp90 Protein Binding (GO:0051879),GO_Molecular_Function_2025,0.8417689833036819,Upregulated,0.9321256752556358,4/23,13.16%
Regulation of Interleukin-6 Production (GO:0032675),GO_Biological_Process_2025,0.840785120245934,Upregulated,0.9336379936293756,8/29,16.05%
Mitotic DNA Damage Checkpoint Signaling (GO:0044773),GO_Biological_Process_2025,0.84018842711095,Upregulated,0.934278601677382,9/34,18.95%
Cell Cycle Checkpoints R-HSA-69620,Reactome_2022,0.839730174954765,Upregulated,0.9346874708841164,44/165,24.95%
Antiviral Mechanism By IFN-stimulated Genes R-HSA-1169410,Reactome_2022,0.8394290123596672,Upregulated,0.934751106722314,19/56,26.83%
Neuron Differentiation (GO:0030182),GO_Biological_Process_2025,0.8392917528095372,Upregulated,0.9344542121022406,14/106,10.93%
HDR Thru Homologous Recombination (HRR) Or Single Strand Annealing (SSA) R-HSA-5693567,Reactome_2022,0.8388202922514579,Upregulated,0.9348665391851608,14/55,18.95%
Negative Regulation of Intrinsic Apoptotic Signaling Pathway (GO:2001243),GO_Biological_Process_2025,0.8384485887766722,Upregulated,0.9350509031690748,6/30,10.77%
Polymerase Switching On C-strand Of Telomere R-HSA-174411,Reactome_2022,0.8371074855608928,Upregulated,0.9373357040639368,2/15,7.23%
Translation (GO:0006412),GO_Biological_Process_2025,0.8369615745783819,Upregulated,0.9370372001616472,67/191,32.07%
Multivesicular Body Assembly (GO:0036258),GO_Biological_Process_2025,0.8364226952673802,Upregulated,0.937584929126426,4/24,11.57%
Determination of Left/Right Symmetry (GO:0007368),GO_Biological_Process_2025,0.8363955493393421,Upregulated,0.9370424422572772,6/24,14.41%
P Granule (GO:0043186),GO_Cellular_Component_2025,0.8356160853369973,Upregulated,0.9380941787639872,7/16,36.88%
Cell Cycle R-HSA-1640170,Reactome_2022,0.8354872626746072,Upregulated,0.937764922373138,117/380,29.46%
Antigen processing-Cross Presentation R-HSA-1236975,Reactome_2022,0.8343212474015022,Upregulated,0.9396008984296697,29/64,30.18%
Nuclear Membrane Organization (GO:0071763),GO_Biological_Process_2025,0.8342505635298231,Upregulated,0.9391385031010484,6/20,23.66%
Degradation Of GLI1 By Proteasome R-HSA-5610780,Reactome_2022,0.8335964044931364,Upregulated,0.939883770499076,24/51,34.01%
Vesicle-Mediated Transport Between Endosomal Compartments (GO:0098927),GO_Biological_Process_2025,0.8334200766028944,Upregulated,0.9396607404012683,7/19,22.93%
Multivesicular Body Organization (GO:0036257),GO_Biological_Process_2025,0.8327400062878909,Upregulated,0.9404745113867335,4/25,11.57%
Ubiquitin-Like Protein Ligase Binding (GO:0044389),GO_Molecular_Function_2025,0.8325096859283994,Upregulated,0.9403448409703796,32/161,18.95%
Cellular Response to Unfolded Protein (GO:0034620),GO_Biological_Process_2025,0.8322714644542274,Upregulated,0.9402196442668678,8/37,10.78%
Acetyltransferase Activity (GO:0016407),GO_Molecular_Function_2025,0.832133869780379,Upregulated,0.9399065027960198,7/17,23.49%
Synaptic Signaling Associated With Autism Spectrum Disorder WP4539,WikiPathways_2024_Human,0.8320868581164333,Upregulated,0.939417251112174,9/30,18.05%
Positive Regulation of Response to External Stimulus (GO:0032103),GO_Biological_Process_2025,0.8306794838499263,Upregulated,0.9416512357458626,6/41,7.81%
Tight Junction (GO:0070160),GO_Cellular_Component_2025,0.8300173807869723,Upregulated,0.9424434911648064,11/27,24.05%
Pantothenate and CoA biosynthesis,KEGG_2021_Human,0.8300017138920716,Upregulated,0.941888399066693,7/17,17.22%
Regulation of DNA Recombination (GO:0000018),GO_Biological_Process_2025,0.8289786696542533,Upregulated,0.9433737366334188,4/17,18.95%
Positive Regulation of Plasma Membrane Bounded Cell Projection Assembly (GO:0120034),GO_Biological_Process_2025,0.8280239591528297,Upregulated,0.9446834066520814,20/47,34.70%
Regulation of Actin Filament Bundle Assembly (GO:0032231),GO_Biological_Process_2025,0.8280099858213085,Upregulated,0.94411794731844,8/15,25.43%
Mitotic Prophase R-HSA-68875,Reactome_2022,0.827846043800456,Upregulated,0.9438810834315722,19/65,26.44%
Pathways Affected In Adenoid Cystic Carcinoma WP3651,WikiPathways_2024_Human,0.82681841149043,Upregulated,0.9453564586897958,9/35,17.55%
Replication Fork Processing (GO:0031297),GO_Biological_Process_2025,0.8260777470417348,Upregulated,0.9462520876707994,9/28,20.56%
Telomere C-strand (Lagging Strand) Synthesis R-HSA-174417,Reactome_2022,0.8258663663365144,Upregulated,0.9460556887617644,9/21,34.60%
Positive Regulation of Cell Division (GO:0051781),GO_Biological_Process_2025,0.8257995995064904,Upregulated,0.9456058614735428,7/19,25.42%
Zinc Homeostasis WP3529,WikiPathways_2024_Human,0.8250153655496615,Upregulated,0.9465900970387232,3/16,12.91%
Apical Junction Assembly (GO:0043297),GO_Biological_Process_2025,0.8250079750318617,Upregulated,0.9460195124101394,7/19,22.26%
Regulatory RNA Binding (GO:0061980),GO_Molecular_Function_2025,0.8248583682865285,Upregulated,0.9457448013068496,5/25,16.78%
ER-Phagosome Pathway R-HSA-1236974,Reactome_2022,0.8228420498265637,Upregulated,0.949175784831643,26/57,30.18%
Budding And Maturation Of HIV Virion R-HSA-162588,Reactome_2022,0.821886086737715,Upregulated,0.950448719936866,2/20,8.55%
Porphyrin-Containing Compound Biosynthetic Process (GO:0006779),GO_Biological_Process_2025,0.8208645793055636,Upregulated,0.95187483034637,8/17,32.63%
Damaged DNA Binding (GO:0003684),GO_Molecular_Function_2025,0.8203759455046046,Upregulated,0.9522491592712704,13/29,33.23%
Regulation of Gluconeogenesis (GO:0006111),GO_Biological_Process_2025,0.8203264362672553,Upregulated,0.9517580139426254,2/16,4.51%
HATs Acetylate Histones R-HSA-3214847,Reactome_2022,0.8191816230066911,Upregulated,0.9534903047014074,25/64,31.71%
Ubiquitin-Protein Transferase Activity (GO:0004842),GO_Molecular_Function_2025,0.817918068153542,Upregulated,0.9553358722739868,48/158,28.29%
Regulation of Erythrocyte Differentiation (GO:0045646),GO_Biological_Process_2025,0.8177988982207588,Upregulated,0.9550015441929474,10/22,27.22%
Aerobic Respiration (GO:0009060),GO_Biological_Process_2025,0.8172784774079818,Upregulated,0.9554180393112234,7/59,6.11%
Regulation of Protein Secretion (GO:0050708),GO_Biological_Process_2025,0.8172705648896499,Upregulated,0.954843046511554,8/39,15.08%
Negative Regulation of Extrinsic Apoptotic Signaling Pathway (GO:2001237),GO_Biological_Process_2025,0.8167164774281702,Upregulated,0.9553431843490096,6/31,9.02%
Positive Regulation of Translation (GO:0045727),GO_Biological_Process_2025,0.816410744789118,Upregulated,0.955340065044468,10/78,12.01%
Genetic Causes Of Porto Sinusoidal Vascular Disease WP5269,WikiPathways_2024_Human,0.8159949279281761,Upregulated,0.9555450767855044,6/19,23.38%
Regulation of Lipid Biosynthetic Process (GO:0046890),GO_Biological_Process_2025,0.8158992940841804,Upregulated,0.9551279546871254,9/20,27.78%
Regulation of Cytoplasmic Translation (GO:2000765),GO_Biological_Process_2025,0.8153417608835728,Upregulated,0.9555618535960264,4/19,18.68%
Positive Regulation of Ubiquitin-Dependent Protein Catabolic Process (GO:2000060),GO_Biological_Process_2025,0.8143940942102771,Upregulated,0.9568128039159578,11/60,19.34%
Positive Regulation of Protein Import Into Nucleus (GO:0042307),GO_Biological_Process_2025,0.8140707549375351,Upregulated,0.9568299008685176,1/15,1.06%
Positive Regulation of Nitric Oxide Metabolic Process (GO:1904407),GO_Biological_Process_2025,0.8133845104315846,Upregulated,0.9569757938925872,6/16,26.42%
Positive Regulation of Nitric Oxide Biosynthetic Process (GO:0045429),GO_Biological_Process_2025,0.8133845104315846,Upregulated,0.9569757938925872,6/16,26.42%
Insulin Receptor Signaling Cascade R-HSA-74751,Reactome_2022,0.8130208747922115,Upregulated,0.9571009400292416,3/21,4.58%
Establishment of Mitotic Spindle Localization (GO:0040001),GO_Biological_Process_2025,0.8126857574667358,Upregulated,0.9571838095850432,6/21,23.65%
RHO GTPase Cycle R-HSA-9012999,Reactome_2022,0.812518123286015,Upregulated,0.9569241911300496,61/234,24.89%
Neuron Development (GO:0048666),GO_Biological_Process_2025,0.8111357644587848,Upregulated,0.9589402195834218,12/78,13.97%
Response to UV (GO:0009411),GO_Biological_Process_2025,0.8107952349255632,Upregulated,0.9589818639658498,17/57,24.47%
Proteolysis Involved in Protein Catabolic Process (GO:0051603),GO_Biological_Process_2025,0.810607010218732,Upregulated,0.958733525269772,17/49,27.35%
Mitotic G2/M Transition Checkpoint (GO:0044818),GO_Biological_Process_2025,0.8097137443893389,Upregulated,0.9598586736504404,4/26,9.14%
RAF/MAP Kinase Cascade R-HSA-5673001,Reactome_2022,0.8084890667957896,Upregulated,0.9616371368492458,52/132,33.22%
TP53 Regulates Transcription Of Cell Cycle Genes R-HSA-6791312,Reactome_2022,0.8060576068790711,Upregulated,0.9655769226446044,13/36,24.24%
Negative Regulation of Proteolysis Involved in Protein Catabolic Process (GO:1903051),GO_Biological_Process_2025,0.8053584734807189,Upregulated,0.9662731583157798,5/15,23.26%
Establishment of Spindle Orientation (GO:0051294),GO_Biological_Process_2025,0.8048676979848487,Upregulated,0.9666397010178644,6/21,23.65%
Peptidyl-Lysine Modification (GO:0018205),GO_Biological_Process_2025,0.8046149224145646,Upregulated,0.966499927511562,22/41,37.37%
Transcriptional Regulation By RUNX2 R-HSA-8878166,Reactome_2022,0.8043494167079471,Upregulated,0.9663819418671248,27/83,27.32%
DNA replication,KEGG_2021_Human,0.803783722802418,Upregulated,0.9668028011877988,15/30,37.29%
IL-17 signaling pathway,KEGG_2021_Human,0.80356389999624,Upregulated,0.9666353252716112,6/35,10.00%
Negative Regulation of Wnt Signaling Pathway (GO:0030178),GO_Biological_Process_2025,0.8028271704693306,Upregulated,0.9674188523878778,15/65,18.03%
Regulation Of APC/C Activators Between G1/S And Early Anaphase R-HSA-176408,Reactome_2022,0.802410532766305,Upregulated,0.9675628434834784,23/68,27.09%
DNA-templated DNA Replication (GO:0006261),GO_Biological_Process_2025,0.8016811926476786,Upregulated,0.9682975770119304,19/39,37.90%
Leukocyte Cell-Cell Adhesion (GO:0007159),GO_Biological_Process_2025,0.8011503591188336,Upregulated,0.96867499646405,7/15,21.20%
Alzheimer 39 S Disease WP5124,WikiPathways_2024_Human,0.800901002805646,Upregulated,0.9679621860540316,69/175,30.18%
Alzheimer 39 S Disease And miRNA Effects WP2059,WikiPathways_2024_Human,0.800901002805646,Upregulated,0.9679621860540316,69/175,30.18%
Unattached Kinetochores Signal Amplification Via A MAD2 Inhibitory Signal R-HSA-141444,Reactome_2022,0.8005452673395724,Upregulated,0.9680235753538996,8/50,13.76%
Cell Morphogenesis Involved in Neuron Differentiation (GO:0048667),GO_Biological_Process_2025,0.8000177787611473,Upregulated,0.9683877685474322,12/31,29.50%
Membrane Protein Proteolysis (GO:0033619),GO_Biological_Process_2025,0.7995136300217592,Upregulated,0.9687612168000556,5/20,18.29%
Anterograde Axonal Transport (GO:0008089),GO_Biological_Process_2025,0.7992276364413339,Upregulated,0.9686946364820505,4/20,14.50%
Mitochondrial Calcium Ion Transport R-HSA-8949215,Reactome_2022,0.7989820791162783,Upregulated,0.9685409669840884,18/18,73.00%
EML4 And NUDC In Mitotic Spindle Formation R-HSA-9648025,Reactome_2022,0.7980314826376943,Upregulated,0.9696230255090552,8/51,13.76%
Regulation of Organelle Organization (GO:0033043),GO_Biological_Process_2025,0.797922127926277,Upregulated,0.9692222975603838,19/67,24.33%
Cilium Organization (GO:0044782),GO_Biological_Process_2025,0.7975061425137392,Upregulated,0.9693827963920048,26/118,25.47%
Aortic Valve Development (GO:0003176),GO_Biological_Process_2025,0.795816127070142,Upregulated,0.9716832585155016,8/18,23.36%
Negative Regulation of Ubiquitin-Dependent Protein Catabolic Process (GO:2000059),GO_Biological_Process_2025,0.7947338276031796,Upregulated,0.972989791917506,9/28,24.45%
Cellular Response to Chemical Stress (GO:0062197),GO_Biological_Process_2025,0.7941513470190762,Upregulated,0.9734365470942852,12/59,18.03%
MAPK1/MAPK3 Signaling R-HSA-5684996,Reactome_2022,0.7922834130700372,Upregulated,0.9759522197511412,52/133,33.22%
Purine Metabolism And Related Disorders WP4224,WikiPathways_2024_Human,0.7919440013328596,Upregulated,0.975950509764617,7/18,26.36%
Metabolic Reprogramming In Colon Cancer WP4290,WikiPathways_2024_Human,0.7905726679665003,Upregulated,0.97770131479974,7/34,14.29%
Establishment of Protein Localization to Mitochondrial Membrane (GO:0090151),GO_Biological_Process_2025,0.7900764522745353,Upregulated,0.9779550477813356,5/19,20.79%
Transcriptional Regulation Of White Adipocyte Differentiation R-HSA-381340,Reactome_2022,0.7890975963258111,Upregulated,0.9790269784698769,13/58,18.40%
Positive Regulation of Nucleocytoplasmic Transport (GO:0046824),GO_Biological_Process_2025,0.7888994277390036,Upregulated,0.9787857794046444,2/25,5.72%
Negative Regulation Of NOTCH4 Signaling R-HSA-9604323,Reactome_2022,0.787683918300884,Upregulated,0.9802533537273932,18/47,28.76%
Protein Polymerization (GO:0051258),GO_Biological_Process_2025,0.7869694612094172,Upregulated,0.980878812198838,8/28,25.47%
Transcriptional Activity Of SMAD2/SMAD3:SMAD4 Heterotrimer R-HSA-2173793,Reactome_2022,0.7865600440032913,Upregulated,0.9810229214084996,4/28,11.97%
Protein Acetylation (GO:0006473),GO_Biological_Process_2025,0.7864691930480017,Upregulated,0.9805830869717314,6/21,20.37%
Regulation of DNA Biosynthetic Process (GO:2000278),GO_Biological_Process_2025,0.7857717963064793,Upregulated,0.981178461100567,7/16,28.04%
Platelet Alpha Granule Lumen (GO:0031093),GO_Cellular_Component_2025,0.785752405965174,Upregulated,0.9806268268926184,7/19,21.14%
Cell-Cell Communication R-HSA-1500931,Reactome_2022,0.7856015557280592,Upregulated,0.9802995039224996,17/44,23.93%
Phosphatidylinositol Binding (GO:0035091),GO_Molecular_Function_2025,0.785136798774842,Upregulated,0.9804695028215455,7/69,6.80%
Regulation of Protein Ubiquitination (GO:0031396),GO_Biological_Process_2025,0.7843564062700807,Upregulated,0.9812240533564376,17/69,23.88%
Regulation of Cardiac Muscle Contraction (GO:0055117),GO_Biological_Process_2025,0.7841766720636008,Upregulated,0.9809263174406384,2/17,2.77%
Regulation of Extrinsic Apoptotic Signaling Pathway (GO:2001236),GO_Biological_Process_2025,0.7836450451100238,Upregulated,0.9812245926658576,5/23,10.25%
Mitotic Spindle Organization (GO:0007052),GO_Biological_Process_2025,0.7828210774599011,Upregulated,0.9820509840444148,11/40,24.89%
Regulation of Notch Signaling Pathway (GO:0008593),GO_Biological_Process_2025,0.7827709261451407,Upregulated,0.9815392989352416,16/40,32.93%
Exocytic Vesicle Membrane (GO:0099501),GO_Cellular_Component_2025,0.7823886040435835,Upregulated,0.9809860681654649,4/29,8.14%
Synaptic Vesicle Membrane (GO:0030672),GO_Cellular_Component_2025,0.7823886040435835,Upregulated,0.9809860681654649,4/29,8.14%
Signaling By EGFR R-HSA-177929,Reactome_2022,0.7812075667130695,Upregulated,0.9823582510823504,9/27,23.09%
Positive Regulation of Innate Immune Response (GO:0045089),GO_Biological_Process_2025,0.7811832252161284,Upregulated,0.9818244870821276,4/19,16.05%
Regulation of JNK Cascade (GO:0046328),GO_Biological_Process_2025,0.7811506910793821,Upregulated,0.9812906794302112,13/46,21.55%
ATPase Binding (GO:0051117),GO_Molecular_Function_2025,0.7802269052612336,Upregulated,0.9822215585619573,16/39,28.77%
Response to Amino Acid Starvation (GO:1990928),GO_Biological_Process_2025,0.7778252133888199,Upregulated,0.9855524118450664,5/34,13.18%
Double-Strand Break Repair via Homologous Recombination (GO:0000724),GO_Biological_Process_2025,0.777555727452167,Upregulated,0.9854256473873816,28/64,33.23%
Inositol Phosphate Metabolic Process (GO:0043647),GO_Biological_Process_2025,0.7759052123770671,Upregulated,0.9874539142696516,8/19,22.60%
Negative Regulation of Protein Serine/Threonine Kinase Activity (GO:0071901),GO_Biological_Process_2025,0.7746457744269232,Upregulated,0.9888273917118192,5/21,16.57%
Regulation of Cell Cycle Process (GO:0010564),GO_Biological_Process_2025,0.7741938292736049,Upregulated,0.9889494156310552,19/84,23.00%
HCMV Late Events R-HSA-9610379,Reactome_2022,0.7735869373058991,Upregulated,0.9893311255066836,14/50,24.96%
Transcription by RNA Polymerase II (GO:0006366),GO_Biological_Process_2025,0.7731936379633347,Upregulated,0.9893445075453046,52/147,31.87%
Hemopoiesis (GO:0030097),GO_Biological_Process_2025,0.7722649408907148,Upregulated,0.9901992954677326,20/50,31.22%
Actin Polymerization or Depolymerization (GO:0008154),GO_Biological_Process_2025,0.771692313884461,Upregulated,0.9905019116685712,12/30,25.47%
Membrane Fusion (GO:0061025),GO_Biological_Process_2025,0.7714522330405996,Upregulated,0.99028843846334,9/18,24.05%
Negative Regulation of Intracellular Signal Transduction (GO:1902532),GO_Biological_Process_2025,0.7706437428269125,Upregulated,0.9909623716365248,47/142,28.29%
RUNX1 Regulates Genes Involved In Megakaryocyte Differentiation And Platelet Function R-HSA-8936459,Reactome_2022,0.7704665483445906,Upregulated,0.9906544846011212,12/26,25.51%
RMTs Methylate Histone Arginines R-HSA-3214858,Reactome_2022,0.7697814651637348,Upregulated,0.9911097535616692,8/22,25.51%
Protein Processing (GO:0016485),GO_Biological_Process_2025,0.7690900006036376,Upregulated,0.991550342627893,31/71,31.01%
Regulation of Mitotic Cell Cycle Phase Transition (GO:1901990),GO_Biological_Process_2025,0.7685575820440292,Upregulated,0.9917642671353214,13/53,24.20%
Regulation of Cytokinesis (GO:0032465),GO_Biological_Process_2025,0.76842263761022,Upregulated,0.9913826416219432,15/39,32.20%
SCF-beta-TrCP Mediated Degradation Of Emi1 R-HSA-174113,Reactome_2022,0.7683246331729987,Upregulated,0.9909402905366236,18/48,28.76%
"Regulation of DNA Damage Response, Signal Transduction by P53 Class Mediator (GO:0043516)",GO_Biological_Process_2025,0.7669004934298309,Upregulated,0.9925106827886362,3/15,10.12%
Tubulin Binding (GO:0015631),GO_Molecular_Function_2025,0.766750328265924,Upregulated,0.9921675653122902,39/137,29.37%
Signaling By SCF-KIT R-HSA-1433557,Reactome_2022,0.7659817176443562,Upregulated,0.9927683760836232,2/18,4.70%
B Cell Activation (GO:0042113),GO_Biological_Process_2025,0.765434021526172,Upregulated,0.993019058447331,13/29,26.80%
Protein Targeting to Lysosome (GO:0006622),GO_Biological_Process_2025,0.7648884543073198,Upregulated,0.9932453161014648,2/16,3.12%
IL6 Signaling WP364,WikiPathways_2024_Human,0.7645358952689657,Upregulated,0.9931792368890766,4/19,22.52%
Proteasome Degradation WP183,WikiPathways_2024_Human,0.7645207674212322,Upregulated,0.9926198175433516,19/44,28.76%
Motile Cilium (GO:0031514),GO_Cellular_Component_2025,0.7644672327076673,Upregulated,0.992114582581306,11/44,22.34%
Regulation of Cell Motility (GO:2000145),GO_Biological_Process_2025,0.7619590522617052,Upregulated,0.9952182988726056,14/40,24.55%
Joubert Syndrome WP4656,WikiPathways_2024_Human,0.7618329481349053,Upregulated,0.9948110447126908,7/35,20.66%
Vitamin D Sensitive Calcium Signaling In Depression WP4698,WikiPathways_2024_Human,0.7617942250601367,Upregulated,0.9942813688763772,8/26,20.03%
Positive Regulation of Response to Biotic Stimulus (GO:0002833),GO_Biological_Process_2025,0.7617325942819585,Upregulated,0.9937990404334044,4/15,16.05%
ATM Signaling In Development And Disease WP3878,WikiPathways_2024_Human,0.7613273742591801,Upregulated,0.993795619603675,4/27,8.56%
Autodegradation Of Cdh1 By Cdh1:APC/C R-HSA-174084,Reactome_2022,0.7611041609510996,Upregulated,0.9935441696106884,18/53,28.76%
Signaling By FGFR2 R-HSA-5654738,Reactome_2022,0.7610698648483045,Upregulated,0.9930144722328248,3/38,4.26%
Diseases Of DNA Repair R-HSA-9675135,Reactome_2022,0.7597535711758849,Upregulated,0.9942995155893036,6/26,18.95%
Endoderm Differentiation WP2853,WikiPathways_2024_Human,0.7596796752306482,Upregulated,0.9938345577158444,25/72,29.58%
T Cell Differentiation (GO:0030217),GO_Biological_Process_2025,0.759520351499386,Upregulated,0.9934832261856196,6/16,23.40%
HDR Thru Homologous Recombination (HRR) R-HSA-5685942,Reactome_2022,0.7589926080490002,Upregulated,0.9936362324244834,10/40,18.95%
Regulation of Protein Phosphorylation (GO:0001932),GO_Biological_Process_2025,0.7589862413249321,Upregulated,0.9930661651077048,23/65,25.03%
Processing Of DNA Double-Strand Break Ends R-HSA-5693607,Reactome_2022,0.7582411351266096,Upregulated,0.9935685205575092,8/35,18.95%
Recognition Of DNA Damage By PCNA-containing Replication Complex R-HSA-110314,Reactome_2022,0.7577215187122297,Upregulated,0.9936900184687496,6/23,22.67%
Positive Regulation of Protein Ubiquitination (GO:0031398),GO_Biological_Process_2025,0.7569697086098403,Upregulated,0.9942066822192462,10/47,21.31%
Regulation of Canonical Wnt Signaling Pathway (GO:0060828),GO_Biological_Process_2025,0.7568755668364086,Upregulated,0.9937860938791224,21/115,14.76%
Regulation of Proteasomal Ubiquitin-Dependent Protein Catabolic Process (GO:0032434),GO_Biological_Process_2025,0.7552887805847818,Upregulated,0.9954839957471244,12/75,18.03%
Nucleotide Binding Oligomerization Domain NOD Pathway WP1433,WikiPathways_2024_Human,0.7552523705828698,Upregulated,0.9949644995737544,2/19,6.54%
Regulation of Intrinsic Apoptotic Signaling Pathway (GO:2001242),GO_Biological_Process_2025,0.7552468785393003,Upregulated,0.9943959764588716,6/21,17.39%
Spinocerebellar ataxia,KEGG_2021_Human,0.7539962260545948,Upregulated,0.9955542215418676,42/106,28.90%
Endochondral Ossification With Skeletal Dysplasias WP4808,WikiPathways_2024_Human,0.7537465896357517,Upregulated,0.9947547020429992,4/20,10.18%
Endochondral Ossification WP474,WikiPathways_2024_Human,0.7537465896357517,Upregulated,0.9947547020429992,4/20,10.18%
Fcgamma Receptor (FCGR) Dependent Phagocytosis R-HSA-2029480,Reactome_2022,0.7536326775291643,Upregulated,0.994323616800719,20/47,29.18%
Regulation of Mitotic Metaphase/Anaphase Transition (GO:0030071),GO_Biological_Process_2025,0.7535595036108955,Upregulated,0.9938481628281464,7/35,17.89%
Canonical Wnt Signaling Pathway (GO:0060070),GO_Biological_Process_2025,0.7534561135631955,Upregulated,0.9934213971267144,20/41,31.52%
Methylation-Dependent Protein Binding (GO:0140034),GO_Molecular_Function_2025,0.7527984498388777,Upregulated,0.9937919185058016,13/36,29.04%
Signaling By Rho GTPases R-HSA-194315,Reactome_2022,0.7520268480785018,Upregulated,0.9942924290058828,82/333,24.89%
Endosome Transport via Multivesicular Body Sorting Pathway (GO:0032509),GO_Biological_Process_2025,0.7518844099270475,Upregulated,0.9939174924608394,5/16,28.82%
Regulation of Cell Adhesion (GO:0030155),GO_Biological_Process_2025,0.750718935271735,Upregulated,0.9949877628489446,21/56,25.36%
Fanconi Anemia Pathway R-HSA-6783310,Reactome_2022,0.7506402554064575,Upregulated,0.9945392140788708,5/17,18.95%
Negative Regulation of Proteasomal Ubiquitin-Dependent Protein Catabolic Process (GO:0032435),GO_Biological_Process_2025,0.7495308865505845,Upregulated,0.9955191775237036,4/21,12.75%
Axoneme Assembly (GO:0035082),GO_Biological_Process_2025,0.7494923768955045,Upregulated,0.9949854584529428,13/27,35.84%
Regulation of Protein Serine/Threonine Kinase Activity (GO:0071900),GO_Biological_Process_2025,0.7491628050604695,Upregulated,0.9948645713106498,6/36,17.84%
VEGF signaling pathway,KEGG_2021_Human,0.7488261573923477,Upregulated,0.9947490713609002,13/33,26.83%
Positive Regulation of Cellular Component Biogenesis (GO:0044089),GO_Biological_Process_2025,0.747540012055218,Upregulated,0.9959371228804812,17/45,26.09%
Embryonic Organ Morphogenesis (GO:0048562),GO_Biological_Process_2025,0.7473326151891337,Upregulated,0.995640941236366,7/15,33.09%
3'-5'-RNA Exonuclease Activity (GO:0000175),GO_Molecular_Function_2025,0.746692063096676,Upregulated,0.9958893136181468,7/26,23.67%
Activation Of HOX Genes During Differentiation R-HSA-5619507,Reactome_2022,0.7455944251255371,Upregulated,0.9967696622455874,15/42,26.01%
Mitotic Spindle Checkpoint R-HSA-69618,Reactome_2022,0.7454121938212528,Upregulated,0.9964421140213562,9/62,13.76%
"Negative Regulation of Gene Expression, Epigenetic (GO:0045814)",GO_Biological_Process_2025,0.7453395008866271,Upregulated,0.9959802657069138,12/43,25.70%
DNA Replication Initiation (GO:0006270),GO_Biological_Process_2025,0.744913672023713,Upregulated,0.9959612915566454,6/16,31.78%
Organelle Transport Along Microtubule (GO:0072384),GO_Biological_Process_2025,0.7443132170564921,Upregulated,0.9961833020833736,9/28,22.12%
Pyruvate Metabolic Process (GO:0006090),GO_Biological_Process_2025,0.7441991514353173,Upregulated,0.9957641636003196,4/24,12.04%
Positive Regulation of Response to Stimulus (GO:0048584),GO_Biological_Process_2025,0.7438548590114108,Upregulated,0.9956246757129186,10/35,24.57%
Regulation Of PTEN Stability And Activity R-HSA-8948751,Reactome_2022,0.7431929229597749,Upregulated,0.9959116876702844,19/52,28.76%
Positive Regulation of Telomere Maintenance (GO:0032206),GO_Biological_Process_2025,0.7429682207955228,Upregulated,0.9956237272960646,8/33,24.33%
Lagging Strand Synthesis R-HSA-69186,Reactome_2022,0.7412916150050286,Upregulated,0.9972250890686344,9/17,37.29%
Regulation Of RUNX2 Expression And Activity R-HSA-8939902,Reactome_2022,0.7412177561370961,Upregulated,0.9967564416452088,37/61,41.77%
GLI3 Is Processed To GLI3R By Proteasome R-HSA-5610785,Reactome_2022,0.7400831942438051,Upregulated,0.997064274434689,24/52,34.01%
Degradation Of GLI2 By Proteasome R-HSA-5610783,Reactome_2022,0.7400831942438051,Upregulated,0.997064274434689,24/52,34.01%
Regulation of Type I Interferon-Mediated Signaling Pathway (GO:0060338),GO_Biological_Process_2025,0.7392902770231374,Upregulated,0.9975476350159506,16/16,73.81%
RNA Polymerase III Transcription Termination R-HSA-73980,Reactome_2022,0.738565510239981,Upregulated,0.9978869501999824,18/18,74.88%
Peptidase Activator Activity (GO:0016504),GO_Molecular_Function_2025,0.7383665416926158,Upregulated,0.9975542366606523,2/20,3.48%
Positive Regulation of Epithelial to Mesenchymal Transition (GO:0010718),GO_Biological_Process_2025,0.7377875181588244,Upregulated,0.9976998910421347,2/16,5.53%
Oocyte meiosis,KEGG_2021_Human,0.7367955177886146,Upregulated,0.9983723605915584,4/88,1.66%
Nuclear Receptor Binding (GO:0016922),GO_Molecular_Function_2025,0.7367687031235154,Upregulated,0.9978391125719512,32/79,31.76%
Regulation of Nitric Oxide Biosynthetic Process (GO:0045428),GO_Biological_Process_2025,0.7362244285285976,Upregulated,0.9979273810691623,8/22,26.42%
Parkinson 39 S Disease Pathway WP2371,WikiPathways_2024_Human,0.733423825047353,Upregulated,1.0,10/27,26.70%
Negative Regulation of TOR Signaling (GO:0032007),GO_Biological_Process_2025,0.7332198298879656,Upregulated,1.0,7/47,15.11%
Renal cell carcinoma,KEGG_2021_Human,0.7326987448149438,Upregulated,1.0,11/39,22.52%
Beta-Tubulin Binding (GO:0048487),GO_Molecular_Function_2025,0.7316330503031525,Upregulated,1.0,3/15,10.99%
Protein Stabilization (GO:0050821),GO_Biological_Process_2025,0.731358204910312,Upregulated,1.0,15/131,10.85%
"Wnt Signaling Pathway, Planar Cell Polarity Pathway (GO:0060071)",GO_Biological_Process_2025,0.7312297914531393,Upregulated,1.0,11/18,32.27%
DNA Damage Response (GO:0006974),GO_Biological_Process_2025,0.7302812316953265,Upregulated,1.0,64/224,29.44%
Hedgehog Ligand Biogenesis R-HSA-5358346,Reactome_2022,0.7301884564187076,Upregulated,1.0,20/53,27.09%
Ubiquitin Protein Ligase Activity (GO:0061630),GO_Molecular_Function_2025,0.7299146220946164,Upregulated,1.0,37/121,28.29%
Positive Regulation of JNK Cascade (GO:0046330),GO_Biological_Process_2025,0.7298132121441592,Upregulated,1.0,14/34,31.71%
Ubiquitin-Like Protein Ligase Activity (GO:0061659),GO_Molecular_Function_2025,0.7296562327246958,Upregulated,0.9997404603561,37/123,28.29%
Regulation of Mitochondrial Membrane Potential (GO:0051881),GO_Biological_Process_2025,0.7295667357160807,Upregulated,0.9992933057978544,4/17,11.94%
Activation Of ATR In Response To Replication Stress R-HSA-176187,Reactome_2022,0.728938693285564,Upregulated,0.9994604479376016,10/27,32.60%
Positive Regulation of T Cell Activation (GO:0050870),GO_Biological_Process_2025,0.7284727707323526,Upregulated,0.9994353382625152,6/31,17.24%
Negative Regulation of Canonical Wnt Signaling Pathway (GO:0090090),GO_Biological_Process_2025,0.7280058813702618,Upregulated,0.9994160347731864,13/58,18.03%
Negative Regulation of Proteasomal Protein Catabolic Process (GO:1901799),GO_Biological_Process_2025,0.7275089280174127,Upregulated,0.9994621993180076,6/30,14.53%
RNA Polymerase III Transcription Initiation From Type 3 Promoter R-HSA-76071,Reactome_2022,0.7249040443604353,Upregulated,1.0,17/17,74.88%
Negative Regulation of Neuron Apoptotic Process (GO:0043524),GO_Biological_Process_2025,0.7248187249717039,Upregulated,1.0,10/34,20.82%
Mitotic Spindle Assembly Checkpoint Signaling (GO:0007094),GO_Biological_Process_2025,0.7235316889502845,Upregulated,1.0,6/16,22.92%
Mitotic Spindle Checkpoint Signaling (GO:0071174),GO_Biological_Process_2025,0.7235316889502845,Upregulated,1.0,6/16,22.92%
Spindle Assembly Checkpoint Signaling (GO:0071173),GO_Biological_Process_2025,0.7235316889502845,Upregulated,1.0,6/16,22.92%
Positive Regulation of Small GTPase Mediated Signal Transduction (GO:0051057),GO_Biological_Process_2025,0.7228683366821468,Upregulated,1.0,5/16,17.60%
Negative Regulation of Catabolic Process (GO:0009895),GO_Biological_Process_2025,0.7224390951572318,Upregulated,1.0,17/65,23.26%
Regulation of Developmental Growth (GO:0048638),GO_Biological_Process_2025,0.7188257833641085,Upregulated,1.0,8/17,29.35%
Ciliopathies WP4803,WikiPathways_2024_Human,0.7170951312969386,Upregulated,1.0,31/93,36.54%
Transcriptional Regulation By TP53 R-HSA-3700989,Reactome_2022,0.716970133105947,Upregulated,1.0,42/241,17.89%
Positive Regulation of Protein Binding (GO:0032092),GO_Biological_Process_2025,0.7166870165351559,Upregulated,1.0,6/16,33.96%
Homology Directed Repair R-HSA-5693538,Reactome_2022,0.7164928796511658,Upregulated,1.0,14/59,18.95%
15Q11Q13 Copy Number Variation WP5407,WikiPathways_2024_Human,0.7160377762960433,Upregulated,1.0,8/34,20.30%
pre-mRNA Binding (GO:0036002),GO_Molecular_Function_2025,0.7155675292647052,Upregulated,1.0,5/21,15.96%
Regulation of Mitotic Spindle Organization (GO:0060236),GO_Biological_Process_2025,0.7147305116861205,Upregulated,1.0,4/21,17.07%
Mitochondrial Immune Response To SARS CoV 2 WP5038,WikiPathways_2024_Human,0.7144385246701299,Upregulated,1.0,8/17,31.10%
Fas Ligand Pathway And Stress Induction Of Heat Shock Proteins WP314,WikiPathways_2024_Human,0.7143747965697822,Upregulated,1.0,5/26,13.12%
Transcriptional Regulation By AP-2 (TFAP2) Family Of Transcription Factors R-HSA-8864260,Reactome_2022,0.7110578177132385,Upregulated,1.0,10/19,30.57%
Signaling By Erythropoietin R-HSA-9006335,Reactome_2022,0.7101194436086219,Upregulated,1.0,7/16,26.83%
Regulation of Protein Catabolic Process (GO:0042176),GO_Biological_Process_2025,0.709449840905337,Upregulated,1.0,20/75,23.66%
GPCRs Other WP117,WikiPathways_2024_Human,0.7082283082609998,Upregulated,1.0,7/21,25.39%
Regulation of Cell Cycle Phase Transition (GO:1901987),GO_Biological_Process_2025,0.7081428241137715,Upregulated,1.0,2/20,10.60%
Neutrophil extracellular trap formation,KEGG_2021_Human,0.7077334496536407,Upregulated,1.0,19/56,26.83%
Embryonic Heart Tube Morphogenesis (GO:0003143),GO_Biological_Process_2025,0.70673663313444,Upregulated,1.0,7/19,23.39%
mTORC1-mediated Signaling R-HSA-166208,Reactome_2022,0.7064414141395052,Upregulated,1.0,5/20,18.08%
Hedgehog Off State R-HSA-5610787,Reactome_2022,0.70449211024101,Upregulated,1.0,23/73,27.09%
Iron-Sulfur Cluster Binding (GO:0051536),GO_Molecular_Function_2025,0.7036466902138051,Upregulated,1.0,2/24,3.62%
Determination of Heart Left/Right Asymmetry (GO:0061371),GO_Biological_Process_2025,0.7033543195321811,Upregulated,1.0,5/18,16.24%
Heart Looping (GO:0001947),GO_Biological_Process_2025,0.7033543195321811,Upregulated,1.0,5/18,16.24%
Regulation of Cell Division (GO:0051302),GO_Biological_Process_2025,0.7024166911644968,Upregulated,1.0,19/51,32.20%
"Phosphatidylinositol-3,4,5-Trisphosphate Binding (GO:0005547)",GO_Molecular_Function_2025,0.7013465314758699,Upregulated,1.0,7/17,30.01%
Actinin Binding (GO:0042805),GO_Molecular_Function_2025,0.7013305698489163,Upregulated,1.0,3/16,6.59%
Regulation of Fat Cell Differentiation (GO:0045598),GO_Biological_Process_2025,0.7011537249325817,Upregulated,1.0,17/45,29.59%
Ubiquitin Binding (GO:0043130),GO_Molecular_Function_2025,0.7002769614856778,Upregulated,1.0,13/48,23.66%
Positive Regulation of Protein Targeting to Mitochondrion (GO:1903955),GO_Biological_Process_2025,0.6996207911856728,Upregulated,1.0,3/21,10.21%
DNA Metabolic Process (GO:0006259),GO_Biological_Process_2025,0.6992760800209261,Upregulated,1.0,45/157,29.46%
DNA Replication (GO:0006260),GO_Biological_Process_2025,0.6987446838942157,Upregulated,1.0,20/45,37.29%
"Phosphatidylinositol-4,5-Bisphosphate Binding (GO:0005546)",GO_Molecular_Function_2025,0.6974087904004065,Upregulated,1.0,16/41,26.84%
Protein Localization to Lysosome (GO:0061462),GO_Biological_Process_2025,0.6973394566613771,Upregulated,1.0,2/20,3.12%
Polyol Metabolic Process (GO:0019751),GO_Biological_Process_2025,0.6968215614757588,Upregulated,1.0,6/16,22.59%
Positive Regulation of Organelle Organization (GO:0010638),GO_Biological_Process_2025,0.6965990371583822,Upregulated,1.0,11/43,21.95%
Cellular Response to Estradiol Stimulus (GO:0071392),GO_Biological_Process_2025,0.6961533994978144,Upregulated,1.0,7/16,25.51%
Regulation of Actin Cytoskeleton Organization (GO:0032956),GO_Biological_Process_2025,0.694119360317882,Upregulated,1.0,15/47,22.97%
Negative Regulation of Organelle Organization (GO:0010639),GO_Biological_Process_2025,0.6920976727029609,Upregulated,1.0,10/23,28.01%
Endocytic Recycling (GO:0032456),GO_Biological_Process_2025,0.6918501424587186,Upregulated,1.0,5/42,9.82%
Nuclease Activity (GO:0004518),GO_Molecular_Function_2025,0.6906942466798741,Upregulated,1.0,8/29,24.47%
Acrosomal Vesicle (GO:0001669),GO_Cellular_Component_2025,0.688426897574107,Upregulated,1.0,4/29,7.04%
Regulation of Microtubule Polymerization (GO:0031113),GO_Biological_Process_2025,0.6863829937439033,Upregulated,1.0,9/25,29.36%
Antiviral Innate Immune Response (GO:0140374),GO_Biological_Process_2025,0.6858458557815754,Upregulated,1.0,9/27,24.52%
mRNA Transport (GO:0051028),GO_Biological_Process_2025,0.6856820019268007,Upregulated,1.0,8/38,19.66%
Host Interactions Of HIV Factors R-HSA-162909,Reactome_2022,0.6856753128637236,Upregulated,1.0,30/100,25.75%
Negative Regulation of Mitotic Metaphase/Anaphase Transition (GO:0045841),GO_Biological_Process_2025,0.684995618621518,Upregulated,1.0,6/17,22.92%
Muscle Cell Differentiation (GO:0042692),GO_Biological_Process_2025,0.6848206055135773,Upregulated,1.0,9/20,32.64%
TP53 Regulates Transcription Of Genes Involved In G2 Cell Cycle Arrest R-HSA-6804114,Reactome_2022,0.6846521684341382,Upregulated,1.0,3/16,8.66%
G2/M Checkpoints R-HSA-69481,Reactome_2022,0.6841600692061488,Upregulated,1.0,37/95,33.22%
Sperm Flagellum (GO:0036126),GO_Cellular_Component_2025,0.6811517816387436,Upregulated,1.0,16/58,29.22%
10Q11 21Q11 23 Copy Number Variation Syndrome WP5352,WikiPathways_2024_Human,0.6807683142283671,Upregulated,1.0,4/27,13.16%
Deadenylation Of mRNA R-HSA-429947,Reactome_2022,0.6796832897026989,Upregulated,1.0,4/17,15.76%
ISG15 Antiviral Mechanism R-HSA-1169408,Reactome_2022,0.6777959979953702,Upregulated,1.0,17/54,26.83%
Mitotic Anaphase R-HSA-68882,Reactome_2022,0.6775312902679648,Upregulated,1.0,42/152,24.96%
JAK-STAT signaling pathway,KEGG_2021_Human,0.6756039958681259,Upregulated,1.0,9/32,22.52%
Methylated Histone Binding (GO:0035064),GO_Molecular_Function_2025,0.6753273066763987,Upregulated,1.0,12/34,29.04%
Regulation of Interferon-Beta Production (GO:0032648),GO_Biological_Process_2025,0.6747831604366625,Upregulated,1.0,3/18,15.50%
Purine Ribonucleotide Biosynthetic Process (GO:0009152),GO_Biological_Process_2025,0.6743757930480673,Upregulated,1.0,10/24,30.34%
Cellular Respiration (GO:0045333),GO_Biological_Process_2025,0.6740438652222391,Upregulated,1.0,5/57,6.11%
Costimulation By CD28 Family R-HSA-388841,Reactome_2022,0.6706365312832302,Upregulated,1.0,5/23,22.52%
Post-Transcriptional Gene Silencing (GO:0016441),GO_Biological_Process_2025,0.6706322951005798,Upregulated,1.0,3/16,15.94%
Spindle (GO:0005819),GO_Cellular_Component_2025,0.669830504976823,Upregulated,1.0,28/120,23.88%
Microtubule Cytoskeleton Regulation WP2038,WikiPathways_2024_Human,0.6683488219875059,Upregulated,1.0,6/21,22.12%
mRNA 3'-End Processing (GO:0031124),GO_Biological_Process_2025,0.6681998689609148,Upregulated,1.0,24/24,78.27%
Mitotic Metaphase And Anaphase R-HSA-2555396,Reactome_2022,0.6677563458022278,Upregulated,1.0,42/153,24.96%
Aberrant Regulation Of Mitotic Exit In Cancer Due To RB1 Defects R-HSA-9687136,Reactome_2022,0.6672929885550172,Upregulated,1.0,2/15,8.65%
Single-Stranded DNA Helicase Activity (GO:0017116),GO_Molecular_Function_2025,0.6671997632643375,Upregulated,1.0,8/18,38.47%
Nucleobase-Containing Compound Metabolic Process (GO:0006139),GO_Biological_Process_2025,0.6660928798744393,Upregulated,1.0,6/22,24.90%
Pre-NOTCH Transcription And Translation R-HSA-1912408,Reactome_2022,0.6659560818019928,Upregulated,1.0,7/18,28.96%
Transcription Factor TFTC Complex (GO:0033276),GO_Cellular_Component_2025,0.6654321100039134,Upregulated,1.0,16/16,76.51%
EGFR Downregulation R-HSA-182971,Reactome_2022,0.6650071461833476,Upregulated,1.0,6/17,23.09%
Mitochondrial Intermembrane Space (GO:0005758),GO_Cellular_Component_2025,0.6649620687061716,Upregulated,1.0,8/45,18.30%
Recombinational Repair (GO:0000725),GO_Biological_Process_2025,0.6641732711314928,Upregulated,1.0,23/51,34.28%
Regulation of Smoothened Signaling Pathway (GO:0008589),GO_Biological_Process_2025,0.6634789856003186,Upregulated,1.0,10/31,27.35%
Regulation of Rho Protein Signal Transduction (GO:0035023),GO_Biological_Process_2025,0.6611709102729597,Upregulated,1.0,13/39,31.57%
Protein Serine/Threonine Kinase Activator Activity (GO:0043539),GO_Molecular_Function_2025,0.6610601957046957,Upregulated,1.0,10/36,26.04%
Protein Kinase Activator Activity (GO:0030295),GO_Molecular_Function_2025,0.6603936134200821,Upregulated,1.0,13/47,23.59%
Protein Localization to Chromosome (GO:0034502),GO_Biological_Process_2025,0.6599277802578726,Upregulated,1.0,7/26,24.16%
Positive Regulation of Erythrocyte Differentiation (GO:0045648),GO_Biological_Process_2025,0.6581691882580281,Upregulated,1.0,4/16,16.29%
Response to Gamma Radiation (GO:0010332),GO_Biological_Process_2025,0.6569649363880947,Upregulated,1.0,6/16,33.45%
RNA Export From Nucleus (GO:0006405),GO_Biological_Process_2025,0.6558230806999443,Upregulated,1.0,11/45,19.66%
DNA IR Damage And Cellular Response Via ATR WP4016,WikiPathways_2024_Human,0.6554072894192041,Upregulated,1.0,12/41,28.21%
AGE RAGE Pathway WP2324,WikiPathways_2024_Human,0.6553457066570745,Upregulated,1.0,10/35,22.12%
Translesion Synthesis By Y Family DNA Polymerases Bypasses Lesions On DNA Template R-HSA-110313,Reactome_2022,0.6550411660779433,Upregulated,1.0,12/27,37.88%
Heme Biosynthetic Process (GO:0006783),GO_Biological_Process_2025,0.6548233842869225,Upregulated,1.0,7/16,32.63%
Positive Regulation of Protein Serine/Threonine Kinase Activity (GO:0071902),GO_Biological_Process_2025,0.6547778496658555,Upregulated,1.0,8/24,24.79%
Protein Polyubiquitination (GO:0000209),GO_Biological_Process_2025,0.6542282923383612,Upregulated,1.0,32/107,28.68%
Mineral absorption,KEGG_2021_Human,0.6539527947830929,Upregulated,1.0,3/27,8.21%
Epigenetic Regulation of Gene Expression (GO:0040029),GO_Biological_Process_2025,0.653029456226667,Upregulated,1.0,16/35,38.80%
Regulation of Oxidative Stress-Induced Intrinsic Apoptotic Signaling Pathway (GO:1902175),GO_Biological_Process_2025,0.6511856364103282,Upregulated,1.0,3/15,11.94%
Asymmetric Localization Of PCP Proteins R-HSA-4608870,Reactome_2022,0.6498970708897833,Upregulated,1.0,23/53,34.01%
Regulation of TORC1 Signaling (GO:1903432),GO_Biological_Process_2025,0.6493219010039053,Upregulated,1.0,9/64,15.11%
Transcription Factor TFIID Complex (GO:0005669),GO_Cellular_Component_2025,0.6475567104497486,Upregulated,1.0,23/40,36.03%
mRNA Processing WP411,WikiPathways_2024_Human,0.6475154635780932,Upregulated,1.0,17/100,16.79%
tRNA Binding (GO:0000049),GO_Molecular_Function_2025,0.6473520398721944,Upregulated,1.0,5/34,11.25%
Central Nervous System Neuron Differentiation (GO:0021953),GO_Biological_Process_2025,0.6448548071369627,Upregulated,1.0,11/22,31.76%
Effects Of PIP2 Hydrolysis R-HSA-114508,Reactome_2022,0.6402621942682793,Upregulated,1.0,1/16,1.05%
Regulation of DNA Repair (GO:0006282),GO_Biological_Process_2025,0.6398165895368404,Upregulated,1.0,25/86,28.81%
Cristae Formation R-HSA-8949613,Reactome_2022,0.6387486479960208,Upregulated,1.0,19/19,78.20%
Protein K48-linked Ubiquitination (GO:0070936),GO_Biological_Process_2025,0.6361855178082485,Upregulated,1.0,13/42,28.29%
Early Endosome to Late Endosome Transport (GO:0045022),GO_Biological_Process_2025,0.6349041153925192,Upregulated,1.0,5/16,22.93%
Stem Cell Differentiation (GO:0048863),GO_Biological_Process_2025,0.6336711871031161,Upregulated,1.0,7/24,29.50%
Degradation Of Beta-Catenin By Destruction Complex R-HSA-195253,Reactome_2022,0.6324768232383225,Upregulated,1.0,19/62,27.09%
Nuclear-Transcribed mRNA Catabolic Process (GO:0000956),GO_Biological_Process_2025,0.6308396975439164,Upregulated,1.0,14/70,23.67%
Cellular Response to Virus (GO:0098586),GO_Biological_Process_2025,0.6306452325092876,Upregulated,1.0,3/16,15.50%
Downstream Signal Transduction R-HSA-186763,Reactome_2022,0.629850600269098,Upregulated,1.0,11/19,37.66%
Regulation of Type I Interferon Production (GO:0032479),GO_Biological_Process_2025,0.6298168950285292,Upregulated,1.0,3/29,5.76%
Histone Reader Activity (GO:0140566),GO_Molecular_Function_2025,0.6296887169831356,Upregulated,1.0,8/16,40.20%
G Protein-Coupled Peptide Receptor Activity (GO:0008528),GO_Molecular_Function_2025,0.6285742867586176,Upregulated,1.0,30/30,80.98%
Bardet Biedl Syndrome WP5234,WikiPathways_2024_Human,0.6281608980975684,Upregulated,1.0,16/46,36.54%
SWI/SNF Complex (GO:0016514),GO_Cellular_Component_2025,0.6275263386805365,Upregulated,1.0,3/17,17.24%
Plasma Membrane Bounded Cell Projection Morphogenesis (GO:0120039),GO_Biological_Process_2025,0.6275027960489151,Upregulated,1.0,1/23,0.26%
RNA Polymerase II Complex Binding (GO:0000993),GO_Molecular_Function_2025,0.6270077285075703,Upregulated,1.0,9/25,29.47%
Mitochondrial Protein Import R-HSA-1268020,Reactome_2022,0.6253829051925126,Upregulated,1.0,14/42,32.68%
Ubiquitin mediated proteolysis,KEGG_2021_Human,0.6236310642451045,Upregulated,1.0,20/78,28.01%
Transition Metal Ion Transport (GO:0000041),GO_Biological_Process_2025,0.6225517394546817,Upregulated,1.0,3/16,12.90%
SH3 Domain Binding (GO:0017124),GO_Molecular_Function_2025,0.6225023266198341,Upregulated,1.0,6/23,22.52%
Sensory Perception of Sound (GO:0007605),GO_Biological_Process_2025,0.6224440367850655,Upregulated,1.0,7/46,13.89%
Gastric Cancer Network 2 WP2363,WikiPathways_2024_Human,0.6218199587002856,Upregulated,1.0,1/15,4.64%
Pausing And Recovery Of Tat-mediated HIV Elongation R-HSA-167238,Reactome_2022,0.6195266634178163,Upregulated,1.0,5/28,15.90%
Methyltransferase Activity (GO:0008168),GO_Molecular_Function_2025,0.6184612563973279,Upregulated,1.0,12/27,33.26%
TP53 Regulates Transcription Of Additional Cell Cycle Genes With Uncertain Roles In P53 Pathway R-HSA-6804115,Reactome_2022,0.6184318122628749,Upregulated,1.0,15/15,77.56%
Negative Regulation of Epithelial to Mesenchymal Transition (GO:0010719),GO_Biological_Process_2025,0.6176920634788453,Upregulated,1.0,6/27,16.57%
Positive Regulation of Establishment of Protein Localization to Mitochondrion (GO:1903749),GO_Biological_Process_2025,0.6173469397210901,Upregulated,1.0,3/23,10.21%
Formation Of RNA Pol II Elongation Complex R-HSA-112382,Reactome_2022,0.616164857533721,Upregulated,1.0,15/52,28.08%
Amyloid Fiber Formation R-HSA-977225,Reactome_2022,0.6152280282903597,Upregulated,1.0,9/25,27.10%
Cellular Response to Acid Chemical (GO:0071229),GO_Biological_Process_2025,0.6149056604881423,Upregulated,1.0,1/20,1.06%
mRNA Destabilization (GO:0061157),GO_Biological_Process_2025,0.6139124522524778,Upregulated,1.0,6/37,18.33%
Protein Localization to Chromatin (GO:0071168),GO_Biological_Process_2025,0.613857668113507,Upregulated,1.0,6/18,27.27%
Nuclear Pore Complex (NPC) Disassembly R-HSA-3301854,Reactome_2022,0.6128566423527777,Upregulated,1.0,10/31,24.96%
Positive Regulation of Chromosome Organization (GO:2001252),GO_Biological_Process_2025,0.6120008120698979,Upregulated,1.0,2/27,4.44%
Regulation of Postsynapse Organization (GO:0099175),GO_Biological_Process_2025,0.6114640874414281,Upregulated,1.0,3/15,14.69%
Regulation of Peptidyl-Tyrosine Phosphorylation (GO:0050730),GO_Biological_Process_2025,0.6102383961042877,Upregulated,1.0,6/17,21.20%
Nucleosome Assembly (GO:0006334),GO_Biological_Process_2025,0.6087089860693161,Upregulated,1.0,6/22,20.98%
Regulation of Actin Filament Polymerization (GO:0030833),GO_Biological_Process_2025,0.6084599024155507,Upregulated,1.0,12/32,26.89%
Macromolecule Methylation (GO:0043414),GO_Biological_Process_2025,0.6080993531679107,Upregulated,1.0,2/21,8.04%
Endosomal Sorting Complex Required For Transport (ESCRT) R-HSA-917729,Reactome_2022,0.6057309648617983,Upregulated,1.0,2/24,8.55%
Positive Regulation of Protein Localization (GO:1903829),GO_Biological_Process_2025,0.6037651095363759,Upregulated,1.0,2/56,2.43%
Nuclear Chromosome (GO:0000228),GO_Cellular_Component_2025,0.600772897945766,Upregulated,1.0,25/60,36.25%
Rescue of Stalled Ribosome (GO:0072344),GO_Biological_Process_2025,0.5988044187067074,Upregulated,1.0,6/25,23.91%
Nucleosome Organization (GO:0034728),GO_Biological_Process_2025,0.598480213394656,Upregulated,1.0,7/31,20.98%
Telomere Organization (GO:0032200),GO_Biological_Process_2025,0.5978806758737175,Upregulated,1.0,8/29,24.33%
Positive Regulation of Macromolecule Metabolic Process (GO:0010604),GO_Biological_Process_2025,0.5975555476121281,Upregulated,1.0,7/15,29.50%
Regulation of Defense Response (GO:0031347),GO_Biological_Process_2025,0.5974005968844242,Upregulated,1.0,11/33,29.55%
Stress Granule Assembly (GO:0034063),GO_Biological_Process_2025,0.5942552948277758,Upregulated,1.0,9/17,38.85%
Axonal Transport (GO:0098930),GO_Biological_Process_2025,0.5937539950881014,Upregulated,1.0,6/23,27.22%
Response to Amino Acid (GO:0043200),GO_Biological_Process_2025,0.5926871687939997,Upregulated,1.0,1/21,1.06%
Negative Regulation of NF-kappaB Transcription Factor Activity (GO:0032088),GO_Biological_Process_2025,0.5897904550814038,Upregulated,1.0,4/23,16.57%
Protein Destabilization (GO:0031648),GO_Biological_Process_2025,0.586524316285149,Upregulated,1.0,8/27,28.08%
Positive Regulation of DNA Repair (GO:0045739),GO_Biological_Process_2025,0.5856991195492294,Upregulated,1.0,12/53,24.33%
DNA Repair R-HSA-73894,Reactome_2022,0.5806301976275435,Upregulated,1.0,42/167,26.48%
Transcription by RNA Polymerase III (GO:0006383),GO_Biological_Process_2025,0.5805619252166874,Upregulated,1.0,3/18,16.88%
Positive Regulation of Intracellular Protein Transport (GO:0090316),GO_Biological_Process_2025,0.576630347239254,Upregulated,1.0,1/32,1.06%
HIV Elongation Arrest And Recovery R-HSA-167287,Reactome_2022,0.5764786996149419,Upregulated,1.0,5/30,15.90%
Intrinsic Apoptotic Signaling Pathway (GO:0097193),GO_Biological_Process_2025,0.574719426139453,Upregulated,1.0,22/65,30.37%
DNA-templated Transcription (GO:0006351),GO_Biological_Process_2025,0.5742244276546165,Upregulated,1.0,18/130,17.42%
Positive Regulation of Protein Catabolic Process (GO:0045732),GO_Biological_Process_2025,0.5714661270331188,Upregulated,1.0,21/54,30.83%
Ion Channel Inhibitor Activity (GO:0008200),GO_Molecular_Function_2025,0.5713981355024649,Upregulated,1.0,5/22,19.98%
Positive Regulation of Neuron Apoptotic Process (GO:0043525),GO_Biological_Process_2025,0.57026725520606,Upregulated,1.0,13/27,33.96%
Regulation of Multicellular Organismal Development (GO:2000026),GO_Biological_Process_2025,0.5697171948570378,Upregulated,1.0,11/44,24.33%
Apoptotic Execution Phase R-HSA-75153,Reactome_2022,0.5688627981543096,Upregulated,1.0,10/25,28.47%
Gap-filling DNA Repair Synthesis And Ligation In GG-NER R-HSA-5696397,Reactome_2022,0.5679425221487517,Upregulated,1.0,4/20,18.95%
Cell Cycle G2/M Phase Transition (GO:0044839),GO_Biological_Process_2025,0.5649530109004056,Upregulated,1.0,11/25,34.06%
G2/M Transition of Mitotic Cell Cycle (GO:0000086),GO_Biological_Process_2025,0.5649530109004056,Upregulated,1.0,11/25,34.06%
General Transcription Initiation Factor Binding (GO:0140296),GO_Molecular_Function_2025,0.5648384625723313,Upregulated,1.0,2/26,6.54%
RNA Polymerase II Pre-transcription Events R-HSA-674695,Reactome_2022,0.5631435660278993,Upregulated,1.0,20/73,28.08%
Phosphorylation Of APC/C R-HSA-176412,Reactome_2022,0.5630333622244305,Upregulated,1.0,3/15,19.56%
Regulation of Hippo Signaling (GO:0035330),GO_Biological_Process_2025,0.5613973041265957,Upregulated,1.0,6/25,24.89%
Negative Regulation of Cell Cycle Process (GO:0010948),GO_Biological_Process_2025,0.5601978310770004,Upregulated,1.0,4/15,22.35%
Regulatory ncRNA Processing (GO:0070918),GO_Biological_Process_2025,0.5576415081429517,Upregulated,1.0,5/24,19.83%
DNA Double-Strand Break Repair R-HSA-5693532,Reactome_2022,0.5575023234516503,Upregulated,1.0,17/77,22.35%
Endoplasmic Reticulum Organization (GO:0007029),GO_Biological_Process_2025,0.5574927441064701,Upregulated,1.0,10/42,24.06%
Energy Dependent Regulation Of mTOR By LKB1-AMPK R-HSA-380972,Reactome_2022,0.553713643055933,Upregulated,1.0,3/21,15.99%
Mitotic G2-G2/M Phases R-HSA-453274,Reactome_2022,0.5515895315617416,Upregulated,1.0,34/118,28.76%
G2/M Transition R-HSA-69275,Reactome_2022,0.5515895315617416,Upregulated,1.0,34/118,28.76%
MicroRNAs In Cardiomyocyte Hypertrophy WP1544,WikiPathways_2024_Human,0.5471909332199226,Upregulated,1.0,15/45,30.18%
Alpha-Tubulin Binding (GO:0043014),GO_Molecular_Function_2025,0.546660836478055,Upregulated,1.0,2/16,8.16%
Regulation of Epidermal Growth Factor Receptor Signaling Pathway (GO:0042058),GO_Biological_Process_2025,0.544148484572656,Upregulated,1.0,2/16,7.07%
Negative Regulation of Actin Filament Bundle Assembly (GO:0032232),GO_Biological_Process_2025,0.5436590740194064,Upregulated,1.0,8/17,36.30%
SUMOylation Of SUMOylation Proteins R-HSA-4085377,Reactome_2022,0.5429923386097795,Upregulated,1.0,9/30,24.96%
Dendrite Morphogenesis (GO:0048813),GO_Biological_Process_2025,0.5416315200803553,Upregulated,1.0,8/16,32.11%
Positive Regulation of Proteasomal Ubiquitin-Dependent Protein Catabolic Process (GO:0032436),GO_Biological_Process_2025,0.5411074735531011,Upregulated,1.0,7/51,18.03%
PCNA-Dependent Long Patch Base Excision Repair R-HSA-5651801,Reactome_2022,0.5396496550158745,Upregulated,1.0,4/16,24.47%
DNA-directed RNA Polymerase Activity (GO:0003899),GO_Molecular_Function_2025,0.5388208143661666,Upregulated,1.0,6/25,23.42%
protein-DNA Complex Assembly (GO:0065004),GO_Biological_Process_2025,0.5371416515078188,Upregulated,1.0,5/24,16.46%
Regulation of Neuron Apoptotic Process (GO:0043523),GO_Biological_Process_2025,0.5364656385267745,Upregulated,1.0,26/63,33.96%
Regulation of Protein Targeting to Mitochondrion (GO:1903214),GO_Biological_Process_2025,0.5353658436586732,Upregulated,1.0,3/27,10.21%
DNA Repair (GO:0006281),GO_Biological_Process_2025,0.534925767088093,Upregulated,1.0,53/159,33.04%
SUMOylation Of Ubiquitinylation Proteins R-HSA-3232142,Reactome_2022,0.534196074122476,Upregulated,1.0,9/29,24.96%
Organelle Biogenesis And Maintenance R-HSA-1852241,Reactome_2022,0.5328677164067618,Upregulated,1.0,32/159,26.26%
Regulation of Glycolytic Process (GO:0006110),GO_Biological_Process_2025,0.5276354428062059,Upregulated,1.0,11/25,36.67%
HIV Infection R-HSA-162906,Reactome_2022,0.5241276922362058,Upregulated,1.0,47/182,27.64%
Transport Of SLBP Independent Mature mRNA R-HSA-159227,Reactome_2022,0.5210720828372629,Upregulated,1.0,9/30,24.96%
Termination Of Translesion DNA Synthesis R-HSA-5656169,Reactome_2022,0.52036424968703,Upregulated,1.0,9/21,37.88%
Positive Regulation of Lamellipodium Assembly (GO:0010592),GO_Biological_Process_2025,0.5183750177904461,Upregulated,1.0,7/19,26.73%
Transport Of SLBP Dependant Mature mRNA R-HSA-159230,Reactome_2022,0.5146681231721861,Upregulated,1.0,9/31,24.96%
Cohesin Complex Cornelia De Lange Syndrome WP5117,WikiPathways_2024_Human,0.5146153541703001,Upregulated,1.0,24/24,83.63%
APC/C:Cdc20 Mediated Degradation Of Cyclin B R-HSA-174048,Reactome_2022,0.5130126235798282,Upregulated,1.0,3/18,19.56%
NS1 Mediated Effects On Host Pathways R-HSA-168276,Reactome_2022,0.5099432290817564,Upregulated,1.0,11/38,26.68%
5'-3' RNA Polymerase Activity (GO:0034062),GO_Molecular_Function_2025,0.5097896302031028,Upregulated,1.0,6/26,23.42%
DNA Double Strand Break Response R-HSA-5693606,Reactome_2022,0.50730882440099,Upregulated,1.0,6/26,22.35%
Recruitment And ATM-mediated Phosphorylation Of Repair And Signal Proteins At DNA Double Strand Breaks R-HSA-5693565,Reactome_2022,0.504586255211856,Upregulated,1.0,6/25,22.35%
"Nuclear-Transcribed mRNA Catabolic Process, Nonsense-Mediated Decay (GO:0000184)",GO_Biological_Process_2025,0.5039547632701116,Upregulated,1.0,2/26,8.04%
Transcription Initiation at RNA Polymerase II Promoter (GO:0006367),GO_Biological_Process_2025,0.5033182861192541,Upregulated,1.0,41/99,36.03%
Nuclear Signaling By ERBB4 R-HSA-1251985,Reactome_2022,0.4995797573258561,Upregulated,1.0,1/15,5.49%
Inner Mitochondrial Membrane Organization (GO:0007007),GO_Biological_Process_2025,0.4993632963401009,Upregulated,1.0,4/27,18.16%
RNA Polymerase I Transcription Initiation R-HSA-73762,Reactome_2022,0.4876317912239223,Upregulated,1.0,30/31,77.34%
RNA Nuclease Activity (GO:0004540),GO_Molecular_Function_2025,0.4850631232767225,Upregulated,1.0,5/46,16.49%
Hedgehog Signaling WP4249,WikiPathways_2024_Human,0.4848198996167932,Upregulated,1.0,10/25,32.85%
Telomeric DNA Binding (GO:0042162),GO_Molecular_Function_2025,0.4759438501099657,Upregulated,1.0,8/18,38.47%
3Q29 Copy Number Variation Syndrome WP4906,WikiPathways_2024_Human,0.4683346332296526,Upregulated,1.0,8/30,28.23%
Signaling By ERBB4 R-HSA-1236394,Reactome_2022,0.4659299444042649,Upregulated,1.0,25/25,85.59%
RNA Modification (GO:0009451),GO_Biological_Process_2025,0.4609063370567638,Upregulated,1.0,7/38,23.41%
Regulation of Spindle Assembly (GO:0090169),GO_Biological_Process_2025,0.4580422559698766,Upregulated,1.0,3/17,17.07%
Protein Localization to Cilium (GO:0061512),GO_Biological_Process_2025,0.434689853198302,Upregulated,1.0,5/26,23.90%
Regulation of Tumor Necrosis Factor-Mediated Signaling Pathway (GO:0010803),GO_Biological_Process_2025,0.4331471415441583,Upregulated,1.0,5/28,19.32%
SUMOylation Of DNA Replication Proteins R-HSA-4615885,Reactome_2022,0.4316234377710484,Upregulated,1.0,9/33,24.96%
Inhibition Of DNA Recombination At Telomere R-HSA-9670095,Reactome_2022,0.4264562829802349,Upregulated,1.0,2/15,11.90%
Regulation of Ubiquitin Protein Ligase Activity (GO:1904666),GO_Biological_Process_2025,0.4075338676549744,Upregulated,1.0,8/15,38.68%
RND1 GTPase Cycle R-HSA-9696273,Reactome_2022,0.3977932032724157,Upregulated,1.0,9/20,34.21%
HIV Life Cycle R-HSA-162587,Reactome_2022,0.3963029713241587,Upregulated,0.9995971571127088,26/123,27.64%
Transport Along Microtubule (GO:0010970),GO_Biological_Process_2025,-0.3869103962857964,Downregulated,0.999752184365185,16/16,86.28%
Dual Incision In GG-NER R-HSA-5696400,Reactome_2022,-0.399982593370293,Downregulated,1.0,8/31,28.86%
"RNA Endonuclease Activity, Producing 5'-Phosphomonoesters (GO:0016891)",GO_Molecular_Function_2025,-0.4066752120599986,Downregulated,1.0,6/16,38.35%
Microtubule Polymerization (GO:0046785),GO_Biological_Process_2025,-0.4099914848777269,Downregulated,1.0,6/19,37.51%
Vacuolar Transport (GO:0007034),GO_Biological_Process_2025,-0.4189506810295084,Downregulated,1.0,4/30,15.56%
RNA Polymerase I Transcription R-HSA-73864,Reactome_2022,-0.4245209782275908,Downregulated,1.0,34/36,74.72%
RNA Polymerase I Promoter Clearance R-HSA-73854,Reactome_2022,-0.4245209782275908,Downregulated,1.0,34/36,74.72%
Translesion Synthesis By POLH R-HSA-110320,Reactome_2022,-0.4286614813868051,Downregulated,1.0,17/17,85.02%
Formation Of Incision Complex In GG-NER R-HSA-5696395,Reactome_2022,-0.4345710330553158,Downregulated,1.0,9/31,28.56%
Late Phase Of HIV Life Cycle R-HSA-162599,Reactome_2022,-0.4380146689469744,Downregulated,1.0,36/117,33.60%
APC-Cdc20 Mediated Degradation Of Nek2A R-HSA-179409,Reactome_2022,-0.4493001285927708,Downregulated,1.0,3/19,17.96%
Memory (GO:0007613),GO_Biological_Process_2025,-0.4712055204572091,Downregulated,1.0,8/28,29.86%
Transport Of Ribonucleoproteins Into Host Nucleus R-HSA-168271,Reactome_2022,-0.4744512353753697,Downregulated,1.0,4/32,16.62%
Inactivation Of APC/C Via Direct Inhibition Of APC/C Complex R-HSA-141430,Reactome_2022,-0.4760369745209494,Downregulated,1.0,3/16,17.96%
Basal RNA Polymerase II Transcription Machinery Binding (GO:0001099),GO_Molecular_Function_2025,-0.4763446504526931,Downregulated,1.0,8/27,29.54%
Resolution Of AP Sites Via Multiple-Nucleotide Patch Replacement Pathway R-HSA-110373,Reactome_2022,-0.478082839763956,Downregulated,1.0,2/18,9.39%
Interactions Of Rev With Host Cellular Proteins R-HSA-177243,Reactome_2022,-0.4788698676758588,Downregulated,1.0,5/33,19.85%
Signaling By FGFR1 In Disease R-HSA-5655302,Reactome_2022,-0.4948485920858624,Downregulated,1.0,15/15,82.47%
Nuclear Estrogen Receptor Binding (GO:0030331),GO_Molecular_Function_2025,-0.4953760815600838,Downregulated,1.0,6/22,26.42%
Base Excision Repair R-HSA-73884,Reactome_2022,-0.4958233053107975,Downregulated,1.0,8/27,28.86%
RND2 GTPase Cycle R-HSA-9696270,Reactome_2022,-0.4977375452607298,Downregulated,1.0,11/22,41.46%
Regulation Of TP53 Activity Thru Acetylation R-HSA-6804758,Reactome_2022,-0.498046914448057,Downregulated,1.0,2/17,16.36%
NEP/NS2 Interacts With Cellular Export Machinery R-HSA-168333,Reactome_2022,-0.5002077101584094,Downregulated,1.0,4/31,16.62%
Nuclear Import Of Rev Protein R-HSA-180746,Reactome_2022,-0.5075277767870745,Downregulated,1.0,5/30,19.85%
Positive Regulation of Organelle Assembly (GO:1902117),GO_Biological_Process_2025,-0.5093524394907414,Downregulated,1.0,32/32,85.27%
TNF Signaling R-HSA-75893,Reactome_2022,-0.5125691509706373,Downregulated,1.0,9/18,41.17%
RNA Catabolic Process (GO:0006401),GO_Biological_Process_2025,-0.5128827815152942,Downregulated,1.0,13/53,27.91%
Hedgehog signaling pathway,KEGG_2021_Human,-0.5166727372591597,Downregulated,1.0,13/32,35.41%
RNA polymerase,KEGG_2021_Human,-0.5173529863276839,Downregulated,1.0,13/26,40.45%
Mitochondrial Transport (GO:0006839),GO_Biological_Process_2025,-0.5198263215512775,Downregulated,1.0,11/26,35.49%
Nucleus Organization (GO:0006997),GO_Biological_Process_2025,-0.520431019254191,Downregulated,1.0,2/32,5.01%
Negative Regulation of Hippo Signaling (GO:0035331),GO_Biological_Process_2025,-0.5224936233614321,Downregulated,1.0,9/16,45.30%
Nuclear Transport (GO:0051169),GO_Biological_Process_2025,-0.523091620878396,Downregulated,1.0,4/31,16.62%
tRNA Metabolic Process (GO:0006399),GO_Biological_Process_2025,-0.5252458329309242,Downregulated,1.0,16/16,81.51%
Acute Viral Myocarditis WP4298,WikiPathways_2024_Human,-0.5260672826010423,Downregulated,1.0,17/34,38.47%
DNA-templated Transcription Initiation (GO:0006352),GO_Biological_Process_2025,-0.5261198022142188,Downregulated,1.0,22/45,40.45%
Listeria Monocytogenes Entry Into Host Cells R-HSA-8876384,Reactome_2022,-0.5305926089043437,Downregulated,1.0,2/15,9.85%
Basal transcription factors,KEGG_2021_Human,-0.5347247382976841,Downregulated,1.0,17/38,39.40%
RNA Polymerase I Promoter Escape R-HSA-73772,Reactome_2022,-0.5367566012605907,Downregulated,1.0,7/24,27.23%
RNA Polymerase III Transcription Initiation R-HSA-76046,Reactome_2022,-0.5370342222868872,Downregulated,1.0,10/22,37.14%
Protein Depolymerization (GO:0051261),GO_Biological_Process_2025,-0.5381107632244849,Downregulated,1.0,6/19,32.29%
Cyclin A/B1/B2 Associated Events During G2/M Transition R-HSA-69273,Reactome_2022,-0.5415216240694865,Downregulated,1.0,20/20,82.24%
Development Of Ureteric Derived Collecting System WP5053,WikiPathways_2024_Human,-0.545011029275509,Downregulated,1.0,5/25,16.50%
Histone H4 Acetyltransferase Activity (GO:0010485),GO_Molecular_Function_2025,-0.545143857602281,Downregulated,1.0,8/16,37.65%
Netrin UNC5B Signaling WP4747,WikiPathways_2024_Human,-0.5468627397194697,Downregulated,1.0,23/23,82.64%
Rev-mediated Nuclear Export Of HIV RNA R-HSA-165054,Reactome_2022,-0.5489449225798352,Downregulated,1.0,5/31,19.85%
"RNA Splicing, via Transesterification Reactions (GO:0000375)",GO_Biological_Process_2025,-0.5579979610510655,Downregulated,1.0,4/22,16.95%
RNA Polymerase III Abortive And Retractive Initiation R-HSA-749476,Reactome_2022,-0.5580338019169645,Downregulated,1.0,14/26,40.45%
PIWI-interacting RNA (piRNA) Biogenesis R-HSA-5601884,Reactome_2022,-0.5595995352268878,Downregulated,1.0,6/23,25.76%
RHOBTB1 GTPase Cycle R-HSA-9013422,Reactome_2022,-0.560188590331161,Downregulated,1.0,8/16,35.08%
Calcium-Mediated Signaling (GO:0019722),GO_Biological_Process_2025,-0.5613748687269722,Downregulated,1.0,24/44,39.07%
Negative Regulation of Cell Projection Organization (GO:0031345),GO_Biological_Process_2025,-0.5614395251345108,Downregulated,1.0,3/22,11.55%
Nucleocytoplasmic Transport (GO:0006913),GO_Biological_Process_2025,-0.5617079826893527,Downregulated,1.0,5/37,16.62%
Nucleotide-Excision Repair (GO:0006289),GO_Biological_Process_2025,-0.5638822537413312,Downregulated,1.0,8/35,22.68%
Sensory Perception of Mechanical Stimulus (GO:0050954),GO_Biological_Process_2025,-0.5652020644033796,Downregulated,1.0,20/43,36.40%
FCGR3A-mediated IL10 Synthesis R-HSA-9664323,Reactome_2022,-0.5657863975088121,Downregulated,1.0,3/16,16.98%
Vpr-mediated Nuclear Import Of PICs R-HSA-180910,Reactome_2022,-0.5672205017296238,Downregulated,1.0,4/29,16.62%
Interactions Of Vpr With Host Cellular Proteins R-HSA-176033,Reactome_2022,-0.5672205017296238,Downregulated,1.0,4/29,16.62%
"Nuclear-Transcribed mRNA Catabolic Process, Deadenylation-Dependent Decay (GO:0000288)",GO_Biological_Process_2025,-0.5692238700087209,Downregulated,1.0,9/26,29.59%
Protein Modification by Small Protein Conjugation (GO:0032446),GO_Biological_Process_2025,-0.570451061196913,Downregulated,1.0,44/164,29.09%
Tau Protein Binding (GO:0048156),GO_Molecular_Function_2025,-0.5713605078160557,Downregulated,1.0,8/25,31.64%
Postmitotic Nuclear Pore Complex (NPC) Reformation R-HSA-9615933,Reactome_2022,-0.5735905812253562,Downregulated,1.0,2/24,5.72%
Response to Ionizing Radiation (GO:0010212),GO_Biological_Process_2025,-0.5740711654836659,Downregulated,1.0,16/39,33.87%
RND3 GTPase Cycle R-HSA-9696264,Reactome_2022,-0.5743757045890082,Downregulated,1.0,7/22,29.85%
Signaling By FGFR3 R-HSA-5654741,Reactome_2022,-0.575353781026557,Downregulated,1.0,3/18,18.28%
Defective TPR May Confer Susceptibility Towards Thyroid Papillary Carcinoma (TPC) R-HSA-5619107,Reactome_2022,-0.5780178767871913,Downregulated,1.0,4/27,16.62%
mRNA Cleavage and Polyadenylation Specificity Factor Complex (GO:0005847),GO_Cellular_Component_2025,-0.5785106728262788,Downregulated,1.0,18/19,69.12%
Regulation of Lamellipodium Assembly (GO:0010591),GO_Biological_Process_2025,-0.5791704087810281,Downregulated,1.0,10/23,31.21%
Regulation of Arp2/3 Complex-Mediated Actin Nucleation (GO:0034315),GO_Biological_Process_2025,-0.5796501468038305,Downregulated,1.0,7/25,31.29%
Ubiquitin-Like Ligase-Substrate Adaptor Activity (GO:1990756),GO_Molecular_Function_2025,-0.58012904545513,Downregulated,1.0,12/35,31.40%
Transcriptional Regulation By Small RNAs R-HSA-5578749,Reactome_2022,-0.581354362284018,Downregulated,1.0,3/41,5.72%
Cellular Response to UV (GO:0034644),GO_Biological_Process_2025,-0.5820667618851039,Downregulated,1.0,10/45,25.75%
Presynaptic Phase Of Homologous DNA Pairing And Strand Exchange R-HSA-5693616,Reactome_2022,-0.5854925102633691,Downregulated,1.0,8/21,30.07%
RNA Polymerase I Transcription Termination R-HSA-73863,Reactome_2022,-0.5885374685673862,Downregulated,1.0,6/20,27.23%
INO80-type Complex (GO:0097346),GO_Cellular_Component_2025,-0.5895471147932977,Downregulated,1.0,5/19,24.15%
Negative Regulation of Cytokine-Mediated Signaling Pathway (GO:0001960),GO_Biological_Process_2025,-0.592507299446444,Downregulated,1.0,12/30,29.67%
Kinesin Binding (GO:0019894),GO_Molecular_Function_2025,-0.5980383231735328,Downregulated,1.0,7/17,28.09%
Transition Metal Ion Transmembrane Transporter Activity (GO:0046915),GO_Molecular_Function_2025,-0.5985164179440285,Downregulated,1.0,9/20,34.42%
Dual Incision In TC-NER R-HSA-6782135,Reactome_2022,-0.5986265136359876,Downregulated,1.0,14/51,29.68%
Regulation of Signal Transduction by P53 Class Mediator (GO:1901796),GO_Biological_Process_2025,-0.5997435910020233,Downregulated,1.0,13/40,30.27%
Regulation of Receptor Internalization (GO:0002090),GO_Biological_Process_2025,-0.605718324905686,Downregulated,1.0,7/22,27.65%
Nucleic Acid Catabolic Process (GO:0141188),GO_Biological_Process_2025,-0.6060892512586793,Downregulated,1.0,6/25,27.91%
Nucleotide Excision Repair WP4753,WikiPathways_2024_Human,-0.6071927887233374,Downregulated,1.0,11/34,28.86%
HDR Thru Single Strand Annealing (SSA) R-HSA-5685938,Reactome_2022,-0.6073853878577393,Downregulated,1.0,5/21,18.34%
Resolution Of Abasic Sites (AP Sites) R-HSA-73933,Reactome_2022,-0.6078409998895704,Downregulated,1.0,8/25,28.86%
Regulation of Cilium Assembly (GO:1902017),GO_Biological_Process_2025,-0.6086324318069125,Downregulated,1.0,8/33,27.68%
Histone Acetyltransferase Activity (GO:0004402),GO_Molecular_Function_2025,-0.6087865292247181,Downregulated,1.0,3/24,11.15%
Transcription Of HIV Genome R-HSA-167172,Reactome_2022,-0.6090698003290179,Downregulated,1.0,26/64,35.57%
DNA Mismatch Repair WP531,WikiPathways_2024_Human,-0.6104421748432295,Downregulated,1.0,5/18,28.86%
Viral Messenger RNA Synthesis R-HSA-168325,Reactome_2022,-0.612264721496637,Downregulated,1.0,10/43,26.89%
Negative Regulation of Receptor-Mediated Endocytosis (GO:0048261),GO_Biological_Process_2025,-0.6122732327015543,Downregulated,1.0,5/16,25.02%
Axonogenesis (GO:0007409),GO_Biological_Process_2025,-0.614099199644325,Downregulated,1.0,28/63,33.85%
Regulation of Mitotic Cell Cycle (GO:0007346),GO_Biological_Process_2025,-0.6141900368791177,Downregulated,1.0,29/71,35.55%
N-acyltransferase Activity (GO:0016410),GO_Molecular_Function_2025,-0.6150521464290308,Downregulated,1.0,2/16,11.15%
Axonemal Dynein Complex Assembly (GO:0070286),GO_Biological_Process_2025,-0.6155895716849443,Downregulated,1.0,3/25,9.35%
Signaling By Hedgehog R-HSA-5358351,Reactome_2022,-0.6175088499596814,Downregulated,1.0,16/95,18.85%
SARS-CoV-2 Activates/Modulates Innate And Adaptive Immune Responses R-HSA-9705671,Reactome_2022,-0.6187070178664046,Downregulated,1.0,8/55,16.62%
Regulation of Hydrolase Activity (GO:0051336),GO_Biological_Process_2025,-0.6191257969641953,Downregulated,1.0,11/19,36.84%
H4/H2A Histone Acetyltransferase Complex (GO:0043189),GO_Cellular_Component_2025,-0.6195331174894299,Downregulated,1.0,3/19,11.15%
NuA4 Histone Acetyltransferase Complex (GO:0035267),GO_Cellular_Component_2025,-0.6195331174894299,Downregulated,1.0,3/19,11.15%
Positive Regulation of Protein Modification by Small Protein Conjugation or Removal (GO:1903322),GO_Biological_Process_2025,-0.620075686934216,Downregulated,1.0,17/47,29.96%
Signaling By TGF-beta Receptor Complex R-HSA-170834,Reactome_2022,-0.6231733476317594,Downregulated,1.0,13/50,23.42%
Transport Of Mature mRNAs Derived From Intronless Transcripts R-HSA-159234,Reactome_2022,-0.6233549305538594,Downregulated,1.0,13/37,34.45%
Telomere Maintenance (GO:0000723),GO_Biological_Process_2025,-0.6249695008864659,Downregulated,1.0,8/34,20.14%
Transcription Elongation by RNA Polymerase II (GO:0006368),GO_Biological_Process_2025,-0.6250574807801974,Downregulated,1.0,8/26,25.93%
Transport Of Mature mRNA Derived From An Intronless Transcript R-HSA-159231,Reactome_2022,-0.6278132265897047,Downregulated,1.0,13/36,34.45%
RET Signaling R-HSA-8853659,Reactome_2022,-0.630579348895075,Downregulated,1.0,16/31,39.73%
Export Of Viral Ribonucleoproteins From Nucleus R-HSA-168274,Reactome_2022,-0.6311628894473182,Downregulated,1.0,5/32,16.62%
SARS-CoV-2-host Interactions R-HSA-9705683,Reactome_2022,-0.631328652845031,Downregulated,1.0,15/114,16.62%
RHO GTPases Activate WASPs And WAVEs R-HSA-5663213,Reactome_2022,-0.6336444858339089,Downregulated,1.0,9/24,31.21%
Regulation of DNA Binding (GO:0051101),GO_Biological_Process_2025,-0.6340018207563387,Downregulated,1.0,3/19,11.16%
Defective Homologous Recombination Repair (HRR) Due To BRCA2 Loss Of Function R-HSA-9701190,Reactome_2022,-0.6346058049149836,Downregulated,1.0,5/20,18.34%
DNA Integrity Checkpoint Signaling (GO:0031570),GO_Biological_Process_2025,-0.6368540512349438,Downregulated,1.0,8/26,23.68%
RNA Polymerase Core Enzyme Binding (GO:0043175),GO_Molecular_Function_2025,-0.6376434902179815,Downregulated,1.0,7/24,25.38%
Endothelial Cell Migration (GO:0043542),GO_Biological_Process_2025,-0.6381491332840948,Downregulated,1.0,5/15,24.50%
Regulation of Double-Strand Break Repair (GO:2000779),GO_Biological_Process_2025,-0.638489667051052,Downregulated,1.0,9/59,12.34%
Microtubule Cytoskeleton Organization Involved in Mitosis (GO:1902850),GO_Biological_Process_2025,-0.6404747412455546,Downregulated,1.0,10/29,33.53%
Ca-dependent Events R-HSA-111996,Reactome_2022,-0.6405535642136415,Downregulated,1.0,6/17,28.64%
DNA Damage Checkpoint Signaling (GO:0000077),GO_Biological_Process_2025,-0.6438481337858262,Downregulated,1.0,8/18,30.27%
Positive Regulation of Protein Localization to Nucleus (GO:1900182),GO_Biological_Process_2025,-0.644424380756212,Downregulated,1.0,19/43,35.64%
CaM Pathway R-HSA-111997,Reactome_2022,-0.6462605485322063,Downregulated,1.0,6/16,28.64%
Cardiac Hypertrophic Response WP2795,WikiPathways_2024_Human,-0.6482272218845309,Downregulated,1.0,8/24,28.85%
RHOG GTPase Cycle R-HSA-9013408,Reactome_2022,-0.6483740145290292,Downregulated,1.0,4/36,6.93%
Base Excision Repair WP4752,WikiPathways_2024_Human,-0.6488228444389688,Downregulated,1.0,6/17,28.40%
Vacuolar Membrane (GO:0005774),GO_Cellular_Component_2025,-0.6496987955224689,Downregulated,1.0,13/38,27.78%
Regulation of G0 to G1 Transition (GO:0070316),GO_Biological_Process_2025,-0.6497294243971544,Downregulated,1.0,3/22,11.12%
RNA 3'-End Processing (GO:0031123),GO_Biological_Process_2025,-0.650246553168326,Downregulated,1.0,19/37,44.55%
Positive Regulation of Protein Metabolic Process (GO:0051247),GO_Biological_Process_2025,-0.6513221623375469,Downregulated,1.0,10/113,11.19%
Regulation of Protein Polymerization (GO:0032271),GO_Biological_Process_2025,-0.6514610948278209,Downregulated,1.0,9/22,32.44%
Kinase Activator Activity (GO:0019209),GO_Molecular_Function_2025,-0.6526204222301447,Downregulated,1.0,4/20,12.37%
COPII-mediated Vesicle Transport R-HSA-204005,Reactome_2022,-0.654114228981541,Downregulated,1.0,14/48,27.35%
Striated Muscle Tissue Development (GO:0014706),GO_Biological_Process_2025,-0.6557625760559436,Downregulated,1.0,10/22,31.99%
Regulation of Transcription by RNA Polymerase I (GO:0006356),GO_Biological_Process_2025,-0.6563948348682133,Downregulated,1.0,3/17,12.40%
Ciliary Landscape WP4352,WikiPathways_2024_Human,-0.6567955267358334,Downregulated,1.0,42/148,27.08%
Enzyme-Linked Receptor Protein Signaling Pathway (GO:0007167),GO_Biological_Process_2025,-0.6594213978820177,Downregulated,1.0,6/34,19.04%
Regulatory ncRNA-mediated Gene Silencing (GO:0031047),GO_Biological_Process_2025,-0.659462464898709,Downregulated,1.0,3/27,11.99%
RAC1 PAK1 P38 MMP2 Pathway WP3303,WikiPathways_2024_Human,-0.6628488602042129,Downregulated,1.0,9/38,18.34%
mRNA Metabolic Process (GO:0016071),GO_Biological_Process_2025,-0.6629183748590093,Downregulated,1.0,11/67,16.98%
Homologous recombination,KEGG_2021_Human,-0.667205262478094,Downregulated,1.0,7/18,22.29%
Regulation of Microtubule-Based Process (GO:0032886),GO_Biological_Process_2025,-0.6675626462106194,Downregulated,1.0,4/28,12.27%
Cellular Response to Ionizing Radiation (GO:0071479),GO_Biological_Process_2025,-0.6687659156943028,Downregulated,1.0,9/32,24.09%
Impaired BRCA2 Binding To RAD51 R-HSA-9709570,Reactome_2022,-0.6697777940246867,Downregulated,1.0,5/19,18.34%
Genes Controlling Nephrogenesis WP4823,WikiPathways_2024_Human,-0.6722643171457225,Downregulated,1.0,6/19,19.26%
Neuron Projection Guidance (GO:0097485),GO_Biological_Process_2025,-0.6723565878271788,Downregulated,1.0,18/35,33.85%
Negative Regulation of Protein Kinase Activity (GO:0006469),GO_Biological_Process_2025,-0.6725620982561816,Downregulated,1.0,11/34,24.78%
Melanosome Organization (GO:0032438),GO_Biological_Process_2025,-0.6727816717798543,Downregulated,1.0,6/19,27.58%
External Encapsulating Structure Organization (GO:0045229),GO_Biological_Process_2025,-0.6734162018254416,Downregulated,1.0,7/27,24.50%
Iron Ion Binding (GO:0005506),GO_Molecular_Function_2025,-0.6736498610224888,Downregulated,1.0,6/24,21.45%
Positive Regulation of MAP Kinase Activity (GO:0043406),GO_Biological_Process_2025,-0.6750759974650825,Downregulated,1.0,1/16,1.12%
Regulation of mRNA Catabolic Process (GO:0061013),GO_Biological_Process_2025,-0.6755020017087435,Downregulated,1.0,7/34,18.14%
tRNA Processing In Nucleus R-HSA-6784531,Reactome_2022,-0.6755237128878865,Downregulated,1.0,17/44,35.25%
Membrane Organization (GO:0061024),GO_Biological_Process_2025,-0.6764159057697473,Downregulated,1.0,58/120,38.32%
Nucleotide Excision Repair In Xeroderma Pigmentosum WP5114,WikiPathways_2024_Human,-0.6774284345149226,Downregulated,1.0,18/44,35.19%
Signaling By NOTCH4 R-HSA-9013694,Reactome_2022,-0.6774359977653098,Downregulated,1.0,13/65,20.63%
MAPK Cascade (GO:0000165),GO_Biological_Process_2025,-0.6777479911596358,Downregulated,1.0,27/57,34.92%
Positive Regulation of Myeloid Cell Differentiation (GO:0045639),GO_Biological_Process_2025,-0.677886596859887,Downregulated,1.0,5/20,17.44%
Homologous DNA Pairing And Strand Exchange R-HSA-5693579,Reactome_2022,-0.6781473443514381,Downregulated,1.0,9/22,30.07%
Negative Regulation of TORC1 Signaling (GO:1904262),GO_Biological_Process_2025,-0.679197214593731,Downregulated,1.0,14/32,32.98%
TP53 Regulates Transcription Of DNA Repair Genes R-HSA-6796648,Reactome_2022,-0.6801250170434882,Downregulated,1.0,16/49,28.31%
Nucleotide excision repair,KEGG_2021_Human,-0.6813916267959096,Downregulated,1.0,12/35,28.86%
Negative Regulation of Biosynthetic Process (GO:0009890),GO_Biological_Process_2025,-0.6819091191375094,Downregulated,1.0,4/20,20.25%
Phosphotyrosine Residue Binding (GO:0001784),GO_Molecular_Function_2025,-0.6830632709807961,Downregulated,1.0,5/16,21.01%
Negative Regulation of Protein Ubiquitination (GO:0031397),GO_Biological_Process_2025,-0.6845797106966771,Downregulated,1.0,6/29,17.18%
Protein K11-linked Ubiquitination (GO:0070979),GO_Biological_Process_2025,-0.6845884114062838,Downregulated,1.0,4/20,17.96%
Nicotinamide Nucleotide Metabolic Process (GO:0046496),GO_Biological_Process_2025,-0.6846923227843232,Downregulated,1.0,10/29,27.74%
Peptide GPCRs WP24,WikiPathways_2024_Human,-0.6858840535136788,Downregulated,1.0,13/28,32.72%
Extracellular Structure Organization (GO:0043062),GO_Biological_Process_2025,-0.6876856818637258,Downregulated,1.0,7/26,24.50%
Regulation of Intracellular Steroid Hormone Receptor Signaling Pathway (GO:0033143),GO_Biological_Process_2025,-0.6882790932301437,Downregulated,1.0,3/17,17.02%
Regulation of Cellular Response to Stress (GO:0080135),GO_Biological_Process_2025,-0.6895478885497699,Downregulated,1.0,14/74,20.14%
snRNA 3'-End Processing (GO:0034472),GO_Biological_Process_2025,-0.6907117296649986,Downregulated,1.0,6/16,34.31%
Skeletal Muscle Tissue Development (GO:0007519),GO_Biological_Process_2025,-0.6919174593992874,Downregulated,1.0,4/23,13.56%
RNA Polymerase III Transcription Initiation From Type 1 Promoter R-HSA-76061,Reactome_2022,-0.6924185726478473,Downregulated,1.0,10/20,37.14%
Protein K63-linked Ubiquitination (GO:0070534),GO_Biological_Process_2025,-0.6929086583560784,Downregulated,1.0,8/19,29.62%
Genes Related To Primary Cilium Development Based On CRISPR WP4536,WikiPathways_2024_Human,-0.6931064009164541,Downregulated,1.0,23/52,42.49%
M Phase R-HSA-68886,Reactome_2022,-0.6943322503247593,Downregulated,1.0,33/224,16.99%
Late Endosome Membrane (GO:0031902),GO_Cellular_Component_2025,-0.6944612202331304,Downregulated,1.0,19/62,25.31%
2Q11 2 Copy Number Variation Syndrome WP5221,WikiPathways_2024_Human,-0.6954116940874718,Downregulated,1.0,7/20,26.46%
Oncogenic MAPK Signaling R-HSA-6802957,Reactome_2022,-0.6958740795362002,Downregulated,1.0,6/39,12.87%
Metabolism Of Cofactors R-HSA-8978934,Reactome_2022,-0.6988177635716574,Downregulated,1.0,9/15,31.96%
RHOBTB GTPase Cycle R-HSA-9706574,Reactome_2022,-0.6993149852569818,Downregulated,1.0,13/25,35.08%
Regulation of Protein Metabolic Process (GO:0051246),GO_Biological_Process_2025,-0.6997417918131449,Downregulated,1.0,11/47,23.75%
Late Endosome to Vacuole Transport via Multivesicular Body Sorting Pathway (GO:0032511),GO_Biological_Process_2025,-0.7008281768206392,Downregulated,1.0,9/20,33.74%
Positive Regulation of Actin Filament Polymerization (GO:0030838),GO_Biological_Process_2025,-0.701680922144504,Downregulated,1.0,19/19,77.29%
Base excision repair,KEGG_2021_Human,-0.70184517843558,Downregulated,1.0,6/16,28.40%
Kisspeptin Kisspeptin Receptor System In The Ovary WP4871,WikiPathways_2024_Human,-0.702271051136738,Downregulated,1.0,7/25,17.08%
Lysosome Localization (GO:0032418),GO_Biological_Process_2025,-0.7044422290814353,Downregulated,1.0,10/22,37.99%
Constitutive Signaling By Aberrant PI3K In Cancer R-HSA-2219530,Reactome_2022,-0.7046114088892403,Downregulated,1.0,6/22,21.01%
Signaling By NOTCH R-HSA-157118,Reactome_2022,-0.7050522410812856,Downregulated,1.0,21/116,20.75%
Phosphoric Diester Hydrolase Activity (GO:0008081),GO_Molecular_Function_2025,-0.7061319482987828,Downregulated,1.0,3/26,10.61%
Gene Silencing By RNA R-HSA-211000,Reactome_2022,-0.7068084956300141,Downregulated,1.0,5/63,5.72%
Anaphase-Promoting Complex (GO:0005680),GO_Cellular_Component_2025,-0.7070243942600208,Downregulated,1.0,14/15,64.05%
DNA-templated Transcription Elongation (GO:0006354),GO_Biological_Process_2025,-0.7079930289271809,Downregulated,1.0,9/25,25.93%
15Q25 Copy Number Variation WP5408,WikiPathways_2024_Human,-0.7090148305491305,Downregulated,1.0,12/25,30.19%
Smith Magenis And Potocki Lupski Syndrome Copy Number Variation WP5381,WikiPathways_2024_Human,-0.7096044342446735,Downregulated,1.0,11/102,9.89%
Regulation of Cytoskeleton Organization (GO:0051493),GO_Biological_Process_2025,-0.7098552197514707,Downregulated,1.0,25/69,29.69%
Neurogenesis Regulation In The Olfactory Epithelium WP5265,WikiPathways_2024_Human,-0.7140486171945645,Downregulated,1.0,8/28,20.07%
Negative Regulation of Phosphorylation (GO:0042326),GO_Biological_Process_2025,-0.7145752263094923,Downregulated,1.0,10/25,26.36%
Regulation Of Actin Dynamics For Phagocytic Cup Formation R-HSA-2029482,Reactome_2022,-0.7151913555987187,Downregulated,1.0,13/30,31.64%
Cell-Cell Contact Zone (GO:0044291),GO_Cellular_Component_2025,-0.7163841744943658,Downregulated,1.0,4/19,17.02%
Regulation of Exocytosis (GO:0017157),GO_Biological_Process_2025,-0.7168371177235549,Downregulated,1.0,7/19,20.32%
Regulation of Metaphase/Anaphase Transition of Cell Cycle (GO:1902099),GO_Biological_Process_2025,-0.7170494530089251,Downregulated,1.0,4/23,17.96%
Signaling By FGFR2 In Disease R-HSA-5655253,Reactome_2022,-0.7189108894610562,Downregulated,1.0,6/21,25.76%
miRNA Processing (GO:0035196),GO_Biological_Process_2025,-0.7197360901833413,Downregulated,1.0,3/19,14.37%
DNA Repair Pathways Full Network WP4946,WikiPathways_2024_Human,-0.7201409223551634,Downregulated,1.0,23/69,30.07%
NADP Binding (GO:0050661),GO_Molecular_Function_2025,-0.720383518762559,Downregulated,1.0,6/18,20.79%
Ribosome Disassembly (GO:0032790),GO_Biological_Process_2025,-0.7206844961635679,Downregulated,1.0,8/31,26.35%
MHC Class II Antigen Presentation R-HSA-2132295,Reactome_2022,-0.7217393895691179,Downregulated,1.0,14/59,20.64%
Positive Regulation of Apoptotic Signaling Pathway (GO:2001235),GO_Biological_Process_2025,-0.7232862200479685,Downregulated,1.0,6/24,17.06%
Post-Transcriptional Regulation of Gene Expression (GO:0010608),GO_Biological_Process_2025,-0.7238300443832146,Downregulated,1.0,6/37,18.14%
Oxidative Phosphorylation WP623,WikiPathways_2024_Human,-0.7247039643995814,Downregulated,1.0,10/37,28.58%
Double-Strand Break Repair (GO:0006302),GO_Biological_Process_2025,-0.7259377924555138,Downregulated,1.0,27/90,27.09%
RNA Methylation (GO:0001510),GO_Biological_Process_2025,-0.7261230575001005,Downregulated,1.0,11/36,25.60%
Signaling By VEGF R-HSA-194138,Reactome_2022,-0.7277887401563387,Downregulated,1.0,21/56,28.85%
Translation R-HSA-72766,Reactome_2022,-0.7283769355916285,Downregulated,1.0,72/235,29.43%
Epidermis Development (GO:0008544),GO_Biological_Process_2025,-0.7285564782057614,Downregulated,1.0,4/29,10.23%
Positive Regulation of Transcription by RNA Polymerase I (GO:0045943),GO_Biological_Process_2025,-0.7288734155767588,Downregulated,1.0,4/20,12.01%
Regulation of MAP Kinase Activity (GO:0043405),GO_Biological_Process_2025,-0.7291068889551773,Downregulated,1.0,2/22,7.67%
Regulation of Protein Binding (GO:0043393),GO_Biological_Process_2025,-0.7297074049108065,Downregulated,1.0,8/36,20.86%
Regulation of Neuron Projection Development (GO:0010975),GO_Biological_Process_2025,-0.7297429662857855,Downregulated,1.0,28/76,29.71%
Condensed Chromosome (GO:0000793),GO_Cellular_Component_2025,-0.7298799650455008,Downregulated,1.0,9/28,29.95%
Zinc Ion Transmembrane Transporter Activity (GO:0005385),GO_Molecular_Function_2025,-0.7300116177540837,Downregulated,1.0,9/15,38.24%
DNA Replication Checkpoint Signaling (GO:0000076),GO_Biological_Process_2025,-0.7307605336392949,Downregulated,1.0,4/15,16.87%
TCF Dependent Signaling In Response To WNT R-HSA-201681,Reactome_2022,-0.7316727913574665,Downregulated,1.0,23/114,22.03%
Regulation of mRNA Metabolic Process (GO:1903311),GO_Biological_Process_2025,-0.7318743341554454,Downregulated,1.0,4/15,13.77%
Establishment of Protein Localization to Vacuole (GO:0072666),GO_Biological_Process_2025,-0.7356741366301646,Downregulated,1.0,3/19,9.85%
Nuclear Androgen Receptor Binding (GO:0050681),GO_Molecular_Function_2025,-0.7378928256911813,Downregulated,1.0,7/16,20.29%
Cholesterol Binding (GO:0015485),GO_Molecular_Function_2025,-0.7389670128950179,Downregulated,1.0,18/33,34.73%
Global Genome Nucleotide Excision Repair (GG-NER) R-HSA-5696399,Reactome_2022,-0.7399410837046365,Downregulated,1.0,22/63,28.86%
VEGFA-VEGFR2 Pathway R-HSA-4420097,Reactome_2022,-0.7405171202047822,Downregulated,1.0,21/55,28.85%
mRNA Processing (GO:0006397),GO_Biological_Process_2025,-0.7424015476066927,Downregulated,1.0,39/166,25.60%
Receptor Internalization (GO:0031623),GO_Biological_Process_2025,-0.7425982774146662,Downregulated,1.0,6/17,22.44%
Salivary secretion,KEGG_2021_Human,-0.7432976029269334,Downregulated,1.0,8/57,8.65%
Protein Localization to Organelle (GO:0033365),GO_Biological_Process_2025,-0.7434501216445948,Downregulated,1.0,31/94,29.72%
10Q22Q23 Copy Number Variation WP5402,WikiPathways_2024_Human,-0.7441397174746281,Downregulated,1.0,8/31,22.24%
FCGR3A-mediated Phagocytosis R-HSA-9664422,Reactome_2022,-0.74442256119488,Downregulated,1.0,10/25,31.21%
Ribosome Binding (GO:0043022),GO_Molecular_Function_2025,-0.7455401836551745,Downregulated,1.0,24/70,29.41%
COPII-coated Vesicle Budding (GO:0090114),GO_Biological_Process_2025,-0.7457728537013799,Downregulated,1.0,8/31,23.65%
Gap-filling DNA Repair Synthesis And Ligation In TC-NER R-HSA-6782210,Reactome_2022,-0.7476268728792375,Downregulated,1.0,16/51,29.68%
Negative Regulation of Protein Phosphorylation (GO:0001933),GO_Biological_Process_2025,-0.7481120804984166,Downregulated,1.0,17/50,26.36%
DNA Damage Recognition In GG-NER R-HSA-5696394,Reactome_2022,-0.7495020985411766,Downregulated,1.0,10/29,26.64%
Phosphatidylinositol-4-Phosphate Binding (GO:0070273),GO_Molecular_Function_2025,-0.7501250175870973,Downregulated,1.0,9/16,39.45%
Fanconi anemia pathway,KEGG_2021_Human,-0.750389251177228,Downregulated,1.0,9/27,23.48%
Regulation of Proteolysis (GO:0030162),GO_Biological_Process_2025,-0.7534014631605345,Downregulated,1.0,5/24,17.18%
Protein Maturation (GO:0051604),GO_Biological_Process_2025,-0.7538688589015833,Downregulated,1.0,16/97,17.19%
Mitotic Nuclear Division (GO:0140014),GO_Biological_Process_2025,-0.7539571963676077,Downregulated,1.0,5/19,17.96%
Urotensin II Mediated Signaling WP5158,WikiPathways_2024_Human,-0.7548632110978553,Downregulated,1.0,6/30,14.81%
Cellular Response to Hormone Stimulus (GO:0032870),GO_Biological_Process_2025,-0.7557640736882549,Downregulated,1.0,10/44,17.15%
- Reg of Phosphatidylinositol 3-Kinase/Prot Kinase B Signal Transduction (GO:0051898),GO_Biological_Process_2025,-0.7559135077427955,Downregulated,1.0,11/27,28.49%
Neuron Migration (GO:0001764),GO_Biological_Process_2025,-0.7572045964859755,Downregulated,1.0,12/22,38.63%
TNF Alpha Signaling WP231,WikiPathways_2024_Human,-0.7579380207809117,Downregulated,1.0,10/47,17.05%
Processing Of Intronless Pre-mRNAs R-HSA-77595,Reactome_2022,-0.7580797986225757,Downregulated,1.0,6/18,24.40%
Negative Regulation of Proteolysis (GO:0045861),GO_Biological_Process_2025,-0.7609244980485516,Downregulated,1.0,4/16,18.54%
Regucalcin In Proximal Tubule Epithelial Kidney Cells WP4838,WikiPathways_2024_Human,-0.7612954433155863,Downregulated,1.0,3/18,7.09%
Cartilage Development (GO:0051216),GO_Biological_Process_2025,-0.7624034453210237,Downregulated,1.0,3/26,4.55%
HIV Transcription Initiation R-HSA-167161,Reactome_2022,-0.7628547960092817,Downregulated,1.0,20/43,37.85%
Metabolism Of Non-Coding RNA R-HSA-194441,Reactome_2022,-0.7650904811039826,Downregulated,1.0,15/42,33.60%
Neuron Projection Morphogenesis (GO:0048812),GO_Biological_Process_2025,-0.7657863010687359,Downregulated,1.0,23/59,31.25%
Regulation of Interleukin-8 Production (GO:0032677),GO_Biological_Process_2025,-0.7678088825765002,Downregulated,1.0,8/20,23.33%
Sensory Perception (GO:0007600),GO_Biological_Process_2025,-0.7699636548969836,Downregulated,1.0,4/18,15.15%
Pyrimidine Metabolism And Related Diseases WP4225,WikiPathways_2024_Human,-0.7711644156257433,Downregulated,1.0,2/16,5.78%
Transcription Preinitiation Complex Assembly (GO:0070897),GO_Biological_Process_2025,-0.77152504909258,Downregulated,1.0,20/56,31.83%
Muscle Organ Development (GO:0007517),GO_Biological_Process_2025,-0.7729847832209911,Downregulated,1.0,10/24,23.07%
Positive Regulation of Myoblast Differentiation (GO:0045663),GO_Biological_Process_2025,-0.7734316294689286,Downregulated,1.0,4/24,11.15%
Primary Focal Segmental Glomerulosclerosis FSGS WP2572,WikiPathways_2024_Human,-0.7738497106371414,Downregulated,1.0,11/31,24.28%
Positive Regulation of Lamellipodium Organization (GO:1902745),GO_Biological_Process_2025,-0.7741455130605064,Downregulated,1.0,6/24,15.83%
Regulation of Tumor Necrosis Factor Production (GO:0032680),GO_Biological_Process_2025,-0.7772335530495604,Downregulated,1.0,4/33,7.67%
Ethanol Effects On Histone Modifications WP3996,WikiPathways_2024_Human,-0.7775439785080069,Downregulated,1.0,7/20,20.79%
Diseases Of Signal Transduction By Growth Factor Receptors And Second Messengers R-HSA-5663202,Reactome_2022,-0.7780485409338583,Downregulated,1.0,48/243,23.42%
T cell receptor signaling pathway,KEGG_2021_Human,-0.7790798026739303,Downregulated,1.0,13/42,21.01%
Programmed Cell Death R-HSA-5357801,Reactome_2022,-0.7792440951609535,Downregulated,1.0,22/124,19.50%
Alzheimer disease,KEGG_2021_Human,-0.7794523866476043,Downregulated,1.0,50/240,22.03%
Positive Regulation of Interleukin-6 Production (GO:0032755),GO_Biological_Process_2025,-0.779675958977961,Downregulated,1.0,4/21,10.86%
T Cell Activation (GO:0042110),GO_Biological_Process_2025,-0.7820353678418563,Downregulated,1.0,6/32,11.33%
Regulation of Phosphorylation (GO:0042325),GO_Biological_Process_2025,-0.7826074123801042,Downregulated,1.0,3/35,4.33%
GnRH signaling pathway,KEGG_2021_Human,-0.7833812390461926,Downregulated,1.0,9/49,10.88%
Skeletal Muscle Organ Development (GO:0060538),GO_Biological_Process_2025,-0.783481860823182,Downregulated,1.0,9/19,32.06%
Positive Regulation of RNA Splicing (GO:0033120),GO_Biological_Process_2025,-0.7855011551256456,Downregulated,1.0,7/19,21.11%
Axon Guidance WP5289,WikiPathways_2024_Human,-0.7857574135468366,Downregulated,1.0,9/31,24.28%
Platelet Homeostasis R-HSA-418346,Reactome_2022,-0.7868885736429408,Downregulated,1.0,17/44,29.36%
Regulation of G Protein-Coupled Receptor Signaling Pathway (GO:0008277),GO_Biological_Process_2025,-0.7875794048178415,Downregulated,1.0,8/31,18.86%
Phosphatidyl Inositol Phosphate Pathway WP5411,WikiPathways_2024_Human,-0.789035777698576,Downregulated,1.0,14/39,25.80%
Phosphatidylinositol-3-Phosphate Binding (GO:0032266),GO_Molecular_Function_2025,-0.7897273912020969,Downregulated,1.0,10/26,28.94%
DARPP-32 Events R-HSA-180024,Reactome_2022,-0.7907891675436327,Downregulated,1.0,8/20,31.25%
Negative Regulation of Defense Response (GO:0031348),GO_Biological_Process_2025,-0.7920054609745283,Downregulated,1.0,7/48,9.36%
Wound Healing (GO:0042060),GO_Biological_Process_2025,-0.7924637519480957,Downregulated,1.0,11/34,27.63%
mRNA Catabolic Process (GO:0006402),GO_Biological_Process_2025,-0.7925770146186086,Downregulated,1.0,10/32,25.25%
Ras Protein Signal Transduction (GO:0007265),GO_Biological_Process_2025,-0.7937640566691898,Downregulated,1.0,4/30,15.58%
"PI5P, PP2A And IER3 Regulate PI3K/AKT Signaling R-HSA-6811558",Reactome_2022,-0.7943355523639735,Downregulated,1.0,5/38,10.88%
Network Map Of SARS CoV 2 Signaling WP5115,WikiPathways_2024_Human,-0.7944724544760738,Downregulated,1.0,9/86,10.80%
Positive Regulation of Double-Strand Break Repair (GO:2000781),GO_Biological_Process_2025,-0.7951687984969793,Downregulated,1.0,16/56,25.93%
S-adenosylmethionine-dependent Methyltransferase Activity (GO:0008757),GO_Molecular_Function_2025,-0.7954512016743823,Downregulated,1.0,14/28,30.21%
7Q11 23 Copy Number Variation Syndrome WP4932,WikiPathways_2024_Human,-0.7981926494169397,Downregulated,1.0,18/56,25.05%
Eukaryotic Transcription Initiation WP405,WikiPathways_2024_Human,-0.8005793987268591,Downregulated,1.0,17/40,37.14%
13Q12 12 Copy Number Variation WP5406,WikiPathways_2024_Human,-0.8007051042392479,Downregulated,1.0,8/16,28.82%
Amyotrophic lateral sclerosis,KEGG_2021_Human,-0.8019653594672396,Downregulated,1.0,37/236,15.87%
NADH Metabolic Process (GO:0006734),GO_Biological_Process_2025,-0.8032246887530232,Downregulated,1.0,7/18,27.74%
Sterol Binding (GO:0032934),GO_Molecular_Function_2025,-0.8034597122478101,Downregulated,1.0,22/41,34.74%
Protein Localization to Endoplasmic Reticulum (GO:0070972),GO_Biological_Process_2025,-0.8056415677903892,Downregulated,1.0,3/15,13.97%
Axon Guidance (GO:0007411),GO_Biological_Process_2025,-0.806726227160603,Downregulated,1.0,23/47,33.85%
MTHFR Deficiency WP4288,WikiPathways_2024_Human,-0.8067836973018866,Downregulated,1.0,4/16,15.87%
Positive Regulation of Cytokine-Mediated Signaling Pathway (GO:0001961),GO_Biological_Process_2025,-0.8068188615037734,Downregulated,1.0,5/16,21.85%
Phosphatidylinositol Phosphate Binding (GO:1901981),GO_Molecular_Function_2025,-0.8076082621329647,Downregulated,1.0,13/66,17.18%
Regulation of Cell-Cell Adhesion (GO:0022407),GO_Biological_Process_2025,-0.808032555254015,Downregulated,1.0,6/21,15.32%
Chaperone-Mediated Protein Complex Assembly (GO:0051131),GO_Biological_Process_2025,-0.8080859634872983,Downregulated,1.0,10/15,36.71%
PDGFR Beta Pathway WP3972,WikiPathways_2024_Human,-0.8085265931745005,Downregulated,1.0,8/18,30.00%
Positive Regulation of Cell Development (GO:0010720),GO_Biological_Process_2025,-0.8085319515797151,Downregulated,1.0,6/20,20.29%
Intracellular Protein Transport (GO:0006886),GO_Biological_Process_2025,-0.8085578653482298,Downregulated,1.0,60/213,27.03%
Nonalcoholic Fatty Liver Disease WP4396,WikiPathways_2024_Human,-0.8089839101351096,Downregulated,1.0,27/90,26.53%
Apoptosis Modulation And Signaling WP1772,WikiPathways_2024_Human,-0.8092500738749715,Downregulated,1.0,10/49,12.59%
Signaling By FGFR In Disease R-HSA-1226099,Reactome_2022,-0.810060224919822,Downregulated,1.0,14/30,40.78%
MECP2 And Associated Rett Syndrome WP3584,WikiPathways_2024_Human,-0.8102810332490129,Downregulated,1.0,8/36,13.29%
Carbohydrate Derivative Biosynthetic Process (GO:1901137),GO_Biological_Process_2025,-0.8109303423522074,Downregulated,1.0,7/30,15.75%
Degradation Of Extracellular Matrix R-HSA-1474228,Reactome_2022,-0.8109536757390564,Downregulated,1.0,3/32,2.92%
Endocrine and other factor-regulated calcium reabsorption,KEGG_2021_Human,-0.8112079149086918,Downregulated,1.0,24/41,37.38%
Nucleotide Excision Repair R-HSA-5696398,Reactome_2022,-0.8114648339110746,Downregulated,1.0,28/82,29.68%
Cellular Response to Amino Acid Starvation (GO:0034198),GO_Biological_Process_2025,-0.8120502928191299,Downregulated,1.0,15/33,32.98%
Regulation of Receptor Signaling Pathway via JAK-STAT (GO:0046425),GO_Biological_Process_2025,-0.8123397287432484,Downregulated,1.0,5/22,15.01%
Response to Molecule of Bacterial Origin (GO:0002237),GO_Biological_Process_2025,-0.8148439464088234,Downregulated,1.0,4/22,10.93%
"Nucleotide-binding Domain, Leucine Rich Repeat Containing NLR Signaling Pathways R-HSA-168643",Reactome_2022,-0.8151401575933958,Downregulated,1.0,5/30,10.86%
Signaling By BRAF And RAF1 Fusions R-HSA-6802952,Reactome_2022,-0.815294193507392,Downregulated,1.0,6/32,12.87%
Regulation of Cell-Matrix Adhesion (GO:0001952),GO_Biological_Process_2025,-0.8180339822854573,Downregulated,0.9976795665667348,5/27,11.55%
Ephrin Receptor Binding (GO:0046875),GO_Molecular_Function_2025,-0.8213020218353724,Downregulated,0.9920259617675332,10/16,33.85%
Mitotic Cytokinesis (GO:0000281),GO_Biological_Process_2025,-0.821565956845669,Downregulated,0.9923720745364144,10/37,25.70%
Formation Of HIV Elongation Complex In Absence Of HIV Tat R-HSA-167152,Reactome_2022,-0.824036076641023,Downregulated,0.988220984844054,15/41,28.31%
Ubiquitin-Like Protein Peptidase Activity (GO:0019783),GO_Molecular_Function_2025,-0.8244863033196046,Downregulated,0.9881439347256644,4/17,21.43%
Response to Hydrogen Peroxide (GO:0042542),GO_Biological_Process_2025,-0.8252564276826432,Downregulated,0.9874815422335154,7/20,26.18%
Maturity onset diabetes of the young,KEGG_2021_Human,-0.8252691629784379,Downregulated,0.9883673556596324,5/15,18.37%
Regulation of Proteolysis Involved in Protein Catabolic Process (GO:1903050),GO_Biological_Process_2025,-0.8264249899950541,Downregulated,0.9868453253022802,6/19,21.43%
tRNA Modification (GO:0006400),GO_Biological_Process_2025,-0.8264653870331196,Downregulated,0.9876654135874016,20/49,41.98%
RNA Polymerase II Preinitiation Complex Assembly (GO:0051123),GO_Biological_Process_2025,-0.8265640308830133,Downregulated,0.988380867648644,20/53,31.83%
RNA Polymerase II Transcribes snRNA Genes R-HSA-6807505,Reactome_2022,-0.8277137841267797,Downregulated,0.9868656441814766,19/63,26.54%
Negative Regulation of Double-Strand Break Repair (GO:2000780),GO_Biological_Process_2025,-0.8277938108755948,Downregulated,0.9875958621868156,5/16,19.30%
"Mitochondrial Electron Transport, NADH to Ubiquinone (GO:0006120)",GO_Biological_Process_2025,-0.8310614345052129,Downregulated,0.9816174415825544,12/26,39.20%
DAG And IP3 Signaling R-HSA-1489509,Reactome_2022,-0.8323773342373129,Downregulated,0.97969475233756,6/22,18.85%
Ether lipid metabolism,KEGG_2021_Human,-0.8325857695259878,Downregulated,0.980148604250197,5/24,14.05%
Microtubule (GO:0005874),GO_Cellular_Component_2025,-0.8326702828035234,Downregulated,0.98089031716853,24/94,25.12%
Regulation of Calcium-Mediated Signaling (GO:0050848),GO_Biological_Process_2025,-0.8344166521278893,Downregulated,0.9780878614046364,6/15,25.88%
Intrinsic Apoptotic Signaling Pathway in Response to Endoplasmic Reticulum Stress (GO:0070059),GO_Biological_Process_2025,-0.8348202811205784,Downregulated,0.9781073845002404,8/16,29.33%
5Q35 Copy Number Variation WP5380,WikiPathways_2024_Human,-0.834937657642166,Downregulated,0.978751743078222,9/55,11.36%
Endocytosis,KEGG_2021_Human,-0.8351756671928192,Downregulated,0.9791473097730624,38/146,21.68%
Lung Development (GO:0030324),GO_Biological_Process_2025,-0.8372272483488671,Downregulated,0.9756734303500008,6/16,21.03%
Establishment of Protein Localization to Plasma Membrane (GO:0061951),GO_Biological_Process_2025,-0.8375735017476477,Downregulated,0.9757822082123894,6/27,13.49%
Positive Regulation of Type I Interferon Production (GO:0032481),GO_Biological_Process_2025,-0.838742827181976,Downregulated,0.974114832064656,4/30,8.83%
MAPK Cascade WP422,WikiPathways_2024_Human,-0.838765707019719,Downregulated,0.9749671792821496,11/19,40.31%
Hexose Biosynthetic Process (GO:0019319),GO_Biological_Process_2025,-0.8393269521334729,Downregulated,0.9746378554527264,9/24,25.23%
Regulation of Protein Localization to Nucleus (GO:1900180),GO_Biological_Process_2025,-0.8412372412150597,Downregulated,0.9713222259232164,5/30,15.17%
Regulation of MAPK Cascade (GO:0043408),GO_Biological_Process_2025,-0.8414473996826831,Downregulated,0.9717501635338892,26/82,27.80%
Signal Transduction Through IL1R WP4496,WikiPathways_2024_Human,-0.8417027935845172,Downregulated,0.972076556860822,5/15,15.60%
Phosphoric Ester Hydrolase Activity (GO:0042578),GO_Molecular_Function_2025,-0.8427126933763835,Downregulated,0.9707812522929092,8/26,25.15%
Deadenylation-dependent mRNA Decay R-HSA-429914,Reactome_2022,-0.844405356068688,Downregulated,0.9679437847751694,17/45,29.59%
TBP-class Protein Binding (GO:0017025),GO_Molecular_Function_2025,-0.8450116242376355,Downregulated,0.967562678570434,8/18,37.85%
Inositol Phosphate Metabolism R-HSA-1483249,Reactome_2022,-0.8454804278676596,Downregulated,0.967466584735706,14/43,25.68%
mRNA Export From Nucleus (GO:0006406),GO_Biological_Process_2025,-0.8455704438725912,Downregulated,0.968182520838002,10/39,24.40%
Sphingolipid Metabolism In Senescence WP5121,WikiPathways_2024_Human,-0.8459718615530886,Downregulated,0.968219513263121,5/15,17.92%
Cytoplasmic Vesicle Lumen (GO:0060205),GO_Cellular_Component_2025,-0.8463324393110326,Downregulated,0.9683056742419384,20/70,25.12%
Negative Regulation of Viral Process (GO:0048525),GO_Biological_Process_2025,-0.8463845321552311,Downregulated,0.969091308344864,3/18,10.82%
Transcription-Coupled Nucleotide Excision Repair (TC-NER) R-HSA-6781827,Reactome_2022,-0.8469780991642897,Downregulated,0.9687026710493905,21/62,29.68%
Post-Translational Protein Modification (GO:0043687),GO_Biological_Process_2025,-0.8475875578458086,Downregulated,0.9682777801453056,7/22,17.94%
Actin Filament Bundle Organization (GO:0061572),GO_Biological_Process_2025,-0.8479057545177772,Downregulated,0.9684984437760706,7/18,22.86%
mRNA surveillance pathway,KEGG_2021_Human,-0.8479301617074786,Downregulated,0.9693503284777404,27/70,35.12%
Regulation of Osteoblast Differentiation (GO:0045667),GO_Biological_Process_2025,-0.8481538207393169,Downregulated,0.9698039464979904,11/38,21.99%
Cytosolic tRNA Aminoacylation R-HSA-379716,Reactome_2022,-0.8494814398343677,Downregulated,0.9676704569452133,9/22,28.44%
tRNA Processing R-HSA-72306,Reactome_2022,-0.8499259053083703,Downregulated,0.9675515603124216,30/84,35.25%
Pyrimidine metabolism,KEGG_2021_Human,-0.8499451138255782,Downregulated,0.9684423242675384,8/33,21.87%
Positive Regulation of Hydrolase Activity (GO:0051345),GO_Biological_Process_2025,-0.8501706551656345,Downregulated,0.9688569915447764,13/43,20.73%
IL26 Signaling WP5347,WikiPathways_2024_Human,-0.8505649877451302,Downregulated,0.968886919577898,4/15,10.88%
Extracellular Vesicle (GO:1903561),GO_Cellular_Component_2025,-0.8520954531203426,Downregulated,0.9663279485638612,11/31,19.48%
Cytoplasmic Microtubule Organization (GO:0031122),GO_Biological_Process_2025,-0.8530722766553607,Downregulated,0.9650231221244188,14/32,33.53%
Antigen Activates B Cell Receptor Leading To Second Messenger Generation R-HSA-983695,Reactome_2022,-0.8531988330129693,Downregulated,0.9656734696716844,3/15,8.08%
Toll-like receptor signaling pathway,KEGG_2021_Human,-0.8533772982060542,Downregulated,0.9662172899717708,7/31,10.88%
Mitochondrial tRNA Aminoacylation R-HSA-379726,Reactome_2022,-0.853818759271189,Downregulated,0.9661009872873624,11/20,35.24%
Glial Cell Development (GO:0021782),GO_Biological_Process_2025,-0.8541472642047235,Downregulated,0.9663386771700668,6/16,26.27%
RNA Polymerase III Transcription Initiation From Type 2 Promoter R-HSA-76066,Reactome_2022,-0.8544488409137762,Downregulated,0.9665596289764546,10/19,37.14%
Protein Kinase C Binding (GO:0005080),GO_Molecular_Function_2025,-0.8546409131935042,Downregulated,0.967088366835368,11/22,27.68%
Positive Regulation of Osteoblast Differentiation (GO:0045669),GO_Biological_Process_2025,-0.8549873771880301,Downregulated,0.9672103767328448,1/18,0.08%
Anti-inflammatory Response Favoring Leishmania Infection R-HSA-9662851,Reactome_2022,-0.8551516994214066,Downregulated,0.9677629361215224,19/56,21.30%
Supramolecular Fiber Organization (GO:0097435),GO_Biological_Process_2025,-0.8558971268677554,Downregulated,0.9669791639386104,12/126,6.52%
Mannosyltransferase Activity (GO:0000030),GO_Molecular_Function_2025,-0.8562450326004991,Downregulated,0.9670792066653277,3/15,12.63%
Negative Regulation Of PI3K/AKT Network R-HSA-199418,Reactome_2022,-0.8565729586280504,Downregulated,0.96724615426091,9/40,21.01%
DNA Methylation-Dependent Constitutive Heterochromatin Formation (GO:0006346),GO_Biological_Process_2025,-0.8588449442895155,Downregulated,0.9629072942785636,15/15,69.60%
Metabolism Of Nucleotides R-HSA-15869,Reactome_2022,-0.8612209875088175,Downregulated,0.9581886809085782,11/57,16.71%
Regulated Necrosis R-HSA-5218859,Reactome_2022,-0.8613311264414623,Downregulated,0.9588678591340604,15/32,38.49%
Signaling By ALK Fusions And Activated Point Mutants R-HSA-9725370,Reactome_2022,-0.8621475308436444,Downregulated,0.9578575590181124,7/40,14.39%
Neuropeptide Signaling Pathway (GO:0007218),GO_Biological_Process_2025,-0.8622307275706356,Downregulated,0.9585791165273962,21/29,32.73%
Pre-NOTCH Expression And Processing R-HSA-1912422,Reactome_2022,-0.8625039838145804,Downregulated,0.9588671658463652,8/30,22.76%
Protease Binding (GO:0002020),GO_Molecular_Function_2025,-0.8626693262257635,Downregulated,0.9593846396804946,15/54,20.49%
mRNA Decay By 3 To 5 Exoribonuclease R-HSA-429958,Reactome_2022,-0.8629174385051659,Downregulated,0.9597537191132504,4/15,25.36%
Regulation of Calcium Ion Transmembrane Transport (GO:1903169),GO_Biological_Process_2025,-0.8638260161594511,Downregulated,0.9585141951422256,4/17,13.04%
PCP/CE Pathway R-HSA-4086400,Reactome_2022,-0.8642281921877027,Downregulated,0.9584922718613564,20/73,23.20%
Positive Regulation of Supramolecular Fiber Organization (GO:1902905),GO_Biological_Process_2025,-0.8650758566096444,Downregulated,0.9574613650309032,9/46,19.43%
Cargo Concentration In ER R-HSA-5694530,Reactome_2022,-0.8657122641652096,Downregulated,0.9568884063827936,10/18,40.28%
Leishmania Infection R-HSA-9658195,Reactome_2022,-0.8665038492704736,Downregulated,0.9559706785666408,29/97,22.30%
Extracellular Membrane-Bounded Organelle (GO:0065010),GO_Cellular_Component_2025,-0.8670589952812205,Downregulated,0.9556097043698216,8/30,11.67%
Pathways of neurodegeneration,KEGG_2021_Human,-0.867794699888247,Downregulated,0.9547582830695888,67/295,22.03%
Formation Of HIV-1 Elongation Complex Containing HIV-1 Tat R-HSA-167200,Reactome_2022,-0.8700068124909917,Downregulated,0.950327254488208,15/39,28.31%
Anchoring Of Basal Body To Plasma Membrane R-HSA-5620912,Reactome_2022,-0.8712437906288756,Downregulated,0.9483058435004552,7/45,16.98%
Positive Regulation of Transcription Elongation by RNA Polymerase II (GO:0032968),GO_Biological_Process_2025,-0.8719055397169294,Downregulated,0.9476550980569246,13/35,24.66%
Sarcoplasmic Reticulum Membrane (GO:0033017),GO_Cellular_Component_2025,-0.8747537963315992,Downregulated,0.9415418423118566,5/22,11.92%
VEGFA VEGFR2 Signaling WP3888,WikiPathways_2024_Human,-0.8762765780191266,Downregulated,0.9385953691393736,58/237,21.69%
NF1 Copy Number Variation Syndrome WP5366,WikiPathways_2024_Human,-0.8771543739506094,Downregulated,0.9373059481474496,18/51,25.69%
Prolactin signaling pathway,KEGG_2021_Human,-0.8774051237611405,Downregulated,0.937576672884163,8/45,10.88%
Hepatocyte Growth Factor Receptor Signaling WP313,WikiPathways_2024_Human,-0.8786643994161804,Downregulated,0.9354076460928866,7/21,20.17%
Protein Methylation (GO:0006479),GO_Biological_Process_2025,-0.8788780885725854,Downregulated,0.935793385571302,11/21,35.12%
Signaling By FGFR R-HSA-190236,Reactome_2022,-0.8792766158426579,Downregulated,0.9357198988441712,4/45,4.60%
Spliceosomal Complex Assembly (GO:0000245),GO_Biological_Process_2025,-0.8800119026118959,Downregulated,0.9348419600467418,18/52,26.25%
Positive Regulation of Transport (GO:0051050),GO_Biological_Process_2025,-0.8806033750633789,Downregulated,0.9342692646496196,9/24,25.75%
Regulation of Type II Interferon Production (GO:0032649),GO_Biological_Process_2025,-0.880796957023857,Downregulated,0.9346808029120977,7/20,22.00%
Positive Regulation of Cytoskeleton Organization (GO:0051495),GO_Biological_Process_2025,-0.8829195286456714,Downregulated,0.9303656064818928,8/32,19.43%
Chondrocyte Differentiation (GO:0002062),GO_Biological_Process_2025,-0.8843711209075267,Downregulated,0.9276042427336616,3/21,4.55%
Transaminase Activity (GO:0008483),GO_Molecular_Function_2025,-0.8852322494970661,Downregulated,0.926344475820432,3/16,12.90%
tRNA Methylation (GO:0030488),GO_Biological_Process_2025,-0.8862798926315678,Downregulated,0.9246317324564358,6/23,23.76%
RNA Splicing (GO:0008380),GO_Biological_Process_2025,-0.8868216375883005,Downregulated,0.9241976790950328,24/69,29.18%
Modified Amino Acid Catabolic Process (GO:0042219),GO_Biological_Process_2025,-0.8869999059284263,Downregulated,0.924668034142249,4/15,14.68%
Sensory Organ Development (GO:0007423),GO_Biological_Process_2025,-0.8876548434607835,Downregulated,0.9239756988500528,11/49,13.47%
Cytoskeleton (GO:0005856),GO_Cellular_Component_2025,-0.8885211173284657,Downregulated,0.9226863480187932,70/337,19.12%
Non-alcoholic fatty liver disease,KEGG_2021_Human,-0.8885605071479882,Downregulated,0.9234957158847008,29/94,26.53%
Signaling By RAF1 Mutants R-HSA-9656223,Reactome_2022,-0.8889245569427885,Downregulated,0.923502964911413,3/16,10.88%
Secretory Granule Organization (GO:0033363),GO_Biological_Process_2025,-0.889558173116257,Downregulated,0.9228263573631073,6/17,27.58%
HDAC6 Interactions In The Central Nervous System WP5426,WikiPathways_2024_Human,-0.8899617732304279,Downregulated,0.9227070016084696,21/71,20.50%
Condensed Nuclear Chromosome (GO:0000794),GO_Cellular_Component_2025,-0.8906206178065263,Downregulated,0.921995637440222,8/17,29.95%
Positive Regulation of Tumor Necrosis Factor Superfamily Cytokine Production (GO:1903557),GO_Biological_Process_2025,-0.891144360630171,Downregulated,0.9215627085845556,3/22,7.43%
Positive Regulation of Tumor Necrosis Factor Production (GO:0032760),GO_Biological_Process_2025,-0.891144360630171,Downregulated,0.9215627085845556,3/22,7.43%
Membrane Fission (GO:0090148),GO_Biological_Process_2025,-0.8913147473102906,Downregulated,0.922971269046802,6/34,9.85%
Synaptic Vesicle Exocytosis (GO:0016079),GO_Biological_Process_2025,-0.8928400142714741,Downregulated,0.9199469431600787,8/19,22.11%
Regulation of Cell Migration (GO:0030334),GO_Biological_Process_2025,-0.8930470789776723,Downregulated,0.9203575095693872,49/167,24.06%
Regulation of Cell Cycle G1/S Phase Transition (GO:1902806),GO_Biological_Process_2025,-0.8937534702068979,Downregulated,0.9194694516550452,15/48,31.71%
Establishment or Maintenance of Epithelial Cell Apical/Basal Polarity (GO:0045197),GO_Biological_Process_2025,-0.894380604225315,Downregulated,0.9188438917504506,11/23,29.85%
ErbB Signaling WP673,WikiPathways_2024_Human,-0.8943901405122956,Downregulated,0.9197465503377832,14/43,21.01%
Endocytic Vesicle (GO:0030139),GO_Cellular_Component_2025,-0.894717989903625,Downregulated,0.9198149853528528,36/104,25.97%
Hepatitis C,KEGG_2021_Human,-0.8973021532377571,Downregulated,0.913973197196886,12/63,10.88%
Transport Of Mature mRNA Derived From An Intron-Containing Transcript R-HSA-159236,Reactome_2022,-0.8973309960520202,Downregulated,0.9148207488574084,14/56,24.40%
Notch Signaling WP61,WikiPathways_2024_Human,-0.897463800349358,Downregulated,0.9154200070167056,10/34,20.99%
Lipid and atherosclerosis,KEGG_2021_Human,-0.8977150006648397,Downregulated,0.915711986284363,22/100,15.55%
Regulation of Double-Strand Break Repair via Homologous Recombination (GO:0010569),GO_Biological_Process_2025,-0.8979082895121312,Downregulated,0.9161689759079156,14/43,25.84%
Protein Localization to Membrane (GO:0072657),GO_Biological_Process_2025,-0.8980219181826901,Downregulated,0.916797578184962,35/98,24.78%
16P11 2 Proximal Deletion Syndrome WP4949,WikiPathways_2024_Human,-0.898748254070864,Downregulated,0.91583837034517,18/45,28.49%
Response to Light Stimulus (GO:0009416),GO_Biological_Process_2025,-0.8990305754247446,Downregulated,0.9160333741133758,5/27,10.83%
Regulation of NLRP3 Inflammasome Complex Assembly (GO:1900225),GO_Biological_Process_2025,-0.8998793883774039,Downregulated,0.9147298798128032,7/21,15.52%
Regulation of Actin Polymerization or Depolymerization (GO:0008064),GO_Biological_Process_2025,-0.901476163316368,Downregulated,0.9115376648777352,9/15,32.44%
Lysine-Acetylated Histone Binding (GO:0070577),GO_Molecular_Function_2025,-0.9015693071326848,Downregulated,0.912236509045546,3/16,11.44%
AGE-RAGE signaling pathway in diabetic complications,KEGG_2021_Human,-0.9024002948486466,Downregulated,0.9109312104872156,14/43,21.01%
Regulation of Mitotic Nuclear Division (GO:0007088),GO_Biological_Process_2025,-0.9030199453548272,Downregulated,0.9102748954618894,10/20,33.05%
Intraflagellar Transport R-HSA-5620924,Reactome_2022,-0.9047094795426496,Downregulated,0.9067119532364588,9/25,31.27%
Apoptosis R-HSA-109581,Reactome_2022,-0.9061719195319328,Downregulated,0.90381840111541,22/106,20.63%
Mitochondrial Membrane (GO:0031966),GO_Cellular_Component_2025,-0.9072592946763084,Downregulated,0.901949118413324,103/395,24.88%
"Catalytic Activity, Acting on a tRNA (GO:0140101)",GO_Molecular_Function_2025,-0.9075494611664554,Downregulated,0.9021342030325996,19/29,46.43%
Phosphatidylserine Metabolic Process (GO:0006658),GO_Biological_Process_2025,-0.9086279852154092,Downregulated,0.9002337336034505,2/16,4.52%
Processing Of Capped Intronless Pre-mRNA R-HSA-75067,Reactome_2022,-0.9086821739083464,Downregulated,0.9010413820886436,13/27,34.45%
Acetylation-Dependent Protein Binding (GO:0140033),GO_Molecular_Function_2025,-0.9091527201912208,Downregulated,0.9007101591912205,3/17,11.44%
Peptidyl-Threonine Modification (GO:0018210),GO_Biological_Process_2025,-0.9094363185356402,Downregulated,0.9008832285560952,7/31,10.87%
ErbB signaling pathway,KEGG_2021_Human,-0.9097073836604226,Downregulated,0.9010460345059068,19/41,30.00%
Phagocytic Vesicle (GO:0045335),GO_Cellular_Component_2025,-0.9104008589872772,Downregulated,0.9001173537922926,5/51,4.31%
Purine metabolism,KEGG_2021_Human,-0.911469226401724,Downregulated,0.8981904709187352,23/78,24.94%
Protein Tyrosine Phosphatase Activity (GO:0004725),GO_Molecular_Function_2025,-0.912677732368116,Downregulated,0.8958705896027636,7/20,20.44%
Phosphatidylinositol signaling system,KEGG_2021_Human,-0.912903811302271,Downregulated,0.8962048602493669,45/89,35.61%
Diabetic cardiomyopathy,KEGG_2021_Human,-0.9131058708253854,Downregulated,0.8966172541445897,27/117,17.05%
Huntington disease,KEGG_2021_Human,-0.9131860760624196,Downregulated,0.8973414225934476,31/210,13.92%
Gland Development (GO:0048732),GO_Biological_Process_2025,-0.9139190335665786,Downregulated,0.8963798311836366,16/42,24.89%
Regulation Of PLK1 Activity At G2/M Transition R-HSA-2565942,Reactome_2022,-0.9154509907636104,Downregulated,0.8932424198658855,8/47,16.98%
Kinase Inhibitor Activity (GO:0019210),GO_Molecular_Function_2025,-0.9165277559553316,Downregulated,0.8912584003858242,6/27,24.09%
Focal Adhesion (GO:0005925),GO_Cellular_Component_2025,-0.9166287765973232,Downregulated,0.8919119894896462,43/232,15.83%
Ion Channel Regulator Activity (GO:0099106),GO_Molecular_Function_2025,-0.9179387650915388,Downregulated,0.8893895398699305,8/49,6.63%
Endopeptidase Activator Activity (GO:0061133),GO_Molecular_Function_2025,-0.9199896121642608,Downregulated,0.8846958432592819,10/15,39.02%
Epithelial To Mesenchymal Transition In Colorectal Cancer WP4239,WikiPathways_2024_Human,-0.9207035421213936,Downregulated,0.8836681597147152,26/89,22.03%
Negative Regulation of Response to External Stimulus (GO:0032102),GO_Biological_Process_2025,-0.9210823409275926,Downregulated,0.8836130566920989,15/58,21.21%
Oxidative Phosphorylation (GO:0006119),GO_Biological_Process_2025,-0.9212301955763866,Downregulated,0.8841675880755522,21/46,39.20%
Signaling By NOTCH2 R-HSA-1980145,Reactome_2022,-0.9217591433973126,Downregulated,0.8837086670349557,2/21,4.55%
Sensory Processing Of Sound By Outer Hair Cells Of Cochlea R-HSA-9662361,Reactome_2022,-0.922164660094677,Downregulated,0.8835768261528407,18/29,36.40%
Cell-Substrate Junction (GO:0030055),GO_Cellular_Component_2025,-0.9226272765967652,Downregulated,0.8832489285304927,44/235,15.83%
Mitotic Prometaphase R-HSA-68877,Reactome_2022,-0.92347715078049,Downregulated,0.8819512478550497,18/99,16.98%
Protein Targeting (GO:0006605),GO_Biological_Process_2025,-0.9236246204773548,Downregulated,0.8824961103410272,28/94,18.95%
Activated NOTCH1 Transmits Signal To Nucleus R-HSA-2122948,Reactome_2022,-0.9240400310861412,Downregulated,0.8822737208293051,1/22,0.07%
Cytoprotection By HMOX1 R-HSA-9707564,Reactome_2022,-0.9246025939803952,Downregulated,0.8816503871060345,5/33,9.72%
Proton Motive Force-Driven Mitochondrial ATP Synthesis (GO:0042776),GO_Biological_Process_2025,-0.9256509046904596,Downregulated,0.8797150979382279,20/43,39.20%
Negative Regulation of Intracellular Steroid Hormone Receptor Signaling Pathway (GO:0033144),GO_Biological_Process_2025,-0.925735508094465,Downregulated,0.880429691398367,7/19,21.96%
Regulation of T Cell Proliferation (GO:0042129),GO_Biological_Process_2025,-0.9264916376976324,Downregulated,0.8793242841382839,8/15,29.85%
Proton Motive Force-Driven ATP Synthesis (GO:0015986),GO_Biological_Process_2025,-0.930105750523034,Downregulated,0.870282936827404,21/45,39.20%
Human immunodeficiency virus 1 infection,KEGG_2021_Human,-0.9305515149296149,Downregulated,0.8700096067954097,37/115,21.19%
Early Endosome Membrane (GO:0031901),GO_Cellular_Component_2025,-0.9320586536339122,Downregulated,0.8667365550922046,22/69,24.87%
Regulation of Toll-Like Receptor Signaling Pathway (GO:0034121),GO_Biological_Process_2025,-0.9322078005757564,Downregulated,0.8672840470528249,9/15,29.66%
Negative Regulation of Apoptotic Signaling Pathway (GO:2001234),GO_Biological_Process_2025,-0.9333929162032536,Downregulated,0.8649706074839021,14/40,21.94%
Macromolecule Modification (GO:0043412),GO_Biological_Process_2025,-0.9343748496994428,Downregulated,0.8631681456669158,13/36,24.99%
Glucocorticoid Receptor Pathway WP2880,WikiPathways_2024_Human,-0.9344717295875872,Downregulated,0.8638307862384913,9/38,19.09%
Cation Binding (GO:0043169),GO_Molecular_Function_2025,-0.934795353579478,Downregulated,0.863883361545172,7/43,12.04%
Kaposi sarcoma-associated herpesvirus infection,KEGG_2021_Human,-0.9369395061612312,Downregulated,0.8588919828426689,26/86,21.48%
Positive Regulation of DNA-templated Transcription Initiation (GO:2000144),GO_Biological_Process_2025,-0.9383749406325176,Downregulated,0.8558816991062341,21/48,31.83%
RHOBTB2 GTPase Cycle R-HSA-9013418,Reactome_2022,-0.9387492851064776,Downregulated,0.855771332478122,10/16,35.08%
Protein-Containing Complex Assembly (GO:0065003),GO_Biological_Process_2025,-0.93943070148992,Downregulated,0.854816398830355,49/187,23.89%
Signaling By FGFR4 R-HSA-5654743,Reactome_2022,-0.9395745524551274,Downregulated,0.8553563147036335,3/18,15.01%
Notch Signaling WP268,WikiPathways_2024_Human,-0.9396814449454768,Downregulated,0.8559832172975587,8/26,26.57%
Negative Regulation of Protein Modification by Small Protein Conjugation or Removal (GO:1903321),GO_Biological_Process_2025,-0.9402846120489826,Downregulated,0.855228628088774,8/33,17.18%
Positive Regulation of DNA Recombination (GO:0045911),GO_Biological_Process_2025,-0.9405973801778712,Downregulated,0.8552713856464543,10/28,25.84%
Transition Metal Ion Binding (GO:0046914),GO_Molecular_Function_2025,-0.9410790382591732,Downregulated,0.8549096791632358,57/232,18.75%
tRNA Aminoacylation R-HSA-379724,Reactome_2022,-0.9420642103161844,Downregulated,0.8531245951669095,20/39,35.24%
22Q11 2 Copy Number Variation Syndrome WP4657,WikiPathways_2024_Human,-0.9426281099973028,Downregulated,0.852492558326038,15/59,19.85%
Regulation of Stem Cell Differentiation (GO:2000736),GO_Biological_Process_2025,-0.9428624166138072,Downregulated,0.8527814318524027,6/27,21.99%
Parkinson disease,KEGG_2021_Human,-0.9436405695491672,Downregulated,0.8515321062497351,28/163,15.37%
Toll Like Receptor Signaling WP75,WikiPathways_2024_Human,-0.9443848757960168,Downregulated,0.8504066389938791,7/27,10.88%
U2 snRNP (GO:0005686),GO_Cellular_Component_2025,-0.9447023711227625,Downregulated,0.850464011617132,7/20,25.60%
"mRNA Splicing, via Spliceosome (GO:0000398)",GO_Biological_Process_2025,-0.9447226976284928,Downregulated,0.8513275058947847,43/154,25.60%
Hippo YAP Signaling WP4537,WikiPathways_2024_Human,-0.9449429955190236,Downregulated,0.8516232232508826,2/17,5.06%
Regulation of DNA-templated Transcription Elongation (GO:0032784),GO_Biological_Process_2025,-0.9453660273972752,Downregulated,0.8514334343159462,14/31,28.30%
Salmonella infection,KEGG_2021_Human,-0.946507249846012,Downregulated,0.8491542000890243,53/140,31.64%
Regulation of Focal Adhesion Assembly (GO:0051893),GO_Biological_Process_2025,-0.9467883628717498,Downregulated,0.8492864042852903,5/26,9.95%
DNA IR Double Strand Breaks And Cellular Response Via ATM WP3959,WikiPathways_2024_Human,-0.9470403550353016,Downregulated,0.8494845605711434,12/33,26.08%
Positive Regulation of Transcription Initiation by RNA Polymerase II (GO:0060261),GO_Biological_Process_2025,-0.9486474684305866,Downregulated,0.8459673592775777,19/43,31.83%
Positive Regulation of Protein Localization to Cell Periphery (GO:1904377),GO_Biological_Process_2025,-0.9489728219566912,Downregulated,0.845981790456119,10/28,19.93%
Inositol phosphate metabolism,KEGG_2021_Human,-0.9492394201754176,Downregulated,0.8461647142209979,25/65,25.80%
Myofibril (GO:0030016),GO_Cellular_Component_2025,-0.9495357928195424,Downregulated,0.846314125256879,7/15,25.48%
Growth Factor Receptor Binding (GO:0070851),GO_Molecular_Function_2025,-0.9499059453613192,Downregulated,0.8461507226105698,3/27,4.52%
Filopodium (GO:0030175),GO_Cellular_Component_2025,-0.9507374398939816,Downregulated,0.8448019177423879,13/25,27.92%
Extracellular Matrix Organization R-HSA-1474244,Reactome_2022,-0.9507830381762568,Downregulated,0.845605408102238,27/90,21.56%
Platelet Dense Granule Organization (GO:0060155),GO_Biological_Process_2025,-0.95079721613587,Downregulated,0.8465043751536474,6/16,27.58%
Calcium Ion Transmembrane Transport (GO:0070588),GO_Biological_Process_2025,-0.9518039244152496,Downregulated,0.8446483838391,14/58,18.18%
Regulation of Endocytosis (GO:0030100),GO_Biological_Process_2025,-0.9519499838966228,Downregulated,0.8451812322844066,10/37,16.50%
Positive Regulation of Wound Healing (GO:0090303),GO_Biological_Process_2025,-0.9523779005976736,Downregulated,0.8448569005488811,6/18,17.07%
Cilium Assembly R-HSA-5617833,Reactome_2022,-0.9529139851910726,Downregulated,0.8443141601336335,37/103,33.53%
Cellular Response to Hydrogen Peroxide (GO:0070301),GO_Biological_Process_2025,-0.953292570644954,Downregulated,0.8442469812222244,7/17,26.18%
Choline metabolism in cancer,KEGG_2021_Human,-0.9557347928041048,Downregulated,0.8382337653053861,5/66,0.60%
Response to Glucose (GO:0009749),GO_Biological_Process_2025,-0.955943256219822,Downregulated,0.8386202958017164,10/26,23.01%
Transport Of Mature Transcript To Cytoplasm R-HSA-72202,Reactome_2022,-0.9572660964304346,Downregulated,0.8358337649438214,17/64,24.40%
Extracellular Matrix Organization (GO:0030198),GO_Biological_Process_2025,-0.9574905617754392,Downregulated,0.8361706711608744,19/54,24.50%
Mitochondrial Complex I Assembly Model OXPHOS System WP4324,WikiPathways_2024_Human,-0.9578912473110246,Downregulated,0.835955189072666,18/40,39.20%
Wnt Signaling Pathway (GO:0016055),GO_Biological_Process_2025,-0.9599416444477908,Downregulated,0.8309976929750114,17/55,22.03%
"RNA Splicing, via Transesterification Reactions With Bulged Adenosine as Nucleophile (GO:0000377)",GO_Biological_Process_2025,-0.9600662890536756,Downregulated,0.8315671985973297,35/126,25.60%
Dilated cardiomyopathy,KEGG_2021_Human,-0.9614288540214102,Downregulated,0.828557251695061,14/56,16.97%
Glucose Metabolism R-HSA-70326,Reactome_2022,-0.961740624477328,Downregulated,0.8285907895982784,27/74,28.64%
Negative Regulation of Protein Binding (GO:0032091),GO_Biological_Process_2025,-0.9623989867464052,Downregulated,0.8276552531557533,6/24,16.97%
Paradoxical Activation Of RAF Signaling By Kinase Inactive BRAF R-HSA-6802955,Reactome_2022,-0.963407881861532,Downregulated,0.8256442550797175,4/18,12.87%
Vesicle Organization (GO:0016050),GO_Biological_Process_2025,-0.9640715095839478,Downregulated,0.8246916813492007,12/41,27.74%
Positive Regulation of Canonical Wnt Signaling Pathway (GO:0090263),GO_Biological_Process_2025,-0.9642492322984269,Downregulated,0.8251584416407369,14/51,21.96%
Constitutive Heterochromatin Formation (GO:0140719),GO_Biological_Process_2025,-0.9649467693495634,Downregulated,0.8242514903060016,3/25,11.45%
Hydrogen Peroxide Metabolic Process (GO:0042743),GO_Biological_Process_2025,-0.965402607091731,Downregulated,0.8239086897412643,6/17,24.50%
EPH-Ephrin Signaling R-HSA-2682334,Reactome_2022,-0.9660029595351616,Downregulated,0.8231697603135404,29/48,39.02%
Protein Exit From Endoplasmic Reticulum (GO:0032527),GO_Biological_Process_2025,-0.966025935143391,Downregulated,0.8240414437762933,6/20,22.79%
COPII-coated ER to Golgi Transport Vesicle (GO:0030134),GO_Cellular_Component_2025,-0.966450375613902,Downregulated,0.8237720120498272,19/45,30.17%
Positive Regulation of Telomere Maintenance via Telomere Lengthening (GO:1904358),GO_Biological_Process_2025,-0.9686519218965128,Downregulated,0.8185956759143445,12/16,43.02%
Calcium Ion Import (GO:0070509),GO_Biological_Process_2025,-0.9703195601022558,Downregulated,0.8148345355549677,2/18,3.80%
Protein Serine/Threonine Phosphatase Activity (GO:0004722),GO_Molecular_Function_2025,-0.9713099324892412,Downregulated,0.8129436916482415,9/51,14.26%
Regulation of Immune Response (GO:0050776),GO_Biological_Process_2025,-0.9718577606817153,Downregulated,0.8122954012926937,13/25,29.66%
Signaling By NOTCH1 R-HSA-1980143,Reactome_2022,-0.9724161455350192,Downregulated,0.8116495294363699,9/44,20.39%
Regulation of Bone Mineralization (GO:0030500),GO_Biological_Process_2025,-0.9726657289116674,Downregulated,0.8118500124995914,2/22,2.20%
Mismatch repair,KEGG_2021_Human,-0.9733948133819048,Downregulated,0.8107155658397774,6/17,28.86%
Embryonic Skeletal System Development (GO:0048706),GO_Biological_Process_2025,-0.973569199022408,Downregulated,0.8111173465062059,3/19,8.37%
Proteoglycans in cancer,KEGG_2021_Human,-0.9737175239443346,Downregulated,0.8116329016829745,36/115,23.10%
Taste transduction,KEGG_2021_Human,-0.9742709403256392,Downregulated,0.8109786060940567,7/25,13.06%
Regulation of GTPase Activity (GO:0043087),GO_Biological_Process_2025,-0.9744234268521376,Downregulated,0.8114883080410623,19/52,25.42%
Glycolysis And Gluconeogenesis WP534,WikiPathways_2024_Human,-0.975506982140549,Downregulated,0.8093799106861018,16/37,21.53%
Adherens junction,KEGG_2021_Human,-0.9763234084175416,Downregulated,0.8079626248192321,11/32,18.06%
Rough Endoplasmic Reticulum (GO:0005791),GO_Cellular_Component_2025,-0.9767669802265626,Downregulated,0.8075714666409057,4/17,9.73%
RIPK1-mediated Regulated Necrosis R-HSA-5213460,Reactome_2022,-0.9769648050246602,Downregulated,0.8079313609929886,9/19,38.49%
Immunoregulatory Interactions Between A Lymphoid And A non-Lymphoid Cell R-HSA-198933,Reactome_2022,-0.9776736445210996,Downregulated,0.8068091745153654,8/23,11.78%
Phosphatidylinositol Bisphosphate Binding (GO:1902936),GO_Molecular_Function_2025,-0.9783671378966824,Downregulated,0.8058081781425318,16/52,23.80%
Protein Kinase Inhibitor Activity (GO:0004860),GO_Molecular_Function_2025,-0.980114385791656,Downregulated,0.8017805374652653,6/38,12.62%
lncRNA In Canonical Wnt Signaling And Colorectal Cancer WP4258,WikiPathways_2024_Human,-0.9803042970760244,Downregulated,0.802177049238994,20/56,22.03%
Magnesium Ion Binding (GO:0000287),GO_Molecular_Function_2025,-0.9805731499897468,Downregulated,0.8023379406368034,21/103,12.43%
ATP Metabolic Process (GO:0046034),GO_Biological_Process_2025,-0.9809721422300582,Downregulated,0.8021499435259546,17/38,27.74%
Pathogenic Escherichia coli infection,KEGG_2021_Human,-0.9815777901152982,Downregulated,0.8013966484024457,24/97,17.36%
Neuron Projection (GO:0043005),GO_Cellular_Component_2025,-0.9824890777495692,Downregulated,0.7996431999994672,115/247,32.73%
Positive Regulation of Endothelial Cell Proliferation (GO:0001938),GO_Biological_Process_2025,-0.9830085524000002,Downregulated,0.7991368315883212,7/27,17.12%
Tertiary Granule Lumen (GO:1904724),GO_Cellular_Component_2025,-0.9832185217941906,Downregulated,0.7994950425115007,9/25,18.55%
"Retrograde Transport, Endosome to Golgi (GO:0042147)",GO_Biological_Process_2025,-0.985783914573984,Downregulated,0.7930659255913959,20/59,27.52%
Non-integrin membrane-ECM Interactions R-HSA-3000171,Reactome_2022,-0.985800861121576,Downregulated,0.793958957648943,8/21,23.88%
Calcium Ion Transmembrane Transporter Activity (GO:0015085),GO_Molecular_Function_2025,-0.9871225421986198,Downregulated,0.7912924856401915,8/52,9.64%
RAF Activation R-HSA-5673000,Reactome_2022,-0.9894259150124636,Downregulated,0.7856013300869225,8/17,39.51%
Regulation of Cellular Component Size (GO:0032535),GO_Biological_Process_2025,-0.9900903164501584,Downregulated,0.7847127412283392,14/27,30.18%
Retrograde Transport At Trans-Golgi-Network R-HSA-6811440,Reactome_2022,-0.991214123422492,Downregulated,0.7822604521378936,10/37,17.11%
Positive Regulation of Cell Adhesion (GO:0045785),GO_Biological_Process_2025,-0.9917776857905578,Downregulated,0.7815936129582948,12/34,19.09%
Actin Filament (GO:0005884),GO_Cellular_Component_2025,-0.9930823414864122,Downregulated,0.7789117956304706,6/34,4.31%
Nucleotide Catabolism R-HSA-8956319,Reactome_2022,-0.9939949400099456,Downregulated,0.7772178611707714,3/17,6.96%
Class A/1 (Rhodopsin-like Receptors) R-HSA-373076,Reactome_2022,-0.9941132741158432,Downregulated,0.7778132434673825,39/79,33.36%
RAB Geranylgeranylation R-HSA-8873719,Reactome_2022,-0.994256803064831,Downregulated,0.7782743247296717,4/18,10.58%
Negative Regulation of Cellular Response to Growth Factor Stimulus (GO:0090288),GO_Biological_Process_2025,-0.9949485620820728,Downregulated,0.7771840211433236,4/29,3.07%
Hypertrophic cardiomyopathy,KEGG_2021_Human,-0.9959312417492202,Downregulated,0.7753794302667772,14/52,16.97%
Regulation of Apoptotic Signaling Pathway (GO:2001233),GO_Biological_Process_2025,-0.9971481608718972,Downregulated,0.7728549425635667,7/22,20.44%
Regulation of Innate Immune Response (GO:0045088),GO_Biological_Process_2025,-0.9971540218740884,Downregulated,0.7737600744394904,18/36,29.66%
Ovarian Tumor Domain Proteases R-HSA-5689896,Reactome_2022,-0.9974201678754318,Downregulated,0.7738655076456361,5/18,20.17%
Nanoparticle Mediated Activation Of Receptor Signaling WP2643,WikiPathways_2024_Human,-0.9975994253058658,Downregulated,0.774319051871294,5/17,10.86%
"Plasma Lipoprotein Assembly, Remodeling, And Clearance R-HSA-174824",Reactome_2022,-0.9981854503377928,Downregulated,0.7735542091440658,13/37,20.07%
Cellular Response to Light Stimulus (GO:0071482),GO_Biological_Process_2025,-0.9984193850524344,Downregulated,0.7737927084249848,8/39,18.82%
Synaptic Vesicle Cycle (GO:0099504),GO_Biological_Process_2025,-0.999736893757756,Downregulated,0.7710167063622194,11/24,22.11%
Ras signaling pathway,KEGG_2021_Human,-0.9998741577660804,Downregulated,0.7715633066444134,28/98,21.19%
Diseases Associated With N-glycosylation Of Proteins R-HSA-3781860,Reactome_2022,-0.9999696446398456,Downregulated,0.7722230884699053,5/17,12.96%
Golgi-to-ER Retrograde Transport R-HSA-8856688,Reactome_2022,-1.0002527270735613,Downregulated,0.7723635193993661,26/72,24.47%
Actin-Based Cell Projection (GO:0098858),GO_Cellular_Component_2025,-1.001084051910057,Downregulated,0.7709621988894164,16/37,25.52%
Ventricular Cardiac Muscle Tissue Morphogenesis (GO:0055010),GO_Biological_Process_2025,-1.001322125039511,Downregulated,0.7711941426237399,8/17,20.00%
Ephrin Receptor Signaling Pathway (GO:0048013),GO_Biological_Process_2025,-1.0013765262158991,Downregulated,0.7719618624473219,11/16,35.31%
TBC/RABGAPs R-HSA-8854214,Reactome_2022,-1.0026605169340224,Downregulated,0.7690826190445095,8/19,20.73%
Negative Regulation of Protein Localization to Nucleus (GO:1900181),GO_Biological_Process_2025,-1.0027776497447392,Downregulated,0.7696925094169821,4/16,11.50%
Vesicle Coat (GO:0030120),GO_Cellular_Component_2025,-1.0036530247815267,Downregulated,0.7681634951947297,14/33,24.32%
Complex I Biogenesis R-HSA-6799198,Reactome_2022,-1.0039564733076418,Downregulated,0.768214168794567,13/42,28.58%
Oxidative Damage Response WP3941,WikiPathways_2024_Human,-1.0044039076977838,Downregulated,0.7678592923384909,5/19,10.86%
Regulation Of Beta-Cell Development R-HSA-186712,Reactome_2022,-1.0056031097902478,Downregulated,0.7653314282165449,6/20,20.29%
FGFR2 Mutant Receptor Activation R-HSA-1839126,Reactome_2022,-1.0059269699026814,Downregulated,0.7653195417564155,5/15,25.76%
Signaling By FGFR2 IIIa TM R-HSA-8851708,Reactome_2022,-1.0059269699026814,Downregulated,0.7653195417564155,5/15,25.76%
Late Endosome (GO:0005770),GO_Cellular_Component_2025,-1.005942191802896,Downregulated,0.7671536203693599,41/128,26.01%
Adenyl Nucleotide Binding (GO:0030554),GO_Molecular_Function_2025,-1.0068316781396711,Downregulated,0.7654726521244182,5/17,10.92%
tRNA Processing (GO:0008033),GO_Biological_Process_2025,-1.0069509104545709,Downregulated,0.7660858960838882,16/35,38.71%
Regulation of Macroautophagy (GO:0016241),GO_Biological_Process_2025,-1.0086109469014857,Downregulated,0.7623578324730369,23/79,22.62%
Regulation of Heart Contraction (GO:0008016),GO_Biological_Process_2025,-1.009259539800199,Downregulated,0.7614641812221534,9/33,16.98%
NOTCH3 Activation And Transmission Of Signal To Nucleus R-HSA-9013507,Reactome_2022,-1.0098233123021143,Downregulated,0.760809605896994,1/19,0.07%
Endocytic Vesicle Membrane (GO:0030666),GO_Cellular_Component_2025,-1.010039524721808,Downregulated,0.7610808623585098,25/80,22.00%
One Carbon Metabolism WP241,WikiPathways_2024_Human,-1.0106944701249665,Downregulated,0.7601539245745872,7/18,20.79%
Regulation of Nucleotide-Excision Repair (GO:2000819),GO_Biological_Process_2025,-1.011012050786272,Downregulated,0.7601502243262516,3/17,11.12%
Male Infertility WP4673,WikiPathways_2024_Human,-1.0120257976218487,Downregulated,0.7582183060861099,8/74,9.36%
Positive Regulation of Ossification (GO:0045778),GO_Biological_Process_2025,-1.0133095977532465,Downregulated,0.7555701532341413,2/19,2.20%
Endopeptidase Regulator Activity (GO:0061135),GO_Molecular_Function_2025,-1.0135912662587652,Downregulated,0.7557055350746121,11/27,21.43%
tRNA Modification In Nucleus And Cytosol R-HSA-6782315,Reactome_2022,-1.0146542521941246,Downregulated,0.7536137935206467,10/35,28.98%
Positive Regulation of Double-Strand Break Repair via Homologous Recombination (GO:1905168),GO_Biological_Process_2025,-1.0147401320933516,Downregulated,0.754322381278113,10/25,25.84%
MAP2K And MAPK Activation R-HSA-5674135,Reactome_2022,-1.0156167659556476,Downregulated,0.7526469638428687,4/18,12.87%
Regulation of Supramolecular Fiber Organization (GO:1902903),GO_Biological_Process_2025,-1.016053797737594,Downregulated,0.7522833533834098,5/15,16.90%
Phagocytic Vesicle Membrane (GO:0030670),GO_Cellular_Component_2025,-1.01624801949259,Downregulated,0.7527281320791008,6/26,16.36%
Pigment Biosynthetic Process (GO:0046148),GO_Biological_Process_2025,-1.0180681974126655,Downregulated,0.7484452574082435,5/17,16.73%
Centrosome Maturation R-HSA-380287,Reactome_2022,-1.018663159012845,Downregulated,0.7477210588520175,9/43,16.98%
"Respiratory Electron Transport, ATP Synthesis By Chemiosmotic Coupling, Heat Production By Uncoupling Proteins R-HSA-163200",Reactome_2022,-1.0188960614944012,Downregulated,0.747972845267446,24/78,26.53%
Clathrin-Coated Endocytic Vesicle Membrane (GO:0030669),GO_Cellular_Component_2025,-1.0191811486574778,Downregulated,0.7480681491268676,15/25,27.80%
Skeletal System Development (GO:0001501),GO_Biological_Process_2025,-1.0194551622313066,Downregulated,0.7482760590403941,11/55,12.15%
Golgi Organization (GO:0007030),GO_Biological_Process_2025,-1.019592271856515,Downregulated,0.7488338026351948,39/98,27.46%
Zinc Ion Binding (GO:0008270),GO_Molecular_Function_2025,-1.0200786242226385,Downregulated,0.7483061515886892,46/172,18.75%
Syndecan Interactions R-HSA-3000170,Reactome_2022,-1.0202434891056826,Downregulated,0.7488051859287519,7/16,23.88%
Regulation of Peptide Hormone Secretion (GO:0090276),GO_Biological_Process_2025,-1.0204461694261102,Downregulated,0.7491613560908837,9/20,25.97%
Signaling By Receptor Tyrosine Kinases R-HSA-9006934,Reactome_2022,-1.0211146332663286,Downregulated,0.7481787291022954,55/248,21.01%
Regulation of Wnt Signaling Pathway (GO:0030111),GO_Biological_Process_2025,-1.0221564083910486,Downregulated,0.7463050976495844,18/46,22.01%
Glycolysis R-HSA-70171,Reactome_2022,-1.0222620973998684,Downregulated,0.746936924133839,20/57,28.64%
Anion Binding (GO:0043168),GO_Molecular_Function_2025,-1.0229968418455166,Downregulated,0.7457650302903871,49/215,17.45%
Positive Regulation of Viral Process (GO:0048524),GO_Biological_Process_2025,-1.0233821306172235,Downregulated,0.7457353431292856,10/31,21.21%
Microvillus (GO:0005902),GO_Cellular_Component_2025,-1.0233901901462237,Downregulated,0.7466549784011125,13/28,22.93%
Extrinsic Apoptotic Signaling Pathway (GO:0097191),GO_Biological_Process_2025,-1.0239851804783655,Downregulated,0.7458265802578171,7/26,11.55%
"Positive Regulation of DNA-templated Transcription, Elongation (GO:0032786)",GO_Biological_Process_2025,-1.0249013957707622,Downregulated,0.7442452559274687,16/40,24.66%
Microtubule Cytoskeleton (GO:0015630),GO_Cellular_Component_2025,-1.0264805614565646,Downregulated,0.740728784020613,57/196,25.12%
Caveola (GO:0005901),GO_Cellular_Component_2025,-1.0265408344173057,Downregulated,0.7415105515703004,7/28,11.92%
Rett Syndrome WP4312,WikiPathways_2024_Human,-1.0272016458539917,Downregulated,0.7405818695335792,6/23,15.87%
Positive Regulation of Reactive Oxygen Species Metabolic Process (GO:2000379),GO_Biological_Process_2025,-1.0284558312957637,Downregulated,0.7378553328024173,7/30,8.78%
Cardiac Ventricle Morphogenesis (GO:0003208),GO_Biological_Process_2025,-1.028802270732632,Downregulated,0.737795489965629,10/23,21.93%
Gap junction,KEGG_2021_Human,-1.0296024288581185,Downregulated,0.7364609754372495,15/50,17.14%
Ras Signaling WP4223,WikiPathways_2024_Human,-1.0297541384675049,Downregulated,0.7369495529556251,27/89,21.19%
Ubiquitin-Like Protein Conjugating Enzyme Binding (GO:0044390),GO_Molecular_Function_2025,-1.0300312436974794,Downregulated,0.7370332156392224,6/18,15.66%
Vasopressin Regulates Renal Water Homeostasis Via Aquaporins R-HSA-432040,Reactome_2022,-1.0312086376855618,Downregulated,0.7345988492571616,12/25,21.19%
Protein Phosphorylated Amino Acid Binding (GO:0045309),GO_Molecular_Function_2025,-1.0313947631080629,Downregulated,0.7349889594731059,7/21,21.01%
Positive Regulation of Receptor-Mediated Endocytosis (GO:0048260),GO_Biological_Process_2025,-1.0314567486901451,Downregulated,0.7357624875447439,8/21,27.65%
Regulation of Phosphatidylinositol 3-Kinase/Protein Kinase B Signal Transduction (GO:0051896),GO_Biological_Process_2025,-1.0331791717933314,Downregulated,0.7317489735549544,36/87,29.21%
"Hydrolase Activity, Acting on Carbon-Nitrogen (But Not Peptide) Bonds, in Linear Amides (GO:0016811)",GO_Molecular_Function_2025,-1.0332177964138034,Downregulated,0.7325899117478932,8/26,19.75%
Sensory Processing Of Sound R-HSA-9659379,Reactome_2022,-1.0351291250451071,Downregulated,0.7280108779286013,17/44,23.80%
Endomembrane System Organization (GO:0010256),GO_Biological_Process_2025,-1.0357008506028855,Downregulated,0.7273757942209715,54/147,28.09%
Regulation of Transcription Initiation by RNA Polymerase II (GO:0060260),GO_Biological_Process_2025,-1.0371512792890831,Downregulated,0.7242022634519769,20/44,31.83%
Histone Deacetylase Binding (GO:0042826),GO_Molecular_Function_2025,-1.037800006808544,Downregulated,0.7232739965656251,14/59,19.30%
Wnt Signaling WP363,WikiPathways_2024_Human,-1.0387245232474682,Downregulated,0.7215536961678485,9/27,20.06%
Regulation of Plasma Membrane Bounded Cell Projection Organization (GO:0120035),GO_Biological_Process_2025,-1.0396223492970134,Downregulated,0.7199124106954463,7/15,29.71%
Cytoskeleton-Dependent Cytokinesis (GO:0061640),GO_Biological_Process_2025,-1.040584334182861,Downregulated,0.7181486290898556,17/53,25.70%
Positive Regulation of Cytokine Production (GO:0001819),GO_Biological_Process_2025,-1.0413061132104855,Downregulated,0.7170769144504762,34/109,23.30%
Dolichol-Linked Oligosaccharide Biosynthetic Process (GO:0006488),GO_Biological_Process_2025,-1.0425081783790848,Downregulated,0.7145803283611395,5/18,15.75%
Protein Serine/Threonine Phosphatase Complex (GO:0008287),GO_Cellular_Component_2025,-1.0435476441369833,Downregulated,0.7125003201229628,6/24,11.58%
FCERI Mediated MAPK Activation R-HSA-2871796,Reactome_2022,-1.045129932558606,Downregulated,0.7089688524888407,6/17,17.06%
Cellular Response to Topologically Incorrect Protein (GO:0035967),GO_Biological_Process_2025,-1.046108585400431,Downregulated,0.7071969573052889,6/20,15.48%
Phosphatase Activity (GO:0016791),GO_Molecular_Function_2025,-1.0468261088974222,Downregulated,0.7060317687669108,10/45,11.23%
ADHD And Autism ASD Pathways WP5420,WikiPathways_2024_Human,-1.0469306962078764,Downregulated,0.7066742045637017,60/186,21.69%
Regulation of Muscle Contraction (GO:0006937),GO_Biological_Process_2025,-1.0481722680432983,Downregulated,0.7040696273886028,7/15,25.48%
Small GTPase Binding (GO:0031267),GO_Molecular_Function_2025,-1.049318946956162,Downregulated,0.7018146990661785,36/108,25.13%
GPCRs Class A Rhodopsin Like WP455,WikiPathways_2024_Human,-1.0510892958867737,Downregulated,0.6978183394368552,28/54,32.73%
Negative Regulation of Protein Modification Process (GO:0031400),GO_Biological_Process_2025,-1.0513143594749423,Downregulated,0.6981353616605365,13/25,31.60%
NOTCH2 Activation And Transmission Of Signal To Nucleus R-HSA-2979096,Reactome_2022,-1.0516547227360609,Downregulated,0.6981088405230795,1/16,0.07%
Cell-Cell Adhesion Mediator Activity (GO:0098632),GO_Molecular_Function_2025,-1.053271435695859,Downregulated,0.6944454760381575,8/18,26.61%
U2-type Prespliceosome Assembly (GO:1903241),GO_Biological_Process_2025,-1.055414304684747,Downregulated,0.6894478946047309,8/21,25.60%
Regulation of Protein Modification by Small Protein Conjugation or Removal (GO:1903320),GO_Biological_Process_2025,-1.0562930446896577,Downregulated,0.6879651579220343,9/23,15.66%
Actin Binding (GO:0003779),GO_Molecular_Function_2025,-1.0581497792917849,Downregulated,0.6836049557499357,22/95,17.07%
Glyoxylate Metabolism And Glycine Degradation R-HSA-389661,Reactome_2022,-1.0583870432174416,Downregulated,0.6839009131694885,5/24,8.18%
11P11 2 Copy Number Variation Syndrome WP5348,WikiPathways_2024_Human,-1.058425699069624,Downregulated,0.6847172649574281,11/25,24.24%
Dopaminergic Neurogenesis WP2855,WikiPathways_2024_Human,-1.0587220473577867,Downregulated,0.6848554212349387,4/16,14.32%
Signaling By High-Kinase Activity BRAF Mutants R-HSA-6802948,Reactome_2022,-1.0587792385487094,Downregulated,0.685619147606778,4/16,12.87%
Golgi to Plasma Membrane Transport (GO:0006893),GO_Biological_Process_2025,-1.0590107395986328,Downregulated,0.6858792842084108,8/35,13.49%
Regulation of Actin Nucleation (GO:0051125),GO_Biological_Process_2025,-1.0591243055301185,Downregulated,0.6864581583275929,2/18,4.31%
Positive Regulation of Biomineral Tissue Development (GO:0070169),GO_Biological_Process_2025,-1.0597021122056751,Downregulated,0.6858360172965438,2/20,2.20%
Non Genomic Actions Of 1 25 Dihydroxyvitamin D3 WP4341,WikiPathways_2024_Human,-1.0598524213854712,Downregulated,0.6863300557967066,12/35,17.08%
Sulfur Compound Catabolic Process (GO:0044273),GO_Biological_Process_2025,-1.0605397140680644,Downregulated,0.6853982550392941,4/18,6.37%
+ Reg of Phosphatidylinositol 3-Kinase/Prot Kinase B Signal Transduction (GO:0051897),GO_Biological_Process_2025,-1.0607012642668776,Downregulated,0.6858814964986231,15/53,16.98%
PKMTs Methylate Histone Lysines R-HSA-3214841,Reactome_2022,-1.0610761816407437,Downregulated,0.6857221913657867,10/34,11.44%
Negative Regulation of Cell-Substrate Adhesion (GO:0010812),GO_Biological_Process_2025,-1.0615797946054308,Downregulated,0.6853054844622566,4/20,6.47%
AURKA Activation By TPX2 R-HSA-8854518,Reactome_2022,-1.0642281269451637,Downregulated,0.6789113647788132,7/36,16.98%
Intra-Golgi And Retrograde Golgi-to-ER Traffic R-HSA-6811442,Reactome_2022,-1.06498197012955,Downregulated,0.677792468002005,44/125,25.55%
ER To Golgi Anterograde Transport R-HSA-199977,Reactome_2022,-1.0650160846951495,Downregulated,0.6786289200750277,33/100,24.65%
U12-type Spliceosomal Complex (GO:0005689),GO_Cellular_Component_2025,-1.0657629894371887,Downregulated,0.677526361067394,15/18,46.95%
Positive Regulation of Cell Projection Organization (GO:0031346),GO_Biological_Process_2025,-1.067129151605074,Downregulated,0.6747437088854572,18/48,24.06%
"Adrenaline,noradrenaline Inhibits Insulin Secretion R-HSA-400042",Reactome_2022,-1.068688400110316,Downregulated,0.6713267211597052,10/16,21.19%
Response Of Mtb To Phagocytosis R-HSA-9637690,Reactome_2022,-1.069539857122714,Downregulated,0.6698928854172687,4/15,20.54%
Infection With Mycobacterium Tuberculosis R-HSA-9635486,Reactome_2022,-1.069539857122714,Downregulated,0.6698928854172687,4/15,20.54%
Mitochondrial Inner Membrane (GO:0005743),GO_Cellular_Component_2025,-1.0723963037946973,Downregulated,0.6639501111230367,77/280,24.88%
"Phosphotransferase Activity, Phosphate Group as Acceptor (GO:0016776)",GO_Molecular_Function_2025,-1.0726660867450932,Downregulated,0.6641336525294628,8/22,20.57%
Sarcolemma (GO:0042383),GO_Cellular_Component_2025,-1.0728287110875805,Downregulated,0.6646279277150665,14/30,28.82%
Single-Stranded RNA Binding (GO:0003727),GO_Molecular_Function_2025,-1.0732128789936577,Downregulated,0.664446952353936,5/27,5.38%
Signaling By MET R-HSA-6806834,Reactome_2022,-1.0745230444671343,Downregulated,0.6617720733491053,8/35,15.59%
Tuberculosis,KEGG_2021_Human,-1.0754040929698487,Downregulated,0.6602497054097716,18/76,11.98%
Recycling Endosome (GO:0055037),GO_Cellular_Component_2025,-1.07602114949259,Downregulated,0.6594592639734957,33/88,25.55%
Circadian rhythm,KEGG_2021_Human,-1.0762955363872848,Downregulated,0.659639274329397,3/22,0.82%
Osteoblast Differentiation And Related Diseases WP4787,WikiPathways_2024_Human,-1.076822167961456,Downregulated,0.6591479358163872,30/78,22.03%
1P36 Copy Number Variation Syndrome WP5345,WikiPathways_2024_Human,-1.0771453514253737,Downregulated,0.6591773192166646,18/50,23.35%
Female Gamete Generation (GO:0007292),GO_Biological_Process_2025,-1.0778213272989494,Downregulated,0.6582086706678426,5/19,11.43%
Establishment of Protein Localization to Membrane (GO:0090150),GO_Biological_Process_2025,-1.0783572375256931,Downregulated,0.6576930415720015,17/49,17.98%
Golgi Associated Vesicle Biogenesis R-HSA-432722,Reactome_2022,-1.0783782035695977,Downregulated,0.6585569854363595,24/39,39.57%
Sphingolipid metabolism,KEGG_2021_Human,-1.0783906301314818,Downregulated,0.6594603428527865,12/29,21.71%
Beta-catenin Independent WNT Signaling R-HSA-3858494,Reactome_2022,-1.0786024707416462,Downregulated,0.659853622928204,31/101,22.03%
Negative Regulation of Cell-Matrix Adhesion (GO:0001953),GO_Biological_Process_2025,-1.079513191994741,Downregulated,0.6582185976608643,3/15,6.47%
TAR Syndrome WP5362,WikiPathways_2024_Human,-1.0815964260274342,Downregulated,0.6535413462268232,5/26,8.21%
Clathrin-Coated Vesicle Membrane (GO:0030665),GO_Cellular_Component_2025,-1.0821582808781391,Downregulated,0.6528335762565627,21/45,22.00%
4P16 3 Copy Number Variation WP5365,WikiPathways_2024_Human,-1.0831219010433568,Downregulated,0.6511192214151708,4/19,15.11%
Regulation of Organelle Assembly (GO:1902115),GO_Biological_Process_2025,-1.0835801604147426,Downregulated,0.6507935042947226,12/35,22.86%
Smoothened Signaling Pathway (GO:0007224),GO_Biological_Process_2025,-1.0839447209670323,Downregulated,0.6506849805853497,3/19,5.15%
Cardiomyocyte Signaling Converging On Titin WP5344,WikiPathways_2024_Human,-1.084287041524138,Downregulated,0.6506871719169512,8/15,28.64%
Tryptophan Metabolism WP465,WikiPathways_2024_Human,-1.0849251500284554,Downregulated,0.6499352748837784,4/18,6.45%
Transport To Golgi And Subsequent Modification R-HSA-948021,Reactome_2022,-1.0853236860516895,Downregulated,0.6497379325625002,44/119,24.65%
Common Pathways Underlying Drug Addiction WP2636,WikiPathways_2024_Human,-1.087303656820251,Downregulated,0.6453297904978982,9/23,17.03%
Protein Phosphatase Regulator Activity (GO:0019888),GO_Molecular_Function_2025,-1.088938298722161,Downregulated,0.6415608053847199,10/49,13.00%
Necroptosis,KEGG_2021_Human,-1.0890402085380435,Downregulated,0.6422099349003747,9/50,10.83%
Heart Contraction (GO:0060047),GO_Biological_Process_2025,-1.0891710820297662,Downregulated,0.6427757226737808,8/20,18.85%
Cooperation Of PDCL (PhLP1) And TRiC/CCT In G-protein Beta Folding R-HSA-6814122,Reactome_2022,-1.0901123539489177,Downregulated,0.6412661719509484,14/26,21.19%
Loss Of Nlp From Mitotic Centrosomes R-HSA-380259,Reactome_2022,-1.090283325901824,Downregulated,0.6417480062797609,7/35,16.98%
RHO GTPases Activate PKNs R-HSA-5625740,Reactome_2022,-1.0906148149912758,Downregulated,0.6418571782712573,8/26,17.06%
Cysteine and methionine metabolism,KEGG_2021_Human,-1.091821415616481,Downregulated,0.6394278097535044,6/31,5.14%
Disassembly Of Destruction Complex And Recruitment Of AXIN To Membrane R-HSA-4641262,Reactome_2022,-1.0919636613450825,Downregulated,0.6399814059993639,7/20,31.22%
Metabolic Reprogramming In Pancreatic Cancer WP5220,WikiPathways_2024_Human,-1.0920848579647084,Downregulated,0.6405746576094199,10/33,9.16%
Protein Localization to Plasma Membrane (GO:0072659),GO_Biological_Process_2025,-1.0934814953067922,Downregulated,0.6378181668193306,26/70,24.78%
Glucose Metabolic Process (GO:0006006),GO_Biological_Process_2025,-1.0946527097266407,Downregulated,0.6356348338520387,7/40,8.78%
Neurotransmitter Secretion (GO:0007269),GO_Biological_Process_2025,-1.0965558395761466,Downregulated,0.6313786561642961,10/16,31.25%
Cilium (GO:0005929),GO_Cellular_Component_2025,-1.096891384387182,Downregulated,0.6313689299209678,64/192,29.69%
Metabolism Of Water-Soluble Vitamins And Cofactors R-HSA-196849,Reactome_2022,-1.0971967086512444,Downregulated,0.631467995255087,17/79,9.41%
RHOH GTPase Cycle R-HSA-9013407,Reactome_2022,-1.097298129460339,Downregulated,0.6321010947363204,5/22,6.93%
Glutamate Metabolic Process (GO:0006536),GO_Biological_Process_2025,-1.097791128267926,Downregulated,0.6316868354949653,7/16,15.88%
Formation Of TC-NER Pre-Incision Complex R-HSA-6781823,Reactome_2022,-1.0988819311965492,Downregulated,0.6295772719997024,19/42,35.57%
Cell Surface Interactions At Vascular Wall R-HSA-202733,Reactome_2022,-1.0989598192162524,Downregulated,0.6302501862813282,14/51,11.84%
ncRNAs In Wnt Signaling In Hepatocellular Carcinoma WP4336,WikiPathways_2024_Human,-1.0994576945749648,Downregulated,0.6298712580240159,20/52,22.03%
Negative Regulation of Protein Localization (GO:1903828),GO_Biological_Process_2025,-1.099641633058018,Downregulated,0.630264648889012,5/24,11.50%
GTPase Binding (GO:0051020),GO_Molecular_Function_2025,-1.1013219900617703,Downregulated,0.626640196591284,43/130,25.13%
MicroRNA (miRNA) Biogenesis R-HSA-203927,Reactome_2022,-1.1019359793277452,Downregulated,0.6258977136445117,3/19,5.41%
Regulation of Transcription Elongation by RNA Polymerase II (GO:0034243),GO_Biological_Process_2025,-1.1022001978532816,Downregulated,0.6261366329663043,25/63,27.64%
Processing Of Capped Intron-Containing Pre-mRNA R-HSA-72203,Reactome_2022,-1.1030479463383585,Downregulated,0.6247562741173206,53/186,25.76%
G Protein-Coupled Receptor Activity (GO:0004930),GO_Molecular_Function_2025,-1.1033141051318178,Downregulated,0.6249464593335499,27/55,32.73%
Markers Of Kidney Cell Lineage WP5236,WikiPathways_2024_Human,-1.106886299248646,Downregulated,0.616254428318829,12/23,28.99%
Membrane Raft (GO:0045121),GO_Cellular_Component_2025,-1.1069859311826715,Downregulated,0.6169001919795141,18/58,21.29%
GPCR Ligand Binding R-HSA-500792,Reactome_2022,-1.110218811512293,Downregulated,0.6091600541450333,37/124,22.49%
Positive Regulation of Intracellular Transport (GO:0032388),GO_Biological_Process_2025,-1.1112091122068617,Downregulated,0.6073321016910409,9/26,22.86%
Protein Localization to Golgi Apparatus (GO:0034067),GO_Biological_Process_2025,-1.1112431961217537,Downregulated,0.608147247472035,6/20,16.75%
Positive Regulation of Bone Mineralization (GO:0030501),GO_Biological_Process_2025,-1.1123929816159308,Downregulated,0.6059966254440688,2/17,2.20%
RNA Pol II CTD Phosphorylation And Interaction With CE R-HSA-77075,Reactome_2022,-1.1126081153609573,Downregulated,0.6063626981466528,12/25,35.57%
PI Metabolism R-HSA-1483255,Reactome_2022,-1.1126097223752478,Downregulated,0.6072639830563862,26/56,25.80%
Ficolin-1-Rich Granule Membrane (GO:0101003),GO_Cellular_Component_2025,-1.1130032927107796,Downregulated,0.6071439816925852,14/28,27.48%
Positive Regulation of Viral Genome Replication (GO:0045070),GO_Biological_Process_2025,-1.113791212785611,Downregulated,0.605902436390179,6/20,20.49%
Central Nervous System Development (GO:0007417),GO_Biological_Process_2025,-1.114548206716257,Downregulated,0.6047734095371978,37/149,16.48%
Natural killer cell mediated cytotoxicity,KEGG_2021_Human,-1.1147251809899388,Downregulated,0.6052145980350658,15/36,24.82%
Muscle Contraction (GO:0006936),GO_Biological_Process_2025,-1.1161436070837605,Downregulated,0.6024679965100805,7/48,5.86%
Nuclear Thyroid Hormone Receptor Binding (GO:0046966),GO_Molecular_Function_2025,-1.1176534967064498,Downregulated,0.5992601337369563,8/18,27.23%
Neuropeptide Receptor Activity (GO:0008188),GO_Molecular_Function_2025,-1.1178528674024282,Downregulated,0.5996615793069024,11/17,32.72%
Regulation of Endothelial Cell Proliferation (GO:0001936),GO_Biological_Process_2025,-1.1181026877683014,Downregulated,0.5999175100892414,8/31,17.12%
Intracellular Iron Ion Homeostasis (GO:0006879),GO_Biological_Process_2025,-1.120562793934128,Downregulated,0.5944108712697447,7/32,11.08%
Sensory Processing Of Sound By Inner Hair Cells Of Cochlea R-HSA-9662360,Reactome_2022,-1.1209284404599418,Downregulated,0.5943252403633653,17/42,23.80%
Regulation of Vesicle-Mediated Transport (GO:0060627),GO_Biological_Process_2025,-1.121938536853062,Downregulated,0.5926218453766021,17/51,20.47%
SARS-CoV Infections R-HSA-9679506,Reactome_2022,-1.1245908412515335,Downregulated,0.5866723474647605,40/213,16.62%
mRNA Splicing R-HSA-72172,Reactome_2022,-1.1246203470373015,Downregulated,0.5875057102672425,44/145,25.76%
Endoplasmic Reticulum to Golgi Vesicle-Mediated Transport (GO:0006888),GO_Biological_Process_2025,-1.1262199036913751,Downregulated,0.5842241342897189,28/91,24.65%
Bone Development (GO:0060348),GO_Biological_Process_2025,-1.1271217871747767,Downregulated,0.5827771661198586,3/17,3.07%
Metabolic Epileptic Disorders WP5355,WikiPathways_2024_Human,-1.1274082386069348,Downregulated,0.5829439293531931,14/68,8.48%
Type I Collagen Synthesis Osteogenesis Imperfecta WP4786,WikiPathways_2024_Human,-1.12746960211276,Downregulated,0.5836696872716725,8/18,21.99%
Hippo signaling pathway,KEGG_2021_Human,-1.1278980342467446,Downregulated,0.5834044524776817,30/103,22.03%
Postsynaptic Density (GO:0014069),GO_Cellular_Component_2025,-1.127960855402896,Downregulated,0.5841410052873365,22/85,15.88%
Axon guidance,KEGG_2021_Human,-1.1281172841622753,Downregulated,0.5846438661039914,29/77,24.28%
Physico Chemical Features And Toxicity Associated Pathways WP3680,WikiPathways_2024_Human,-1.129407709568572,Downregulated,0.5822834833994677,14/35,24.57%
SRP-dependent Cotranslational Protein Targeting To Membrane R-HSA-1799339,Reactome_2022,-1.1302907893293774,Downregulated,0.5807941916608489,14/88,9.05%
Striated Muscle Contraction (GO:0006941),GO_Biological_Process_2025,-1.1318610785856658,Downregulated,0.5776566897575155,10/25,18.85%
Anterograde Trans-Synaptic Signaling (GO:0098916),GO_Biological_Process_2025,-1.132226550249094,Downregulated,0.5775036538655324,27/72,21.29%
Positive Regulation of Substrate Adhesion-Dependent Cell Spreading (GO:1900026),GO_Biological_Process_2025,-1.132724603802591,Downregulated,0.577066111219991,6/17,15.59%
RNA degradation,KEGG_2021_Human,-1.1338987377849858,Downregulated,0.5748423035978106,20/53,29.59%
mRNA Splicing - Major Pathway R-HSA-72163,Reactome_2022,-1.1352749493791434,Downregulated,0.5720761905826673,44/142,25.76%
Protein Modification Process (GO:0036211),GO_Biological_Process_2025,-1.1353426927025174,Downregulated,0.5727908123567068,70/281,17.98%
tRNA Aminoacylation (GO:0043039),GO_Biological_Process_2025,-1.1369696193030676,Downregulated,0.5692790577398371,8/21,23.40%
Regulation Of Necroptotic Cell Death R-HSA-5675482,Reactome_2022,-1.1393883598943648,Downregulated,0.5640015083983584,9/17,38.49%
Signaling By FGFR1 R-HSA-5654736,Reactome_2022,-1.1402601894215496,Downregulated,0.5626639112997059,4/22,15.01%
Regulation of Intracellular Estrogen Receptor Signaling Pathway (GO:0033146),GO_Biological_Process_2025,-1.1413021829766166,Downregulated,0.5609508193896223,6/22,20.62%
Negative Regulation of Canonical NF-kappaB Signal Transduction (GO:0043124),GO_Biological_Process_2025,-1.1417960738192263,Downregulated,0.5606115029116658,5/26,8.06%
Hippo Signaling (GO:0035329),GO_Biological_Process_2025,-1.14247218323652,Downregulated,0.5598276437203562,3/16,12.37%
Golgi to Plasma Membrane Protein Transport (GO:0043001),GO_Biological_Process_2025,-1.1447595586068358,Downregulated,0.554857224388769,6/18,13.49%
Fc epsilon RI signaling pathway,KEGG_2021_Human,-1.1457217509538815,Downregulated,0.5533118272116114,11/26,24.77%
Positive Regulation of Neurogenesis (GO:0050769),GO_Biological_Process_2025,-1.146886014123084,Downregulated,0.5512271138513751,13/31,24.06%
Vitamin D Receptor Pathway WP2877,WikiPathways_2024_Human,-1.1473898362353738,Downregulated,0.5508562157224433,10/51,9.84%
Transcriptional Regulation By MECP2 R-HSA-8986944,Reactome_2022,-1.147695287490261,Downregulated,0.5509324842080341,10/28,20.17%
Metallo-Sulfur Cluster Assembly (GO:0031163),GO_Biological_Process_2025,-1.1480087387792473,Downregulated,0.5510874448927173,9/20,29.82%
Iron-Sulfur Cluster Assembly (GO:0016226),GO_Biological_Process_2025,-1.1480087387792473,Downregulated,0.5510874448927173,9/20,29.82%
Positive Regulation of Cell Motility (GO:2000147),GO_Biological_Process_2025,-1.149606094404266,Downregulated,0.5488098928137589,25/79,21.61%
NOTCH1 Intracellular Domain Regulates Transcription R-HSA-2122947,Reactome_2022,-1.149749267296,Downregulated,0.5493209980095787,7/25,20.29%
Regulation of Metal Ion Transport (GO:0010959),GO_Biological_Process_2025,-1.1498966240999764,Downregulated,0.549822848842713,4/15,9.64%
Early Endosome (GO:0005769),GO_Cellular_Component_2025,-1.1501258769565526,Downregulated,0.5501095245695157,60/165,27.80%
Cation-Transporting ATPase Complex (GO:0090533),GO_Cellular_Component_2025,-1.1506748861548453,Downregulated,0.549579121796452,6/24,14.65%
Prader Willi And Angelman Syndrome WP3998,WikiPathways_2024_Human,-1.151577529693897,Downregulated,0.5482564234906592,14/61,17.14%
Intracellular Monoatomic Cation Homeostasis (GO:0030003),GO_Biological_Process_2025,-1.1518180056866876,Downregulated,0.5485186716076462,26/112,17.67%
Phosphatidylinositol Biosynthetic Process (GO:0006661),GO_Biological_Process_2025,-1.154404319522949,Downregulated,0.542962201298378,28/67,25.80%
Wnt Signaling In Kidney Disease WP4150,WikiPathways_2024_Human,-1.155570384681069,Downregulated,0.5409406845535567,11/28,22.03%
Cytoplasmic Vesicle Membrane (GO:0030659),GO_Cellular_Component_2025,-1.1606821445378914,Downregulated,0.5291080819307341,46/211,15.57%
mRNA 3-End Processing R-HSA-72187,Reactome_2022,-1.1621539213217849,Downregulated,0.5262757294299202,15/43,24.40%
Positive Regulation of Wnt Signaling Pathway (GO:0030177),GO_Biological_Process_2025,-1.1624728223405836,Downregulated,0.5263469749182966,19/64,21.96%
Protein Secretion (GO:0009306),GO_Biological_Process_2025,-1.1626264141175535,Downregulated,0.5268306967633174,10/33,15.17%
Negative Regulation of Cellular Component Organization (GO:0051129),GO_Biological_Process_2025,-1.1630251138194532,Downregulated,0.5267021626387711,18/45,26.66%
Modulation of Chemical Synaptic Transmission (GO:0050804),GO_Biological_Process_2025,-1.163754514594655,Downregulated,0.5258140361664858,28/63,20.61%
Exercise Induced Circadian Regulation WP410,WikiPathways_2024_Human,-1.1644909012541238,Downregulated,0.5248201360286081,4/29,5.36%
Protein Lipidation (GO:0006497),GO_Biological_Process_2025,-1.1645817691955045,Downregulated,0.5254744019019573,9/21,16.88%
snRNA Binding (GO:0017069),GO_Molecular_Function_2025,-1.1650711340143836,Downregulated,0.5251224372429961,15/31,31.70%
Insulin signaling pathway,KEGG_2021_Human,-1.1651792184583305,Downregulated,0.5257248651376828,17/99,10.88%
Photodynamic Therapy Induced AP 1 Survival Signaling WP3611,WikiPathways_2024_Human,-1.1664388114589774,Downregulated,0.5234831019028109,6/21,10.86%
RNA Polymerase II Transcription Termination R-HSA-73856,Reactome_2022,-1.1670063841490332,Downregulated,0.5229663343447981,19/52,25.60%
ER to Golgi Transport Vesicle Membrane (GO:0012507),GO_Cellular_Component_2025,-1.1670897546878416,Downregulated,0.5236089002079911,15/27,40.28%
Cytosolic Transport (GO:0016482),GO_Biological_Process_2025,-1.1684402733792425,Downregulated,0.5211303378834202,22/63,27.52%
Actin Filament Bundle Assembly (GO:0051017),GO_Biological_Process_2025,-1.170697192480531,Downregulated,0.5164631094616565,9/20,22.86%
Neurotransmitter Receptors And Postsynaptic Signal Transmission R-HSA-112314,Reactome_2022,-1.170721072960469,Downregulated,0.5172744500274632,35/83,21.19%
Vesicle Coating (GO:0006901),GO_Biological_Process_2025,-1.1715908071216732,Downregulated,0.5159728585760737,10/23,35.09%
Positive Regulation of Signaling (GO:0023056),GO_Biological_Process_2025,-1.1717476273425145,Downregulated,0.5164307687108041,7/17,13.24%
Negative Regulation of Angiogenesis (GO:0016525),GO_Biological_Process_2025,-1.1722972657894852,Downregulated,0.5159401749341219,7/36,8.57%
JNK Cascade (GO:0007254),GO_Biological_Process_2025,-1.1750426060538437,Downregulated,0.510175704716608,13/18,33.33%
Serotonergic synapse,KEGG_2021_Human,-1.1764943445608995,Downregulated,0.5075773760806931,24/52,21.19%
Apoptotic Process (GO:0006915),GO_Biological_Process_2025,-1.1767041563915368,Downregulated,0.5078618322661693,25/109,17.18%
post-Golgi Vesicle-Mediated Transport (GO:0006892),GO_Biological_Process_2025,-1.1767796374442907,Downregulated,0.5085198132260271,18/43,26.65%
Receptor-Mediated Endocytosis (GO:0006898),GO_Biological_Process_2025,-1.1774337039171563,Downregulated,0.5078016100177812,25/61,21.07%
Regulation of Chromosome Segregation (GO:0051983),GO_Biological_Process_2025,-1.1781810964334531,Downregulated,0.5068532563475255,5/16,15.10%
mRNA Capping R-HSA-72086,Reactome_2022,-1.1782560235709405,Downregulated,0.5075028223887909,13/27,35.57%
Positive Regulation of Protein Localization to Plasma Membrane (GO:1903078),GO_Biological_Process_2025,-1.1789098240797948,Downregulated,0.5067577049892977,10/27,19.93%
Melatonin Metabolism And Effects WP3298,WikiPathways_2024_Human,-1.1796297007848675,Downregulated,0.5058862648388706,5/18,7.66%
ECM Proteoglycans R-HSA-3000178,Reactome_2022,-1.1808092600389273,Downregulated,0.5038972133224352,8/18,20.08%
Abortive Elongation Of HIV-1 Transcript In Absence Of Tat R-HSA-167242,Reactome_2022,-1.1818201709672278,Downregulated,0.5023376277802982,8/21,25.76%
Regulation of Substrate Adhesion-Dependent Cell Spreading (GO:1900024),GO_Biological_Process_2025,-1.182100932860067,Downregulated,0.5025162442047301,9/26,15.59%
Positive Regulation of Neuron Projection Development (GO:0010976),GO_Biological_Process_2025,-1.1827854867843175,Downregulated,0.5016722221690539,17/41,24.05%
Signaling By WNT R-HSA-195721,Reactome_2022,-1.1833190943896603,Downregulated,0.5011969884305969,52/184,22.03%
Regulation of Myelination (GO:0031641),GO_Biological_Process_2025,-1.1843790396956553,Downregulated,0.4995537705532514,5/15,12.86%
MET In Type 1 Papillary Renal Cell Carcinoma WP4205,WikiPathways_2024_Human,-1.1853198366447282,Downregulated,0.4981147049558824,10/29,21.01%
Protein Acylation (GO:0043543),GO_Biological_Process_2025,-1.18577319051033,Downregulated,0.4978717085928821,11/29,16.88%
Type II diabetes mellitus,KEGG_2021_Human,-1.186863234475159,Downregulated,0.4961499873437925,10/30,10.88%
"mRNA Cis Splicing, via Spliceosome (GO:0045292)",GO_Biological_Process_2025,-1.1868973200232842,Downregulated,0.4969219437600635,7/15,24.40%
Positive Regulation of Phosphorylation (GO:0042327),GO_Biological_Process_2025,-1.187755149768606,Downregulated,0.4957280485070776,12/37,22.01%
Negative Regulation of Endocytosis (GO:0045806),GO_Biological_Process_2025,-1.1878741456944146,Downregulated,0.4962947595466407,9/19,23.16%
Myelination (GO:0042552),GO_Biological_Process_2025,-1.1891919009215524,Downregulated,0.4939239947639149,9/23,19.08%
Protein Localization to Cell Periphery (GO:1990778),GO_Biological_Process_2025,-1.1893970041021658,Downregulated,0.494319978644386,27/67,24.78%
Glutamine Family Amino Acid Metabolic Process (GO:0009064),GO_Biological_Process_2025,-1.1911388866684431,Downregulated,0.4910734868825537,7/16,15.88%
Dopaminergic synapse,KEGG_2021_Human,-1.1942519526956898,Downregulated,0.4846182746584225,23/88,10.86%
Metal Ion Transmembrane Transporter Activity (GO:0046873),GO_Molecular_Function_2025,-1.194439073285275,Downregulated,0.4850342063078174,5/21,9.24%
Regulatory Circuits Of STAT3 Signaling WP4538,WikiPathways_2024_Human,-1.1946566736758717,Downregulated,0.4853432014934857,7/22,16.99%
Cellular Response to Radiation (GO:0071478),GO_Biological_Process_2025,-1.1961243562727826,Downregulated,0.482705317559863,8/24,20.15%
Hexose Metabolic Process (GO:0019318),GO_Biological_Process_2025,-1.1982223327597556,Downregulated,0.478711260409457,8/29,10.69%
Positive Regulation of Phagocytosis (GO:0050766),GO_Biological_Process_2025,-1.1996069570574828,Downregulated,0.4762942845095489,4/18,7.43%
ERAD Pathway (GO:0036503),GO_Biological_Process_2025,-1.2015572029066772,Downregulated,0.472562001247245,23/58,24.33%
Recruitment Of NuMA To Mitotic Centrosomes R-HSA-380320,Reactome_2022,-1.2027310730798348,Downregulated,0.4707098464894199,9/42,16.98%
Response to Steroid Hormone (GO:0048545),GO_Biological_Process_2025,-1.2028398937407152,Downregulated,0.4712864411007683,6/23,15.52%
Respiratory Electron Transport R-HSA-611105,Reactome_2022,-1.202960763517159,Downregulated,0.4718470355506637,23/66,26.53%
Wnt Signaling And Pluripotency WP399,WikiPathways_2024_Human,-1.20371350126918,Downregulated,0.4710393422300834,27/74,22.03%
Interconversion Of Nucleotide Di- And Triphosphates R-HSA-499943,Reactome_2022,-1.2041723488593534,Downregulated,0.4707944585411832,7/19,15.73%
Aminoacyl-tRNA biosynthesis,KEGG_2021_Human,-1.2052964637334338,Downregulated,0.4689257375849074,20/40,35.24%
Vesicle-mediated Transport R-HSA-5653656,Reactome_2022,-1.20622106795075,Downregulated,0.4676119979159291,142/388,28.09%
Ca2+ Pathway R-HSA-4086398,Reactome_2022,-1.210195336598909,Downregulated,0.4594752553722485,15/34,21.97%
Calcium Ion Homeostasis (GO:0055074),GO_Biological_Process_2025,-1.211113405475904,Downregulated,0.4581293132474899,14/53,17.14%
COPI-mediated Anterograde Transport R-HSA-6807878,Reactome_2022,-1.2114712005024617,Downregulated,0.4581741892061936,26/61,24.65%
Transcription Corepressor Binding (GO:0001222),GO_Molecular_Function_2025,-1.2117613621602497,Downregulated,0.4583015589187328,6/30,8.17%
Platelet Alpha Granule (GO:0031091),GO_Cellular_Component_2025,-1.2123820674561483,Downregulated,0.4576962239907369,6/31,4.47%
Regulation of Sodium Ion Transport (GO:0002028),GO_Biological_Process_2025,-1.2136547995251274,Downregulated,0.4555585436425742,4/17,12.16%
Protein N-linked Glycosylation (GO:0006487),GO_Biological_Process_2025,-1.213817442629787,Downregulated,0.4560221983186593,15/45,13.29%
Spermatid Development (GO:0007286),GO_Biological_Process_2025,-1.213889676668943,Downregulated,0.4566887024940664,13/35,29.78%
Protein Serine/Threonine Kinase Inhibitor Activity (GO:0030291),GO_Molecular_Function_2025,-1.2144803948134284,Downregulated,0.4562068423246285,7/23,17.08%
Membrane Trafficking R-HSA-199991,Reactome_2022,-1.2151203176127892,Downregulated,0.4555105429390724,138/376,28.09%
Cargo Recognition For Clathrin-Mediated Endocytosis R-HSA-8856825,Reactome_2022,-1.219106244190777,Downregulated,0.4474604782561721,30/63,28.09%
Blood Vessel Diameter Maintenance (GO:0097746),GO_Biological_Process_2025,-1.2211247201971192,Downregulated,0.4437463814998091,4/19,6.41%
Aldosterone-regulated sodium reabsorption,KEGG_2021_Human,-1.221268515523274,Downregulated,0.4442431773675044,10/26,21.01%
Peptide Hormone Metabolism R-HSA-2980736,Reactome_2022,-1.2229724250470158,Downregulated,0.4412579625026914,16/45,14.65%
Synthesis Of PIPs At Plasma Membrane R-HSA-1660499,Reactome_2022,-1.2233186404001002,Downregulated,0.4412745348675072,17/34,24.83%
Post-translational Modification: Synthesis Of GPI-anchored Proteins R-HSA-163125,Reactome_2022,-1.2240100395839804,Downregulated,0.4404902567295369,16/35,24.29%
Lipid Catabolic Process (GO:0016042),GO_Biological_Process_2025,-1.2259868219573358,Downregulated,0.4368635467726136,7/25,6.19%
Phototransduction Cascade R-HSA-2514856,Reactome_2022,-1.2262472921421042,Downregulated,0.437087953748317,9/24,13.00%
Regulation of Myeloid Cell Differentiation (GO:0045637),GO_Biological_Process_2025,-1.2281988711695964,Downregulated,0.4336155349934231,8/15,25.38%
Phosphoinositides Metabolism WP4971,WikiPathways_2024_Human,-1.2299717501702288,Downregulated,0.430563538040018,17/44,16.36%
PI3K Akt Signaling WP4172,WikiPathways_2024_Human,-1.233140290926837,Downregulated,0.4245312007124183,30/131,11.83%
TP53 Regulates Metabolic Genes R-HSA-5628897,Reactome_2022,-1.2343006952185451,Downregulated,0.4228469757771996,9/51,6.12%
Water-Soluble Vitamin Metabolic Process (GO:0006767),GO_Biological_Process_2025,-1.2345661267640184,Downregulated,0.4230411459631963,11/35,9.41%
Lysine N-methyltransferase Activity (GO:0016278),GO_Molecular_Function_2025,-1.2359216562397657,Downregulated,0.4209968277272089,3/16,11.45%
Clear Cell Renal Cell Carcinoma Pathways WP4018,WikiPathways_2024_Human,-1.237249015673343,Downregulated,0.4190352011977431,22/52,26.20%
Amino Acids Regulate mTORC1 R-HSA-9639288,Reactome_2022,-1.238225424394422,Downregulated,0.4178059200857618,11/43,20.54%
Potassium Ion Import Across Plasma Membrane (GO:1990573),GO_Biological_Process_2025,-1.23934791105588,Downregulated,0.4161808467969056,9/30,8.57%
Tight junction,KEGG_2021_Human,-1.2398313034319606,Downregulated,0.415989947651005,38/84,28.64%
Sudden Infant Death Syndrome SIDS Susceptibility Pathways WP706,WikiPathways_2024_Human,-1.2428419135062068,Downregulated,0.4104398964458868,25/94,14.57%
Constitutive Signaling By NOTCH1 HD+PEST Domain Mutants R-HSA-2894862,Reactome_2022,-1.243091155200151,Downregulated,0.4106340895002284,9/37,20.39%
Clathrin-Coated Endocytic Vesicle (GO:0045334),GO_Cellular_Component_2025,-1.243298019591943,Downregulated,0.4110132681011626,20/32,27.80%
Bacterial invasion of epithelial cells,KEGG_2021_Human,-1.243494274374749,Downregulated,0.4113954827975415,18/46,21.68%
Inflammatory mediator regulation of TRP channels,KEGG_2021_Human,-1.243547829604153,Downregulated,0.412050939707999,19/59,17.14%
"Inactivation, Recovery And Regulation Of Phototransduction Cascade R-HSA-2514859",Reactome_2022,-1.2456202161618133,Downregulated,0.4085484686581557,9/23,13.00%
RHOU GTPase Cycle R-HSA-9013420,Reactome_2022,-1.24574758890677,Downregulated,0.4090863904442011,12/22,36.80%
Golgi Membrane (GO:0000139),GO_Cellular_Component_2025,-1.2503786500178522,Downregulated,0.4002371189809396,105/309,24.87%
Copper Ion Binding (GO:0005507),GO_Molecular_Function_2025,-1.2507447481493448,Downregulated,0.4001892150325636,6/16,19.46%
"Interleukin-3, Interleukin-5 And GM-CSF Signaling R-HSA-512988",Reactome_2022,-1.2517644019964125,Downregulated,0.398775669436027,10/17,30.00%
Polymeric Cytoskeletal Fiber (GO:0099513),GO_Cellular_Component_2025,-1.2529094322582774,Downregulated,0.3973258106741283,45/118,26.92%
IL3 Signaling WP286,WikiPathways_2024_Human,-1.2553830810974038,Downregulated,0.3930393751208327,11/22,30.00%
Amphetamine addiction,KEGG_2021_Human,-1.2573359389944956,Downregulated,0.3898779256023534,18/51,17.03%
Response to Cytokine (GO:0034097),GO_Biological_Process_2025,-1.258096843456528,Downregulated,0.389063576699913,17/52,18.54%
Cellular Response To Heat Stress R-HSA-3371556,Reactome_2022,-1.2591198240167103,Downregulated,0.3877149710072181,19/74,16.62%
Specific Granule Membrane (GO:0035579),GO_Cellular_Component_2025,-1.264458027322335,Downregulated,0.3777515944862647,15/40,12.54%
Signaling By ERBB2 R-HSA-1227986,Reactome_2022,-1.2666080187579922,Downregulated,0.3742283882918261,5/22,17.07%
Coated Vesicle Membrane (GO:0030662),GO_Cellular_Component_2025,-1.2675479479490084,Downregulated,0.3729668504252855,5/26,9.65%
G2/M DNA Damage Checkpoint R-HSA-69473,Reactome_2022,-1.2675614385569238,Downregulated,0.3736596701459339,9/35,12.32%
aminoacyl-tRNA Ligase Activity (GO:0004812),GO_Molecular_Function_2025,-1.267672917068814,Downregulated,0.3741681479348249,20/35,35.24%
Regulation of mRNA Stability (GO:0043488),GO_Biological_Process_2025,-1.2682586993621745,Downregulated,0.3737548638929663,4/49,0.11%
Liver Development (GO:0001889),GO_Biological_Process_2025,-1.2682695841126534,Downregulated,0.3744698988606209,4/23,1.49%
Signaling By NOTCH3 R-HSA-9012852,Reactome_2022,-1.2692301021858463,Downregulated,0.3732580917894522,12/34,27.65%
Monoatomic Cation Homeostasis (GO:0055080),GO_Biological_Process_2025,-1.2693518255487914,Downregulated,0.3737814475126284,18/53,11.57%
Negative Regulation of Cytoplasmic Pattern Recognition Receptor Signaling Pathway (GO:0039532),GO_Biological_Process_2025,-1.2696803221607058,Downregulated,0.3738522223931023,6/16,20.55%
NAD Binding (GO:0051287),GO_Molecular_Function_2025,-1.2706587104156393,Downregulated,0.3727291786262189,5/17,9.55%
Ficolin-1-Rich Granule Lumen (GO:1904813),GO_Cellular_Component_2025,-1.2707698775937817,Downregulated,0.3732545879075928,29/83,25.27%
Intracellular Calcium Ion Homeostasis (GO:0006874),GO_Biological_Process_2025,-1.2708250140075443,Downregulated,0.3738863188655592,19/74,17.14%
Smooth Muscle Contraction R-HSA-445355,Reactome_2022,-1.2709100202703334,Downregulated,0.3744733801347546,4/26,1.66%
Class B/2 (Secretin Family Receptors) R-HSA-373080,Reactome_2022,-1.271193215734232,Downregulated,0.3746289441081423,18/42,22.03%
Cholesterol metabolism,KEGG_2021_Human,-1.2714624330647293,Downregulated,0.3747969664147967,12/27,22.19%
Apoptosis,KEGG_2021_Human,-1.271474458886292,Downregulated,0.3755164576344674,18/77,10.88%
Brain Development (GO:0007420),GO_Biological_Process_2025,-1.2753318875717852,Downregulated,0.3685784643198326,25/89,15.87%
Establishment of Protein Localization to Extracellular Region (GO:0035592),GO_Biological_Process_2025,-1.276309241726855,Downregulated,0.3674609352718826,7/22,14.14%
U2-type Spliceosomal Complex (GO:0005684),GO_Cellular_Component_2025,-1.2768675302882946,Downregulated,0.3670345494753894,30/84,29.55%
Photodynamic Therapy Induced Unfolded Protein Response WP3613,WikiPathways_2024_Human,-1.277110458414836,Downregulated,0.3672898034016062,8/16,20.95%
Formation Of Early Elongation Complex R-HSA-113418,Reactome_2022,-1.2780184555296834,Downregulated,0.3662485267100462,12/30,27.23%
HSF1-dependent Transactivation R-HSA-3371571,Reactome_2022,-1.2804157435655767,Downregulated,0.3624534752452098,8/25,15.53%
Serine-Type Endopeptidase Inhibitor Activity (GO:0004867),GO_Molecular_Function_2025,-1.282211914369843,Downregulated,0.3596743307042609,17/20,41.42%
Insertion Of Tail-Anchored Proteins Into Endoplasmic Reticulum Membrane R-HSA-9609523,Reactome_2022,-1.2826129033702418,Downregulated,0.3595809206367555,7/17,22.35%
Regulation of Protein Localization to Plasma Membrane (GO:1903076),GO_Biological_Process_2025,-1.283428835529553,Downregulated,0.3587226435730244,15/42,19.93%
Wnt signaling pathway,KEGG_2021_Human,-1.2835223055690923,Downregulated,0.3592684579325668,35/103,22.03%
Cellular Response to Steroid Hormone Stimulus (GO:0071383),GO_Biological_Process_2025,-1.2844201477924178,Downregulated,0.3582431712661784,6/16,15.52%
Regulation of Viral Genome Replication (GO:0045069),GO_Biological_Process_2025,-1.284592570065709,Downregulated,0.3586357066976756,6/28,10.82%
Intra-Golgi Traffic R-HSA-6811438,Reactome_2022,-1.285992385107262,Downregulated,0.3567402406932611,14/36,20.96%
Non-Canonical Wnt Signaling Pathway (GO:0035567),GO_Biological_Process_2025,-1.286078147988877,Downregulated,0.3572882100280947,14/33,22.03%
beta-Alanine metabolism,KEGG_2021_Human,-1.287070287325404,Downregulated,0.356136882982827,11/24,10.66%
Cardiac Muscle Contraction (GO:0060048),GO_Biological_Process_2025,-1.288381512457688,Downregulated,0.3544346424605581,8/16,18.85%
Focal Adhesion PI3K Akt mTOR Signaling WP3932,WikiPathways_2024_Human,-1.2890157699766205,Downregulated,0.3539673361128359,32/135,11.84%
Antimicrobial Humoral Response (GO:0019730),GO_Biological_Process_2025,-1.290720822554016,Downregulated,0.3514274147676741,3/22,3.21%
Specific Granule Lumen (GO:0035580),GO_Cellular_Component_2025,-1.2920582691770028,Downregulated,0.3497118966134239,11/29,18.55%
Leukocyte Intrinsic Hippo Pathway Functions WP4542,WikiPathways_2024_Human,-1.292233476881043,Downregulated,0.3501161935859751,6/22,14.75%
Response to Endoplasmic Reticulum Stress (GO:0034976),GO_Biological_Process_2025,-1.2939399450011002,Downregulated,0.3474462986242068,50/130,26.37%
Metalloexopeptidase Activity (GO:0008235),GO_Molecular_Function_2025,-1.2946897734798803,Downregulated,0.346729147660936,9/29,6.75%
Human papillomavirus infection,KEGG_2021_Human,-1.295500969454426,Downregulated,0.3459574941296996,60/188,22.44%
Negative Regulation Of MET Activity R-HSA-6807004,Reactome_2022,-1.2973362586947832,Downregulated,0.343206966617224,3/16,9.85%
Syntaxin Binding (GO:0019905),GO_Molecular_Function_2025,-1.2979518763501527,Downregulated,0.3427279042539802,14/28,27.35%
Negative Regulation of Immune Response (GO:0050777),GO_Biological_Process_2025,-1.2985751298761123,Downregulated,0.3422772137873697,9/21,21.21%
PDZ Domain Binding (GO:0030165),GO_Molecular_Function_2025,-1.299490520244802,Downregulated,0.3411780379050341,16/36,22.14%
Actomyosin Structure Organization (GO:0031032),GO_Biological_Process_2025,-1.3034939955564415,Downregulated,0.3343539398163752,23/55,28.46%
Regulation of Cytokine-Mediated Signaling Pathway (GO:0001959),GO_Biological_Process_2025,-1.3093900644473535,Downregulated,0.3242561770755507,5/16,11.48%
Vitamin A And Carotenoid Metabolism WP716,WikiPathways_2024_Human,-1.314620956917159,Downregulated,0.3154909240091429,12/31,10.23%
Protein Palmitoylation (GO:0018345),GO_Biological_Process_2025,-1.3159922764831171,Downregulated,0.3137673915049636,10/19,16.88%
Cysteine-Type Endopeptidase Activity (GO:0004197),GO_Molecular_Function_2025,-1.3172467576051952,Downregulated,0.3122664146491433,4/40,2.76%
Glycolipid Biosynthetic Process (GO:0009247),GO_Biological_Process_2025,-1.3173075831986631,Downregulated,0.3128179449081464,11/27,23.98%
Inorganic Anion Transmembrane Transporter Activity (GO:0015103),GO_Molecular_Function_2025,-1.3212443853752531,Downregulated,0.3065801881987801,7/25,8.51%
Peptide Hormone Processing (GO:0016486),GO_Biological_Process_2025,-1.322415523646289,Downregulated,0.3052673277284541,6/16,14.65%
Regulation Of IGF Transport And Uptake By IGFBPs R-HSA-381426,Reactome_2022,-1.3226002836831672,Downregulated,0.3055992600005647,11/36,18.55%
Establishment or Maintenance of Apical/Basal Cell Polarity (GO:0035088),GO_Biological_Process_2025,-1.3230638018917695,Downregulated,0.305394711605406,6/15,17.05%
Negative Regulation of Innate Immune Response (GO:0045824),GO_Biological_Process_2025,-1.3240120732069285,Downregulated,0.3044118506854559,10/23,29.59%
Late SARS-CoV-2 Infection Events R-HSA-9772573,Reactome_2022,-1.3246766572275197,Downregulated,0.3039539509160069,14/35,15.35%
Glucagon Signaling In Metabolic Regulation R-HSA-163359,Reactome_2022,-1.3259028114571176,Downregulated,0.302330240371508,11/15,28.64%
Photodynamic Therapy Induced HIF 1 Survival Signaling WP3614,WikiPathways_2024_Human,-1.327380658981599,Downregulated,0.3003728328421632,8/17,8.48%
Intracellular Organelle Lumen (GO:0070013),GO_Cellular_Component_2025,-1.3290595124928408,Downregulated,0.2981609303669524,119/480,18.55%
Ligand-Gated Monoatomic Cation Channel Activity (GO:0099094),GO_Molecular_Function_2025,-1.329152671764179,Downregulated,0.2986548213607028,13/32,13.19%
Peptide Ligand-Binding Receptors R-HSA-375276,Reactome_2022,-1.3296522284429138,Downregulated,0.2985230057568062,23/43,33.36%
ADP Catabolic Process (GO:0046032),GO_Biological_Process_2025,-1.329673978902196,Downregulated,0.2991110712651768,9/18,27.74%
Glycolytic Process (GO:0006096),GO_Biological_Process_2025,-1.329673978902196,Downregulated,0.2991110712651768,9/18,27.74%
Translocation Of SLC2A4 (GLUT4) To Plasma Membrane R-HSA-1445148,Reactome_2022,-1.3343112444902352,Downregulated,0.2925445049574755,8/28,8.42%
tRNA Aminoacylation for Protein Translation (GO:0006418),GO_Biological_Process_2025,-1.3352956135715146,Downregulated,0.2915248083499459,20/34,35.24%
Regulation of Vascular Endothelial Growth Factor Production (GO:0010574),GO_Biological_Process_2025,-1.3353477598909202,Downregulated,0.2921007398434,4/15,3.91%
Cell Projection Membrane (GO:0031253),GO_Cellular_Component_2025,-1.3354257306857864,Downregulated,0.292609576752314,18/59,14.81%
Lytic Vacuole Organization (GO:0080171),GO_Biological_Process_2025,-1.336456659367231,Downregulated,0.2915870143548504,13/24,28.39%
Monoatomic Ion Channel Complex (GO:0034702),GO_Cellular_Component_2025,-1.3365848163297316,Downregulated,0.2920156750256039,6/15,9.64%
NLS-bearing Protein Import Into Nucleus (GO:0006607),GO_Biological_Process_2025,-1.3373111811751293,Downregulated,0.2914855722571077,6/16,14.90%
Positive Regulation of Proteolysis (GO:0045862),GO_Biological_Process_2025,-1.3378823575146483,Downregulated,0.2912037772589661,8/27,17.18%
Lysine degradation,KEGG_2021_Human,-1.3382677291020448,Downregulated,0.2912423784842218,17/48,11.45%
Regulation of Potassium Ion Transmembrane Transport (GO:1901379),GO_Biological_Process_2025,-1.3405919256116454,Downregulated,0.2880421097472168,8/18,17.40%
Metabolism Of Sphingolipids In ER And Golgi Apparatus WP4142,WikiPathways_2024_Human,-1.3411260695373746,Downregulated,0.2878195035003357,6/16,12.96%
Nuclear Envelope (NE) Reassembly R-HSA-2995410,Reactome_2022,-1.3418882714247211,Downregulated,0.2872203278937473,10/53,10.45%
Endosome Organization (GO:0007032),GO_Biological_Process_2025,-1.342742919673572,Downregulated,0.2864417628909539,14/43,21.86%
Sarcoplasmic Reticulum (GO:0016529),GO_Cellular_Component_2025,-1.3427903327402166,Downregulated,0.2870070536316539,10/29,16.97%
Sprouting Angiogenesis (GO:0002040),GO_Biological_Process_2025,-1.3435989472027807,Downregulated,0.2862669163163321,4/16,11.20%
Epithelial cell signaling in Helicobacter pylori infection,KEGG_2021_Human,-1.343829616523312,Downregulated,0.2865559442562272,15/43,20.54%
Glycolysis / Gluconeogenesis,KEGG_2021_Human,-1.3461656054469184,Downregulated,0.283363738221792,30/52,25.68%
Innate Immune System R-HSA-168249,Reactome_2022,-1.3466307054833735,Downregulated,0.2831871076818582,121/475,18.03%
Potassium Channel Activity (GO:0005267),GO_Molecular_Function_2025,-1.3490241922508464,Downregulated,0.2799278054541287,23/45,13.19%
Proteoglycan Biosynthesis WP4784,WikiPathways_2024_Human,-1.3507859956396495,Downregulated,0.2775179848882082,8/16,31.23%
Specific Granule (GO:0042581),GO_Cellular_Component_2025,-1.351108747028624,Downregulated,0.2776748302502405,28/75,18.55%
Negative Regulation Of MAPK Pathway R-HSA-5675221,Reactome_2022,-1.3512431603253396,Downregulated,0.2780950795849629,4/22,12.87%
Protein-Cysteine S-palmitoyltransferase Activity (GO:0019706),GO_Molecular_Function_2025,-1.351428277096352,Downregulated,0.2784406414755812,12/19,16.88%
Calnexin/calreticulin Cycle R-HSA-901042,Reactome_2022,-1.3522423843222535,Downregulated,0.2777735710308905,9/17,24.89%
Ficolin-1-Rich Granule (GO:0101002),GO_Cellular_Component_2025,-1.3524851116149,Downregulated,0.2780153710326179,46/111,28.36%
HSF1 Activation R-HSA-3371511,Reactome_2022,-1.3532192622411832,Downregulated,0.2774431360713121,7/21,15.53%
Spliceosomal snRNP Complex (GO:0097525),GO_Cellular_Component_2025,-1.3545492708598854,Downregulated,0.2758806222870845,24/50,33.71%
Notch signaling pathway,KEGG_2021_Human,-1.3565801796606092,Downregulated,0.2731320485866509,12/36,20.39%
Cellular Response to Heat (GO:0034605),GO_Biological_Process_2025,-1.357247896819027,Downregulated,0.2726479639499949,7/26,16.98%
Inorganic Anion Transmembrane Transport (GO:0098661),GO_Biological_Process_2025,-1.3582404591266997,Downregulated,0.2716922832700147,16/37,13.19%
PI3K-Akt signaling pathway,KEGG_2021_Human,-1.3583742203930262,Downregulated,0.2721293754382748,35/140,11.83%
Glucagon-like Peptide-1 (GLP1) Regulates Insulin Secretion R-HSA-381676,Reactome_2022,-1.3590925959324258,Downregulated,0.2715793046493287,12/20,21.19%
Circadian entrainment,KEGG_2021_Human,-1.35982903183343,Downregulated,0.2711030618674862,27/62,21.19%
SARS-CoV-2 Infection R-HSA-9694516,Reactome_2022,-1.3628156002144245,Downregulated,0.2670339757632874,38/170,16.62%
Lytic Vacuole Membrane (GO:0098852),GO_Cellular_Component_2025,-1.3647178595046754,Downregulated,0.264616793260415,66/195,22.20%
Phosphatidylinositol Metabolic Process (GO:0046488),GO_Biological_Process_2025,-1.3656931365731195,Downregulated,0.2635979534006113,26/56,25.80%
Overlap Between Signal Transduction Pathways LMNA Laminopathies WP4879,WikiPathways_2024_Human,-1.365895005150048,Downregulated,0.2639224926508193,11/27,21.04%
Channel Activity (GO:0015267),GO_Molecular_Function_2025,-1.3676183687948318,Downregulated,0.2619466117610071,14/39,8.90%
NOD1/2 Signaling Pathway R-HSA-168638,Reactome_2022,-1.3679855656660906,Downregulated,0.2619688345830341,5/20,10.86%
Histone Methyltransferase Activity (GO:0042054),GO_Molecular_Function_2025,-1.3691995244045787,Downregulated,0.2607865836613385,8/27,11.42%
Pertussis,KEGG_2021_Human,-1.3713566396495087,Downregulated,0.2580303420398422,14/42,11.82%
Cardiac Conduction R-HSA-5576891,Reactome_2022,-1.3717166840897763,Downregulated,0.258131631659566,28/70,16.98%
Phosphatase Binding (GO:0019902),GO_Molecular_Function_2025,-1.3743726716954094,Downregulated,0.2546119599490118,15/61,14.26%
Protein Targeting to ER (GO:0045047),GO_Biological_Process_2025,-1.374826427587941,Downregulated,0.2545567653782456,10/18,25.74%
Retrograde endocannabinoid signaling,KEGG_2021_Human,-1.3760146365235475,Downregulated,0.2533358875855901,32/81,21.19%
Signaling By WNT In Cancer R-HSA-4791275,Reactome_2022,-1.378677395003017,Downregulated,0.2498866682085718,7/21,28.49%
Basolateral Plasma Membrane (GO:0016323),GO_Cellular_Component_2025,-1.378706779948868,Downregulated,0.2504685162301756,29/113,9.39%
Clathrin-mediated Endocytosis R-HSA-8856828,Reactome_2022,-1.3806681443109852,Downregulated,0.2481860267355485,40/89,28.09%
Secretory Granule Membrane (GO:0030667),GO_Cellular_Component_2025,-1.3807917253705528,Downregulated,0.248584694831313,42/127,17.92%
Regulation of Potassium Ion Transport (GO:0043266),GO_Biological_Process_2025,-1.3825038267632368,Downregulated,0.2467242812894372,7/15,17.40%
Endopeptidase Inhibitor Activity (GO:0004866),GO_Molecular_Function_2025,-1.3825330679097492,Downregulated,0.2472872621952317,29/40,38.68%
Endosome Membrane (GO:0010008),GO_Cellular_Component_2025,-1.3838568666455136,Downregulated,0.2459177312746381,78/226,25.31%
Transport Vesicle Membrane (GO:0030658),GO_Cellular_Component_2025,-1.3842765816227915,Downregulated,0.2458840634067197,7/27,16.46%
Core Mediator Complex (GO:0070847),GO_Cellular_Component_2025,-1.3868276536382391,Downregulated,0.2427603545536753,12/21,27.64%
Brush Border Membrane (GO:0031526),GO_Cellular_Component_2025,-1.3884136075441975,Downregulated,0.2410892336404153,9/26,8.70%
Regulation of Blood Circulation (GO:1903522),GO_Biological_Process_2025,-1.3956558660694605,Downregulated,0.2309956083572355,5/15,5.86%
Regulation of Plasma Membrane Bounded Cell Projection Assembly (GO:0120032),GO_Biological_Process_2025,-1.3988422610224522,Downregulated,0.2271564934630335,13/30,24.89%
N-glycan Trimming In ER And Calnexin/Calreticulin Cycle R-HSA-532668,Reactome_2022,-1.399698606644999,Downregulated,0.2264617664536845,12/25,25.26%
Lysosome Organization (GO:0007040),GO_Biological_Process_2025,-1.399987180797391,Downregulated,0.2265693098178211,15/29,28.39%
Diterpenoid Metabolic Process (GO:0016101),GO_Biological_Process_2025,-1.4015944941382772,Downregulated,0.2250145210801916,9/16,7.07%
Cysteine-Type Peptidase Activity (GO:0008234),GO_Molecular_Function_2025,-1.4030409559802184,Downregulated,0.2236306300979457,18/61,21.96%
Focal adhesion,KEGG_2021_Human,-1.4030605067406283,Downregulated,0.2241766272965761,28/93,17.36%
Cannabinoid Receptor Signaling WP3869,WikiPathways_2024_Human,-1.4049656750433543,Downregulated,0.2220583476138045,6/16,10.88%
Focal Adhesion WP306,WikiPathways_2024_Human,-1.4052968690322525,Downregulated,0.2221755625555805,28/93,17.36%
Sodium Ion Import Across Plasma Membrane (GO:0098719),GO_Biological_Process_2025,-1.4057107487494505,Downregulated,0.2221388888007755,13/20,8.72%
Visual System Development (GO:0150063),GO_Biological_Process_2025,-1.4071732738731708,Downregulated,0.2204986463675838,11/25,13.47%
Negative Regulation of Blood Vessel Morphogenesis (GO:2000181),GO_Biological_Process_2025,-1.4087945778764055,Downregulated,0.2188521578894497,5/29,2.94%
Potassium Channel Complex (GO:0034705),GO_Cellular_Component_2025,-1.4119365074515506,Downregulated,0.2151930409326818,18/34,17.40%
Lysosomal Membrane (GO:0005765),GO_Cellular_Component_2025,-1.4129800960001515,Downregulated,0.2143465283282786,81/235,22.20%
Spliceosome,KEGG_2021_Human,-1.4135567290761897,Downregulated,0.2141017505822283,37/104,25.60%
Eye Development (GO:0001654),GO_Biological_Process_2025,-1.4136232473296595,Downregulated,0.2145915649953959,11/28,13.47%
U2-type Precatalytic Spliceosome (GO:0071005),GO_Cellular_Component_2025,-1.4137220854795534,Downregulated,0.2150086016319453,20/45,29.55%
Precatalytic Spliceosome (GO:0071011),GO_Cellular_Component_2025,-1.4137220854795534,Downregulated,0.2150086016319453,20/45,29.55%
Pyridine Nucleotide Catabolic Process (GO:0019364),GO_Biological_Process_2025,-1.415215601592546,Downregulated,0.2141053624975515,10/19,27.74%
Palmitoyltransferase Activity (GO:0016409),GO_Molecular_Function_2025,-1.4167627010463175,Downregulated,0.2124611138344175,13/22,16.88%
Clathrin-Dependent Endocytosis (GO:0072583),GO_Biological_Process_2025,-1.4178110472522798,Downregulated,0.2116186848228457,14/19,36.80%
Regulation of Axonogenesis (GO:0050770),GO_Biological_Process_2025,-1.4180881485025325,Downregulated,0.2118335934167985,14/17,36.56%
Insulin Processing R-HSA-264876,Reactome_2022,-1.4184195079198996,Downregulated,0.2119461058243361,11/16,38.24%
Regulation of calcineurin-NFAT Signaling Cascade (GO:0070884),GO_Biological_Process_2025,-1.4185741561162546,Downregulated,0.2123119647671411,6/18,11.58%
Monoatomic Anion Transmembrane Transport (GO:0098656),GO_Biological_Process_2025,-1.421417110180938,Downregulated,0.2091974819021911,11/23,13.19%
Chaperonin-mediated Protein Folding R-HSA-390466,Reactome_2022,-1.422078644820813,Downregulated,0.2089340619474771,28/55,25.36%
Cell-Cell Junction Assembly (GO:0007043),GO_Biological_Process_2025,-1.4226854104847395,Downregulated,0.2086760577153349,12/24,21.22%
GPI Anchor Metabolic Process (GO:0006505),GO_Biological_Process_2025,-1.4239005853879732,Downregulated,0.207707312113722,8/18,23.98%
GPI Anchor Biosynthetic Process (GO:0006506),GO_Biological_Process_2025,-1.4239005853879732,Downregulated,0.207707312113722,8/18,23.98%
Coated Vesicle (GO:0030135),GO_Cellular_Component_2025,-1.4242195638607174,Downregulated,0.2084073743643957,32/61,30.17%
Nucleotide-Sugar Biosynthetic Process (GO:0009226),GO_Biological_Process_2025,-1.4271451149592762,Downregulated,0.2050248885477415,10/18,20.53%
Protein Transport (GO:0015031),GO_Biological_Process_2025,-1.4287695478603264,Downregulated,0.2035077601373092,72/178,25.97%
COPII Vesicle Coating (GO:0048208),GO_Biological_Process_2025,-1.4289594245584003,Downregulated,0.2038180225145996,6/15,23.65%
"Vesicle Targeting, Rough ER to cis-Golgi (GO:0048207)",GO_Biological_Process_2025,-1.4289594245584003,Downregulated,0.2038180225145996,6/15,23.65%
"Alanine, aspartate and glutamate metabolism",KEGG_2021_Human,-1.4299371080912897,Downregulated,0.2037974176887962,11/29,12.89%
Protein Neddylation (GO:0045116),GO_Biological_Process_2025,-1.4324501694980771,Downregulated,0.2008990628657212,9/16,20.81%
Mechanoreg And Pathology Of YAP TAZ Hippo And Non Hippo Mechs WP4534,WikiPathways_2024_Human,-1.4324849333693632,Downregulated,0.2013878765511725,9/28,17.36%
Positive Regulation of ATP-dependent Activity (GO:0032781),GO_Biological_Process_2025,-1.435575369883254,Downregulated,0.198009887952295,8/18,13.71%
Protein Modification by Small Protein Removal (GO:0070646),GO_Biological_Process_2025,-1.4391179649210222,Downregulated,0.1942560056199126,14/39,20.81%
Regulation of Protein Localization to Membrane (GO:1905475),GO_Biological_Process_2025,-1.4396031943216832,Downregulated,0.1941601551085258,9/22,16.50%
Protein Dephosphorylation (GO:0006470),GO_Biological_Process_2025,-1.4398678720418656,Downregulated,0.1943213673688243,11/38,14.30%
Plasma Membrane Organization (GO:0007009),GO_Biological_Process_2025,-1.4400168841232828,Downregulated,0.1946517365504803,7/41,6.19%
snRNA Processing (GO:0016180),GO_Biological_Process_2025,-1.4409869151319328,Downregulated,0.1939454374909676,9/16,26.54%
Transmission Across Chemical Synapses R-HSA-112315,Reactome_2022,-1.443728595902914,Downregulated,0.1909807512629596,53/122,21.19%
Glycosaminoglycan Synthesis In Fibroblasts WP5395,WikiPathways_2024_Human,-1.4444031802216937,Downregulated,0.1907166267340395,16/27,34.10%
Secretory Granule Lumen (GO:0034774),GO_Cellular_Component_2025,-1.4446021052327631,Downregulated,0.1910309780074048,57/156,25.12%
Regulation of Receptor-Mediated Endocytosis (GO:0048259),GO_Biological_Process_2025,-1.4450464862649972,Downregulated,0.191032271058382,10/20,21.24%
Signaling By Insulin Receptor R-HSA-74752,Reactome_2022,-1.4460817327198912,Downregulated,0.1902020790348716,14/41,20.99%
Regulation of Protein Localization (GO:0032880),GO_Biological_Process_2025,-1.4465198349903952,Downregulated,0.190181688847381,17/61,17.38%
Mitochondrial Gene Expression (GO:0140053),GO_Biological_Process_2025,-1.4484635630707194,Downregulated,0.1884935696900911,27/76,28.32%
Aerobic Electron Transport Chain (GO:0019646),GO_Biological_Process_2025,-1.4493844816217765,Downregulated,0.1878167321981247,16/45,26.53%
Tertiary Granule (GO:0070820),GO_Cellular_Component_2025,-1.4507850030260148,Downregulated,0.1865753343816655,28/70,19.16%
Response to Unfolded Protein (GO:0006986),GO_Biological_Process_2025,-1.45289142467543,Downregulated,0.184612934772994,16/36,15.55%
Prion disease,KEGG_2021_Human,-1.4539324399635072,Downregulated,0.183857767361757,43/172,15.87%
Netrin-1 Signaling R-HSA-373752,Reactome_2022,-1.454927585543429,Downregulated,0.1831842957123957,12/22,22.86%
Regulation of Cytosolic Calcium Ion Concentration (GO:0051480),GO_Biological_Process_2025,-1.4591793908972754,Downregulated,0.1785662362063911,6/19,14.46%
Lytic Vacuole (GO:0000323),GO_Cellular_Component_2025,-1.4615439111321682,Downregulated,0.1762683738578665,48/119,26.05%
Substantia Nigra Development (GO:0021762),GO_Biological_Process_2025,-1.4624486018580354,Downregulated,0.1755892087741082,7/25,12.62%
Collagen Formation R-HSA-1474290,Reactome_2022,-1.4662411586021162,Downregulated,0.1718189088967547,11/20,24.50%
Early SARS-CoV-2 Infection Events R-HSA-9772572,Reactome_2022,-1.4673899827261985,Downregulated,0.1709780058323908,5/25,2.61%
Influence Of Laminopathies On Wnt Signaling WP4844,WikiPathways_2024_Human,-1.4675392768337068,Downregulated,0.1713182344673561,10/20,21.04%
Response to Hexose (GO:0009746),GO_Biological_Process_2025,-1.4696423149408593,Downregulated,0.1694595020395348,9/16,23.01%
Parkin Ubiquitin Proteasomal System Pathway WP2359,WikiPathways_2024_Human,-1.4702441838849074,Downregulated,0.1692233567750343,17/50,19.00%
Mitochondrial ATP Synthesis Coupled Electron Transport (GO:0042775),GO_Biological_Process_2025,-1.4711704947544026,Downregulated,0.1686424712413352,17/47,26.53%
GABAergic synapse,KEGG_2021_Human,-1.4718918464460424,Downregulated,0.1683113344198631,24/43,21.19%
trans-Golgi Network Vesicle Budding R-HSA-199992,Reactome_2022,-1.4726302412767645,Downregulated,0.1679909187723488,22/50,29.04%
Post-translational Protein Phosphorylation R-HSA-8957275,Reactome_2022,-1.473356959808334,Downregulated,0.1676431122112638,11/32,18.55%
Clathrin-Coated Vesicle (GO:0030136),GO_Cellular_Component_2025,-1.476943952531433,Downregulated,0.1640434156884351,25/47,25.83%
Negative Regulation of Response to Biotic Stimulus (GO:0002832),GO_Biological_Process_2025,-1.478739035346216,Downregulated,0.1625694682696499,10/19,26.21%
Electron Transport Chain OXPHOS System In Mitochondria WP111,WikiPathways_2024_Human,-1.4794393700117934,Downregulated,0.1622869506858399,22/62,26.53%
Asparagine N-linked Glycosylation R-HSA-446203,Reactome_2022,-1.4804585920904756,Downregulated,0.161626318104466,80/195,25.26%
Regulation of Fibroblast Growth Factor Receptor Signaling Pathway (GO:0040036),GO_Biological_Process_2025,-1.481497973385214,Downregulated,0.1610495913890038,5/15,6.49%
Golgi Lumen (GO:0005796),GO_Cellular_Component_2025,-1.4831339711328708,Downregulated,0.1597664224771119,11/37,18.33%
Protein Folding R-HSA-391251,Reactome_2022,-1.4856391963572677,Downregulated,0.1574164917761901,32/61,26.70%
Intrinsic Apoptotic Signaling Pathway in Response to DNA Damage (GO:0008630),GO_Biological_Process_2025,-1.487331870504533,Downregulated,0.1560020876098866,7/30,6.56%
Glycosylation And Related Congenital Defects WP4521,WikiPathways_2024_Human,-1.4878426198225,Downregulated,0.1559035681323471,9/23,15.23%
COPI-dependent Golgi-to-ER Retrograde Traffic R-HSA-6811434,Reactome_2022,-1.4882175986622233,Downregulated,0.1560197596996008,21/43,24.47%
Signaling By PDGF R-HSA-186797,Reactome_2022,-1.4889593291064946,Downregulated,0.1557810843204994,4/24,1.16%
Chemical Synaptic Transmission (GO:0007268),GO_Biological_Process_2025,-1.4900956886821104,Downregulated,0.1550811917999948,42/105,20.31%
Synthesis Of Substrates In N-glycan Biosythesis R-HSA-446219,Reactome_2022,-1.4933902294077788,Downregulated,0.1520366491770037,13/29,15.75%
Protein Localization (GO:0008104),GO_Biological_Process_2025,-1.5012282875159102,Downregulated,0.1444506858945873,90/211,27.74%
Myofibril Assembly (GO:0030239),GO_Biological_Process_2025,-1.5023744041534937,Downregulated,0.1438100388681119,13/31,25.48%
Peptidase Inhibitor Activity (GO:0030414),GO_Molecular_Function_2025,-1.5034826047177745,Downregulated,0.1431279071830656,11/18,21.43%
snRNA Metabolic Process (GO:0016073),GO_Biological_Process_2025,-1.5055908741374675,Downregulated,0.1414511394034568,11/19,27.91%
Golgi Stack (GO:0005795),GO_Cellular_Component_2025,-1.50624091991154,Downregulated,0.141292997403641,12/20,31.79%
Spliceosomal snRNP Assembly (GO:0000387),GO_Biological_Process_2025,-1.5066421595865007,Downregulated,0.1413364164190065,17/24,37.12%
Potassium Ion Transport (GO:0006813),GO_Biological_Process_2025,-1.5083375360047808,Downregulated,0.1401202087292251,33/75,13.19%
G-protein Beta:Gamma Signaling R-HSA-397795,Reactome_2022,-1.510672124321487,Downregulated,0.1382792151816408,11/18,21.19%
Protein Phosphatase Binding (GO:0019903),GO_Molecular_Function_2025,-1.5119439901481058,Downregulated,0.1376098679848745,16/70,14.26%
Inwardly Rectifying K+ Channels R-HSA-1296065,Reactome_2022,-1.51707910262405,Downregulated,0.1331638159952015,12/18,21.19%
XBP1(S) Activates Chaperone Genes R-HSA-381038,Reactome_2022,-1.517087471902491,Downregulated,0.13359063226169,10/30,19.67%
Long-Term Synaptic Potentiation (GO:0060291),GO_Biological_Process_2025,-1.518686017115718,Downregulated,0.132522409407691,8/16,21.36%
D-glucose Transmembrane Transporter Activity (GO:0055056),GO_Molecular_Function_2025,-1.5187516576832143,Downregulated,0.1328559981770943,15/22,8.48%
Metal Ion Binding (GO:0046872),GO_Molecular_Function_2025,-1.519145937162062,Downregulated,0.1329090927849197,62/261,12.62%
NOTCH3 Intracellular Domain Regulates Transcription R-HSA-9013508,Reactome_2022,-1.520379512011196,Downregulated,0.1321034201170421,8/15,24.04%
Pancreatic secretion,KEGG_2021_Human,-1.5256073686982352,Downregulated,0.1276634277193179,17/61,8.65%
Lipid Translocation (GO:0034204),GO_Biological_Process_2025,-1.5259286227672328,Downregulated,0.1277447430097283,14/22,12.56%
Azurophil Granule Membrane (GO:0035577),GO_Cellular_Component_2025,-1.5285329629919795,Downregulated,0.1257853004803028,13/36,15.94%
Glyoxylate and dicarboxylate metabolism,KEGG_2021_Human,-1.529035889839667,Downregulated,0.1257820556667285,11/24,20.82%
Carbohydrate Catabolic Process (GO:0016052),GO_Biological_Process_2025,-1.5335166742335682,Downregulated,0.1220478229588486,13/24,27.74%
Neutrophil Degranulation R-HSA-6798695,Reactome_2022,-1.536657212338174,Downregulated,0.119465598547113,75/237,18.55%
Rheumatoid arthritis,KEGG_2021_Human,-1.539254136434416,Downregulated,0.1175802961102919,10/26,20.54%
Pathogenic Escherichia Coli Infection WP2272,WikiPathways_2024_Human,-1.5412648125696111,Downregulated,0.1163618173662911,9/30,9.51%
Protein export,KEGG_2021_Human,-1.5438320539417187,Downregulated,0.1145908675771665,13/20,31.65%
Metabolism Of Vitamins And Cofactors R-HSA-196854,Reactome_2022,-1.544101196923738,Downregulated,0.1147279404933501,32/123,10.93%
Deubiquitinase Activity (GO:0101005),GO_Molecular_Function_2025,-1.5445811564914382,Downregulated,0.1147707714575621,17/38,21.43%
mRNA Stabilization (GO:0048255),GO_Biological_Process_2025,-1.5496425455370144,Downregulated,0.1109680508398551,4/33,0.11%
Glycoprotein Biosynthetic Process (GO:0009101),GO_Biological_Process_2025,-1.5503206026360574,Downregulated,0.1107544340499353,23/38,31.79%
Hepaticobiliary System Development (GO:0061008),GO_Biological_Process_2025,-1.550679901740867,Downregulated,0.1108278012717006,4/17,1.49%
Protein Insertion Into ER Membrane (GO:0045048),GO_Biological_Process_2025,-1.551412116053587,Downregulated,0.1105976162684929,14/25,26.38%
Splicing Factor NOVA Regulated Synaptic Proteins WP4148,WikiPathways_2024_Human,-1.551733552249783,Downregulated,0.1107090868373304,12/25,20.29%
trans-Golgi Network (GO:0005802),GO_Cellular_Component_2025,-1.5517683263629638,Downregulated,0.1110774439996783,61/157,26.11%
"Retrograde Vesicle-Mediated Transport, Golgi to Endoplasmic Reticulum (GO:0006890)",GO_Biological_Process_2025,-1.5526257099629484,Downregulated,0.1107600598978227,15/34,20.77%
Regulation of Protein Neddylation (GO:2000434),GO_Biological_Process_2025,-1.5540283525129768,Downregulated,0.1100373101221183,10/18,20.81%
Chronic Hyperglycemia Impairment Of Neuron Function WP5283,WikiPathways_2024_Human,-1.554784765220991,Downregulated,0.1097824885578331,13/22,17.08%
Glycosaminoglycan Biosynthetic Process (GO:0006024),GO_Biological_Process_2025,-1.5548643995644411,Downregulated,0.1101020165371846,13/17,34.10%
Macromolecule Glycosylation (GO:0043413),GO_Biological_Process_2025,-1.5550206989427835,Downregulated,0.1103698724568569,16/26,31.79%
Signaling To ERKs R-HSA-187687,Reactome_2022,-1.5551560314485324,Downregulated,0.1106606652158423,6/19,15.59%
Biosynthesis Of N-glycan Precursor (Dolichol LLO) And Transfer To Protein R-HSA-446193,Reactome_2022,-1.5590873222783987,Downregulated,0.1077223916326809,16/42,15.75%
Wnt Signaling WP428,WikiPathways_2024_Human,-1.560448635372358,Downregulated,0.1069794545966495,30/70,22.03%
Azurophil Granule Lumen (GO:0035578),GO_Cellular_Component_2025,-1.5604616633273425,Downregulated,0.1073463316954991,16/47,13.97%
Muscle Contraction R-HSA-397014,Reactome_2022,-1.5628053871012868,Downregulated,0.1058862185575876,41/111,17.06%
Regulation of Neuronal Synaptic Plasticity (GO:0048168),GO_Biological_Process_2025,-1.5633661972927977,Downregulated,0.1057713298179797,7/16,15.87%
One carbon pool by folate,KEGG_2021_Human,-1.5638631114149115,Downregulated,0.1057753955350047,8/15,20.79%
Cellular Hexose Transport R-HSA-189200,Reactome_2022,-1.563997755425116,Downregulated,0.106081576915226,13/19,8.48%
2Q37 Copy Number Variation Syndrome WP5224,WikiPathways_2024_Human,-1.5680132939139255,Downregulated,0.1032962636736428,24/65,20.77%
Recycling Endosome Membrane (GO:0055038),GO_Cellular_Component_2025,-1.5701995292203486,Downregulated,0.1019034002974835,21/40,23.19%
RNA Stabilization (GO:0043489),GO_Biological_Process_2025,-1.5707776822981705,Downregulated,0.1018746590293255,4/27,0.11%
Potassium Ion Homeostasis (GO:0055075),GO_Biological_Process_2025,-1.572215389156285,Downregulated,0.1010668734409773,8/21,8.57%
Iron Uptake And Transport R-HSA-917937,Reactome_2022,-1.576193735000441,Downregulated,0.0984479798569215,15/40,22.05%
Tertiary Granule Membrane (GO:0070821),GO_Cellular_Component_2025,-1.5775660563241014,Downregulated,0.0977790698939019,15/29,17.38%
Apoptotic Mitochondrial Changes (GO:0008637),GO_Biological_Process_2025,-1.5779046847154194,Downregulated,0.0979116818376925,7/19,8.83%
Intracellular Sodium Ion Homeostasis (GO:0006883),GO_Biological_Process_2025,-1.5787379774224457,Downregulated,0.097626245786079,6/15,8.65%
Protein Targeting to Membrane (GO:0006612),GO_Biological_Process_2025,-1.5795192455773135,Downregulated,0.0973068074650243,26/48,24.26%
Tryptophan metabolism,KEGG_2021_Human,-1.5803172754776809,Downregulated,0.0970489352756727,9/25,6.59%
ECM-receptor interaction,KEGG_2021_Human,-1.5808754972779502,Downregulated,0.097045954129045,14/33,13.98%
Glycosaminoglycan Metabolic Process (GO:0030203),GO_Biological_Process_2025,-1.5820520943407743,Downregulated,0.0964532097569599,15/20,34.10%
Regulation Of HSF1-mediated Heat Shock Response R-HSA-3371453,Reactome_2022,-1.582396011081486,Downregulated,0.0964996989005533,19/60,16.62%
IRE1alpha Activates Chaperones R-HSA-381070,Reactome_2022,-1.5837077385389613,Downregulated,0.0958224113789155,11/31,19.67%
intra-Golgi Vesicle-Mediated Transport (GO:0006891),GO_Biological_Process_2025,-1.5841517177125164,Downregulated,0.0958244642233529,13/26,20.41%
ROS And RNS Production In Phagocytes R-HSA-1222556,Reactome_2022,-1.5914413569961987,Downregulated,0.0907447979936163,11/25,24.52%
EPH-ephrin Mediated Repulsion Of Cells R-HSA-3928665,Reactome_2022,-1.5964230578890763,Downregulated,0.0876395130448966,20/23,39.02%
Protein N-linked Glycosylation via Asparagine (GO:0018279),GO_Biological_Process_2025,-1.6032904099608738,Downregulated,0.0832208057591757,13/29,15.75%
Aminoglycan Biosynthetic Process (GO:0006023),GO_Biological_Process_2025,-1.603354726195102,Downregulated,0.0835148285035545,12/22,34.10%
"Glycine, serine and threonine metabolism",KEGG_2021_Human,-1.6036859613588947,Downregulated,0.0836283649564574,8/28,8.18%
Regulation of Cellular Localization (GO:0060341),GO_Biological_Process_2025,-1.605136532725466,Downregulated,0.0829520730993817,11/42,12.07%
Cardiac muscle contraction,KEGG_2021_Human,-1.606576141461496,Downregulated,0.0823709411548987,14/50,16.97%
Lysosome Vesicle Biogenesis R-HSA-432720,Reactome_2022,-1.608343583785545,Downregulated,0.0815061078082782,11/24,27.80%
Ligand-Gated Monoatomic Ion Channel Activity (GO:0015276),GO_Molecular_Function_2025,-1.6100993557912848,Downregulated,0.0807593258446172,10/16,9.68%
Monocarboxylic Acid Biosynthetic Process (GO:0072330),GO_Biological_Process_2025,-1.6158086274040908,Downregulated,0.077518674448268,11/34,9.16%
GPI Anchored Protein Biosynthesis (GO:0180046),GO_Biological_Process_2025,-1.6167426728105072,Downregulated,0.077188967561476,11/22,24.29%
Systemic lupus erythematosus,KEGG_2021_Human,-1.617359594131524,Downregulated,0.0771231197516296,6/17,15.87%
mRNA Splicing - Minor Pathway R-HSA-72165,Reactome_2022,-1.6176610430933278,Downregulated,0.0772111151137564,16/40,25.76%
8P23 1 Copy Number Variation Syndrome WP5346,WikiPathways_2024_Human,-1.6216226082956633,Downregulated,0.0750885010765005,11/25,14.45%
Fatty Acid Biosynthetic Process (GO:0006633),GO_Biological_Process_2025,-1.6223345922913293,Downregulated,0.0749441431951514,9/36,1.52%
Phospholipid Translocation (GO:0045332),GO_Biological_Process_2025,-1.6234060380819368,Downregulated,0.074611089483249,15/24,12.56%
Nucleobase-Containing Compound Kinase Activity (GO:0019205),GO_Molecular_Function_2025,-1.6239600027262882,Downregulated,0.0745403008112717,7/15,20.57%
Vacuolar Proton-Transporting V-type ATPase Complex (GO:0016471),GO_Cellular_Component_2025,-1.6295520318161696,Downregulated,0.0715139799860656,7/17,20.54%
Protein Glycosylation (GO:0006486),GO_Biological_Process_2025,-1.6300909402518908,Downregulated,0.0715634008254172,44/104,21.46%
Sensory Perception R-HSA-9709957,Reactome_2022,-1.6325793612862205,Downregulated,0.0703988498708535,56/118,23.80%
Diseases Of Metabolism R-HSA-5668914,Reactome_2022,-1.6344200176763073,Downregulated,0.0697173339097609,46/129,19.64%
Innate Immune Response Activating Cell Surface Receptor Signaling Pathway (GO:0002220),GO_Biological_Process_2025,-1.6364220079167904,Downregulated,0.068848569101414,8/15,17.06%
Pyruvate metabolism,KEGG_2021_Human,-1.639249148041918,Downregulated,0.0675649904469958,20/35,19.19%
Oxidative phosphorylation,KEGG_2021_Human,-1.6407639120347253,Downregulated,0.0670710966333747,32/89,26.53%
Monoatomic Cation Channel Activity (GO:0005261),GO_Molecular_Function_2025,-1.642984185650871,Downregulated,0.0662125200824531,28/75,13.19%
Regulation of Neurogenesis (GO:0050767),GO_Biological_Process_2025,-1.6435763697586616,Downregulated,0.0661286239476575,17/38,20.29%
trans-Golgi Network Membrane (GO:0032588),GO_Cellular_Component_2025,-1.6453353523599703,Downregulated,0.0654950074144992,30/65,27.60%
Mitochondrial Respiratory Chain Complex I Assembly (GO:0032981),GO_Biological_Process_2025,-1.6460592151765283,Downregulated,0.0653817519723052,10/28,22.26%
NADH Dehydrogenase Complex Assembly (GO:0010257),GO_Biological_Process_2025,-1.6460592151765283,Downregulated,0.0653817519723052,10/28,22.26%
Stimuli-sensing Channels R-HSA-2672351,Reactome_2022,-1.6464242401459717,Downregulated,0.0657305306489414,21/71,8.72%
Inorganic Cation Import Across Plasma Membrane (GO:0098659),GO_Biological_Process_2025,-1.649047099065258,Downregulated,0.0646846702684915,22/66,8.72%
Fructose and mannose metabolism,KEGG_2021_Human,-1.6509808463952411,Downregulated,0.0638600161283562,14/22,20.90%
Lysosome (GO:0005764),GO_Cellular_Component_2025,-1.6530945787689295,Downregulated,0.062938573086947,105/292,22.20%
17P13 3 YWHAE Copy Number Variation WP5376,WikiPathways_2024_Human,-1.6570593164287326,Downregulated,0.0611320029183048,8/18,20.64%
Notch Signaling Pathway (GO:0007219),GO_Biological_Process_2025,-1.6649434229134668,Downregulated,0.0575250799875479,10/24,20.53%
Protein Deubiquitination (GO:0016579),GO_Biological_Process_2025,-1.6681508692567173,Downregulated,0.0562909482843808,14/32,21.43%
Neuroactive ligand-receptor interaction,KEGG_2021_Human,-1.6700110502957712,Downregulated,0.0556345023449457,51/89,32.72%
Disorders Of Folate Metabolism And Transport WP4259,WikiPathways_2024_Human,-1.6729012838136803,Downregulated,0.0545143537242116,7/15,9.39%
Glycosylphosphatidylinositol (GPI)-anchor biosynthesis,KEGG_2021_Human,-1.6731729756650986,Downregulated,0.0546372798748603,10/19,24.29%
Negative Regulation of mRNA Catabolic Process (GO:1902373),GO_Biological_Process_2025,-1.6750310910129746,Downregulated,0.0539682898954067,6/25,6.61%
Mitochondrial Translation Initiation R-HSA-5368286,Reactome_2022,-1.6826365696751018,Downregulated,0.0506364849404998,31/65,34.36%
Mitochondrial Translation (GO:0032543),GO_Biological_Process_2025,-1.685679059082936,Downregulated,0.0494419765071747,36/77,35.75%
Hexose Transmembrane Transport (GO:0008645),GO_Biological_Process_2025,-1.691526173483468,Downregulated,0.0469876676166533,15/21,8.48%
Sealing Of Nuclear Envelope (NE) By ESCRT-III R-HSA-9668328,Reactome_2022,-1.7023748141397232,Downregulated,0.0429542543430331,7/18,9.51%
Protein digestion and absorption,KEGG_2021_Human,-1.7035409465674125,Downregulated,0.0427040973457866,19/39,14.98%
Potassium Channel Regulator Activity (GO:0015459),GO_Molecular_Function_2025,-1.7105627843419404,Downregulated,0.0404018430146776,10/15,17.40%
Sodium Ion Transmembrane Transport (GO:0035725),GO_Biological_Process_2025,-1.7125336526714867,Downregulated,0.0399068375053717,21/47,8.72%
Glycoprotein Metabolic Process (GO:0009100),GO_Biological_Process_2025,-1.7137542509018746,Downregulated,0.0396708039787387,16/27,25.26%
Monoatomic Cation Transmembrane Transport (GO:0098655),GO_Biological_Process_2025,-1.7178821589520543,Downregulated,0.0384132208930138,60/172,13.19%
Potassium Ion Transmembrane Transport (GO:0071805),GO_Biological_Process_2025,-1.719776907228546,Downregulated,0.0379178810466721,36/80,13.19%
Lipase Activity (GO:0016298),GO_Molecular_Function_2025,-1.7251565247648692,Downregulated,0.0361781253187959,10/29,1.11%
Diseases Associated With O-glycosylation Of Proteins R-HSA-3906995,Reactome_2022,-1.7264088043548325,Downregulated,0.0359278750480213,10/19,24.24%
Collagen-Containing Extracellular Matrix (GO:0062023),GO_Cellular_Component_2025,-1.7292616258924316,Downregulated,0.0351680266997112,20/84,7.11%
Chloride Transmembrane Transport (GO:1902476),GO_Biological_Process_2025,-1.731209433640833,Downregulated,0.0346022276224516,11/21,13.19%
Mitochondrial Complex IV Assembly WP4922,WikiPathways_2024_Human,-1.732381997788119,Downregulated,0.0343737226844992,9/17,24.88%
Lysosome,KEGG_2021_Human,-1.732534022655686,Downregulated,0.0344915980117159,46/85,27.60%
Dicarboxylic Acid Transport (GO:0006835),GO_Biological_Process_2025,-1.732819967513872,Downregulated,0.0345522425707063,9/16,13.19%
Proximal Tubule Transport WP4917,WikiPathways_2024_Human,-1.7370682133740876,Downregulated,0.0333771390553605,19/42,10.26%
Mitochondrial Respiratory Chain Complex Assembly (GO:0033108),GO_Biological_Process_2025,-1.74160628466005,Downregulated,0.0321524951069232,16/56,18.60%
SLC Transporter Disorders R-HSA-5619102,Reactome_2022,-1.7430971139934726,Downregulated,0.0318468603949515,23/72,10.26%
Histone H3 Methyltransferase Activity (GO:0140938),GO_Molecular_Function_2025,-1.7484080830636584,Downregulated,0.0305427644768648,12/32,11.45%
Vibrio cholerae infection,KEGG_2021_Human,-1.7488611822885107,Downregulated,0.030529511223148,19/44,20.54%
Transport Of Small Molecules R-HSA-382551,Reactome_2022,-1.749662757185398,Downregulated,0.030417296886937,142/487,12.56%
"Glutamate Binding, Activation Of AMPA Receptors And Synaptic Plasticity R-HSA-399721",Reactome_2022,-1.7497732979427378,Downregulated,0.0305285129430252,19/21,34.63%
Intracellular pH Reduction (GO:0051452),GO_Biological_Process_2025,-1.7510180073575317,Downregulated,0.0303022907755376,10/23,23.50%
Regulation of Monoatomic Cation Transmembrane Transport (GO:1904062),GO_Biological_Process_2025,-1.754597281181978,Downregulated,0.0294323961375516,11/20,17.40%
COPI-coated Vesicle Membrane (GO:0030663),GO_Cellular_Component_2025,-1.757092186575094,Downregulated,0.0288736698899689,12/15,24.32%
Postsynaptic Density Membrane (GO:0098839),GO_Cellular_Component_2025,-1.7574286889731174,Downregulated,0.0289130705909847,17/27,15.88%
Fatty Acid Transport (GO:0015908),GO_Biological_Process_2025,-1.7582760976472678,Downregulated,0.0288332417088787,17/31,10.23%
"Transport Of Bile Salts And Organic Acids, Metal Ions And Amine Compounds R-HSA-425366",Reactome_2022,-1.7582872855603129,Downregulated,0.0289842010895534,17/45,8.89%
Formation Of Cornified Envelope R-HSA-6809371,Reactome_2022,-1.758453548324525,Downregulated,0.0290874942151757,7/20,6.63%
Keratinization R-HSA-6805567,Reactome_2022,-1.758453548324525,Downregulated,0.0290874942151757,7/20,6.63%
Amino sugar and nucleotide sugar metabolism,KEGG_2021_Human,-1.758963629711159,Downregulated,0.0291706661260402,20/36,20.53%
Glutamatergic synapse,KEGG_2021_Human,-1.7623937491187358,Downregulated,0.0282666044560441,40/74,21.19%
Vacuolar Lumen (GO:0005775),GO_Cellular_Component_2025,-1.762461770517432,Downregulated,0.0283957051954917,34/89,17.95%
Azurophil Granule (GO:0042582),GO_Cellular_Component_2025,-1.762638298763056,Downregulated,0.0285032077433724,31/88,15.94%
Malaria,KEGG_2021_Human,-1.7649846503423707,Downregulated,0.0280524028220205,7/17,7.61%
Complement System In Neuronal Development And Plasticity WP5090,WikiPathways_2024_Human,-1.7705880775337572,Downregulated,0.0267923880360095,19/40,17.05%
RHOV GTPase Cycle R-HSA-9013424,Reactome_2022,-1.773078365977291,Downregulated,0.0262337375255081,8/21,17.06%
Regulation of Signal Transduction (GO:0009966),GO_Biological_Process_2025,-1.7732122078892276,Downregulated,0.0263175700312356,37/107,18.86%
Mitochondrial Translation R-HSA-5368287,Reactome_2022,-1.7755375156455493,Downregulated,0.0258540578286057,34/71,34.36%
Protein-Lysine N-methyltransferase Activity (GO:0016279),GO_Molecular_Function_2025,-1.7788176354252816,Downregulated,0.0251904968374882,13/37,11.45%
Collecting duct acid secretion,KEGG_2021_Human,-1.780410780290357,Downregulated,0.0249878834285388,10/23,19.80%
Carbohydrate digestion and absorption,KEGG_2021_Human,-1.7809520911599217,Downregulated,0.0249512126275758,14/36,8.35%
Mitochondrial Translation Termination R-HSA-5419276,Reactome_2022,-1.7813351370276027,Downregulated,0.0250398075446568,32/66,34.36%
Complement and coagulation cascades,KEGG_2021_Human,-1.782255449650959,Downregulated,0.0249592602983245,6/16,4.40%
Carboxyterminal Post-Translational Modifications Of Tubulin R-HSA-8955332,Reactome_2022,-1.7866109319597905,Downregulated,0.0240172348334069,7/18,9.51%
Cysteine-Type Deubiquitinase Activity (GO:0004843),GO_Molecular_Function_2025,-1.7867500540451895,Downregulated,0.0241167206586286,14/28,21.43%
Folate biosynthesis,KEGG_2021_Human,-1.794275980668525,Downregulated,0.0222190351153198,13/25,14.34%
Proteoglycan Biosynthetic Process (GO:0030166),GO_Biological_Process_2025,-1.7949708534001785,Downregulated,0.0221300585435655,16/28,34.09%
HS-GAG Biosynthesis R-HSA-2022928,Reactome_2022,-1.7966173462713526,Downregulated,0.0218648759625466,4/23,0.41%
Hsp70 Protein Binding (GO:0030544),GO_Molecular_Function_2025,-1.7988150696680014,Downregulated,0.0214757352373135,9/20,15.44%
Regulation of Cell Development (GO:0060284),GO_Biological_Process_2025,-1.8010200854877445,Downregulated,0.0211123466481047,15/31,18.46%
Attenuation Phase R-HSA-3371568,Reactome_2022,-1.807115310957493,Downregulated,0.0198989271673867,8/19,15.53%
Aryl Hydrocarbon Receptor Pathway WP2873,WikiPathways_2024_Human,-1.8105292013104284,Downregulated,0.0193269062057014,9/26,10.55%
Sphingolipid Metabolism R-HSA-428157,Reactome_2022,-1.8133278472165812,Downregulated,0.0188871691193982,24/67,11.25%
Secondary Active Transmembrane Transporter Activity (GO:0015291),GO_Molecular_Function_2025,-1.81727336828864,Downregulated,0.0181982501842587,16/37,9.39%
GAG Synthesis Requires Tetrasaccharide Linker Sequence R-HSA-1971475,Reactome_2022,-1.818378183230743,Downregulated,0.0180645808661464,8/17,17.95%
Sodium Ion Transmembrane Transporter Activity (GO:0015081),GO_Molecular_Function_2025,-1.8201398809042213,Downregulated,0.0178032208082416,16/29,13.19%
Insulin Receptor Recycling R-HSA-77387,Reactome_2022,-1.8209947455870872,Downregulated,0.0177552706175307,9/20,20.54%
Transferrin Endocytosis And Recycling R-HSA-917977,Reactome_2022,-1.8209947455870872,Downregulated,0.0177552706175307,9/20,20.54%
Glycosaminoglycan biosynthesis,KEGG_2021_Human,-1.8217327713526867,Downregulated,0.0178501887308948,24/38,34.10%
Mitochondrial Translation Elongation R-HSA-5389840,Reactome_2022,-1.8220752678354304,Downregulated,0.0178877796255676,33/66,34.36%
Inorganic Cation Transmembrane Transport (GO:0098662),GO_Biological_Process_2025,-1.823493981968646,Downregulated,0.0177957948551397,61/170,13.19%
Endoplasmic Reticulum Stress Response In Coronavirus Infection WP4861,WikiPathways_2024_Human,-1.824756764032873,Downregulated,0.0176371866863404,6/31,0.75%
Phosphatidylinositol-3-Phosphate Phosphatase Activity (GO:0004438),GO_Molecular_Function_2025,-1.8253987301165535,Downregulated,0.017652175497816,13/15,24.81%
Hexose Transmembrane Transporter Activity (GO:0015149),GO_Molecular_Function_2025,-1.826581266147463,Downregulated,0.0175237219043908,13/16,8.48%
D-glucose Transmembrane Transport (GO:1904659),GO_Biological_Process_2025,-1.826943707611428,Downregulated,0.0175270438274578,14/19,8.48%
Regulation of Cell Communication (GO:0010646),GO_Biological_Process_2025,-1.8289395618751343,Downregulated,0.017267341374272,22/49,15.98%
Visual Phototransduction R-HSA-2187338,Reactome_2022,-1.8312175744471704,Downregulated,0.0169534908061182,33/59,20.09%
Spliceosomal tri-snRNP Complex (GO:0097526),GO_Cellular_Component_2025,-1.8314401215791487,Downregulated,0.0170381549653671,19/31,31.66%
U4/U6 X U5 tri-snRNP Complex (GO:0046540),GO_Cellular_Component_2025,-1.8314401215791487,Downregulated,0.0170381549653671,19/31,31.66%
Formation Of Tubulin Folding Intermediates By CCT/TriC R-HSA-389960,Reactome_2022,-1.832644285169282,Downregulated,0.0170097192063244,14/17,31.50%
cis-Golgi Network (GO:0005801),GO_Cellular_Component_2025,-1.8328236674087524,Downregulated,0.017102281285721,31/47,27.73%
Metabolism Of Carbohydrates R-HSA-71387,Reactome_2022,-1.8375242834783103,Downregulated,0.0162754113755644,88/198,29.25%
N-Glycan biosynthesis,KEGG_2021_Human,-1.8414104807512368,Downregulated,0.0156600976637695,18/42,20.23%
Intrinsic Pathway For Apoptosis R-HSA-109606,Reactome_2022,-1.8545831458192947,Downregulated,0.0136005578431102,11/34,10.88%
Endoplasmic Reticulum Lumen (GO:0005788),GO_Cellular_Component_2025,-1.856519025261332,Downregulated,0.0133922439638901,35/106,13.26%
Anterior/Posterior Pattern Specification (GO:0009952),GO_Biological_Process_2025,-1.8574034054266029,Downregulated,0.0134146591988113,14/21,18.46%
Activation Of BH3-only Proteins R-HSA-114452,Reactome_2022,-1.8605465056014063,Downregulated,0.013033124176698,7/20,10.80%
Tyrosine metabolism,KEGG_2021_Human,-1.8661657550692088,Downregulated,0.012293675395284,20/25,21.53%
Steroid Metabolic Process (GO:0008202),GO_Biological_Process_2025,-1.878060258415463,Downregulated,0.0107050550229527,22/51,7.94%
Monoatomic Ion Transport (GO:0006811),GO_Biological_Process_2025,-1.884741814692308,Downregulated,0.0099565145997611,28/54,12.50%
Phosphatidylinositol Monophosphate Phosphatase Activity (GO:0052744),GO_Molecular_Function_2025,-1.8860834712164087,Downregulated,0.0098987793701324,14/16,24.81%
Heparan Sulfate/Heparin (HS-GAG) Metabolism R-HSA-1638091,Reactome_2022,-1.8865762429462003,Downregulated,0.0098777292128808,26/38,34.10%
Proton Transmembrane Transporter Activity (GO:0015078),GO_Molecular_Function_2025,-1.892431823174158,Downregulated,0.0093585072213234,10/20,19.80%
Calcium Ion Binding (GO:0005509),GO_Molecular_Function_2025,-1.894816980668794,Downregulated,0.0092061298988595,46/147,11.82%
Protein Heterodimerization Activity (GO:0046982),GO_Molecular_Function_2025,-1.901800060699704,Downregulated,0.0086420664771073,43/148,13.23%
Vitamin Transport (GO:0051180),GO_Biological_Process_2025,-1.9018719121271688,Downregulated,0.0086946461718769,18/33,9.41%
'De Novo' Post-Translational Protein Folding (GO:0051084),GO_Biological_Process_2025,-1.907914790001436,Downregulated,0.0081375499988329,17/31,21.83%
Prefoldin Mediated Transfer Of Substrate To CCT/TriC R-HSA-389957,Reactome_2022,-1.9083651463239475,Downregulated,0.0081805133053526,17/21,33.27%
UDP-galactosyltransferase Activity (GO:0035250),GO_Molecular_Function_2025,-1.9091250605956696,Downregulated,0.0081713815695699,5/19,13.61%
Ion Transport By P-type ATPases R-HSA-936837,Reactome_2022,-1.9097824169841957,Downregulated,0.0081687538174762,33/39,37.42%
Ion Channel Transport R-HSA-983712,Reactome_2022,-1.9158668899942213,Downregulated,0.0076904554689186,41/129,12.56%
Regulation of Lysosomal Lumen pH (GO:0035751),GO_Biological_Process_2025,-1.917220416627963,Downregulated,0.0076637126235224,12/18,25.30%
U5 snRNP (GO:0005682),GO_Cellular_Component_2025,-1.9192787167356025,Downregulated,0.0075412552736192,11/16,25.60%
Heparan Sulfate Proteoglycan Metabolic Process (GO:0030201),GO_Biological_Process_2025,-1.9223772478190648,Downregulated,0.007265879140309,6/20,6.58%
Phospholipase Activity (GO:0004620),GO_Molecular_Function_2025,-1.9236716072486115,Downregulated,0.0071589467657574,12/47,3.28%
Striated Muscle Contraction R-HSA-390522,Reactome_2022,-1.924961945305318,Downregulated,0.0071199969247177,11/21,16.69%
HS-GAG Degradation R-HSA-2024096,Reactome_2022,-1.930418206042513,Downregulated,0.0067218128501767,7/20,4.27%
Potassium Ion Transmembrane Transporter Activity (GO:0015079),GO_Molecular_Function_2025,-1.930647269544137,Downregulated,0.0067565586226676,20/28,13.19%
Carbohydrate Metabolic Process (GO:0005975),GO_Biological_Process_2025,-1.9317445622578604,Downregulated,0.0067418428645592,19/46,8.63%
U2-type Catalytic Step 2 Spliceosome (GO:0071007),GO_Cellular_Component_2025,-1.9346230858352944,Downregulated,0.0065105793689176,14/26,25.60%
Lysosomal Lumen (GO:0043202),GO_Cellular_Component_2025,-1.935715225214306,Downregulated,0.0064862381052218,31/49,26.00%
Neuroinflammation And Glutamatergic Signaling WP5083,WikiPathways_2024_Human,-1.936416749793848,Downregulated,0.0064541429112575,34/64,17.03%
Diseases Of Glycosylation R-HSA-3781865,Reactome_2022,-1.9382234182605385,Downregulated,0.0063105190986473,28/68,19.64%
Neurotransmitter Release Cycle R-HSA-112310,Reactome_2022,-1.938835463055256,Downregulated,0.0063061711339859,15/29,15.52%
Sarcomere Organization (GO:0045214),GO_Biological_Process_2025,-1.9391324954648124,Downregulated,0.006331862086189,11/20,22.56%
Activation Of Kainate Receptors Upon Glutamate Binding R-HSA-451326,Reactome_2022,-1.9411620717962053,Downregulated,0.0062212803687207,15/21,21.19%
Metal Cation:Proton Antiporter Activity (GO:0051139),GO_Molecular_Function_2025,-1.9472587494281337,Downregulated,0.0057178103088512,10/16,8.72%
Mitochondrial Ribosome (GO:0005761),GO_Cellular_Component_2025,-1.9522881940204944,Downregulated,0.0053289351037122,11/18,27.47%
"Hydrolase Activity, Hydrolyzing O-glycosyl Compounds (GO:0004553)",GO_Molecular_Function_2025,-1.953096547547776,Downregulated,0.0053309928541817,13/17,26.00%
Aldehyde Dehydrogenase (NAD+) Activity (GO:0004029),GO_Molecular_Function_2025,-1.955817165907946,Downregulated,0.0052228032725062,12/15,6.59%
Glycogen Synthesis And Degradation WP500,WikiPathways_2024_Human,-1.956528697184896,Downregulated,0.0052159564462091,11/32,13.88%
Vacuolar Acidification (GO:0007035),GO_Biological_Process_2025,-1.958257841006656,Downregulated,0.0051447711225286,13/23,25.30%
Alcohol Dehydrogenase [NAD(P)+] Activity (GO:0018455),GO_Molecular_Function_2025,-1.9625888936422773,Downregulated,0.0048939726075146,17/19,17.40%
Glycogen Metabolism R-HSA-8982491,Reactome_2022,-1.9637103633903972,Downregulated,0.0048510443900741,8/19,8.07%
Oligosaccharide Metabolic Process (GO:0009311),GO_Biological_Process_2025,-1.967502870290857,Downregulated,0.004617304092427,9/15,19.48%
Histone Modifications WP2369,WikiPathways_2024_Human,-1.9675417149178351,Downregulated,0.0046542308640806,14/31,11.45%
Chondroitin Sulfate/Dermatan Sulfate Metabolism R-HSA-1793185,Reactome_2022,-1.9765688533464765,Downregulated,0.0040348559487074,15/31,19.64%
Cooperation Of Prefoldin And TriC/CCT In Actin And Tubulin Folding R-HSA-389958,Reactome_2022,-1.989668698625158,Downregulated,0.0032924929951383,19/23,33.27%
Glutamate Receptor Signaling Pathway (GO:0007215),GO_Biological_Process_2025,-1.9901528447887336,Downregulated,0.0033085631590537,15/23,15.88%
Estrogen Metabolic Process (GO:0008210),GO_Biological_Process_2025,-1.9923516817090667,Downregulated,0.0032555103970281,10/16,1.48%
Chaperone Cofactor-Dependent Protein Refolding (GO:0051085),GO_Biological_Process_2025,-1.9925915109728911,Downregulated,0.0032803015002577,13/22,15.53%
Regulation of Glycogen Biosynthetic Process (GO:0005979),GO_Biological_Process_2025,-1.9939809586030344,Downregulated,0.0032169868573299,6/15,0.75%
Phase II - Conjugation Of Compounds R-HSA-156580,Reactome_2022,-1.9963795874085344,Downregulated,0.0030717396908267,24/71,2.67%
Proton Transmembrane Transport (GO:1902600),GO_Biological_Process_2025,-1.9976977426954223,Downregulated,0.0030229607465396,14/34,20.54%
Neurotransmitter Transport (GO:0006836),GO_Biological_Process_2025,-1.9977647880525156,Downregulated,0.0030371694990023,12/22,16.42%
Regulation of Nervous System Development (GO:0051960),GO_Biological_Process_2025,-1.9978284894239504,Downregulated,0.003060934674168,15/29,18.46%
Diseases Associated With Glycosaminoglycan Metabolism R-HSA-3560782,Reactome_2022,-2.005071488272811,Downregulated,0.0027766999447882,13/23,19.64%
Arginine and proline metabolism,KEGG_2021_Human,-2.010849211589969,Downregulated,0.0025617731888673,17/37,6.59%
Glycosaminoglycan Metabolism R-HSA-1630316,Reactome_2022,-2.017187567138571,Downregulated,0.0022942203606921,29/73,19.65%
Primary Alcohol Metabolic Process (GO:0034308),GO_Biological_Process_2025,-2.028469620544,Downregulated,0.0018949043547307,14/18,17.39%
Drug metabolism,KEGG_2021_Human,-2.030237566689164,Downregulated,0.0018677898425002,25/63,5.78%
Triacylglycerol Lipase Activity (GO:0004806),GO_Molecular_Function_2025,-2.030903895903218,Downregulated,0.0018796156152763,11/15,1.11%
Outward Rectifier Potassium Channel Activity (GO:0015271),GO_Molecular_Function_2025,-2.0317058118275573,Downregulated,0.0018717014442646,14/18,13.18%
Phagosome,KEGG_2021_Human,-2.0429971759607537,Downregulated,0.0016103924763965,30/79,11.98%
N Glycan Biosynthesis WP5153,WikiPathways_2024_Human,-2.0465800626205706,Downregulated,0.0015785433867292,24/49,20.23%
Various types of N-glycan biosynthesis,KEGG_2021_Human,-2.047560019616009,Downregulated,0.0015977939158357,18/33,20.23%
Nitrogen Compound Transport (GO:0071705),GO_Biological_Process_2025,-2.054904417128653,Downregulated,0.001470472515135,43/109,10.41%
Golgi Cisterna Membrane (GO:0032580),GO_Cellular_Component_2025,-2.057488232913435,Downregulated,0.0014037760831985,20/23,27.46%
Golgi Cisterna (GO:0031985),GO_Cellular_Component_2025,-2.0583296956550416,Downregulated,0.0013892375506912,29/38,31.43%
Post-chaperonin Tubulin Folding Pathway R-HSA-389977,Reactome_2022,-2.0642996051387126,Downregulated,0.0012325306713398,8/15,9.51%
Phosphatidylinositol Dephosphorylation (GO:0046856),GO_Biological_Process_2025,-2.0673348095547674,Downregulated,0.0012043415432399,17/20,24.79%
Glycosphingolipid biosynthesis,KEGG_2021_Human,-2.0737969390492608,Downregulated,0.0010858555029526,9/21,17.43%
Adenylyltransferase Activity (GO:0070566),GO_Molecular_Function_2025,-2.074424089574447,Downregulated,0.0010889899312085,4/15,0.11%
Striated Muscle Contraction Pathway WP383,WikiPathways_2024_Human,-2.0873260461299368,Downregulated,0.0009082580718483,11/20,16.69%
O-linked Glycosylation Of Mucins R-HSA-913709,Reactome_2022,-2.0877487612395984,Downregulated,0.0009206999632435,17/32,19.58%
Protein processing in endoplasmic reticulum,KEGG_2021_Human,-2.092810894382757,Downregulated,0.0008980385717431,61/133,20.65%
Golgi Cis Cisterna (GO:0000137),GO_Cellular_Component_2025,-2.096259534220575,Downregulated,0.0008627561074715,18/21,29.25%
Alcohol Dehydrogenase (NADP+) Activity (GO:0008106),GO_Molecular_Function_2025,-2.097195770145752,Downregulated,0.0008629272892389,14/19,8.78%
Pyridoxal Phosphate Binding (GO:0030170),GO_Molecular_Function_2025,-2.1002583658859537,Downregulated,0.0008261132856767,7/15,5.70%
Vitamin B6 Binding (GO:0070279),GO_Molecular_Function_2025,-2.1002583658859537,Downregulated,0.0008261132856767,7/15,5.70%
Bile secretion,KEGG_2021_Human,-2.107333423110768,Downregulated,0.0007618866123194,22/68,1.49%
Drug ADME R-HSA-9748784,Reactome_2022,-2.1141911590547866,Downregulated,0.0007218683256117,31/64,8.14%
Retinoid Metabolic Process (GO:0001523),GO_Biological_Process_2025,-2.119072097241096,Downregulated,0.0006937075282939,26/33,20.05%
Galactose metabolism,KEGG_2021_Human,-2.126371295586587,Downregulated,0.0005849067013327,23/26,25.23%
Diseases Of Carbohydrate Metabolism R-HSA-5663084,Reactome_2022,-2.1436753505826,Downregulated,0.0004591475404401,12/28,8.78%
Digestion And Absorption R-HSA-8963743,Reactome_2022,-2.151583035125666,Downregulated,0.0003979423891765,17/21,11.27%
Inorganic Cation Transmembrane Transporter Activity (GO:0022890),GO_Molecular_Function_2025,-2.171929142944415,Downregulated,0.0002231536744279,19/27,15.88%
Antigen processing and presentation,KEGG_2021_Human,-2.172322458594917,Downregulated,0.0002268729023351,19/27,16.15%
Double-Stranded RNA Binding (GO:0003725),GO_Molecular_Function_2025,-2.1772917491086896,Downregulated,0.0002018784300439,17/42,9.89%
Digestion R-HSA-8935690,Reactome_2022,-2.184906692412735,Downregulated,0.0001613535727814,15/17,11.27%
Regulation of Fatty Acid Metabolic Process (GO:0019217),GO_Biological_Process_2025,-2.1856614259514995,Downregulated,0.0001641843372162,9/16,1.49%
Protein O-linked Glycosylation (GO:0006493),GO_Biological_Process_2025,-2.187269392742959,Downregulated,0.0001519238185279,34/61,29.26%
Negative Regulation of Fatty Acid Metabolic Process (GO:0045922),GO_Biological_Process_2025,-2.1946425758615664,Downregulated,0.0001392174627965,9/17,1.49%
Synaptic Vesicle Pathway WP2267,WikiPathways_2024_Human,-2.231468976128881,Downregulated,7.877531331080371e-05,21/29,20.33%
Metabolism of xenobiotics by cytochrome P450,KEGG_2021_Human,-2.244104662829436,Downregulated,1.6052327995409056e-05,27/46,7.05%
O-linked Glycosylation R-HSA-5173105,Reactome_2022,-2.2498735721808125,Downregulated,1.6361026610705387e-05,28/46,29.26%
O-glycan Processing (GO:0016266),GO_Biological_Process_2025,-2.2682120599835764,Downregulated,1.6681831054052552e-05,21/29,29.26%
Keratan Sulfate/Keratin Metabolism R-HSA-1638074,Reactome_2022,-2.286704669756153,Downregulated,1.70154676751336e-05,14/19,19.65%
Metabolism Of Fat-Soluble Vitamins R-HSA-6806667,Reactome_2022,-2.299024024865782,Downregulated,0.0,23/31,20.09%
Ionotropic Glutamate Receptor Complex (GO:0008328),GO_Cellular_Component_2025,-2.302494220353679,Downregulated,0.0,16/23,15.88%
Nicotine addiction,KEGG_2021_Human,-2.3118501133814084,Downregulated,0.0,14/15,15.87%
Other types of O-glycan biosynthesis,KEGG_2021_Human,-2.3134132740183766,Downregulated,0.0,31/42,24.23%
Antiporter Activity (GO:0015297),GO_Molecular_Function_2025,-2.323776953474188,Downregulated,0.0,10/27,9.39%
Carboxypeptidase Activity (GO:0004180),GO_Molecular_Function_2025,-2.3356541551548125,Downregulated,0.0,9/15,4.44%
"Gamma Carboxylation, Hypusine Formation And Arylsulfatase Activation R-HSA-163841",Reactome_2022,-2.33904286056477,Downregulated,0.0,13/29,3.09%
Hydro-Lyase Activity (GO:0016836),GO_Molecular_Function_2025,-2.339092705627961,Downregulated,0.0,14/35,2.43%
Retinoid Metabolism And Transport R-HSA-975634,Reactome_2022,-2.350660881360753,Downregulated,0.0,21/28,20.09%
Synaptic vesicle cycle,KEGG_2021_Human,-2.356190994042963,Downregulated,0.0,28/46,20.54%
Starch and sucrose metabolism,KEGG_2021_Human,-2.356990436095384,Downregulated,0.0,18/30,8.07%
Negative Regulation of Lipid Metabolic Process (GO:0045833),GO_Biological_Process_2025,-2.3717688857286205,Downregulated,0.0,9/15,1.49%
SLC-mediated Transmembrane Transport R-HSA-425407,Reactome_2022,-2.3852433328091567,Downregulated,0.0,78/161,10.41%
Phase 4 - Resting Membrane Potential R-HSA-5576886,Reactome_2022,-2.397792228823245,Downregulated,0.0,15/15,13.19%
Amino Acid Transport (GO:0006865),GO_Biological_Process_2025,-2.402303121229468,Downregulated,0.0,20/23,10.41%
Aspirin ADME R-HSA-9749641,Reactome_2022,-2.40810687497326,Downregulated,0.0,21/29,1.50%
Transmitter-Gated Monoatomic Ion Channel Activity Involved in Regulation of Postsynaptic Membrane Potential (GO:1904315),GO_Molecular_Function_2025,-2.4111632444344697,Downregulated,0.0,16/16,15.88%
Neurotransmitter Receptor Activity Involved in Regulation of Postsynaptic Membrane Potential (GO:0099529),GO_Molecular_Function_2025,-2.4111632444344697,Downregulated,0.0,16/16,15.88%
Transmitter-Gated Monoatomic Ion Channel Activity (GO:0022824),GO_Molecular_Function_2025,-2.4111632444344697,Downregulated,0.0,16/16,15.88%
Glutamate-Gated Receptor Activity (GO:0004970),GO_Molecular_Function_2025,-2.4111632444344697,Downregulated,0.0,16/16,15.88%
Amino Acid Transport Across Plasma Membrane R-HSA-352230,Reactome_2022,-2.4180223012366078,Downregulated,0.0,20/22,10.35%
Leak Channel Activity (GO:0022840),GO_Molecular_Function_2025,-2.4486711975801523,Downregulated,0.0,15/16,13.18%
"Synaptic Transmission, Glutamatergic (GO:0035249)",GO_Biological_Process_2025,-2.469001967192319,Downregulated,0.0,20/22,15.88%
UDP-glycosyltransferase Activity (GO:0008194),GO_Molecular_Function_2025,-2.4902807745356497,Downregulated,0.0,20/55,1.50%
Hexosyltransferase Activity (GO:0016758),GO_Molecular_Function_2025,-2.4914773063874165,Downregulated,0.0,33/72,13.61%
Steroid hormone biosynthesis,KEGG_2021_Human,-2.4971332040810057,Downregulated,0.0,24/33,7.03%
Retinoic Acid Binding (GO:0001972),GO_Molecular_Function_2025,-2.5029685589701622,Downregulated,0.0,12/17,1.49%
Retinoid Binding (GO:0005501),GO_Molecular_Function_2025,-2.5289617984448745,Downregulated,0.0,17/23,10.23%
Mucin type O-glycan biosynthesis,KEGG_2021_Human,-2.553800423609064,Downregulated,0.0,23/28,18.32%
L-alpha-amino Acid Transmembrane Transport (GO:1902475),GO_Biological_Process_2025,-2.553863733211315,Downregulated,0.0,19/23,10.39%
Monocarboxylic Acid Binding (GO:0033293),GO_Molecular_Function_2025,-2.5598463923345056,Downregulated,0.0,18/23,10.23%
Organic Anion Transport (GO:0015711),GO_Biological_Process_2025,-2.570786534696681,Downregulated,0.0,38/76,9.39%
Negative Regulation of Small Molecule Metabolic Process (GO:0062014),GO_Biological_Process_2025,-2.584006093858679,Downregulated,0.0,10/20,3.23%
L-amino Acid Transport (GO:0015807),GO_Biological_Process_2025,-2.615407085802151,Downregulated,0.0,20/22,10.37%
Neutral L-amino Acid Transmembrane Transporter Activity (GO:0015175),GO_Molecular_Function_2025,-2.6222944539089053,Downregulated,0.0,18/19,10.41%
Glycosphingolipid Metabolism R-HSA-1660662,Reactome_2022,-2.651623667775295,Downregulated,0.0,19/31,10.04%
L-amino Acid Transmembrane Transporter Activity (GO:0015179),GO_Molecular_Function_2025,-2.6772585865736893,Downregulated,0.0,30/38,10.39%
Sulfuric Ester Hydrolase Activity (GO:0008484),GO_Molecular_Function_2025,-2.6951886481720333,Downregulated,0.0,14/15,3.10%
Nitrogen metabolism,KEGG_2021_Human,-2.701000705864524,Downregulated,0.0,12/16,0.26%
Retinol metabolism,KEGG_2021_Human,-2.7107512390723096,Downregulated,0.0,25/37,4.96%
Neutral Amino Acid Transport (GO:0015804),GO_Biological_Process_2025,-2.7178334644129443,Downregulated,0.0,21/22,10.41%
Organic Cation Transport (GO:0015695),GO_Biological_Process_2025,-2.7274541024879624,Downregulated,0.0,26/39,10.41%
Transport Of Inorganic Cations/Anions And Amino Acids/Oligopeptides R-HSA-425393,Reactome_2022,-2.735679411479905,Downregulated,0.0,44/69,10.41%
Porphyrin and chlorophyll metabolism,KEGG_2021_Human,-2.816638487593726,Downregulated,0.0,20/38,4.27%
Glucuronosyltransferase Activity (GO:0015020),GO_Molecular_Function_2025,-2.915704994440667,Downregulated,0.0,20/31,1.50%
Ascorbate and aldarate metabolism,KEGG_2021_Human,-2.9406389465876046,Downregulated,0.0,24/30,4.27%
Glucuronidation WP698,WikiPathways_2024_Human,-2.979084006105165,Downregulated,0.0,20/26,2.06%
Pentose and glucuronate interconversions,KEGG_2021_Human,-3.010617968791146,Downregulated,0.0,24/33,4.27%
Glucuronidation R-HSA-156588,Reactome_2022,-3.0376383165390872,Downregulated,0.0,21/23,1.50%
