name,stat
POR,9.149222735723342
HSDL1,9.13670688528501
CYP4F11,8.410827132628402
CYP4Z1,8.410827132624384
CYP4F8,8.4108271326183
CYP4F2,8.410827132599332
CYP4A22,8.410827132593337
CYP4V2,8.410827132591812
CYP4X1,8.410827132575184
CYP4F3,8.410827132570795
CYP4F12,8.410827132570757
CYP4B1,8.410827132562838
CYP4A11,8.4108271325563
CYP19A1,8.410827132551042
CYP4F22,8.410827132533113
FAR1,8.084536475570058
FAR2,8.084536475509964
ALDH3B2,8.063517032326928
CES5A,7.581079872984149
NLGN3,7.581079872981847
CEL,7.581079872977264
NLGN4X,7.58107987296759
ACHE,7.581079872965691
NLGN4Y,7.581079872963522
CES1,7.5810798729612205
CES4A,7.581079872958225
CES3,7.581079872956127
NLGN2,7.581079872945486
NLGN1,7.5810798729443265
TG,7.581079872942326
CES2,7.581079872923369
ABCD3,7.009687103078938
LONRF1,6.729312319624394
LONRF2,6.72931231956338
LONRF3,6.729312319554687
AGPAT3,6.699931686300937
AGPAT4,6.699931686260693
GFPT2,6.583783197242193
AWAT2,6.509618159229875
MOGAT3,6.509618159219389
AWAT1,6.509618159217193
DGAT2,6.509618159192314
DGAT2L6,6.5096181591871725
MOGAT1,6.509618159183536
MOGAT2,6.509618159158024
SLC16A1,6.402050350986652
SLC16A10,6.402050350984989
SLC16A9,6.402050350972213
SLC16A7,6.402050350958636
SLC16A4,6.402050350932345
SLC16A11,6.4020503509293345
SLC16A8,6.402050350922738
SLC16A5,6.402050350920993
SLC16A13,6.402050350919383
SLC16A14,6.402050350910797
SLC16A6,6.4020503509050615
SLC16A3,6.402050350896549
SLC16A12,6.402050350895094
SLC16A2,6.402050350888439
ACOX2,6.388477264944776
ABHD4,6.3865652171252085
ABHD5,6.386565217101943
GCLC,6.376325515313031
TTPAL,6.343772047793413
DHRS11,5.968520245906082
DHRSX,5.960570652346123
GSTO2,5.95548730824621
CLIC2,5.95548730824217
GDAP1L1,5.95548730822812
CLIC1,5.955487308225344
GSTO1,5.9554873082153845
CLIC5,5.955487308214287
GSTT4,5.955487308213613
GSTT2B,5.955487308206279
GSTT2,5.955487308202594
GDAP1,5.955487308192936
CLIC3,5.955487308192875
CLIC4,5.955487308185326
TMEM135,5.88292074119445
PC,5.733986248588146
HACD2,5.666894406161421
HACD1,5.666894406139327
HMGCS1,5.624789412841643
HMGCS2,5.6247894128382825
CLIC6,5.555935680381911
PLIN1,5.485733700159651
PLIN3,5.4857337001377475
PLIN4,5.485733700123909
PLIN5,5.4857337001128466
PLIN2,5.485733700097216
ABHD6,5.453086800558401
IPO5,5.363590404058406
RANBP6,5.363590404034065
SPDEF,5.358217126962318
DNLZ,5.325487723343144
MAT1A,5.0585593413406125
MAT2A,5.058559341339499
SERHL2,5.0394953406027305
MEST,5.039495340591183
ABHD8,5.039495340588554
EPHX3,5.039495340567158
ABHD14A,5.039495340552242
EPHX2,5.03949534054296
ABHD14B,5.039495340524234
EPHX4,5.039495340509296
ABCC5,5.035363197760156
CFTR,5.0353631977549655
ABCC6,5.035363197752398
ABCC12,5.035363197745849
ABCC8,5.035363197740924
ABCC3,5.035363197738895
ABCC2,5.0353631977262525
ABCC10,5.035363197718545
ABCC4,5.035363197698539
ABCC1,5.03536319768581
ABCC9,5.03536319768255
ABCC11,5.035363197669468
LTV1,5.017158232003563
TMLHE,5.0159243977122046
GTPBP4,5.000288188172174
STK17B,4.9846389941852935
STK17A,4.984638994171029
ABCA10,4.969374664379414
ABCA6,4.969374664374528
ABCA8,4.969374664364128
ABCA13,4.969374664360458
ABCA12,4.969374664357966
ABCA7,4.969374664346239
ABCA3,4.969374664326891
ABCA9,4.969374664326193
ABCA4,4.969374664318932
ABCA2,4.969374664294663
SPR,4.943981574653288
C2CD2,4.915558000387573
C2CD2L,4.915558000346656
STIM2,4.863810237671342
STIM1,4.8638102376645715
AKR1B15,4.8362123193953055
RPS6KA4,4.801810454592875
RPS6KB1,4.801810454574959
RPS6KA6,4.801810454567852
RPS6KA2,4.801810454553294
RPS6KA1,4.801810454552731
RPS6KB2,4.8018104545395
RPS6KA5,4.80181045452088
RPS6KA3,4.801810454512108
MPC1,4.783153366348588
ARNT2,4.72188986092686
NPAS2,4.721889860921992
PASD1,4.721889860896666
BMAL2,4.721889860895777
CPT1C,4.647447091868078
NIM1K,4.636046247714649
ARHGEF10,4.5962307922754855
ARHGEF10L,4.5962307921973355
SHROOM1,4.583122424079543
SHROOM3,4.583122424078078
SHROOM4,4.583122424055132
CLUH,4.525512055071773
UBAP1,4.513360727712067
UBAP1L,4.513360727679952
RB1CC1,4.416409676137183
ACADVL,4.403404720285658
TFAP4,4.366249961022044
PHAF1,4.315249090031515
HMBS,4.274290248018129
IDH1,4.256567184831398
DDX17,4.237504009519993
RNF212B,4.218997523632353
RNF212,4.218997523611413
AZIN1,4.179520719067898
AZIN2,4.179520719060498
ODC1,4.179520719012935
HINFP,4.176314697294149
HADHA,4.170642790116584
SLC5A6,4.157908421079695
RNF139,4.139337191988302
SLC27A3,4.121849711638805
ACSL6,4.121849711620344
SLC27A2,4.121849711615597
SLC27A4,4.121849711610748
ACSL1,4.121849711610684
ACSL4,4.121849711600368
SLC27A5,4.121849711598561
ACSL3,4.121849711590954
SLC27A6,4.1218497115887045
SLC27A1,4.121849711580516
ACSBG1,4.121849711557824
ACSBG2,4.1218497115552974
CLPX,4.0684404592727565
HIBADH,4.043950574287859
IREB2,4.014004706520909
ABCG4,4.012757990093775
ABCG2,4.0127579900715
ABCG1,4.012757990065328
ABCG8,4.012757990029606
PIK3C3,3.996916111086532
EIF3L,3.995222349536887
THEM6,3.988841618413314
NODAL,3.963408826310124
FITM1,3.9510256717417955
FITM2,3.951025671682828
D2HGDH,3.945936863543052
PPP1R10,3.887614186517639
DCST2,3.872260537968869
MCM6,3.869069882651449
SMAD7,3.865524376323264
SMAD4,3.865524376284789
SLC5A12,3.735472183859753
SLC5A11,3.735472183848734
SLC5A2,3.735472183842005
SLC5A3,3.7354721838315723
SLC5A1,3.735472183820768
SLC5A5,3.7354721838199234
SLC5A7,3.735472183819821
SLC5A9,3.7354721838191955
SLC5A10,3.7354721838168183
SLC5A4,3.7354721838116336
SLC5A8,3.735472183770928
UNKL,3.7099830580879347
UNK,3.709983058065266
GAS2L2,3.70710640436637
OGDH,3.6963405651863037
OGDHL,3.6963405651216803
NUDT6,3.696254961577913
ETFRF1,3.679757315787372
FAM47B,3.666642906327682
FAM47A,3.6666429063235806
DIAPH2,3.666642906310102
FAM47C,3.6666429062535992
NFKBIB,3.6488726751273455
NFKBIA,3.6488726751226355
IVD,3.6369540260688233
SCCPDH,3.628125592893516
BBOX1,3.6262680032646
KCNH8,3.6257546295696366
KCNH7,3.625754629564513
KCNH3,3.62575462955748
KCNH4,3.6257546295565617
HCN1,3.62575462955602
HCN2,3.625754629535484
CNGA1,3.6257546295322873
CNGB3,3.625754629528235
CNGA3,3.6257546295269276
HCN4,3.625754629511722
KCNH2,3.625754629511544
CNGA4,3.62575462950603
CNGB1,3.6257546294846033
HCN3,3.6257546294822016
LPIN3,3.6130675728366484
LPIN2,3.613067572814155
AP5Z1,3.613067572779841
LPIN1,3.6130675727426547
GRIP1,3.6107968503648102
MAGIX,3.610796850319957
CUBN,3.6105329563366153
PDK2,3.602652524452989
PDK4,3.602652524452686
PDK3,3.6026525244485628
PDK1,3.6026525244157614
DENND4B,3.575481611929314
DENND4C,3.575481611907174
DENND3,3.5754816118678923
CPT2,3.553281287162179
BCAS3,3.5374071024881344
VWA8,3.5295315272335537
MIOS,3.517707458663576
SCARB1,3.5109889585992664
RNF215,3.507529971061841
EXOG,3.499383291569041
GNA13,3.4983765901626787
GNAI1,3.498376590157062
GNAZ,3.4983765901537
GNAI2,3.498376590149946
GNA15,3.4983765901494883
GNA11,3.4983765901478483
GNAT2,3.4983765901332755
GNA14,3.498376590127757
GNAT1,3.4983765901255386
GNAS,3.4983765901252983
GNA12,3.4983765901191335
GNAT3,3.498376590114521
GNAI3,3.4983765901037964
GNAQ,3.498376590098845
GNAL,3.4983765900867954
HADHB,3.4890903714662365
BSCL2,3.474034781764812
SQSTM1,3.4713651361387354
RXRG,3.449345642889236
KCNH1,3.448093944106901
KLHDC4,3.4455758140317974
SLC25A19,3.432763614330501
FAAH,3.43151048451412
ZNF395,3.4298095702596787
SLC2A4RG,3.4298095702088416
MTF1,3.4287010965956863
YKT6,3.3914982935068445
NAPRT,3.3797935803258827
PINK1,3.3650056225506253
TAGLN2,3.3634942517894606
CNN2,3.3634942517869364
TAGLN3,3.3634942517824014
CNN1,3.3634942517757453
TAGLN,3.363494251730078
RSL24D1,3.358473553547968
EXD1,3.3524620425884355
PRKAB1,3.347897898557361
OLA1,3.343113596760928
EIF3E,3.3374243648095567
CROT,3.336068847844563
NADK,3.3355535865168413
ETFDH,3.3287040672503627
ADCK5,3.3178868868498657
PUF60,3.303740210426537
ADHFE1,3.3018271281019684
XPNPEP2,3.2869876248227103
PA2G4,3.286987624815483
PNPLA6,3.274981949776493
PNPLA7,3.274981949731219
ECH1,3.2682867761829555
MIOX,3.2590108303224
SUGCT,3.2570217720264143
ACAA2,3.256554175260557
ACBD5,3.2529308152024234
ACBD4,3.252930815196408
GBP1,3.2507125987468872
GBP6,3.2507125987280148
GBP7,3.2507125987276204
GBP4,3.250712598693687
GBP3,3.2507125986934313
RNF112,3.2507125986930068
ATL1,3.2507125986818797
GBP2,3.250712598676895
GBP5,3.250712598675739
ATL2,3.2507125986661967
ZFP36,3.2453313151894587
MCCC2,3.2338685947544983
SPART,3.232496391256415
PCK2,3.224881915489383
PCK1,3.2248819154255948
PES1,3.2199489915659787
ELOB,3.21903618205025
PISD,3.212614019656353
ETFB,3.209503094613259
FTSJ3,3.196732491345002
ASGR1,3.176888941673524
CLEC4F,3.1768889416680333
CLEC4G,3.1768889416641932
ASGR2,3.176888941657724
CLEC4M,3.1768889416574457
CD207,3.176888941656018
CLEC4C,3.176888941655932
CLEC4A,3.1768889416507493
CLEC4D,3.1768889416346293
FCER2,3.1768889416254305
CD209,3.1768889416214745
CLEC6A,3.1768889415980754
CLEC17A,3.17688894159759
CLEC10A,3.176888941592573
CLEC4E,3.176888941588097
DTNA,3.1703536213196646
FBXO25,3.1533166128393773
FBXO32,3.1533166128322248
EIF3H,3.150078401302001
ESRP1,3.148814330788599
ESRP2,3.1488143307851155
HNRNPH3,3.1488143307495853
HNRNPF,3.148814330736747
RBM12,3.148814330733818
GRSF1,3.148814330733341
RBM12B,3.1488143307214767
DDX24,3.140371201820665
ABCE1,3.1329296703983696
TMEM41B,3.124128866675146
ARMC5,3.123082103915671
PLXDC2,3.1174141024238256
PLXDC1,3.1174141023790254
IFT70B,3.114731535544676
IFT70A,3.114731535520754
MRE11,3.1073138986557693
ARHGAP42,3.095418004058861
OPHN1,3.0954180040499812
ARHGAP10,3.0954180040467354
DOLK,3.087482037459332
GAS2L1,3.08418000016773
GNMT,3.078575405254062
ATE1,3.071617066813072
LIPE,3.070896890678405
NUDT19,3.0666811319702565
IRS2,3.0562664786548175
IRS4,3.0562664785868567
IRS1,3.056266478565448
DNAJC1,3.045168174343617
CBS,3.040955820995886
ANK1,3.0387880789212454
ABCA5,3.036337670125647
CHTF18,3.0309316933045496
SLC25A10,3.025333469014958
MCCC1,3.024318898499549
SH2B2,3.019273909063008
SH2B3,3.019273909025157
SH2B1,3.0192739089858995
ECE1,3.0155286717022722
MMEL1,3.0155286716957868
ECEL1,3.015528671642731
MME,3.015528671625438
ECE2,3.0155286716070218
PDCD4,3.0101182537307936
KLHL5,3.0013224668924354
DBT,2.98961909929768
RAB11FIP5,2.988176909121053
RAB11FIP2,2.9881769090526435
RAB11FIP1,2.98817690904815
GLIS2,2.984785764608744
FAM13A,2.9782286746873727
FAM13B,2.9782286746847193
FAM13C,2.978228674677713
RREB1,2.9764972820353224
EED,2.9730585516040984
GLS,2.9678836892671896
GLS2,2.96788368926055
ERAP2,2.9622205644327635
AOPEP,2.9622205644280784
ERAP1,2.962220564416219
LNPEP,2.9622205644047077
TRHDE,2.962220564369553
RNPEPL1,2.962220564350632
ANPEP,2.9622205643497117
LVRN,2.962220564342184
MFSD8,2.951544807743004
MFN2,2.9504777545309677
MFN1,2.950477754519179
MSRB3,2.949360446037826
RBM19,2.940192718131548
UBE2G2,2.9353969121428296
ECHS1,2.928547566751872
MECOM,2.9218165034568493
ZDHHC6,2.919643897088296
RPL13A,2.907534276079573
UBE3C,2.906130828217449
LACTB2,2.9059016440922667
EIF3A,2.903911991769513
GATA3,2.9007332966673864
GATA1,2.9007332966572563
TRPS1,2.9007332966207375
GATA2,2.900733296602529
ZGLP1,2.9007332965911323
GATA6,2.9007332965900634
ALG1L2,2.8931233813682007
ALG1,2.893123381362725
ABCA1,2.8805437714162863
PCYT2,2.879306990698448
FBL,2.8783865732545157
FBLL1,2.8783865731977776
WDTC1,2.8664238498774792
EIF3B,2.859966392843852
ITGA10,2.8496119635952573
ITGA2B,2.849611963584097
ITGAV,2.849611963566147
ITGA7,2.849611963551216
ITGA1,2.849611963548385
ITGA3,2.849611963542969
ITGAL,2.8496119635373276
ITGAD,2.8496119635282837
ITGAM,2.849611963518162
ITGAE,2.8496119635012507
DDX56,2.843636803400236
CS,2.8407544059047747
YPEL2,2.8407364725630666
SEC23IP,2.8383938225235057
DDHD2,2.838393822482083
WWOX,2.837198234738747
PXN,2.836473901607237
TGFB1I1,2.8364739015803804
LPXN,2.8364739015577123
HSDL2,2.829995200573235
ZBTB7A,2.8215804030800045
ZNF740,2.8215804030689027
ZNF367,2.8215804030597047
ZBTB5,2.8215804030538005
ZBTB43,2.8215804030408362
CASP10,2.817569463421511
PNO1,2.810982978172103
UBQLN1,2.8055597194047683
ZDHHC14,2.8031278935418587
CASZ1,2.796291406923962
DENND1C,2.7905520015223866
DENND1B,2.7905520014571126
DENND1A,2.790552001450277
SERTAD4,2.783701976700924
SUZ12,2.782583279419386
KHDRBS1,2.782552493690827
KHDRBS2,2.782552493663286
QKI,2.7825524936362376
KHDRBS3,2.78255249363465
MPV17L,2.778135249873128
TXNRD3,2.7750997705150446
AIFM3,2.775099770491453
TXNRD1,2.7750997704469293
ZCCHC14,2.7667017332745667
ZCCHC2,2.7667017332622423
DTL,2.764678196416471
MAK16,2.7558809398227537
SFSWAP,2.7531277508148966
MTSS2,2.752016641673696
EIF3CL,2.74917115363125
EIF3C,2.7491711536240944
ALDH18A1,2.7439356803157224
SUCLG1,2.7423717326651964
DKC1,2.7335047114559474
GAPVD1,2.723191951644776
GBA1,2.7139444823241186
SLC25A21,2.7089733482478007
PPA1,2.7064732392288593
PPA2,2.7064732392005153
SUCLA2,2.7042315608275715
CREBL2,2.703910674621369
VMP1,2.690062614377504
ECI1,2.689810605310679
DDX47,2.6796746697819387
PEX2,2.6775203495816
RACGAP1,2.6713044616716
SDHAF4,2.6658454431472096
CDC7,2.6650509411128063
HPGD,2.6547583780212616
GADD45A,2.6447848224008585
GADD45G,2.644784822339715
GADD45B,2.6447848223280626
ZNF665,2.6372706389489857
ZNF497,2.637270638942505
ZNF420,2.6372706389326583
ZNF347,2.6372706389282587
ZNF99,2.6372706389251968
ZNF689,2.637270638924494
CTCFL,2.6372706389060476
ZNF160,2.6372706389048295
ZNF747,2.6372706389026974
ZNF688,2.6372706388865033
ZNF302,2.637270638884866
ZNF91,2.6372706388843166
ZNF594,2.637270638881763
ZNF181,2.637270638880071
ZNF473,2.637270638878674
ZNF208,2.6372706388774905
ZNF574,2.637270638872605
ZNF48,2.637270638867041
ZNF282,2.637270638864817
ZNF184,2.6372706388643574
ZNF84,2.6372706388621068
ZNF107,2.6372706388618945
ZNF569,2.6372706388538543
ZNF785,2.637270638852131
ZFP92,2.6372706388506115
ZNF729,2.637270638850294
ZNF764,2.6372706388501865
PCF11,2.6365453590354857
TTPA,2.63258828548865
INSM1,2.6185082871852225
INSM2,2.618508287137319
BTF3L4,2.6135434898674594
NFKB1,2.6131246124492633
NFKB2,2.613124612435078
RELA,2.6131246124198717
REL,2.613124612410674
RELB,2.6131246123869687
PCGF1,2.6111897909538397
PCGF6,2.6111897909481656
PCGF5,2.6111897909205517
RING1,2.6111897909173813
RNF2,2.6111897909163266
PCGF2,2.6111897909023973
BMI1,2.61118979088436
ETNK1,2.6089979324627235
ETNK2,2.6089979323907264
HGSNAT,2.608131580298569
PTGFR,2.603593639861222
PTGER1,2.603593639838413
TBXA2R,2.603593639832384
PTGER3,2.603593639779834
SLC9B2,2.5950383267912955
SLC9B1,2.5950383267011583
PGD,2.5832555598660285
CRAMP1,2.5788840193737426
PLEKHF2,2.578494177563809
TWSG1,2.57776584437421
HSD17B10,2.5721033171461385
PLPP1,2.570468290481713
PLPP4,2.5704682904567373
PLPP5,2.5704682904561564
PLPPR4,2.570468290452209
PLPP3,2.5704682904499108
PLPP2,2.570468290445221
PLPPR1,2.5704682904390808
PLPPR2,2.5704682904181273
PLPPR3,2.5704682903962706
PLPPR5,2.5704682903891056
LYZL6,2.5701366057432957
SPACA3,2.570136605724898
LYZ,2.5701366057194335
LALBA,2.5701366057179764
LYZL4,2.570136605717326
LYZL1,2.570136605706216
LYZL2,2.5701366056798447
SPACA5B,2.5701366056647856
SPACA5,2.570136605654315
RICTOR,2.5700955165201
HAP1,2.5648762018353426
TRAK1,2.5648762018175915
TRAK2,2.5648762017918942
CFAP91,2.563215356810519
ZNF593,2.561529699517231
PPP4R3C,2.5607413549634113
PPP4R3A,2.5607413549447653
PPP4R3B,2.560741354886852
LSAMP,2.5573320619045212
OPCML,2.557332061889044
IGSF5,2.5573320618765085
NTM,2.5573320618762523
IGLON5,2.5573320618487467
NEGR1,2.5573320618468474
PRIM1,2.552282024349626
CRTC1,2.552263276566839
CRTC3,2.5522632765624773
CRTC2,2.5522632765496645
ACP3,2.546129256034013
ACP2,2.5461292560264566
ACP6,2.546129256012814
ACP4,2.546129256001832
LINGO4,2.5452720301738228
LINGO3,2.545272030136895
TGDS,2.5403622993083457
MSX2,2.5389213497319565
MSX1,2.538921349723022
FRMD1,2.534709484839232
ESF1,2.531074586895454
MDN1,2.5284316860721865
TMEM120B,2.5139858648600217
TMEM120A,2.5139858648398774
RFX5,2.5132051633920325
RFX7,2.5132051633890615
MMD2,2.509386362072264
MMD,2.5093863620640517
PAQR7,2.5093863620505372
PAQR8,2.5093863620237284
PAQR6,2.509386362015629
PAQR5,2.509386361999771
ADIPOR1,2.509386361988105
ACSF2,2.508354443002436
LGALS9C,2.5053925817291973
LGALS16,2.505392581722519
LGALS13,2.505392581707002
CLC,2.505392581682053
LGALS14,2.505392581680223
LGALS7B,2.5053925816709217
LGALS1,2.5053925816593416
LGALS9B,2.505392581656867
LGALS12,2.505392581648048
LGALS9,2.505392581638622
LGALS7,2.505392581637292
ARID4B,2.5029518161735016
ARID4A,2.502951816139167
ARID5A,2.5029518161340243
ARID5B,2.502951816126253
FAIM,2.50023349908798
PEX11A,2.499125887026963
PEX11B,2.4991258869796678
PP2D1,2.497239488401278
PPM1N,2.4972394883858056
PPM1J,2.4972394883760445
PPM1H,2.497239488374916
PDP2,2.4972394883554285
PPM1F,2.4972394883510227
PPM1M,2.497239488349433
ANAPC1,2.496311688708064
E2F2,2.492659087935688
HSPB8,2.4894403377593015
HSPB2,2.4894403377532375
CRYAA,2.489440337739934
HSPB7,2.489440337729863
HSPB1,2.4894403377224363
HSPB3,2.48944033768636
CRYAB,2.4894403376817658
HSPB9,2.48944033767563
EI24,2.4869848189667665
DYNC1LI2,2.486251423343803
DYNC1LI1,2.4862514233397666
CFAP161,2.48533356872728
MCPH1,2.4841497666027545
EIF2S3B,2.483958391329623
EIF2S3,2.4839583913195513
GSPT2,2.4839583912867917
EEF1A1,2.4839583912867362
EEF1A2,2.4839583912862393
GSPT1,2.4839583912841277
PSMD7,2.463386530386768
GPATCH4,2.462901251644125
AASS,2.4550900696499443
MLLT1,2.4519618235528893
MLLT3,2.4519618235455236
MCTP1,2.450528166297132
MCTP2,2.450528166230359
DAXX,2.4501741949538265
ENKD1,2.444428992231769
TRPM1,2.443336259203656
TRPM6,2.4433362591725745
TRPM3,2.4433362591702306
TRPM7,2.443336259164199
TRPM5,2.443336259148014
TRPM4,2.443336259132917
TRPM8,2.4433362591283996
RASGEF1B,2.443164496037844
ITM2B,2.4279626503956537
ITM2C,2.4279626503399094
ITM2A,2.4279626503270273
SULT4A1,2.425995280572306
SULT2A1,2.4259952805550373
SULT1C4,2.4259952805417315
SULT1A1,2.4259952805415548
SULT1C2,2.4259952805338822
SULT1A3,2.4259952805258744
SULT1A4,2.4259952805110783
SULT2B1,2.4259952805022023
SULT1E1,2.4259952804996474
SULT1C3,2.425995280499241
SULT1A2,2.4259952804973404
SULT1B1,2.425995280494561
SULT6B1,2.425995280485299
NOB1,2.4244210996352784
PAICS,2.4198772443888563
PEX13,2.4171117624286107
TSC1,2.416323624477273
TAFAZZIN,2.414532161923807
DLGAP5,2.4117315828687134
CTSF,2.4098182774200927
TIMM44,2.4097759463434345
SGPL1,2.4047093347095734
CHMP4BP1,2.4000458416531107
CHMP4B,2.400045841595824
G6PD,2.398830421339164
MLX,2.39573600940676
ALDH6A1,2.3858394978642545
PNISR,2.3785532830246687
NSA2,2.3763589884395704
BNIP3,2.374837277979432
BNIP3L,2.374837277906631
RB1,2.373993452870286
RBL2,2.3739934528652618
RBL1,2.3739934528197444
VPS72,2.369534067690154
ACER2,2.362406629328798
CDK11A,2.3618108420497674
CDK11B,2.361810842043575
PHIP,2.3602617288813095
BRWD1,2.3602617288737378
BRWD3,2.3602617288376044
TMEM259,2.3549024383780948
NAA30,2.3520449123413787
CIAO2A,2.3507307641123227
POLR1D,2.349666784772404
CHAC1,2.343522799247082
BNC1,2.3434476664610786
BNC2,2.3434476664449653
TOP3A,2.3416754987053108
MRPL28,2.337801644533283
EEF1G,2.3370281061743863
INSC,2.3320307016747623
DYRK3,2.328905070990616
DYRK1B,2.328905070986486
CLK4,2.328905070957827
CLK1,2.328905070955748
CLK3,2.3289050709385632
HIPK1,2.328905070933616
HIPK2,2.328905070920091
DYRK1A,2.3289050709181884
HIPK4,2.3289050709022456
GULP1,2.3286277274670018
GPS2,2.3277475849471667
NFAT5,2.321111269385293
ARHGEF2,2.3198142236423696
ARHGEF1,2.3198142235622714
PLEKHG6,2.3198142235558357
ADTRP,2.317477359149693
AIG1,2.3174773591212134
DNAH3,2.317418488027087
RPL18A,2.3120120950485887
YTHDC1,2.311915928041213
TMEM216,2.3092769467098524
TMEM80,2.3092769466866674
TMEM17,2.3092769466720733
NOP53,2.3064591788433537
BPGM,2.303962501009485
TTYH1,2.302500101683743
TTYH2,2.3025001016768516
TTYH3,2.3025001016602595
EAF1,2.3010035201287535
EAF2,2.3010035200789933
DDX27,2.295331603946944
SRSF4,2.282054200373235
ZW10,2.279967979001276
APC2,2.278268484252074
APC,2.278268484220336
RAB8B,2.2779096854330745
PCBP1,2.273541975672087
IGF2BP1,2.2735419756318467
PCBP3,2.2735419756243975
EIF2S1,2.2716472406646924
MAPRE3,2.2703069483805742
MAPRE1,2.27030694837429
MAPRE2,2.2703069483547673
GPR180,2.269548995422478
CA2,2.264832990120111
DDI1,2.262043925191749
NRIP2,2.2620439251900155
UBAC2,2.262043925176153
NRIP3,2.262043925153654
DDI2,2.262043925111147
SCYL1,2.2618159058829828
CASC3,2.2604073774029354
SURF4,2.257369628254368
NANOGNB,2.256029533486055
RIMS2,2.256029533438746
RIMS1,2.2560295334208122
RIMS3,2.256029533417887
RIMS4,2.256029533409624
DNAJC25,2.251910742854172
MAN2B1,2.245855883165268
ZWILCH,2.2453250033973458
GPAT3,2.2441101774224
GPAT4,2.244110177369043
SFXN3,2.241180934748327
SFXN1,2.2411809347269482
MYCBPAP,2.2342983389929914
EPN2,2.2342983389632503
EPN1,2.234298338957198
ENTHD1,2.2342983389535234
EPN3,2.234298338932458
ATG101,2.233710674265605
NDFIP1,2.232997688722134
NDFIP2,2.232997688707228
HERPUD1,2.2321683527975935
HERPUD2,2.2321683527415934
MIGA1,2.2302250321244164
MIGA2,2.230225032086252
DCAF13,2.2238889367747654
GDAP2,2.222410117043696
APMAP,2.222385209508955
NKX2-6,2.219841097866513
SLC25A27,2.218427674115848
RPL4,2.2179320100754305
SMTNL1,2.216565845804638
MICALL2,2.2165658457803596
EHBP1L1,2.2165658457738124
EHBP1,2.216565845771311
DAP,2.2150169846125345
ADI1,2.214556073850588
GNRHR,2.213042513194054
GPR150,2.213042513192626
GPR22,2.213042513187581
FFAR4,2.2130425131776126
QRFPR,2.213042513147477
FOS,2.2101533006449228
FOSB,2.2101533006326948
FOSL1,2.210153300627456
BATF2,2.2101533006074754
ATF3,2.2101533006058554
BATF3,2.2101533005970433
JDP2,2.210153300590794
FOSL2,2.210153300574158
BATF,2.2101533005714837
EEF2,2.2077165623816843
C19orf12,2.2032149479172896
SOX18,2.2025363767546837
SRY,2.2025363767480735
SOX7,2.2025363767443693
SOX15,2.202536376724993
SOX8,2.202536376717415
SOX13,2.2025363767138493
SOX11,2.20253637670203
SOX10,2.2025363766927635
SOX4,2.2025363766905404
SOX6,2.2025363766789354
SOX14,2.2025363766756465
SOX3,2.2025363766752672
SOX9,2.20253637667474
SOX5,2.2025363766723753
SOX12,2.202536376668443
UPP1,2.2015599142636
RAC2,2.19192676647341
ACOX3,2.1882492917502256
RBKS,2.1845211225566463
AMHR2,2.1835387325145392
ACVR1,2.183538732497186
ACVR1C,2.1835387324896347
ACVR1B,2.183538732489072
ACVR2A,2.183538732464109
ACVRL1,2.183538732436796
CADM4,2.182941682528734
NECTIN3,2.1829416825271437
NCR3,2.182941682526609
NECTIN2,2.1829416825183525
CD200,2.182941682517599
CADM3,2.1829416825145445
CADM1,2.182941682500437
SMAGP,2.18294168249205
CADM2,2.182941682486152
CD226,2.1829416824860273
TIGIT,2.182941682475012
CRTAM,2.1829416824726415
NECTIN1,2.1829416824545795
NECTIN4,2.182941682443289
PVR,2.1829416824384658
MAP7D2,2.182476733356738
MAP7D3,2.1824767333564092
MAP7,2.1824767332904225
MAP7D1,2.1824767332680355
UBE2H,2.1819416143582813
FKBP3,2.1788502126712297
PLA2G3,2.1723692331851416
PROCA1,2.1723692331420277
MYLIP,2.168956275125177
EIF4A1,2.1595887717414333
XPC,2.156259099337438
PEX5,2.152136314837483
PEX5L,2.152136314797211
CDC45,2.149974291655757
ZXDA,2.1487948489486604
ZXDC,2.14879484886299
ZXDB,2.148794848862968
ATF6B,2.14444225456046
CREB3L2,2.144442254559021
ATF1,2.144442254547261
CREB3L4,2.1444422545281494
ATF6,2.1444422545272954
CREB3L3,2.1444422544994897
CREB1,2.1444422544926547
CREM,2.14444225448606
CREB3L1,2.1444422544792316
CREB3,2.144442254470342
DNAH10,2.14211541002701
CREBRF,2.1408346197110983
WIPF1,2.1335361517793765
RRP15,2.131931705165637
MSH2,2.13038366163533
PAQR4,2.1287145515199244
EIF3K,2.1267098855282125
EMSY,2.1221762343583124
MYT1L,2.121270660077011
IRF2BP1,2.121270660075728
MYT1,2.1212706600282414
IRF2BP2,2.121270660025411
ST18,2.121270660025102
IRF2BPL,2.1212706599910156
DCP2,2.1193950531003525
MTHFR,2.1125829763606307
GATAD1,2.111053359110204
PEX14,2.106446685091019
NPAS4,2.1038340810882343
CAPZA1,2.101334479284799
CAPZA2,2.101334479274587
CAPZA3,2.101334479196026
PROC,2.100111201566191
TMEM276-ZFTRAF1,2.098425099491505
ZFTRAF1,2.0984250994616485
FAM76B,2.0972215753321963
FAM76A,2.0972215752948515
SIN3A,2.0963681714365503
SIN3B,2.096368171417969
SPOUT1,2.0915252753027693
RPLP0,2.0911785680138526
HSD17B4,2.0869080942200933
XPO7,2.086402874124539
RANBP17,2.086402874077318
PCYT1B,2.084397148614473
PCYT1A,2.0843971486080823
EDC3,2.0784739251433484
TLE3,2.077206472082493
CHMP1B,2.073543801723945
MOSPD2,2.072482631724541
NAT10,2.070086397340421
RXRA,2.0671009389206896
RXRB,2.0671009389181503
HNF4A,2.0671009389100785
NR2C2,2.067100938891812
NR2C1,2.0671009388790385
NR2F6,2.067100938855095
HNF4G,2.0671009388491877
NR2F2,2.067100938839007
POLE4,2.0652260071984965
NOL8,2.0648776710813688
CDIP1,2.0633544916558972
LITAF,2.0633544915862516
DHH,2.05989413364175
PHKA2,2.059751805588112
KANSL1L,2.0574228337091833
KANSL1,2.0574228337085287
ARGLU1,2.0547899675690733
JOSD2,2.051173665718967
JOSD1,2.0511736657175588
HIBCH,2.0468662026168296
DCAF10,2.0436740465954464
STX11,2.0418815834813038
STX19,2.0418815834476356
STK39,2.041054289048362
WAC,2.040287137173725
PTDSS1,2.0344854754747868
ELOC,2.033031282544541
RAB11A,2.030821127931265
DLAT,2.027211528363406
SPHK2,2.025785979369221
SPHK1,2.025785979308778
CERKL,2.0257859793030213
CERK,2.0257859792939383
CCDC86,2.025048156110406
CCS,2.0215817007340093
MON2,2.020838558144508
EWSR1,2.0179199777382713
FUS,2.0179199776861854
TAF15,2.017919977672832
CDKN2AIP,2.014565142762749
NKRF,2.0145651427597455
CDKN2AIPNL,2.014565142736588
SUPT20HL2,2.0131441802006367
SUPT20HL1,2.013144180193311
SUPT20H,2.0131441801562695
PEX16,2.0100690307612745
CCNYL1,2.0076951038623383
CCNY,2.007695103856069
CCNYL1B,2.007695103826933
ATAD5,2.0038301052217826
CRLF3,2.00383010517453
MAX,2.0020535027923083
BCKDHB,2.001830565795013
BTBD19,1.9998854822398395
PLD6,1.998807512523784
POLR2A,1.9976932998862624
ZMYND10,1.9948988211338545
ZMYND19,1.994898821077999
MSS51,1.9948988210604282
SOD1,1.992510399914014
IPO4,1.9918868087977848
MEN1,1.9911055737988823
DCAF8L2,1.986723349537011
DCAF8L1,1.9867233495325596
DCAF8,1.9867233494728396
PAIP1,1.985918485317196
NUP54,1.985082675276881
ALDOB,1.9810776166442037
ALDOA,1.981077616602825
ALDOC,1.9810776165996575
NUPR2,1.9790063743161226
NUPR1,1.9790063742631425
TMEM33,1.978863793076676
SLC13A5,1.977207686939366
SLC13A4,1.977207686886997
SLC13A1,1.9772076868775295
SLC13A3,1.9772076868623347
SLC13A2,1.9772076868475053
AKAP17A,1.974489356056744
PIP5K1A,1.974241477706209
API5,1.97407151827991
SUGP2,1.9740054704025287
SUGP1,1.9740054703705947
PRSS54,1.9731898925646498
TMPRSS4,1.9731898925608533
PRSS58,1.973189892550078
KLK5,1.9731898925480793
KLK14,1.9731898925335885
KLK8,1.9731898925296452
KLK4,1.973189892524284
KLK2,1.9731898925097087
KLK7,1.97318989250878
KLK3,1.9731898925054316
KLK12,1.973189892497083
KLK1,1.9731898924963482
KLK11,1.9731898924905893
TBX4,1.9687153870473344
TBX10,1.9687153870411669
TBX1,1.9687153870377594
TBX3,1.9687153870341922
TBX6,1.9687153870160132
TBX5,1.9687153870153085
TBX21,1.96871538700544
TBX20,1.968715386998904
TBX19,1.9687153869957739
MGA,1.968715386995077
TBX2,1.9687153869881029
TBXT,1.9687153869833953
TBR1,1.9687153869814369
EOMES,1.968715386961808
TBX15,1.9687153869609315
TBX22,1.968715386951994
SLC44A3,1.9672518040326288
KIF14,1.966169794645432
MMS22L,1.9654721827805155
COQ2,1.9635131481987669
SPNS2,1.9632002214342188
SPNS1,1.9632002213851167
SPNS3,1.963200221366501
FASTKD1,1.960316888203437
KHSRP,1.9593640908209116
PCBP2,1.9593640907974075
FUBP3,1.9593640907961132
PCBP4,1.9593640907958867
NOVA1,1.959364090766725
IGF2BP2,1.9593640907488987
FUBP1,1.9593640907450278
IGF2BP3,1.9593640907241394
JAZF1,1.9591453890981951
GAR1,1.957254400313292
BAG6,1.956485634210193
LDLRAD4,1.9492231784462537
PMEPA1,1.9492231784374197
YARS1,1.947013042163348
TAF3,1.9431786770435515
BECN1,1.9400436566276937
BECN2,1.9400436566270252
CHCHD2,1.939806381599592
POLG,1.938556804275056
MCC,1.935339781933593
USHBP1,1.9353397819074512
HSPA14,1.9346773967073247
GEN1,1.9277259784168823
SLC30A3,1.9253366275533939
SLC30A10,1.9253366275291328
DDX55,1.923608748807792
PANK1,1.9229346242374525
PANK2,1.9229346242247296
PANK3,1.9229346242183414
MPC2,1.9166612245823875
DDX18,1.916455772154802
SF1,1.914891758752996
LRIG1,1.9148180510296189
NDUFB7,1.9095157622517944
NKD2,1.9092538090727964
NKD1,1.9092538090197582
MARVELD2,1.9076946205060246
ELL,1.9076946204644458
ELL2,1.9076946204613798
OCEL1,1.9076946204469625
OCLN,1.9076946204159226
ELL3,1.9076946204153513
APAF1,1.906214854283596
MUCL1,1.904451719313712
CLOCK,1.8988285287487465
BMAL1,1.8988285287394078
ARNT,1.8988285286919597
DEPDC5,1.8987037383148984
ARF3,1.8962815547125096
ARL17A,1.8962815546778309
ARL17B,1.896281554671732
ARF1,1.8962815546446605
PHACTR2,1.8961839960837017
PHACTR3,1.8961839960592348
PHACTR4,1.8961839960362277
PHACTR1,1.8961839960239313
PRSS53,1.8951614931958443
PRSS36,1.8951614931177152
RBM45,1.895131879776034
SCAF4,1.8939395240422816
SCAF8,1.893939523992034
EIF3I,1.8912721617271984
DPYD,1.882488369020164
NKAPL,1.8816768230722805
KIAA1217,1.8814679648634502
SRCIN1,1.8814679648116892
NADSYN1,1.8802755500014023
PEX19,1.879562965448574
DNAJC9,1.87823370807082
PINX1,1.8777799219065303
TEX9,1.8755114534960489
PXMP2,1.873938423938788
SNX32,1.873925342753035
TMPRSS2,1.8679034544700002
TMPRSS7,1.8679034544610853
PRSS21,1.867903454445327
ST14,1.867903454444945
TMPRSS3,1.8679034544399982
TMPRSS6,1.867903454438424
PRSS22,1.8679034544320632
TMPRSS11E,1.8679034544310709
TMPRSS13,1.8679034544273576
TMPRSS11F,1.8679034544207986
TMPRSS9,1.867903454409231
TMPRSS11A,1.8679034544084518
TMPRSS11B,1.8679034544048165
TMPRSS15,1.8679034543976747
TMPRSS11D,1.8679034543897417
TMPRSS5,1.867903454387066
PRSS41,1.867903454379648
HPN,1.8679034543779252
EXOSC10,1.8667330431693203
DPP7,1.8650556555275788
PRSS16,1.8650556555207165
NRF1,1.861727494515835
TECR,1.8599738015148406
TECRL,1.8599738014637466
DYNC1I2,1.8587606628884934
DYNC1I1,1.8587606628159343
PIERCE1,1.8576615077056469
PIERCE2,1.8576615076738732
SP140L,1.8576582398807704
FAM193A,1.8558494710400308
FAM193B,1.8558494710081845
POU6F1,1.8556434019137857
CCDC160,1.8556434019098416
POU5F1B,1.8556434019092332
POU3F2,1.8556434019028445
POU5F1,1.8556434018998664
POU2F1,1.8556434018907622
POU5F2,1.8556434018895291
POU1F1,1.8556434018837038
POU4F3,1.8556434018725019
POU6F2,1.8556434018697485
POU4F1,1.8556434018602206
POU2F2,1.855643401858288
HDX,1.8556434018467984
POU3F3,1.855643401839277
POU3F4,1.8556434018376542
POU3F1,1.8556434018354957
POU4F2,1.855643401830345
FKBP2,1.85559715844955
PRDX3,1.8509874580315588
KDM6B,1.8478959793431107
UTY,1.8478959793362786
KDM6A,1.8478959793166738
MTCH1,1.8448008690781914
MTCH2,1.8448008690614908
GK5,1.8429437552370949
TNK2,1.8370559678601213
AKAP10,1.8369299457148165
ALAS2,1.8364955196500696
NOP10,1.835942459262132
LAS1L,1.830487892558068
GPCPD1,1.8272767714925864
EBNA1BP2,1.8266144210228767
SUPT3H,1.8223877311257528
SNRNP70,1.8198442355382984
HMGCR,1.8150770493218555
HSD11B1L,1.813942673730056
DHRS7B,1.8139426736977455
DHRS1,1.8139426736914126
DHRS7C,1.8139426736882334
CBR1,1.8139426736859732
HSD11B1,1.8139426736714368
RDH8,1.8139426736564792
IDH3A,1.8129848069814776
UBQLN4,1.812414506743875
UBL7,1.8124145067352486
UBQLN2,1.81241450673368
UBQLN3,1.812414506727529
UBQLNL,1.8124145067265494
TPP2,1.810781591102908
CIBAR2,1.8064283863190838
CIBAR1,1.8064283862613284
HOXB2,1.8014745689806868
ODAD4,1.8009321297997103
NUS1,1.8002970578645665
PRP4K,1.8002590559853135
MITD1,1.7964708722899434
TMCC3,1.794120782557159
TMCC2,1.7941207825032301
TMCC1,1.794120782500069
TEX28,1.7941207824776915
AP3D1,1.7918212490841914
F8A2,1.7913677687256058
F8A1,1.7913677686577731
F8A3,1.7913677686385971
BEST1,1.7875694140416205
BEST3,1.7875694140366636
BEST2,1.787569414036215
BEST4,1.7875694140030416
SWT1,1.778572001699368
TIMELESS,1.777733044086375
ECHDC3,1.7731555852224
ZMIZ1,1.7724143806435662
ZMIZ2,1.7724143805764143
NMD3,1.7719041861884928
DAZAP1,1.7703831565185475
MCRS1,1.7701637872287397
BLTP2,1.7649198435550664
LZTS2,1.7643600470164795
LZTS1,1.7643600470087972
LZTS3,1.764360046993758
ARRDC5,1.7624217145203631
UBAP2,1.758865044723058
UBAP2L,1.758865044706792
RBX1,1.7538486410508176
RPS24,1.7528122280192322
CBLL2,1.7480303629870402
CBLL1,1.7480303629365088
ADAM18,1.7475504099719894
ADAM7,1.747550409968051
ADAM30,1.7475504099650387
ADAM32,1.7475504099530803
ADAM28,1.7475504099528407
ADAM29,1.7475504099423522
ADAM10,1.7475504099275019
ADAM23,1.7475504099160084
ADAM21,1.7475504099147874
ADAM2,1.747550409910043
ADAMDEC1,1.7475504099033463
POP1,1.745779402355345
RPL17,1.743961702190803
PAN3,1.7393777564990678
PWP1,1.738953783177832
ADCK1,1.7361476234223367
SLC25A42,1.7359400447923652
SPRTN,1.7348617640396962
POLK,1.7319593800204394
MADD,1.7313432506369708
ELOVL2,1.7284291227552409
ELOVL4,1.7284291227449688
ELOVL5,1.7284291227339936
SEPHS2,1.7262559842732152
SEPHS1,1.7262559842723795
WDR5,1.7253289784069232
WDR5B,1.7253289783810961
CD2AP,1.7248724184580855
SH3KBP1,1.7248724184194453
SH3D21,1.724872418408385
UBE2W,1.7247863110840262
EIF1AX,1.7230806847974727
EIF1AY,1.7230806847800169
ZDHHC3,1.7225941354704293
RASA2,1.7201422569056508
RASA4B,1.7201422568922542
RASA4,1.7201422568910825
RASAL1,1.720142256861206
RASAL3,1.7201422568578086
SYNGAP1,1.7201422568577789
RASAL2,1.7201422568402898
RASA3,1.7201422568173306
RPL6,1.7199330365030627
TMEM123,1.7144763010400499
CD164L2,1.714476301011332
CD164,1.7144763009835078
MSL3,1.7096640202846367
MSL3B,1.7096640202386844
NASP,1.7073099349490006
CTPS2,1.7025808511289153
CTPS1,1.702580851122336
ARPP21,1.7004380363727165
PHC3,1.6994170015523178
SERBP1,1.6973055174147742
HABP4,1.697305517396163
DERA,1.697279531796291
FLAD1,1.6968712711679357
PRDX6,1.6950988991544131
PRDX1,1.695098899139126
PRDX2,1.6950988990986096
GK2,1.693912885547176
GK3,1.6939128854930008
GK,1.6939128854663
RIOK2,1.693097499277676
RIOK3,1.6926987083825953
A4GALT,1.6917819928250917
A4GNT,1.6917819928089688
AMACR,1.6914855252391676
TMEM115,1.6907370014818413
ABR,1.6890228808160521
BCR,1.689022880758135
TRAF4,1.6881248554672654
ADRM1,1.6860698057475223
RPS13,1.6842385118928664
IQSEC1,1.6840034830094759
PSD4,1.6840034829900132
PSD3,1.6840034829858435
CYTH4,1.6840034829739314
CYTH2,1.684003482965166
CYTH3,1.6840034829596935
IQSEC3,1.6840034829559618
ARFGEF1,1.6840034829417445
PSD2,1.684003482939531
GBF1,1.684003482938332
ARFGEF2,1.6840034829250983
IQSEC2,1.6840034829123343
EIF4E1B,1.6824661489254547
EIF4E3,1.6824661489232928
EIF4E2,1.6824661488701511
EIF4E,1.6824661488361603
FBP1,1.6821264589086495
FBP2,1.68212645888562
METTL17,1.681380457123528
STXBP5,1.6786398117840635
STXBP5L,1.6786398117341723
POLQ,1.677215955521909
RAB4B,1.6752423160734324
RAB1A,1.67497490299735
NELFA,1.6739025505918186
GTPBP2,1.6724250517034125
CELF1,1.6696230515364383
CELF3,1.6696230514845671
CELF2,1.669623051478353
CELF4,1.6696230514765664
FCF1,1.6682888578249562
DNAJA3,1.667847114677115
RPTOR,1.6677250672834194
ZNF200,1.6574140087882254
ZNF532,1.6574140087811227
KRBOX1,1.657414008729511
RAD50,1.6530893211364823
AKIRIN1,1.6512642336136263
AKIRIN2,1.6512642336095142
TRERF1,1.6505241049592065
RCOR1,1.6505241049103174
ZNF541,1.6505241048858201
MIDEAS,1.650524104884792
DDX31,1.6489107301584038
PDSS2,1.6432146703110817
ASIC5,1.6428787503367837
MTHFS,1.6425093350337825
R3HCC1L,1.6413442968152083
R3HCC1,1.6413442968027059
UBE2QL1,1.641327869139786
SATB2,1.6392207869948634
SATB1,1.6392207869842876
CHML,1.638836121183405
CHM,1.6388361211803562
NTHL1,1.63615964717096
TENT2,1.6347647332937156
NDRG1,1.6321649640370297
NDRG3,1.6321649639766953
NDRG2,1.632164963955171
NDRG4,1.6321649639523643
FAM210B,1.6314097716168965
NOP2,1.629520299331538
ASRGL1,1.6290414162355562
MINDY4,1.6242010719686235
BLCAP,1.6224533023947938
MEAF6,1.620030704618403
VARS1,1.6193562710571896
THBD,1.618520193810549
C8orf33,1.614719964841844
PPCS,1.614145588437916
TEKT1,1.6138547465186803
SYF2,1.6110052416318663
AMPD2,1.6093631298531057
NAA60,1.6088758262536595
SINHCAF,1.607555309225544
ZNF598,1.6059079345779284
EXOSC7,1.605772176281887
SNX19,1.6036085978078278
COLGALT2,1.6035316615071913
INO80D,1.6006464982585615
RPL35A,1.597463184781979
DAB2IP,1.595709686069542
CRLS1,1.5940889440835793
CHERP,1.5939820038288464
MAIP1,1.5920470576794716
MBOAT7,1.590953835899335
RCOR3,1.5878924094684717
RCOR2,1.5878924094313531
VTI1B,1.58785111604522
TOMM40L,1.587805183060005
TOMM40,1.5878051830133117
CAT,1.5867298102887937
RPS4Y1,1.5849432687241172
RPS4Y2,1.5849432687211797
RPS4X,1.5849432687061813
RBM28,1.5809717064487017
LHCGR,1.5803241741194205
FSHR,1.5803241741126623
TSHR,1.5803241741002487
RBM5,1.5739204383740828
RBM6,1.5739204383350502
RBM10,1.5739204383089254
TDRD10,1.5715070057934917
KCNH5,1.5678220431115562
GTF3A,1.5671882377096575
ZNF324,1.56718823768922
ZNF652,1.567188237676442
ZNF513,1.567188237668104
ZBTB47,1.567188237664604
ZNF324B,1.5671882376349353
ZUP1,1.567188237622698
PRPS1L1,1.565080645408787
PRPS1,1.5650806453573265
PRPS2,1.5650806453545574
NRL,1.5641585556784035
MAFG,1.5641585556745314
MAFB,1.5641585556713182
MAFF,1.564158555665512
MAFA,1.564158555637615
MAF,1.5641585556334134
MAFK,1.564158555622282
PIN4,1.5622423224251158
PGAM5,1.561830741131766
MTRR,1.561691508918532
JARID2,1.5578781103375987
CHMP2B,1.5524480536614318
KCNN4,1.5523283494623072
KCNN2,1.5523283494608742
KCNN1,1.5523283494154432
KCNN3,1.5523283493999671
ABLIM3,1.5506155138260511
ABLIM1,1.5506155138128517
ABLIM2,1.5506155137740618
DMTN,1.550615513752101
TAPT1,1.548488890643749
SAMTOR,1.5456770981854746
MAPKAP1,1.5436115506753938
BCAT1,1.5429140989737191
BCAT2,1.5429140989734165
ARID1A,1.5401133848747306
ARID1B,1.5401133848610313
IPO7,1.5371995620950971
GLRX3,1.5355981951468007
TTC9C,1.5331614109171574
FKBP8,1.5331614108984664
FKBP5,1.533161410869917
FKBP10,1.5331614108664542
FKBP7,1.5331614108454954
RPL8,1.532042805988491
FOXB1,1.5309304776001884
RHOB,1.5302191063908845
RHOC,1.5302191063346995
RHOA,1.5302191063296733
RACK1,1.52999369991144
CNBD2,1.5282042177639208
PAX1,1.5277904150656092
RANBP9,1.527478939550729
RANBP10,1.5274789395210673
GPAT2,1.526093846401169
GPAM,1.5260938463696323
DPH5,1.525126450691666
STRIP2,1.5246018808904611
STRIP1,1.5246018808460673
MED6,1.5235533683041338
EIF3G,1.5205044925820457
LSM14B,1.5199501475784039
LSM14A,1.51995014757099
PIK3C2A,1.5182408018077227
PIK3CG,1.5182408017913074
PIK3CD,1.5182408017766582
PIK3C2G,1.518240801750147
PIK3CA,1.518240801740818
PIK3C2B,1.518240801735645
PIK3CB,1.5182408017240008
SEC62,1.516931939546177
DCLRE1A,1.5165957078894992
RPF1,1.515887764164133
XRN1,1.512680332320706
MARCHF5,1.5119385219108366
ACADS,1.511389477471512
ETHE1,1.511018406551612
TSR1,1.5109410956584788
CCNA2,1.5104089977167234
CCNO,1.5104089977161
CCNJL,1.5104089977148931
CCNI,1.5104089977003898
CCNF,1.5104089976886477
CCNI2,1.5104089976792792
CCNP,1.5104089976781478
CCNB1,1.5104089976748851
CCNE2,1.5104089976705215
CCNG2,1.5104089976672317
CCNA1,1.5104089976644304
CCND1,1.5104089976617314
CCNG1,1.5104089976595227
CCNJ,1.5104089976536477
CCND3,1.5104089976453914
CCNB2,1.5104089976386301
CCND2,1.5104089976319102
CCNE1,1.5104089976269603
NACAD,1.5088525582579422
DMRT2,1.5066096477746411
BUD13,1.5063971564901897
PSMC4,1.506249454948637
PPP6R2,1.5057043848184632
PPP6R3,1.5057043848155427
PPP6R1,1.505704384780086
HDAC9,1.505355258196884
KDM4C,1.5048810166419466
PRKN,1.5037535759174534
EIF4EBP1,1.5023228380448281
EIF4EBP3,1.5023228379907847
EIF4EBP2,1.5023228379873923
RPS6,1.5021113040391807
PEBP4,1.499312413131603
EME1,1.4968271808122173
EME2,1.496827180745414
ADCY5,1.4959421744580093
UBE2I,1.4942798326992912
BYSL,1.4904029561569418
MED12,1.4886552059959774
MED12L,1.4886552059751896
OPA1,1.4780765499489037
CCDC34,1.4765209173569709
BACE1,1.4758648785845194
PGA5,1.4758648785824513
CTSE,1.4758648785803106
NAPSA,1.475864878571091
PGA3,1.4758648785677353
BACE2,1.4758648785308743
REN,1.4758648785295354
PGA4,1.4758648785264492
PGC,1.4758648785178572
AIFM1,1.4756797573662874
ROCK2,1.4713230086629046
ROCK1,1.471323008629023
TYMS,1.4699172452521485
NDUFV1,1.467498297781441
COG8,1.4652815975951072
MSL1,1.461338907594622
NCOA2,1.460904147346483
NCOA1,1.4609041473351458
NCOA3,1.460904147270823
RGS17,1.4600002556541611
ACSS2,1.459597183909957
SLX1A,1.4581527025278878
SLX1B,1.4581527024889
HMGB3,1.4579502471881425
PIEZO2,1.4579245023734082
PIEZO1,1.457924502371123
ATP5PD,1.4577025399169832
MTMR14,1.456976519350795
ADAT1,1.455740630400792
ADAR,1.4557406303568756
PACS2,1.4555087436326468
PACS1,1.4555087435557312
C2orf69,1.4553310473589849
PCIF1,1.4523691082249546
PWP2,1.4519808286276352
RIOX2,1.4502321271879937
RIOX1,1.4502321271435112
MRM2,1.446852413800282
RPSA,1.4431574361443953
RPSA2,1.443157436142172
IDS,1.4356274092455354
TBCEL,1.4354955202462167
OGA,1.4353761243098777
NMNAT1,1.4349158451261452
NMNAT3,1.4349158450907509
PSMB1,1.4336381739869162
FAF2,1.4327913195641326
UBXN8,1.4327913195250328
ITPA,1.4322243620875967
CMTR1,1.431465411894942
ANKRD62,1.4306382386540786
ANKRD20A1,1.4306382386438234
ANKRD30B,1.4306382386413012
ANKRD18A,1.4306382386185081
ANKRD26,1.430638238603988
ANKRD18B,1.4306382385982153
ANKRD30BL,1.4306382385928684
ANKRD30A,1.430638238576069
COQ7,1.4302755239170095
ASB18,1.4291476316420608
ARIH1,1.4271259554816464
AHCY,1.4271123492863786
BMS1,1.4246350740130531
OARD1,1.4243428932596094
TMEM208,1.4222965185239231
KMT2E,1.4197599556258433
SETD5,1.4197599555668496
C1orf21,1.4195755075841503
POLR1B,1.419327976897802
SEC63,1.4168598381714257
PDCD11,1.413102359267355
BAHD1,1.4116041630360294
BAHCC1,1.4116041630034772
TNRC18,1.4116041629849152
MSANTD1,1.4089935602927923
LAP3,1.4086649898088963
GGPS1,1.406077391092995
NAT9,1.4054430330629066
RPLP1,1.404674694738807
MBD5,1.4039346025580242
MBD6,1.4039346025490351
DGAT1,1.4014981067021206
LIMS3,1.401458034332404
LIMS4,1.401458034329702
LIMS1,1.4014580343185237
LIMS2,1.401458034252789
ADSS1,1.4000644088904957
ADSS2,1.4000644088714531
DNAH8,1.397759705277135
MRPL54,1.3948463481768951
FHIP2B,1.392922444059095
FHIP1A,1.392922444051648
FHIP2A,1.3929224440372658
FHIP1B,1.3929224440162893
MMP10,1.391518813078596
MMP20,1.391518813077512
MMP12,1.3915188130637242
MMP26,1.3915188130557348
MMP27,1.39151881305033
MMP3,1.391518813045606
MMP8,1.3915188130297174
THAP10,1.39100321285217
PHC2,1.3910032128295564
L3MBTL3,1.391003212815192
SCML1,1.3910032127994898
GGT1,1.3909055200678726
GGTLC2,1.390905520038798
GGTLC3,1.3909055200213583
GGT7,1.3909055200124714
GGTLC1,1.3909055200109528
WDR35,1.390548422889364
TANGO2,1.3887850736134648
PLD2,1.3869198925079198
PLD1,1.3869198924622828
KANK3,1.3859749295896682
KANK1,1.3859749295891233
KANK4,1.3859749295810269
KANK2,1.3859749295650137
RNF181,1.38417763346944
HTT,1.3824186457778624
GGH,1.3809279849614378
UBE2D1,1.3802648444810628
DDX54,1.3775065407749802
NUP153,1.3771441979983674
NUP214,1.377144197965843
POM121L2,1.3771441979583903
NPAP1,1.377144197939871
POM121C,1.377144197904617
POM121,1.377144197903165
POM121L12,1.3771441979009786
SMG5,1.3768901717672408
AFF3,1.3724445321454004
AFF4,1.3724445321007177
AFF1,1.3724445320823644
AFF2,1.3724445320647793
ZFPM1,1.3702258941501422
ZFPM2,1.3702258940696206
MDH1B,1.3698224033627022
MDH1,1.3698224033040347
NTAQ1,1.3677159556057523
CEP250,1.3619454274090592
SNAP29,1.361286696567573
SURF6,1.3610010769678025
RERE,1.3605866734757197
ATN1,1.36058667339407
RAB3GAP1,1.359096335981935
TDRD9,1.3583992592267389
TNPO1,1.3574273862011754
ISG20L2,1.354728621468769
AEN,1.3547286214632988
REXO5,1.3547286214461138
ATOH8,1.3541928668860632
SAT1,1.3538560775377244
SATL1,1.353856077528196
SAT2,1.3538560775119335
SYDE2,1.34964024197349
SYDE1,1.3496402419175622
SANBR,1.3491158218363704
RYR3,1.3486914133867094
ITPR2,1.3486914133856185
RYR1,1.3486914133813532
ITPR1,1.348691413334754
ITPR3,1.3486914133239825
RYR2,1.3486914133187333
AQP1,1.3470165948677137
AQP3,1.3470165948676889
AQP7B,1.3470165948625967
AQP7,1.3470165948555413
MIP,1.347016594847545
AQP2,1.347016594846133
AQP10,1.3470165948412505
AQP4,1.3470165948263295
AQP5,1.3470165948057238
AQP6,1.347016594804606
AQP8,1.3470165947914676
AQP9,1.3470165947875956
RAB7A,1.345873035246873
PPIP5K1,1.34456971672676
PPIP5K2,1.344569716718761
FNBP4,1.3440276476435886
DIAPH1,1.344027647622866
FMNL3,1.3440276476227109
FHOD1,1.3440276476110906
FMNL1,1.3440276476106665
SHTN1,1.3440276475548778
TJP2,1.3430542181634508
TJP3,1.3430542181192557
TJP1,1.3430542181161051
WAPL,1.3429475439218923
MYD88,1.3420374740137786
ERI2,1.3414104014261563
AGBL4,1.340481432794134
NAA15,1.3400884876576196
NAA16,1.3400884876531998
SPARC,1.3390372109591238
SPARCL1,1.3390372109260082
SKIC3,1.3384117336187862
ALKBH1,1.3375867943587554
H6PD,1.335842628571302
UNC80,1.3338523428688458
FOCAD,1.3337820828770834
TCP10L,1.3333088939828899
CENPJ,1.3333088939218942
TMA16,1.3328380535678117
RPS26,1.3310867382146483
ZNRF2,1.3309121214879722
TPK1,1.3296923860531296
DOT1L,1.326453541309092
COQ10B,1.3252740012143278
COQ10A,1.3252740012109676
DDX11,1.3249489844109676
SIRT7,1.3234140552325386
DNAI4,1.321656577781804
PDE5A,1.3209599976791162
PDE7A,1.3209599976733957
PDE1B,1.3209599976709958
PDE6C,1.320959997669624
PDE6A,1.3209599976642912
PDE4A,1.3209599976558777
PDE6B,1.3209599976550708
PDE8A,1.3209599976438107
PDE8B,1.3209599976435957
PDE4C,1.3209599976275608
PDE2A,1.320959997627318
PDE3A,1.320959997623685
PDE1C,1.320959997620107
PDE7B,1.3209599976164639
PDE11A,1.3209599976071624
PDE3B,1.3209599976009092
PDE4D,1.3209599975843407
TOMM22,1.3203769393383604
RAD23B,1.320016656687235
RAD23A,1.3200166566415366
CCDC25,1.319813569743567
TMCO1,1.3175674989488173
ANHX,1.3167384877815993
SIX4,1.3167384877255708
PHRF1,1.3161700146475137
SCAF1,1.3161700146056303
SCAF11,1.3161700145626103
BICDL2,1.315767374998451
BICDL1,1.3157673749949856
SAFB2,1.3152474442219682
SLTM,1.315247444209123
SAFB,1.3152474441921058
SCAP,1.3130145266059283
UBE2B,1.3115708631640304
NPM3,1.310632616460981
NPM2,1.3106326164236033
NPM1,1.310632616408954
RAB14,1.3104089278812208
NUMB,1.3065657589417057
HPF1,1.306180506000004
PPTC7,1.306162655019189
ACAT1,1.3028811082595464
DYM,1.3009068845919467
CCDC142,1.3006146827819285
CACNA2D2,1.2992476769574037
CACNA2D3,1.2992476769094785
CACNA2D4,1.299247676895411
CACNA2D1,1.29924767686714
ZFAND5,1.2986323631679575
PDGFA,1.2967095056598974
PDGFB,1.2967095056553626
PIN1,1.2966433521286582
ITGB5,1.2949102018105967
ITGB1,1.294910201806403
ITGB6,1.2949102017855725
ITGB7,1.2949102017750516
ITGB3,1.2949102017744434
ACADSB,1.2937102798940807
UTP15,1.289138075138879
CACNB4,1.2888272524388125
CACNB1,1.2888272524283568
CACNB3,1.2888272523963114
CACNB2,1.2888272523692406
RRS1,1.288496424860685
DNAH7,1.2877056533544782
MFSD10,1.2865975581734217
FBXO33,1.2858807455322936
UBE4B,1.2856799764223887
NF2,1.2824017107909178
HMGCLL1,1.2822401084298922
HMGCL,1.2822401083878183
TAMALIN,1.2810594064719412
CYTIP,1.2810594064681518
TRMT11,1.2796486875643578
PTER,1.2787567896438228
PDHA2,1.2782622193121351
PDHA1,1.2782622192575943
GET3,1.2757102543899768
PPAN,1.2754480575178933
NIT2,1.2737302682320553
ZMAT2,1.273422107540552
LRRC20,1.2730168732265434
SLC25A11,1.2716813631240798
ATG4A,1.2705799888837104
ATG4B,1.270579988849951
VGLL1,1.266653259832513
VGLL3,1.266653259760594
VGLL2,1.266653259755044
SF3B3,1.2662374959805796
DCAF1,1.26214595930125
TPT1,1.2603968927189555
FAF1,1.2602269304460438
RUNX1,1.2585130164963805
PEX6,1.2568771857245704
RFT1,1.2568065603995584
KDM5B,1.2564989069677561
KDM5C,1.256498906963524
KDM4A,1.2564989069556411
KDM4F,1.2564989069403436
KDM4D,1.2564989069252754
KDM4E,1.2564989068999068
KDM5D,1.2564989068926484
KDM5A,1.256498906885919
KDM4B,1.256498906880804
RILPL1,1.255694593447677
RILP,1.2556945934014356
DZIP1L,1.2556945933704706
RILPL2,1.2556945933654593
RASSF10,1.2556172649412158
RASSF9,1.2556172648797497
ANXA6,1.255549119286173
ANXA8,1.255549119279659
ANXA7,1.2555491192773014
ANXA3,1.2555491192751869
ANXA11,1.2555491192735264
ANXA4,1.2555491192638724
ANXA2,1.2555491192563937
ANXA1,1.2555491192287263
ANXA5,1.2555491192257382
ANXA10,1.2555491192189427
ANXA8L1,1.2555491192188664
ANXA9,1.255549119218136
ANXA13,1.2555491192179438
ASMTL,1.2529892719322042
RAI1,1.2526518186165068
TCF20,1.2526518185414686
FBXW4,1.2522238569726507
GCNA,1.251530251446084
TREH,1.2513666057981323
CDC6,1.2510866547105193
NCAPG,1.2506174663285072
PRELID1,1.2484137300992526
POLRMT,1.2483806727248417
SREK1,1.2475859856402503
SRSF11,1.247585985590113
ASCC3,1.2472379313391146
TSEN34,1.2469458000663176
CDC42,1.2446824367924991
CARNMT1,1.2443225209460185
PGRMC1,1.2428349668395444
PGRMC2,1.2428349667720802
SMAP2,1.2423522047463589
ACBD7,1.2420036326444588
TMEM268,1.2386695205917242
DNAAF11,1.234696316313972
MPP7,1.2340456069250667
MPP4,1.2340456069103911
MPP2,1.2340456069056318
MPP1,1.2340456068986978
MPP3,1.2340456068922148
PALS2,1.2340456068550505
CABLES2,1.233786391214695
CABLES1,1.2337863911853377
RNF10,1.2323087133675348
SBNO2,1.2302188493002568
ZC3H18,1.229640651034106
DNAH9,1.2294542970334867
BAZ1B,1.227738736682782
NFYC,1.2275583744402412
GAK,1.2265644494935248
FEM1B,1.224512239992406
PDF,1.2217317475848966
KNTC1,1.2184226420406032
ARPC3,1.2183113989897345
RARS1,1.2178521944770988
KCTD2,1.2151369186982552
KCTD5,1.2151369186833187
KCTD17,1.215136918627168
TAF4B,1.2132510370062077
TAF4,1.2132510369698308
GRB2,1.2113902784686703
PLA2G15,1.2113771043973312
IP6K2,1.2089950624446173
IP6K1,1.2089950624394332
ITPKB,1.2089950623959769
ITPKC,1.2089950623589107
IP6K3,1.2089950623507515
ITPKA,1.2089950623504149
PUM3,1.208477796972664
PSMA1,1.207678101135019
PLB1,1.207557085972056
KCMF1,1.205652183749408
ACIN1,1.2038400478694116
CUL4A,1.2033816036343608
SLC10A5,1.2031269865188752
SLC10A3,1.2031269865062804
PHYHD1,1.2016475585122537
XRN2,1.2009407187864545
MDH2,1.2004840415601143
BAIAP2,1.1991202969443835
BAIAP2L1,1.199120296937984
BAIAP2L2,1.1991202968952557
ATAD3A,1.196748891547974
RPL13,1.196531708663702
SLC25A44,1.1963737612335543
RMDN2,1.19579666012458
RMDN1,1.1957966600996317
RMDN3,1.1957966600952445
ADAM33,1.1957862766387128
ADAM20,1.1957862766039045
NUP50,1.1912135445987413
PTPA,1.1908605881779135
KIF11,1.1905949100086874
DHX37,1.190066119911174
BUB1B,1.1884636288974257
BUB1,1.1884636288298978
ATG14,1.1871687145292409
CHN1,1.1867723141735822
CHN2,1.1867723141268016
DHX57,1.18402429246956
PRKAA2,1.1837568805076326
RPL23,1.17892543851686
ATP23,1.1769948824915188
GTPBP10,1.176284138399011
CINP,1.1743326074054523
DDX10,1.1733249699618626
SPRY4,1.1727175573318684
SPRY1,1.172717557313593
SPRY2,1.1727175573113506
SPRY3,1.1727175573077364
HGH1,1.1713296409539018
POLI,1.1710682851295606
PPP3CC,1.1704703196532402
PPP3CB,1.1704703196497015
TESMIN,1.169088708439312
RPL18,1.168659278651979
UBLCP1,1.16558517668381
UNC93B1,1.1654627112062848
WDR26,1.165095522635358
ATXN2L,1.163632067471594
PHB1,1.163206084295992
C9orf78,1.162400107790056
TCAIM,1.1612761306933912
PGAP2,1.1607683502717596
RPS7,1.157917107431872
CNOT9,1.155032987816904
RPL26L1,1.1541899870200807
RPL26,1.1541899870067924
SSBP4,1.1531443386486675
TADA1,1.1522173983300676
CFAP57,1.1519099899773162
JAG2,1.1515904770297427
DLL1,1.1515904770079244
NOTCH4,1.151590477005241
JAG1,1.1515904770018206
DNER,1.151590476987104
DLL4,1.1515904769339458
BCDIN3D,1.150844355313151
TOPORS,1.1497985372946091
POLR3C,1.148132350160337
DIMT1,1.1479397943324705
LYAR,1.1478693024219822
MTIF2,1.147057119470369
DR1,1.1459160562238422
PSMB4,1.1449536192155605
ELP3,1.1416480710248078
MBOAT2,1.1407013896032523
MBOAT1,1.1407013895783173
CDK2AP1,1.1400303822484936
CDK2AP2,1.1400303822304398
ULK2,1.1385156068223103
ULK1,1.1385156067584283
IWS1,1.1326789688853616
TCHHL1,1.1326789688422
SAMD15,1.1326789688270373
HNRNPK,1.1326075230639467
RWDD1,1.1324462360378689
CGAS,1.131385317297103
UBXN2B,1.1312354348438147
UBXN2A,1.1312354348398181
NSFL1C,1.1312354348101588
PDE12,1.1256330477059548
IPO13,1.1241624544516118
NTN1,1.1227917583546485
NTN3,1.1227917583191434
XPA,1.1220655426055413
NRM,1.1214881846808558
RPL7A,1.1205280501896182
RSL1D1,1.1205280501796457
MORN3,1.1198311419881757
MAEA,1.1168037735758196
NUP98,1.1163573558082038
ZFAT,1.116083475716261
VAMP5,1.1138284922328625
SEC22A,1.1138284922252057
VAMP1,1.1138284922202613
VAMP3,1.1138284921870094
SEC22C,1.1138284921868085
RPS3,1.1113723931959487
GET1,1.1113723931445363
ATP6V0C,1.1112812094160422
EHD1,1.1104037728362004
DDRGK1,1.107898149385982
SACM1L,1.1068331105101088
PALS1,1.1060299108680538
PTCH2,1.1014031867360272
PTCHD3,1.1014031867356677
PTCH1,1.1014031867310523
PTCHD1,1.1014031867286938
PTCHD4,1.101403186681919
DISP1,1.1014031866678062
DISP2,1.101403186666335
DISP3,1.1014031866611063
CRAT,1.1008491946661343
VAPB,1.100129410414371
VAPA,1.1001294103696606
TMOD1,1.099945085774861
TMOD3,1.0999450857559643
LMOD1,1.099945085748659
TMOD4,1.099945085735149
TMOD2,1.0999450857188118
LMOD3,1.0999450857018258
PLA2G6,1.0972916981945215
ANKRD22,1.0972916981911325
TONSL,1.0972916981405338
CHIC2,1.0966386535907258
CHIC1,1.0966386535590613
CDK3,1.096386303222274
DHTKD1,1.095707979396847
TWNK,1.095457932095066
TBL3,1.0947977287763413
PRMT9,1.0922707153286009
PRMT1,1.0922707152971969
PRMT6,1.0922707152800015
ACTR8,1.0916755719852864
MACO1,1.0913667526049018
CC2D1A,1.090338552495089
CC2D1B,1.0903385524828775
TIMMDC1,1.0898472946917916
NFRKB,1.0895614610017323
ISOC1,1.0884439661233023
AP1G2,1.0878035794828227
AP1G1,1.087803579464059
SLU7,1.0863232760178043
PTPRO,1.0849740146391866
RALGAPB,1.0844972322709392
TRMT10A,1.0815791100932086
TULP4,1.0808984130669028
SF3A2,1.0785713434085744
CSNK2B,1.0775707195568778
PHPT1,1.0750068011999192
FEN1,1.0740452937846583
OTUD5,1.0715130009779938
SENP6,1.0709151844920606
SENP7,1.0709151844753668
DCAF7,1.0676559422360177
MTAP,1.0671557561929377
LDB1,1.0647736674524964
LDB2,1.0647736674475055
PSMA8,1.0646294243142453
PSMB9,1.0646294243002403
PSMB7,1.064629424272836
PSMB5,1.0646294242728023
PSMB11,1.0646294242622814
PSMB10,1.0646294242614902
PSMB8,1.0646294242608025
PSMB6,1.064629424258519
PSMA7,1.0646294242486052
C1orf43,1.063925938877835
MRPS28,1.0636836604077062
YME1L1,1.063289985860423
FAM32A,1.062403729143494
SMC3,1.0619143122284098
CKAP4,1.0619143122014199
CCDC157,1.0619143122006067
SMC1B,1.0619143121995267
CCDC122,1.061914312137324
L2HGDH,1.06157784633522
DIRAS2,1.06018414274426
PTRH2,1.0596715858992152
CASP7,1.0589374131370841
CASP3,1.0589374131315452
PORCN,1.058428369754545
RPL7,1.0578587029185262
RPL7L1,1.0578587029101683
NHERF2,1.0572777252801226
NHERF1,1.0572777252710317
VCP,1.0556053624056856
FPGS,1.0539401955768382
UBE4A,1.0514331713767495
IMP4,1.0509049071063796
CIZ1,1.0507163352102526
PSMC6,1.050261545206294
NUP35,1.0489781285085624
SAP30,1.0487014019322796
SAP30L,1.0487014018959717
FBXW5,1.047079138495284
COX6B2,1.0470785329194627
FNIP2,1.0447605436232503
FNIP1,1.044760543599444
RPL19,1.043855143832069
HLCS,1.0433560174943466
RPL15,1.0426418865820857
NHP2,1.0416513207679257
ATP5F1A,1.0415137934876846
TRA2A,1.0399159154154938
C9orf85,1.0366567640315192
DMAP1,1.0365817823800234
SUMF1,1.0346745145072953
DENND6B,1.0345797827238363
DENND6A,1.0345797826517678
CCKAR,1.03441864648793
CCKBR,1.034418646477363
PEX7,1.0340743513777078
RPS25,1.0312408598370355
YARS2,1.0309142508667375
KIF17,1.0308124758425734
RPS5,1.0305884792641158
ALDH2,1.0301326983225805
MYF6,1.0295621279640457
MYOD1,1.029562127923813
MYF5,1.0295621279163025
MYOG,1.0295621278999671
MTA2,1.0290162532609883
MTA3,1.0290162532502336
MTA1,1.0290162532105178
PABPN1,1.0287551729091018
VPS13D,1.026568390153289
CELSR3,1.0247316247177627
FAT3,1.0247316246685083
CELSR2,1.0247316246577978
CELSR1,1.0247316246475495
FAT2,1.024731624647317
FAT1,1.024731624633782
AVIL,1.02392209186959
GSN,1.0239220918654839
SVIL,1.0239220918614558
VIL1,1.0239220918586411
SCIN,1.023922091852217
CAPG,1.0239220918384118
VILL,1.0239220918375327
H2AZ1,1.023654884279186
H2AZ2,1.0236548842756084
UBR1,1.0228530326314909
UBR2,1.0228530325802325
ATG9B,1.0223752240359785
ATG9A,1.0223752240266126
GPD1,1.0211956847146655
GPD1L,1.0211956847091177
KLF5,1.017597387855594
KLF2,1.0175973878462885
SP5,1.0175973878364084
KLF18,1.017597387814644
KLF14,1.0175973877846176
CSDC2,1.0173206876733702
CARHSP1,1.01732068759192
TRIP11,1.0167401048153262
RPS29,1.0166991412126982
PEX12,1.0151772522308256
MPHOSPH8,1.0145243831533566
PYCR1,1.0134142818125067
PYCR2,1.0134142817996503
PYCR3,1.0134142817593204
NT5DC1,1.0131079632356326
PSMD9,1.011652647258999
ADD2,1.011482607682821
ADD1,1.0114826076488435
ADD3,1.0114826076479475
ING2,1.0102836849608872
ING1,1.0102836849532422
ING4,1.0102836849287877
PYGO1,1.0102739623769441
PYGO2,1.0102739623605903
PPARA,1.00988115569284
RORC,1.0098811556851852
RORB,1.009881155671845
VDR,1.0098811556679292
THRA,1.0098811556650473
NR1D1,1.0098811556605714
RARB,1.0098811556455207
NR1D2,1.0098811556441991
RORA,1.009881155642329
RARA,1.009881155631428
PPARD,1.0098811556259226
NR1H3,1.0098811556233804
NR1I2,1.0098811556201048
PPARG,1.0098811556010456
NR1H2,1.0098811556004517
UBE2L6,1.008846204653188
NUFIP1,1.0081808192183075
CCNT2,1.0074695849181146
SDC1,1.0054821708309325
SDC3,1.0054821708196857
SDC4,1.0054821708157022
SDC2,1.0054821707797277
UTP20,1.0047686921096346
TBC1D19,1.0037063094883385
ZNF706,1.0036046416562676
EIF3F,1.0026476267937865
RPL3L,1.0022954049708592
RPL3,1.0022954049545512
PSPH,1.0016460145492685
RAB6A,1.0013543860415393
BLOC1S6,1.0001259264462738
NGDN,0.9993530277698224
MTERF4,0.9985530424671254
MCM2,0.9973960807453788
BAIAP3,0.9969450299282347
INPP5E,0.9959259386434892
INTS1,0.9932659190269626
ZNF341,0.9930866905870476
FCHSD2,0.9920452206158726
FCHSD1,0.9920452205632595
FAM50A,0.991585508280923
FAM50B,0.9915855082718956
TTLL12,0.9911091404679796
USP30,0.9908443920126554
AOX1,0.9905933200061683
XDH,0.9905933199899762
SNIP1,0.9896859031105638
NOL9,0.9880773952204388
SRBD1,0.9871486481568136
DDAH1,0.987079721821955
DDAH2,0.9870797217560918
RAB2A,0.9868075454808372
SMG1,0.9866428485928964
GCSH,0.986123097173209
MNAT1,0.9858575614507296
CBLC,0.9842104936649304
TDRD5,0.9832496084745496
PAPSS2,0.9821181785542307
PAPSS1,0.9821181785307704
ABCB7,0.9795313750357302
OSTF1,0.9785732256229688
SEC24B,0.9778027828093891
SEC24A,0.9778027827825184
CIAO1,0.9767639033644115
OXLD1,0.9753992725704967
TCP11,0.9734881633263589
TCP11L2,0.9734881633177311
TCP11X2,0.9734881632919593
TCP11X1,0.973488163255031
TCP11L1,0.9734881632507169
LARS2,0.9718629515119456
KPNA3,0.9715579938154044
KPNA4,0.9715579938137535
DGKQ,0.9697421542594296
HTRA2,0.969723540935006
PLCG1,0.9665374797265356
PLCL1,0.9665374797209498
PLCL2,0.9665374796874214
PLCZ1,0.9665374796867466
PLCD1,0.9665374796829552
PLCB1,0.966537479679476
PLCB2,0.9665374796750598
PLCH1,0.9665374796666453
PLCH2,0.9665374796633328
PLCG2,0.9665374796596112
PLCD4,0.9665374796475501
PLCE1,0.9665374796443794
PLCB3,0.9665374796423372
PLCD3,0.966537479641118
TAMM41,0.9658967135975056
LATS1,0.9657149626750344
NKAIN2,0.9654107597219215
NKAIN3,0.965410759703948
NKAIN1,0.9654107596390938
NKAIN4,0.9654107596385921
MCM4,0.9636192597236009
GNL2,0.9632680618324304
WDR36,0.9627799133093972
SUPT16H,0.9621975654069338
GMFB,0.9614097252955579
GMFG,0.9614097252323905
NDUFAF3,0.961079103958826
ASTE1,0.9591292554872604
DPH6,0.9565751834007128
RPL35,0.9558035043337813
WASH6P,0.9554492798822785
WASHC1,0.9554492798756709
RPL12,0.9550246473162048
PSMD6,0.9547154911362528
SIAH2,0.9543423246877364
PEX10,0.9536835979936584
EIF3J,0.9534442517609109
SUDS3,0.9528902677859804
NDUFA5,0.9527180783303838
ATP5IF1,0.951963377540576
TTC28,0.9504817164049076
EIF3M,0.9500603512217838
EPAS1,0.9494172025080985
HIF1A,0.9494172024968085
HIF3A,0.9494172024842695
SIM2,0.9494172024639236
NPAS3,0.9494172024347518
RNASEH2B,0.9488030905390812
NSMCE1,0.9481803972299658
SGF29,0.9475458171483602
TTI1,0.9461453406542863
FBXL5,0.945570842426581
FBXL22,0.9455708424051047
FBXL18,0.9455708424001993
FBXL17,0.9455708423982332
FBXL2,0.94557084237639
FBXL15,0.9455708423649875
FBXL20,0.9455708423557786
FBXL6,0.9455708423517043
FBXL13,0.9455708423511949
FBXL3,0.9455708423498013
SKP2,0.9455708423474123
FBXL7,0.9455708423436452
UROD,0.9444573641563928
ST7L,0.9436419811134411
ST7,0.9436419810850961
MPHOSPH10,0.9423433832110072
ATP5F1C,0.9422798718556026
GEMIN2,0.9420602079173986
RARS2,0.9411424512054596
PAXBP1,0.9392850249887782
GCFC2,0.9392850248906723
ANKRD6,0.9385417549324286
ACCSL,0.9378708125252432
KYAT1,0.9378708125113906
GPT2,0.9378708124585619
GPT,0.9378708124555509
ACCS,0.937870812447287
YIPF5,0.9374907203663354
YIPF7,0.9374907203513236
TAF9B,0.9365195961703875
TAF9,0.936519596160512
UNC79,0.936339492244774
PUS1,0.9361809031665296
LUC7L3,0.931032039868385
TSPEAR,0.9309700474512902
WDHD1,0.9304652282652728
CUTA,0.930212553841582
STOX2,0.9294546072162786
STOX1,0.929454607186246
KYAT3,0.9292843242723088
GINS4,0.927461862308719
ASXL3,0.9263580092491401
ASXL2,0.9263580092483921
ASXL1,0.9263580092090261
SSB,0.9260094122349982
NOX5,0.925972810429282
MED31,0.9257960290224778
FRYL,0.9252103328026646
AKT1S1,0.9236766421100217
ATP1B3,0.9235427770048753
ATP1B2,0.9235427769950915
ATP4B,0.9235427769473245
ATP1B4,0.9235427769374959
SEC22B,0.9232642334169784
ASH2L,0.9219154379158112
SIX6,0.9193832232933566
SIX2,0.9193832232477683
SIX3,0.9193832232137884
SIX5,0.9193832232123058
CFAP43,0.91924001121077
SLC41A1,0.9188418583954795
SLC41A3,0.9188418583759381
SLC41A2,0.9188418583142863
HUWE1,0.9170039927734772
CCDC50,0.915114407322891
JADE1,0.9147703087113922
ERCC4,0.913696619503703
SERTAD2,0.9123823934234269
CDCA4,0.9123823934127653
CDC73,0.9123030069397012
BARD1,0.911204790121751
MRPS9,0.9107153947172296
TMEM245,0.9100450385175992
LIN37,0.9084981069645578
SEC14L1,0.9079623053477235
SEC14L2,0.9079623053450365
SEC14L5,0.9079623053168934
SEC14L4,0.9079623053028222
SEC14L6,0.9079623053022614
SEC14L3,0.9079623052981184
RECQL5,0.9066923217410706
RPL24,0.9059906555192564
PIGX,0.9058986230132928
TTLL4,0.9056575488932308
MED19,0.9055540509335112
CYB5RL,0.9048961409739084
RFFL,0.9046308443703371
RNF34,0.9046308443277234
GGACT,0.9045586384463022
UBR7,0.9027378778940758
WTAP,0.902271870151976
SCRT2,0.9022276474970656
SCRT1,0.9022276474724917
NDUFA7,0.9020467665422692
DRC1,0.9019335841378392
TADA2B,0.9008605644494396
GPN1,0.8984561961088645
SPOCD1,0.8974191484107609
BLTP3A,0.8960643011701429
BLTP3B,0.8960643011323144
FEZ1,0.8955092681322016
FEZ2,0.8955092680906785
BCAP31,0.8926670520149907
BCAP29,0.8926670520123278
WIPI1,0.8921196573873281
KIF15,0.8913725925163369
PPP1R14C,0.8911232086531568
PPP1R14B,0.8911232086079903
PPP1R14A,0.8911232085773912
PPP1R14D,0.8911232085675167
VIPAS39,0.8909213719467041
GORAB,0.8893050449288592
NDUFAF1,0.8884483835777998
FBXO28,0.8883848741225925
BTBD3,0.8883472198407152
KBTBD4,0.8883472198345357
BTBD2,0.8883472198255901
SPOP,0.8883472198233778
BTBD9,0.8883472197865077
ABTB2,0.8883472197804309
ABTB3,0.8883472197705159
BTBD6,0.8883472197558426
KLHL11,0.8883472197477461
CHKB,0.886239898292182
CHKA,0.8862398982362124
OXCT1,0.885316696853783
OXCT2,0.8853166968357243
RRP9,0.8850569517716274
PSMC3,0.883253930144631
NOP58,0.8832454397964747
NABP1,0.8831873355396169
TBCK,0.8831265740332359
NDUFV2,0.8794643199551518
TADA3,0.8792415269234661
VTA1,0.879163277880595
SF3B4,0.8749041986702795
COPS4,0.8738144455033146
NOP16,0.8731142367281229
GALT,0.8729288463695186
ATG2B,0.8721180658891562
ATG2A,0.8721180658535849
PRCC,0.871461311281668
RBM25,0.8709161566639075
DPH1,0.870715931092465
TFDP1,0.8697154619699946
TFDP3,0.8697154619532627
TFDP2,0.869715461926504
KTI12,0.8689090416632632
RBFOX1,0.8677569577762619
RBFOX3,0.8677569577739087
RBFOX2,0.8677569577384794
XPO5,0.8664037359075859
RRP8,0.8663404815950734
TP53BP2,0.8662535860147627
PPP1R13B,0.8662535859984138
EYS,0.8649495262886668
FAXC,0.8647820548817702
FTL,0.8620013864961324
FTMT,0.8620013864885899
FTHL17,0.8620013864670195
SPRING1,0.8610109848898243
EIF3D,0.8603042307594746
TIMM50,0.8601632829094153
ARPC1B,0.8600920092639988
ARPC1A,0.8600920092588019
SUV39H1,0.8595688524923479
TCTE1,0.8592250155365893
SLC30A4,0.8590724268018657
KCNT2,0.8586941088401526
KCNU1,0.8586941088316757
KCNMA1,0.8586941088291749
KCNT1,0.8586941088226822
PCCB,0.8561209742082134
RWDD4,0.8559830246889991
FDXR,0.8540607679860611
PPP5C,0.8535887208050965
NINJ2,0.8535071935201608
TLL1,0.8524988475289775
ERN2,0.8516809206907973
TOGARAM2,0.8508942133120041
TOGARAM1,0.8508942132739332
CLASP2,0.85089421326949
KAT8,0.850302331448717
DCUN1D3,0.849924292137097
RPS28,0.849642639033246
RPL29,0.8493389894663553
PDS5B,0.848939106073654
PDS5A,0.8489391059953276
GLCE,0.8483342911356737
PRIM2,0.8453306301614464
ELP4,0.8452682237058811
HOMER2,0.8448767952939805
WNT7A,0.8434739630542691
WNT8B,0.8434739630420724
WNT10B,0.8434739630362723
WNT2,0.8434739630345139
WNT5A,0.8434739630303872
WNT3A,0.8434739630253183
WNT2B,0.8434739630217646
WNT11,0.8434739630157232
WNT10A,0.8434739630093556
WNT9B,0.8434739629922954
WNT9A,0.8434739629805037
WNT5B,0.8434739629799961
WNT8A,0.8434739629798735
WNT4,0.8434739629789862
WNT7B,0.8434739629789838
CASD1,0.8432184467145878
PARL,0.8411552396248104
NANP,0.8398132741204446
VPS51,0.8397840242977638
NANOS2,0.8397367448398788
NANOS3,0.8397367448177839
NANOS1,0.8397367448142504
ABCB10,0.8395831187870383
OVOL1,0.8391739609332776
HSPE1,0.8385943283364173
ATOH1,0.8380388244184926
NEUROG2,0.8380388243940684
NEUROG3,0.8380388243935648
NEUROD4,0.8380388243886588
BHLHE22,0.8380388243797943
ATOH7,0.8380388243686703
BHLHE23,0.8380388243680217
OLIG2,0.8380388243667076
NEUROD6,0.838038824360021
OLIG3,0.8380388243573205
OLIG1,0.83803882435324
NEUROG1,0.8380388243465432
NEUROD1,0.8380388243365746
NEUROD2,0.8380388243352122
ZFYVE1,0.8379776429398988
SNX29,0.8379776429387867
ZFYVE19,0.8379776429387772
RUFY3,0.8379776429293287
ZFYVE26,0.8379776429266248
PLEKHM2,0.8379776429068574
RUNDC3A,0.837977642901581
PLEKHF1,0.8379776428992233
RUNDC3B,0.8379776428840244
RUFY1,0.8379776428751947
ZFYVE28,0.8379776428744
ZFYVE16,0.8379776428693353
RUFY2,0.8379776428561672
ORMDL2,0.8367139511842109
ORMDL1,0.8367139511669577
ORMDL3,0.8367139510973076
SOX1,0.8361345987566183
FAU,0.8360727728975716
SDE2,0.8352602177431333
LUC7L,0.8350179337650706
LUC7L2,0.8350179337476129
RPAP1,0.8342810100226689
CHUK,0.8329819944158235
IKBKB,0.8329819943898826
GOLGA7,0.8305853890911934
GOLGA7B,0.8305853890329724
SLC35F3,0.8300400151362075
SLC35F4,0.8300400151280852
BBX,0.8298253448859262
ANKRD13D,0.829823272088436
ANKRD13B,0.8298232720881706
ANKRD13A,0.8298232720739521
GRPEL1,0.8288990548274066
GRPEL2,0.8288990547951742
MIX23,0.8285519052660689
DGCR2,0.8275400718427193
EMC3,0.8274442198687171
GMPS,0.8271995130544143
DHRS7,0.8257646173097084
ZNF622,0.8251374541789596
RPL14,0.8237904450089644
PAQR3,0.823097985535237
ASH1L,0.8204008154762734
EHMT1,0.8204008154335115
PPP1R37,0.8190478717432131
RPS12,0.8168911972400064
APTX,0.816777696680879
ANKAR,0.8131331835886458
JUP,0.8131331835235031
PCSK9,0.8118396239792163
PCSK4,0.8118396239789422
PCSK6,0.811839623967035
TFAP2B,0.8116183866221175
TFAP2C,0.8116183866063497
TFAP2A,0.8116183866058123
TFAP2E,0.8116183866000576
TFAP2D,0.8116183865733747
NUP205,0.8098679182837732
CNOT1,0.8094301235514608
FLCN,0.8090730953917347
POLDIP2,0.8080572742452444
MKNK2,0.8066759220763736
CCDC170,0.8020007626821803
NOC4L,0.8014604107262114
RAD17,0.8014290539804723
ATP5PF,0.8012134122432893
DTD1,0.8006281187148481
HAPSTR1,0.7963037396220347
HAPSTR2,0.7963037395691029
GATAD2B,0.7953204469166094
GATAD2A,0.7953204469029329
ATP13A1,0.7935796341224601
ATP1A1,0.7892012200822551
CLASRP,0.7891721962078457
CDS1,0.7869703979802228
CDS2,0.786970397931106
MTFP1,0.7862964143405404
VPS26A,0.7862821615616256
VPS26B,0.7862821615507649
NOL10,0.7859587689693095
NDUFA13,0.785953014899066
PPM1A,0.7858310031813126
PPM1B,0.7858310031802145
PPM1E,0.7858310031453247
PPM1K,0.7858310031449882
PDP1,0.7858310031218745
SSU72L2,0.7846728027275766
SSU72L1,0.7846728027056079
SSU72L5,0.7846728027055474
SSU72L6,0.7846728026999227
SSU72L4,0.7846728026911022
SSU72L3,0.784672802686915
SSU72,0.7846728026541108
CHPF2,0.7842830524101931
CHPF,0.7842830523767582
POLA1,0.7842403181722718
TYSND1,0.784168388949035
RRP7A,0.7826882243438388
LHFPL2,0.7806708015923023
LHFPL1,0.7806708015744548
LHFPL6,0.7806708015225106
GINS3,0.780358527544073
PARD3,0.7800193507668584
PARD3B,0.7800193507412009
DPYS,0.7791045732268114
PHB2,0.7790002187666246
RPL11,0.7783104472937394
KATNAL1,0.7776032530837089
KATNA1,0.7776032530602929
FIGNL2,0.7776032530518133
FIGNL1,0.777603253050881
VPS4A,0.7776032530418443
ATAD1,0.7776032530312265
FIGN,0.7776032530193954
BCHE,0.7768871964973465
PGM3,0.7759097562234424
MTHFSD,0.7746991268593787
TH,0.772917775120398
THAP8,0.7726697490879062
THAP1,0.7726697490841797
THAP2,0.7726697490832645
THAP3,0.7726697490789842
THAP7,0.7726697490659212
THAP6,0.772669749034282
ARL14EPL,0.7726697490248221
MEA1,0.7725164253004666
KARS1,0.7678073493681976
EPS8L3,0.7649703401758634
EPS8L1,0.7649703401155455
EPS8L2,0.7649703400908124
SLC24A1,0.7649158626003033
SLC24A2,0.7649158625623868
MRPL12,0.7636435853945402
EEF1AKMT2,0.7625105613758685
BNIPL,0.7620365919857255
PRUNE2,0.7620365919819639
ATCAY,0.7620365919794004
BNIP2,0.7620365919343974
SSRP1,0.7619036777357998
SMARCE1,0.7616971674706517
INTS12,0.7597151046987939
NR4A2,0.7595389028369839
NR4A1,0.7595389028150515
NR4A3,0.7595389028043265
RALBP1,0.7579347747555645
KIF5B,0.7570981988755662
ARR3,0.7560705868188958
SAG,0.7560705868167958
ARRB1,0.7560705868156449
ARRB2,0.7560705867721011
PTGR3,0.7535174088093607
FLOT2,0.7534588616792394
EPC2,0.7525079453043128
EPC1,0.7525079452538188
SLC28A2,0.7523895442155515
SLC28A1,0.7523895442134052
SLC28A3,0.7523895441598896
MBIP,0.752262059006988
NMRK1,0.7522620589980573
NMRK2,0.7522620589787691
CIC,0.7521062372809023
MED1,0.7508498037477865
PROX1,0.7507952649959712
PROX2,0.7507952649627505
MCM3,0.749014644989653
GADD45GIP1,0.748922286028552
MPRIP,0.7481036984366072
TRIOBP,0.7481036983788849
LARP7,0.7477018859472693
ZNF618,0.7470731095035739
ZBTB44,0.7470731094545695
FAHD2B,0.7469005476842819
CYB5B,0.7462813553863978
SUPT6H,0.7458406660802699
COG1,0.7444250622519293
COA8,0.74424129134324
TCF4,0.744219160504008
TCF3,0.7442191604397898
TCF12,0.7442191604219704
EIF2A,0.7438698969255194
PKMYT1,0.7416950137107325
CPOX,0.7407197013306811
DICER1,0.7400951256495685
MAD2L1BP,0.7398973016480076
FOXC2,0.7393390986164994
SAV1,0.739059020046472
PIK3R4,0.7390248991116094
CTNNBL1,0.738181707545514
PSMA4,0.7368871295769087
HS3ST5,0.73676156846837
POLR1A,0.7355239655114325
MRPL35,0.7353607074532206
RNASEH1,0.7347792536557439
CCT6B,0.7342928827163429
DIP2B,0.7328400045526009
DIP2A,0.7328400045124235
CABP1,0.7323018286700936
CALN1,0.7323018286437701
CABP2,0.7323018286414431
EFCAB12,0.7323018286368351
CALML5,0.7323018286223688
CABP5,0.7323018286122455
CABP7,0.7323018285975202
CABP4,0.7323018285961106
EFCAB3,0.7323018285911652
CETN2,0.7323018285788341
VANGL1,0.7312612034135656
VANGL2,0.7312612034111624
IPCEF1,0.7297519903125463
CNKSR3,0.72975199029753
CNKSR2,0.7297519902932962
SAMD3,0.7297519902834048
CNKSR1,0.7297519902791219
VPS33B,0.7295006117769102
KCNH6,0.7279967357016284
TARDBP,0.725954280858962
TMEM94,0.7245002735312649
HSPA2,0.7243639445627306
COX4I2,0.7240117294849644
COX4I1,0.72401172946855
CAPN15,0.7239353807563509
LSM12,0.7226842728879515
SPATA17,0.722641375858064
RGP1,0.7191748567131907
FAM151B,0.7184274647178219
FAM151A,0.7184274647148311
MAK,0.7183566561491008
JMJD6,0.7163848422808015
SH3GL3,0.7158208068898996
RNF220,0.7149548400230105
RHPN2,0.7137932981744474
RHPN1,0.7137932981645417
ZCCHC13,0.7124293156732378
CNBP,0.7124293156478556
BORCS5,0.7104802391428956
SLC8B1,0.7095173734582011
CDC25A,0.7092872756732151
HEATR1,0.7092628074894123
NF1,0.7086249674472092
FXN,0.7066263340162761
KDM1A,0.7052458650711869
RSBN1L,0.7043962163906707
RSBN1,0.7043962163480035
CHCHD10,0.7029038668636822
HIPK3,0.7025663073814257
CNOT2,0.7018963385354992
MARCHF8,0.7017117529733244
ARHGAP39,0.7002499502317951
STARD7,0.7001896528050755
PIH1D2,0.6989051956293599
TLDC2,0.6988926424669639
RRM1,0.6986046642760085
ABCF2,0.6977568790747967
FRA10AC1,0.6965391387891526
GTF2H2,0.6949883821011169
GTF2H2C,0.6949883820977073
DHPS,0.6944419612593637
PUDP,0.694114872863322
SUFU,0.6932854897784707
NPDC1,0.6931927002157857
ELAC2,0.6916875582566138
ZNF608,0.6915434904222194
ZNF609,0.6915434903809625
RFNG,0.6912468467858366
LFNG,0.6912468467374974
MFNG,0.6912468467026748
DNAAF3,0.6907650770875642
LAMTOR3,0.6898445955500814
TPI1,0.6895250470905596
FH,0.6888618016648111
GPN2,0.6885836364322843
MBTPS2,0.6884255264722454
PSAT1,0.6871162050655936
SRPRA,0.6867238351677729
PRPF38A,0.6864192979570395
RFWD3,0.6854955362171327
PRMT8,0.6854511100724843
ELMOD2,0.6845469656205654
ID1,0.6841010801830983
ID4,0.6841010801763101
ID2,0.6841010801528803
ID3,0.6841010800993906
BPTF,0.6828055487938247
NDUFB10,0.6816367706220315
EEF1AKMT1,0.6801674774002633
ZMYND8,0.6786211320418825
UFSP1,0.6784545318793387
LENG1,0.677744852732569
IFT20,0.6773719878832272
HECTD1,0.676870909725855
DNAAF1,0.6768295830073784
PSMD12,0.6760822419808915
SMC6,0.6760744331833071
CFAP206,0.6744149341084553
HENMT1,0.67431910139577
ZNF488,0.6741649705417185
PRDM8,0.6741649704915528
FKBP1A,0.6719727704431917
FKBP1C,0.6719727704356367
FKBP1B,0.6719727704125557
PDLIM2,0.6691843717269464
PDLIM1,0.6691843717155145
PDLIM5,0.6691843716770383
PRICKLE4,0.6691843716362186
PDLIM7,0.6691843716352356
TEFM,0.6671018336040607
NT5DC3,0.6670198097224513
NT5C2,0.6670198096647528
NT5DC4,0.6670198096606569
NT5DC2,0.6670198096376672
PSMD3,0.6667778346319516
TLK2,0.6667244534954229
TLK1,0.6667244534280111
CRIPT,0.6658332476987723
TTC14,0.6645113701187156
DACH1,0.6644749910982553
DACH2,0.6644749910902001
GATA4,0.6637647307587125
TAF10,0.66185608518601
DONSON,0.6616861681597016
SLC4A7,0.6607658462430155
SLC4A9,0.6607658462366149
SLC4A3,0.6607658462344294
SLC4A8,0.6607658462277322
SLC4A1,0.6607658462246967
SLC4A2,0.6607658462068616
SLC4A5,0.660765846196266
SLC4A4,0.6607658461797095
SLC4A10,0.6607658461746986
CIAPIN1,0.6603842570666161
BCKDHA,0.6597837698266026
TXNDC9,0.6590951897813084
PTK7,0.6580052932922333
PIGN,0.6579897841105277
NIPSNAP2,0.657885885687844
NIPSNAP1,0.6578858856476191
NIPSNAP3A,0.6578858856331219
NIPSNAP3B,0.6578858856313163
NOC2L,0.6574882460579394
ECPAS,0.6572320800928219
CCNQ,0.6558853314212059
CPM,0.6537452245849074
ANLN,0.6528860805486078
HGS,0.6503317683299109
WNK4,0.6483442696994429
WNK3,0.6483442696605825
DSTYK,0.64834426962247
NRBP2,0.6483442696157156
NRBP1,0.6483442696137467
WNK1,0.6483442696063959
CHMP3,0.6480528702274833
HYPK,0.6452530096166754
ANKLE2,0.6436291637904483
RNF5,0.6427142361790621
RNF185,0.6427142360946186
NUB1,0.6426354739465717
GSK3A,0.6409272084867192
GSK3B,0.6409272084583241
FDPS,0.6401289616445969
ERP29,0.6393641150654492
KIN,0.638876944314932
PSMB3,0.6381272526040013
LAMTOR5,0.6378242687677866
RPS20,0.6376134791740302
ETV4,0.6361789963283658
AURKA,0.6356328985809131
MRPS24,0.6354786990139031
TMEM60,0.6349161242745143
TSR2,0.6344383083416726
DOCK8,0.6343327151372566
DOCK5,0.6343327150935834
DOCK4,0.6343327150912952
SPIRE2,0.6342919614821706
SPIRE1,0.634291961450628
PHTF2,0.6333792038783189
PHTF1,0.6333792038744412
KANSL3,0.6328039732386833
GRB10,0.6313908495103293
APBB1IP,0.6313908495025479
GRB14,0.6313908494859585
GRB7,0.6313908494743242
RAPH1,0.6313908494446365
C17orf49,0.6312199078414678
PDAP1,0.6307114167947523
MARF1,0.629692426139173
MEIOB,0.6291230558897648
FIGLA,0.6283874361591196
EFHD2,0.6283786909205562
EFHD1,0.6283786909155565
STK11IP,0.6275776002368572
RPS8,0.6260822595629489
HSD17B8,0.6250305626231704
PKD1L2,0.6243826335092242
PKD1,0.6243826335080683
PKD1L1,0.6243826334813396
PKD1L3,0.6243826334580708
PKDREJ,0.624382633427349
PKD2L2,0.6243826334226574
PKD2,0.6243826334167619
RPS3A,0.6230587405732101
ZMAT3,0.6228045241565339
ZNF385C,0.622804524156127
ZNF385D,0.6228045241122061
ZNF346,0.622804524098005
ZNF385B,0.6228045240930804
ZNF385A,0.6228045240910114
ZMAT1,0.6228045240812231
ZMAT4,0.6228045240796098
KRCC1,0.6228045240782716
ARK2C,0.6227288294457338
ARK2N,0.6227288294084239
RNF111,0.6227288293988779
ESD,0.6213356754743168
DNA2,0.6205413963918751
CT55,0.620541396391604
SETX,0.6205413963871296
MOV10L1,0.6205413963457472
PGAM1,0.6205116512369462
PGAM4,0.620511651232662
PGAM2,0.620511651185231
TTR,0.620469574421553
URAD,0.6204695743408837
WASF2,0.6203714400644502
WASF1,0.6203714400090722
WASF3,0.6203714400027308
TMEM131L,0.6202538381205458
TMEM131,0.6202538380795298
RUNX3,0.6185491965455794
RUNX2,0.6185491965146568
GOLGA1,0.6184021104648905
GNL1,0.6183839433881143
MIPEP,0.6182800949164591
CEP97,0.6175709485866714
RRP12,0.6173403429442762
ATP5MG,0.6172594413373559
ATP5MGL,0.6172594413255724
NWD2,0.6172296452705346
AAMP,0.6172296452115522
COL4A4,0.6171596012262055
COL4A6,0.6171596012187662
TAF6,0.6160832755690855
TMEM64,0.6158123275042494
AGXT,0.6156935371970644
SENP3,0.6154464130220411
SENP5,0.615446413006734
SENP2,0.6154464129857685
PPP1R36,0.6151142167442587
ACTR5,0.6149847515240376
TDO2,0.6135008682734647
COASY,0.6109702016908046
AQR,0.6101496471363443
VNN2,0.6092808105005554
VNN1,0.609280810462314
BTD,0.6092808104509339
PHF14,0.6063233772388513
LCA5L,0.6061755103348984
LCA5,0.6061755102624345
PAPOLB,0.6060458527767276
PAPOLA,0.6060458527528072
SELENOH,0.6040453316783818
HEATR6,0.6039610692037505
CCDC65,0.6037260786788302
MAD2L1,0.6034381221974209
POLE,0.6032862669491593
PIGO,0.6017231102622997
STK11,0.6015264279128693
NME7,0.6003241189753137
DCTN2,0.5984742572415773
GTF3C1,0.5958092796023746
USP47,0.5935108103902075
STRAP,0.5928003723841376
TAF11L10,0.5926648782915005
TAF11L4,0.5926648782815215
TAF11L14,0.5926648782782471
LINC02218,0.5926648782588255
TAF11L5,0.5926648782574698
TAF11L8,0.5926648782550642
TAF11,0.5926648782415588
TAF11L12,0.5926648782411262
TAF11L9,0.5926648782344938
TAF11L3,0.5926648782297002
TAF11L11,0.5926648782203411
TAF11L2,0.5926648782190634
TAF11L13,0.5926648782092263
TAF11L6,0.5926648782053955
TAF11L7,0.5926648782042216
RPRD2,0.5916616762645303
DHX9,0.5915540064117065
ZNF800,0.5912307869779275
UBOX5,0.5908450050187154
HIRA,0.5906015218321986
BLOC1S1,0.5905528234676705
GFER,0.5874137377344026
ATG4C,0.5869786245153645
ATG4D,0.5869786245017811
ZNF511,0.5851520359220156
AGXT2,0.584986763025577
CTRB1,0.584836345921371
CTRB2,0.5848363458899467
CTRC,0.5848363458865383
ABCF1,0.5840393085637964
UPF1,0.581695775498308
H3Y2,0.5811132787984887
H3-5,0.5811132787969965
H3Y1,0.5811132787669564
SAPCD1,0.5810643750663801
SPEN,0.5804733167448772
ADK,0.5792316386445066
RBM48,0.5785864282972031
TMBIM4,0.5777583208529781
USB1,0.5770687891759975
DNAH1,0.5759390152920044
ANP32D,0.574314445486417
ANP32B,0.5743144454669749
ANP32E,0.5743144454393085
ANP32A,0.5743144454202668
MAPK14,0.5739221213527238
GPD2,0.5736234168971527
PPM1L,0.5716082531065741
TSG101,0.5715016847129842
UEVLD,0.5715016846878614
NPRL2,0.5702262248954707
DDX52,0.5700442656989927
NSUN2,0.5690952618518683
ARIH2,0.5664768322851027
MICU1,0.5663977055939479
ATP5F1D,0.5660445496739982
DNAAF6,0.5654259202552004
CHSY3,0.5639815560633216
CHSY1,0.5639815560547624
ENOX1,0.5622130748051614
ENOX2,0.562213074767668
SAP30BP,0.5619136531537497
NR2C2AP,0.5618032414692516
CLINT1,0.5602265038417749
TMEM223,0.5587713392360901
LRRC30,0.5587648434594538
PHGDH,0.5584099412894998
NUDT14,0.5572899233980904
CDC16,0.5561547688887158
GTF2E2,0.555547227756542
UTP14C,0.5531082584604727
UTP14A,0.5531082584153385
CNDP2,0.5530013179288897
TAF5,0.5496729214563492
TXN2,0.5494336230000952
IST1,0.5480421412413754
MCM8,0.5478976528472193
NMT2,0.5447466584019637
NMT1,0.5447466583641242
SMS,0.5445559924586666
VHL,0.5414418783563693
VHLL,0.5414418783390301
SSBP1,0.5401965784222659
FAM177A1,0.5400982591632271
FAM177B,0.5400982591298474
ESYT3,0.5393517409826741
ESYT1,0.5393517409793857
ESYT2,0.5393517408935983
ATP6AP1,0.5389588596697502
EIF6,0.5388176371360917
COX5A,0.5374403216706312
MAD2L2,0.5373562851619644
INO80C,0.537047871279819
SPMAP2,0.5364999326618168
SPMAP2L,0.5364999326577998
PTCD3,0.5352920766472223
PPFIA1,0.5349120970043475
PPFIA3,0.5349120969681118
PPFIA4,0.5349120969500487
PPFIA2,0.5349120969452686
SMG8,0.5343346503869713
GOLGA3,0.5334147626523351
CEP164,0.5334147626108582
GCC2,0.5334147625860888
NUMA1,0.5334147625682284
SCML2,0.5332431543338558
SAMD11,0.5332431543313769
SFMBT2,0.5332431543284119
SAMD7,0.5332431543264536
SCML4,0.5332431543160607
SCMH1,0.5332431543153969
L3MBTL1,0.5332431543035847
SFMBT1,0.5332431542989993
L3MBTL4,0.5332431542954648
PHC1,0.5332431542801763
THG1L,0.5329115715561469
PSMC2,0.5328983117469129
WDPCP,0.5323307694968492
FMR1,0.5316967306177348
FXR1,0.5316967305555464
FXR2,0.5316967305413551
TMEM167A,0.5316348482194082
TTC13,0.5314281568820023
CTAGE1,0.5311579225842208
MIA3,0.5311579225801065
CTAGE8,0.5311579225797936
MIA2,0.5311579225792905
CTAGE4,0.5311579225510396
CTAGE15,0.5311579225381814
OTOR,0.5311579225356124
MIA,0.5311579225257256
CTAGE9,0.5311579225216736
CTAGE6,0.531157922515288
SPZ1,0.5311579224892466
AAR2,0.5306026092041389
KIFBP,0.5290681853061359
REXO4,0.5281700674714952
RANGAP1,0.5278938906943939
CDC20B,0.5275939598174805
CDC20,0.5275939597797814
UNC50,0.5262873836472826
ZCCHC4,0.5260943184991084
KRR1,0.5260787636597035
RAPGEF1,0.5256678671158876
MAEL,0.5255791767216044
ARMC2,0.5247330420237902
NUDT9,0.5231888502979984
LOXL2,0.5222554249753665
COMMD10,0.5219035241332205
PDHB,0.5207646257461883
UTS2R,0.5196117689410585
KISS1R,0.5196117689242276
HDDC2,0.5186053715364363
RIBC2,0.5183787716115077
RIBC1,0.5183787716000572
ABHD16B,0.5181247840916039
ABHD16A,0.5181247840570256
NDC1,0.517118470102972
PPP1R11,0.5160931999454781
TMEM165,0.5157311340004528
VPS45,0.5155243768297266
GSKIP,0.5149771974017893
MRPS17,0.5145590831885246
ABHD1,0.5144200973211036
ABHD3,0.5144200973067486
ARHGAP19,0.5122827276845068
ADORA1,0.5120032593672562
ADORA2A,0.5120032593619246
ADORA2B,0.5120032593410372
ADORA3,0.5120032592976534
DLX5,0.5116040468720897
BSX,0.51160404686964
DLX2,0.5116040468683223
DLX1,0.5116040468512353
VENTX,0.5116040468253931
NANOG,0.5116040468253553
DLX3,0.5116040468028097
DLX4,0.5116040468006959
NANOGP8,0.5116040467862802
LIN9,0.5101341412304832
POLD1,0.5087846242247948
CISD1,0.5079142277243222
CISD2,0.5079142277085847
STX3,0.5077019466690685
STX4,0.5077019466489758
STX1B,0.5077019466454157
STX1A,0.5077019465866551
STX2,0.5077019465850157
MSL2,0.5076165490207537
URB1,0.5072530710000592
CYCS,0.5071431142547387
VPS37B,0.5046726850405524
VPS37C,0.5046726850237309
BRI3,0.5043538366900812
C3orf49,0.5040710217993392
TEKT3,0.5037143694043592
TEKT5,0.5037143693494668
PPP1R12B,0.5037016372639869
CCDC82,0.5028422369829793
RPH3AL,0.5026600273213828
MPV17,0.4996828565589614
LRRC49,0.4959812239189695
MYO1G,0.4951979857752809
THRB,0.4945207860793126
RARG,0.4945207860407519
NR1I3,0.49452078602020094
NR1H4,0.4945207860045924
NCK1,0.4944149355684548
GRAP2,0.4944149355676204
GRAPL,0.4944149355532699
GRAP,0.4944149355482027
SLA,0.4944149355423674
SH2D5,0.49441493551653365
NCK2,0.49441493551080595
SLA2,0.49441493550987664
RPL27,0.4936063514316045
COQ8B,0.4933514204440067
DBNDD2,0.49328743451338664
DBNDD1,0.49328743448057133
DTNBP1,0.4932874344647062
CTBS,0.4918901640078288
SLC12A8,0.4898022565292442
AARS1,0.4888403055427778
FBXW7,0.4885299308149944
TMEM186,0.4879289239794198
ELOVL6,0.4876439648736462
ELOVL3,0.4876439648526632
YEATS2,0.4858000625734791
STAMBP,0.4856479712200771
STAMBPL1,0.4856479711888234
UBA52,0.4844871860463756
MCM10,0.4841945025618596
SMARCA2,0.483679730648697
RPL28,0.482738142103974
ENC1,0.48222644263510817
KLHL25,0.4822264426345496
ATP6V0D1,0.4813360225489688
NRBF2,0.4791177720170546
CUEDC1,0.4788907505675628
TBC1D24,0.4781439742129417
DENR,0.4780942596158892
WDR81,0.476407285224624
AP1S2,0.47626892136894533
AP1S1,0.4762689213396694
AP1S3,0.47626892130202764
NPAS1,0.4747956927860249
SIM1,0.47479569274409683
SEH1L,0.4744156451643096
HID1,0.4742759666127328
KRI1,0.4712852318739366
TRMT5,0.4705155791020234
CCNK,0.470312520944565
TRAPPC3,0.46971219795031743
TRAPPC3L,0.4697121979234801
ATF7IP,0.4695946483879972
ATF7IP2,0.4695946483877342
DPP10,0.4688459316393598
DPP9,0.4688459316223399
DPP8,0.4688459316217263
DPP6,0.4688459315919267
PEX1,0.4654492661285386
NIP7,0.4637786097641279
WASHC4,0.4637720647010656
RPS21,0.4633406128403907
NR2E3,0.4601559917416324
DCAF15,0.4597902674662181
DYNLT2B,0.4558035883057329
JAGN1,0.4528966571487647
RPS23,0.4525419687392631
IMMT,0.4520475647704201
CNOT11,0.4512593381400889
GLO1,0.4477035971789918
UTP4,0.4475825168860163
SRP68,0.446940192804445
RALGAPA1,0.4465952745118025
BRMS1L,0.44630796451384575
BRMS1,0.4463079645120716
NRXN2,0.4457836226612052
TTLL1,0.4446647235701319
MRPL23,0.4445049887474296
EMC1,0.444257359727032
PIF1,0.4441727279548829
MED17,0.4429816601616278
NOL11,0.441132352089958
MRPL45,0.43952663484991
DGCR6,0.4386142479378767
DGCR6L,0.4386142479345291
GLYR1,0.4377014972961221
NPEPPS,0.4362840381655161
ATP5PB,0.4362429757040502
REEP5,0.4362169498981836
MTPAP,0.4360263042412517
RMND5B,0.4348923283081737
RMND5A,0.43489232823972146
OVCA2,0.4337333994413768
IKBKE,0.431666954689837
TBK1,0.4316669546886366
GIGYF1,0.43110381656853863
GIGYF2,0.4311038165580502
FBXO9,0.4290419639338619
PLK1,0.4286131344834853
RIDA,0.428489114295485
STK36,0.4273444386086811
LBX1,0.42630572357779817
LBX2,0.42630572350926754
NALF1,0.4258424589999824
NALF2,0.42584245893517786
NSD3,0.4257123135117919
EZH2,0.425712313511217
EHMT2,0.42571231348665317
SETD1A,0.42571231347634986
SETD2,0.42571231345434846
SETD1B,0.4257123134454482
SUV39H2,0.4257123134297662
G3BP1,0.42422298761316507
G3BP2,0.4242229875746337
MED13L,0.42367919380798047
MED13,0.4236791938021106
EOGT,0.4234478117720955
CCDC22,0.4230749855155832
ARL6IP4,0.4226452566541082
BIRC6,0.4223816302945434
POU2AF1,0.422065447166249
TEX13C,0.4211290377122215
TEX13D,0.4211290377036579
TEX13B,0.42112903767599297
TEX13A,0.42112903767449383
PSMA2,0.4198153934382441
FKBP6,0.4190740631929156
SLC11A1,0.4182661540467371
FLII,0.4178562718034267
GCC1,0.4177878785607548
CDCA3,0.4177773853894266
SDAD1,0.4135007312043054
GRWD1,0.4124338215647476
ABRA,0.4121353700982713
PHKB,0.4115384904509978
MOS,0.4089102180956593
MBNL1,0.40585250363953757
MBNL3,0.4058525035745109
MBNL2,0.4058525035598371
GCM2,0.40526507247523486
GCM1,0.40526507243294385
TANGO6,0.4029660748930648
VMA21,0.4024563969195382
RPL21,0.4002940677702426
TBPL1,0.39863711210301
CALML4,0.3984681005179973
ATXN1L,0.3984096665771067
ATXN1,0.3984096665724839
PRPF3,0.398078830746689
PGS1,0.3977993947958514
APRT,0.3974064580099484
NDUFC2,0.3972110611843778
SHQ1,0.3963120381050813
TRAPPC5,0.3958326585115339
MAPK11,0.393168759498033
MYO15A,0.3931176675456478
RNFT2,0.3929244360109474
RNFT1,0.3929244359779481
TADA2A,0.3926359674146077
METTL16,0.3912063966833511
HNRNPM,0.39096852101372015
MYEF2,0.390968520994576
IFT140,0.3902292048110075
PSMD1,0.3901678704953189
GDPGP1,0.3883426971532041
CFAP44,0.3874275888664775
GLRX5,0.3872615172404399
RPP25,0.3860127881518354
RPP25L,0.38601278814979817
PRELID3B,0.3854142935014382
PRELID3A,0.38541429346371864
SMDT1,0.3842375435822411
CLPP,0.3840153436814558
NT5C3B,0.3837260246111938
NT5C3A,0.38372602455646465
BAD,0.3832434354435833
GTF3C3,0.3828798294781911
PSMB2,0.3824223585611326
YBX2,0.3795171461815781
SEC31B,0.37905560001117683
SEC31A,0.3790555999723246
DNAI1,0.3790089708177712
SRP72,0.3783775870316107
NFYA,0.3781124317429573
GFRA4,0.3778194512887923
GFRA1,0.37781945127667504
GFRA3,0.3778194512595338
GFRA2,0.37781945125471883
GFRAL,0.3778194512316779
OTOF,0.37736532869659206
MYOF,0.37736532869278105
FER1L6,0.3773653286672935
FER1L5,0.3773653286263294
DYSF,0.37736532861351574
WDR7,0.3752387304645534
UTP6,0.3739909674385029
PRPF39,0.3723603729353049
PIGF,0.3716848110653606
SLC25A32,0.3712967753663974
AASDHPPT,0.3710629555163121
WDR55,0.3703583515160403
IK,0.3703583514927717
KAT14,0.3684319584110573
VPS39,0.3681970021198059
MTFMT,0.3677049413169728
SEPSECS,0.3662846343971828
STX18,0.3651241469393509
TMEM30A,0.3643052439395151
TMEM30B,0.36430524388680535
CDK13,0.3642364863334912
DGCR8,0.3641447038536383
CACHD1,0.3637824301330192
TRAPPC6B,0.3618053058540296
TRAPPC6A,0.3618053058493879
RIT2,0.3613597321310907
PPIAL4D,0.3610802777897763
PPIAL4F,0.36108027778760876
PPIAL4C,0.36108027777741253
PPIAL4E,0.3610802777691863
PPIAL4A,0.3610802777605233
PPIG,0.3610802777597729
PPIAL4G,0.3610802777494948
PPIA,0.3610802777205748
PPIAL4H,0.36108027771351053
TRIP4,0.3605510695651235
CAMSAP1,0.3592464521708893
CAMSAP3,0.35924645214580686
CAMSAP2,0.35924645210125433
PIWIL2,0.3588725151134219
STK38L,0.3587028024161297
STK38,0.3587028023323345
DLK1,0.35793217290840523
PEAR1,0.357932172897921
PDCD2,0.3578498745927059
FANCM,0.3559123475407206
USP7,0.3543991256852438
CUX1,0.35279167445208826
CUX2,0.3527916744392146
NXF2B,0.3521983592792336
NXF3,0.35219835926893484
NXF1,0.35219835926832
NXF2,0.35219835924602383
MYG1,0.3515861497784808
DPY19L3,0.35140825891910243
DPY19L4,0.3514082588314969
TMX2,0.3513773357096306
GRM1,0.3511743862181144
GRM5,0.35117438619532326
OGG1,0.3464390863552163
SLC25A12,0.3464041174213511
RPL31,0.3452554140956599
CAAP1,0.3446805331785214
NAB1,0.34402292945273527
NAB2,0.34402292940751866
DHX15,0.3435526137502361
WDR59,0.3429986193199236
CPSF7,0.3424214891981917
CPSF6,0.34242148915107423
SBSPON,0.3423033028020262
UBTD2,0.3421376244588701
UBTD1,0.34213762443682433
AGO2,0.3385527603806493
ORAI3,0.3382801128607838
ORAI2,0.3382801127941765
ORAI1,0.3382801127705627
RABAC1,0.3371552211253223
PFAS,0.3354273544704137
ANO8,0.3352532084837633
UBR4,0.3339848972774129
RNF41,0.3337739955223586
RAD54L2,0.3327717926888592
NEK9,0.3312261166846037
RNF151,0.3307079211925571
LLGL1,0.32978921861008276
LLGL2,0.3297892186041612
PDSS1,0.3291420293854621
TSC2,0.3276449812410775
SEPTIN10,0.3264605255541007
MLST8,0.3252934060352882
CSNK1D,0.32520982029050716
CSNK1E,0.3252098202192599
NSUN7,0.3242606994915265
NAIF1,0.3242205383663694
LSM1,0.3241792181533031
MRPL52,0.3240107358535038
MYO18A,0.3238916581568765
DPCD,0.3238716056836799
FAM136A,0.3226803068764599
MSH6,0.3216853950589865
PMPCA,0.3202881392110462
TRMT10C,0.3202080777369802
NHLRC2,0.3200007130377495
TGM1,0.318390229860547
F13A1,0.31839022979442716
CETN1,0.3181542143273348
VPS4B,0.3181480849759003
JUN,0.31695032808641616
JUND,0.31695032807078366
JUNB,0.3169503280639147
ITGB8,0.316112992050649
ITGBL1,0.3161129920225818
ITGB4,0.31611299200027276
ITGB2,0.31611299199173426
RPRD1A,0.31553884432093743
RPRD1B,0.3155388442496409
PPM1D,0.3150234464149133
TM2D3,0.3148078388250319
PI4KA,0.3133053282252661
CDK9,0.3122240329020679
KIFAP3,0.3109535282031794
ARHGEF28,0.31051588726051677
ARHGEF11,0.31051588725504387
ARHGEF18,0.3105158872469172
ARHGEF3,0.31051588724276225
NET1,0.3105158871760818
ARHGEF12,0.310515887172471
RAB27A,0.3093703799339194
SOX21,0.309288572516833
STK24,0.30843951336146874
STK25,0.30843951331225244
ZSWIM8,0.3072512183249377
XPO6,0.3066033250296642
RBM26,0.3065261750179859
RBM27,0.306526174950829
SARS1,0.3050250016255559
JMJD4,0.3047045931643075
HS3ST6,0.3037051828381102
DNAJC17,0.3036496402680774
UQCRFS1,0.3034904436246355
WDR33,0.3033298096847321
PSMD4,0.3013180628444354
DHX34,0.29895190406094
WNT16,0.2984972175984043
BRD8,0.2984560784142787
CCDC124,0.2984490058105494
ALG8,0.298048566274464
AMT,0.2966442368244124
CCDC191,0.2966436493918183
SFI1,0.2966436493449785
STX5,0.2958822945646263
CISD3,0.2952231681436074
CDK7,0.2948437765997206
SLC25A46,0.2946217879209994
LETMD1,0.2943729707423096
EIF2S2,0.2934910953085968
CCDC137,0.2922810310997354
TMEM102,0.29184888584716584
MB21D2,0.29184888582858093
UTP3,0.2917009751100088
PHF2,0.2916101247419864
PGR,0.2914309092148488
ESRRB,0.2914309092142568
AR,0.2914309092031204
NR3C2,0.29143090919864445
ESR2,0.29143090919713716
ESRRG,0.29143090917385356
NR3C1,0.2914309091530337
ESRRA,0.291430909147717
ESR1,0.291430909147267
AHR,0.2906351302777075
FOXD2,0.2888830034936218
RER1,0.2888476913825263
TRPV6,0.2884986692128207
TRPV3,0.2884986691936376
TRPV1,0.2884986691866997
TRPV5,0.2884986691660537
TRPV2,0.2884986691591263
TRPV4,0.288498669139409
PSMD8,0.2880557367960532
IQCG,0.2853934110335264
CNGA2,0.2851450360237302
CCDC66,0.2846612642859946
RSPH1,0.2830941637175427
ARL6,0.2826607810001251
CDK19,0.2823919119093064
TAF5L,0.2765498428419531
GBE1,0.2754120843260329
PRDM1,0.2731811043534464
RPS16,0.2730256550920052
SAE1,0.269797448516645
GNPDA1,0.26748374761284505
GNPDA2,0.26748374759641597
TAF1B,0.2660239562011963
MGAT2,0.2656821907637556
NAA50,0.263230730239066
GFM2,0.2617642915174349
METTL26,0.2616450190431809
MED11,0.2605887586093366
LSG1,0.2588425074421266
ONECUT1,0.2587225389579114
ONECUT2,0.2587225389496715
ONECUT3,0.25872253887749985
ALG14,0.2580761723854314
ASPM,0.2578781706162856
RPS2,0.2557711845611342
VPS52,0.2556755011179224
EXTL1,0.2549827690351671
FLOT1,0.2549194284109217
MRPL16,0.2542023963368419
TREX1,0.2537318742270295
TREX2,0.2537318741737155
PLBD2,0.2532733367204042
PLBD1,0.25327333667507856
CFAP126,0.2527938691433005
EXTL3,0.2524735038862033
SNF8,0.2514421144745132
ARL1,0.2510150976731283
PRSS51,0.24910442664922347
KLKB1,0.24910442664675717
HPR,0.24910442664263316
PRSS55,0.24910442664036722
HP,0.24910442663257845
C1RL,0.24910442659915666
KLK10,0.24910442658872903
C1R,0.24910442657934284
CFI,0.24910442656641124
SLC9A8,0.2488086868382562
STRN4,0.24769329606696533
STRN3,0.24769329604502316
STRN,0.24769329599543136
TPPP2,0.24726673328026322
TPPP,0.24726673327331525
TPPP3,0.24726673319050782
GCN1,0.2472217497276982
DYNC2LI1,0.245927593355611
CDC5L,0.2432305258161618
VPS26C,0.2416900227662174
GALK2,0.2404549109973622
SLC51A,0.2401830204033175
PANK4,0.2396711957292114
GPAA1,0.2383129025263752
EXOSC2,0.2350760454791626
DOCK11,0.2342561487237663
DOCK3,0.23425614871196487
DOCK7,0.23425614870106745
DOCK10,0.23425614869600248
DOCK9,0.23425614866693006
GAS8,0.2342170392625002
DHX8,0.2332581890440594
SP1,0.232638271138998
CFAP36,0.2321660433013206
DIS3,0.2316700696904835
DHODH,0.231515592144919
SLC35C1,0.2310318750579846
WDR82,0.2308374430608501
HACD3,0.23066606438370854
HACD4,0.23066606431080125
ATG7,0.230358414290137
PRPF18,0.2301455340921543
PCNX3,0.22968727516599033
PCNX2,0.22968727515255133
PCNX1,0.22968727509746098
MBD2,0.22854879957966934
MBD3L1,0.22854879956200666
MBD3,0.22854879954242047
MBD3L3,0.22854879953483356
MBD3L4,0.2285487995345791
MBD3L5,0.22854879952755902
MBD3L2,0.22854879952158827
MBD1,0.2285487994855083
MBD3L2B,0.22854879948509982
ATPSCKMT,0.22717900228748497
ANTKMT,0.22717900228526233
MTRF1,0.22675561127710864
MTRF1L,0.22675561123548074
DPH7,0.225772772584557
CHMP2A,0.2248720340563806
RNF157,0.2241357843699201
MGRN1,0.22413578436602333
ADCY9,0.2239183117687142
EIF4G2,0.2238164050016142
DHX35,0.2222496359627098
UPF2,0.2215852645441046
ASCL4,0.22068682172124787
ASCL2,0.22068682171011428
ASCL1,0.2206868216618866
ASCL3,0.2206868216581859
ASCL5,0.22068682165712564
TRMT1,0.2202236706973966
UMPS,0.219339174567382
LMLN,0.2189303666306575
POLR2H,0.2186294009026761
UVRAG,0.2176112973081158
PLEKHH1,0.2141056390410869
PLEKHH2,0.2141056389708303
PLRG1,0.2134036731102982
NXT2,0.21305186588177427
NXT1,0.21305186584622443
KIF2C,0.2128913843347717
KIF24,0.21289138433214572
POLR1H,0.2126480012062111
CNPPD1,0.2109083190756465
BORA,0.2107745476671168
SNRPD1,0.2099564375450354
ACTMAP,0.209393269368201
DEAF1,0.2092349273293597
OSBPL5,0.2090653688602488
CIDEB,0.20869984979604844
CIDEC,0.20869984973402605
CIDEA,0.20869984973178765
NDUFA1,0.2082156558937313
GTF2F1,0.2077152059594673
WASHC2C,0.20669605009569275
WASHC2A,0.2066960500704451
RCSD1,0.20669605002565755
RIMBP3,0.20643026462305275
RIMBP3B,0.20643026462121966
RIMBP3C,0.20643026460016328
TSPOAP1,0.20643026459605218
RIMBP2,0.20643026455348565
YAP1,0.20422368523490717
WWTR1,0.20422368521807938
LMAN1,0.20407260135260002
LMAN2,0.20407260135045827
LMAN2L,0.2040726013449955
METTL23,0.2040291284250269
APEX1,0.2036100576338521
STX12,0.20300177066439531
STX7,0.20300177061255206
RAE1,0.2029638234470686
PITHD1,0.2021201498674077
CDC27,0.201333497216323
HSPBAP1,0.1997711002962563
EEFSEC,0.199123385848323
LIG1,0.1987908431573087
SEPTIN7,0.1978907027701796
MTX3,0.19774827907075124
MTX1,0.19774827902700096
NEURL4,0.1974889638417078
ZC3H3,0.1974729261807613
TRMU,0.1968132643561637
NALCN,0.1963376562560739
APBA1,0.19627540911554567
APBA3,0.1962754091122248
SDCBP,0.19627540908418528
SDCBP2,0.19627540907973537
APBA2,0.19627540907852675
SRXN1,0.1959286914826737
AK6,0.1956026772649707
LRRC58,0.1953678364547587
STMN2,0.19479015514332368
STMN1,0.19479015510670422
STMN3,0.1947901550663297
STMND1,0.19479015506179337
STMN4,0.19479015506112168
BRAT1,0.194343565836009
TAB1,0.1942750826149316
RSPH3,0.1914128898164166
YJU2,0.1907400576888224
BRD3,0.19049575488283255
BRD2,0.19049575485830786
ZNF318,0.1890508822827215
MAPK1,0.1889253355126936
CENPE,0.1882885466774221
UBC,0.1874338364342985
DDX49,0.187081659142688
REEP6,0.18611878510174829
REEP2,0.18611878507832727
REEP4,0.18611878507422494
REEP3,0.18611878504547372
REEP1,0.18611878503530035
PI4K2B,0.18606841015965325
PI4K2A,0.18606841007697084
MAPK15,0.1855701840629313
ATP5MF,0.185377018241714
MED24,0.1850450320070476
ESPL1,0.1840432383670169
MRPL22,0.1839558869882308
RPL30,0.1838013380808826
POLR1E,0.1829472786775346
DIXDC1,0.1827252464477697
PHEX,0.1817804879545843
ADAM17,0.1813509712625134
CYC1,0.1812739429516718
TTF2,0.180779625986411
TMEM68,0.1805374133288598
DNAH6,0.179003721710702
MICU2,0.1778228271446015
MICU3,0.17782282712353634
DAZAP2,0.1763832959951514
ESPNL,0.17506701824908333
ESPN,0.17506701824887833
EIF2B4,0.1731216219483597
PNPO,0.1723369715190871
PASK,0.1721607208346788
PPIH,0.1718692685647997
TMEM231,0.170418429504797
AIMP1,0.1702577697071059
AMN,0.1702328794935369
PNRC1,0.1699251536029839
PNRC2,0.16992515354065038
SLC7A14,0.1697521344413047
SHC4,0.169750513445351
SEC13,0.1696906296289385
TRAPPC8,0.1685693194514644
LRRFIP2,0.16740492619663472
LRRFIP1,0.1674049261836932
SMARCD3,0.16734943545644504
SMARCD2,0.16734943540619832
ZDHHC12,0.1672784088859433
SLC30A7,0.1648973781817371
ERGIC2,0.1637635391239435
DNAJB4,0.1626331460039692
ATIC,0.1616573694662824
TTC1,0.1609756345392752
MRPS22,0.1602956750588655
ANAPC2,0.1596293066254097
AFDN,0.1594751640155197
CDC37L1,0.15873264743307142
CDC37,0.1587326473779686
TRRAP,0.1585695072929737
RRM2B,0.15769085074632957
RRM2,0.1576908506837072
TK2,0.1564538754131408
GPHN,0.1562563400388044
AFG2B,0.1532579257922147
C8orf82,0.1519910019083352
SLC17A9,0.1510154213759641
PLD5,0.1509684922587105
PLD3,0.15096849224951694
PLD4,0.15096849220883196
FAM86B1,0.15084116813768716
FAM86B2,0.15084116810016418
EEF2KMT,0.1508411680861948
TMTC3,0.150458858075244
OSBPL9,0.1502766660298322
HERC2,0.1492263007739428
HDC,0.1478680227397178
SPOCK1,0.14736639303400856
SPOCK2,0.1473663930268596
KIAA1210,0.14736639298632911
SPOCK3,0.14736639296640502
ABHD17A,0.1472661083467568
TBX18,0.1461194907187444
MRPL39,0.1444788493531725
DCTN1,0.1427554827972125
NDE1,0.14211221874691282
NDEL1,0.14211221872978724
LIG4,0.1415618322292698
CCDC93,0.1402503934870085
SPATA18,0.1399903141603756
IPO11,0.1398850650052518
PSMA5,0.1397634350791889
PSMD2,0.1392918817378449
CDR2,0.13885955110953604
CDR2L,0.13885955107713846
CYP27B1,0.13863454264554745
CYP27A1,0.13863454262039432
CYP27C1,0.13863454261126126
CYP24A1,0.13863454260446312
NAA38,0.1386231911874577
EIF5A,0.1380970487433029
EIF5A2,0.1380970487315278
EIF5AL1,0.13809704867791425
GMCL2,0.13788338130426092
BTBD16,0.13788338129796623
GMCL1,0.1378833812729493
C10orf120,0.13788338126046196
FOXA2,0.1378252583634366
EXO1,0.1345337734099646
URM1,0.1344434957056405
UBE2J2,0.13356965796737
C15orf61,0.1304220778388056
BLTP1,0.1304061023085523
TMEM200C,0.129040701081664
TINAG,0.12838122500000199
CTSW,0.12838122490397735
RPL27A,0.1260238952604964
EXOSC6,0.1242292204570344
PRDM13,0.1214970599769872
DOCK2,0.1209957519779125
NCOA5,0.1209513847979542
AVPR1B,0.12013049339267069
OXTR,0.12013049336261857
AVPR1A,0.12013049333158508
AVPR2,0.120130493313453
IGBP1,0.12002827357534994
IGBP1C,0.12002827357267758
PIP4K2A,0.1195976376176367
TUBGCP5,0.1179708900661943
EIF2AK4,0.1166430700734656
PAK1IP1,0.116304946210011
SOCS4,0.11616926555343352
SOCS3,0.11616926555294353
CISH,0.11616926554608747
SOCS2,0.11616926553976815
SOCS5,0.11616926549733149
SOCS1,0.11616926548890685
SOCS6,0.1161692654844878
MRPS18B,0.1154074885613298
CFAP157,0.1146644253518466
SRSF2,0.11461302244345006
SRSF8,0.1146130223975258
DNALI1,0.1137824867198614
SGSM3,0.1133716822023614
SCP2D1,0.11288818292234187
SCP2,0.11288818290784094
YOD1,0.1114575373382729
C2CD3,0.1095695553008261
GBX2,0.10882055558372879
GBX1,0.10882055553804801
CTNNAL1,0.1083094443207473
FBXL16,0.1080332245714046
DNTTIP2,0.10771359801024
UBB,0.1077098283129408
MAGEF1,0.10694920042609936
MAGEB10,0.10694920041898372
MAGEC2,0.10694920041809583
MAGEB4,0.10694920041442908
MAGEA3,0.10694920041070931
MAGEB3,0.10694920040508665
MAGEC3,0.10694920040401702
MAGEA2,0.10694920040370659
MAGEB16,0.10694920039959015
MAGEA12,0.10694920039741838
NDN,0.10694920039696372
MAGEA2B,0.10694920039583972
MAGEA4,0.10694920039416106
TRO,0.10694920039287445
MAGEA8,0.10694920039230464
MAGEB5,0.10694920039103062
MAGEB18,0.10694920039091249
MAGEB6,0.10694920039082126
MAGEA11,0.10694920039020413
MAGEA10,0.10694920038998282
MAGEA6,0.10694920038543576
MAGEB1,0.10694920038442497
MAGED1,0.10694920038366036
MAGEH1,0.10694920038220034
MAGEC1,0.10694920037630999
MAGEA1,0.10694920037211264
MAGEE2,0.10694920036902335
MAGED2,0.10694920036850823
MAGEB6B,0.10694920036554413
MAGEA9B,0.10694920035900064
MAGEL2,0.10694920035516901
MAGEB2,0.1069492003538588
MAGEE1,0.10694920035098751
MAGED4B,0.10694920034598573
MAGEA9,0.10694920034180433
MAGEB17,0.1069492003407258
MAGED4,0.10694920033672296
LDAH,0.1061762223901238
WNK2,0.1056672562706338
CLCN6,0.10488545726843324
CLCN2,0.10488545725907045
CLCN3,0.1048854572314906
CLCN4,0.10488545722026374
CLCN5,0.10488545718887479
CLCN1,0.10488545718071458
TBC1D23,0.1046595507532569
OAF,0.1041280509442353
PSMD14,0.1036665989610238
BBS9,0.103559381004232
HEATR3,0.1028461778218766
RSPH4A,0.10212328831061065
RSPH6A,0.102123288298532
ARHGAP6,0.10099531791160947
ARHGAP36,0.10099531785883371
NAA35,0.1000924976528087
TP73,0.09885831050690982
TP53,0.09885831046027177
TP63,0.09885831045345454
GIPC2,0.09762827623111453
GIPC1,0.09762827623030418
GIPC3,0.09762827622917393
TRIP10,0.09710744493030107
FNBP1,0.09710744492291905
FNBP1L,0.09710744490673281
UTP23,0.0959683204809105
SPATA2,0.09527753925800148
SPATA2L,0.09527753922732865
UPRT,0.0951933424979391
UBR5,0.0941752585746427
JADE3,0.0932527346256651
CASP8AP2,0.0928924603007437
PRADC1,0.0925110604541425
MYBPC2,0.09223474336798336
MYOM3,0.09223474336648833
MYBPC1,0.09223474335686276
MYBPH,0.092234743356774
MYOM2,0.09223474333356928
OBSL1,0.09223474331646805
FNDC3B,0.0922347432890556
MYOM1,0.09223474328632805
MYBPHL,0.09223474328587551
FNDC3A,0.09223474328473122
SPECC1L,0.09204007658299687
SPECC1,0.09204007652388214
RPS11,0.0918273138371821
SNU13,0.0903424546481112
RPLP2,0.0881448801296442
SLC35B2,0.0871926945108366
DXO,0.0864687373739069
PUS7,0.0852683943161254
COG3,0.0849268610149828
STT3A,0.084213027596646
DAZ2,0.08347503587659062
DAZ3,0.08347503587638291
DAZ1,0.08347503587462306
DAZ4,0.08347503584818466
DAZL,0.08347503584576912
BOLL,0.08347503583735005
PAN2,0.0828758896592059
HEATR5A,0.08239828201378699
HEATR5B,0.08239828197570281
BBS1,0.0821703121548087
SH3BP5,0.0818078199605386
ALG2,0.0814556648252878
PLCXD1,0.08125001327820029
PLCXD2,0.0812500132162768
PLCXD3,0.08125001319776777
RPS17,0.0807406400462132
GRM2,0.08061333386780621
GRM3,0.08061333380695446
LINS1,0.0800840801195936
PDXDC1,0.0796318675390109
YTHDF2,0.0794731411881417
YTHDF1,0.07947314111516664
YTHDF3,0.07947314110651195
SMG6,0.0789173661962108
CTH,0.0781558185380524
SLC25A26,0.0777891961805976
SEC16B,0.07729651312434406
SEC16A,0.07729651312192232
RIOK1,0.0769700083236386
ELP2,0.0710943883257999
COX6A1,0.07100778809299856
COX6A2,0.07100778802629991
HIGD1A,0.07079473240649764
HIGD1B,0.07079473236058915
WDFY3,0.0705060846745656
IQUB,0.0696446925294169
SIRT1,0.0678592898398603
STK16,0.0671667972015123
PPT2,0.0662611402027057
SMC2,0.062741933175016
TMEM39B,0.061878843965507316
TMEM39A,0.06187884395891609
CWC15,0.0617750680630478
PTBP2,0.06130766378225256
PTBP1,0.061307663768944205
PTBP3,0.061307663754718425
SUPV3L1,0.0607663774265327
TEKT2,0.0602254161140505
PUS3,0.0602091117065122
EP300,0.059193214497198755
CREBBP,0.05919321446422511
TCF25,0.0587034150411081
GPANK1,0.0578843185654623
CAMK1D,0.0572734113827441
HARS2,0.05706931035735149
HARS1,0.05706931033470821
PIGC,0.0565320178844362
MTHFD2,0.0561448456099387
GPATCH1,0.0553291681893275
SLC39A9,0.0551297748341494
CIR1,0.0545834852924124
MSANTD7,0.05442673976642462
UTF1,0.05442673976447958
NUBPL,0.0535495340217903
EXOSC4,0.0531542125296521
ZFAND2B,0.051503241511609246
ZFAND2A,0.05150324150769131
POLA2,0.0508599500197705
CDT1,0.0505648489386237
IMMP1L,0.0485475275035245
CIT,0.0477552536480796
RNPS1,0.0463560787197569
NDUFAF5,0.0462453024285318
TDG,0.0461753143089502
MTO1,0.044464917816585
IFT122,0.0426060796661574
FOXB2,0.0420095647574719
DDX51,0.0414891379047896
CWC25,0.041462076034284
POP4,0.038327757229539
PRPSAP2,0.0373045556586767
PRPSAP1,0.037304555650929425
RFC4,0.0372564699194048
MKS1,0.0352847365224864
FDX2,0.0332237397335368
GFM1,0.032478557696084
SETD3,0.0323295147628302
B3GNT3,0.03167274917338001
B3GALNT1,0.031672749172064925
B3GALT9,0.031672749162785716
B3GNT5,0.03167274916172901
B3GNT9,0.03167274915925737
B3GNT2,0.03167274915126809
B3GALT5,0.03167274913872
B3GNT8,0.03167274911534278
B3GALT1,0.031672749108445114
B3GNT7,0.03167274910757105
B3GNT4,0.0316727491037882
B3GALT2,0.03167274910075927
B3GALNT2,0.03167274909228203
DDX1,0.0312434078863696
VPS13A,0.026160122336759767
VPS13C,0.026160122307403093
ARV1,0.0246032241734291
RPS19,0.0239891317327164
ZNF423,0.023986067074068407
ZNF445,0.02398606707043278
ZBTB39,0.023986067047435868
ZNF786,0.02398606704093341
ZNF211,0.023986067038203617
ZNF521,0.02398606703105092
ZNF597,0.023986067021003723
ZNF462,0.02398606700435651
CEP78,0.022731778647306
RAB3GAP2,0.0209491136143472
SLC25A29,0.0203863272459104
DARS1,0.0194958787575483
UFSP2,0.0158361134517909
CAPN9,0.0146098971139884
NDUFB5,0.0145940443207301
ZER1,0.0141998364289632
COQ4,0.0129436525884083
TRMT6,0.0128733631407089
ORC1,0.0127383528499729
JPH4,0.012673252428732441
JPH2,0.012673252397276543
JPH1,0.01267325235375685
JPH3,0.012673252337378073
BRIX1,0.0123080433497886
LRRC56,0.0116676135187558
WDR89,0.011370504317009
TRABD,0.0112328691064118
LDLRAD1,0.0110287561172202
WASHC5,0.00959849318903
MINDY3,0.0093187603893752
CFAP298,0.0085715497244893
KCTD10,0.008569744152646632
TNFAIP1,0.008569744147098596
KCTD13,0.008569744137571694
THOC7,0.0076900773520898
RRAS,0.0071643224678731
ZZZ3,0.0067765271042805
CAPZB,0.0048326787597928
CTIF,0.004460668493340999
MIF4GD,0.004460668465826615
PFDN2,0.0030966450493023
MRPS16,0.0029948939259789
TMEM185B,0.002789926798368
IFT57,0.0025512438916737
DHX38,0.0024845917903081
PPP2R5B,0.001364072639836662
PPP2R5E,0.0013640726351187363
PPP2R5A,0.001364072612289057
SNAPC1,-0.0005608112960912
PDPK1,-0.000578637112777
BPHL,-0.0016151257995977
PNPT1,-0.0020279876488458
HDAC2,-0.0022243087196441
PHF10,-0.0024491110021357
ILF2,-0.0026858334961282
HLX,-0.0029375016064498
METTL18,-0.0032280261608908
ANKMY2,-0.003709054553002
B9D1,-0.0048336193059686
SNRPD3,-0.0058816235949582
MRPL38,-0.0059153864845112
SAP130,-0.0071141152704028
RNF25,-0.0079587841782048
NUBP1,-0.0086332841713514
MRPL49,-0.0088019640656396
TIMM8B,-0.012813427819061
HELZ2,-0.0129423254675379
PHF12,-0.0146500390885755
TIMM22,-0.0161715010348343
WDR37,-0.0173049302429007
QTRT2,-0.0177593102373788
CTDNEP1,-0.0191529314753424
NIN,-0.01944889757455721
NINL,-0.019448897617673096
SAMD13,-0.0202591850177108
DBF4B,-0.02044761227651158
DBF4,-0.020447612316970874
WFS1,-0.020610038148863
YJU2B,-0.0214268697527167
CAP2,-0.022373010737608088
CAP1,-0.022373010811247703
PPP3CA,-0.0229543393272601
MRPL11,-0.0237242228314138
SPTBN1,-0.0241120796799586
DIS3L2,-0.0242601301053142
TRMO,-0.024601704488222
CTDSPL,-0.02625047504311947
CTDSP1,-0.026250475061849847
CTDSP2,-0.026250475082934686
RAVER1,-0.0271488967808913
WNT6,-0.029132105897376
CCDC12,-0.0299806540321025
CCDC13,-0.0307111766773655
PRMT3,-0.0328224208720392
GINS1,-0.0328910088676013
AKAP1,-0.0336450604200031
DAG1,-0.0339963652150804
QNG1,-0.0340403961670699
XRCC5,-0.0340750162134707
ZC3H14,-0.0352926716173012
NAXE,-0.03537065606066304
YJEFN3,-0.03537065611438379
DROSHA,-0.0358505178122186
TRAPPC9,-0.0373586314381482
LTN1,-0.0376231726163786
RRP36,-0.0382365395123552
GOLT1B,-0.038366278597151124
GOLT1A,-0.038366278667033626
SAMM50,-0.0389513447444463
BCL7B,-0.0395981895595874
BUD23,-0.0409744785310708
CWF19L2,-0.0418273735958692
RNF146,-0.0418516966957642
GATA5,-0.0418826402849105
FAM107A,-0.04361905750104234
FAM107B,-0.04361905752605363
RPS18,-0.0436351588899261
FANCL,-0.0443443077983118
KANSL2,-0.0455372905604715
C2orf42,-0.0456631541425639
NPLOC4,-0.0458890323841769
RAB21,-0.0460378643988764
MRPS14,-0.0466492548488545
VCF1,-0.0468379632626761
NCBP1,-0.0496163534469312
MRPL50,-0.0508938122973581
TAF13,-0.0526504650228112
TMEM14C,-0.0534029414210099
RPL9,-0.0534350299301089
RBMX2,-0.0562631067582566
UGDH,-0.0583080977203876
MUSK,-0.0588477261331061
PPP1R2C,-0.0594240397418912
PIWIL1,-0.059835748530367334
PIWIL4,-0.05983574853127289
PIWIL3,-0.059835748547396025
MCIDAS,-0.060556816704017226
GMNN,-0.06055681670516625
GMNC,-0.06055681672093356
FAM210A,-0.0617309468465709
STX16,-0.0621695905327313
SMAD9,-0.0627308071479323
GRIN1,-0.0631757564152466
BRD7,-0.06421116415842056
BRD9,-0.06421116418075651
YBEY,-0.0642111642114568
TMEM129,-0.0643370268801468
METAP1D,-0.0656938878152189
RFX3,-0.06610082129700601
RFX1,-0.06610082131867794
RFX2,-0.06610082132945702
ATP7B,-0.0666294284299335
MIEN1,-0.0667523884330604
OSTC,-0.0677876999711955
VPS41,-0.0678057506332201
BLOC1S2,-0.0681890654017747
OXSM,-0.0684469320337683
THUMPD1,-0.0713957224296564
HEXIM2,-0.07258470818870978
HEXIM1,-0.07258470826123978
CCT3,-0.0727155174642158
INTS14,-0.0736282309054213
POLE2,-0.0750697387618071
H3-3A,-0.07559935132322948
H3-3B,-0.0755993514006006
NOM1,-0.076147984363168
TRAPPC2L,-0.0762776786520615
AVL9,-0.0767907513970347
TMEM198,-0.0771578991685454
UTP11,-0.0779626922110215
CASS4,-0.07800086157275751
NEDD9,-0.07800086158691194
EFS,-0.07800086160688109
BCAR1,-0.07800086161953067
CCDC39,-0.0781466596973328
IFT172,-0.0793350259833854
NSUN6,-0.0794268236915609
NUP58,-0.079978802840643
NFX1,-0.0804567232784025
C1orf50,-0.0806829173915183
MOGS,-0.0833334488310379
SOCS7,-0.0837858609378933
GTF2F2,-0.0839667437354415
ZCCHC10,-0.0841085518756003
OSTM1,-0.0841847732565508
GINS2,-0.0862732309166383
HPS5,-0.086391015700171
ACSF3,-0.0869648562651833
MRPS26,-0.0878261111161642
POLR3E,-0.0891074632617124
PMPCB,-0.0916774406589756
AASDH,-0.0916997302680565
DCAF11,-0.092542755732121
NOP9,-0.0926665193608175
ARHGAP32,-0.0931337808919707
ARHGAP33,-0.09313378089435803
ARHGAP31,-0.09313378092901857
ARHGAP30,-0.09313378094767209
PET100,-0.0932486883832914
GTF2H4,-0.0933416849893133
ZNF287,-0.0966092264225943
PPP2R5D,-0.09692280319690356
PPP2R5C,-0.09692280326811373
CYRIA,-0.09840701493583276
CYRIB,-0.09840701498900963
UNC119B,-0.09847286090779067
UNC119,-0.09847286096075901
CARS2,-0.0996104950473516
MT-CYB,-0.100826354281132
MAPKAPK3,-0.10245114395779358
MAPKAPK5,-0.10245114396298603
POFUT2,-0.1027412640261286
NLE1,-0.1039467618800364
PRMT5,-0.1039678190212207
XPO1,-0.1058185451595541
DMAC2L,-0.1075450125391328
PMS2,-0.1093799718356341
ZC3H15,-0.109410343432426
BAG2,-0.1095427483181597
VPS18,-0.1104576014068751
UFL1,-0.1108979347266911
MIDN,-0.1120762463159773
ADCY3,-0.1128827930435564
TRIB1,-0.1132666974559651
TRIB3,-0.11326669746363033
TRIB2,-0.1132666974799353
STK40,-0.11326669748656219
RSPH9,-0.1140983023039608
PELO,-0.1151876623261631
CYB5R3,-0.11587316725309525
CYB5R2,-0.11587316726767423
RWDD2A,-0.11604025922105955
RWDD2B,-0.11604025924911722
SPATA6L,-0.11686248713743572
SPATA6,-0.11686248715835698
MEOX1,-0.11720510726397962
MEOX2,-0.11720510729213661
FZD4,-0.1176510575082031
SLC39A7,-0.1180622264810846
HMOX2,-0.11893208793936604
HMOX1,-0.11893208794275316
KAZN,-0.1189448091281617
MFSD3,-0.11915267558315011
SLC33A1,-0.11915267558412528
WDR44,-0.11940976831774
RGS10,-0.1213800998637864
EDRF1,-0.1214951218921022
MT-CO1,-0.1220536961786405
GID8,-0.1226596378890851
CD63,-0.1229707631405084
TBCC,-0.1244197987526908
RRP1,-0.12455224490073272
RRP1B,-0.12455224491166282
NUP88,-0.1254883405112452
HDAC6,-0.1255798515014048
SYMPK,-0.1262493452923244
SARS2,-0.1265572023797982
POP5,-0.1265635091124567
HRH1,-0.1273108828106727
DDA1,-0.1278022999823506
CNEP1R1,-0.1286273822812396
RUVBL1,-0.1287960716596222
XKR8,-0.12999621505751255
XKR9,-0.12999621506273246
LEPROT,-0.13006860484914545
LEPROTL1,-0.13006860494077205
SAP18,-0.1308011883417834
RPF2,-0.1308918365549467
SCAPER,-0.1309089688688895
ZFP42,-0.1349108800258501
YY2,-0.1349108800538149
MTG1,-0.1354663519683724
MPV17L2,-0.136261475712824
UST,-0.1367482319820569
MEX3C,-0.13764753268633953
MEX3A,-0.13764753276735775
DNAJC28,-0.1382672888907049
DNAJC11,-0.1393350476686978
MORN1,-0.14176144781256625
ALS2CL,-0.14176144786176667
FGFRL1,-0.1418209541769259
USE1,-0.1421275399085401
RPS15,-0.1440534759619576
TP53RK,-0.1442513085867842
SIRT2,-0.1449234720489164
TBCA,-0.1469737857320993
SUMO2,-0.14735792024528635
SUMO3,-0.14735792026547562
SUMO4,-0.14735792027497843
QARS1,-0.1490522407845215
FBXO45,-0.1502932705275566
NDUFB4,-0.1504578889212954
BZW1,-0.15151493958585202
BZW2,-0.1515149396177174
ECD,-0.1517386050050307
SLC24A5,-0.1518524109799296
SMURF2,-0.1530522198853691
DUS2,-0.1542486909278404
SAMD10,-0.15449199832917787
SAMD12,-0.15449199834192243
ACSL5,-0.1554669510083375
BCCIP,-0.1583677313278804
DESI2,-0.1593019169447876
DYNC2H1,-0.1594836127329858
SUCO,-0.1595232425365586
VPS33A,-0.1607119922792427
RPL5,-0.1617544369890101
PHF20L1,-0.16211045836548013
PHF20,-0.16211045843249292
POMP,-0.1627217430112779
MRPL40,-0.1635747429162458
NDUFA6,-0.1637730578890071
ALG6,-0.1638286290304307
UBR3,-0.1643342936367848
CDC42BPA,-0.16453730003789635
CDC42BPB,-0.16453730008215808
CDC42BPG,-0.16453730009013404
NDUFB3,-0.1659990348819813
RPL38,-0.1663747933188644
KATNB1,-0.1675468467801688
POLR2F,-0.169913955373702
LPCAT4,-0.1706470095065497
PSMD11,-0.1713668224945932
PTF1A,-0.1717779440376513
RPS6KL1,-0.1719107069595764
SF3A1,-0.1721492038557051
TIPIN,-0.1722399350676829
QTRT1,-0.172567274650485
SYAP1,-0.1728464771523608
NKTR,-0.17303632643000327
PPIL6,-0.17303632645404415
PPIE,-0.17303632645678155
PPIB,-0.17303632647806597
PPIC,-0.17303632648580364
ELP1,-0.1733027703796444
PHLDB1,-0.1733482248391766
GAB4,-0.17334822485880985
GAB3,-0.17334822486052126
PHLDB3,-0.1733482248893853
PHLDB2,-0.1733482248986222
GAB1,-0.1733482249001259
PLEKHS1,-0.17334822490030963
GAB2,-0.17334822490666074
TACC3,-0.17427268755729775
TACC2,-0.1742726875700184
TACC1,-0.17427268758953887
CFAP299,-0.1743809892645013
NDUFA2,-0.1752395018125823
ASCC2,-0.1755972403480848
PTGES3,-0.17777966345810103
PTGES3L,-0.17777966350618984
HS2ST1,-0.1788471404537591
SNRNP200,-0.1795544753163303
OXA1L,-0.1801334835813504
CLP1,-0.1804949153334045
RRAGA,-0.1807328402646371
RRAGB,-0.18073284029921105
WDR46,-0.181497548021058
PPIL1,-0.1815261809754322
RABGGTA,-0.1815346441286703
PPP1R16A,-0.18198824898504762
PPP1R16B,-0.18198824899333885
WDR74,-0.1821053248742877
H2BW1,-0.1826323449258497
H2BW2,-0.18263234496741967
H2BK1,-0.1826323449796331
EIF4A3,-0.1830079196369374
MOCS3,-0.183030578437615
YLPM1,-0.1831388008532279
MUC4,-0.18365873253862494
SUSD2,-0.18365873254643084
RTL9,-0.1836587325505902
POLR1C,-0.1843659150815208
ARHGAP27,-0.18488945754708702
ARHGAP9,-0.18488945757353226
ARHGAP15,-0.18488945760961895
ARHGAP12,-0.18488945761304368
ROS1,-0.1860921798895646
DOP1A,-0.18628601778372506
DOP1B,-0.18628601780444193
FMC1,-0.187593884872007
C3orf38,-0.1900473708961403
BAP1,-0.1917835686068837
CBFA2T2,-0.19241739174327122
RUNX1T1,-0.19241739174422753
CBFA2T3,-0.19241739178666667
APOOL,-0.19309138584521174
APOO,-0.1930913858750246
EBF1,-0.19397909185355716
EBF3,-0.1939790918568145
EBF2,-0.19397909186336823
EBF4,-0.19397909188618934
GNB1,-0.19532092588283503
GNB3,-0.19532092590049807
GNB4,-0.19532092590635322
GNB2,-0.1953209259494779
PSTPIP2,-0.19624039919438474
FCHO1,-0.196240399196423
SGIP1,-0.1962403992039995
DLD,-0.1970664573141148
RNF123,-0.197595203887794
ABCG5,-0.1980940786653157
CCDC97,-0.1987355478266697
U2SURP,-0.2005593526847237
FKRP,-0.2013225446935385
CEP131,-0.2016038007674705
TNFAIP8L2,-0.20247754467657947
TNFAIP8,-0.20247754470883433
TNFAIP8L1,-0.2024775447143033
TNFAIP8L3,-0.20247754473612747
NCAPD3,-0.2051838507831541
THADA,-0.2065562876600296
XAB2,-0.2077901482862517
SMC5,-0.2092835464279289
RPE,-0.20950462219997168
RPEL1,-0.2095046222003728
GORASP2,-0.21027532775099722
GORASP1,-0.21027532781189684
RECQL4,-0.2111334144239466
MT-CO3,-0.2124922097468199
TRMT44,-0.2128983533880374
ARID2,-0.2131859839626017
LYSMD4,-0.21398885931041622
LYSMD3,-0.21398885931750106
LYSMD1,-0.2139888593240513
LYSMD2,-0.21398885933007314
SLC25A31,-0.214651734979349
SFT2D1,-0.21541118214494942
SFT2D2,-0.2154111821928552
CTTNBP2NL,-0.2155871151175529
NSRP1,-0.21713411306592864
EFCAB5,-0.21713411309612723
MVD,-0.2177410056771925
WBP4,-0.217872187300743
CRYL1,-0.2183250081984292
CAMKK1,-0.2183540468330586
SLC66A2,-0.2192323134760596
YWHAE,-0.2197531273439161
CARMIL3,-0.220697620350558
CARMIL2,-0.22069762035660428
RNH1,-0.2206976203594995
CARMIL1,-0.22069762036039953
TPBG,-0.2220741784247423
EVA1C,-0.2223373810951952
RBM41,-0.22261428731655777
RNPC3,-0.2226142873870487
ABCB6,-0.2227620954437671
CFAP45,-0.2232842060974076
ZMYND11,-0.2234436891466765
OSGEP,-0.2244537345122005
MLH1,-0.2261597028086186
C14orf119,-0.2273365966666219
STUM,-0.2276916107547774
MARS1,-0.2276953703849936
TSSK4,-0.2281904638499483
GRAMD1B,-0.2282896695080644
GRAMD2B,-0.22828966952432123
GRAMD2A,-0.2282896695937925
GRAMD1C,-0.22828966959964092
GRAMD1A,-0.22828966959991623
TTBK2,-0.2285152554621501
NPRL3,-0.2285606146157928
PFN4,-0.2289161240546793
WDR12,-0.2290739970342542
B3GAT3,-0.2303331976462608
ENO2,-0.2319128227718463
ENO4,-0.23191282279650333
ENO3,-0.23191282280476624
ENO1,-0.231912822842832
MCM7,-0.2319550404283917
EIF2AK2,-0.23215499590884844
WEE2,-0.23215499591273586
EIF2AK1,-0.23215499592813515
WEE1,-0.23215499593590638
EIF2AK3,-0.23215499595866015
PDIK1L,-0.2321549959638764
SLBP,-0.2322827739499867
LAMTOR1,-0.2328801615828115
GPKOW,-0.2336305931277402
CDIPT,-0.2337855757149735
ARPC5,-0.23398713486659456
ARPC5L,-0.23398713490548126
SLC35B3,-0.2343681306309145
RO60,-0.2353735318318418
NELFCD,-0.2357890257164566
ABCD1,-0.2358179264597042
ABCD4,-0.23581792649094738
ABCD2,-0.23581792650199593
BLM,-0.2361504495036381
SBDS,-0.2368532530335854
HDDC3,-0.236894395720316
DUS4L,-0.2379173447952114
DCP1A,-0.23944732917530556
DCP1B,-0.2394473291913248
TTC8,-0.2407927959422809
DHX36,-0.2410830820782393
SOBP,-0.24110834564482786
RAI2,-0.24110834570262132
SETD4,-0.2427136797446966
TRAPPC2,-0.2431171974571544
THOC2,-0.2433519598748786
NOCT,-0.2434633171314692
CKAP5,-0.2437113358035665
KIF23,-0.2444334268084249
DTYMK,-0.24647157421361607
CMPK2,-0.2464715742141058
MYO7A,-0.2470717242130143
PRICKLE3,-0.2474943092894117
PRICKLE2,-0.24749430930608723
NAA80,-0.2476726554950951
DRG2,-0.2492541247001366
MT-ND1,-0.2496484171413237
ING3,-0.2527215789461084
SPO11,-0.2536882276441968
DMXL1,-0.25458598645393055
DMXL2,-0.2545859865019651
GLMN,-0.2549470128502468
DERL3,-0.25507540030685427
DERL2,-0.25507540033156817
MFSD11,-0.2566489688087446
ACSS3,-0.2574837311220929
BHLHA15,-0.2591333937681477
RPIA,-0.2620219842933717
ATG5,-0.2647114819876917
SLC35E1,-0.2647121239208163
PSEN1,-0.2651277376988617
PSEN2,-0.2651277377307076
FAM114A2,-0.26569472064737937
FAM114A1,-0.26569472068292194
MIB2,-0.2663395020693039
ERH,-0.2676559355251892
RRBP1,-0.2676630150077598
DNAJC8,-0.2684934592934316
GLUD2,-0.26928361741459816
GLUD1,-0.2692836174962869
MECR,-0.2693922395853012
U2AF2,-0.2701832970457828
CEBPZ,-0.2703376917683676
MALSU1,-0.2706023961845737
NVL,-0.2709923536084158
DHX16,-0.2712558781156984
ZRSR2,-0.2722612982784589
CLIP1,-0.2746541789742652
HCCS,-0.2750884272448507
MGMT,-0.2761283899138938
CSTF1,-0.2777472665530668
ASF1A,-0.27820565439252626
ASF1B,-0.27820565447237944
POMT1,-0.278301673020057
GTDC1,-0.2789195457682903
TBRG1,-0.2793337551432313
RFC2,-0.2793813050879137
COA5,-0.2799720211338557
TRAF6,-0.2799720481632459
RCE1,-0.2808047627861679
PIAS4,-0.281746233761001
PIAS3,-0.28174623380397906
PIAS1,-0.28174623381823466
PIAS2,-0.2817462338542661
RTTN,-0.2822764002184378
PHF19,-0.28283100818356727
MTF2,-0.28283100821697
PHF1,-0.28283100826814656
FANCI,-0.2837603603618441
B4GALT7,-0.2843609975064782
MAPDA,-0.2848481606561059
MCM5,-0.2860744165005673
TMEM26,-0.2873539649633791
TOMM70,-0.2875534022811713
RANBP1,-0.2879266697721453
ZNF350,-0.2895076186398038
ZNF613,-0.2895076186441109
ZNF564,-0.28950761864608926
IKZF3,-0.28950761865250957
ZNF382,-0.2895076186576534
ZNF821,-0.2895076186653787
IKZF1,-0.28950761868788505
IKZF2,-0.2895076186941326
IKZF4,-0.28950761869575603
ZNF649,-0.2895076187010646
ZNF639,-0.28950761871180664
ZNF567,-0.2895076187280006
PRKAR1B,-0.2898761374875374
CSRNP3,-0.29097215662345544
CSRNP1,-0.29097215665241244
CSRNP2,-0.29097215667634796
ISL2,-0.2913354342967268
ISL1,-0.2913354343300221
CRNKL1,-0.2925757593420501
ARHGAP23,-0.2934491745149478
ACTR10,-0.2939180180255794
NDUFAF7,-0.2945333480286602
BCORL1,-0.29588757864588416
BCOR,-0.2958875786514574
DHDDS,-0.2964670280558607
PABIR3,-0.2967242901028798
PABIR1,-0.2967242901120901
PABIR2,-0.29672429012110246
RMC1,-0.2978133013700539
PIGV,-0.2983732773372896
STUB1,-0.2985891745668881
MFSD14A,-0.29986893269071185
MFSD14B,-0.2998689327018016
MRPL58,-0.2998870202382773
GUCY1B1,-0.3010429861730321
VASP,-0.3014430962803435
TTC27,-0.3019161679070911
RAB23,-0.3030121354563878
USP21,-0.3035347324555038
GPR156,-0.3037155635506269
GABBR2,-0.3037155636001799
GOLPH3L,-0.30393655083469895
GOLPH3,-0.30393655088957017
PEPD,-0.3054092539209446
CFAP410,-0.306030235452654
MRPL2,-0.3062458422901731
KLHL18,-0.3066368083674777
TBC1D31,-0.3068873448516303
UBE2S,-0.3074854465075246
AAAS,-0.3089853055706901
WDR4,-0.3103341159529068
GNL3,-0.31064359076028164
NOA1,-0.3106435907819495
GNL3L,-0.31064359082349513
HSFX3,-0.31465953655423556
HSF4,-0.31465953656628354
HSFX4,-0.31465953657786894
HSF2,-0.31465953657820334
HSFX1,-0.31465953660019835
HSF5,-0.31465953660393453
HSFY1,-0.31465953661428253
HSFX2,-0.31465953661996
HSFY2,-0.31465953663370066
HSF1,-0.3146595366436797
TEAD4,-0.31535257463006394
TEAD1,-0.31535257464745664
TEAD2,-0.3153525746592816
TEAD3,-0.3153525746891301
SON,-0.315403454022908
DNAJC22,-0.3156614914757726
C1orf131,-0.3172984129663502
VPS36,-0.3176195202548368
AK3,-0.3177630287585516
NR5A2,-0.3180055904936129
NR5A1,-0.3180055905853266
LARP4,-0.31801560429952414
LARP1,-0.3180156043411114
GUCD1,-0.3195273736430002
SFT2D3,-0.3200242865636023
LPCAT3,-0.3204913297168484
STING1,-0.3211893125752327
MRPS23,-0.3225417152826971
PSMD5,-0.3226275580853929
AP3S1,-0.3226444613954938
AP3S2,-0.32264446144830156
VAX2,-0.3230708493257819
SMIM8,-0.3230898108440562
SNX20,-0.3232282191051482
SNX21,-0.3232282191453143
FAM20B,-0.3238824447060687
MRPS11,-0.3240530403641258
HAUS6,-0.3250504803490606
DET1,-0.3258733330356698
ZCCHC8,-0.3270933287344905
KLHDC1,-0.32732493891840236
KLHDC9,-0.32732493894243275
HCFC2,-0.32732493894933284
ZRANB2,-0.3275013314354974
TMEM132E,-0.32756884728630414
TMEM132D,-0.3275688472994445
TMEM132C,-0.3275688473053702
TMEM132B,-0.32756884731664
TMEM132A,-0.3275688473768973
KPNA1,-0.328876621139151
KPNA6,-0.3288766211418417
KPNA5,-0.32887662115063016
NUP85,-0.3290378113850697
MAN2A2,-0.3329232295111226
MAN2A1,-0.3329232295461662
DNAI2,-0.3329769559691939
ABI3,-0.333157604656124
PHAX,-0.3342621382859035
ARPC2,-0.3345180572133533
GABPB2,-0.3360503759602816
GLE1,-0.3373500775703805
C7orf25,-0.3374674398708236
RTF2,-0.3376512674035327
SF3B5,-0.3387076396198815
NAGLU,-0.3391120537456004
ABCF3,-0.3394461783955071
HELZ,-0.3395406938766211
PTGES,-0.33967066465318774
MGST1,-0.33967066472991053
CBX3,-0.3416966753494012
RAD54L,-0.3427336812150593
XRCC6,-0.3444518475547837
PDCD10,-0.3445025335465241
UQCRQ,-0.3447178467208323
TMEM18,-0.3449124872775251
ERAL1,-0.3449975775267551
PLA2G12B,-0.3450626595104118
PLA2G12A,-0.34506265956417426
RABGEF1,-0.345752100214653
AGGF1,-0.3469357075089373
NUP155,-0.3474473721874388
DPAGT1,-0.3479253638896948
TMEM169,-0.348183341247148
GOLGA4,-0.3485498249949202
SF3B1,-0.3485691041059709
ERICH2,-0.3493295768566004
TMEM134,-0.3510126453058215
WDR83,-0.3515915786828795
POLR2K,-0.3520513524149425
TSPO2,-0.3520708380387972
TSPO,-0.3520708380469642
ATXN7L3B,-0.3526016792082675
ZNHIT2,-0.3545719175995464
MOCS1,-0.3557359324187622
EMG1,-0.3562305691064722
TEX261,-0.3582068813535706
POLR2I,-0.3588579123804882
COA1,-0.359047221276463
EMC4,-0.359794130450377
RAPSN,-0.3602236386152212
TECPR2,-0.3624136971490627
SEL1L,-0.3640190723923929
CRBN,-0.3643177724011349
SARDH,-0.364383084276689
EPG5,-0.3656460112918117
INPP5B,-0.3671723174411834
MBLAC1,-0.3682972757236968
SMO,-0.3684531834125887
SLC38A11,-0.3686479673962552
NARF,-0.37172823155366247
CIAO3,-0.37172823155792145
SCYL3,-0.3720065249754088
RPAIN,-0.3722022740709437
PPOX,-0.3727592308296253
ARL5B,-0.373264908165002
ERGIC3,-0.3743112665500633
UBASH3B,-0.374529965259524
UBASH3A,-0.3745299652947385
RTCB,-0.3746301469809446
MESP2,-0.37476027307364523
MESP1,-0.37476027308132615
MSGN1,-0.3747602731038751
TLNRD1,-0.37497691830927404
TLN2,-0.37497691831163865
TLN1,-0.37497691836121144
BRAP,-0.3760994266998247
GPR155,-0.3764718995067637
GPM6A,-0.37682896951628436
GPM6B,-0.3768289695601748
PLP1,-0.37682896956631035
TMEM67,-0.3769041976594389
DSCC1,-0.3796283531498994
RBM18,-0.3803034707457811
APLF,-0.3803619122845195
MBTPS1,-0.3807391496563179
TMEM230,-0.3816004385451202
EXOC2,-0.3839407196837359
PSMC1,-0.384543178094181
SPTSSA,-0.38512595571040775
SPTSSB,-0.38512595577549535
MSTO1,-0.3853369404567865
PLPBP,-0.3856571910341542
SNRPB,-0.3858490675968234
CYGB,-0.38677599471736573
HBQ1,-0.38677599472334634
HBD,-0.386775994733481
MB,-0.38677599474447716
HBA2,-0.3867759947447314
HBA1,-0.38677599475784813
HBZ,-0.38677599476377017
HBB,-0.38677599476756613
HBE1,-0.38677599477504343
HBG1,-0.3867759947753307
HBM,-0.3867759947895272
HBG2,-0.3867759947956758
FUT10,-0.3870716161091265
SDR39U1,-0.3872183008044386
RNGTT,-0.388770236120131
MGAT3,-0.3888853439492323
ARHGAP20,-0.3890424028810474
TAGAP,-0.38904240293717857
PAH,-0.3904586037851857
CERS2,-0.3908804995944652
CERS4,-0.3908804996675153
CERS6,-0.3908804996752846
CERS5,-0.3908804996832192
CERS3,-0.39088049968542155
TNKS2,-0.393145340600773
TNKS,-0.3931453406357118
ANKRD45,-0.3931453406544198
CUL3,-0.3932086321011885
TRAPPC13,-0.3932923947370449
RBBP7,-0.3943423894365197
ANKRD13C,-0.3956913284704958
QRSL1,-0.3964671627033151
NELFB,-0.3979184183215857
ZNF236,-0.3985267791369463
HPGDS,-0.3989072912946285
TASP1,-0.3999061943981643
MCAT,-0.3999953142928826
NTAN1,-0.4000483640830387
HBS1L,-0.4005057892278469
BTAF1,-0.4007900981764647
RABIF,-0.401205130754539
SPTBN5,-0.4015158270992682
ATG13,-0.4025143043652613
PATJ,-0.403145872760064
NDUFS6,-0.4036300205100165
DNAAF2,-0.4040297536358733
CLK2,-0.4063290989645926
EID3,-0.4065900490454537
ING5,-0.4077940751053698
ANKRD50,-0.4084665786982386
IDI1,-0.40847505116300176
IDI2,-0.4084750511977644
METTL14,-0.4085861893375449
SAXO2,-0.40914887433527586
SAXO1,-0.40914887434900615
BLMH,-0.4095120733073571
RAB5IF,-0.4100628122181184
VAMP7,-0.4106855572398235
ATP6V1G2,-0.4107372419492735
HSCB,-0.4111843404474495
MOB4,-0.4115156144424696
ANAPC7,-0.4120716609576627
POLH,-0.4128983479531843
UFD1,-0.4130394101123735
EMC8,-0.4138352655484302
EMC9,-0.41383526554861383
CNOT3,-0.4147488848964472
EXOSC3,-0.4154192033215435
FICD,-0.4158208929475066
TIMM9,-0.4169331272757023
URI1,-0.4181657668294344
CC2D2A,-0.42100370097777445
CEP76,-0.4210037009952744
CC2D2B,-0.4210037010476708
LYPLA1,-0.4214006287112087
VRK2,-0.4217708085782143
TTBK1,-0.421770808591974
VRK3,-0.421770808624792
VRK1,-0.42177080863429417
CSNK1G1,-0.4217708086402569
CSNK1A1L,-0.42177080864623234
ZGPAT,-0.4221205542866525
LIME1,-0.42212055428946976
SPAST,-0.4221252131967434
HEMK1,-0.4229521055154049
NDUFAB1,-0.4234349240102384
YBX1,-0.4250388883176793
LIN28A,-0.4250388883296144
LIN28B,-0.4250388883361316
RCL1,-0.4254246886856545
TBL1XR1,-0.4254431772754745
TBL1X,-0.4254431772760143
TBL1Y,-0.425443177301566
RUSF1,-0.4277244651544619
IPO9,-0.4281561436157653
PPP6C,-0.4282780972390701
AMMECR1L,-0.4286668019608231
AMMECR1,-0.4286668020243991
RIF1,-0.4298831455365767
GCDH,-0.4310041088663649
COA6,-0.4315824435780923
UFM1,-0.4323775148050026
CAB39L,-0.4338046014132124
CAB39,-0.4338046014164718
ULK3,-0.4339782561978438
PATL1,-0.43453841765338175
PATL2,-0.43453841765576057
PRPF40A,-0.43481120548035723
PRPF40B,-0.4348112054950999
NYNRIN,-0.43485538125465306
ZC3H12B,-0.43485538126615764
ZC3H12A,-0.43485538127655105
ZC3H12C,-0.4348553813261802
KHNYN,-0.4348553813324286
ZC3H12D,-0.43485538133845797
N4BP1,-0.4348553813416297
ORC6,-0.4355738484473582
DUS1L,-0.4361692577117274
DUS3L,-0.4367167604058197
ANKRD49,-0.4380796400092021
EXD3,-0.4385512448906909
EMB,-0.4389419670374722
VSTM2L,-0.4389419670445601
BSG,-0.4389419670745303
NPTN,-0.4389419670874988
CNIH4,-0.4405269914660955
EDNRB,-0.44139601751576457
GRPR,-0.44139601759139124
EDNRA,-0.4413960175965939
NMBR,-0.4413960176090618
BRS3,-0.44139601761255526
RFC3,-0.4419828155493468
CPEB2,-0.4419958503285435
CPEB3,-0.44199585033374655
CPEB4,-0.44199585034480954
HSBP1L1,-0.4420738887781473
HSBP1,-0.44207388879360615
LRRC53,-0.4422416705311491
EIF5,-0.4423720195154003
SP7,-0.4427019262557586
KLF4,-0.44270192625839355
KLF6,-0.44270192626575194
SP9,-0.4427019262801468
KLF12,-0.44270192628285143
KLF16,-0.44270192628800564
KLF9,-0.44270192631654426
KLF8,-0.44270192632136257
SP6,-0.44270192632780064
KLF1,-0.44270192632804795
KLF7,-0.44270192633973166
KLF3,-0.44270192634397654
KLF13,-0.4427019263466631
SP8,-0.44270192635010297
ZDHHC16,-0.444123231308626
SRM,-0.4457825781014194
VPS53,-0.4481115317288162
PRKX,-0.4501802416190253
DCTD,-0.450446033792139
TRMT61A,-0.4509780840219953
TATDN1,-0.4510495575961016
PDE4B,-0.451654330143833
MTERF2,-0.4518035921995719
MTERF1,-0.4518035922068955
WDR6,-0.452326371045837
PRKRIP1,-0.4550480642201437
NFYB,-0.4563719816010268
FAM47E,-0.45637198163144405
APLP1,-0.45846103614231803
APLP2,-0.4584610361455792
APP,-0.45846103616465933
NUP188,-0.460154564235779
GLUL,-0.4601596561980934
MGAT1,-0.4603732337331109
UROS,-0.4611901186486882
SIRT6,-0.4620190297662265
GPHA2,-0.4641848967954866
MRPS33,-0.4666148021197757
GFOD2,-0.4682198774683519
GFOD1,-0.46821987747528876
BLVRA,-0.4682198775090877
CCP110,-0.4696673259209827
DNAJC19,-0.47147536431694687
DNAJC15,-0.47147536439845106
WDR19,-0.4718147756724176
SAGE1,-0.47187950805059004
CT45A10,-0.4718795080516065
CT45A9,-0.47187950805736384
CT45A6,-0.47187950806201184
INTS6,-0.47187950806785706
CT45A5,-0.4718795080788032
INTS6L,-0.4718795080833771
CT45A1,-0.4718795080993342
CT45A8,-0.47187950810164936
CT45A2,-0.47187950811234125
CT45A3,-0.47187950812888907
CT45A7,-0.4718795081425872
DNAJB9,-0.4725944454401866
ENDOU,-0.4735123812504392
SPAG7,-0.4736884171740691
ACO2,-0.4748509098448109
RNF31,-0.4754070723603125
ADAT2,-0.4763391699228408
WWC3,-0.47690327612875466
WWC2,-0.4769032761614833
WWC1,-0.4769032761615156
SMPD4,-0.4776294322850463
BLVRB,-0.4784477358951487
PTPN2,-0.4810715872070862
SUCLG2,-0.4813945543476397
TPO,-0.4829552283722709
DRAM2,-0.48308513547599224
DRAM1,-0.48308513551305154
ZMAT5,-0.4831413232955511
MMS19,-0.4858566247698027
CDC23,-0.4859694120396079
IDE,-0.486671400675966
UCK1,-0.48708184790765546
UCK2,-0.4870818479516459
FRG1,-0.4872393139937246
FECH,-0.4878287599684127
SOX2,-0.4894318785552038
CFAP65,-0.4894318785617446
SOX17,-0.48943187861653964
SOX30,-0.489431878622247
RASA1,-0.4894659081121186
LSM8,-0.490748600497334
CHPT1,-0.49171292751851564
CEPT1,-0.4917129276026477
CUL2,-0.4918295116819983
AHSA1,-0.4945436465001367
TBC1D25,-0.4953262811025161
BAG5,-0.4960897779017815
BAG4,-0.4960897779814309
BAG3,-0.4960897779906121
DYNLL2,-0.49625571086466386
DYNLL1,-0.4962557108948738
VPS50,-0.4962728108615998
MVB12A,-0.4970443315550847
NIF3L1,-0.4971003400733384
PHOSPHO2,-0.4975573427703744
PHOSPHO1,-0.4975573428231239
DNAL4,-0.4997853478232277
PSMA3,-0.5000436583812703
BPNT1,-0.5002596259498268
SYT12,-0.500509512842537
B3GALT4,-0.5018197482731156
BMPR1B,-0.5019791589595073
HINT3,-0.5019901469120954
TIMM23,-0.5024989444316805
TIMM23B,-0.5024989444812992
SMARCB1,-0.5026844906174748
ALG12,-0.5030736133469189
SPG7,-0.503843549866557
TMEM65,-0.5063608538908961
C22orf23,-0.5066884147890092
GRK6,-0.5067566425563824
GRK4,-0.5067566425633818
GRK1,-0.5067566425635502
GFUS,-0.5067761640835106
ENOPH1,-0.5071708376696795
INPPL1,-0.507493866789006
TIMM21,-0.5083365867840546
POLR3H,-0.5088425134529169
ORC4,-0.5102212708830365
YAF2,-0.5104849533657273
RYBP,-0.5104849533748136
GRHL1,-0.5115449548358719
GRHL2,-0.5115449548624076
UBP1,-0.5115449548635222
TFCP2,-0.5115449548659814
GRHL3,-0.5115449548725405
TFCP2L1,-0.5115449548883754
PPWD1,-0.5133447255192806
MRPL3,-0.5138141332792064
MAP3K12,-0.5141737835233677
PMVK,-0.5150458339541059
DPM3,-0.5170040466135619
CNIH1,-0.5170498616353345
CNIH2,-0.5170498616660159
CNIH3,-0.5170498616817171
EFTUD2,-0.5173876303099584
AMDHD2,-0.5176489861094925
ACACB,-0.5189521512342844
KIF12,-0.5194409860346682
VIRMA,-0.5200422185670325
POLR2J2,-0.520632056620402
POLR2J3,-0.520632056648474
POLR2J,-0.5206320566947491
PFKFB3,-0.5214628332055562
PFKFB4,-0.5214628332056689
PFKFB1,-0.5214628332115103
PFKFB2,-0.5214628332225759
CCDC28B,-0.5215899196609638
CCDC28A,-0.5215899196721218
ZNF485,-0.5227882548430249
ZFP62,-0.5227882548433201
ZNF808,-0.5227882548433983
ZNF664,-0.522788254874063
ZNF721,-0.5227882548850286
ZNF648,-0.5227882549038674
SERINC2,-0.5230195587818836
SERINC3,-0.5230195587956336
SERINC1,-0.5230195588766408
TP53I13,-0.5243652876564957
TBC1D7,-0.5247709338034772
ZFHX2,-0.525493439310154
MED27,-0.5258903549712874
PARG,-0.5260528833897132
TLCD3B,-0.5275583918131641
TLCD3A,-0.5275583918744429
VAX1,-0.5283484793453642
AMD1,-0.52911461934215
ZDHHC17,-0.5312018142088764
ZDHHC13,-0.5312018142283214
CFAP58,-0.5315697849086767
ASS1,-0.5330437192128598
RAVER2,-0.5339338962087442
SFPQ,-0.5339338962179558
RBM15B,-0.5339338962240686
NONO,-0.5339338962245747
RBM15,-0.5339338962673774
LMCD1,-0.5342580157181185
LIMD2,-0.5342580157325408
TES,-0.5342580157781901
PRICKLE1,-0.534258015782121
STOML2,-0.5346808673160803
DOK3,-0.5351646383099656
FRS3,-0.5351646383144056
DOK2,-0.5351646383168357
DOK4,-0.5351646383365044
FRS2,-0.5351646383445144
DOK1,-0.5351646383507611
DOK5,-0.5351646383540898
DOK6,-0.535164638365557
PAF1,-0.5362556879046912
PAFAH1B3,-0.5364635248749
ICE1,-0.5364635249048285
PAFAH1B2,-0.536463524924982
ABHD13,-0.5386365674296691
SNX11,-0.538897315627464
SNX2,-0.5388973156547202
SNX5,-0.5388973156621948
SNX33,-0.5388973156724636
HIP1R,-0.5413811743621691
HIP1,-0.5413811743798652
PSD,-0.5417035614308063
MAP2K1,-0.5423101689470035
MAP2K2,-0.5423101689810547
DYNLT1,-0.5431810926654699
KLF17,-0.5440099111915812
NR6A1,-0.5442403327251093
ARFIP1,-0.5488198105520369
ARFIP2,-0.5488198106275807
BOP1,-0.550875098735269
SRRD,-0.5517738601264028
TSNARE1,-0.5519458848288459
TAF8,-0.5524577324920954
NUP107,-0.5530545392525726
MAU2,-0.5531698082327127
GATB,-0.5534170726524583
NFIB,-0.5538482716705232
NFIX,-0.5538482716900358
NFIA,-0.5538482717101021
NFIC,-0.5538482717254776
NAE1,-0.5541128152371673
MESD,-0.5546550048073333
HTR7,-0.5552969840261639
WDR18,-0.5555805143846653
HDAC11,-0.5567628090299079
NUDT21,-0.5568931965547514
GGNBP2,-0.5572556790887381
CCT4,-0.5577100209764857
TMEM267,-0.5605540095175694
GALNT2,-0.5606450977374976
BRD4,-0.5607897065444148
CECR2,-0.560789706597125
KAT2A,-0.560789706606357
KAT2B,-0.5607897066074653
BRDT,-0.5607897066091616
BAZ2A,-0.5607897066268482
BAZ1A,-0.5607897066283359
DRG1,-0.5632353744613579
RCAN1,-0.5644033761443513
RCAN2,-0.5644033762162703
RCAN3,-0.5644033762205106
SNX17,-0.5645463523050409
APH1B,-0.5650446969296937
APH1A,-0.5650446969388244
LARP1B,-0.5654522538242235
LARP4B,-0.5654522538603783
LARP6,-0.5654522538906677
SF3A3,-0.565533151114915
RASSF3,-0.5659240594190281
RASSF6,-0.5659240594405054
RASSF4,-0.5659240594493431
RASSF5,-0.5659240594601803
RASSF2,-0.5659240594617844
RASSF1,-0.5659240594823656
NDUFS1,-0.5662722991159787
SLC35A5,-0.56637509642457
RAP2C,-0.5670403644151848
SDF4,-0.567568443240211
TSC22D2,-0.5696233390877607
TSC22D3,-0.5696233391072755
TSC22D4,-0.5696233391166324
TSC22D1,-0.56962333912235
DCTN6,-0.5731155566752473
ZNF475,-0.5743753985835681
ZNF474,-0.5743753986162373
ZC2HC1B,-0.5743753986454213
NRDE2,-0.5749032915657052
TRIT1,-0.575375603269255
FBXL4,-0.5754107410939074
KIAA0319L,-0.5754148918059608
WFIKKN2,-0.5754148918073798
AMBP,-0.5754148918102351
WFDC8,-0.575414891820778
KIAA0319,-0.5754148918476788
WFDC6,-0.5754148918568344
SPINT1,-0.5754148918591883
TFPI2,-0.5754148918631821
WFIKKN1,-0.575414891874428
SPINT4,-0.5754148918745385
SPINT2,-0.5754148918782308
EPPIN,-0.5754148918792517
LRP11,-0.5754148918808214
TFPI,-0.5754148918817877
LZTR1,-0.5754976381375431
SLC29A1,-0.576941102135848
SLC29A3,-0.5769411021511823
SLC29A2,-0.5769411021916786
VAC14,-0.5784956012470178
PYDC1,-0.5813414315981739
CASP4,-0.5813414316082686
CASP12,-0.581341431613994
CASP1,-0.581341431620138
CASP6,-0.5813414316426182
PYCARD,-0.5813414316444253
CASP9,-0.5813414316539456
CARD16,-0.581341431656811
CFLAR,-0.5813414316686548
CASP2,-0.5813414316706277
CASP14,-0.5813414316891847
CARD18,-0.5813414316892113
CASP8,-0.5813414316911204
CASP5,-0.5813414316936312
GLTP,-0.581367006922691
PLEKHA3,-0.5813670069522278
PLEKHA8,-0.5813670069804371
GLTPD2,-0.581367006984763
CPTP,-0.5813670069911714
NIT1,-0.5814803042958433
CERT1,-0.5815172905401138
TM2D1,-0.5823344831237378
SLC30A8,-0.582369240483841
NR2F1,-0.5827620445157919
AFG2A,-0.5840826305604722
ACBD3,-0.5845566180958447
TMED8,-0.5845566181065065
SMG9,-0.5855337878038489
EBAG9,-0.5857019040125834
RPUSD2,-0.5861663828065138
RNASET2,-0.5863569092052583
MTTP,-0.5874898463694206
FUZ,-0.5877870581357477
ERP44,-0.588150213853477
IFT56,-0.5888633455933342
SDF2L1,-0.589480012194483
PTRHD1,-0.5906676031275869
ERCC1,-0.5910993611347105
HRAS,-0.5927900788839799
PPFIBP1,-0.5936765495042146
PPFIBP2,-0.5936765495706317
GNPAT,-0.5945690691154698
HIGD1C,-0.5953922621690021
GOLGA5,-0.5954534834273411
BORCS6,-0.596512914523865
EXOSC1,-0.5965899231621313
ZNHIT3,-0.5972607258956026
METTL3,-0.5984333585103438
MRPS2,-0.5986721954211293
BIN3,-0.5986811503990166
MANBAL,-0.6001077279984627
MED18,-0.6011626000762179
ARMH3,-0.6018660655854936
VDAC1,-0.6026360093003984
VDAC2,-0.6026360093018376
VDAC3,-0.602636009375478
TAF1,-0.6026726324561943
TAF1L,-0.6026726324867572
TMEM183A,-0.6035077033030014
ASTL,-0.6036169608610014
SPPL3,-0.605158882587702
PRPF4,-0.6054774092068936
SLPI,-0.6062802541836524
WFDC12,-0.6062802541908968
WFDC10B,-0.6062802541938814
PI3,-0.6062802542018518
WFDC9,-0.6062802542064862
WFDC3,-0.6062802542065502
WFDC11,-0.6062802542066743
WFDC10A,-0.6062802542409839
WFDC13,-0.6062802542445621
WFDC5,-0.6062802542542796
HYCC2,-0.6069545849961545
HYCC1,-0.6069545850472198
JADE2,-0.6078098575733989
BRPF3,-0.607809857580346
BRD1,-0.6078098575843508
MLLT10,-0.6078098575950088
BRPF1,-0.6078098576056506
ATG16L2,-0.6080734401864082
ATG16L1,-0.6080734402434237
PDZD8,-0.6081164504218849
NOP14,-0.6122729942029981
TMEM43,-0.6123480789190401
TIPRL,-0.6134126964671651
TFIP11,-0.6153365851276302
TUBG1,-0.6153904860023535
UBXN1,-0.61653290548056
SCOC,-0.6171566979136993
ZNFX1,-0.6175830824196666
RPAP2,-0.6181865575013387
TENT4B,-0.6201253917565687
TENT4A,-0.6201253917810919
DAP3,-0.6202156100515733
ATP13A2,-0.6204493666210171
ATP13A4,-0.6204493666245608
ATP2C2,-0.6204493666278361
ATP1A2,-0.6204493666346269
ATP2A2,-0.6204493666371403
ATP4A,-0.6204493666415509
ATP13A3,-0.6204493666479043
ATP1A3,-0.620449366655973
ATP2B2,-0.6204493666738256
ATP2A1,-0.6204493666742485
ATP2B3,-0.6204493666754489
ATP12A,-0.6204493666820444
ATP2C1,-0.6204493666894876
ATP2B1,-0.6204493666901444
ATP1A4,-0.6204493667074882
ATP13A5,-0.6204493667078325
ATP7A,-0.6204493667106362
WNT1,-0.6204525825432015
HECA,-0.6209219449714208
ABHD18,-0.620940724053223
SMPDL3B,-0.6211125798830156
REXO2,-0.6214582875205381
XPNPEP1,-0.6218895219332572
POLR3D,-0.6224765666068537
VPS35,-0.6245005040414427
DDX20,-0.626369820050473
PDCL,-0.6264216480937927
PDCL2,-0.6264216481093806
PDC,-0.6264216481265807
PGPEP1L,-0.6265214292060042
PGPEP1,-0.6265214292155629
CYTH1,-0.626535916109229
MEAK7,-0.627213255464368
NDUFS4,-0.6272394677987985
MYRF,-0.6284671103216892
MYRFL,-0.6284671103851058
CWC27,-0.6285523459376289
ATP6V0B,-0.6286572828584193
MTERF3,-0.6289582408226915
DDX28,-0.6296474742703945
FRRS1,-0.6311764320811046
REELD1,-0.6311764321317118
FRRS1L,-0.6311764321446143
ENAH,-0.6312345068293718
SPRED1,-0.6312345068485998
SPRED2,-0.6312345068660042
SPRED3,-0.6312345068748949
EVL,-0.6312345069112041
NAA25,-0.6325209083960215
SMIM14,-0.6333870049913783
ITSN2,-0.6335783616490094
ITSN1,-0.6335783616620057
EHD2,-0.6335783617048408
REPS1,-0.6335783617106417
EPS15,-0.6335783617238526
EHD3,-0.6335783617332361
CTSD,-0.6341020207728583
FAM91A1,-0.6342304547096039
RINT1,-0.6344377560530007
C2orf66,-0.6355000327458493
PGAP1,-0.6355000327603844
PSMG2,-0.6370536222640171
SLC35B1,-0.6373408131587277
ACTR6,-0.6375627414800177
CCDC174,-0.6381177240695611
PHF5A,-0.6386396012602422
PPRC1,-0.6395263638192696
PPARGC1B,-0.6395263638638516
PPARGC1A,-0.6395263638762531
NCDN,-0.6396545061355197
UBE2K,-0.6400894773752195
NDUFB11,-0.6409038878647808
LONP1,-0.6409357203666705
GDI1,-0.6420367803773073
GDI2,-0.6420367803955779
BTBD17,-0.6422644609801859
TUBGCP2,-0.6428847321102005
PUS10,-0.6429384104427264
CEP104,-0.6435196378694099
ADO,-0.643523251208386
RTEL1,-0.6440988621909934
NEXMIF,-0.6442967423307624
KLC1,-0.6449328200993678
PPP4C,-0.6457488632531142
SNTB2,-0.6465147970277046
SNTA1,-0.6465147970636376
SNTB1,-0.646514797070068
DDC,-0.6468161512775488
LHFPL4,-0.6486743110229424
LHFPL3,-0.6486743110427597
LHFPL5,-0.6486743110728029
SAMD4B,-0.6488680605137032
SAMD4A,-0.6488680605227792
SLC26A3,-0.6497518037668532
SLC26A4,-0.6497518038112622
SLC26A7,-0.6497518038328105
SLC26A5,-0.6497518038333384
SLC26A6,-0.6497518038351692
LEMD3,-0.6501402506391046
LEMD2,-0.6501402506690999
CZIB,-0.6502230005660854
SPTAN1,-0.651388168011558
ZBTB40,-0.6547450823788363
CLTA,-0.6554777751803642
CLTB,-0.6554777752148727
DPEP2,-0.6569553645628645
DPEP1,-0.6569553645741202
DPEP3,-0.6569553646239218
BDP1,-0.6570414974514481
USP46,-0.6571392990982649
USP12,-0.6571392991175455
NSUN4,-0.6572412137172239
ZNF576,-0.6576023079133193
SCAND1,-0.657602307913502
PLAGL1,-0.6576023079168131
PLAGL2,-0.6576023079298788
PEG3,-0.6576023079329537
ZNF518A,-0.6576023079353335
REST,-0.6576023079354153
ZNF444,-0.6576023079361561
OVOL2,-0.6576023079369714
ZSCAN1,-0.657602307943309
ZNF274,-0.6576023079487988
ZSCAN5A,-0.6576023079516787
ZNF446,-0.6576023079525425
ZKSCAN2,-0.6576023079578014
ZNF202,-0.6576023079618476
ZNF518B,-0.6576023079669131
ZNF131,-0.6576023079701279
ZSCAN18,-0.657602307971866
ZSCAN29,-0.6576023079803807
ZSCAN32,-0.6576023079805734
ZSCAN5B,-0.657602307980584
ZNF18,-0.6576023079814772
PLAG1,-0.6576023079836959
ZNF496,-0.6576023079859261
OVOL3,-0.6576023079909612
ZNF641,-0.6576023079913201
ZNF174,-0.6576023079920479
ZNF770,-0.6576023079921673
ZSCAN5C,-0.6576023079956246
COX18,-0.6580726086042608
MFSD6,-0.6591593099644512
RPL10,-0.6593356055793892
RPL10L,-0.6593356055895992
QDPR,-0.6606913524069558
PBDC1,-0.6608222177550253
U2AF1,-0.6610288495604809
U2AF1L4,-0.6610288495739186
MRPL46,-0.6611596591239303
HMCES,-0.6619446667446713
TMEM179,-0.6624409090111539
EN1,-0.6630989217813945
CPHXL,-0.6630989217890556
CPHXL2,-0.663098921791761
MPPE1,-0.6635913459733533
PARVG,-0.6640673409931083
PARVA,-0.6640673410118572
PARVB,-0.6640673410343
ZPR1,-0.6643606816676754
KCND3,-0.664501135400152
ITGB1BP2,-0.6646485714934665
IPMK,-0.6654514924508844
DTWD2,-0.6677148557563779
MICALL1,-0.6679090510547209
POLR2C,-0.6682521768425274
ISY1,-0.6694673111588717
USP22,-0.6695958249314589
ENTPD6,-0.6700378363350327
ENTPD5,-0.6700378363397962
TOB2,-0.671009881311401
TOB1,-0.6710098813208937
AGK,-0.6710303118021521
CALM2,-0.6712972793185373
EFCAB9,-0.671297279318603
CETN3,-0.6712972793198805
CALM1,-0.6712972793270169
CALML3,-0.6712972793319761
CALML6,-0.671297279349907
CALM3,-0.671297279393807
EFCAB7,-0.6712972793948891
NDUFB9,-0.6720374420249263
TFEB,-0.6722508668173544
MITF,-0.6722508668231711
TFE3,-0.6722508668535241
TFEC,-0.6722508668928956
RAP1GAP2,-0.6723348881005504
SIPA1,-0.6723348881196595
RAP1GAP,-0.6723348881347295
SIPA1L2,-0.6723348881546527
SIPA1L1,-0.6723348881617545
GARNL3,-0.6723348881715931
SIPA1L3,-0.6723348881801035
TSEN2,-0.6736584079454521
EARS2,-0.6738916295936268
EIF2D,-0.6756419839562215
ZNF703,-0.6767770579915
ZNF503,-0.6767770580029966
ERCC2,-0.6789595928332444
HEXD,-0.6791689796895302
ASB17,-0.679338254862754
NOC3L,-0.6795729324211186
ANAPC10,-0.6802491574004321
DNAJC13,-0.6803466610580745
OSGEPL1,-0.6807427194195556
ETF1,-0.6810317453220706
PYM1,-0.6811919622566017
PREB,-0.6828769418647963
TXNL1,-0.6829725861318423
CSAD,-0.6832755955476046
TMEM70,-0.6834249645941283
UBA5,-0.6837590202013638
ZBED6,-0.6842485402043914
TSEN54,-0.6850530549716936
EXOC5,-0.6853411032815268
UBE3A,-0.6858686641737204
SLCO4A1,-0.6866783644530003
TDP1,-0.6874385891905862
RNMT,-0.6875966562022924
MARS2,-0.6884273195863496
ZFPL1,-0.6897976420207921
SART1,-0.6906997274357983
PBK,-0.6912184703010276
UBL5,-0.6913198331466173
H4C2,-0.6915179396535042
H4C9,-0.6915179396540347
H4C13,-0.6915179396628078
H4C16,-0.691517939668414
H4C11,-0.6915179396774227
H4C15,-0.6915179396777777
H4C8,-0.6915179396951425
H4C14,-0.6915179397033661
H4C1,-0.6915179397121611
H4C4,-0.6915179397246978
H4C6,-0.6915179397271
H4C5,-0.6915179397283437
H4C12,-0.6915179397303192
H4C3,-0.6915179397309925
SDHAF3,-0.691644508625944
FNTA,-0.6920075276323656
DLST,-0.6923527444070864
DRAP1,-0.6936033187449435
DCAF5,-0.693853607150616
PUM1,-0.6940009404173457
PUM2,-0.6940009404539715
CKS2,-0.6948052314804751
ALG10B,-0.6958009099690404
ALG10,-0.6958009100068593
PPME1,-0.6965319212726204
POMT2,-0.6971477304465951
POLR3A,-0.6978713735485368
CCNB3,-0.6986836156981692
OSBP,-0.6990280688559847
OSBPL6,-0.699028068857818
OSBPL11,-0.6990280688609084
OSBPL8,-0.6990280688682892
OSBPL1A,-0.699028068883157
OSBPL2,-0.699028068886856
OSBPL10,-0.6990280688894874
OSBPL7,-0.6990280688968707
INPP4B,-0.700881660421146
DPP3,-0.7031772981761609
CACNG7,-0.7034972782171902
CACNG5,-0.7034972782519938
ZNF775,-0.7044923289108684
TTLL13,-0.7045729674208829
SUOX,-0.70502079495006
NEMP1,-0.7056191140235937
NEMP2,-0.7056191140490242
UGCG,-0.7057072017901771
METTL4,-0.7069801005440325
TMC2,-0.707664566895659
TMC1,-0.7076645669242999
C5orf22,-0.7083657592353696
CPSF4,-0.7085751312582748
NDOR1,-0.709066713442296
ALKBH6,-0.7099028762230051
SLC39A10,-0.7103660273049535
SLC39A4,-0.7103660273441248
SIRT4,-0.7104283258108004
SRRM1,-0.7110039625826665
CUL1,-0.7120503656032587
MRPL15,-0.712660685171235
BLOC1S4,-0.7130642068101588
BCAS4,-0.7130642068304341
TUFM,-0.7132058864681738
TRNT1,-0.7149512217054425
EXOSC9,-0.717315577206678
ARMT1,-0.7179095015643546
DMAC2,-0.719023497594114
NUDCD3,-0.7192023854547219
FRMD8,-0.7192502062926928
TMEM170A,-0.7200030515180547
TMEM170B,-0.7200030515449525
CLSPN,-0.7202804701609362
PPP1CA,-0.7210575568050991
COG6,-0.7215780978082784
POLR3F,-0.7218891088238004
UPP2,-0.7232554601911879
SEC23B,-0.7239048592814508
TULP3,-0.7244939557959881
TULP2,-0.7244939558315492
TULP1,-0.7244939558384432
EXD2,-0.7247381235456015
HS3ST3A1,-0.7258327941938659
NDST3,-0.7258327941964564
HS3ST2,-0.7258327942003467
HS3ST3B1,-0.7258327942359046
HS3ST4,-0.7258327942831213
ORC2,-0.7261039584321772
ALKBH8,-0.7271826972132981
TMCO6,-0.7272156938440938
RUNDC1,-0.7280207010881301
GLG1,-0.7290465082825743
TAX1BP3,-0.7296483477075653
DBR1,-0.729783042136283
ESS2,-0.7299128727811547
EIF2B5,-0.7301843619955921
SLC38A10,-0.7318990332293709
SLC35C2,-0.7325030829418658
CMTR2,-0.7325471921475004
PNKP,-0.7332870977209992
EYA1,-0.7332964056884375
EYA2,-0.7332964057232672
EYA4,-0.7332964057355104
EYA3,-0.7332964057402886
EFNA4,-0.7345893516365849
EFNA3,-0.7345893516371859
EFNA2,-0.7345893516665479
EFNB3,-0.7345893516730694
EFNB2,-0.7345893516847581
EFNA1,-0.7345893516867109
EFNA5,-0.7345893516907136
EFNB1,-0.7345893516969366
SCYL2,-0.7347611311245497
VPS25,-0.7361441048946725
PPIF,-0.7372373395067561
TSSC4,-0.7383430748543532
FAM20C,-0.7386107125352943
FAM20A,-0.738610712547529
NUCB1,-0.7398651403493017
NUCB2,-0.739865140379428
RIC1,-0.7402668824266367
ENY2,-0.7403758165222855
ACP7,-0.7405484431994206
CREG2,-0.7407098711691085
CREG1,-0.740709871182252
TPR,-0.7414000269213452
MRPL19,-0.7418228750127224
NDUFS3,-0.7420870722825637
PAM16,-0.7429742866216971
COA7,-0.7440871348559516
GARS1,-0.7442795484813095
DYNC1H1,-0.7445534790560696
MTX2,-0.7456123845840216
ANAPC5,-0.7465159632162741
ALG11,-0.7465731578423549
DEF8,-0.7465837449245998
BLZF1,-0.7485226650745376
ALKBH4,-0.7485489368936652
AHCTF1,-0.750701302031516
COMMD2,-0.7511128817952715
METTL22,-0.7512355586761474
PGAP3,-0.7517282021605751
HINT2,-0.7548729654128518
TMEM161B,-0.7548949132327841
TMEM161A,-0.7548949132424887
SAA1,-0.7550375412628294
SAAL1,-0.7550375412657147
SAA4,-0.7550375412754011
SAA2,-0.7550375413505153
BCAR3,-0.7551133346659439
SH2D3C,-0.7551133346773337
SH2D3A,-0.7551133347234402
DDB1,-0.7554009033318974
TRAPPC11,-0.7559721627914449
VBP1,-0.7563236863538161
CFAP52,-0.7569725004477923
NPC1L1,-0.7571483582621724
CDK1,-0.7587080117967221
PCID2,-0.7591604051282722
TTK,-0.7600657746375891
ATP6V1C2,-0.7601648678710982
ATP6V1C1,-0.7601648679603668
CBLIF,-0.7605142840987363
TCN2,-0.7605142841674613
TCN1,-0.7605142841688837
ORC5,-0.7607544163097062
NAA20,-0.761012140533692
GCAT,-0.7613075215673354
GTF2E1,-0.7623980139346179
UPF3A,-0.7627925964494733
UPF3B,-0.7627925965109511
PREPL,-0.7649111517516011
PREP,-0.7649111517761141
KPNB1,-0.765837147390221
FBXO43,-0.7661753374055263
FBXO5,-0.7661753374563798
SOD2,-0.766407089424547
NEDD8,-0.76693053857519
MCMBP,-0.7679062413406269
EXOC3,-0.7682808290051231
SESN1,-0.7691915268123359
SESN3,-0.7691915268263506
SESN2,-0.7691915268270815
COPG1,-0.7702602587829674
COPG2,-0.7702602587922618
CCDC63,-0.7711576958526069
SF3B6,-0.772639759178556
DCTN5,-0.7737524111153716
DGKA,-0.7739668807368215
DGKH,-0.7739668807383593
DGKG,-0.7739668807632414
DGKD,-0.7739668807843798
DGKZ,-0.773966880793548
DGKI,-0.7739668808041931
DGKE,-0.7739668808265058
CBX1,-0.7746562843649026
CHMP5,-0.7758229242221483
TMEM50B,-0.7758465168484572
TMEM50A,-0.7758465168548146
TEX2,-0.776233643756864
GPN3,-0.7770087580857102
SSTR1,-0.7770709927882103
OPRD1,-0.7770709927963001
LTB4R,-0.7770709928111061
SSTR3,-0.7770709928271634
OPRK1,-0.7770709928358503
PTGDR2,-0.7770709928378008
NPBWR1,-0.7770709928461531
OPRL1,-0.7770709928540002
CMKLR2,-0.777070992859827
OPRM1,-0.7770709928719357
GPR149,-0.7770709928735355
NPBWR2,-0.7770709928752526
LTB4R2,-0.7770709928779448
SSTR4,-0.7770709928792038
SSTR5,-0.7770709928811105
CHCHD1,-0.7774499825390893
MRPL4,-0.7780560772251265
NLN,-0.7783822541558014
THOP1,-0.778382254173843
EMC7,-0.7819663523385663
HTR5A,-0.7820207681126731
PGGT1B,-0.7823777096333253
WDR70,-0.782414012296671
INPP5A,-0.7827134483274318
ARHGAP28,-0.7842054241665816
ARHGAP40,-0.7842054241877948
ARHGAP18,-0.7842054242006065
HS6ST1,-0.7848854846527542
HS6ST3,-0.7848854846762594
HS6ST2,-0.7848854846763503
DNAL1,-0.7850508387232226
EEF1B2,-0.7867532454072944
EFCC1,-0.7867532454454498
EEF1D,-0.7867532454663096
SLC20A1,-0.7879352227061381
SLC20A2,-0.7879352227078266
MTARC1,-0.7885063233821102
NCKAP5L,-0.7886593577046592
NCKAP5,-0.7886593577238954
NUP93,-0.7890612823846006
SLC30A9,-0.7903343866487273
FIZ1,-0.7905206327028395
SENP8,-0.792180177351522
SYNGR1,-0.7924938081214973
SYNGR3,-0.792493808142927
SYNGR2,-0.7924938081509029
SYNGR4,-0.7924938081688025
HAGHL,-0.7945075639814816
HAGH,-0.7945075640119111
PNKD,-0.7945075640156087
MBLAC2,-0.7945075640272375
MRGBP,-0.7945156208736359
TIMM13,-0.7946721591527717
SLC39A3,-0.7967245194164175
NUDT4B,-0.7970762113392795
NUDT4,-0.7970762114003069
FOXL2,-0.7986037072710557
INTS9,-0.7992890180635392
RPP30,-0.7997949135538659
ENDOG,-0.8020142452723221
COQ6,-0.8031929444021154
WDR20,-0.8042592202917349
DMWD,-0.8042592203402644
SCPEP1,-0.8046314960985818
NUP43,-0.8048762781724884
CADPS2,-0.805101855826102
DALRD3,-0.8053718162502205
VTI1A,-0.8057201752208037
CORO7,-0.8059280981273297
MRPS35,-0.8063317672762668
CSTF3,-0.8065736843173337
TAF7,-0.8084916990285476
TAF7L,-0.8084916990477995
TSR3,-0.8085796639322483
MGAT4A,-0.8086475342866646
MGAT4B,-0.8086475343107209
MGAT4D,-0.8086475343464385
MGAT4C,-0.8086475343635365
C22orf39,-0.8090726950491943
TSN,-0.8109789748310903
TOMM20L,-0.8114357604504737
TOMM20,-0.81143576049581
SMARCD1,-0.8157732199901662
LSM11,-0.815871313012916
SMN2,-0.8167395382309166
SMN1,-0.8167395382803159
SART3,-0.8183515232040479
IMMP2L,-0.8189458914236423
HSP90AB1,-0.81917036608767
HSP90AA1,-0.8191703661121043
ENKUR,-0.8195829052459048
ATP5F1B,-0.8199760921260006
IBTK,-0.8229883412841322
PIK3AP1,-0.8233401024558715
BANK1,-0.8233401024984384
GPS1,-0.8240474240511736
DIPK1B,-0.8243106651804707
DIPK1A,-0.8243106652539868
DIPK1C,-0.8243106652587681
AK2,-0.8243912056464545
METTL6,-0.8244192163736807
TUBB2B,-0.826797067699435
TUBB2A,-0.826797067743653
TMEM222,-0.8276366623140136
HAT1,-0.828175183188186
PTOV1,-0.8285766934074164
MED25,-0.8285766934136224
YIPF1,-0.8287706111120764
YIPF2,-0.8287706111807494
DDX41,-0.8295670596732974
FZR1,-0.8299964506457109
BTRC,-0.8309509474190594
PGLS,-0.8325719756894078
RNF175,-0.8334033749106183
RNF121,-0.8334033749626764
SPRYD7,-0.8340918030151281
TNPO3,-0.8353451613568549
MRPS12,-0.8355615894680758
SDHA,-0.8380689171570445
EXOC7,-0.8381068820863594
WASHC3,-0.8382835086764252
IFT46,-0.8388439510342923
FMN2,-0.8392501444164165
CDK5,-0.8408351819270945
CCT7,-0.8423749743136467
B3GALT6,-0.843174316864449
CSNK1G2,-0.8443105129624962
ACTR3,-0.8446085147322732
FAM98C,-0.8454601041280341
FAM98A,-0.8454601041343893
FAM98B,-0.8454601041526688
SLC39A12,-0.8467690304143057
SLC39A5,-0.8467690304389491
ODAD2,-0.8468027694426296
RCC1L,-0.8494748441679719
PARS2,-0.8497584133932595
TSNAX,-0.8517391628022826
PDCD5,-0.8520648174589189
SELENOT,-0.8521073924071498
LRRC43,-0.8550036850945749
PPP1R42,-0.8550036850955304
LRGUK,-0.8550036851121618
LRRC46,-0.8550036851195798
LRRC23,-0.8550036851321816
LRRC9,-0.8550036851340256
LRRIQ3,-0.8550036851350057
LRRCC1,-0.8550036851390578
LRRC61,-0.8550036851460782
DRC3,-0.8550036851682207
ZNF264,-0.8553784990527772
ZNF556,-0.8553784990535506
ZNF875,-0.8553784990537865
ZNF491,-0.8553784990576038
ZNF343,-0.8553784990579011
ZNF596,-0.855378499058266
ZNF19,-0.8553784990590164
ZNF555,-0.855378499059539
ZNF80,-0.8553784990617168
ZNF705B,-0.8553784990674875
ZNF599,-0.8553784990677141
ZNF124,-0.8553784990695266
ZNF684,-0.8553784990778595
ZNF846,-0.8553784990837159
ZNF77,-0.8553784990838195
ZNF749,-0.8553784990854194
ZNF674,-0.8553784990863239
ZNF404,-0.8553784990868624
ZFP37,-0.8553784990882569
ZNF705A,-0.8553784990886403
ZNF582,-0.8553784990890605
ZNF169,-0.8553784990909445
ZFP69B,-0.8553784990920082
ZNF329,-0.8553784990930734
ZNF805,-0.8553784990939596
ZNF425,-0.855378499094883
ZNF589,-0.8553784990949128
ZNF10,-0.8553784990953521
KRBOX4,-0.8553784990955895
ZNF529,-0.8553784990957788
ZNF133,-0.8553784990962816
ZNF20,-0.8553784990999131
ZNF25,-0.8553784991006352
ZNF566,-0.8553784991012049
ZNF560,-0.8553784991034333
ZNF620,-0.8553784991038151
ZNF248,-0.8553784991059334
ZNF891,-0.8553784991069033
ZNF550,-0.8553784991072604
ZNF35,-0.8553784991095772
ZNF763,-0.8553784991127173
ZNF70,-0.8553784991180273
ZFP69,-0.855378499118998
ZNF557,-0.8553784991212439
ZNF439,-0.8553784991217529
ZNF614,-0.8553784991235283
ZNF266,-0.8553784991288763
ZNF559,-0.8553784991292581
ZNF554,-0.8553784991298268
ZNF558,-0.85537849913369
ZNF705G,-0.8553784991337694
ZNF177,-0.8553784991343467
ZNF669,-0.8553784991386433
ZNF69,-0.8553784991387936
ZNF619,-0.8553784991424122
ZNF337,-0.8553784991460506
ZNF705D,-0.8553784991465229
ZFP90,-0.8553784991486554
ZNF440,-0.8553784991489285
TMEM104,-0.8556347427813085
CHEK2,-0.8558970429742335
CHTF8,-0.8560735392587017
USH1G,-0.856151109363601
ANKS4B,-0.856151109373295
BNIP1,-0.8575668812685895
METTL9,-0.8578709403995818
KDSR,-0.8591348703213858
AP3M2,-0.8594388574792436
LAMTOR4,-0.8609014986833298
IER3IP1,-0.8609658950236958
MLF2,-0.8618288871345926
MLF1,-0.8618288871625983
TRMT2A,-0.8627661208475128
TRMT2B,-0.8627661209022778
TAF2,-0.8659021983925761
LRCH3,-0.8668799698287716
NPC1,-0.8681133579392251
KCTD9,-0.8700809949157621
RAD51C,-0.8707078340616091
ANKRD31,-0.8714179462225912
ANKRD36C,-0.8714179462331612
ANKRD36,-0.8714179462921754
ANKRD36B,-0.8714179463039966
TMEM184C,-0.8722885095358711
STAT5A,-0.872501784965003
STAT6,-0.8725017849731153
STAT5B,-0.8725017849796927
DERL1,-0.8727707283651378
NOL6,-0.8741936830095212
LIAS,-0.8743613256774502
WDR24,-0.8748488091517815
CRYM,-0.8763947063417444
NACA2,-0.8782218888178959
TTC4,-0.8812042461879056
METAP1,-0.8814110978970504
DLG5,-0.8818886614970333
YIF1B,-0.8823468383152944
YIF1A,-0.8823468383255066
NUBP2,-0.8828788423684191
ADISSP,-0.8838141280420666
SIK1,-0.8838671952073339
TSSK6,-0.8838671952138293
PRKAA1,-0.8838671952212134
NUAK2,-0.8838671952388903
NUAK1,-0.8838671952529029
TSSK3,-0.883867195257988
HUNK,-0.8838671952587112
TSSK2,-0.8838671952698308
BRSK1,-0.883867195285336
SNRK,-0.8838671952958282
ZNF830,-0.8838817508325651
BIRC5,-0.8845290216812703
NAIP,-0.8845290216871758
BIRC3,-0.8845290217092299
BIRC2,-0.8845290217108941
NLRC4,-0.8845290217240862
BIRC7,-0.8845290217298123
XIAP,-0.8845290217603334
CNOT8,-0.8862502531423398
CNOT7,-0.886250253167183
ATRX,-0.8869698984896365
PRSS56,-0.8872229104490271
LPA,-0.8872229104502096
LSM7,-0.887452519012718
GTF2A2,-0.890062567998546
EIF4ENIF1,-0.8914117582985928
TRIM59,-0.8915834252571875
IFT80,-0.8915834252859982
NDNF,-0.8920652900199798
SLC52A2,-0.8926796415131254
SLC52A1,-0.8926796415742512
SLC52A3,-0.8926796415975193
RTRAF,-0.8928612435630063
LRRC57,-0.8933642606240332
TARS3,-0.894498993960913
TARS2,-0.8944989939870507
CPEB1,-0.8951787080941797
ARL2,-0.8963412269705683
MLXIPL,-0.8965859358097465
MLXIP,-0.8965859358176548
ATP2B4,-0.8991789627560534
PLGRKT,-0.9026838949833884
ERO1B,-0.9027173164317929
ERO1A,-0.9027173164537668
UBE3B,-0.9028534922456088
TMEM138,-0.9030466859172264
SEC11A,-0.9032206352432807
SEC11C,-0.9032206352883564
XYLT2,-0.9050758022508243
GCNT4,-0.9050758022571107
WSCD2,-0.9050758022666407
GCNT3,-0.9050758022862133
XYLT1,-0.9050758023064006
GCNT2,-0.905075802317305
GCNT7,-0.9050758023292006
GCNT1,-0.9050758023342403
SMNDC1,-0.9055413967283964
CHAC2,-0.9061381547426764
SMIM12,-0.9067796204663364
TXLNB,-0.9071472743563396
TXLNG,-0.9071472744112514
VPS16,-0.9075462142588124
PEX11G,-0.9092654359895448
RNF113A,-0.9114020185533478
RNF113B,-0.9114020185836053
MOB3A,-0.9116249888860306
MOB3B,-0.9116249888969482
MOB3C,-0.9116249889061865
ASCC1,-0.9140217449214558
TPD52L2,-0.9146630442894955
TPD52,-0.9146630442927736
TPD52L1,-0.9146630443043918
TPD52L3,-0.914663044316652
ARFGAP1,-0.9148969779854572
SIX1,-0.9153633030096114
ADAT3,-0.9160248512096674
RGR,-0.9172616139356929
GALR2,-0.9172616139497727
SRP19,-0.9182116957047706
WDR45B,-0.9185361097277084
ISCA2,-0.918757773181661
KXD1,-0.9188307159283532
MRI1,-0.9195256465284634
SHANK2,-0.9197787653764794
SHANK3,-0.9197787654345213
SHANK1,-0.9197787654549409
RFC5,-0.9206929699909878
MTOR,-0.9217727010887456
EDF1,-0.9242953788238458
SGCZ,-0.9243462128523746
SGCD,-0.9243462128730127
SGCG,-0.9243462129172751
TUBGCP6,-0.9245750204865636
FBXO11,-0.9253194347162478
FBXO10,-0.925319434718438
TPGS2,-0.9262860732070728
FLVCR2,-0.9268237021765529
FLVCR1,-0.9268237021832957
TKTL1,-0.9286712125798976
VPS8,-0.9291315668391548
PCMT1,-0.9291859893915592
KIAA2013,-0.929989929195987
PDZD4,-0.9300064677528761
PDZRN4,-0.9300064677613581
PDZRN3,-0.9300064677648654
PRKACA,-0.9345095034703582
PRKACG,-0.9345095034905346
PRKG1,-0.9345095035001822
PRKG2,-0.9345095035006752
PRKACB,-0.9345095035222081
NDUFA11,-0.934941300869652
UBE2N,-0.9356930253435738
UBE2NL,-0.9356930253756819
SVOP,-0.9362955403296128
TALDO1,-0.9367463004778336
TMEM47,-0.9368688415072103
PERP,-0.9368688415243889
NCAPD2,-0.9370137118395672
PPP2R1A,-0.938352961205918
PPP2R1B,-0.938352961219545
EPB41L5,-0.9391600064133121
EPB41L4A,-0.9391600064302791
CARS1,-0.9412900791197072
BRK1,-0.9422463634950352
GGCT,-0.9460968687516584
POLD2,-0.9461702233071568
GNPTAB,-0.9464053067692946
REPIN1,-0.9466237738796862
PRPF31,-0.9468858303910912
COTL1,-0.9478963152167924
NTMT1,-0.9483604616465997
NTMT2,-0.9483604617376303
MRPL41,-0.9484109014197512
ELOA,-0.9489214926284166
ELOA2,-0.9489214926740099
MRPL36,-0.9493314017282236
OSR1,-0.9498424752169041
OSR2,-0.9498424752691672
CSE1L,-0.9510992827863798
CFAP20,-0.952672415819263
CKMT2,-0.9549116752632021
CKMT1B,-0.9549116752857015
CKMT1A,-0.95491167530485
IMPDH1,-0.9562159534993022
RPS9,-0.9566380264337664
TTC17,-0.95773643171683
FBXO42,-0.957933224392308
CTU2,-0.9595432619803408
LIG3,-0.9596974861792088
AARS2,-0.9600731189018364
MRPS30,-0.9623903049911507
ECI2,-0.9627546838571325
DBI,-0.9627546839230651
TOR1B,-0.9641854649382938
TOR1A,-0.9641854649613243
TOR4A,-0.9641854649720117
TOR2A,-0.9641854649844602
TOR3A,-0.9641854650216289
ATAT1,-0.9676664653419756
ANKS1A,-0.967671792733618
MCU,-0.9680034911795866
KPRP,-0.968072193128823
TTLL8,-0.9680721931653528
TTLL6,-0.9680721931655621
RHBDL1,-0.9687413696142215
RHBDF1,-0.9687413696681476
RHBDL2,-0.9687413696781588
RHBDF2,-0.9687413696927838
CRB1,-0.9688023702182758
TENM1,-0.9688064443749306
TENM3,-0.9688064443837926
TENM2,-0.9688064444333555
NAGPA,-0.9688064444445819
TENM4,-0.9688064444501657
MTREX,-0.9688858171612058
BTBD7,-0.9695819548437116
SH3RF2,-0.9703017654785313
SORBS3,-0.9703017654967762
SH3D19,-0.970301765501793
SORBS1,-0.9703017655218226
NCF4,-0.9703017655306467
SH3RF3,-0.9703017655457271
SORBS2,-0.9703017655464546
SH3GLB2,-0.9703017655476147
SH3GLB1,-0.9703017655481374
SH3RF1,-0.9703017655489218
SH3GL1,-0.9703017655573813
SH3GL2,-0.9703017655593991
MOSMO,-0.9712449534008252
CCDC88C,-0.9718593633013473
CCDC88B,-0.971859363343618
HOOK1,-0.9718593633556158
HOOK2,-0.9718593633597122
HOOK3,-0.9718593633834386
CCDC88A,-0.9718593633874231
CYB5R4,-0.9725894061447868
GFI1,-0.9734544681159504
EGF,-0.9736204672170652
MED15,-0.9744307548996036
CHMP6,-0.9755637926213704
AP2B1,-0.9769581670840868
AP3B2,-0.9769581671210478
AP4B1,-0.9769581671625336
AP3B1,-0.9769581671740817
IFRD2,-0.9776271183693416
IFRD1,-0.977627118422826
RMND1,-0.9786136004178748
CRCP,-0.9789711188959151
ANKFY1,-0.9792039897480548
NAF1,-0.979709844404104
RPS15A,-0.9799664919107456
NCKAP1L,-0.981293029935739
NCKAP1,-0.9812930299667754
MRPL51,-0.9818763362219688
GOLGA6D,-0.9819116211133739
GOLGA8S,-0.9819116211248617
GOLGA8H,-0.9819116211284122
GOLGA6B,-0.9819116211325924
GOLGA8A,-0.9819116211343525
GOLGA8M,-0.9819116211401799
GOLGA8G,-0.9819116211455237
GOLGA8F,-0.9819116211507355
GOLGA8N,-0.9819116211550194
GOLGA8O,-0.9819116211618113
GOLGA2,-0.9819116211701343
GOLGA6C,-0.9819116211730935
GOLGA8R,-0.9819116211765442
GOLGA8B,-0.9819116211776862
GOLGA6A,-0.9819116211829666
GOLGA8K,-0.9819116211893559
GOLGA8Q,-0.9819116212058507
GOLGA8T,-0.9819116212082825
GOLGA8J,-0.9819116212089267
GTSF1L,-0.9820314531007972
GTF2H1,-0.9827889397418372
CALB2,-0.9862380440662692
SCGN,-0.9862380440857387
CALB1,-0.9862380440905208
CAPN12,-0.9897701661657498
CAPN8,-0.9897701661665121
CAPN13,-0.9897701662178064
CAPNS2,-0.9897701662231462
NUDT18,-0.9898846333640752
C11orf54,-0.9920455616674332
GNAO1,-0.9922240783151808
XRCC1,-0.9935009567993768
XNDC1N,-0.9935009568033412
IFT52,-0.9935485204161963
TNS2,-0.9935936792706757
TNS4,-0.9935936792783163
LYPLAL1,-0.9936309094230198
ARFRP1,-0.993880210841488
LETM1,-0.9950780369156472
LETM2,-0.9950780369360449
REV1,-0.9969946305073356
UQCC1,-0.9972312747663704
CGREF1,-0.9996630982230565
MCFD2,-0.9996630982386039
RTN4,-0.999929558577796
RTN2,-0.9999295585838288
PRR18,-0.9999295586438035
RTN1,-0.999929558648799
RTN3,-0.9999295586601057
LMAN1L,-1.001034354182106
XYLB,-1.001055189022219
NUP42,-1.0026129586441397
DMRTC1B,-1.003227598286338
DMRTC1,-1.0032275983143637
KCTD18,-1.0056788494413662
KCTD8,-1.0056788494453834
KCTD16,-1.005678849455952
KCTD19,-1.0056788494598712
KCTD6,-1.0056788494799271
KCTD14,-1.0056788494817643
KCNRG,-1.0056788494957463
KCTD15,-1.0056788494970024
KCTD7,-1.0056788495119984
KCTD1,-1.005678849512606
KCTD4,-1.0056788495213453
KCTD11,-1.0056788495231632
KCTD21,-1.005678849524133
CCT2,-1.0081350698512432
RUBCN,-1.009236420779894
PLEKHM1,-1.009236420781711
RUBCNL,-1.009236420803747
PLEKHM3,-1.0092364208082885
VPS35L,-1.0093990343982295
COPS3,-1.0099008740238706
FARSA,-1.0102295798927945
NEXN,-1.0111184112425855
RPL10A,-1.0115585700902636
PPP1R8,-1.0117545598319584
PPP1R21,-1.0129574556680938
NCSTN,-1.0130492647866929
XXYLT1,-1.0134320592317425
INTS5,-1.0136953933478117
NDUFA9,-1.0137351377732815
PACRG,-1.01631549136352
NDUFB8,-1.0164221867983183
ADSL,-1.016497408198181
NCKIPSD,-1.01667058171172
CNNM2,-1.0187860956531067
CNNM3,-1.0187860956533268
CNNM4,-1.0187860956562635
CNNM1,-1.0187860956613994
WBP2,-1.0191487334099831
WBP2NL,-1.0191487334118086
METTL13,-1.020424638935269
RPAP3,-1.020548515094135
EMC2,-1.0220625512854575
PPP1R15A,-1.0240863644069864
PPP1R15B,-1.024086364476185
RCHY1,-1.024269582859397
TBCB,-1.0246171109613391
SAMHD1,-1.0247547475275556
PRMT2,-1.024944846619119
PDZD11,-1.0308930643514744
LIN7B,-1.0308930643620493
LIN7C,-1.030893064423942
LIN7A,-1.0308930644417835
TMEM35B,-1.0332887144365077
TMEM35A,-1.033288714513178
NSUN5,-1.0334061309218852
ARMC6,-1.0335290904694832
SRPK1,-1.0347994402897411
MAPK4,-1.0347994403067067
MAPK6,-1.0347994403089762
MUL1,-1.0358298792216118
FASN,-1.0364044720460102
MAP3K5,-1.0378996328443795
MAP3K6,-1.037899632856514
MAP3K15,-1.0378996328574839
CYB5D2,-1.0380405955101215
CRHR1,-1.038325243525318
ZNF219,-1.0387811749022344
SALL2,-1.0387811749238107
KLHL20,-1.0387912821674496
METTL25B,-1.0407987894067463
METTL25,-1.0407987894871356
STK3,-1.0435969098654696
DHX33,-1.0441653509257005
HPS1,-1.045134514540413
CCDC47,-1.0451977993690018
FERRY3,-1.046810765399141
FAT4,-1.0471374454044269
CLEC16A,-1.0482640003872403
IDUA,-1.0488390469935078
TRAF3IP1,-1.0510134690670003
PICK1,-1.0524844319776427
NARS2,-1.053279774846784
GABBR1,-1.054417716453847
HSPBP1,-1.056045958980346
PBRM1,-1.0565127315868166
UBE2V2,-1.0584724022350531
NUDC,-1.0590374139759149
JMJD8,-1.0595306826904367
RGN,-1.0611876668880054
KDM8,-1.0656696233029446
BBS5,-1.0688794355398863
MOCOS,-1.069067691752302
HELQ,-1.070598163470952
MYO6,-1.0715924057993065
PCGF3,-1.0722389956814455
PI4KB,-1.0731789818888082
RNF40,-1.0732278730239098
RNF20,-1.0732278730576867
SERAC1,-1.0733160088872562
POLR2L,-1.0737589465574822
SMPD1,-1.0742251755705017
SRP9,-1.0742488552689191
GTPBP1,-1.0748329599132953
CACYBP,-1.0751015972293978
EXOC6,-1.0771423728189502
MINPP1,-1.0774532075153749
SRD5A3,-1.0780416851166224
COQ3,-1.0782839363013348
MAP3K4,-1.0810761946615894
NEK1,-1.0810761946650314
MAP3K2,-1.0810761946800311
MAP3K3,-1.0810761947265033
SNRPG,-1.0838058626508782
POLR2E,-1.0845925467412674
MASTL,-1.08459749401022
FBXL19,-1.084703854016456
STX6,-1.0848836346212887
STX10,-1.0848836346287911
STX8,-1.084883634667893
PPP1R9A,-1.086816014788987
SAMD14,-1.086816014812193
PPP1R9B,-1.0868160148244024
MYL9,-1.0868584445580491
MRPS10,-1.0869812224556237
BARX2,-1.0925846209154437
BARHL2,-1.0925846209395256
BARX1,-1.0925846209445798
BARHL1,-1.0925846209517014
SH3BP1,-1.0932662440273873
ARHGAP44,-1.0932662440367173
ARHGAP17,-1.0932662440441918
CTR9,-1.097573544349892
BCAS2,-1.097887070806462
SKIC2,-1.098273023919118
CELF6,-1.0987348758456912
CELF5,-1.0987348758660307
EFL1,-1.0989267083253784
LIN52,-1.1011121900457268
COMMD3,-1.1016232228477598
ENGASE,-1.1019325605450387
CNOT10,-1.1046674884123555
G6PC2,-1.1048729478838508
G6PC1,-1.1048729478857338
G6PC3,-1.1048729478955666
CCDC6,-1.1050153921834205
PELI2,-1.1050664493516495
PELI3,-1.1050664494152407
PELI1,-1.1050664494267508
HDHD2,-1.1058169033276657
POLR3B,-1.1063592232443134
CCDC186,-1.1063606545084743
CCT8,-1.1063917695627277
NAA40,-1.1076833660651138
SMU1,-1.1077909445828915
RNPEP,-1.1103467544733538
TXNL4A,-1.1107250164393612
TXNL4B,-1.1107250164867868
VPS9D1,-1.110963039459352
RIN2,-1.1109630394897132
RIN1,-1.1109630395092955
RIN3,-1.1109630395113022
RINL,-1.11096303951767
GGCX,-1.1118792164629276
LSM10,-1.1127161851207914
ARB2A,-1.1133399729562596
PGM2L1,-1.113862750443619
HPRT1,-1.1138627504480276
PRTFDC1,-1.113862750498106
PGM1,-1.1138627505128869
PGM2,-1.1138627505259182
PGM5,-1.1138627505368541
PRKCSH,-1.114549027754558
COX7C,-1.1146584904600478
FIG4,-1.1156014520890103
GSS,-1.1158567076485042
MFAP1,-1.1163937495972485
OCRL,-1.1167118311825268
INPP5F,-1.116711831186949
INPP5D,-1.1167118312029074
SYNJ1,-1.116711831205538
INPP5K,-1.1167118312210522
SH2D1A,-1.1167118312225786
SH2D1B,-1.116711831230173
SYNJ2,-1.1167118312654882
INPP5J,-1.1167118312789626
ATPAF2,-1.1167144365201418
CDK5RAP3,-1.1200492966234463
RTCA,-1.1217534395132815
TDRD6,-1.1236154316077291
TDRD15,-1.1236154316532447
ZNF277,-1.123962666750783
MED30,-1.1249953725191646
USO1,-1.1252058934384208
SSPN,-1.126990142697421
CHAT,-1.127399520362672
MRPS7,-1.1296187995559073
TXNDC8,-1.1300132857795178
TXNDC2,-1.1300132858342897
TMEM192,-1.1313453723926006
MAP2K4,-1.13257170168407
VASN,-1.132924796179616
MRPL14,-1.1330726676761012
NAXD,-1.1344751264253168
NDUFA8,-1.1356247337473897
MPO,-1.1370539302671518
LPO,-1.1370539302805065
PXDNL,-1.1370539302834959
PXDN,-1.1370539302908262
EPX,-1.1370539303148142
ARCN1,-1.1388633647371762
AP1M1,-1.1393163584619002
YTHDC2,-1.1395206443675203
DTWD1,-1.139825770036715
QPCTL,-1.1414009501647493
QPCT,-1.1414009501869518
NCBP2L,-1.141996489558293
NCBP2,-1.1419964896172765
SAMD8,-1.14256012814833
CDK10,-1.1428649952592245
BORCS8,-1.142923699425831
SIK2,-1.143627125116536
FAM8A1,-1.143911845907494
COPB2,-1.1442531184471745
CDIN1,-1.1470975438622038
CNOT4,-1.1472763652839697
PIGS,-1.1480327675093314
ILK,-1.1511171091963577
ZDHHC22,-1.151699113634809
GPSM1,-1.1521507852927462
B4GAT1,-1.1527671620367406
GXYLT2,-1.1527671621070668
WRAP53,-1.154601562986614
ATP5PO,-1.1557913982391907
GYG1,-1.157039657172193
DDX4,-1.157665196189193
PFDN4,-1.1604143969244478
SLC39A11,-1.1610415905151306
YY1,-1.161647806597303
MED23,-1.1631786754912978
APIP,-1.163728450763447
TDRD3,-1.1641919718895666
NDUFA12,-1.1649713218130582
CDPF1,-1.1651387630415415
AIMP2,-1.1664480360743452
GSX2,-1.1673980878746533
PLXNB1,-1.1674524618873476
PLXNB2,-1.16745246190809
PLXNB3,-1.1674524619411781
CLUAP1,-1.1698410016029137
INTS15,-1.1707305043927865
PIGB,-1.1710097902948675
CDK20,-1.173063623323113
SMARCAD1,-1.1734836949083671
NADK2,-1.1739203880938125
MRPL37,-1.1757669818776633
CBFB,-1.1762100003613285
CYB561D2,-1.17653216327198
CYB561D1,-1.176532163314097
PFDN5,-1.1775094747369297
ACTN1,-1.178231245251612
MARCHF6,-1.1783530832803033
MED22,-1.1790544471571505
CCZ1B,-1.1802531788471957
CCZ1,-1.180253178855308
PLAA,-1.1818937053721448
TWF1,-1.1859496235029592
TWF2,-1.1859496235110938
MRPL21,-1.1864492436565042
TRDMT1,-1.1867934938690403
GSAP,-1.18749423654388
KIF3A,-1.1880130767110173
EIF1,-1.188895479993288
OSER1,-1.189673044162066
VPS28,-1.191153738044963
CDKAL1,-1.1916978614641145
CHEK1,-1.1937220373037265
ZNF330,-1.1941286222934426
HDLBP,-1.1948352523944428
TRAPPC1,-1.1996992090252676
MRPL9,-1.1998344349738637
EIF4H,-1.2003553673292044
CPSF3,-1.2005410750147714
ICA1L,-1.2006009868549827
ICA1,-1.2006009868872487
SLC25A34,-1.2028982520467195
RAP1GDS1,-1.2031031469373616
PIGT,-1.2031809518455896
PNN,-1.2042383667180203
RBM7,-1.2061880588427287
RBM11,-1.2061880588842713
CHAF1B,-1.2092270676549146
TAF12,-1.2099925776833078
GPR89B,-1.2102266660969043
GPR89A,-1.210226666101168
ATR,-1.210453161303227
LCMT1,-1.2105709645781149
RRN3,-1.2109338612827332
TM9SF4,-1.2142927727491664
CPSF2,-1.2146811938210988
ZFYVE9,-1.2160521838909726
SNRPA1,-1.2218437340233634
IARS1,-1.2219355470876112
TMEM256,-1.2256799110661083
PPP1CB,-1.225923691704101
CCNH,-1.228922979295572
CCNT1,-1.2289229793172611
CCNL2,-1.2289229793589587
CCNL1,-1.2289229793679832
CD6,-1.229482696931463
CD163L1,-1.229482696934287
CD5L,-1.2294826969402544
CD5,-1.2294826969542585
SSC5D,-1.2294826970000794
LGALS3BP,-1.2294826970184591
SGCB,-1.230007427222406
NFS1,-1.2302497671795367
NIPBL,-1.2303358199326586
HTATSF1,-1.2314242858804
THOC5,-1.2340410154923172
PSMD13,-1.2345118620328028
SCAMP5,-1.2349019214116628
SCAMP1,-1.2349019214371575
SCAMP3,-1.2349019214374646
SCAMP2,-1.23490192144122
SCAMP4,-1.2349019214522634
PCNA,-1.2355782605816026
RNASEH2A,-1.235603015705456
SGSH,-1.238475334878526
HPSE2,-1.2414047318221513
HPSE,-1.2414047318972479
LARGE1,-1.2414688570600103
GXYLT1,-1.2414688570913737
LARGE2,-1.2414688571164518
JTB,-1.241863718837154
BUD31,-1.2423630059954351
SNRPF,-1.2426064572362991
EIF2B1,-1.2436260765352178
ARL6IP1,-1.244565054348696
EIF2B3,-1.245247412211801
GTF2A1,-1.2454501357311822
GTF2A1L,-1.2454501357977485
ROGDI,-1.246117351188731
GRXCR1,-1.2483443687387394
GRXCR2,-1.2483443687893239
TRAF3IP3,-1.2486843121143445
CCDC136,-1.2486843121658093
GPATCH11,-1.2496098264908464
PAIP2B,-1.2497492228500067
PAIP2,-1.2497492229190004
EZR,-1.2499082219150537
MSN,-1.2499082219235416
RDX,-1.2499082219317994
ERMN,-1.2499082219380455
MRPL18,-1.2532733516788612
PRORP,-1.2549835850039703
TMED3,-1.2565504610141407
TMED2,-1.2565504610235851
TMED7,-1.2565504610342673
TMED9,-1.256550461059299
TMED1,-1.2565504610736038
TMED5,-1.2565504610859273
PURA,-1.257776751991868
PURG,-1.2577767520202374
PURB,-1.2577767520358856
POLR2G,-1.258744318788063
ERCC3,-1.2596417003190112
EIPR1,-1.2610406869697175
TTC19,-1.2647247837778732
LSM3,-1.271962902164946
COX5B,-1.273686708184533
EXOC4,-1.274841963088858
SMUG1,-1.2753435664532056
ALPK3,-1.2761261048688324
PALLD,-1.2761261048853498
HMCN1,-1.2761261048892927
OBSCN,-1.2761261048937502
IGFN1,-1.276126104898995
MYOT,-1.2761261049354664
MYPN,-1.2761261049464836
SPEG,-1.2761261049583548
CAPSL,-1.2769006424692917
ANGEL2,-1.2772301207807484
CNOT6L,-1.2772301208104786
CNOT6,-1.2772301208170758
ANGEL1,-1.277230120819767
INTS10,-1.2779948952399065
MX2,-1.2826064677939957
RTN4IP1,-1.2829083542005144
METTL1,-1.2834602476567425
TTC31,-1.2841903889179895
TOMM34,-1.284190388928725
SGTB,-1.2841903889340687
UNC45A,-1.2841903889363748
SUGT1,-1.284190388942463
SPATA16,-1.2841903889514028
SGTA,-1.284190388963272
TTC12,-1.2841903889754214
UNC45B,-1.2841903890044009
TTC32,-1.2841903890104118
RPA4,-1.2860699282332777
GLOD4,-1.2860881295437996
CTU1,-1.2869888909065248
NDUFAF4,-1.288546430014147
NUTF2,-1.291146916566842
STAG1,-1.292481232702792
STAG3,-1.2924812327252593
STAG2,-1.2924812327366002
STARD4,-1.2929331042125543
STARD3,-1.292933104214724
STARD6,-1.2929331042325602
STAR,-1.2929331042424925
STARD3NL,-1.292933104268669
STARD5,-1.2929331042942218
SSTR2,-1.2929567157148212
MRPS31,-1.293173367666529
INTS2,-1.2932862138057677
SYT7,-1.2944759365041767
FIBP,-1.294626376385008
INTS4,-1.2972299340213351
OSCP1,-1.2983497162520157
CAND1,-1.3004881992204675
CAND2,-1.3004881992608166
EPHX1,-1.3018309490102409
FZD7,-1.303802517213921
SFRP2,-1.3038025172249328
FZD5,-1.3038025172306056
FRZB,-1.3038025172321221
FZD9,-1.3038025172426213
SFRP1,-1.3038025172522196
SFRP4,-1.3038025172557905
FZD8,-1.303802517257128
SFRP5,-1.3038025172594683
FZD1,-1.303802517263039
FZD2,-1.3038025172699939
FZD10,-1.3038025172766248
FZD3,-1.3038025172833214
NISCH,-1.3044001335717148
CAD,-1.304674348612701
LAPTM5,-1.304770380138967
LAPTM4A,-1.304770380207334
LAPTM4B,-1.3047703802184116
HSPA9,-1.306539474609755
GTPBP3,-1.307008375386384
PXYLP1,-1.3075078068872463
TNPO2,-1.3137087353469905
CSTF2,-1.3155909264374153
UHMK1,-1.315590926437819
CSTF2T,-1.3155909264434409
ENPEP,-1.3162060913514115
INTS11,-1.3162967819862577
RPS14,-1.3180050038737596
SMPD2,-1.3195572385159111
SUPT5H,-1.3197074047060586
PNP,-1.322377601525963
ARPC4,-1.3264940540375392
NOTCH2NLB,-1.326747643601882
NOTCH2NLA,-1.3267476436200327
NOTCH2NLC,-1.3267476436297494
NOTCH2NLR,-1.3267476436526682
SPAG9,-1.3277892534789357
MAPK8IP3,-1.3277892534946965
PYROXD1,-1.3288651418599953
POLDIP3,-1.3304482252882135
BOLA1,-1.330520572045545
TRAPPC4,-1.3307443437662072
SDHD,-1.3311889300352742
YIPF6,-1.3370003173159657
GOT2,-1.338490960848853
CCDC149,-1.3399030608034816
EFR3B,-1.3405242478182595
EFR3A,-1.340524247837953
MYL6,-1.3417227180591886
MYL6B,-1.3417227180694624
MYL1,-1.3417227180715432
MYL3,-1.3417227180871443
MYL4,-1.341722718101632
ATG3,-1.3426454578418383
EEA1,-1.343123394684535
PLOD3,-1.3436715121201814
PLOD2,-1.3436715121389946
PLOD1,-1.343671512196458
USP14,-1.3440956356664095
TMEM9B,-1.344135632004508
TMEM9,-1.3441356320911955
P4HA2,-1.3459468854320848
P4HA1,-1.3459468854770917
TSHZ1,-1.3459931168700519
TSHZ2,-1.3459931168863877
TSHZ3,-1.345993116892802
SLC35A2,-1.3468075795131718
MLNR,-1.347116470939662
GHSR,-1.3471164709461445
NTSR1,-1.347116470955311
GPR39,-1.3471164709925343
NMUR1,-1.3471164710024952
NTSR2,-1.347116471010832
NMUR2,-1.3471164710193297
MKLN1,-1.3471416511624426
TMEM258,-1.3472868323434513
TBCD,-1.3476788059110971
ATG12,-1.350110131856082
RPA1,-1.3505750022584049
GNG5B,-1.3514961178548983
GNGT2,-1.3514961178591751
GNG5,-1.3514961178714378
GNGT1,-1.3514961178787774
GNG10,-1.351496117898652
GNG11,-1.351496117932108
CACTIN,-1.3521648373964532
RBM20,-1.3547022651209473
HNRNPL,-1.3547022651220584
HNRNPLL,-1.3547022651423597
GPR107,-1.3567813127862192
TMEM87A,-1.3567813127893091
GPR108,-1.3567813127938497
TMEM87B,-1.356781312853245
CEBPB,-1.3578113049147644
CEBPD,-1.357811304916631
CEBPE,-1.3578113049322718
CEBPA,-1.3578113049654579
PIK3R3,-1.359396465416543
PIK3R2,-1.3593964654332384
JMJD7,-1.360004692638815
UFC1,-1.361997614244202
RAB30,-1.3637440381256158
WARS1,-1.363898383868963
EPRS1,-1.3654444483705783
THOC3,-1.369764511057498
CCT5,-1.3716703820111815
KHK,-1.3717678290007322
NOMO3,-1.3736508605804483
NOMO2,-1.3736508605855564
NOMO1,-1.373650860585933
AKTIP,-1.3741311543749866
PRRX1,-1.3742412616894892
NATD1,-1.375144180449298
GRINA,-1.3764880308898138
FAIM2,-1.3764880309061036
TMBIM1,-1.376488030916349
AFMID,-1.377064588348536
COPS6,-1.3795032138429344
DARS2,-1.3801448431494658
DHFR2,-1.3815389053103346
DHFR,-1.3815389053724192
ARF5,-1.3824454357941642
POGLUT1,-1.3828434814412842
CSDE1,-1.384546195053615
TBC1D20,-1.3854308627205831
PRAF2,-1.385707191838559
ARL6IP5,-1.385707191866892
SAC3D1,-1.385810449171642
TACO1,-1.3861999614672251
ASNSD1,-1.388420943884654
SYT13,-1.3904692322544998
TXNDC5,-1.392049821148872
DCTN4,-1.3948948539083137
PSMF1,-1.398385623202768
VPS11,-1.400328504096915
PXK,-1.4035382146098747
DESI1,-1.4036958733567413
ELOF1,-1.40374512194712
NME6,-1.404561145238432
CCDC43,-1.4055782248974549
PPT1,-1.4058430036192184
ATP6V1H,-1.4059506065714318
GMDS,-1.4065804436035665
GLYCTK,-1.4093405796145666
DPH2,-1.4153577953670538
SCFD1,-1.4166375553065775
IQCA1L,-1.4167678258875094
IQCA1,-1.4167678259064638
PTPMT1,-1.4181702014130242
NME5,-1.4191256895512954
COG5,-1.4207839247944083
ASPG,-1.4216179679654697
PSENEN,-1.4226248304736333
MED16,-1.423016731330287
MED20,-1.424962208242489
RBM17,-1.425401146396244
TIMM29,-1.4286911812193717
CPLX2,-1.429284632001901
CPLX1,-1.4292846320025834
CPLX3,-1.4292846320121015
CPLX4,-1.4292846320423824
SNW1,-1.430516037783367
SCAI,-1.4308941441080845
PGK2,-1.4329791655512767
PGK1,-1.432979165555242
MRPS34,-1.43505134034319
EDEM3,-1.4352178602750665
MAN1A2,-1.435217860275415
MAN1A1,-1.435217860278435
EDEM2,-1.4352178602979995
MAN1C1,-1.4352178603446035
CDK5R2,-1.4366280617053602
CDK5R1,-1.436628061711457
PTEN,-1.4373554450969583
NBN,-1.4377163049197468
ECT2,-1.439474558730485
INO80E,-1.44255245974757
TMBIM6,-1.4446499839196218
PDE6D,-1.4452586028053214
LNPK,-1.4467749214171763
NID2,-1.4468507259914467
LRP4,-1.4468507260020154
LRP6,-1.4468507260106922
LRP2,-1.4468507260120425
LRP3,-1.4468507260159622
LRP1B,-1.446850726031625
LRP12,-1.446850726035744
LDLR,-1.446850726058805
LRP1,-1.4468507260655077
LRP8,-1.4468507260665429
VLDLR,-1.4468507260691816
LRP10,-1.4468507260723205
LCP1,-1.4496420288792529
PLS1,-1.4496420289465768
PLS3,-1.4496420289647174
LSM5,-1.4496901054244486
RCBTB1,-1.4498066235194371
RCCD1,-1.4498066235240767
RCC1,-1.44980662353092
RCBTB2,-1.4498066235322589
RPGR,-1.4498066235339868
ALS2,-1.4498066235637195
SERGEF,-1.4498066235728422
HERC1,-1.449806623613711
MPI,-1.4501263793036008
EIF4B,-1.452997657104688
ATP6V1B2,-1.453379730552539
CLPTM1,-1.4542987807257823
CUEDC2,-1.4577187222082928
SLC50A1,-1.457820703492938
PIGL,-1.457884165877502
LRPPRC,-1.4584028768607382
NFU1,-1.4598017640806715
DDX42,-1.461333863829728
RBPJ,-1.4614696190048084
RBPJL,-1.4614696190534846
SERP1,-1.46260700736747
SERP2,-1.4626070074348858
GET4,-1.4638923821597505
CHST3,-1.463972369011038
CHST6,-1.4639723690206163
CHST7,-1.4639723690223085
CHST4,-1.4639723690518827
CHST5,-1.4639723690976556
CHST2,-1.4639723691086886
CHST1,-1.4639723691099458
SDHB,-1.464487975707958
LAMP5,-1.466713062114483
OPLAH,-1.4668714448555409
UNC5B,-1.466879956594747
UNC5CL,-1.4668799566266808
UNC5C,-1.4668799566433997
UNC5A,-1.4668799566810298
UNC5D,-1.4668799566873783
MAN1B1,-1.4669906108852273
XRCC3,-1.4680753843210734
MOXD1,-1.4684956426296891
HPD,-1.469652432044568
ARF6,-1.47061488028241
DFFA,-1.4708550258905035
CLNS1A,-1.4746619870596136
MED26,-1.4754046791357298
SKIC8,-1.4754123379513928
SFTPB,-1.4759283734556494
PSAPL1,-1.475928373494569
COQ9,-1.4763997265948954
ZC4H2,-1.4778247347792923
TWIST2,-1.4778826279834187
MSC,-1.4778826279874184
TCF21,-1.4778826279976631
BHLHA9,-1.4778826280013702
TWIST1,-1.4778826280215824
TCF15,-1.477882628021707
HAND2,-1.4778826280361326
TCF23,-1.4778826280380222
TCF24,-1.477882628038638
HAND1,-1.4778826280497932
FERD3L,-1.4778826280750301
SCX,-1.4778826280761193
ACAT2,-1.4863621299501253
UBIAD1,-1.4872741608745077
AP2A1,-1.4889000609464935
ABHD11,-1.4908358371239705
EPB41L2,-1.491690857615845
FRMD3,-1.491690857655438
EPB41L4B,-1.4916908576569108
EPB41L1,-1.4916908576728987
EPB41,-1.4916908576748387
FRMD6,-1.4916908576759353
FRMD5,-1.4916908576885357
EPB41L3,-1.4916908577008814
NPR1,-1.4923436483313937
SGCA,-1.4949188019222623
SGCE,-1.4949188019336972
CPD,-1.496911850223263
UBE2G1,-1.5027264257457198
CSGALNACT2,-1.5035743448139107
CSGALNACT1,-1.503574344834013
NGLY1,-1.506913558655083
GABARAP,-1.5078396497679711
PROM1,-1.5087856183445427
PROM2,-1.508785618376068
IMP3,-1.5098306247569833
FTSJ1,-1.5113281343846945
HDHD3,-1.5139161568515829
TCP1,-1.516284190243465
FANCD2,-1.5183298652962496
GRK2,-1.5236594927275895
GRK5,-1.523659492775115
MED28,-1.52380629186102
INTS13,-1.5245618315926384
RUVBL2,-1.5249672686519926
ZNF667,-1.5255063147595491
ZNF865,-1.525506314765466
ZNF783,-1.5255063147668846
ZNF662,-1.5255063148079784
ZNF671,-1.5255063148119907
ZNF212,-1.5255063148240693
ZNF366,-1.5255063148244545
ZNF710,-1.525506314848652
RIC8B,-1.5261846978592266
RIC8A,-1.5261846978667861
DNAI7,-1.5264848329672351
GTF3C5,-1.5277069776030625
OTUD4,-1.5302708346529816
OTUD3,-1.5302708346688785
OTUD1,-1.5302708346694915
OTUD6A,-1.5302708346791312
OTUD6B,-1.53027083471267
MED14,-1.5323107076998836
TUBA1A,-1.5341255149680837
TUBA1B,-1.534125514977001
TUBA1C,-1.5341255150125308
TMEM126B,-1.5342103685045887
TMEM126A,-1.5342103685676618
COPE,-1.5349754583062225
QSOX1,-1.5361413094608274
QSOX2,-1.5361413095366856
TIMP2,-1.5385552824891269
TIMP3,-1.538555282497191
TBC1D16,-1.5391244305919822
MRPS15,-1.5397954887519358
THOC1,-1.5403421963349315
ARG1,-1.541849862979429
ARG2,-1.54184986299254
GADL1,-1.5436909800769922
HES1,-1.5459470315935968
HES7,-1.545947031598201
BHLHE40,-1.5459470316158748
HES3,-1.5459470316178194
HEY1,-1.5459470316235266
HES4,-1.5459470316340072
BHLHE41,-1.5459470316424102
HES2,-1.5459470316629362
HEY2,-1.545947031663472
HES6,-1.5459470316712962
HELT,-1.5459470316719814
RAD51,-1.5484892565795274
PPIL2,-1.5513254610692488
GALNT18,-1.5533188561168259
GALNT12,-1.553318856123415
GALNT10,-1.5533188561259226
GALNT4,-1.5533188561550062
GALNT3,-1.5533188561762423
GALNT14,-1.5533188561792715
GALNT5,-1.5533188561810765
GALNT7,-1.5533188561911877
GALNT8,-1.5533188562049118
NECAP2,-1.554165070240365
NECAP1,-1.554165070255353
KLHL12,-1.5541959929138505
GHITM,-1.5545430127540678
ITFG1,-1.5551580192363317
RC3H1,-1.5561876438346682
RNF224,-1.556187643872698
RNF182,-1.5561876438769155
RC3H2,-1.5561876438822495
RNF227,-1.5561876438851154
RNF228,-1.5561876439103182
NUDCD1,-1.5567871394073165
TACR2,-1.559436409972297
ACP1,-1.5640402040027503
MIR7-3,-1.564166206595269
MIR7-1,-1.5641662066488113
ATP6V1E1,-1.5649516157568915
ATP6V1E2,-1.5649516157584475
INTU,-1.565083721477162
AQP12B,-1.570574823330274
AQP11,-1.570574823331605
AQP12A,-1.5705748233354437
UBE2C,-1.5714938132153733
CSPG4,-1.571767745576425
UBA3,-1.572450711750641
TM2D2,-1.572594319379257
DEGS2,-1.5758965083818646
DEGS1,-1.5758965083866567
MRPL32,-1.579839948540493
PFKL,-1.5816259537845432
PFKP,-1.5816259538106603
PFKM,-1.5816259538109192
CANT1,-1.5860131095754004
NTPCR,-1.5876735316609951
NARS1,-1.5879633023638815
MED8,-1.5885711664610347
DBH,-1.5897902211489023
HACL1,-1.594549819329593
PIGG,-1.5947780227031474
TMEM53,-1.594861527096974
TMEM42,-1.595164375941299
EFHC2,-1.5969197315970665
MRPL43,-1.5997502212936483
MED4,-1.6013290297690752
TMEM19,-1.6021710447139463
ZNHIT6,-1.6042956521821663
TMEM209,-1.6045292620435472
COX11,-1.6057171470500582
RNF145,-1.6073927861801593
DZIP3,-1.607392786203428
SYVN1,-1.6073927862130184
CD2BP2,-1.6081279742719332
SEPTIN1,-1.6094082171305435
SEPTIN3,-1.6094082171351547
SEPTIN9,-1.6094082171389876
SEPTIN8,-1.6094082171586999
SEPTIN6,-1.609408217188589
SEPTIN11,-1.6094082171892166
TMEM250,-1.6094082172069024
SEPTIN5,-1.6094082172284496
SEPTIN14,-1.6094082172302546
CTDP1,-1.6109336765568352
WWP1,-1.6122882604521511
WDR1,-1.6137809298750083
MRPS5,-1.613939671989549
C12orf57,-1.6147143263026495
UXS1,-1.6156759386852044
FAXDC2,-1.6183564198286453
NAGA,-1.6188211471562735
GLA,-1.6188211471748386
AKR1A1,-1.6200531118167185
KCNAB2,-1.6200531118223007
KCNAB1,-1.6200531118250612
AKR1D1,-1.6200531118272528
PAK1,-1.6205618222597558
PAK2,-1.6205618223076792
PAK3,-1.6205618223108038
ADH1A,-1.6228403497747184
ADH5,-1.6228403497813222
VAT1,-1.622840349784084
ADH1B,-1.6228403497997348
ADH1C,-1.6228403498062483
ADH6,-1.6228403498081692
VAT1L,-1.6228403498103203
ADH4,-1.6228403498141992
ADH7,-1.6228403498355854
RSU1,-1.6235088245079314
SNRPA,-1.6245069082170156
ISCA1,-1.625152263581915
OGT,-1.6260805537324348
COMMD4,-1.626556809309163
CRHBP,-1.6335166984213143
HTR2A,-1.634721295732784
HTR2B,-1.63472129576623
HTR2C,-1.634721295793079
COG4,-1.634724313591215
PRMT7,-1.6350979324545785
PRKCI,-1.636117490443125
PRKCH,-1.6361174904477067
PRKCZ,-1.6361174904533926
PKN2,-1.636117490456489
PKN1,-1.636117490465427
PKN3,-1.6361174904765328
PRKCE,-1.6361174904826878
PRKCA,-1.6361174904952926
PRKCB,-1.636117490520135
PRKCG,-1.636117490526918
ATP2A3,-1.6380464504811685
TRAPPC10,-1.6385611393096466
PRPF8,-1.6399215352860226
SNAI3,-1.6412806102367143
SNAI2,-1.6412806102801627
KCTD12,-1.6415406833810633
HAX1,-1.6443305335003902
SQOR,-1.6480930727029883
ZDHHC23,-1.6490553068240126
HUS1,-1.6499785133293385
HUS1B,-1.6499785133762033
KDM1B,-1.650777340914053
SARM1,-1.6520547802634242
FAM135A,-1.652674466602218
FAM135B,-1.6526744666289146
BUB3,-1.6538723847266128
KIF3C,-1.6539569431221857
KIF3B,-1.6539569431239718
UCHL1,-1.655414700809566
COG7,-1.6585975967824411
LRR1,-1.660536556414261
ALAD,-1.6609545114850028
ALKBH7,-1.6629548207936762
GART,-1.6631962256404065
FIS1,-1.6641155787137671
TNNI2,-1.665539198973688
TNNI3,-1.6655391989757142
TNNI1,-1.6655391989781958
LIPT2,-1.666052042786579
NPHS1,-1.669614916655218
ATPAF1,-1.6714641657208709
NUP160,-1.6717333618674228
MRPS27,-1.6743371441562984
OGFOD1,-1.6761894535135038
TMEM147,-1.6763642553366789
G2E3,-1.6783451367583484
PHF7,-1.6783451367735733
PHF6,-1.6783451368308087
PHF11,-1.6783451368393745
SNRPD2,-1.6811496468227445
SRP54,-1.6822658778320947
GPC3,-1.6828547139830161
GPC5,-1.6828547140153116
MSI2,-1.6831994472385396
TOP3B,-1.6844608000621089
SEC24D,-1.6846045545840107
SNRPE,-1.6934057491174694
TRUB2,-1.6946374810607965
SLC29A4,-1.6956340031463275
RAD21,-1.6965863064489084
REC8,-1.6965863064726991
RAD21L1,-1.6965863064924744
RRAGD,-1.6976395867081076
RRAGC,-1.6976395867707958
PIP4P2,-1.6993936739521343
PIP4P1,-1.6993936739581545
RBBP5,-1.6998777518129464
LRIT3,-1.7006425424356284
LRRC52,-1.7006425424372937
ELFN2,-1.7006425424495384
LGR6,-1.7006425424520766
ELFN1,-1.7006425424604068
LRIT1,-1.700642542475234
LGR4,-1.700642542476709
LGI3,-1.7006425424773888
LGR5,-1.7006425424970795
LRIG2,-1.7006425424988325
LRRC24,-1.7006425425050118
LGI2,-1.7006425425149412
LRRTM2,-1.7006425425280154
LRIG3,-1.7006425425336593
CPSF1,-1.7028474943736909
PSME2,-1.7068387425437361
PSME1,-1.706838742546042
PSME3,-1.7068387425805176
COPS9,-1.7071692205952262
HSPB6,-1.707904877724524
CAPRIN1,-1.7107991669465024
CAPRIN2,-1.7107991670173888
NOSIP,-1.7120603022693628
PPIL4,-1.7168759908992517
MT-ATP6,-1.717698382275174
MFSD1,-1.717811540545624
HR,-1.7213573247170866
KDM3B,-1.7213573247543212
JMJD1C,-1.721357324797821
KDM3A,-1.721357324808222
NCALD,-1.7220693567009642
CUTC,-1.722292979738749
GPALPP1,-1.7228687668625855
MANBA,-1.7233730217982748
VEPH1,-1.7249368079176766
FBXL14,-1.7253824653398624
IFI30,-1.733098550155519
SAYSD1,-1.7374406852840325
IDH3B,-1.740497344229882
GRIN2D,-1.7425652107538714
GRID2,-1.742565210760644
GRIN2A,-1.7425652108140846
CYFIP2,-1.7449853351250268
CYFIP1,-1.7449853351641484
SYNPO2,-1.7469324791393581
SYNPO,-1.7469324791413288
SYNPO2L,-1.746932479144499
EMC6,-1.747132720985065
TXNDC17,-1.747348687827042
MED21,-1.7474435516056404
ALG5,-1.748249611309174
FOXN1,-1.7484868145806796
AK4,-1.7485522689551598
AK8,-1.7485522689707453
AK5,-1.7485522689785638
AK9,-1.7485522689871584
AK4P3,-1.7485522690117001
AK7,-1.7485522690159832
DCUN1D4,-1.748644590670032
DCUN1D2,-1.7486445906741983
DCUN1D1,-1.7486445907203365
DCUN1D5,-1.7486445907401165
PDRG1,-1.7491738965122536
ECSIT,-1.7515796753275348
CRK,-1.7533023913805705
CRKL,-1.7533023914384984
COPB1,-1.7564260944890266
IGF2R,-1.7566005354213972
HSPA1A,-1.7566547118168403
HSPA4,-1.756654711825141
HSPA6,-1.7566547118259248
HSPA1B,-1.7566547118376825
HSPA4L,-1.7566547118732772
HSPA8,-1.7566547118869271
HSPA1L,-1.7566547118895728
HSPH1,-1.7566547119022569
SLC35F6,-1.7568625729900549
ST13,-1.756910285030579
LSM6,-1.7590833196039697
ZRANB1,-1.7607766425077025
COX15,-1.7642352592023218
ERLEC1,-1.765168987631854
HPS4,-1.7655061980364797
SDHC,-1.7663970285339776
SLC18A3,-1.7715586631436528
ZDHHC9,-1.7715712886513542
ZDHHC1,-1.7715712886731134
ZDHHC4,-1.7715712886832164
ZDHHC20,-1.7715712886926471
ZDHHC21,-1.7715712886946304
ZDHHC7,-1.771571288699557
ZDHHC11,-1.7715712887030175
ZDHHC2,-1.7715712887141752
ZDHHC11B,-1.771571288719807
ZDHHC15,-1.771571288722865
ZDHHC18,-1.7715712887236048
GMPPB,-1.77272759758889
MRPL20,-1.7731783053489882
GPI,-1.773270970059892
VKORC1,-1.7832578508807846
LRMDA,-1.7839904360009633
PARK7,-1.7868197781159965
ABT1,-1.7874116281196657
CLRN1,-1.7919024042016523
CLRN3,-1.7919024042106957
CLRN2,-1.791902404228742
BCS1L,-1.793313918038539
NCAPH,-1.7933972208901976
PIGA,-1.7984136458285684
JKAMP,-1.803370636205364
PAGR1,-1.8057353605627056
INTS7,-1.807279760863021
AP1B1,-1.8083862206051409
SIKE1,-1.8086782702664888
FGFR1OP2,-1.808678270296362
PIGU,-1.809018640886976
VPS29,-1.809940641288376
TUBGCP4,-1.8103061807584344
PRCP,-1.8109103982523016
MKX,-1.8111560994295288
ARID3A,-1.8112256873940562
ARID3C,-1.811225687418349
ARID3B,-1.8112256874585007
FARSB,-1.8138120969724307
GLRX2,-1.8162019606027284
RGPD3,-1.8212846458922054
RGPD4,-1.8212846459288337
RGPD6,-1.8212846459298175
RGPD5,-1.8212846459471512
RGPD1,-1.8212846459697427
RGPD2,-1.8212846459780807
RGPD8,-1.8212846459825383
FAAH2,-1.8233736779726484
FSCN3,-1.8234220665289123
FSCN1,-1.8234220665294607
FSCN2,-1.8234220665661438
ACTR1A,-1.8244844524135608
SMC4,-1.8290567971773173
FERMT1,-1.8296044598325183
FERMT3,-1.8296044598409813
FERMT2,-1.8296044598837564
NAGK,-1.8300785339693109
MRPL47,-1.831722879972844
TM9SF2,-1.8324192130149648
PRODH,-1.8345250583776984
DGKB,-1.835695351799778
DGKK,-1.8356953518535994
ATP6AP2,-1.839907864426669
CWF19L1,-1.8411859289320835
STEEP1,-1.8431877209729912
WDR48,-1.8434775642992485
ACOT9,-1.8439089928137955
FARS2,-1.8446794048891144
WARS2,-1.847660604356062
PRKAR2A,-1.848972981765156
TRAP1,-1.8506783277178809
TIMM17A,-1.8558743622268352
TIMM17B,-1.8558743622287388
COG2,-1.8565959588069765
SLC35G1,-1.858156497592094
HYKK,-1.861678732411802
COPS2,-1.8618906576968648
UCHL5,-1.8639027642203807
RBFA,-1.86544708101973
SKP1,-1.8712026019894143
NFXL1,-1.8712427478918168
SRRT,-1.8738233518710377
RBM22,-1.8747963364220592
COQ5,-1.8761764303327195
PCBD1,-1.8781089918953748
PCBD2,-1.878108991920957
RET,-1.8800811739438523
MTMR3,-1.8809246115482654
MTMR10,-1.880924611551847
MTMR2,-1.8809246115535727
MTMR11,-1.8809246115590657
MTMR8,-1.8809246115597131
SBF1,-1.8809246115670204
SBF2,-1.880924611570672
MTMR6,-1.8809246115753622
MTM1,-1.880924611583532
MTMR1,-1.880924611586416
MTMR12,-1.8809246115994926
MTMR7,-1.8809246116050993
MTMR9,-1.880924611609752
MTMR4,-1.8809246116182812
MON1B,-1.8823904880998161
MON1A,-1.88239048815164
TMEM177,-1.8828727507477
SNX27,-1.884809518352773
NUP210L,-1.8863062041152803
NUP210,-1.8863062041306367
MRRF,-1.8864011867511905
MFF,-1.8867425264692388
TMEM86A,-1.8920750914406725
TMEM86B,-1.8920750914784819
HAO1,-1.8969939102804418
HAO2,-1.8969939102804991
CARNS1,-1.8969939102924582
MUS81,-1.8987469226845088
HSPG2,-1.899218217870489
PTGES2,-1.8996892984100908
ELAVL2,-1.899911329651513
INTS3,-1.9003197937491327
ANAPC4,-1.9022633195708265
CSNK1A1,-1.9025263437853968
NDUFA10,-1.9025796244237887
DIPK2B,-1.9038127426909648
DIPK2A,-1.9038127427289961
UGP2,-1.904411293221082
SPSB4,-1.9045132749535847
SPSB1,-1.9045132749864258
PSMC5,-1.9068379904647097
TXNDC15,-1.907027850851067
ICMT,-1.9107257760776444
GTF2H3,-1.911275545333717
SCRN2,-1.9153657870196603
SCRN1,-1.9153657870253042
SCRN3,-1.9153657870376475
UTP25,-1.9157504242431456
RBM8A,-1.917542656945768
ABHD12B,-1.9183998344540487
PCSK2,-1.9189233678533808
ZMPSTE24,-1.919749609240152
TNNT2,-1.922115594477488
TNNT3,-1.922115594520969
TNNT1,-1.922115594524772
NDUFAF6,-1.9230441680211323
SRSF7,-1.928221705515944
SRSF3,-1.9282217055926292
SPG11,-1.9293364092809304
GSTZ1,-1.9306595805476
TSFM,-1.9348963293975672
ERMP1,-1.93626379028529
AGPS,-1.9398562967822464
B3GNT6,-1.943116073259495
AP2S1,-1.9447888332752183
SNRNP40,-1.9482269732029784
POPDC3,-1.9491551248946195
BVES,-1.9491551249445804
POPDC2,-1.949155124980802
OCIAD2,-1.950326354427451
OCIAD1,-1.950326354443325
WDR91,-1.9503815825337432
COPS5,-1.950763922912578
RAB11FIP3,-1.950970447773543
MEIS1,-1.9514568205453453
TGIF2LY,-1.9514568205675629
MEIS3P2,-1.9514568205698
PKNOX2,-1.9514568205701106
PBX1,-1.9514568205742908
PBX2,-1.9514568205831222
MEIS3,-1.9514568205891425
TGIF2LX,-1.9514568206035208
TGIF1,-1.9514568206203742
PBX4,-1.9514568206264697
PKNOX1,-1.9514568206302572
TGIF2,-1.9514568206364233
MEIS2,-1.9514568206433205
PBX3,-1.9514568206444023
TRAM2,-1.9518491175014496
TRAM1L1,-1.9518491175142008
TRAM1,-1.9518491175624462
FUT8,-1.952714645897672
FNTB,-1.9561591890171737
CHDH,-1.962726600630913
DNAJB11,-1.964688238756811
WLS,-1.9659269300247169
SUPT4H1,-1.96846540805078
MAB21L2,-1.9701713428259704
MAB21L1,-1.9701713428501249
RHBDL3,-1.970623215148328
KCNK1,-1.971157450932891
KCNK2,-1.9711574509466319
KCNK17,-1.9711574509523957
KCNK16,-1.9711574509552994
KCNK10,-1.971157450955309
KCNK13,-1.971157450966695
KCNK18,-1.971157450972077
KCNK7,-1.9711574509874963
KCNK5,-1.9711574509909002
KCNK4,-1.9711574510047256
KCNK9,-1.9711574510057965
KCNK3,-1.9711574510225296
KCNK12,-1.971157451022991
KCNK6,-1.9711574510280723
KCNK15,-1.9711574510289
TMEM181,-1.971163792948088
RNF7,-1.972243789736538
SNX12,-1.9736268993703385
SNX3,-1.9736268994364266
PLK4,-1.9739156196508263
B4GALT1,-1.9789805825015223
B4GALT4,-1.9789805825379119
B4GALT2,-1.9789805825383884
B4GALT3,-1.9789805825940927
B4GALT5,-1.9789805825953077
OAT,-1.979883560605857
ASL,-1.9813433062678576
NDUFS2,-1.981577428572147
PEBP1,-1.9864362784445209
NRDC,-1.990062160372292
C6orf136,-1.990097638745062
TSPYL2,-1.990558291417782
SETSIP,-1.9905582914236413
TSPY2,-1.9905582914267566
TSPYL1,-1.9905582914429576
TSPYL6,-1.9905582914516904
NAP1L3,-1.9905582914586668
TSPY9,-1.9905582914603526
TSPY3,-1.990558291476078
NAP1L2,-1.990558291477466
TSPY10,-1.9905582914821067
TSPY1,-1.9905582914837272
TSPYL5,-1.990558291485003
NAP1L5,-1.990558291486518
TSPYL4,-1.99055829149359
TSPY4,-1.9905582914975117
TSPY8,-1.9905582915010274
CACFD1,-1.9952069451593497
EIF1AD,-1.997293774115379
ALG9,-1.9981206942693543
HSPA5,-2.000667754890681
MRPS25,-2.0008267458096363
DFFB,-2.001671525548653
SYS1,-2.003129138464633
ALG3,-2.0061203654173543
ATP11A,-2.006295108360496
ATP9A,-2.0062951083630463
ATP8A1,-2.0062951083644065
ATP11B,-2.00629510837608
ATP8B3,-2.006295108376433
ATP10B,-2.006295108381141
ATP9B,-2.006295108388483
ATP10D,-2.0062951083988105
ATP11C,-2.006295108406173
ATP10A,-2.006295108415778
ATP8B1,-2.006295108430027
ATP8B4,-2.0062951084342893
ATP8B2,-2.0062951084398075
ATP8A2,-2.00629510845121
MAF1,-2.010594160650254
B3GLCT,-2.0123548095438086
SLC31A2,-2.0125628515819405
MOB1B,-2.016399663136128
MOB1A,-2.016399663175248
OTUB1,-2.0186747081649594
OTUB2,-2.0186747081815217
RAD9B,-2.0187604411489524
RAD9A,-2.018760441203027
NEMF,-2.019227384515966
NDUFS7,-2.021650139616472
BICD2,-2.023138676002696
BICD1,-2.0231386760250922
UQCRH,-2.0269779556696967
UQCRHL,-2.026977955680995
AGA,-2.027626786770924
TM9SF3,-2.029796008618798
PAFAH1B1,-2.0303342199613126
RBSN,-2.0357727669880035
NKX2-5,-2.0381193286929604
NKX2-4,-2.03811932869545
NKX1-2,-2.0381193286987047
NKX6-1,-2.0381193287097847
NKX2-8,-2.0381193287171286
NKX6-2,-2.038119328717401
NKX2-2,-2.0381193287231216
NKX3-1,-2.0381193287445147
NKX1-1,-2.038119328747576
NKX2-1,-2.038119328762255
NKX6-3,-2.0381193287688406
NKX3-2,-2.038119328769037
NKX2-3,-2.0381193287856307
DPM1,-2.0385252591143304
GOSR1,-2.0403861507109253
DEK,-2.0411054929172807
IPPK,-2.04687423475426
SND1,-2.049175675678643
ATP6V0A1,-2.0513087423886764
TRMT112,-2.0575914501814787
DAB2,-2.0586796914523133
MAPK8IP1,-2.058679691459916
NUMBL,-2.058679691472694
C1orf226,-2.0586796914849357
FAM43B,-2.0586796914920047
LDLRAP1,-2.058679691500465
NOS1AP,-2.0586796915114967
DAB1,-2.05867969151916
FAM43A,-2.05867969152171
MAPK8IP2,-2.058679691528997
ITGA8,-2.061382090582565
ITGA5,-2.06138209059467
ITGA2,-2.0613820906297633
ITGA6,-2.061382090641229
ITGA4,-2.061382090652269
ITGA11,-2.061382090654334
ITGA9,-2.0613820906615694
ITGAX,-2.0613820906620854
DNAJC4,-2.0629122689589634
DNAJC30,-2.062912268969015
DNAJC5,-2.0629122689692374
DNAJC16,-2.0629122689742125
DNAJC7,-2.0629122689909156
DNAJC21,-2.062912268991169
DNAJC24,-2.06291226901165
DNAJC18,-2.0629122690166724
DNAJC3,-2.0629122690172315
DNAJC5G,-2.0629122690344435
DNAJC5B,-2.062912269037293
DNAJC14,-2.062912269038894
DNAJC2,-2.062912269042802
DNAJC12,-2.0629122690479247
CIB4,-2.0692812323150034
CHP2,-2.0692812323293186
PPP3R2,-2.0692812323294323
CIB3,-2.069281232332266
CIB1,-2.069281232339171
TESC,-2.069281232362868
CIB2,-2.0692812323691525
CHP1,-2.069281232384256
CTNNA2,-2.069952959222853
AGPAT2,-2.0715220115595754
AGPAT1,-2.0715220115699347
NSD1,-2.0753206852855843
SETBP1,-2.0753206852917923
KMT2C,-2.0753206853091024
KMT2A,-2.0753206853280535
KMT2D,-2.0753206853334865
SETDB1,-2.075320685365023
SETDB2,-2.075320685369919
KMT2B,-2.0753206853715978
NSD2,-2.0753206853754103
EZH1,-2.0753206853779425
HHAT,-2.078674985034401
LMBR1,-2.0790057315993797
LMBR1L,-2.07900573162089
CHI3L1,-2.079378420986536
CHI3L2,-2.079378420996175
OVGP1,-2.0793784210179873
CHIA,-2.079378421020128
CHIT1,-2.079378421026035
PLPP6,-2.080158381523523
SGPP2,-2.080158381549498
PLPP7,-2.0801583815571574
SGPP1,-2.0801583815847686
RECK,-2.080911585072787
ASPHD2,-2.082844706644946
ASPH,-2.082844706647555
ASPHD1,-2.0828447066970575
DPF3,-2.0832090115672295
RSF1,-2.083209011611607
DPF2,-2.0832090116354527
KAT6B,-2.083209011636469
KAT5,-2.0832090116477073
KAT6A,-2.08320901165416
DPF1,-2.083209011656574
SNAP91,-2.083368104043155
PICALM,-2.0833681040981054
SELENOI,-2.0851507096048483
TMED6,-2.085534475162271
KIAA0513,-2.087988173147719
CAMKMT,-2.088826243638747
TMEM164,-2.0932974790825334
COPZ1,-2.1004997092605535
COPZ2,-2.100499709304463
CLGN,-2.1005006297709894
CANX,-2.100500629856525
SPATA20,-2.100662344871857
TMEM214,-2.102016228933333
GCH1,-2.106859776132643
TM7SF2,-2.1088402714981065
LBR,-2.1088402715665646
PDCD6,-2.1161296617193903
PIGK,-2.1205009660326395
SRPK2,-2.12225507541499
NLK,-2.122255075420008
MAPK12,-2.122255075420759
CILK1,-2.122255075423914
MAPK9,-2.1222550754301293
MAPK10,-2.1222550754317493
MAPK13,-2.122255075438731
MAPK3,-2.122255075443014
MAPK8,-2.1222550754617173
SRPK3,-2.1222550754842557
SPA17,-2.1228797415538727
CSNK2A1,-2.122961440812606
CSNK2A3,-2.1229614408431994
CSNK2A2,-2.122961440845529
FAM185A,-2.1251629347848207
GMPPA,-2.1253232392338908
TUBGCP3,-2.126571168413504
PMM2,-2.1290353362261003
PMM1,-2.129035336262872
MT-CO2,-2.1367093410047464
GAD1,-2.1418916559590255
GAD2,-2.141891655960626
DAD1,-2.1420462593341267
MPPED2,-2.1463272250445735
MPPED1,-2.146327225083949
ZFP64,-2.14683159364465
ZNF335,-2.146831593646468
RAB5C,-2.147746396204105
AIP,-2.1481814233656293
AIPL1,-2.1481814233699503
LSM2,-2.151342128935044
ACOT13,-2.151417929149786
EXOSC5,-2.153735816091469
PPP2R2A,-2.1565741286351394
PPP2R2B,-2.1565741286856652
PPP2R2C,-2.156574128702741
PPP2R2D,-2.156574128715764
SLC38A4,-2.1577266297662456
SLC38A3,-2.1577266297733564
SLC36A2,-2.157726629776911
SLC38A9,-2.1577266297876583
SLC38A8,-2.15772662979073
SLC32A1,-2.1577266297924393
SLC36A4,-2.1577266297958237
SLC38A7,-2.157726629817517
SLC36A3,-2.157726629818873
SLC36A1,-2.1577266298224176
SLC38A6,-2.1577266298279105
SLC38A5,-2.1577266298311923
SLC38A1,-2.1577266298320246
SLC38A2,-2.157726629839743
KIAA0930,-2.1588330145383923
FABP5,-2.1623529517858104
RBP1,-2.1623529517918865
FABP12,-2.16235295179667
FABP9,-2.162352951799185
FABP4,-2.1623529518003983
RBP2,-2.162352951803329
FABP3,-2.162352951812616
PMP2,-2.162352951825498
CRABP1,-2.1623529518279585
RBP7,-2.162352951834979
RBP5,-2.1623529518443556
CRABP2,-2.1623529518626285
GABPA,-2.1629157121636404
IMPA2,-2.1652493317961565
BPNT2,-2.1652493318323085
IMPA1,-2.165249331845487
ASAH2B,-2.1670973138245966
ASAH2,-2.1670973138411886
GNB5,-2.167671657593885
OPA3,-2.1685752349578977
BRSK2,-2.170558562654673
RGS9BP,-2.171060534950409
RGS7BP,-2.1710605350091994
IBA57,-2.1711475163781744
TRNAU1AP,-2.175259721055796
VCL,-2.175287315165672
TMEM38A,-2.189596249097476
TMEM38B,-2.1895962491227556
CLTC,-2.191197793261628
CLHC1,-2.1911977933194033
CLTCL1,-2.191197793332758
MRPL44,-2.1981832901966216
PDCD2L,-2.2059086113335185
GGA2,-2.2066655402459956
TOM1,-2.2066655402580655
STAM,-2.206665540282979
GGA1,-2.206665540297995
STAM2,-2.2066655403039044
WDFY2,-2.206665540310754
GGA3,-2.2066655403137427
WDFY1,-2.2066655403222355
TOM1L1,-2.206665540325706
TOM1L2,-2.2066655403258855
MRPS18A,-2.2130934028933487
LRPAP1,-2.2136003395252857
HM13,-2.220072835899378
ACTR2,-2.223307098191372
NAPB,-2.224500433747066
NAPA,-2.2245004337647734
GRIK3,-2.225791029924911
GRIA2,-2.2257910299308947
GRIK5,-2.2257910299340495
GRIN2C,-2.2257910299416617
GRIK2,-2.2257910299419468
GRIN3B,-2.2257910299536685
GRIK1,-2.2257910299775316
GRIN3A,-2.22579102998105
GRIA3,-2.2257910299844816
GRID1,-2.2257910299859165
GRIN2B,-2.2257910299888897
GRIA1,-2.2257910299935806
GRIA4,-2.225791029995199
GRIK4,-2.2257910300027772
C19orf47,-2.230042328478876
TUBB4B,-2.237544587091434
GPR142,-2.240277316156422
GPR139,-2.240277316179326
SNAP25,-2.2434137024537315
KIRREL3,-2.246060543248039
KIRREL2,-2.2460605432577676
KIRREL1,-2.2460605432618124
GTF2B,-2.2488734636956216
SLC19A2,-2.2521373581751227
SLC19A1,-2.2521373582508626
SLC19A3,-2.2521373582637993
PRPF19,-2.253387308091237
ISCU,-2.254463974959151
PARP1,-2.255985056506125
CCDC40,-2.257151409827336
NPC2,-2.258948915128345
TRIP13,-2.2592129806630057
COX10,-2.2597096751303702
HGD,-2.2615938387218963
COPS7A,-2.265606469428167
COPS7B,-2.2656064694549376
VPS37A,-2.2688214740880737
SLC35B4,-2.272508773835746
MAGT1,-2.2732339485340516
TUSC3,-2.2732339485641937
EFCAB2,-2.276561731138402
KY,-2.284266442104228
NEBL,-2.2842664421227283
NEB,-2.284266442145736
NRAP,-2.284266442179432
ACLY,-2.2848981965504
USP39,-2.2909572883684413
FAM234B,-2.2913554316722125
FAM234A,-2.291355431749204
GSTCD,-2.2928901472631025
MEPCE,-2.2962253353138657
TMED4,-2.305717487654969
ATP1B1,-2.3081658259539006
VPS54,-2.312698310696967
PITRM1,-2.3172851780590498
C1QBP,-2.3187219329644906
SEC61A2,-2.3214426978004874
SEC61A1,-2.3214426978652565
CGB3,-2.3243915600581455
CGB7,-2.3243915600752945
CGB2,-2.324391560096268
CGB1,-2.3243915601111644
GPHB5,-2.324391560111657
CGB5,-2.3243915601204566
TSHB,-2.324391560122284
CGB8,-2.3243915601247704
FSHB,-2.324391560132535
LHB,-2.324391560142752
ADA2,-2.324434388913851
RHCE,-2.3290934992343497
RHAG,-2.3290934992565
RHD,-2.3290934992710044
RHCG,-2.3290934992749333
RHBG,-2.3290934993047574
SSR3,-2.3332096186193345
HSPD1,-2.334496983523641
EIF2B2,-2.33522661600182
SEC61G,-2.335515361052789
CMPK1,-2.3374155298950527
HYI,-2.339747862187778
DCXR,-2.339799363326401
SBK1,-2.3412995928055467
SBK3,-2.341299592819298
UBA2,-2.3452013028538765
SEC61B,-2.3556383784233903
SLC9A9,-2.3603750056755235
SLC9A3,-2.3603750056798276
SLC9A5,-2.3603750056862123
SLC9C2,-2.3603750056885184
SLC9A4,-2.360375005689808
SLC9A1,-2.360375005692043
SLC9A2,-2.360375005708612
SLC9C1,-2.3603750057265023
PIGQ,-2.361325444203413
TRPA1,-2.3668594454988323
PRUNE1,-2.369357970211456
RASSF8,-2.3727856305003217
RASSF7,-2.372785630540379
SLC12A4,-2.3730217523671233
SLC12A7,-2.3730217523741803
SLC12A3,-2.3730217523829564
SLC12A6,-2.373021752388203
SLC12A9,-2.3730217524088824
SLC12A2,-2.373021752418365
SLC12A5,-2.373021752423571
SLC12A1,-2.3730217524268276
SLC2A1,-2.3749397484264745
SLC2A4,-2.3749397484321473
SLC2A14,-2.374939748444242
SLC2A10,-2.3749397484527903
SLC2A3,-2.374939748453635
SLC2A6,-2.3749397484584445
SLC2A12,-2.3749397484645427
SLC2A7,-2.3749397484811903
SLC2A5,-2.3749397484838703
SLC2A2,-2.3749397484950245
SLC2A8,-2.3749397485056742
SLC2A11,-2.374939748507001
SLC2A13,-2.3749397485112786
SLC2A9,-2.3749397485202492
HPS3,-2.375314369416538
IARS2,-2.3756498177709093
MT-ND4,-2.376924253119295
MORF4L1,-2.37710111223057
MORF4L2,-2.3771011122490813
SLC35F5,-2.3803746312280407
UAP1L1,-2.3847574171734056
UAP1,-2.384757417202574
MRPL48,-2.385998855672593
SNX16,-2.387518768385032
MAGOHB,-2.388537504070828
MAGOH,-2.3885375041185704
CTBP1,-2.3890462729582937
GRHPR,-2.3890462729853796
CTBP2,-2.389046272991831
CWC22,-2.3908147734266927
SLCO1B3,-2.404476578951945
SLCO1C1,-2.4044765789763
SLCO1B1,-2.404476578983586
CLSTN1,-2.4085533771158016
CLSTN3,-2.4085533771389254
CLSTN2,-2.4085533771421015
AGL,-2.409357804312173
CYLD,-2.4132257362902765
DPP4,-2.420400760172316
AMY2A,-2.423951363815777
SLC3A1,-2.423951363853409
AMY1B,-2.423951363857875
SLC3A2,-2.4239513638787975
AMY1A,-2.423951363880289
AMY1C,-2.4239513638837846
AMY2B,-2.4239513638929204
CYB5A,-2.4263128180321183
GBA2,-2.437963949381189
FGGY,-2.43898544337382
HEXA,-2.4396837437747187
HEXB,-2.4396837438629224
MID1IP1,-2.4397739143928066
THRSP,-2.4397739144540096
AARSD1,-2.442404222086829
SMYD1,-2.444111055968471
SMYD2,-2.444111055985778
SMYD4,-2.4441110559884107
ZMYND15,-2.444111056035801
SMYD3,-2.4441110560456143
SLC45A2,-2.4487776478558447
SLC45A1,-2.4487776478745897
SLC45A3,-2.448777647895519
SLC45A4,-2.448777647915215
SLC15A3,-2.449657068696265
SRL,-2.4519540419145827
DBX1,-2.459621902320297
TECPR1,-2.4618410672104245
IRAK1,-2.463703102995173
HASPIN,-2.4637031030233607
IRAK3,-2.4637031030314587
IRAK2,-2.4637031030470484
KLRF1,-2.466847899896747
CLEC12A,-2.466847899899263
KLRC1,-2.4668478999044385
CLEC2A,-2.466847899907582
OLR1,-2.466847899915583
KLRC2,-2.466847899916051
CD69,-2.4668478999166594
CLEC7A,-2.466847899921058
CLEC2L,-2.4668478999212464
CLEC1B,-2.466847899922069
KLRD1,-2.4668478999255865
KLRB1,-2.4668478999432204
CLEC2D,-2.4668478999437164
CLEC1A,-2.466847899948438
KLRF2,-2.4668478999495806
KLRC4,-2.4668478999525085
CLEC2B,-2.466847899957513
CLEC12B,-2.466847899977574
CLEC5A,-2.466847899985432
KLRG2,-2.46684789998614
KLRC3,-2.4668478999895465
CLEC9A,-2.466847899993104
MANEA,-2.4690632584074947
MANEAL,-2.4690632584426138
MCTS2,-2.4690995607202466
MCTS1,-2.4690995607403794
SPCS3,-2.474041361512143
TRHR,-2.4748952996828675
ACY1,-2.480985587311931
LARS1,-2.499261284927236
NPEPL1,-2.5037708637108502
INPP1,-2.513626642587964
SLC39A13,-2.515718815464936
SELENBP1,-2.5171292292004
CALU,-2.5178629867113114
RCN1,-2.5178629867644613
PARD6G,-2.5234789685493326
PARD6B,-2.5234789686086074
PARD6A,-2.5234789686211716
NIPAL1,-2.5287256993295424
NIPAL4,-2.5287256993646516
NIPAL3,-2.5287256993772256
MT-ND5,-2.530043273610145
MANF,-2.533024718823978
CDNF,-2.533024718905148
DNAAF10,-2.541645445266789
PFDN6,-2.5505649123234275
PDIA5,-2.5510035196161063
PKM,-2.556190015127615
PKLR,-2.5561900151532497
PPP3R1,-2.56068316506138
DDX23,-2.5654316225103173
AKR1C8,-2.571398336159599
AKR1B10,-2.5713983361629427
AKR1C3,-2.5713983361963635
AKR1C1,-2.571398336197349
AKR7L,-2.5713983362063844
AKR7A3,-2.571398336206789
AKR1C2,-2.571398336220768
AKR7A2,-2.571398336247182
AKR1C4,-2.5713983362531745
NT5E,-2.571703312619651
TXNDC11,-2.5732605200418686
PDIA4,-2.5732605200852006
ARHGDIG,-2.577758254427345
ARHGDIB,-2.5777582544423594
ARHGDIA,-2.5777582544747952
EXOC8,-2.578967932785828
GALNT11,-2.579187519181367
GALNT9,-2.5791875191859197
GALNT13,-2.5791875191918594
GALNTL6,-2.579187519197437
GALNT17,-2.5791875192202194
GALNTL5,-2.5791875192405613
GALNT15,-2.579187519240683
GALNT16,-2.5791875192540408
GALNT6,-2.579187519263869
RFC1,-2.580322900976886
SELENOM,-2.5806970079682965
SELENOF,-2.580697007992265
LTA4H,-2.5820447217279923
ASIC3,-2.583174396078178
SCNN1D,-2.5831743960792197
ASIC2,-2.583174396093269
ASIC1,-2.583174396094518
SCNN1G,-2.583174396110344
SCNN1B,-2.5831743961399964
SCNN1A,-2.5831743961457065
ASIC4,-2.583174396147442
SIL1,-2.59223183626128
CTNND1,-2.5976275982219166
PKP1,-2.597627598251144
PKP3,-2.597627598258565
PKP2,-2.5976275982853245
ALDH7A1,-2.606602306664497
EXT2,-2.608062844320409
BAK1,-2.6100747886045457
BOK,-2.6100747886134936
BCL2L10,-2.6100747886403175
BAX,-2.6100747886517315
MCL1,-2.610074788670626
BCL2A1,-2.610074788677385
SMOC2,-2.611711549292273
SMOC1,-2.611711549297893
RCC2,-2.61276554164996
CIAO2B,-2.620804128400108
TPH2,-2.624102938511992
TPH1,-2.624102938549879
PTAR1,-2.626535640831169
CSRP2,-2.6358450900125736
CSRP3,-2.6358450900390817
CSRP1,-2.6358450900532757
GGT6,-2.637529375812816
GGT5,-2.6375293758498604
ALDH4A1,-2.640936584213203
SLC25A3,-2.641935056329982
SLC37A1,-2.6506849374044115
SLC37A3,-2.6506849374350314
SLC17A7,-2.6506849374355115
SLC37A2,-2.650684937442806
SLC17A2,-2.6506849374428945
SLC17A4,-2.6506849374472035
SLC17A8,-2.650684937470355
SLC17A1,-2.650684937472636
SLC17A3,-2.65068493747832
SLC17A6,-2.650684937480576
SLC17A5,-2.650684937481487
SLC37A4,-2.650684937489409
PFDN1,-2.655003724603253
FA2H,-2.6759525610617767
BRF1,-2.679468617832399
SSR4,-2.6810066841499887
AREL1,-2.69575810263129
FAM162A,-2.697782206783298
FAM162B,-2.69778220678453
YWHAQ,-2.7105336781898335
SFN,-2.7105336781940377
YWHAZ,-2.710533678204951
YWHAB,-2.7105336782746403
SECISBP2L,-2.7131133444635505
SECISBP2,-2.7131133445241047
PGGHG,-2.7175779108217006
C1GALT1,-2.7181161131725102
C1GALT1C1L,-2.7181161132399354
C1GALT1C1,-2.718116113258756
SPCS2,-2.7187781371348785
FJX1,-2.724349032885255
NDUFS8,-2.7244920948272577
SCO1,-2.725292327417588
MTG2,-2.7382455250498228
GUCA1C,-2.7452061630224103
RCVRN,-2.7452061630250753
HPCAL4,-2.745206163025673
HPCA,-2.7452061630260616
CLXN,-2.7452061630305264
KCNIP3,-2.7452061630379903
NCS1,-2.7452061630388784
KCNIP2,-2.7452061630419426
GUCA1A,-2.7452061630692794
GUCA1B,-2.7452061630717983
KCNIP1,-2.745206163075195
KCNIP4,-2.745206163087784
HPCAL1,-2.745206163098495
VSNL1,-2.7452061631065723
UPB1,-2.745785033947543
CNPY2,-2.7482022051723125
CNPY1,-2.748202205247195
SMYD5,-2.757572386217087
RABGGTB,-2.765745983669722
NUP37,-2.7828486842937017
CHID1,-2.789412738184428
SHMT1,-2.7972552803548374
STOML1,-2.7998798079980096
AFG1L,-2.804218352957396
MSRA,-2.804935735273796
MSRB1,-2.8049357353182103
MSRB2,-2.804935735318457
DAO,-2.813917580800162
DDO,-2.8139175808360157
CHAD,-2.816326651173479
LRG1,-2.816326651174339
LGI4,-2.8163266511837524
LRRC26,-2.8163266512005736
CHADL,-2.8163266512119165
LGI1,-2.816326651212656
CPN2,-2.8163266512209857
TRIL,-2.8163266512249074
CFL2,-2.824583197925749
CFL1,-2.824583197934005
DSTN,-2.824583197943346
NSF,-2.8266648127403884
PAM,-2.8284521758934686
AGTRAP,-2.8329847498896368
PRKRA,-2.8394646415582834
STAU2,-2.8394646415743203
ADARB2,-2.839464641584508
ZFR2,-2.8394646415952454
ILF3,-2.8394646415973925
TARBP2,-2.839464641599161
ZFR,-2.839464641604265
ADAD1,-2.8394646416130724
STAU1,-2.839464641617049
ADAD2,-2.839464641635286
STRBP,-2.8394646416440015
ADARB1,-2.8394646416477394
SLC46A1,-2.8460495390432428
SLC46A2,-2.846049539048936
SLC46A3,-2.8460495390759855
SLC66A3,-2.848357690898792
CLPTM1L,-2.8513583273092054
PRPF6,-2.853415613888603
P4HA3,-2.870284324885605
P4HTM,-2.870284324933737
HSP90B1,-2.871269915058892
ATP6V1A,-2.8730625868265074
NAPG,-2.8792090047041987
SMOX,-2.8823880179451966
MAOA,-2.882388017955415
IL4I1,-2.8823880179907375
MAOB,-2.8823880179915675
PAOX,-2.882388018015921
SGK1,-2.886834722117365
STK32C,-2.886834722117623
MAST2,-2.8868347221183157
MAST3,-2.88683472211941
STK32B,-2.8868347221256534
MAST4,-2.8868347221267503
DMPK,-2.8868347221273467
STK32A,-2.8868347221355144
LATS2,-2.8868347221797466
MAST1,-2.8868347221945596
COPA,-2.8870136290108586
DHRS4,-2.892237547780296
DHRS4L2,-2.892237547781385
DHRS2,-2.8922375477847617
CBR3,-2.892237547804476
GUK1,-2.903235995957776
SLC18A1,-2.913184005794198
MTHFD2L,-2.916905733474001
SLC7A1,-2.9177892158635035
SLC7A11,-2.9177892158695293
SLC7A10,-2.917789215878173
SLC7A8,-2.9177892158800596
SLC7A2,-2.917789215896203
SLC7A5,-2.9177892159016587
SLC7A9,-2.9177892159055916
SLC7A13,-2.917789215910052
SLC7A4,-2.9177892159108008
SLC7A6,-2.9177892159235794
SLC7A3,-2.917789215945752
SLC7A7,-2.917789215945976
FAH,-2.919830758909652
POFUT1,-2.9299993954000243
SMARCA1,-2.9311217875255418
GALM,-2.93293687178202
PDIA6,-2.9355408187187377
TVP23B,-2.9433868248814217
TVP23C,-2.9433868249161095
TVP23A,-2.9433868249194046
RPN1,-2.954810702084165
MEMO1,-2.9552952605348084
FAM89A,-2.961714652818824
TRANK1,-2.9617146528414278
FAM89B,-2.9617146528612364
POLR2B,-2.976628952195345
ME2,-2.980643789900654
ME1,-2.980643789907496
ME3,-2.9806437899236697
HES5,-2.988039025644125
HEYL,-2.9880390256681313
SURF1,-2.990033381357464
PLSCR1,-2.9904417118390576
NANS,-2.9971173086894507
GOT1L1,-2.9983915971397272
GOT1,-2.9983915971536907
MFSD6L,-3.0187041454445
STXBP1,-3.0222165159093373
TRMT13,-3.0236392196569843
CPO,-3.0350069289922437
CPA3,-3.0350069290000112
CPA2,-3.035006929002335
CPA1,-3.0350069290164443
CPA5,-3.0350069290343837
CPA4,-3.0350069290535364
CPA6,-3.0350069290626283
CPB1,-3.0350069290629893
CPB2,-3.0350069290713435
CORO2A,-3.057238263683995
CORO6,-3.0572382636885367
CORO1B,-3.057238263700914
CORO1A,-3.0572382637021476
CORO1C,-3.0572382637574678
CORO2B,-3.0572382637660835
GUSB,-3.0574735944137705
LIX1,-3.062045366354554
LIX1L,-3.0620453663597536
SCHIP1,-3.0732293871456138
PIGW,-3.094481909861536
TMED10,-3.096149524659837
STXBP6,-3.098175450151056
EXOC1L,-3.0981754501517513
EXOC1,-3.098175450189665
SNTG2,-3.12943051319268
SNTG1,-3.129430513256971
ALDH16A1,-3.1313438407990146
ALDH9A1,-3.1313438408031815
ALDH3B1,-3.1313438408101684
ALDH1A1,-3.1313438408356244
ALDH1L2,-3.13134384084073
ALDH1A2,-3.1313438408454486
ALDH3A1,-3.1313438408489063
ALDH1L1,-3.1313438408596403
ALDH1B1,-3.1313438408660996
ALDH3A2,-3.131343840890636
ALPG,-3.1331406486964695
ALPL,-3.1331406487503126
ALPI,-3.13314064876256
ALPP,-3.1331406487695928
DYNLRB2,-3.1422352758780145
DYNLRB1,-3.1422352759125824
PTS,-3.1488895901706258
CLCN7,-3.153869965172124
C3,-3.1544617438522358
A2M,-3.154461743859199
C5,-3.1544617438695743
C4B,-3.1544617438716798
C4A,-3.1544617438728357
PZP,-3.1544617438756517
A2ML1,-3.1544617438927065
CD109,-3.1544617439210505
MGAM2,-3.157578687543705
SI,-3.1575786875611374
GAA,-3.157578687574378
MGAM,-3.157578687580234
MYORG,-3.1575786875957457
GANC,-3.157578687601279
TRPC1,-3.170242832617352
RFK,-3.1703217398549586
NUP133,-3.17779413970552
CPVL,-3.1814956973282262
NCLN,-3.185047674701742
MRPL24,-3.1868494539792964
SSR2,-3.186994119606464
GNPNAT1,-3.198269065734031
CMAS,-3.222931441872265
DNASE2B,-3.2267802585875196
DNASE2,-3.2267802586320835
SFXN2,-3.22842701196205
TBCE,-3.2659221786355603
ATP6V1D,-3.2774917835673905
DAAM1,-3.284575282055154
UGGT1,-3.305890777207254
UGGT2,-3.305890777236529
TUBA3C,-3.3245751882719676
TUBA3D,-3.3245751882785006
TUBA3E,-3.3245751883031756
DCPS,-3.3255939655216995
PRDX4,-3.3321470467230334
MPDU1,-3.393988140670115
DNAJB7,-3.404752441241127
DNAJB12,-3.4047524412412495
DNAJB1,-3.4047524412658583
DNAJB14,-3.404752441269808
DNAJB2,-3.4047524412794856
DNAJB5,-3.4047524412943573
DNAJB6,-3.404752441295438
DNAJB8,-3.4047524413043853
DUOXA1,-3.4180584100368034
DUOXA2,-3.418058410061463
PHF24,-3.423560216427114
SPATA21,-3.4235602164407384
CAPS2,-3.4235602164433447
CAPS,-3.4235602164680046
EFCAB6,-3.42356021650423
CYB561A3,-3.4479273256931857
CYB561,-3.447927325701434
CYBRD1,-3.4479273257653835
PLCB4,-3.4518094787807025
ANOS1,-3.452770119628305
FLNB,-3.4555719945778534
PGP,-3.46533654322922
PDXP,-3.465336543292379
LHPP,-3.465336543305007
PGLYRP1,-3.4690741412452972
PGLYRP3,-3.4690741412519124
PGLYRP4,-3.4690741412919492
PGLYRP2,-3.4690741413239214
PYGL,-3.473926468371691
PYGM,-3.4739264683733584
PYGB,-3.473926468399758
SPON1,-3.4821405791525564
EDC4,-3.482241441617239
PTP4A2,-3.5126888923650745
ARSD,-3.5307880352742425
ARSG,-3.5307880352786594
GALNS,-3.530788035279798
STS,-3.5307880352824954
ARSK,-3.5307880352856094
ARSF,-3.5307880352938397
ARSI,-3.530788035295807
ARSB,-3.530788035305555
ARSH,-3.5307880353058265
SULF2,-3.530788035311565
ARSA,-3.5307880353262626
ARSJ,-3.530788035330283
ARSL,-3.5307880353388583
SULF1,-3.5307880353472854
GNS,-3.5307880353497176
DCAKD,-3.5407618480756504
TPSD1,-3.546887425874544
TPSAB1,-3.5468874258982277
TPSB2,-3.5468874259005196
TPSG1,-3.5468874259394476
KDELR3,-3.5725834166668697
KDELR2,-3.5725834166825874
KDELR1,-3.572583416727455
SDHAF2,-3.581341985899682
HYOU1,-3.587325838293874
BTBD10,-3.6261042120824163
KCTD20,-3.6261042120975158
ATP6V1F,-3.6316062627275096
P4HB,-3.64516611830642
PDIA2,-3.645166118310516
PDIA3,-3.645166118312513
ERP27,-3.6451661183251844
PDILT,-3.6451661183432464
TMX4,-3.6451661183613147
TMX3,-3.645166118362106
TMX1,-3.6451661183690938
PDXK,-3.648243438037487
DDIT4L,-3.6627572926821292
DDIT4,-3.6627572927090126
TPST2,-3.6690031277482262
TPST1,-3.6690031277649835
ANKRD61,-3.678625857545647
ANKRD54,-3.6786258575876585
DDX39A,-3.686284557627441
CTSV,-3.6955836312784545
CTSL,-3.695583631279194
SLC24A3,-3.696486760887998
SLC24A4,-3.6964867609498198
TTC36,-3.732825941385261
ELOVL1,-3.764908518380569
ELOVL7,-3.7649085184187863
DDOST,-3.768236215959656
HABP2,-3.76997672806473
HGF,-3.769976728097759
PIK3IP1,-3.76997672809897
MST1,-3.769976728114597
GZMK,-3.769976728120563
GZMA,-3.769976728163701
CDYL2,-3.784832479710755
AUH,-3.7848324797364388
CDY2A,-3.7848324797553703
CDY1B,-3.7848324797576187
ECHDC2,-3.7848324797646375
CDY1,-3.7848324797668242
CDYL,-3.784832479785824
CDY2B,-3.784832479796865
SORD,-3.810678993776422
MRPL13,-3.827584862496861
RPN2,-3.862390370406931
GLB1,-3.910876931798286
GLB1L,-3.9108769318430334
GLB1L3,-3.910876931866759
GLB1L2,-3.910876931879441
PPAT,-3.923507782816451
ACYP1,-3.941912318850761
CARM1,-3.944178316196602
ABAT,-3.944547012211845
RAB36,-3.958315343427508
KLB,-3.9638634687138103
LCT,-3.9638634687279977
LCTL,-3.9638634687564838
GBA3,-3.963863468780122
KL,-3.9638634687846435
KCTD3,-3.9778048809358433
SHKBP1,-3.9778048809459468
TEF,-3.9799757467172188
DBP,-3.9799757467398122
HLF,-3.9799757467455894
AKR1E2,-3.9858259693890923
AKR1B1,-3.9858259694503064
GYS1,-4.005471510102218
GYS2,-4.005471510114392
PPEF2,-4.007540479633156
PPEF1,-4.007540479650488
GCK,-4.04896298176951
MT-ND2,-4.075247182454413
STT3B,-4.092780900749886
CRISP1,-4.098748634572021
PI15,-4.0987486345724236
CLEC18B,-4.098748634579623
CLEC18A,-4.098748634584983
CRISP2,-4.098748634589051
GLIPR1L1,-4.098748634592591
CRISP3,-4.098748634596721
GLIPR1,-4.098748634606957
CRISPLD1,-4.098748634624005
R3HDML,-4.098748634627649
CLEC18C,-4.098748634649667
GLIPR1L2,-4.098748634649788
CRISPLD2,-4.098748634655594
POSTN,-4.119365368709481
TGFBI,-4.119365368726853
COX7A2,-4.131763177026314
COX7A1,-4.131763177029943
COX7A2L,-4.131763177046774
PACSIN2,-4.148999036239207
PACSIN3,-4.14899903626272
PACSIN1,-4.148999036312321
RPE65,-4.1517031798693
BCO1,-4.1517031799368205
BCO2,-4.151703179964919
AHCYL1,-4.17672080942826
AHCYL2,-4.176720809438069
SLC26A11,-4.227099453339836
CNPY4,-4.227776220628224
GDA,-4.239026777153168
TPM1,-4.249855775191901
TPM3,-4.249855775192891
TPM2,-4.249855775194993
TPM4,-4.249855775198374
CLCNKB,-4.257898472785505
CLCNKA,-4.257898472814262
SSR1,-4.292057125291282
ZNF512,-4.343800679871829
GGN,-4.3438006798755175
ZNF512B,-4.343800679943122
DYRK4,-4.40675076801521
DHDH,-4.407308602779734
ALDH5A1,-4.412286445326331
SCD5,-4.492429398007881
UGT1A5,-4.596622900172765
UGT2B17,-4.596622900175769
UGT2A2,-4.596622900181007
UGT1A4,-4.59662290018498
UGT1A9,-4.596622900189647
UGT1A8,-4.596622900195433
UGT1A6,-4.5966229002043
UGT2B7,-4.596622900220754
UGT2B28,-4.596622900221163
UGT1A3,-4.596622900222263
UGT1A1,-4.596622900223445
UGT3A1,-4.596622900224178
UGT2A1,-4.59662290023044
UGT3A2,-4.596622900233515
UGT1A7,-4.596622900233725
UGT2B4,-4.596622900236168
UGT1A10,-4.5966229002457695
UGT2B15,-4.596622900248061
UGT8,-4.596622900249872
UGT2B11,-4.596622900251365
UGT2A3,-4.596622900256293
UGT2B10,-4.596622900262586
YPEL4,-4.606547932000354
FOXRED1,-4.606547932027897
YPEL1,-4.6065479320303835
PDPR,-4.606547932037896
SCG5,-4.663387602644388
NFIL3,-4.685133006379352
NFILZ,-4.685133006455424
ISM1,-4.741892467337777
THBS2,-4.741892467365391
THBS4,-4.741892467380472
THBS3,-4.74189246738264
THBS1,-4.741892467399076
COMP,-4.7418924674142575
PNLIPRP1,-4.80378982045413
LIPH,-4.8037898204676885
PNLIPRP2,-4.80378982047513
LIPC,-4.803789820500693
PNLIPRP3,-4.803789820501061
PNLIP,-4.803789820502061
PLA1A,-4.803789820517699
LIPG,-4.803789820535746
LIPI,-4.803789820545584
LPL,-4.803789820546271
ANKRD65,-4.844088185779971
FRMPD4,-4.872489826032098
FRMPD1,-4.872489826056288
FRMPD3,-4.872489826074394
LIPF,-4.891353492002029
LIPK,-4.891353492012305
LIPN,-4.891353492032417
LIPM,-4.891353492034417
LIPA,-4.8913534920520485
LIPJ,-4.891353492053174
SPSB3,-5.00595361980091
RLBP1,-5.040438508910073
CLVS2,-5.040438508922554
CLVS1,-5.040438508988012
KCNJ11,-5.099217778631487
KCNJ8,-5.099217778714976
CLN3,-5.220649029473204
PER2,-5.238146028415634
PER3,-5.238146028421105
PER1,-5.238146028461232
MYO7B,-5.2737586288614855
OCA2,-5.4089230448403605
ISYNA1,-5.437131651995463
PPP1R3D,-5.467556346321389
PPP1R3B,-5.467556346325276
PPP1R3G,-5.467556346330189
PPP1R3C,-5.467556346371324
PPP1R3F,-5.467556346388142
PPP1R3A,-5.467556346415804
SLC22A2,-5.673006455754844
SLC22A3,-5.6730064557590145
SLC22A16,-5.673006455759296
SLC22A17,-5.673006455769887
SLC22A12,-5.673006455777406
SLC22A24,-5.673006455783241
SLC22A23,-5.673006455784337
SLC22A5,-5.673006455785496
SVOPL,-5.673006455791334
SLC22A6,-5.673006455794919
SLC22A31,-5.673006455798445
SLC22A25,-5.67300645580153
SLC22A10,-5.673006455804256
SLC22A8,-5.673006455810261
SLC22A4,-5.673006455814027
SLC22A15,-5.6730064558180455
SLC22A9,-5.673006455818201
SLC22A1,-5.673006455824472
SLC22A13,-5.673006455827363
SLC22A14,-5.673006455830195
SLC22A7,-5.673006455837132
SLC22A11,-5.67300645584076
OPN4,-5.737761306043666
GPC6,-5.817214025247704
GPC4,-5.8172140252511015
GPC1,-5.8172140252990285
GPC2,-5.817214025319386
MT-ND3,-5.894545191767732
ABHD2,-5.971399172265734
SLC23A1,-6.03846103800018
SLC23A2,-6.038461038046979
ATP6V0E2,-6.160718395228787
ATP6V0E1,-6.160718395284086
GCLM,-6.296705769474795
KEL,-6.392997226044825
CA6,-6.605229229132536
CA5A,-6.605229229138289
CA8,-6.605229229138463
CA14,-6.605229229139042
CA4,-6.6052292291466275
CA1,-6.6052292291472
CA7,-6.605229229164778
CA12,-6.605229229169538
CA5B,-6.605229229173012
CA3,-6.605229229175233
CA11,-6.60522922918683
CA9,-6.6052292291894315
CA13,-6.605229229189645
CA10,-6.60522922921768
TENT5C,-6.657253010562508
TENT5B,-6.657253010577078
TENT5A,-6.657253010609629
TENT5D,-6.6572530106514
MIB1,-6.676644494034157
UNC93A,-6.803861123381692
USP8,-8.639218960610116
GLDC,-8.877919557816822
RNF150,-9.474527998841324
