Name,Term,ES,NES,NOM p-val,FDR q-val,FWER p-val,Tag %,Gene %,Lead_genes
prerank,GO_Molecular_Function_2025__Potassium Channel Activity (GO:0005267),0.8380845126153419,3.2802578907133544,0.0,0.0,0.0,30/45,3.26%,KCNK18;KCNK6;KCNK15;KCNK2;KCNK10;KCNK13;KCNK3;KCNK4;KCNK9;KCNK7;KCNK5;KCNK1;KCNK12;KCNK17;KCNK16;MINDY4;HCN4;HCN2;KCNH3;KCNH4;KCNH2;HCN1;KCNH8;HCN3;LRRC52;LRRC26;GRIK5;GRIK1;GRIK3;GRIK4
prerank,WikiPathways_2024_Human__Metapathway Biotransformation Phase I And II WP702,-0.7750684582851586,-3.246449353520031,0.0,0.0,0.0,56/91,7.64%,KCNAB1;AKR1A1;AKR1B10;AKR1C4;KCNAB2;AKR7A3;AKR1C3;AKR1C2;AKR7A2;AKR1D1;AKR1C1;UGT1A5;UGT2B11;UGT2A3;UGT1A9;UGT2B28;UGT1A4;UGT1A10;UGT1A3;UGT2B15;UGT1A1;UGT1A6;UGT2A2;UGT2B17;UGT2B4;UGT1A7;UGT2A1;UGT2B7;CYP4F22;CYP19A1;CYP4F2;CYP4Z1;CYP4F12;CYP4B1;CYP4X1;CYP4F8;CYP4F3;CYP4V2;CYP4F11;GSTO1;GSTT2;GSTT2B;GSTO2;AKR1B1;SULT1A2;SULT2A1;SULT1B1;SULT1A1;SULT1E1;SULT1A4;SULT6B1;SULT1C4;SULT4A1;SULT1C2;SULT1C3;SULT2B1
prerank,KEGG_2021_Human__Pentose and glucuronate interconversions,-0.9356379234629502,-3.1641751617546467,0.0,0.0,0.0,31/33,6.34%,AKR1A1;AKR1B10;DCXR;UGT1A5;UGT2B11;UGT2A3;UGT1A9;UGT2B28;UGT1A4;UGT1A10;UGT1A3;UGT1A8;UGT2B15;UGT1A1;UGT1A6;UGT2A2;UGT2B17;UGT2B4;UGT2B10;UGT1A7;UGT2A1;UGT2B7;SORD;XYLB;AKR1B1;UGP2;DHDH;KL;GUSB;RPEL1;RPE
prerank,GO_Biological_Process_2025__Potassium Ion Transmembrane Transport (GO:0071805),0.7299843800676419,3.1581618334734496,0.0,0.0,0.0,46/80,10.69%,SLC12A3;SLC12A4;SLC12A2;SLC12A1;SLC12A7;SLC12A6;SLC12A5;KCNIP1;ATP4A;ATP1A4;ATP12A;ATP1A2;KCNK18;KCNK6;KCNK15;KCNK2;KCNK10;KCNK13;KCNK3;KCNK4;KCNK9;KCNK7;KCNK5;KCNK1;KCNK12;KCNK17;KCNK16;HCN4;KCNH7;HCN2;KCNH3;KCNH4;KCNH2;HCN1;KCNH8;HCN3;LRRC52;LRRC26;SLC24A1;KCND3;KCNH1;KCNN4;KCNN3;KCNN1;KCNN2;NALCN
prerank,KEGG_2021_Human__Metabolism of xenobiotics by cytochrome P450,-0.8683209862276291,-3.143427777101131,0.0,0.0,0.0,32/46,3.61%,HPGDS;CBR3;AKR7L;AKR7A3;AKR7A2;AKR1C1;ALDH3A1;ALDH3B1;UGT1A5;UGT2B11;UGT2A3;UGT1A9;UGT2B28;UGT1A4;UGT1A10;UGT1A3;UGT1A8;UGT2B15;UGT1A1;UGT1A6;UGT2A2;UGT2B17;UGT2B4;UGT2B10;UGT1A7;UGT2A1;UGT2B7;GSTO1;GSTT2;GSTT2B;GSTO2;DHDH
prerank,KEGG_2021_Human__Ascorbate and aldarate metabolism,-0.9359892835378623,-3.106430325461948,0.0,0.0,0.0,27/30,4.13%,ALDH7A1;AKR1A1;ALDH1B1;ALDH3A2;ALDH9A1;UGT1A5;UGT2B11;UGT2A3;UGT1A9;UGT2B28;UGT1A4;UGT1A10;UGT1A3;UGT1A8;UGT2B15;UGT1A1;UGT1A6;UGT2A2;UGT2B17;UGT2B4;UGT2B10;UGT1A7;UGT2A1;UGT2B7;KL;GUSB;RGN
prerank,GO_Molecular_Function_2025__Voltage-Gated Potassium Channel Activity (GO:0005249),0.8063498491298009,3.094883137586359,0.0,0.0,0.0,29/41,10.45%,KCNK18;KCNK6;KCNK2;KCNK10;KCNK13;KCNK3;KCNK4;KCNK9;KCNK7;KCNK5;KCNK1;KCNK12;KCNK17;KCNK16;HCN4;KCNH7;HCN2;KCNH3;KCNH4;KCNH2;KCNH8;HCN3;LRRC52;LRRC26;KCND3;KCNH1;KCNN3;KCNN1;KCNN2
prerank,Reactome_2022__Biological Oxidations R-HSA-211859,-0.6919328807752688,-3.081304865505581,0.0,0.0,0.0,69/129,11.08%,HPGDS;CBR3;AKR1A1;AKR7L;AKR7A3;AKR7A2;ALDH1A1;ALDH3A1;ALDH1B1;UGT3A2;UGT1A5;UGT2B11;UGT2A3;UGT1A9;UGT2B28;UGT1A4;UGT1A10;UGT1A3;UGT1A8;UGT2B15;UGT1A1;UGT1A6;UGT2A2;UGT2B17;UGT2B4;UGT2B10;UGT1A7;UGT3A1;UGT2A1;UGT2B7;CES1;CES2;CES3;CYP4F22;CYP4A22;CYP19A1;CYP4F2;CYP4F12;CYP4B1;CYP4A11;CYP4F8;CYP4F3;CYP4V2;CYP4F11;GSTO1;GSTT2;GSTT2B;GSTO2;UGP2;CYB5R3;GGCT;SULT1A2;SULT2A1;SULT1B1;SULT1A1;SULT1E1;SULT1A4;SULT6B1;SULT1C4;SULT4A1;SULT2B1;ALDH2;BPNT2;MAOA;PAOX;SMOX;MAOB;GGT6;GGT5
prerank,GO_Biological_Process_2025__Fatty Acid Metabolic Process (GO:0006631),-0.7436435235361328,-3.0751099499556958,0.0,0.0,0.0,41/77,6.65%,PER2;UGT1A8;UGT1A7;CES1;ACLY;CD36;CYP4F2;CYP4F12;CYP4B1;CYP4A11;CYP4F11;HPGD;HAO2;ACACB;PNLIP;LPL;LIPG;LIPC;PNLIPRP3;PNLIPRP2;PNLIPRP1;CPT2;ACOX2;ACBD4;ACBD5;CRAT;HSD17B8;SLC27A1;SLC27A3;ACSL6;SLC27A2;ACSL1;ACSL4;SLC27A6;ACSL3;ACSBG1;SLC27A4;SLC27A5;ACSBG2;ECI2;DBI
prerank,KEGG_2021_Human__Steroid hormone biosynthesis,-0.8783731154195852,-3.0606500001894688,0.0,0.0,0.0,29/33,7.64%,AKR1C4;AKR1C3;AKR1C2;AKR1D1;AKR1C1;UGT1A5;UGT2B11;UGT2A3;UGT1A9;UGT2B28;UGT1A4;UGT1A10;UGT1A3;UGT1A8;UGT2B15;UGT1A1;UGT1A6;UGT2A2;UGT2B17;UGT2B4;UGT2B10;UGT1A7;UGT2A1;UGT2B7;CYP19A1;DHRS11;HSD17B8;SULT1E1;SULT2B1
prerank,Reactome_2022__Glucuronidation R-HSA-156588,-0.9709884990576829,-3.0548068381708937,0.0,0.0,0.0,22/23,2.70%,UGT3A2;UGT1A5;UGT2B11;UGT2A3;UGT1A9;UGT2B28;UGT1A4;UGT1A10;UGT1A3;UGT1A8;UGT2B15;UGT1A1;UGT1A6;UGT2A2;UGT2B17;UGT2B4;UGT2B10;UGT1A7;UGT3A1;UGT2A1;UGT2B7;UGP2
prerank,KEGG_2021_Human__Retinol metabolism,-0.8709213056552336,-3.0478382902245458,0.0,0.0,0.0,26/37,6.49%,DHRS4L2;DHRS4;ALDH1A1;ALDH1A2;UGT1A5;UGT2B11;UGT2A3;UGT1A9;UGT2B28;UGT1A4;UGT1A10;UGT1A3;UGT1A8;UGT2B15;UGT1A1;UGT1A6;UGT2A2;UGT2B17;UGT2B4;UGT2B10;UGT1A7;UGT2A1;UGT2B7;DGAT1;AOX1;AWAT2
prerank,GO_Biological_Process_2025__Potassium Ion Transport (GO:0006813),0.7098750562020619,3.0366266511749447,0.0,0.0,0.0,45/75,10.69%,SLC12A4;SLC12A7;SLC12A6;KCNIP2;ATP4A;ATP1A4;ATP1A2;KCNK18;KCNK6;KCNK15;KCNK2;KCNK10;KCNK13;KCNK3;KCNK4;KCNK9;KCNK7;KCNK5;KCNK1;KCNK12;KCNK17;KCNK16;MINDY4;HCN4;KCNH7;CNGB1;HCN2;KCNH3;CNGA4;KCNH4;KCNH2;HCN1;KCNH8;HCN3;LRRC52;LRRC26;SLC24A1;SLC17A7;KCND3;KCNH1;KCNN4;KCNN3;KCNN1;KCNN2;NALCN
prerank,"GO_Biological_Process_2025__Synaptic Transmission, Glutamatergic (GO:0035249)",0.9328586459106349,3.031366139518056,0.0,0.0,0.0,20/22,5.37%,NAPB;GRIN3B;GRIK5;GRIA2;GRIK1;GRIA1;GRID2;GRIN2B;GRIN2A;GRIN3A;GRIN2D;GRIA3;GRIK3;GRIK4;GRIN2C;GRIA4;GRID1;SLC17A6;SLC17A8;SLC17A7
prerank,GO_Biological_Process_2025__Monoatomic Cation Transmembrane Transport (GO:0098655),0.617129202933837,3.024882611857491,0.0,0.0,0.0,74/172,10.77%,SLC12A3;SLC12A4;SLC12A2;SLC12A1;SLC12A7;SLC12A6;ATP6V1A;ATP2C1;ATP2A2;ATP4A;ATP1A4;ATP2A1;ATP12A;ATP2C2;ATP1A2;KCNK18;KCNK6;KCNK15;KCNK2;KCNK10;KCNK13;KCNK3;KCNK4;KCNK7;KCNK5;KCNK1;KCNK12;KCNK17;KCNK16;HCN4;KCNH7;CNGA3;CNGB1;HCN2;CNGB3;KCNH3;CNGA4;CNGA1;KCNH4;KCNH2;HCN1;KCNH8;HCN3;LRRC52;LRRC26;SLC24A5;GRIN3B;GRIN2B;GRIN2A;GRIN3A;GRIN2D;GRIN2C;ATP6V0E1;ATP6V0E2;SLC36A2;SLC36A1;SLC36A3;ATP6V1B2;SLC29A4;SLC24A1;ATP6V1E1;KCND3;KCNH1;KCNN4;KCNN3;KCNN1;KCNN2;SLC41A2;SLC41A1;SLC30A3;NALCN;SLC4A9;SLC4A4;SLC4A8
prerank,KEGG_2021_Human__Drug metabolism,-0.7833938625687524,-3.017702558328318,0.0,0.0,0.0,32/63,4.38%,HPGDS;ALDH3A1;ALDH3B1;UGT1A5;UGT2B11;UGT2A3;UGT1A9;UGT2B28;UGT1A4;UGT1A10;UGT1A3;UGT1A8;UGT2B15;UGT1A1;UGT1A6;UGT2A2;UGT2B17;UGT2B4;UGT2B10;UGT1A7;UGT2A1;UGT2B7;CES1;CES2;GSTO1;GSTT2;GSTT2B;GSTO2;GUSB;DPYS;XDH;AOX1
prerank,GO_Biological_Process_2025__Potassium Ion Import Across Plasma Membrane (GO:1990573),0.8330820296220754,2.949864941871812,0.0,0.0,0.0,17/30,2.59%,SLC12A3;SLC12A4;SLC12A2;SLC12A1;SLC12A7;SLC12A6;SLC12A5;ATP4A;ATP1A4;ATP12A;ATP1A2;KCNK9;HCN4;HCN2;KCNH2;HCN1;HCN3
prerank,Reactome_2022__Aspirin ADME R-HSA-9749641,-0.8893544109921176,-2.949848715178469,0.0,0.0,0.0,25/29,4.94%,UGT3A2;UGT1A5;UGT2B11;UGT2A3;UGT1A9;UGT2B28;UGT1A4;UGT1A3;UGT1A8;UGT2B15;UGT1A1;UGT1A6;UGT2A2;UGT2B17;UGT2B4;UGT2B10;UGT1A7;UGT3A1;UGT2A1;UGT2B7;CES1;CES2;SLC16A1;ABCC2;ABCC3
prerank,GO_Biological_Process_2025__Steroid Metabolic Process (GO:0008202),-0.7787473910463583,-2.9323508537756804,0.0,0.0,0.0,35/51,12.61%,DHRS2;DHRS4;AKR1C4;AKR1C3;AKR1C2;AKR1D1;AKR1C1;UGT2B11;UGT2B28;UGT1A3;UGT1A8;UGT2B15;UGT1A1;UGT2A2;UGT2B17;UGT2B4;UGT2B10;UGT1A7;UGT2A1;UGT2B7;CYP19A1;CYP4V2;DHRS11;HSD17B4;SLC27A2;SLC27A5;SULT2A1;SULT1A1;SULT1E1;SULT2B1;HSD17B10;STS;CBR1;HSD11B1;RDH8
prerank,Reactome_2022__ABC-family Proteins Mediated Transport R-HSA-382556,-0.6975580021979361,-2.931978795117091,0.0,0.0,0.0,50/86,10.37%,PSMD14;PSMD2;PSMA1;PSMD11;PSMA4;PSMC4;PSMB1;ABCC2;ABCC10;ABCC4;ABCC5;ABCC3;ABCC1;ABCC9;ABCC6;CFTR;ABCC11;PSMB4;PSMC3;PSMC1;PSMA7;PSMB9;PSMA8;PSMB6;PSMB5;PSMB11;PSMB8;PSMB7;PSMB10;PSMB2;PSMB3;ABCA5;ABCA6;ABCA7;ABCA8;ABCA9;ABCA3;ABCA2;ABCA4;ABCA10;ABCA12;ABCG8;ABCG1;ABCG4;PSMC6;PSMC5;PSMA3;VCP;PSMA2;PSMD7
prerank,GO_Molecular_Function_2025__Glucuronosyltransferase Activity (GO:0015020),-0.8647898540022,-2.9198197923473317,0.0,0.0,0.0,20/31,1.03%,UGT3A2;UGT2B11;UGT2A3;UGT1A9;UGT2B28;UGT1A4;UGT1A10;UGT1A3;UGT1A8;UGT2B15;UGT1A1;UGT1A6;UGT2A2;UGT2B17;UGT2B4;UGT2B10;UGT1A7;UGT3A1;UGT2A1;UGT2B7
prerank,KEGG_2021_Human__Glutamatergic synapse,0.682074211269995,2.9170357367104955,0.0,0.0,0.0,42/74,13.68%,GNGT2;GNGT1;GNG5;GNG11;GNG10;PRKCA;PRKCB;PRKCG;HOMER2;PPP3R1;GNAO1;GRIN3B;GRIK5;GRIA2;GRIK1;GRIA1;GRIN2B;GRIN2A;GRIN3A;GRIN2D;GRIK2;GRIA3;GRIK3;GRIK4;GRIN2C;GRIA4;SLC38A1;SLC38A2;SLC17A6;SLC17A8;SLC17A7;GRK2;ADCY3;GRM3;GRM2;MAPK1;PPP3CB;PPP3CC;MAPK3;GNB5;GNAS;GNAQ
prerank,KEGG_2021_Human__ABC transporters,-0.8265718154945926,-2.894862410872418,0.0,0.0,0.0,26/35,8.13%,ABCC2;ABCC10;ABCC4;ABCC5;ABCC3;ABCC1;ABCC9;ABCC12;ABCC8;ABCC6;CFTR;ABCC11;ABCA5;ABCA6;ABCA7;ABCA8;ABCA9;ABCA13;ABCA3;ABCA2;ABCA4;ABCA10;ABCA12;ABCG8;ABCG1;ABCG4
prerank,WikiPathways_2024_Human__Metabolic Epileptic Disorders WP5355,-0.7240009721040037,-2.893097539471151,0.0,0.0,0.0,43/68,12.45%,SHMT1;SHMT2;ALDH7A1;HK1;GPI;GCDH;GOT2;GOT1;TPI1;GLDC;SLC2A5;SLC2A3;SLC2A4;SLC2A1;SLC2A2;PSAT1;MDH1;PHGDH;XDH;SQOR;PSPH;SUOX;ASL;PKM;PKLR;AMT;SFXN1;DHTKD1;PGK2;PGK1;GPT;FBP1;FBP2;ECHS1;PCK1;MPC2;ENO2;ENO1;ENO3;PFKP;PFKM;PFKL;ACAT1
prerank,GO_Molecular_Function_2025__Glutamate-Gated Receptor Activity (GO:0004970),0.9688213796253997,2.892569823693624,0.0,0.0,0.0,16/16,3.29%,GRIN3B;GRIK5;GRIA2;GRIK1;GRIA1;GRID2;GRIN2B;GRIN2A;GRIN3A;GRIN2D;GRIA3;GRIK3;GRIK4;GRIN2C;GRIA4;GRID1
prerank,GO_Molecular_Function_2025__Neurotransmitter Receptor Activity Involved in Regulation of Postsynaptic Membrane Potential (GO:0099529),0.9688213796253997,2.892569823693624,0.0,0.0,0.0,16/16,3.29%,GRIN3B;GRIK5;GRIA2;GRIK1;GRIA1;GRID2;GRIN2B;GRIN2A;GRIN3A;GRIN2D;GRIA3;GRIK3;GRIK4;GRIN2C;GRIA4;GRID1
prerank,GO_Molecular_Function_2025__Transmitter-Gated Monoatomic Ion Channel Activity Involved in Regulation of Postsynaptic Membrane Potential (GO:1904315),0.9688213796253997,2.892569823693624,0.0,0.0,0.0,16/16,3.29%,GRIN3B;GRIK5;GRIA2;GRIK1;GRIA1;GRID2;GRIN2B;GRIN2A;GRIN3A;GRIN2D;GRIA3;GRIK3;GRIK4;GRIN2C;GRIA4;GRID1
prerank,GO_Molecular_Function_2025__Transmitter-Gated Monoatomic Ion Channel Activity (GO:0022824),0.9688213796253997,2.892569823693624,0.0,0.0,0.0,16/16,3.29%,GRIN3B;GRIK5;GRIA2;GRIK1;GRIA1;GRID2;GRIN2B;GRIN2A;GRIN3A;GRIN2D;GRIA3;GRIK3;GRIK4;GRIN2C;GRIA4;GRID1
prerank,GO_Molecular_Function_2025__Potassium Ion Transmembrane Transporter Activity (GO:0015079),0.8554130383446704,2.892488947524272,0.0,0.0,0.0,19/28,2.56%,SLC12A4;SLC12A2;SLC12A7;SLC12A6;SLC12A5;KCNK6;KCNK10;KCNK13;KCNK3;KCNK4;KCNK9;KCNK7;KCNK5;KCNK1;KCNK12;KCNK17;KCNK16;MINDY4;HCN1
prerank,WikiPathways_2024_Human__Glucuronidation WP698,-0.9069770662279223,-2.8915638035177844,0.0,0.0,0.0,24/26,8.62%,HK1;UGT1A5;UGT2B11;UGT2A3;UGT1A9;UGT2B28;UGT1A4;UGT1A10;UGT1A3;UGT1A8;UGT2B15;UGT1A1;UGT1A6;UGT2A2;UGT2B17;UGT2B4;UGT2B10;UGT1A7;UGT2A1;UGT2B7;UGP2;PGM5;PGM2;PGM1
prerank,GO_Biological_Process_2025__Potassium Ion Homeostasis (GO:0055075),0.8954792112981635,2.88508056117032,0.0,0.0,0.0,12/21,2.55%,SLC12A3;SLC12A4;SLC12A2;SLC12A1;SLC12A7;SLC12A6;SLC12A5;PRKCA;ATP4A;ATP1A4;ATP1A2;KCNH2
prerank,KEGG_2021_Human__Synaptic vesicle cycle,0.7408383703084649,2.876213105241046,0.0,0.0,0.0,30/46,16.94%,SNAP25;NSF;ATP6V1A;NAPA;SLC18A3;STXBP1;ATP6V0E1;ATP6V0E2;AP2A2;AP2A1;SLC32A1;ATP6V1B2;SLC17A6;SLC17A8;SLC17A7;CPLX2;CPLX3;CPLX4;CPLX1;ATP6V1E1;ATP6V1E2;SLC18A1;ATP6V1H;STX3;STX1B;STX1A;STX2;ATP6V1C1;ATP6V1C2;AP2S1
prerank,GO_Biological_Process_2025__Monoatomic Ion Transport (GO:0006811),0.7094772433165517,2.872992956958173,0.0,0.0,0.0,27/54,5.38%,SLC12A3;SLC12A4;SLC12A2;SLC12A1;SLC12A7;SLC12A6;SLC12A5;SLC5A5;SLC5A12;SLC5A8;ATP1A4;SLC20A1;SLC20A2;HCN4;CNGA3;CNGB1;CNGB3;SLC24A5;SLC36A2;SLC36A1;SLC32A1;SLC24A1;SLC17A6;SLC17A1;SLC17A8;SLC17A7;SLC17A5
prerank,GO_Biological_Process_2025__Inorganic Cation Transmembrane Transport (GO:0098662),0.5866735196678178,2.8666361071695765,0.0,0.0,0.0,66/170,10.77%,SLC12A3;SLC12A4;SLC12A2;SLC12A1;SLC12A7;SLC12A6;ATP6V1A;ATP2C1;ATP2A2;ATP4A;ATP1A4;ATP2A1;ATP12A;ATP2C2;ATP1A2;KCNK18;KCNK6;KCNK15;KCNK2;KCNK10;KCNK13;KCNK3;KCNK4;KCNK7;KCNK5;KCNK1;KCNK12;KCNK17;KCNK16;MINDY4;HCN4;KCNH7;HCN2;KCNH3;KCNH4;KCNH2;HCN1;KCNH8;HCN3;LRRC52;LRRC26;SLC24A5;GRIN2A;ATP6V0E1;ATP6V0E2;SLC9B1;SLC9B2;SLC36A2;SLC36A1;SLC36A3;ATP6V1B2;SLC24A1;ATP6V1E1;KCND3;KCNH1;KCNN4;KCNN3;KCNN1;KCNN2;SLC41A2;SLC41A1;SLC30A3;NALCN;SLC4A9;SLC4A4;SLC4A8
prerank,GO_Cellular_Component_2025__Ionotropic Glutamate Receptor Complex (GO:0008328),0.8758936231652358,2.8590950410586515,0.0,0.0,0.0,16/23,3.29%,GRIN3B;GRIK5;GRIA2;GRIK1;GRIA1;GRID2;GRIN2B;GRIN2A;GRIN3A;GRIN2D;GRIA3;GRIK3;GRIK4;GRIN2C;GRIA4;GRID1
prerank,GO_Molecular_Function_2025__Outward Rectifier Potassium Channel Activity (GO:0015271),0.9275470927425811,2.8460350238347902,0.0,0.0,0.0,14/18,2.01%,KCNIP2;KCNK18;KCNK6;KCNK2;KCNK10;KCNK13;KCNK3;KCNK4;KCNK9;KCNK7;KCNK5;KCNK12;KCNK17;KCNK16
prerank,KEGG_2021_Human__Proteasome,-0.7774602287534416,-2.8332379058690096,0.0,0.0,0.0,34/41,16.28%,PSMD14;PSMD2;PSMA1;PSMD1;PSMD11;PSMA4;PSMC4;PSMB1;PSMB4;PSMC3;PSMC1;PSMA7;PSMB9;PSMA8;PSMB6;PSMB5;PSMB11;PSMB8;PSMB7;PSMB10;PSMB2;PSMB3;PSMC6;ADRM1;PSMC5;PSMA3;PSMA2;PSMD7;PSMD8;PSMA5;PSMD9;PSMD4;PSMC2;PSMD6
prerank,Reactome_2022__Phase 4 - Resting Membrane Potential R-HSA-5576886,0.9816147082334133,2.8301890003786085,0.0,0.0,0.0,15/15,2.01%,KCNK18;KCNK6;KCNK15;KCNK2;KCNK10;KCNK13;KCNK3;KCNK4;KCNK9;KCNK7;KCNK5;KCNK1;KCNK12;KCNK17;KCNK16
prerank,GO_Biological_Process_2025__Chemical Synaptic Transmission (GO:0007268),0.6298811103929708,2.8295377381276974,0.0,0.0,0.0,55/105,12.78%,SNAP25;PAFAH1B1;SLC12A4;SLC12A7;SLC12A6;SLC12A5;GAD2;GAD1;NAPB;KCNIP1;KCNIP2;TH;RIT2;SLC18A3;KCNK3;GRIN3B;GRIK5;GRIA2;GRIK1;GRIA1;GRID2;GRIN2B;GRIN2A;GRIN3A;GRIN2D;GRIA3;GRIK3;GRIK4;GRIN2C;GRIA4;GRID1;GABBR1;HTR7;APP;SLC32A1;SLC17A6;SLC17A8;SLC17A7;RAPSN;CPLX1;NRXN2;DTNA;GRM3;GRM2;KCND3;MAPK1;LIN7A;KCNN1;GABBR2;MYCBPAP;HTR1E;HTR1F;HTR1B;FCHSD1;FCHSD2
prerank,Reactome_2022__Drug ADME R-HSA-9748784,-0.7208354520324712,-2.823463055608006,0.0,0.0,0.0,43/64,12.15%,UGT3A2;UGT1A5;UGT2B11;UGT2A3;UGT1A9;UGT2B28;UGT1A4;UGT1A10;UGT1A3;UGT1A8;UGT2B15;UGT1A1;UGT1A6;UGT2A2;UGT2B17;UGT2B4;UGT2B10;UGT1A7;UGT3A1;UGT2A1;UGT2B7;CES1;CES2;SLC16A1;XDH;ABCC2;ABCC4;ABCC5;ABCC3;ABCC1;SULT2A1;SULT1A1;SULT1E1;SULT1A4;SULT1C4;HPRT1;PCK1;SLCO2B1;GGT6;GGT5;SLCO1B3;SLCO1B1;SLC38A3
prerank,Reactome_2022__Phase II - Conjugation Of Compounds R-HSA-156580,-0.7003395022387756,-2.8149368969134962,0.0,0.0,0.0,39/71,7.64%,HPGDS;AKR1A1;UGT3A2;UGT1A5;UGT2B11;UGT2A3;UGT1A9;UGT2B28;UGT1A4;UGT1A10;UGT1A3;UGT1A8;UGT2B15;UGT1A1;UGT1A6;UGT2A2;UGT2B17;UGT2B4;UGT2B10;UGT1A7;UGT3A1;UGT2A1;UGT2B7;GSTO1;GSTT2;GSTT2B;GSTO2;UGP2;GGCT;SULT1A2;SULT2A1;SULT1B1;SULT1A1;SULT1E1;SULT1A4;SULT6B1;SULT1C4;SULT4A1;SULT2B1
prerank,Reactome_2022__ABC Transporter Disorders R-HSA-5619084,-0.7025353675315488,-2.812339877537602,0.0,0.0,0.0,42/63,16.28%,PSMD14;PSMD2;PSMA1;PSMD11;PSMA4;PSMC4;PSMB1;ABCC2;ABCC9;ABCC8;ABCC6;CFTR;PSMB4;PSMC3;PSMC1;PSMA7;PSMB9;PSMA8;PSMB6;PSMB5;PSMB11;PSMB8;PSMB7;PSMB10;PSMB2;PSMB3;ABCA3;ABCA12;ABCG8;PSMC6;PSMC5;PSMA3;VCP;PSMA2;PSMD7;PSMD8;PSMA5;ABCA1;PSMD9;PSMD4;PSMC2;PSMD6
prerank,"GO_Molecular_Function_2025__Oxidoreductase Activity, Acting on the CH-OH Group of Donors, NAD or NADP as Acceptor (GO:0016616)",-0.7870402955514233,-2.805459605269582,0.0,0.0,0.0,29/39,17.32%,DHRS2;DHRS4;AKR1B15;AKR1A1;AKR1B10;AKR1C4;AKR1C3;AKR1C1;DCXR;CYP4A22;GRHPR;HPGD;DHDH;MDH1;MDH1B;PHGDH;HSD17B4;HSD17B8;DHRS7;HSD17B10;CBR1;DHRS7C;DHRS7B;DHRS1;HADHB;GFUS;HADHA;GPD1;GPD1L
prerank,GO_Molecular_Function_2025__Monocarboxylic Acid Binding (GO:0033293),-0.8932703462604443,-2.8041612886534946,0.0,0.0,0.0,15/23,1.03%,AKR1C4;AKR1C3;AKR1C2;UGT1A9;UGT1A4;UGT1A10;UGT1A3;UGT1A8;UGT2B15;UGT1A1;UGT1A6;UGT2B17;UGT2B4;UGT1A7;UGT2B7
prerank,Reactome_2022__SCF(Skp2)-mediated Degradation Of P27/P21 R-HSA-187577,-0.7354028091817173,-2.7991170003464516,0.0,0.0,0.0,35/49,16.28%,PSMD14;PSMD2;PSMA1;PSMD11;PSMA4;PSMC4;PSMB1;PSMB4;PSMC3;PSMC1;PSMA7;PSMB9;PSMB6;PSMB5;PSMB8;PSMB7;PSMB10;PSMB2;PSMB3;PSMC6;PSMC5;PSMA3;PSMA2;PSMD7;PSMD8;PSMA5;PSMD9;PSMD4;PSMC2;CCNA1;CCNA2;CCNE2;CCNE1;CCND1;PSMD6
prerank,Reactome_2022__Autodegradation Of E3 Ubiquitin Ligase COP1 R-HSA-349425,-0.7527973801834967,-2.796088079983884,0.0,0.0,0.0,33/44,16.28%,PSMD14;PSMD2;PSMA1;PSMD11;PSMA4;PSMC4;PSMB1;PSMB4;PSMC3;PSMC1;PSMA7;PSMB9;PSMA8;PSMB6;PSMB5;PSMB11;PSMB8;PSMB7;PSMB10;PSMB2;PSMB3;PSMC6;PSMC5;PSMA3;PSMA2;PSMD7;PSMD8;PSMA5;CARD16;PSMD9;PSMD4;PSMC2;PSMD6
prerank,Reactome_2022__Cardiac Conduction R-HSA-5576891,0.6646806099277047,2.794452096667458,0.0,0.0,0.0,28/70,3.39%,PRKCA;KCNIP1;KCNIP4;KCNIP3;KCNIP2;ATP2A2;ATP2B3;ATP1A4;ATP2B1;ATP2A1;ATP1A2;KCNK18;KCNK6;KCNK15;KCNK2;KCNK10;KCNK13;KCNK3;KCNK4;KCNK9;KCNK7;KCNK5;KCNK1;KCNK12;KCNK17;KCNK16;KCNH2;TNNI3
prerank,WikiPathways_2024_Human__Oxidation By Cytochrome P450 WP43,-0.898241156679012,-2.788955978922332,0.0,0.0,0.0,15/23,3.60%,CYP4F22;CYP4A22;CYP19A1;CYP4F2;CYP4Z1;CYP4F12;CYP4B1;CYP4X1;CYP4A11;CYP4F8;CYP4F3;CYP4V2;CYP4F11;CYB5R3;CYB5R2
prerank,Reactome_2022__AUF1 (hnRNP D0) Binds And Destabilizes mRNA R-HSA-450408,-0.7474770293063618,-2.7882152323963556,0.0,0.0,0.0,32/45,16.28%,PSMD14;PSMD2;PSMA1;PSMD11;PSMA4;PSMC4;PSMB1;PSMB4;PSMC3;PSMC1;PSMA7;PSMB9;PSMA8;PSMB6;PSMB5;PSMB11;PSMB8;PSMB7;PSMB10;PSMB2;PSMB3;PSMC6;PSMC5;PSMA3;PSMA2;PSMD7;PSMD8;PSMA5;PSMD9;PSMD4;PSMC2;PSMD6
prerank,Reactome_2022__Stabilization Of P53 R-HSA-69541,-0.7514879140734129,-2.785921378817526,0.0,0.0,0.0,34/46,16.28%,PSMD14;PSMD2;PSMA1;PSMD11;PSMA4;PSMC4;PSMB1;PSMB4;PSMC3;PSMC1;PSMA7;PSMB9;PSMA8;PSMB6;PSMB5;PSMB11;PSMB8;PSMB7;PSMB10;PSMB2;PSMB3;PSMC6;PSMC5;PSMA3;PSMA2;PSMD7;PSMD8;PSMA5;CARD16;PSMD9;PSMD4;PSMC2;CHEK2;PSMD6
prerank,Reactome_2022__Ubiquitin Mediated Degradation Of Phosphorylated Cdc25A R-HSA-69601,-0.7532799729333831,-2.7842316045519953,0.0,0.0,0.0,33/45,16.28%,PSMD14;PSMD2;PSMA1;PSMD11;PSMA4;PSMC4;PSMB1;PSMB4;PSMC3;PSMC1;PSMA7;PSMB9;PSMA8;PSMB6;PSMB5;PSMB11;PSMB8;PSMB7;PSMB10;PSMB2;PSMB3;PSMC6;PSMC5;PSMA3;PSMA2;PSMD7;PSMD8;PSMA5;PSMD9;PSMD4;PSMC2;CHEK2;PSMD6
prerank,Reactome_2022__Cross-presentation Of Soluble Exogenous Antigens (Endosomes) R-HSA-1236978,-0.7663432395811006,-2.780773690657675,0.0,0.0,0.0,32/40,16.28%,PSMD14;PSMD2;PSMA1;PSMD11;PSMA4;PSMC4;PSMB1;PSMB4;PSMC3;PSMC1;PSMA7;PSMB9;PSMA8;PSMB6;PSMB5;PSMB11;PSMB8;PSMB7;PSMB10;PSMB2;PSMB3;PSMC6;PSMC5;PSMA3;PSMA2;PSMD7;PSMD8;PSMA5;PSMD9;PSMD4;PSMC2;PSMD6
prerank,GO_Biological_Process_2025__Monoatomic Cation Transport (GO:0006812),0.7952752175621522,2.7780487366334987,0.0,0.0,0.0,14/28,5.03%,ATP1A2;HCN4;CNGA3;CNGB1;CNGB3;CNGA4;CNGA1;GRIN3B;GRIN2B;GRIN2A;GRIN3A;GRIN2D;GRIN2C;SLC29A4
prerank,Reactome_2022__Role Of GTSE1 In G2/M Progression After G2 Checkpoint R-HSA-8852276,-0.7329841664961869,-2.776131574526999,0.0,0.0,0.0,35/50,16.28%,PSMD14;PSMD2;PSMA1;PSMD11;PSMA4;PSMC4;PSMB1;PSMB4;PSMC3;PSMC1;PSMA7;PSMB9;PSMA8;PSMB6;PSMB5;PSMB11;PSMB8;PSMB7;PSMB10;PSMB2;PSMB3;PSMC6;PSMC5;PSMA3;PSMA2;PSMD7;PSMD8;PLK1;PSMA5;PSMD9;PSMD4;PSMC2;CCNB1;CCNB2;PSMD6
prerank,KEGG_2021_Human__Porphyrin and chlorophyll metabolism,-0.7867153805969308,-2.7695884770840924,0.0,0.0,0.0,20/38,3.76%,UGT1A5;UGT2B11;UGT2A3;UGT1A9;UGT2B28;UGT1A4;UGT1A10;UGT1A3;UGT1A8;UGT2B15;UGT1A1;UGT1A6;UGT2A2;UGT2B17;UGT2B4;UGT2B10;UGT1A7;UGT2A1;UGT2B7;GUSB
prerank,Reactome_2022__Ubiquitin-dependent Degradation Of Cyclin D R-HSA-75815,-0.7533484656407288,-2.7673203437033047,0.0,0.0,0.0,33/44,16.28%,PSMD14;PSMD2;PSMA1;PSMD11;PSMA4;PSMC4;PSMB1;PSMB4;PSMC3;PSMC1;PSMA7;PSMB9;PSMA8;PSMB6;PSMB5;PSMB11;PSMB8;PSMB7;PSMB10;PSMB2;PSMB3;PSMC6;PSMC5;PSMA3;PSMA2;PSMD7;PSMD8;PSMA5;PSMD9;PSMD4;PSMC2;CCND1;PSMD6
prerank,Reactome_2022__G1/S DNA Damage Checkpoints R-HSA-69615,-0.7178314991583106,-2.765519561784303,0.0,0.0,0.0,38/54,16.28%,PSMD14;PSMD2;PSMA1;PSMD11;PSMA4;PSMC4;PSMB1;PSMB4;PSMC3;PSMC1;PSMA7;PSMB9;PSMA8;PSMB6;PSMB5;PSMB11;PSMB8;PSMB7;PSMB10;PSMB2;PSMB3;PSMC6;PSMC5;PSMA3;PSMA2;PSMD7;PSMD8;PSMA5;CARD16;PSMD9;PSMD4;PSMC2;CCNA1;CCNA2;CCNE2;CCNE1;CHEK2;PSMD6
prerank,Reactome_2022__p53-Dependent G1 DNA Damage Response R-HSA-69563,-0.723724879983377,-2.7632665015398628,0.0,0.0,0.0,38/52,16.28%,PSMD14;PSMD2;PSMA1;PSMD11;PSMA4;PSMC4;PSMB1;PSMB4;PSMC3;PSMC1;PSMA7;PSMB9;PSMA8;PSMB6;PSMB5;PSMB11;PSMB8;PSMB7;PSMB10;PSMB2;PSMB3;PSMC6;PSMC5;PSMA3;PSMA2;PSMD7;PSMD8;PSMA5;CARD16;PSMD9;PSMD4;PSMC2;CCNA1;CCNA2;CCNE2;CCNE1;CHEK2;PSMD6
prerank,Reactome_2022__Hh Mutants Are Degraded By ERAD R-HSA-5362768,-0.7401405947054307,-2.7630161372606485,0.0,0.0,0.0,34/47,16.28%,PSMD14;PSMD2;PSMA1;PSMD11;PSMA4;PSMC4;PSMB1;PSMB4;PSMC3;PSMC1;PSMA7;PSMB9;PSMA8;PSMB6;PSMB5;PSMB11;PSMB8;PSMB7;PSMB10;PSMB2;PSMB3;PSMC6;PSMC5;PSMA3;VCP;PSMA2;SYVN1;PSMD7;PSMD8;PSMA5;PSMD9;PSMD4;PSMC2;PSMD6
prerank,Reactome_2022__Vpu Mediated Degradation Of CD4 R-HSA-180534,-0.7430904848228532,-2.756697758610772,0.0,0.0,0.0,32/44,16.28%,PSMD14;PSMD2;PSMA1;PSMD11;PSMA4;PSMC4;PSMB1;PSMB4;PSMC3;PSMC1;PSMA7;PSMB9;PSMA8;PSMB6;PSMB5;PSMB11;PSMB8;PSMB7;PSMB10;PSMB2;PSMB3;PSMC6;PSMC5;PSMA3;PSMA2;PSMD7;PSMD8;PSMA5;PSMD9;PSMD4;PSMC2;PSMD6
prerank,Reactome_2022__Degradation Of DVL R-HSA-4641258,-0.7375143842740245,-2.753309943381875,0.0,0.0,0.0,32/45,16.28%,PSMD14;PSMD2;PSMA1;PSMD11;PSMA4;PSMC4;PSMB1;PSMB4;PSMC3;PSMC1;PSMA7;PSMB9;PSMA8;PSMB6;PSMB5;PSMB11;PSMB8;PSMB7;PSMB10;PSMB2;PSMB3;PSMC6;PSMC5;PSMA3;PSMA2;PSMD7;PSMD8;PSMA5;PSMD9;PSMD4;PSMC2;PSMD6
prerank,GO_Biological_Process_2025__Sodium Ion Transport (GO:0006814),0.6908836519746925,2.752087248234876,0.0,0.0,0.0,29/53,10.77%,SLC12A3;SLC12A2;SLC12A1;SLC5A4;SLC5A2;SLC5A5;SLC5A12;SLC5A8;ATP1A4;ATP1A2;KCNK1;HCN4;CNGB1;HCN2;CNGA4;CNGA1;HCN1;HCN3;GRIN2A;SLC9B2;SLC38A7;SLC24A1;SLC17A3;SLC17A2;SLC17A4;NALCN;SLC4A9;SLC4A4;SLC4A8
prerank,GO_Molecular_Function_2025__Retinoid Binding (GO:0005501),-0.8588378572906353,-2.7489844143783877,0.0,0.0,0.0,13/23,1.03%,ALDH1A2;UGT1A9;UGT1A4;UGT1A10;UGT1A3;UGT1A8;UGT2B15;UGT1A1;UGT1A6;UGT2B17;UGT2B4;UGT1A7;UGT2B7
prerank,WikiPathways_2024_Human__Synaptic Vesicle Pathway WP2267,0.7930002748208154,2.743267997841846,0.0,0.0,0.0,22/29,14.68%,SNAP25;NSF;NAPA;ATP1A2;SLC18A3;STXBP1;AP2A2;AP2A1;SLC38A1;SLC32A1;SLC17A6;SLC17A8;SLC17A7;SLC22A3;CPLX2;CPLX3;CPLX1;SLC18A1;STX3;STX1B;STX1A;STX2
prerank,GO_Biological_Process_2025__Metal Ion Transport (GO:0030001),0.601522333692387,2.740747045671839,0.0,0.0,0.0,46/105,10.75%,SLC12A3;KCNIP2;SLC5A4;SLC5A2;SLC5A5;SLC5A12;SLC5A8;ATP2C1;ATP1A4;ATP2A1;ATP1A2;KCNK18;KCNK6;KCNK3;KCNK4;KCNK9;KCNK7;KCNK5;KCNK1;KCNK17;KCNK16;MINDY4;KCNH7;CNGB1;KCNH3;CNGA4;CNGA1;KCNH4;KCNH2;KCNH8;GRIN3A;SLC9B2;SLC38A7;SLC24A1;SLC17A3;SLC17A7;SLC17A2;SLC17A4;KCND3;KCNH1;KCNN4;KCNN1;KCNN2;SLC41A2;SLC41A1;SLC4A4
prerank,Reactome_2022__ER-Phagosome Pathway R-HSA-1236974,-0.7021259534951145,-2.7364239715571017,0.0,0.0,0.0,39/57,16.28%,PSMD14;PDIA3;CD36;PSMD2;PSMA1;PSMD11;PSMA4;PSMC4;PSMB1;PSMB4;PSMC3;PSMC1;PSMA7;PSMB9;PSMA8;PSMB6;PSMB5;PSMB11;PSMB8;PSMB7;PSMB10;PSMB2;PSMB3;PSMC6;PSMC5;PSMA3;PSMA2;PSMD7;MYD88;PSMD8;IKBKB;CHUK;PSMA5;PSMD9;SEC61A1;SEC61A2;PSMD4;PSMC2;PSMD6
prerank,GO_Molecular_Function_2025__Leak Channel Activity (GO:0022840),0.9408650640218815,2.7321295234175267,0.0,0.0,0.0,14/16,2.01%,KCNK18;KCNK6;KCNK15;KCNK2;KCNK10;KCNK13;KCNK3;KCNK4;KCNK9;KCNK7;KCNK5;KCNK12;KCNK17;KCNK16
prerank,Reactome_2022__Oxygen-dependent Proline Hydroxylation Of Hypoxia-inducible Factor Alpha R-HSA-1234176,-0.724736309441872,-2.728153966213741,0.0,0.0,0.0,35/51,16.28%,PSMD14;PSMD2;PSMA1;PSMD11;PSMA4;PSMC4;PSMB1;PSMB4;PSMC3;PSMC1;PSMA7;PSMB9;PSMA8;PSMB6;PSMB5;PSMB11;PSMB8;PSMB7;PSMB10;PSMB2;PSMB3;PSMC6;PSMC5;PSMA3;PSMA2;HIF3A;HIF1A;EPAS1;PSMD7;PSMD8;PSMA5;PSMD9;PSMD4;PSMC2;PSMD6
prerank,Reactome_2022__Regulation Of Ornithine Decarboxylase (ODC) R-HSA-350562,-0.755308117137354,-2.7252725048705178,0.0,0.0,0.0,32/41,16.28%,PSMD14;PSMD2;PSMA1;PSMD11;PSMA4;PSMC4;PSMB1;PSMB4;PSMC3;PSMC1;PSMA7;PSMB9;PSMA8;PSMB6;PSMB5;PSMB11;PSMB8;PSMB7;PSMB10;PSMB2;PSMB3;PSMC6;PSMC5;PSMA3;PSMA2;PSMD7;PSMD8;PSMA5;PSMD9;PSMD4;PSMC2;PSMD6
prerank,Reactome_2022__Hh Mutants Abrogate Ligand Secretion R-HSA-5387390,-0.7243973537243864,-2.724321114547646,0.0,0.0,0.0,34/49,16.28%,PSMD14;PSMD2;PSMA1;PSMD11;PSMA4;PSMC4;PSMB1;PSMB4;PSMC3;PSMC1;PSMA7;PSMB9;PSMA8;PSMB6;PSMB5;PSMB11;PSMB8;PSMB7;PSMB10;PSMB2;PSMB3;PSMC6;PSMC5;PSMA3;VCP;PSMA2;SYVN1;PSMD7;PSMD8;PSMA5;PSMD9;PSMD4;PSMC2;PSMD6
prerank,GO_Cellular_Component_2025__Neuron Projection (GO:0043005),0.5307881282042376,2.7241990490253456,0.0,0.0,0.0,99/247,16.07%,SCGN;CALB2;CALB1;SNAP25;PAFAH1B1;FEZ2;SLC12A2;SLC12A5;ANK1;PKN1;PRKCG;STMN1;STMN3;STMN2;STMN4;LDLRAP1;TH;RIT2;HOMER2;ATP7A;ATP13A2;ATP1A4;KCNK2;SYAP1;RTN3;RTN2;RTN1;RTN4;HCN4;HCN2;HCN1;HCN3;RGS7BP;RGS9BP;SYT7;ELFN1;GRIA2;GRIA1;GRIN2B;GRIN3A;GRIK3;GRIA4;CPEB2;CPEB3;CPEB4;INPP5A;SYT12;SSTR2;HTR7;INPP5K;INPP5J;OCRL;APP;SLC38A7;SLC32A1;CTNNA2;SLC17A6;SYT13;NF1;FAM107A;CRHR1;PICK1;GRM3;GRM2;SPAST;TPH2;TPH1;KCNN4;KCNN3;KCNN1;TENM2;TENM3;SLC30A3;SLC4A10;SLC4A8;CPEB1;BNIP3;DIP2B;SORBS2;KIRREL3;HTR1E;HTR1F;HTR1B;MAPK8;AZIN2;ATOH7;PCSK2;KIF3B;ZNF385A;STX3;STX1A;SAMD14;PPP1R9B;PPP1R9A;NR1D1;RORA;KPNA1;LGALS12;SH2D3C
prerank,Reactome_2022__Degradation Of Beta-Catenin By Destruction Complex R-HSA-195253,-0.6863431994190139,-2.7206790453889798,0.0,0.0,0.0,36/62,16.28%,PSMD14;PSMD2;PSMA1;CTBP2;CTBP1;PSMD11;PSMA4;PSMC4;PSMB1;PSMB4;PSMC3;PSMC1;PSMA7;PSMB9;PSMA8;PSMB6;PSMB5;PSMB11;PSMB8;PSMB7;PSMB10;PPP2R5C;PPP2R5D;PSMB2;PSMB3;PSMC6;PSMC5;PSMA3;PSMA2;PSMD7;PSMD8;PSMA5;PSMD9;PSMD4;PSMC2;PSMD6
prerank,KEGG_2021_Human__Pentose phosphate pathway,-0.8369736987405169,-2.718812397979274,0.0,0.0,0.0,22/27,12.10%,TKTL1;GPI;RPIA;TALDO1;PGLS;G6PD;PGD;RGN;GLYCTK;PRPS2;PRPS1L1;PRPS1;RPEL1;RPE;FBP1;FBP2;PGM2;PGM1;DERA;PFKP;PFKM;PFKL
prerank,Reactome_2022__Phase I - Functionalization Of Compounds R-HSA-211945,-0.7195525410694437,-2.7187947227552733,0.0,0.0,0.0,24/51,10.10%,CBR3;ALDH1A1;ALDH3A1;ALDH1B1;CES1;CES2;CES3;CYP4F22;CYP4A22;CYP19A1;CYP4F2;CYP4F12;CYP4B1;CYP4A11;CYP4F8;CYP4F3;CYP4V2;CYP4F11;CYB5R3;ALDH2;MAOA;PAOX;SMOX;MAOB
prerank,Reactome_2022__Regulation Of RUNX3 Expression And Activity R-HSA-8941858,-0.730284866623199,-2.717677040426672,0.0,0.0,0.0,30/44,16.28%,PSMD14;PSMD2;PSMA1;PSMD11;PSMA4;PSMC4;PSMB1;PSMB4;PSMC3;PSMC1;PSMA7;PSMB9;PSMB6;PSMB5;PSMB8;PSMB7;PSMB10;PSMB2;PSMB3;PSMC6;PSMC5;PSMA3;PSMA2;PSMD7;PSMD8;PSMA5;PSMD9;PSMD4;PSMC2;PSMD6
prerank,GO_Biological_Process_2025__Long-Chain Fatty Acid Metabolic Process (GO:0001676),-0.7850135642010618,-2.7159049197041867,0.0,0.0,0.0,24/36,7.23%,CYP4A22;CYP4F2;CYP4Z1;CYP4F12;CYP4A11;CYP4F8;CYP4F3;CYP4F11;FAAH2;CPT2;SLC27A1;SLC27A3;ACSL6;SLC27A2;ACSL1;ACSL4;SLC27A6;ACSL3;ACSBG1;SLC27A4;SLC27A5;ACSBG2;AWAT1;ELOVL1
prerank,Reactome_2022__Fatty Acid Metabolism R-HSA-8978868,-0.6493693245752558,-2.7137397125523055,0.0,0.0,0.0,53/89,15.88%,HPGDS;AKR1C3;ALDH3A2;ACLY;CYP4F22;CYP4A22;CYP4F2;CYP4B1;CYP4A11;CYP4F8;CYP4F3;CYP4F11;ACADS;FAAH2;HPGD;HAO2;ACAA2;CPT2;ACOX2;ABCC1;ACBD4;ACBD5;CRAT;HSD17B4;HSD17B8;SLC27A3;ACSL6;SLC27A2;ACSL1;ACSL4;ACSL3;ACSBG1;ACSBG2;ECI1;ACOT13;AWAT1;ECI2;DBI;ELOVL7;ELOVL1;ECHS1;TECR;TECRL;GGT5;LTA4H;CBR1;ACOX3;HADHB;ACOT9;HADHA;EPHX2;HACD1;HACD2
prerank,Reactome_2022__SCF-beta-TrCP Mediated Degradation Of Emi1 R-HSA-174113,-0.7155218291654223,-2.7053755162064257,0.0,0.0,0.0,32/48,16.28%,PSMD14;PSMD2;PSMA1;PSMD11;PSMA4;PSMC4;PSMB1;PSMB4;PSMC3;PSMC1;PSMA7;PSMB9;PSMA8;PSMB6;PSMB5;PSMB11;PSMB8;PSMB7;PSMB10;PSMB2;PSMB3;PSMC6;PSMC5;PSMA3;PSMA2;PSMD7;PSMD8;PSMA5;PSMD9;PSMD4;PSMC2;PSMD6
prerank,KEGG_2021_Human__Glycolysis / Gluconeogenesis,-0.7159587708260211,-2.705251555623302,0.0,0.0,0.0,30/52,12.64%,ALDH7A1;AKR1A1;HK1;GPI;ALDH3A1;ALDH1B1;ALDH3A2;ALDH3B1;ALDH9A1;TPI1;GALM;PKM;PKLR;PGK2;PGK1;ALDH3B2;FBP1;FBP2;PGM2;PGM1;ALDH2;PCK1;PCK2;ENO2;ENO1;ENO3;PFKP;PFKM;PFKL;ACSS2
prerank,KEGG_2021_Human__Fat digestion and absorption,-0.8135231014796851,-2.7044810450401595,0.0,0.0,0.0,24/29,14.30%,CEL;GOT2;CD36;SCARB1;LIPF;DGAT1;PNLIP;PNLIPRP2;PNLIPRP1;MTTP;SLC27A1;SLC27A4;PLA2G3;MOGAT2;DGAT2;MOGAT3;ABCG8;AGPAT1;AGPAT2;ACAT1;PLPP2;PLPP3;PLPP1;ABCA1
prerank,KEGG_2021_Human__Nicotine addiction,0.9203874051139628,2.7013022958608386,0.0,0.0,0.0,14/15,5.37%,GRIN3B;GRIA2;GRIA1;GRIN2B;GRIN2A;GRIN3A;GRIN2D;GRIA3;GRIN2C;GRIA4;SLC32A1;SLC17A6;SLC17A8;SLC17A7
prerank,GO_Molecular_Function_2025__Inorganic Cation Transmembrane Transporter Activity (GO:0022890),0.7854668612376632,2.697129337369798,0.0,0.0,0.0,15/27,4.75%,SLC12A2;MINDY4;GRIN3B;GRIA2;GRIA1;GRID2;GRIN2B;GRIN2A;GRIN3A;GRIN2D;GRIA3;GRIN2C;GRIA4;GRID1;ATP6V1B2
prerank,Reactome_2022__Potassium Channels R-HSA-1296071,0.6867150368504109,2.6967337969981235,0.0,0.0,0.0,35/50,13.57%,GNGT2;GNGT1;GNG5;GNG11;GNG10;KCNK18;KCNK6;KCNK2;KCNK10;KCNK13;KCNK3;KCNK4;KCNK9;KCNK7;KCNK1;KCNK17;KCNK16;HCN4;KCNH7;HCN2;KCNH3;KCNH4;KCNH2;HCN1;KCNH8;HCN3;KCND3;KCNH1;KCNN4;KCNN3;KCNN1;KCNN2;GABBR2;GNB5;KCNH6
prerank,Reactome_2022__NIK To Noncanonical NF-kB Signaling R-HSA-5676590,-0.7117831131678347,-2.693644677231731,0.0,0.0,0.0,33/49,16.28%,PSMD14;PSMD2;PSMA1;PSMD11;PSMA4;PSMC4;PSMB1;PSMB4;PSMC3;PSMC1;PSMA7;PSMB9;PSMA8;PSMB6;PSMB5;PSMB11;PSMB8;PSMB7;PSMB10;PSMB2;PSMB3;PSMC6;PSMC5;PSMA3;PSMA2;PSMD7;PSMD8;CHUK;PSMA5;PSMD9;PSMD4;PSMC2;PSMD6
prerank,WikiPathways_2024_Human__Glycolysis And Gluconeogenesis WP534,-0.7583238824491652,-2.691344330772704,0.0,0.0,0.0,25/37,12.10%,HK1;GPI;GOT2;GOT1;TPI1;SLC2A5;SLC2A3;SLC2A4;SLC2A1;SLC2A2;MDH1;PKM;PKLR;PGK2;PGK1;FBP1;FBP2;PCK1;MPC2;ENO2;ENO1;ENO3;PFKP;PFKM;PFKL
prerank,GO_Molecular_Function_2025__Alcohol Dehydrogenase [NAD(P)+] Activity (GO:0018455),-0.914562141038963,-2.688217970635318,0.0,0.0,0.0,12/19,0.39%,DHRS4;KCNAB1;AKR1A1;AKR1B10;AKR1C4;AKR7L;KCNAB2;AKR7A3;AKR1C3;AKR7A2;AKR1D1;AKR1C1
prerank,GO_Molecular_Function_2025__UDP-glycosyltransferase Activity (GO:0008194),-0.6956400022478808,-2.6872404846400384,0.0,0.0,0.0,20/55,1.03%,UGT3A2;UGT2B11;UGT2A3;UGT1A9;UGT2B28;UGT1A4;UGT1A10;UGT1A3;UGT1A8;UGT2B15;UGT1A1;UGT1A6;UGT2A2;UGT2B17;UGT2B4;UGT2B10;UGT1A7;UGT3A1;UGT2A1;UGT2B7
prerank,Reactome_2022__Cellular Response To Hypoxia R-HSA-1234174,-0.6916530689148567,-2.6856854719792334,0.0,0.0,0.0,35/57,16.28%,PSMD14;PSMD2;PSMA1;PSMD11;PSMA4;PSMC4;PSMB1;PSMB4;PSMC3;PSMC1;PSMA7;PSMB9;PSMA8;PSMB6;PSMB5;PSMB11;PSMB8;PSMB7;PSMB10;PSMB2;PSMB3;PSMC6;PSMC5;PSMA3;PSMA2;HIF3A;HIF1A;EPAS1;PSMD7;PSMD8;PSMA5;PSMD9;PSMD4;PSMC2;PSMD6
prerank,Reactome_2022__Vif-mediated Degradation Of APOBEC3G R-HSA-180585,-0.7216135442030538,-2.6826937923652117,0.0,0.0,0.0,32/46,16.28%,PSMD14;PSMD2;PSMA1;PSMD11;PSMA4;PSMC4;PSMB1;PSMB4;PSMC3;PSMC1;PSMA7;PSMB9;PSMA8;PSMB6;PSMB5;PSMB11;PSMB8;PSMB7;PSMB10;PSMB2;PSMB3;PSMC6;PSMC5;PSMA3;PSMA2;PSMD7;PSMD8;PSMA5;PSMD9;PSMD4;PSMC2;PSMD6
prerank,Reactome_2022__Dectin-1 Mediated Noncanonical NF-kB Signaling R-HSA-5607761,-0.7027418959954991,-2.6824956478197604,0.0,0.0,0.0,33/50,16.28%,PSMD14;PSMD2;PSMA1;PSMD11;PSMA4;PSMC4;PSMB1;PSMB4;PSMC3;PSMC1;PSMA7;PSMB9;PSMA8;PSMB6;PSMB5;PSMB11;PSMB8;PSMB7;PSMB10;PSMB2;PSMB3;PSMC6;PSMC5;PSMA3;PSMA2;PSMD7;PSMD8;CHUK;PSMA5;PSMD9;PSMD4;PSMC2;PSMD6
prerank,Reactome_2022__RUNX1 Regulates Transcription Of Genes Involved In Differentiation Of HSCs R-HSA-8939236,-0.6847340829668949,-2.68210798277438,0.0,0.0,0.0,36/57,16.28%,PSMD14;PSMD2;PSMA1;GATA2;GATA1;GATA3;PSMD11;PSMA4;PSMC4;PSMB1;PSMB4;RUNX1;PSMC3;PSMC1;PSMA7;PSMB9;PSMA8;PSMB6;PSMB5;PSMB11;PSMB8;PSMB7;PSMB10;PSMB2;PSMB3;PSMC6;PSMC5;PSMA3;PSMA2;PSMD7;PSMD8;PSMA5;PSMD9;PSMD4;PSMC2;PSMD6
prerank,GO_Molecular_Function_2025__Alcohol Dehydrogenase (NADP+) Activity (GO:0008106),-0.9066555570578501,-2.681768723592925,0.0,0.0,0.0,16/19,2.49%,DHRS4L2;DHRS2;DHRS4;CBR3;AKR1B15;AKR1B10;AKR1C4;AKR1C3;AKR1C2;AKR7A2;AKR1D1;AKR1C1;ALDH3A1;DCXR;AKR1E2;AKR1B1
prerank,Reactome_2022__Metabolism Of Polyamines R-HSA-351202,-0.7144305594448795,-2.6797074641487417,0.0,0.0,0.0,34/47,16.28%,PSMD14;PSMD2;PSMA1;PSMD11;PSMA4;PSMC4;PSMB1;PSMB4;PSMC3;PSMC1;PSMA7;PSMB9;PSMA8;PSMB6;PSMB5;PSMB11;PSMB8;PSMB7;PSMB10;PSMB2;PSMB3;PSMC6;PSMC5;PSMA3;PSMA2;PAOX;SMOX;PSMD7;PSMD8;PSMA5;PSMD9;PSMD4;PSMC2;PSMD6
prerank,Reactome_2022__GSK3B And BTRC:CUL1-mediated-degradation Of NFE2L2 R-HSA-9762114,-0.7169786705319522,-2.6794339605530273,0.0,0.0,0.0,30/45,16.28%,PSMD14;PSMD2;PSMA1;PSMD11;PSMA4;PSMC4;PSMB1;PSMB4;PSMC3;PSMC1;PSMA7;PSMB9;PSMB6;PSMB5;PSMB8;PSMB7;PSMB10;PSMB2;PSMB3;PSMC6;PSMC5;PSMA3;PSMA2;PSMD7;PSMD8;PSMA5;PSMD9;PSMD4;PSMC2;PSMD6
prerank,GO_Biological_Process_2025__Monocarboxylic Acid Metabolic Process (GO:0032787),-0.6665568734726146,-2.679092983693945,0.0,0.0,0.0,33/73,11.08%,PER2;AKR1C1;HYI;ALDH1A2;UGT1A9;UGT1A3;UGT1A8;UGT1A1;UGT2A2;UGT1A7;UGT2A1;CD36;CYP4F12;CYP4B1;CYP4A11;CYP4F11;SLC25A42;GRHPR;AGXT;LPL;ACBD4;ACBD5;SLC27A2;ACSL4;ACSL3;SLC27A4;SLC27A5;ACSBG2;DBI;ACADSB;PANK4;HSD17B10;GGT5
prerank,GO_Biological_Process_2025__Regulation of Cell Communication (GO:0010646),0.681561661836826,2.678840700394198,0.0,0.0,0.0,22/49,9.88%,RCVRN;NCS1;KCNIP1;GUCA1B;HPCAL1;HPCAL4;GUCA1C;VSNL1;CLXN;KCNIP4;HPCA;KCNIP3;KCNIP2;NCALD;HCN4;HCN1;HCN3;YWHAG;GRK5;PPP6R1;PPP6R3;PPP6R2
prerank,Reactome_2022__FBXL7 Down-Regulates AURKA During Mitotic Entry And In Early Mitosis R-HSA-8854050,-0.7078774731636885,-2.675790305589323,0.0,0.0,0.0,32/48,16.28%,PSMD14;PSMD2;PSMA1;PSMD11;PSMA4;PSMC4;PSMB1;PSMB4;PSMC3;PSMC1;PSMA7;PSMB9;PSMA8;PSMB6;PSMB5;PSMB11;PSMB8;PSMB7;PSMB10;PSMB2;PSMB3;PSMC6;PSMC5;PSMA3;PSMA2;PSMD7;PSMD8;PSMA5;PSMD9;PSMD4;PSMC2;PSMD6
prerank,Reactome_2022__Degradation Of AXIN R-HSA-4641257,-0.7147190223013546,-2.6675055515855406,0.0,0.0,0.0,32/46,16.28%,PSMD14;PSMD2;PSMA1;PSMD11;PSMA4;PSMC4;PSMB1;PSMB4;PSMC3;PSMC1;PSMA7;PSMB9;PSMA8;PSMB6;PSMB5;PSMB11;PSMB8;PSMB7;PSMB10;PSMB2;PSMB3;PSMC6;PSMC5;PSMA3;PSMA2;PSMD7;PSMD8;PSMA5;PSMD9;PSMD4;PSMC2;PSMD6
prerank,Reactome_2022__Transcriptional Regulation By RUNX3 R-HSA-8878159,-0.6629076501695277,-2.6613722475601835,0.0,0.0,0.0,34/64,16.28%,PSMD14;PSMD2;PSMA1;ITGAL;ITGA4;PSMD11;PSMA4;PSMC4;PSMB1;PSMB4;RUNX1;PSMC3;PSMC1;PSMA7;PSMB9;PSMB6;PSMB5;PSMB8;PSMB7;PSMB10;PSMB2;PSMB3;PSMC6;PSMC5;PSMA3;PSMA2;PSMD7;PSMD8;PSMA5;PSMD9;PSMD4;PSMC2;CCND1;PSMD6
prerank,GO_Biological_Process_2025__Lipid Transport (GO:0006869),-0.6493310002669478,-2.660965374571427,0.0,0.0,0.0,36/78,13.24%,AKR1C4;AKR1C1;GOT2;CD36;SCARB1;ABCC2;ABCC4;ABCC3;ABCC11;MTTP;CLN3;NPC2;SLC27A1;SLC27A3;ACSL1;SLC27A4;SLC27A5;ABCA5;ABCA6;ABCA8;ABCA9;ABCA13;ABCA3;ABCA2;ABCA4;ABCA12;ABCG8;BLTP3B;SLCO2B1;SLCO2A1;SLCO1B3;SLCO1C1;SLCO1B1;SLC10A3;SLC10A5;PLPPR4
prerank,GO_Molecular_Function_2025__Retinoic Acid Binding (GO:0001972),-0.9023658176301574,-2.660572254247658,0.0,0.0,0.0,12/17,1.03%,UGT1A9;UGT1A4;UGT1A10;UGT1A3;UGT1A8;UGT2B15;UGT1A1;UGT1A6;UGT2B17;UGT2B4;UGT1A7;UGT2B7
prerank,Reactome_2022__Hedgehog Ligand Biogenesis R-HSA-5358346,-0.6987617839892115,-2.6593970832318576,0.0,0.0,0.0,35/53,16.28%,PSMD14;P4HB;PSMD2;PSMA1;PSMD11;PSMA4;PSMC4;PSMB1;PSMB4;PSMC3;PSMC1;PSMA7;PSMB9;PSMA8;PSMB6;PSMB5;PSMB11;PSMB8;PSMB7;PSMB10;PSMB2;PSMB3;PSMC6;PSMC5;PSMA3;VCP;PSMA2;SYVN1;PSMD7;PSMD8;PSMA5;PSMD9;PSMD4;PSMC2;PSMD6
prerank,KEGG_2021_Human__GABAergic synapse,0.7004372085203323,2.65596720392822,0.0,0.0,0.0,19/43,6.54%,NSF;GNGT2;GNGT1;GNG5;GNG11;GNG10;SLC12A5;GAD2;GAD1;PRKCA;PRKCB;PRKCG;GNAO1;GABBR1;SLC38A5;SLC38A1;SLC32A1;SLC38A2;ADCY3
prerank,Reactome_2022__Neuronal System R-HSA-112316,0.5336807815249153,2.6528255395758107,0.0,0.0,0.0,83/185,13.69%,SNAP25;NSF;GNGT2;GNGT1;GNG5;GNG11;GNG10;GAD2;GAD1;PRKCA;PRKCB;PRKCG;HOMER2;SLC18A3;KCNK18;KCNK6;KCNK2;KCNK10;KCNK13;KCNK3;KCNK4;KCNK9;KCNK7;KCNK1;KCNK17;KCNK16;NCALD;STXBP1;RTN3;HCN4;KCNH7;HCN2;KCNH3;KCNH4;KCNH2;HCN1;KCNH8;HCN3;SYT7;LRRTM2;GRIN3B;GRIK5;GRIA2;GRIK1;GRIA1;GRIN2B;GRIN2A;GRIN3A;GRIN2D;GRIA3;GRIK3;GRIK4;GRIN2C;GRIA4;BCHE;SYT12;AP2A2;AP2A1;SLC38A1;SLC32A1;SLC38A2;SLC17A7;SLC22A1;CPLX1;NRXN2;SLC22A2;PICK1;KCND3;MAPK1;LIN7A;KCNH1;KCNN4;KCNN3;KCNN1;KCNN2;PRKAR2A;SIPA1L1;GABBR2;MAPK3;GNB5;KCNH6;GNAT3;GNAL
prerank,Reactome_2022__Cyclin E Associated Events During G1/S Transition R-HSA-69202,-0.6660525574508752,-2.646153210238823,0.0,0.0,0.0,36/63,16.28%,PSMD14;PSMD2;PSMA1;PSMD11;PSMA4;PSMC4;PSMB1;PSMB4;PSMC3;PSMC1;PSMA7;PSMB9;PSMB6;PSMB5;PSMB8;PSMB7;PSMB10;PSMB2;PSMB3;LIN9;PSMC6;PSMC5;PSMA3;PSMA2;PSMD7;PSMD8;PSMA5;PSMD9;PSMD4;PSMC2;CCNA1;CCNA2;CCNE2;CCNE1;CCND1;PSMD6
prerank,Reactome_2022__Regulation Of Apoptosis R-HSA-169911,-0.7137205378929191,-2.645190473738113,0.0,0.0,0.0,33/45,16.28%,PSMD14;PSMD2;PSMA1;PSMD11;PSMA4;PSMC4;PSMB1;PSMB4;PSMC3;PSMC1;PSMA7;PSMB9;PSMA8;PSMB6;PSMB5;PSMB11;PSMB8;PSMB7;PSMB10;PSMB2;PSMB3;PSMC6;PSMC5;PSMA3;PSMA2;PSMD7;ARHGAP10;PSMD8;PSMA5;PSMD9;PSMD4;PSMC2;PSMD6
prerank,Reactome_2022__TNFR2 Non-Canonical NF-kB Pathway R-HSA-5668541,-0.6921769292986762,-2.6340801073420463,0.0,0.0,0.0,33/51,16.28%,PSMD14;PSMD2;PSMA1;PSMD11;PSMA4;PSMC4;PSMB1;PSMB4;PSMC3;PSMC1;PSMA7;PSMB9;PSMA8;PSMB6;PSMB5;PSMB11;PSMB8;PSMB7;PSMB10;PSMB2;PSMB3;PSMC6;PSMC5;PSMA3;PSMA2;PSMD7;PSMD8;CHUK;PSMA5;PSMD9;PSMD4;PSMC2;PSMD6
prerank,GO_Molecular_Function_2025__Hexosyltransferase Activity (GO:0016758),-0.6532252578374715,-2.63192230273697,0.0,0.0,0.0,27/72,8.95%,GBE1;UGT3A2;UGT2B11;UGT2A3;UGT1A9;UGT2B28;UGT1A4;UGT1A10;UGT1A3;UGT1A8;UGT2B15;UGT1A1;UGT1A6;UGT2A2;UGT2B17;UGT2B4;UGT2B10;UGT1A7;UGT3A1;UGT2A1;UGT2B7;AGL;MOGAT1;GBA1;HEXA;HEXB;MTAP
prerank,GO_Biological_Process_2025__Glutamate Receptor Signaling Pathway (GO:0007215),0.8073581559152901,2.631507059519341,0.0,0.0,0.0,18/23,8.21%,HOMER2;GRIN3B;GRIK5;GRIA2;GRIK1;GRID2;GRIN2B;GRIN2A;GRIN3A;GRIN2D;GRIA3;GRIK3;GRIK4;GRIN2C;GRIA4;CPEB4;GRM3;GRM2
prerank,GO_Biological_Process_2025__Cell-Matrix Adhesion (GO:0007160),-0.7059164383723487,-2.6280930749274605,0.0,0.0,0.0,27/47,11.59%,ITGA7;ITGA3;ITGA11;ITGAX;ITGAV;ITGA2;ITGA9;ITGA10;ITGAD;ITGAE;ITGA8;ITGAL;ITGAM;ITGA4;ITGA5;ITGA1;ITGA6;ITGA2B;PIP5K1A;VCL;FERMT2;FERMT3;FERMT1;ITGB2;ITGB1;ITGB7;ITGB4
prerank,Reactome_2022__Defective CFTR Causes Cystic Fibrosis R-HSA-5678895,-0.6944544135363379,-2.627140510660074,0.0,0.0,0.0,34/51,16.28%,PSMD14;PSMD2;PSMA1;PSMD11;PSMA4;PSMC4;PSMB1;CFTR;PSMB4;PSMC3;PSMC1;PSMA7;PSMB9;PSMA8;PSMB6;PSMB5;PSMB11;PSMB8;PSMB7;PSMB10;PSMB2;PSMB3;PSMC6;PSMC5;PSMA3;VCP;PSMA2;PSMD7;PSMD8;PSMA5;PSMD9;PSMD4;PSMC2;PSMD6
prerank,Reactome_2022__Cyclin A:Cdk2-associated Events At S Phase Entry R-HSA-69656,-0.658441215102116,-2.6270592790392446,0.0,0.0,0.0,36/64,16.28%,PSMD14;PSMD2;PSMA1;PSMD11;PSMA4;PSMC4;PSMB1;PSMB4;PSMC3;PSMC1;PSMA7;PSMB9;PSMB6;PSMB5;PSMB8;PSMB7;PSMB10;PSMB2;PSMB3;LIN9;PSMC6;PSMC5;PSMA3;PSMA2;PSMD7;PSMD8;PSMA5;PSMD9;PSMD4;PSMC2;CCNA1;CCNA2;CCNE2;CCNE1;CCND1;PSMD6
prerank,Reactome_2022__Antigen processing-Cross Presentation R-HSA-1236975,-0.66563768298169,-2.6229053648234575,0.0,0.0,0.0,42/64,16.28%,PSMD14;PDIA3;CD36;PSMD2;PSMA1;ITGAV;PSMD11;PSMA4;PSMC4;PSMB1;CTSV;CTSL;PSMB4;PSMC3;PSMC1;PSMA7;PSMB9;PSMA8;PSMB6;PSMB5;PSMB11;PSMB8;PSMB7;PSMB10;PSMB2;PSMB3;PSMC6;PSMC5;PSMA3;PSMA2;PSMD7;MYD88;PSMD8;IKBKB;CHUK;PSMA5;PSMD9;SEC61A1;SEC61A2;PSMD4;PSMC2;PSMD6
prerank,Reactome_2022__Integrin Cell Surface Interactions R-HSA-216083,-0.774379012951643,-2.620430490147674,0.0,0.0,0.0,18/32,2.42%,ITGA7;ITGA3;ITGA11;ITGAX;ITGAV;ITGA2;ITGA9;ITGA10;ITGAD;ITGAE;ITGA8;ITGAL;ITGAM;ITGA4;ITGA5;ITGA1;ITGA6;ITGA2B
prerank,Reactome_2022__Ion Transport By P-type ATPases R-HSA-936837,0.7038116936794822,2.619746583302384,0.0,0.0,0.0,30/39,23.13%,ATP2C1;ATP7A;ATP13A4;ATP2A2;ATP13A2;ATP4A;ATP2B3;ATP1A4;ATP2B1;ATP2A1;ATP12A;ATP2C2;ATP1A2;ATP13A5;ATP2B4;ATP2A3;ATP8B2;ATP8B4;ATP8A2;ATP11C;ATP11B;ATP8B1;ATP8B3;ATP10B;ATP10A;ATP10D;ATP9A;ATP11A;ATP9B;ATP8A1
prerank,Reactome_2022__Regulation Of Activated PAK-2p34 By Proteasome Mediated Degradation R-HSA-211733,-0.7148567230874632,-2.6186717738960086,0.0,0.0,0.0,32/43,16.28%,PSMD14;PSMD2;PSMA1;PSMD11;PSMA4;PSMC4;PSMB1;PSMB4;PSMC3;PSMC1;PSMA7;PSMB9;PSMA8;PSMB6;PSMB5;PSMB11;PSMB8;PSMB7;PSMB10;PSMB2;PSMB3;PSMC6;PSMC5;PSMA3;PSMA2;PSMD7;PSMD8;PSMA5;PSMD9;PSMD4;PSMC2;PSMD6
prerank,WikiPathways_2024_Human__NRF2 Pathway WP2884,-0.6326464633291486,-2.6159384629523412,0.0,0.0,0.0,42/82,9.46%,CBR3;ALDH3A1;UGT1A9;UGT1A4;UGT1A1;UGT1A6;UGT1A7;UGT2B7;CES1;CES4A;CES2;CES3;CES5A;CYP4A11;GSTT2;G6PD;PRDX6;PRDX1;PGD;SLC2A13;SLC2A7;SLC2A11;SLC2A5;SLC2A14;SLC2A3;SLC2A12;SLC2A4;SLC2A8;SLC2A1;SLC2A9;SLC2A6;SLC2A2;SLC2A10;ABCC2;ABCC4;ABCC5;ABCC3;HGF;DNAJB1;BLVRB;SLC39A7;SLC7A11
prerank,WikiPathways_2024_Human__Proteasome Degradation WP183,-0.7098462649076248,-2.615473720765058,0.0,0.0,0.0,32/44,16.28%,PSMD2;PSMA1;PSMD1;PSMD11;PSMA4;PSMC4;PSMB1;PSMB4;PSMC3;PSMC1;PSMA7;PSMB9;PSMB6;PSMB5;PSMB8;PSMB7;PSMB10;PSMB2;PSMB3;PSMC6;PSMC5;PSMA3;PSMA2;PSMD7;RPN1;RPN2;PSMD8;PSMA5;PSMD9;PSMD4;PSMC2;PSMD6
prerank,Reactome_2022__Degradation Of GLI2 By Proteasome R-HSA-5610783,-0.6823175182661178,-2.615384121742056,0.0,0.0,0.0,34/52,16.28%,PSMD14;PSMD2;PSMA1;PSMD11;PSMA4;PSMC4;PSMB1;PSMB4;PSMC3;PSMC1;PSMA7;PSMB9;PSMA8;PSMB6;PSMB5;PSMB11;PSMB8;PSMB7;PSMB10;PSMB2;PSMB3;PSMC6;PSMC5;PSMA3;PSMA2;PSMD7;PSMD8;PRKACB;PRKACG;PSMA5;PSMD9;PSMD4;PSMC2;PSMD6
prerank,Reactome_2022__GLI3 Is Processed To GLI3R By Proteasome R-HSA-5610785,-0.6823175182661178,-2.615384121742056,0.0,0.0,0.0,34/52,16.28%,PSMD14;PSMD2;PSMA1;PSMD11;PSMA4;PSMC4;PSMB1;PSMB4;PSMC3;PSMC1;PSMA7;PSMB9;PSMA8;PSMB6;PSMB5;PSMB11;PSMB8;PSMB7;PSMB10;PSMB2;PSMB3;PSMC6;PSMC5;PSMA3;PSMA2;PSMD7;PSMD8;PRKACB;PRKACG;PSMA5;PSMD9;PSMD4;PSMC2;PSMD6
prerank,"KEGG_2021_Human__Valine, leucine and isoleucine degradation",-0.7379735672185338,-2.608307415626036,0.0,0.0,0.0,29/39,15.65%,ALDH7A1;ALDH1B1;ALDH3A2;ALDH9A1;ACADS;AUH;ACAA2;AOX1;ALDH6A1;ACADSB;ECHS1;ALDH2;BCKDHA;BCAT2;BCAT1;HIBCH;IL4I1;IVD;DBT;MCCC2;HSD17B10;ACAT1;HADHB;MCCC1;HMGCLL1;HMGCL;OXCT2;OXCT1;HADHA
prerank,Reactome_2022__Digestion And Absorption R-HSA-8963743,-0.8585211199049895,-2.603038142886115,0.0,0.0,0.0,17/21,4.77%,MGAM;CEL;CHIA;CHIT1;SLC2A5;SLC2A2;LCT;LIPF;PNLIP;PNLIPRP3;PNLIPRP2;PNLIPRP1;AMY1B;AMY1C;AMY1A;AMY2B;AMY2A
prerank,Reactome_2022__Nuclear Events Mediated By NFE2L2 R-HSA-9759194,-0.6645118837949332,-2.600439608374391,0.0,0.0,0.0,34/60,16.28%,PSMD14;PSMD2;PSMA1;TALDO1;PRDX1;PSMD11;PSMA4;PSMC4;PHGDH;PSMB1;PSMB4;PSMC3;PSMC1;PSMA7;PSMB9;PSMB6;PSMB5;PSMB8;PSMB7;PSMB10;PSMB2;PSMB3;PSMC6;PSMC5;PSMA3;SLC7A11;PSMA2;PSMD7;PSMD8;PSMA5;PSMD9;PSMD4;PSMC2;PSMD6
prerank,Reactome_2022__Degradation Of GLI1 By Proteasome R-HSA-5610780,-0.6784296600686087,-2.593741818018442,0.0,0.0,0.0,34/51,16.28%,PSMD14;PSMD2;PSMA1;PSMD11;PSMA4;PSMC4;PSMB1;PSMB4;PSMC3;PSMC1;PSMA7;PSMB9;PSMA8;PSMB6;PSMB5;PSMB11;PSMB8;PSMB7;PSMB10;PSMB2;PSMB3;PSMC6;PSMC5;PSMA3;PSMA2;PSMD7;PSMD8;PRKACB;PRKACG;PSMA5;PSMD9;PSMD4;PSMC2;PSMD6
prerank,GO_Biological_Process_2025__Estrogen Metabolic Process (GO:0008210),-0.8934444952032892,-2.5924108560794807,0.0,0.0,0.0,16/16,10.83%,UGT2B11;UGT2B28;UGT1A3;UGT2B15;UGT1A1;UGT2B17;UGT2B4;UGT2B10;UGT1A7;UGT2B7;CYP19A1;HSD17B4;HSD17B8;SULT1A1;SULT1E1;HSD17B10
prerank,Reactome_2022__Orc1 Removal From Chromatin R-HSA-68949,-0.6642908883087836,-2.5889252884733467,0.0,0.0,0.0,35/59,16.83%,PSMD14;PSMD2;PSMA1;PSMD11;PSMA4;PSMC4;PSMB1;PSMB4;PSMC3;PSMC1;PSMA7;PSMB9;PSMA8;PSMB6;PSMB5;PSMB11;PSMB8;PSMB7;PSMB10;PSMB2;PSMB3;PSMC6;PSMC5;PSMA3;PSMA2;PSMD7;PSMD8;PSMA5;PSMD9;PSMD4;PSMC2;CCNA1;CCNA2;PSMD6;CDT1
prerank,Reactome_2022__FCERI Mediated NF-kB Activation R-HSA-2871837,-0.6716793215688871,-2.5819631562377983,0.0,0.0,0.0,34/55,16.28%,PSMD14;PSMD2;PSMA1;PSMD11;PSMA4;PSMC4;PSMB1;PSMB4;PSMC3;PSMC1;PSMA7;PSMB9;PSMA8;PSMB6;PSMB5;PSMB11;PSMB8;PSMB7;PSMB10;PSMB2;PSMB3;PSMC6;PSMC5;PSMA3;PSMA2;PSMD7;PSMD8;IKBKB;CHUK;PSMA5;PSMD9;PSMD4;PSMC2;PSMD6
prerank,Reactome_2022__CDK-mediated Phosphorylation And Removal Of Cdc6 R-HSA-69017,-0.656417738414329,-2.573440011560851,0.0,0.0,0.0,36/60,16.28%,PSMD14;PSMD2;PSMA1;PSMD11;PSMA4;PSMC4;PSMB1;PSMB4;PSMC3;PSMC1;PSMA7;PSMB9;PSMA8;PSMB6;PSMB5;PSMB11;PSMB8;PSMB7;PSMB10;PSMB2;PSMB3;PSMC6;PSMC5;PSMA3;PSMA2;PSMD7;PSMD8;PSMA5;PSMD9;PSMD4;PSMC2;CCNA1;CCNA2;CCNE2;CCNE1;PSMD6
prerank,Reactome_2022__KEAP1-NFE2L2 Pathway R-HSA-9755511,-0.6304950145289739,-2.5723083844952206,0.0,0.0,0.0,37/73,16.28%,PSMD14;PSMD2;PSMA1;TALDO1;PRDX1;PSMD11;PSMA4;PSMC4;PHGDH;PSMB1;PSMB4;PSMC3;PSMC1;PSMA7;PSMB9;PSMA8;PSMB6;PSMB5;PSMB11;PSMB8;PSMB7;PSMB10;PSMB2;PSMB3;PSMC6;PSMC5;PSMA3;VCP;SLC7A11;PSMA2;PSMD7;PSMD8;PSMA5;PSMD9;PSMD4;PSMC2;PSMD6
prerank,GO_Molecular_Function_2025__Solute:Sodium Symporter Activity (GO:0015370),0.7008777199683303,2.56979314162759,0.0,0.0,0.0,24/36,10.81%,SLC5A4;SLC5A2;SLC5A5;SLC5A9;SLC5A10;SLC5A12;SLC5A8;SLC20A1;SLC20A2;SLC38A1;SLC38A2;SLC17A6;SLC17A1;SLC17A3;SLC17A8;SLC17A7;SLC17A2;SLC17A4;SLC4A10;SLC4A5;SLC4A9;SLC4A4;SLC4A8;SLC4A7
prerank,KEGG_2021_Human__One carbon pool by folate,-0.9001171693346169,-2.5648823620765233,0.0,0.0,0.0,11/15,7.05%,SHMT1;SHMT2;ALDH1L2;ALDH1L1;MTHFD2L;GART;ATIC;MTHFD2;AMT;MTHFR;MTHFS
prerank,Reactome_2022__Effects Of PIP2 Hydrolysis R-HSA-114508,0.8535011409063735,2.5624428908469317,0.0,0.0,0.0,12/16,5.96%,PRKCE;PRKCH;DGKQ;DGKI;DGKG;DGKZ;DGKD;DGKH;DGKK;DGKA;DGKE;DGKB
prerank,GO_Biological_Process_2025__Retinoid Metabolic Process (GO:0001523),-0.7558171364986075,-2.562101554031846,0.0,0.0,0.0,15/33,2.49%,DHRS4L2;DHRS4;AKR1B10;AKR1C4;AKR1C3;AKR1C1;ALDH1A1;ALDH1A2;UGT1A9;UGT1A3;UGT1A8;UGT1A1;UGT1A7;CYP4V2;AKR1B1
prerank,Reactome_2022__Muscle Contraction R-HSA-397014,0.5560901913657047,2.5618380688658093,0.0,0.0,0.0,50/111,13.96%,PKN1;PRKCA;PKN2;KCNIP1;KCNIP4;KCNIP3;KCNIP2;ATP2A2;ATP2B3;ATP1A4;ATP2B1;ATP2A1;ATP1A2;KCNK18;KCNK6;KCNK15;KCNK2;KCNK10;KCNK13;KCNK3;KCNK4;KCNK9;KCNK7;KCNK5;KCNK1;KCNK12;KCNK17;KCNK16;SORBS3;KCNH2;TNNI2;TNNI3;TNNI1;GUCY1B1;KCND3;TPM3;TPM4;TPM1;TPM2;SORBS1;ENTHD1;ATP2B4;TNNT2;TNNT1;TNNT3;TMOD1;TMOD2;TMOD3;LMOD1;TMOD4
prerank,GO_Biological_Process_2025__Integrin-Mediated Signaling Pathway (GO:0007229),-0.7176522889448559,-2.560835461746273,0.0,0.0,0.0,25/40,13.27%,ITGA7;ITGA3;ITGA11;ITGAX;ITGAV;ITGA2;ITGA9;ITGA10;ITGAD;ITGAE;ITGA8;ITGAL;ITGAM;ITGA4;ITGA5;ITGA1;ITGA6;ITGA2B;FERMT2;FERMT3;ITGB2;ITGB1;ITGB7;ITGB4;PLPP3
prerank,GO_Molecular_Function_2025__Triacylglycerol Lipase Activity (GO:0004806),-0.9104982246320408,-2.5467927302504707,0.0,0.0,0.0,12/15,4.33%,CEL;LIPM;LIPK;LIPF;LIPN;PNLIP;LPL;LIPG;LIPC;PNLIPRP3;PNLIPRP2;PNLIPRP1
prerank,GO_Biological_Process_2025__Anterograde Trans-Synaptic Signaling (GO:0098916),0.6131294230535355,2.546280167766107,0.0,0.0,0.0,36/72,11.88%,SNAP25;PAFAH1B1;SLC12A4;SLC12A7;SLC12A6;SLC12A5;GAD2;GAD1;KCNIP1;KCNIP2;RIT2;SLC18A3;KCNK3;GRIK5;GRIA2;GRIK1;GRIA1;GRIN2B;GRIN2A;GRIK4;HTR7;APP;RAPSN;CPLX1;NRXN2;DTNA;GRM3;GRM2;KCND3;MAPK1;KCNN1;GABBR2;MYCBPAP;HTR1E;HTR1F;HTR1B
prerank,Reactome_2022__Cytochrome P450 - Arranged By Substrate Type R-HSA-211897,-0.7921579697404714,-2.5457473767093433,0.0,0.0,0.0,11/25,1.48%,CYP4F22;CYP4A22;CYP19A1;CYP4F2;CYP4F12;CYP4B1;CYP4A11;CYP4F8;CYP4F3;CYP4V2;CYP4F11
prerank,GO_Biological_Process_2025__Lipid Metabolic Process (GO:0006629),-0.557417877348491,-2.543591519515439,0.0,0.0,0.0,68/147,14.36%,PER2;DHRS4;AKR1C4;AKR1C3;AKR1C2;ALDH3B1;UGT2B28;UGT1A8;UGT2B15;UGT1A1;UGT2B17;UGT2B10;UGT1A7;UGT2B7;CES1;CEL;ACLY;CD36;CYP4F12;CYP4B1;CYP4A11;CYP4F11;SLC16A11;PNLIP;LIPI;LPL;LIPG;LIPH;PLA1A;PLAA;MTTP;ACBD4;ACBD5;ACSL1;ACSL4;ACSL3;SLC27A4;ACSBG2;PLA2G3;AWAT1;DGAT2L6;AWAT2;DBI;ALDH3B2;SULT2A1;SULT1E1;SULT2B1;MLXIPL;ABCA2;ACADSB;AGPAT1;AGPAT2;HSD17B10;GGT5;ACSS2;PLPP6;PLPP4;PLPPR4;PLPPR3;PLPP2;PLPP3;PLPP5;PLPPR1;PLPP1;PLPPR2;PLPPR5;ABHD11;HMGCL
prerank,GO_Molecular_Function_2025__Ligand-Gated Monoatomic Ion Channel Activity (GO:0015276),0.8560605154944406,2.5409007087311113,0.0,0.0,0.0,10/16,3.28%,CNGA3;CNGB1;GRIN3B;GRIK5;GRIA2;GRIA1;GRIN2B;GRIA3;GRIK4;GRIA4
prerank,GO_Biological_Process_2025__Monocarboxylic Acid Biosynthetic Process (GO:0072330),-0.7421168292687497,-2.5374668134177663,0.0,0.0,0.0,17/34,6.14%,PER2;AKR1C4;AKR1D1;ALDH1A2;ACLY;ACACB;PNLIP;LPL;LIPG;LIPC;PNLIPRP3;PNLIPRP2;PNLIPRP1;ACOX2;HSD17B8;SLC27A2;SLC27A5
prerank,KEGG_2021_Human__Ribosome biogenesis in eukaryotes,0.6175129183793705,2.5361978153120495,0.0,0.0,0.0,34/61,21.59%,SNU13;GAR1;WDR36;UTP4;HEATR1;FBLL1;FBL;RIOK2;PWP2;RCL1;NOL6;TBL3;DKC1;MDN1;UTP15;IMP3;RBM28;GNL2;NOP58;POP1;GTPBP4;NAT10;IMP4;NHP2;NOB1;BMS1;EIF6;POP5;UTP6;DROSHA;NMD3;AK6;XPO1;EFL1
prerank,Reactome_2022__Asymmetric Localization Of PCP Proteins R-HSA-4608870,-0.6669751098645016,-2.530734489795414,0.0,0.0,0.0,34/53,18.74%,PSMD14;PSMD2;PSMA1;PSMD11;PSMA4;PSMC4;PSMB1;PSMB4;PSMC3;PSMC1;PSMA7;PSMB9;PSMA8;PSMB6;PSMB5;PSMB11;PSMB8;PSMB7;PSMB10;PSMB2;PSMB3;PSMC6;PSMC5;PSMA3;PSMA2;PSMD7;PSMD8;PSMA5;PSMD9;PSMD4;PSMC2;PSMD6;WNT5A;PARD6A
prerank,"GO_Molecular_Function_2025__Oxidoreductase Activity, Acting on the Aldehyde or Oxo Group of Donors, NAD or NADP as Acceptor (GO:0016620)",-0.856236495688133,-2.527429367758534,0.0,0.0,0.0,17/19,10.19%,AKR1B10;AKR1C4;AKR1C3;ALDH1A1;ALDH1A2;ALDH3A1;ALDH3A2;ALDH3B1;ALDH9A1;ALDH18A1;FAR1;FAR2;ALDH3B2;ALDH6A1;ALDH2;BCKDHA;DBT
prerank,Reactome_2022__APC/C:Cdc20 Mediated Degradation Of Securin R-HSA-174154,-0.6521683839221275,-2.527310288534317,0.0,0.0,0.0,32/55,16.28%,PSMD14;PSMD2;PSMA1;PSMD11;PSMA4;PSMC4;PSMB1;PSMB4;PSMC3;PSMC1;PSMA7;PSMB9;PSMA8;PSMB6;PSMB5;PSMB11;PSMB8;PSMB7;PSMB10;PSMB2;PSMB3;PSMC6;PSMC5;PSMA3;PSMA2;PSMD7;PSMD8;PSMA5;PSMD9;PSMD4;PSMC2;PSMD6
prerank,KEGG_2021_Human__Galactose metabolism,-0.7953065207344663,-2.527239089397753,0.0,0.0,0.0,20/26,12.10%,GANC;SI;MGAM2;GAA;MGAM;AKR1B10;HK1;AKR1B1;UGP2;GALM;GLA;LCT;GALT;GLB1;LALBA;PGM2;PGM1;PFKP;PFKM;PFKL
prerank,Reactome_2022__Neurotransmitter Receptors And Postsynaptic Signal Transmission R-HSA-112314,0.5866866183739939,2.527197604011575,0.0,0.0,0.0,41/83,17.67%,NSF;GNGT2;GNGT1;GNG5;GNG11;GNG10;PRKCA;PRKCB;PRKCG;NCALD;GRIN3B;GRIK5;GRIA2;GRIK1;GRIA1;GRIN2B;GRIN2A;GRIN3A;GRIN2D;GRIA3;GRIK3;GRIK4;GRIN2C;GRIA4;AP2A2;AP2A1;PICK1;MAPK1;LIN7A;PRKAR2A;GABBR2;MAPK3;GNB5;GNAT3;GNAL;LGALS12;PRKAR1B;AP2S1;PLCB3;PLCB1;PLCB2
prerank,Reactome_2022__G Alpha (Z) Signaling Events R-HSA-418597,0.7622789680248787,2.5253826867778333,0.0,0.0,0.0,15/24,13.67%,GNGT2;GNGT1;GNG5;GNG11;GNG10;PRKCA;PRKCE;PRKCB;PRKCG;PRKCH;RGS17;GNB5;GNAZ;GNAS;GNAT3
prerank,Reactome_2022__Digestion R-HSA-8935690,-0.8798508977076812,-2.524837613782582,0.0,0.0,0.0,15/17,4.77%,MGAM;CEL;CHIA;CHIT1;LCT;LIPF;PNLIP;PNLIPRP3;PNLIPRP2;PNLIPRP1;AMY1B;AMY1C;AMY1A;AMY2B;AMY2A
prerank,Reactome_2022__Activation Of NF-kappaB In B Cells R-HSA-1169091,-0.6556315121984199,-2.5243007888290654,0.0,0.0,0.0,34/53,16.28%,PSMD14;PSMD2;PSMA1;PSMD11;PSMA4;PSMC4;PSMB1;PSMB4;PSMC3;PSMC1;PSMA7;PSMB9;PSMA8;PSMB6;PSMB5;PSMB11;PSMB8;PSMB7;PSMB10;PSMB2;PSMB3;PSMC6;PSMC5;PSMA3;PSMA2;PSMD7;PSMD8;IKBKB;CHUK;PSMA5;PSMD9;PSMD4;PSMC2;PSMD6
prerank,WikiPathways_2024_Human__Metabolic Reprogramming In Colon Cancer WP4290,-0.7292123845071596,-2.5222540125726196,0.0,0.0,0.0,19/34,12.10%,SHMT2;GPI;PPAT;ACLY;GOT2;RPIA;SLC16A3;TALDO1;G6PD;PGD;GART;SLC2A1;PSAT1;PSPH;PKM;PGK1;PAICS;ENO1;PFKL
prerank,Reactome_2022__Activation Of APC/C And APC/C:Cdc20 Mediated Degradation Of Mitotic Proteins R-HSA-176814,-0.6399601910768392,-2.5182906903681803,0.0,0.0,0.0,36/63,16.28%,PSMD14;PSMD2;PSMA1;PSMD11;PSMA4;PSMC4;PSMB1;PSMB4;PSMC3;PSMC1;PSMA7;PSMB9;PSMA8;PSMB6;PSMB5;PSMB11;PSMB8;PSMB7;PSMB10;PSMB2;PSMB3;PSMC6;PSMC5;PSMA3;PSMA2;PSMD7;PSMD8;PLK1;PSMA5;PSMD9;PSMD4;PSMC2;CCNB1;CCNA1;CCNA2;PSMD6
prerank,WikiPathways_2024_Human__Cytoplasmic Ribosomal Proteins WP477,-0.616573332971352,-2.5148277305216595,0.0,0.0,0.0,55/75,29.24%,RPS7;RPL8;RPL26;RPS28;RPL24;RPS8;RPS16;RPL27A;RPL35;RPL30;RPLP2;RPS26;RPS17;RPS24;RPS18;RPL23;RPL7;RPL18;RPS15;RPS6;RPS5;RPL19;RPL11;RPL29;RPS14;RPL15;RPL7A;RPS15A;RPL31;RPS29;RPS6KB2;RPS6KA6;RPS6KA1;RPS6KA2;RPS6KB1;RPS6KA3;RPL13A;RPLP0;RPL18A;RPS9;RPS11;RPL14;RPL12;RPS21;RPS3;RPL9;RPL6;RPSA;RPL4;FAU;RPS12;RPS25;RPLP1;RPL27;UBA52
prerank,GO_Biological_Process_2025__Primary Alcohol Metabolic Process (GO:0034308),-0.848669868335461,-2.512337036321363,0.0,0.0,0.0,10/18,2.49%,TKTL1;AKR1A1;AKR1B10;AKR1C4;AKR1C3;AKR1C2;AKR7A2;AKR1C1;ALDH3A2;AKR1B1
prerank,KEGG_2021_Human__Fatty acid degradation,-0.7290246522227071,-2.5107171159323842,0.0,0.0,0.0,26/36,19.49%,ALDH7A1;ALDH1B1;ALDH3A2;ALDH9A1;GCDH;ACADS;ACAA2;CPT2;ACSL6;ACSL1;ACSL4;ACSL3;ACSBG1;ACSBG2;ECI1;ECI2;ACADSB;ECHS1;ALDH2;ACAT1;ACOX3;HADHB;HADHA;CPT1A;CPT1C;CPT1B
prerank,GO_Biological_Process_2025__Triglyceride Metabolic Process (GO:0006641),-0.767991039507092,-2.507888513607432,0.0,0.0,0.0,16/28,6.50%,LIPF;DGAT1;PNLIP;LPL;LIPG;LIPC;PNLIPRP3;PNLIPRP2;PNLIPRP1;GK;GK2;GK3;MOGAT2;DGAT2;MOGAT3;MOGAT1
prerank,Reactome_2022__Downstream TCR Signaling R-HSA-202424,-0.638816836182839,-2.506419721838117,0.0,0.0,0.0,35/59,16.28%,PSMD14;PSMD2;PSMA1;PSMD11;PSMA4;PSMC4;PSMB1;PSMB4;PSMC3;PSMC1;PSMA7;PSMB9;PSMA8;PSMB6;PSMB5;PSMB11;PSMB8;PSMB7;PSMB10;PSMB2;PSMB3;PSMC6;PSMC5;PSMA3;PSMA2;PSMD7;PSMD8;IKBKB;CHUK;PSMA5;PIK3CB;PSMD9;PSMD4;PSMC2;PSMD6
prerank,Reactome_2022__APC/C:Cdc20 Mediated Degradation Of Mitotic Proteins R-HSA-176409,-0.6365765842453348,-2.5007410302907678,0.0,0.0,0.0,35/62,16.28%,PSMD14;PSMD2;PSMA1;PSMD11;PSMA4;PSMC4;PSMB1;PSMB4;PSMC3;PSMC1;PSMA7;PSMB9;PSMA8;PSMB6;PSMB5;PSMB11;PSMB8;PSMB7;PSMB10;PSMB2;PSMB3;PSMC6;PSMC5;PSMA3;PSMA2;PSMD7;PSMD8;PSMA5;PSMD9;PSMD4;PSMC2;CCNB1;CCNA1;CCNA2;PSMD6
prerank,Reactome_2022__Negative Regulation Of NOTCH4 Signaling R-HSA-9604323,-0.6671848456568876,-2.4976779335237294,0.0,0.0,0.0,30/47,16.28%,PSMD14;PSMD2;PSMA1;PSMD11;PSMA4;PSMC4;PSMB1;PSMB4;PSMC3;PSMC1;PSMA7;PSMB9;PSMB6;PSMB5;PSMB8;PSMB7;PSMB10;PSMB2;PSMB3;PSMC6;PSMC5;PSMA3;PSMA2;PSMD7;PSMD8;PSMA5;PSMD9;PSMD4;PSMC2;PSMD6
prerank,Reactome_2022__Regulation Of RAS By GAPs R-HSA-5658442,-0.6395339162511922,-2.4943641398200267,0.0,0.0,0.0,32/57,16.28%,PSMD14;PSMD2;PSMA1;PSMD11;PSMA4;PSMC4;PSMB1;PSMB4;PSMC3;PSMC1;PSMA7;PSMB9;PSMA8;PSMB6;PSMB5;PSMB11;PSMB8;PSMB7;PSMB10;PSMB2;PSMB3;PSMC6;PSMC5;PSMA3;PSMA2;PSMD7;PSMD8;PSMA5;PSMD9;PSMD4;PSMC2;PSMD6
prerank,Reactome_2022__APC:Cdc20 Mediated Degradation Of Cell Cycle Proteins Before Cycle Checkpoint Satisfied R-HSA-179419,-0.6335401676881781,-2.4931407750269727,0.0,0.0,0.0,34/61,16.28%,PSMD14;PSMD2;PSMA1;PSMD11;PSMA4;PSMC4;PSMB1;PSMB4;PSMC3;PSMC1;PSMA7;PSMB9;PSMA8;PSMB6;PSMB5;PSMB11;PSMB8;PSMB7;PSMB10;PSMB2;PSMB3;PSMC6;PSMC5;PSMA3;PSMA2;PSMD7;PSMD8;PSMA5;PSMD9;PSMD4;PSMC2;CCNA1;CCNA2;PSMD6
prerank,Reactome_2022__Cdc20:Phospho-APC/C Mediated Degradation Of Cyclin A R-HSA-174184,-0.6335401676881781,-2.4931407750269727,0.0,0.0,0.0,34/61,16.28%,PSMD14;PSMD2;PSMA1;PSMD11;PSMA4;PSMC4;PSMB1;PSMB4;PSMC3;PSMC1;PSMA7;PSMB9;PSMA8;PSMB6;PSMB5;PSMB11;PSMB8;PSMB7;PSMB10;PSMB2;PSMB3;PSMC6;PSMC5;PSMA3;PSMA2;PSMD7;PSMD8;PSMA5;PSMD9;PSMD4;PSMC2;CCNA1;CCNA2;PSMD6
prerank,GO_Molecular_Function_2025__Sulfuric Ester Hydrolase Activity (GO:0008484),-0.8781546191618134,-2.492215490871076,0.0,0.0,0.0,15/15,12.35%,ARSK;ARSI;ARSG;ARSD;ARSH;ARSA;ARSF;GALNS;GNS;SULF2;ARSL;STS;ARSJ;SULF1;IDS
prerank,GO_Biological_Process_2025__Fatty Acid Beta-Oxidation (GO:0006635),-0.7530757482725985,-2.4911969662992837,0.0,0.0,0.0,19/28,12.80%,GCDH;ACADS;ECHDC2;AUH;ACAA2;CPT2;ACOX2;CRAT;HSD17B4;SLC27A2;ECI1;ECI2;ECHS1;ETFB;IVD;ETFDH;HSD17B10;ACOX3;HADHB
prerank,GO_Biological_Process_2025__Carbohydrate Metabolic Process (GO:0005975),-0.6887627755863969,-2.491010305341691,0.0,0.0,0.0,29/46,12.46%,AKR7A2;ALDH1B1;FGGY;GALNT15;XYLB;GALK2;AKR1B1;GALM;NAGA;SLC2A5;SLC2A3;SLC2A4;SLC2A8;SLC2A2;AMY1B;AMY1C;AMY1A;AMY2B;AMY2A;GLB1;RPEL1;RPE;PGM5;PGM1;ALDH2;DERA;PGGHG;GALNT3;PHKA2
prerank,Reactome_2022__Transmission Across Chemical Synapses R-HSA-112315,0.5431615022094487,2.490095999057355,0.0,0.0,0.0,56/122,17.67%,SNAP25;NSF;GNGT2;GNGT1;GNG5;GNG11;GNG10;GAD2;GAD1;PRKCA;PRKCB;PRKCG;SLC18A3;NCALD;STXBP1;GRIN3B;GRIK5;GRIA2;GRIK1;GRIA1;GRIN2B;GRIN2A;GRIN3A;GRIN2D;GRIA3;GRIK3;GRIK4;GRIN2C;GRIA4;BCHE;AP2A2;AP2A1;SLC38A1;SLC32A1;SLC38A2;SLC17A7;SLC22A1;CPLX1;SLC22A2;PICK1;MAPK1;LIN7A;PRKAR2A;GABBR2;MAPK3;GNB5;GNAT3;GNAL;STX1A;LGALS12;SH2D3C;PRKAR1B;AP2S1;PLCB3;PLCB1;PLCB2
prerank,"KEGG_2021_Human__Glycine, serine and threonine metabolism",-0.740962037518644,-2.4899246112332953,0.0,0.0,0.0,16/28,10.86%,SHMT1;SHMT2;ALDH7A1;GRHPR;AGXT;GCAT;GLDC;SARDH;PSAT1;PHGDH;GLYCTK;PSPH;AMT;MAOA;MAOB;GCSH
prerank,GO_Cellular_Component_2025__Postsynaptic Density Membrane (GO:0098839),0.732727285752316,2.4837508890602207,0.0,2.4409746107745756e-05,0.001,16/27,3.29%,GRIN3B;GRIK5;GRIA2;GRIK1;GRIA1;GRID2;GRIN2B;GRIN2A;GRIN3A;GRIN2D;GRIA3;GRIK3;GRIK4;GRIN2C;GRIA4;GRID1
prerank,KEGG_2021_Human__Bile secretion,-0.6181920226584067,-2.483348550653818,0.0,0.0,0.0,37/68,13.75%,UGT1A5;UGT2B11;UGT2A3;UGT1A9;UGT2B28;UGT1A4;UGT1A10;UGT1A3;UGT1A8;UGT2B15;UGT1A1;UGT1A6;UGT2A2;UGT2B17;UGT2B4;UGT2B10;UGT1A7;UGT2A1;UGT2B7;SCARB1;SLC2A1;ABCC2;ABCC4;ABCC3;CFTR;SLC27A5;SULT2A1;ABCG8;SLCO1B3;SLCO1B1;PRKACB;PRKACA;PRKACG;AQP1;AQP8;AQP4;AQP9
prerank,Reactome_2022__Regulation Of Expression Of SLITs And ROBOs R-HSA-9010553,-0.5520019958835521,-2.482838609190005,0.0,0.0,0.0,80/130,28.01%,PSMD14;PSMD2;PSMA1;PSMD11;PSMA4;PSMC4;PSMB1;PSMB4;PSMC3;PSMC1;PSMA7;PSMB9;PSMA8;PSMB6;PSMB5;PSMB11;PSMB8;PSMB7;PSMB10;RPS7;PSMB2;PSMB3;PSMC6;PSMC5;PSMA3;RPL8;PSMA2;RPL26L1;RPL26;RPS28;PSMD7;RPS8;RPS16;RPL27A;RPL35;RPL30;RPLP2;PSMD8;RPS17;RPS24;PSMA5;RPL23;RPL7;RPL18;PSMD9;PSMD4;PSMC2;RPS15;PSMD6;RPS6;RPS5;RPL19;RPL11;RPL29;RPS14;RPL15;RPL7A;RPS15A;RPL31;RPS29;RPL13A;RPLP0;PSMD13;RPL18A;RPS9;RPS11;RPL14;RPL12;RPS21;RPS3;RPL9;UPF3A;UPF3B;RPL6;RPSA;RPL4;FAU;RPS12;RPS25;RPLP1
prerank,WikiPathways_2024_Human__G Protein Signaling WP35,0.6028632150322478,2.4817201673172526,0.0,2.3890389807580955e-05,0.001,27/61,13.71%,GNGT2;GNGT1;GNG5;GNG11;GNG10;PRKCA;PRKCE;PRKCB;PRKCG;PRKCZ;PRKCH;PRKCI;GNAO1;ADCY3;RRAS;PPP3CC;PRKAR2A;PDE4B;GNB5;GNAZ;GNA14;GNAS;GNA15;GNAQ;GNAL;GNA13;GNA11
prerank,WikiPathways_2024_Human__Clear Cell Renal Cell Carcinoma Pathways WP4018,-0.6558463887636428,-2.477702650433796,0.0,0.0,0.0,25/52,12.10%,SHMT1;SHMT2;HK1;GPI;ACLY;TPI1;SLC2A1;PSAT1;ACACB;MDH1;PHGDH;PSPH;PKM;PKLR;PGK2;PGK1;PGM2;PGM1;HIF1A;ENO2;ENO1;ENO3;PFKP;PFKM;PFKL
prerank,Reactome_2022__SRP-dependent Cotranslational Protein Targeting To Membrane R-HSA-1799339,-0.5901427588823515,-2.4756977951277204,0.0,0.0,0.0,67/88,33.66%,DDOST;RPS7;RPL8;SSR3;RPL26L1;RPL26;RPS28;RPN1;RPS8;RPN2;RPS16;RPL27A;RPL35;RPL30;SPCS2;RPLP2;RPS17;RPS24;SSR1;RPL23;RPL7;RPL18;SEC61A1;SEC61A2;SSR2;RPS15;SEC11C;SEC11A;RPS6;RPS5;SSR4;RPL19;RPL11;RPL29;RPS14;RPL15;RPL7A;RPS15A;RPL31;RPS29;SEC61B;RPL13A;RPLP0;RPL18A;RPS9;RPS11;RPL14;RPL12;RPS21;RPS3;RPL9;RPL6;RPSA;RPL4;FAU;RPS12;RPS25;RPLP1;RPL27;UBA52;TRAM1;SEC61G;RPS2;RPS23;RPS4Y2;RPS4X;RPS4Y1
prerank,GO_Biological_Process_2025__Hydrogen Peroxide Metabolic Process (GO:0042743),-0.8515478554692755,-2.4752903365886256,0.0,0.0,0.0,13/17,10.10%,PRDX4;PRDX2;PRDX1;HBD;HBB;HBQ1;HBG1;HBZ;HBE1;HBG2;HBA1;SOD1;MAOB
prerank,Reactome_2022__Sphingolipid Metabolism R-HSA-428157,-0.6204221603413035,-2.4750278175757363,0.0,0.0,0.0,33/67,16.58%,ALDH3A2;ALDH3B1;UGT8;GBA3;GLB1L;GLB1;ALDH3B2;SPHK2;SPHK1;CERK;HEXA;HEXB;ARSK;ARSI;ARSG;ARSD;ARSH;ARSA;ARSF;ARSL;STS;ARSB;ARSJ;SGPP1;SGPP2;PLPP2;PLPP3;PLPP1;DEGS1;DEGS2;ORMDL3;ORMDL2;ORMDL1
prerank,GO_Biological_Process_2025__Monocarboxylic Acid Transport (GO:0015718),-0.6518441619654123,-2.4743968239012286,0.0,0.0,0.0,28/51,12.37%,AKR1C4;AKR1C1;UGT1A3;GOT2;CD36;SLC16A8;SLC16A9;SLC16A4;SLC16A6;SLC16A2;SLC16A12;SLC16A1;SLC16A3;ABCC2;ABCC4;ABCC3;ABCC11;SLC27A1;SLC27A3;ACSL1;SLC27A4;SLC27A5;SLCO2B1;SLCO1B3;SLCO1C1;SLCO1B1;SLC10A3;SLC10A5
prerank,KEGG_2021_Human__Starch and sucrose metabolism,-0.738099475395029,-2.471213742479621,0.0,0.0,0.0,25/30,18.50%,GBE1;GANC;SI;MGAM2;GAA;MGAM;HK1;GPI;UGP2;GBA3;AMY1B;AMY1C;AMY1A;AMY2B;AMY2A;AGL;PGM2;PGM2L1;PGM1;GYS2;GYS1;TREH;PYGM;PYGB;PYGL
prerank,GO_Biological_Process_2025__Inorganic Cation Import Across Plasma Membrane (GO:0098659),0.5927963713667415,2.4699770762163995,0.0,2.339267335325635e-05,0.001,21/66,5.29%,SLC12A3;SLC12A4;SLC12A2;SLC12A1;SLC12A7;SLC12A6;SLC12A5;SLC5A2;ATP4A;ATP1A4;ATP12A;ATP1A2;KCNK9;HCN4;HCN2;KCNH2;HCN1;HCN3;NALF1;NALF2;SLC24A1
prerank,GO_Biological_Process_2025__Inorganic Anion Transmembrane Transport (GO:0098661),0.660847706941272,2.4659024011831705,0.0,2.2915271856251117e-05,0.001,21/37,10.78%,SLC12A3;SLC12A4;SLC12A2;SLC12A1;SLC12A7;SLC12A6;SLC12A5;SLC5A5;SLC5A8;SLC20A1;SLC20A2;KCNK2;KCNK1;SLC37A4;SLC37A2;SLC37A1;SLC25A3;SLC26A2;SLC26A1;SLC4A8;SLC4A1
prerank,Reactome_2022__APC/C:Cdh1 Mediated Degradation Of Cdc20 And APC/C:Cdh1 Targets In Late Mitosis/Early G1 R-HSA-174178,-0.6230645392859016,-2.4634570463619294,0.0,0.0,0.0,33/60,16.28%,PSMD14;PSMD2;PSMA1;PSMD11;PSMA4;PSMC4;PSMB1;PSMB4;PSMC3;PSMC1;PSMA7;PSMB9;PSMA8;PSMB6;PSMB5;PSMB11;PSMB8;PSMB7;PSMB10;PSMB2;PSMB3;PSMC6;PSMC5;PSMA3;PSMA2;PSMD7;PSMD8;PLK1;PSMA5;PSMD9;PSMD4;PSMC2;PSMD6
prerank,Reactome_2022__Autodegradation Of Cdh1 By Cdh1:APC/C R-HSA-174084,-0.6372576184373023,-2.4632757767419644,0.0,0.0,0.0,30/53,16.28%,PSMD14;PSMD2;PSMA1;PSMD11;PSMA4;PSMC4;PSMB1;PSMB4;PSMC3;PSMC1;PSMA7;PSMB9;PSMB6;PSMB5;PSMB8;PSMB7;PSMB10;PSMB2;PSMB3;PSMC6;PSMC5;PSMA3;PSMA2;PSMD7;PSMD8;PSMA5;PSMD9;PSMD4;PSMC2;PSMD6
prerank,Reactome_2022__Synthesis Of IP3 And IP4 In Cytosol R-HSA-1855204,0.7473911020815309,2.4618056759561537,0.0,2.2456966419126098e-05,0.001,22/25,17.73%,SYNJ1;INPP5D;INPP5J;OCRL;INPPL1;ITPKC;ITPKA;ITPKB;PLCB4;PTEN;PLCB3;PLCD4;PLCZ1;PLCH2;PLCB1;PLCH1;PLCD3;PLCB2;PLCG1;PLCE1;PLCG2;PLCD1
prerank,KEGG_2021_Human__ECM-receptor interaction,-0.7115890240484695,-2.4601921951282604,0.0,0.0,0.0,26/33,22.89%,CD36;ITGA7;ITGA3;ITGA11;ITGAV;ITGA2;ITGA9;ITGA10;ITGA8;ITGA4;ITGA5;ITGA1;ITGA6;ITGA2B;ITGB1;ITGB7;ITGB4;THBS4;COMP;THBS2;THBS3;THBS1;ITGB5;ITGB6;ITGB3;ITGB8
prerank,Reactome_2022__ABC Transporters In Lipid Homeostasis R-HSA-1369062,-0.8494532731238589,-2.459638685902147,0.0,0.0,0.0,11/16,8.13%,ABCA5;ABCA6;ABCA7;ABCA9;ABCA3;ABCA2;ABCA10;ABCA12;ABCG8;ABCG1;ABCG4
prerank,Reactome_2022__Regulation Of APC/C Activators Between G1/S And Early Anaphase R-HSA-176408,-0.6118944121773698,-2.4555401544893978,0.0,0.0,0.0,36/68,16.28%,PSMD14;PSMD2;PSMA1;PSMD11;PSMA4;PSMC4;PSMB1;PSMB4;PSMC3;PSMC1;PSMA7;PSMB9;PSMA8;PSMB6;PSMB5;PSMB11;PSMB8;PSMB7;PSMB10;PSMB2;PSMB3;PSMC6;PSMC5;PSMA3;PSMA2;PSMD7;PSMD8;PLK1;PSMA5;PSMD9;PSMD4;PSMC2;CCNB1;CCNA1;CCNA2;PSMD6
prerank,Reactome_2022__Transport Of Inorganic Cations/Anions And Amino Acids/Oligopeptides R-HSA-425393,0.5764628207603176,2.454754015651264,0.0,2.201663374424127e-05,0.001,38/69,10.81%,SLC12A3;SLC12A4;SLC12A2;SLC12A1;SLC12A7;SLC12A6;SLC12A5;SLC5A5;SLC5A12;SLC5A8;SLC7A2;SLC20A1;SLC20A2;SLC24A5;SLC36A2;SLC38A5;SLC36A1;SLC38A1;SLC32A1;SLC36A4;SLC38A2;SLC24A1;SLC17A6;SLC17A1;SLC17A8;SLC17A7;SLC17A5;SLC26A2;SLC26A1;SLC4A10;SLC4A5;SLC4A9;SLC4A4;SLC4A2;SLC4A8;SLC4A1;SLC4A3;SLC4A7
prerank,KEGG_2021_Human__Peroxisome,-0.6319669071063281,-2.4506471234782925,0.0,0.0,0.0,32/60,17.34%,DHRS4;PRDX1;AGXT;HAO2;HAO1;PEX11G;XDH;MPV17L2;ACOX2;CRAT;HSD17B4;ACSL6;SLC27A2;ACSL1;ACSL4;ACSL3;FAR1;FAR2;ECI2;PEX10;SOD1;PAOX;PXMP2;ACOX3;SCP2;PEX14;ECH1;HMGCLL1;HMGCL;EPHX2;DAO;DDO
prerank,Reactome_2022__Regulation Of RUNX2 Expression And Activity R-HSA-8939902,-0.620759369843845,-2.4469172019522683,0.0,0.0,0.0,33/61,16.28%,PSMD14;PSMD2;PSMA1;PSMD11;PSMA4;PSMC4;PSMB1;PSMB4;PSMC3;PSMC1;PSMA7;PSMB9;PSMA8;PSMB6;PSMB5;PSMB11;PSMB8;PSMB7;PSMB10;PSMB2;PSMB3;PSMC6;PSMC5;TWIST1;PSMA3;PSMA2;PSMD7;PSMD8;PSMA5;PSMD9;PSMD4;PSMC2;PSMD6
prerank,Reactome_2022__Basigin Interactions R-HSA-210991,-0.801004134068508,-2.4468722399237475,0.0,0.0,0.0,14/21,11.57%,SLC16A8;SLC16A1;SLC16A3;ITGA3;ITGA6;SLC3A2;SLC7A9;SLC7A11;SLC7A7;SLC7A6;SLC7A8;SLC7A10;SLC7A5;ITGB1
prerank,GO_Molecular_Function_2025__Lipase Activity (GO:0016298),-0.7261828132272781,-2.4468463987749094,0.0,0.0,0.0,15/29,14.01%,CES1;CEL;ABHD2;LIPF;PNLIP;LIPI;LPL;LIPG;LIPH;LIPC;PNLIPRP2;PNLIPRP1;LYPLAL1;LDAH;ABHD11
prerank,WikiPathways_2024_Human__Disorders Of Folate Metabolism And Transport WP4259,-0.8650308239760648,-2.44409001797124,0.0,0.0,0.0,11/15,7.05%,SHMT1;SHMT2;ALDH1L2;ALDH1L1;MTHFD2L;GART;ATIC;SLC46A1;MTHFD2;MTHFR;MTHFS
prerank,Reactome_2022__Regulation Of PTEN Stability And Activity R-HSA-8948751,-0.6441081025150788,-2.439856787167875,0.0,0.0,0.0,32/52,16.28%,PSMD14;PSMD2;PSMA1;PSMD11;PSMA4;PSMC4;PSMB1;PSMB4;PSMC3;PSMC1;PSMA7;PSMB9;PSMA8;PSMB6;PSMB5;PSMB11;PSMB8;PSMB7;PSMB10;PSMB2;PSMB3;PSMC6;PSMC5;PSMA3;PSMA2;PSMD7;PSMD8;PSMA5;PSMD9;PSMD4;PSMC2;PSMD6
prerank,GO_Molecular_Function_2025__Aldehyde Dehydrogenase (NAD+) Activity (GO:0004029),-0.8744279794344587,-2.436256205999994,0.0,0.0,0.0,13/15,8.71%,ALDH7A1;ALDH1A1;ALDH1A2;ALDH3A1;ALDH1B1;ALDH3A2;ALDH16A1;ALDH1L2;ALDH3B1;ALDH9A1;ALDH1L1;ALDH3B2;ALDH2
prerank,Reactome_2022__Paracetamol ADME R-HSA-9753281,-0.7601191432329065,-2.4349652877145935,0.0,0.0,0.0,18/24,12.15%,UGT1A9;UGT1A10;UGT2B15;UGT1A1;UGT1A6;ABCC2;ABCC4;ABCC5;ABCC3;ABCC1;SULT2A1;SULT1A1;SULT1E1;SULT1A4;SULT1C4;GGT6;GGT5;SLC38A3
prerank,WikiPathways_2024_Human__Calcium Regulation In Cardiac Cells WP536,0.5756500829994161,2.4327139012681425,0.0,2.15932369414674e-05,0.001,29/68,13.71%,GNGT1;GNG5;GNG11;PRKCA;PRKCE;PRKCB;PRKCG;PRKCZ;PRKCH;ATP2B2;ATP2A2;ATP2B3;ATP1A4;ATP2B1;GNAO1;YWHAQ;YWHAH;YWHAB;YWHAZ;YWHAG;GRK5;ADCY3;RGS17;PRKAR2A;GNB5;GNAZ;GNAS;GNAQ;GNA11
prerank,GO_Biological_Process_2025__Fatty Acid Oxidation (GO:0019395),-0.7288511153754571,-2.4307465271241204,0.0,0.0,0.0,19/29,17.19%,CYP4F2;CYP4F3;CYP4V2;ACADS;ECHDC2;AUH;HAO2;HAO1;ACAA2;CPT2;HSD17B4;SLC27A2;ECI1;ECI2;ECHS1;HSD17B10;HADHB;HADHA;ADIPOR1
prerank,Reactome_2022__Hedgehog On State R-HSA-5632684,-0.620200169878188,-2.430033938801837,0.0,0.0,0.0,34/61,16.28%,PSMD14;PSMD2;PSMA1;PSMD11;PSMA4;PSMC4;PSMB1;PSMB4;PSMC3;PSMC1;PSMA7;PSMB9;PSMA8;PSMB6;PSMB5;PSMB11;PSMB8;PSMB7;PSMB10;PSMB2;PSMB3;PSMC6;PSMC5;PSMA3;PSMA2;SMOX;PSMD7;PSMD8;PSMA5;GAS8;PSMD9;PSMD4;PSMC2;PSMD6
prerank,KEGG_2021_Human__Retrograde endocannabinoid signaling,0.5590898623472309,2.4200571593794122,0.0,2.1185817376534053e-05,0.001,34/81,18.65%,GNGT2;GNGT1;GNG5;GNG11;GNG10;PRKCA;PRKCB;PRKCG;GNAO1;GRIA2;GRIA1;GRIA3;GRIA4;SLC32A1;SLC17A6;SLC17A8;SLC17A7;ADCY3;MAPK1;MAPK10;MAPK13;MAPK3;MAPK12;MAPK9;MAPK8;GNB5;NDUFB5;GNAQ;NDUFA12;PLCB4;PLCB3;PLCB1;PLCB2;NDUFS2
prerank,GO_Biological_Process_2025__Nicotinamide Nucleotide Metabolic Process (GO:0046496),-0.7054864209548545,-2.419942428314166,0.0,0.0,0.0,20/29,14.57%,TPI1;PFKFB1;NADK2;MDH1;MDH1B;NAXE;PKM;PKLR;NOCT;PGK2;PGK1;PGM1;VCP;ENO2;ENO1;ENO3;PFKM;PFKL;NMRK1;NMRK2
prerank,WikiPathways_2024_Human__Integrin Mediated Cell Adhesion WP185,-0.631428068960769,-2.414839072711758,0.0,0.0,0.0,27/57,11.59%,ITGA7;ITGA3;ITGA11;ITGAX;ITGAV;ITGA2;ITGA9;ITGA10;ITGAD;ITGAE;ITGA8;ITGAL;ITGAM;ITGA4;ITGA5;ITGA1;ITGA6;ITGA2B;MAP2K1;MAP2K2;VCL;RAC2;PXN;ITGB2;ITGB1;ITGB7;ITGB4
prerank,WikiPathways_2024_Human__Histone Modifications WP2369,0.686693754326725,2.414566219074507,0.0,2.0793487425116754e-05,0.001,23/31,16.42%,SMYD2;SMYD3;SMYD1;SMYD4;SMYD5;H3-3A;KMT2B;EHMT1;KMT2C;KMT2A;ASH1L;SETD2;EZH2;SETDB2;NSD1;SETD1A;KMT2D;SUV39H2;SETDB1;SETD1B;SETBP1;EHMT2;EZH1
prerank,GO_Cellular_Component_2025__Heterotrimeric G-protein Complex (GO:0005834),0.7150690505995502,2.4141553254935113,0.0,2.041542401738736e-05,0.001,16/26,13.70%,GNG5B;GNGT2;GNGT1;GNG5;GNG11;GNG10;GNAO1;GNB5;GNAZ;GNA14;GNAS;GNA15;GNAT3;GNAQ;GNAL;GNA13
prerank,GO_Cellular_Component_2025__Voltage-Gated Potassium Channel Complex (GO:0008076),0.6809977478773056,2.4115762587595895,0.0,2.005086287421973e-05,0.001,19/29,10.44%,SNAP25;KCNIP1;KCNIP4;KCNIP3;KCNIP2;KCNK6;KCNK1;HCN4;HCN2;KCNH4;KCNH2;HCN1;HCN3;LRRC52;LRRC26;KCND3;KCNH1;KCNN4;KCNN1
prerank,Reactome_2022__UCH Proteinases R-HSA-5689603,-0.6053079741794836,-2.409579439634255,0.0,0.0,0.0,34/66,16.28%,PSMD14;PSMD2;PSMA1;PSMD11;PSMA4;PSMC4;PSMB1;PSMB4;PSMC3;PSMC1;PSMA7;PSMB9;PSMA8;PSMB6;PSMB5;PSMB11;PSMB8;PSMB7;PSMB10;PSMB2;PSMB3;PSMC6;ADRM1;PSMC5;PSMA3;UCHL5;PSMA2;PSMD7;PSMD8;PSMA5;PSMD9;PSMD4;PSMC2;PSMD6
prerank,GO_Molecular_Function_2025__Hexose Transmembrane Transporter Activity (GO:0015149),-0.8351313956742518,-2.4087942529773603,0.0,0.0,0.0,13/16,3.48%,SLC2A7;SLC2A11;SLC2A5;SLC2A14;SLC2A3;SLC2A12;SLC2A4;SLC2A8;SLC2A1;SLC2A9;SLC2A6;SLC2A2;SLC2A10
prerank,Reactome_2022__Switching Of Origins To A Post-Replicative State R-HSA-69052,-0.5889873020914288,-2.4087939435765127,0.0,0.0,0.0,48/75,25.76%,PSMD14;PSMD2;PSMA1;PSMD11;PSMA4;PSMC4;PSMB1;PSMB4;PSMC3;PSMC1;PSMA7;PSMB9;PSMA8;PSMB6;PSMB5;PSMB11;PSMB8;PSMB7;PSMB10;PSMB2;PSMB3;PSMC6;PSMC5;PSMA3;PSMA2;PSMD7;PSMD8;PSMA5;GMNN;PSMD9;PSMD4;PSMC2;CCNA1;CCNA2;CCNE2;CCNE1;PSMD6;CDT1;MCM8;ANAPC7;MCM4;MCM7;PSMD13;MCM6;ANAPC5;CDC23;SKP2;FZR1
prerank,GO_Biological_Process_2025__Fatty Acid Catabolic Process (GO:0009062),-0.7078143228612707,-2.4066936186331396,0.0,0.0,0.0,18/34,15.86%,ACADS;ECHDC2;AUH;HAO1;ABHD2;ACAA2;CPT2;ACBD5;HSD17B4;SLC27A2;ECI1;ECI2;ECHS1;HSD17B10;HADHB;HADHA;ADTRP;AIG1
prerank,Reactome_2022__Synthesis Of Bile Acids And Bile Salts Via 7Alpha-Hydroxycholesterol R-HSA-193368,-0.8497276690312805,-2.406419442506345,0.0,0.0,0.0,9/15,6.14%,AKR1C4;AKR1C3;AKR1C2;AKR1D1;AKR1C1;ACOX2;HSD17B4;SLC27A2;SLC27A5
prerank,GO_Biological_Process_2025__Neurotransmitter Transport (GO:0006836),0.7477858112667343,2.4029878242381786,0.0,1.969909335011061e-05,0.001,15/22,9.20%,SNAP25;SLC18A3;SYNJ1;SLC38A1;SLC32A1;SLC38A2;SLC29A4;SLC17A6;SLC17A8;SLC17A7;SLC22A3;SLC22A1;NRXN2;SLC22A2;LIN7A
prerank,Reactome_2022__Glycosphingolipid Metabolism R-HSA-1660662,-0.7196358313505695,-2.3989961777688693,0.0,0.0,0.0,18/31,11.34%,UGT8;GBA3;GLB1L;GLB1;CERK;HEXA;HEXB;ARSK;ARSI;ARSG;ARSD;ARSH;ARSA;ARSF;ARSL;STS;ARSB;ARSJ
prerank,Reactome_2022__APC/C-mediated Degradation Of Cell Cycle Proteins R-HSA-174143,-0.5904198983816703,-2.396910209257958,0.0,0.0,0.0,36/71,16.28%,PSMD14;PSMD2;PSMA1;PSMD11;PSMA4;PSMC4;PSMB1;PSMB4;PSMC3;PSMC1;PSMA7;PSMB9;PSMA8;PSMB6;PSMB5;PSMB11;PSMB8;PSMB7;PSMB10;PSMB2;PSMB3;PSMC6;PSMC5;PSMA3;PSMA2;PSMD7;PSMD8;PLK1;PSMA5;PSMD9;PSMD4;PSMC2;CCNB1;CCNA1;CCNA2;PSMD6
prerank,KEGG_2021_Human__Glycerolipid metabolism,-0.6255248272348983,-2.3964205401469747,0.0,0.0,0.0,33/54,13.30%,ALDH7A1;AKR1A1;AKR1B10;ALDH1B1;ALDH3A2;ALDH9A1;CEL;AKR1B1;GLA;LIPF;DGAT1;PNLIP;LPL;LIPG;LIPC;PNLIPRP3;PNLIPRP2;PNLIPRP1;GLYCTK;GK;GK2;MOGAT2;DGAT2;MOGAT3;MOGAT1;ALDH2;AGPAT1;AGPAT2;PLPP4;PLPP2;PLPP3;PLPP5;PLPP1
prerank,Reactome_2022__Metabolism Of Amino Acids And Derivatives R-HSA-71291,-0.4874171429714076,-2.391286334573788,0.0,5.799453923418571e-06,0.001,138/256,24.32%,SHMT1;ALDH7A1;PSMD14;ALDH9A1;GCDH;GOT2;PSMD2;PSMA1;GRHPR;AGXT;GCAT;GLDC;AUH;SARDH;PSMD11;OAT;PSAT1;HAO1;CARNS1;PSMA4;PSMC4;PHGDH;ALDH18A1;SQOR;PSMB1;SLC3A2;PAH;FAH;PSMB4;PSPH;RIDA;PSMC3;PSMC1;SUOX;ASL;AMT;ASRGL1;DHTKD1;PSMA7;PSMB9;PSMA8;PSMB6;PSMB5;PSMB11;PSMB8;PSMB7;PSMB10;KYAT3;RPS7;ALDH6A1;PSMB2;KYAT1;GPT;GPT2;PSMB3;PSMC6;ACADSB;ECHS1;PSMC5;PSMA3;BCKDHA;MTAP;RPL8;SLC7A5;BCAT2;BCAT1;PSMA2;HIBCH;PAOX;SMOX;IL4I1;IVD;DBT;RPL26L1;RPL26;RPS28;PSMD7;MCCC2;HSD17B10;GCSH;RPS8;PXMP2;RPS16;ADI1;RPL27A;RPL35;RPL30;RPLP2;PSMD8;PCBD1;AFMID;RPS17;RPS24;PSMA5;BBOX1;MCCC1;RPL23;RPL7;RPL18;PSMD9;APIP;PSMD4;PSMC2;RPS15;CRYM;PSMD6;DAO;DDO;RPS6;RPS5;HPD;TMLHE;DDC;RPL19;RPL11;AGXT2;MRI1;RPL29;RPS14;RPL15;RPL7A;RPS15A;LIAS;RPL31;RPS29;RPL13A;CSAD;ETHE1;RPLP0;HGD;PSMD13;RPL18A;RPS9;RPS11;SARS1;AHCY;RPL14;HYKK
prerank,KEGG_2021_Human__Mucin type O-glycan biosynthesis,-0.7287183171025113,-2.3877444680247777,0.0,5.762514726454121e-06,0.001,18/28,11.87%,GALNT6;GALNT13;GALNTL5;GALNT17;GALNT15;GALNTL6;GALNT16;GALNT11;GALNT9;GALNT8;GALNT4;GALNT12;GALNT7;GALNT10;GALNT14;GALNT3;GALNT5;GALNT18
prerank,Reactome_2022__Viral mRNA Translation R-HSA-192823,-0.5912024215025238,-2.387686158968005,0.0,5.726043114261373e-06,0.001,49/72,29.24%,DNAJC3;RPS7;RPL8;RPL26L1;RPL26;RPS28;GRSF1;RPS8;RPS16;RPL27A;RPL35;RPL30;RPLP2;RPS17;RPS24;RPL23;RPL7;RPL18;RPS15;RPS6;RPS5;RPL19;RPL11;RPL29;RPS14;RPL15;RPL7A;RPS15A;RPL31;RPS29;RPL13A;RPLP0;RPL18A;RPS9;RPS11;RPL14;RPL12;RPS21;RPS3;RPL9;RPL6;RPSA;RPL4;FAU;RPS12;RPS25;RPLP1;RPL27;UBA52
prerank,Reactome_2022__rRNA Modification In Nucleus And Cytosol R-HSA-6790901,0.5931638566642861,2.3821857228997576,0.0,7.743781523836585e-05,0.004,29/54,19.33%,DDX47;SNU13;GAR1;WDR36;UTP4;HEATR1;FBL;PWP2;RCL1;PDCD11;NOL6;TBL3;NOP2;DKC1;DIMT1;UTP15;UTP20;TRMT112;NOP58;PNO1;RRP36;NAT10;IMP4;NHP2;NOC4L;BMS1;UTP6;DDX52;DHX37
prerank,GO_Biological_Process_2025__Modulation of Chemical Synaptic Transmission (GO:0050804),0.5721226344108811,2.380429401029221,0.0,7.612530989534271e-05,0.004,33/63,10.77%,SLC12A2;MAPK8IP2;ATP1A2;KCNK2;LGI1;GRIN3B;GRIK5;GRIA2;GRIK1;GRIA1;GRID2;GRIN3A;GRIA3;GRIK3;GRIK4;GRIA4;GRID1;BAIAP3;EIF4EBP2;APP;SLC38A1;PXK;CPLX2;CPLX3;CPLX4;CPLX1;CLSTN2;CLSTN1;CLSTN3;GRM3;GRM2;BTBD9;SLC4A8
prerank,KEGG_2021_Human__Glyoxylate and dicarboxylate metabolism,-0.7436748680838252,-2.378248364144872,0.0,5.690030264486145e-06,0.001,16/24,13.01%,SHMT1;SHMT2;HYI;PGP;GRHPR;AGXT;GLDC;HAO2;HAO1;MDH1;GLYCTK;AMT;GCSH;ACAT1;ACSS2;AFMID
prerank,GO_Biological_Process_2025__Carbohydrate Catabolic Process (GO:0016052),-0.7429447092126937,-2.3766621138693385,0.0,5.654467575333106e-06,0.001,17/24,12.10%,TPI1;PFKFB1;NAGA;GBA3;AMY2A;PKM;PKLR;MANBA;PGK2;PGK1;PGM1;DERA;ENO2;ENO1;ENO3;PFKM;PFKL
prerank,Reactome_2022__Signaling By NOTCH4 R-HSA-9013694,-0.5942899793454792,-2.3762958730262063,0.0,5.619346658716131e-06,0.001,32/65,16.28%,PSMD14;PSMD2;PSMA1;PSMD11;PSMA4;PSMC4;PSMB1;PSMB4;PSMC3;PSMC1;PSMA7;PSMB9;PSMB6;PSMB5;PSMB8;PSMB7;PSMB10;PSMB2;PSMB3;PSMC6;PSMC5;PSMA3;PSMA2;PSEN2;PSEN1;PSMD7;PSMD8;PSMA5;PSMD9;PSMD4;PSMC2;PSMD6
prerank,GO_Cellular_Component_2025__Potassium Channel Complex (GO:0034705),0.6390100907243244,2.375823416922237,0.0,7.485655473042032e-05,0.004,21/34,10.44%,SNAP25;KCNIP1;KCNIP4;KCNIP3;KCNIP2;KCNK6;KCNK4;KCNK1;HCN2;KCNH4;KCNH2;LRRC52;LRRC26;GRIK5;GRIK1;GRIK3;GRIK4;KCND3;KCNH1;KCNN4;KCNN1
prerank,Reactome_2022__Transcriptional Regulation By RUNX2 R-HSA-8878166,-0.5694709419678732,-2.373846414922412,0.0,5.584659333662327e-06,0.001,41/83,16.28%,PSMD14;PSMD2;HDAC6;PSMA1;ITGA5;BAX;PSMD11;PSMA4;PSMC4;PSMB1;PSMB4;RUNX1;PSMC3;PSMC1;PSMA7;PSMB9;PSMA8;PSMB6;PSMB5;PSMB11;PSMB8;PSMB7;PSMB10;PSMB2;PSMB3;SOX9;PSMC6;PSMC5;TWIST1;TWIST2;PSMA3;PSMA2;PSMD7;PSMD8;PSMA5;PSMD9;PSMD4;PSMC2;CCNB1;CCND1;PSMD6
prerank,Reactome_2022__Downstream Signaling Events Of B Cell Receptor (BCR) R-HSA-1168372,-0.601917964841606,-2.370970775864279,0.0,5.550397619958877e-06,0.001,35/60,16.28%,PSMD14;PSMD2;PSMA1;PSMD11;PSMA4;PSMC4;PSMB1;PSMB4;PSMC3;PSMC1;PSMA7;PSMB9;PSMA8;PSMB6;PSMB5;PSMB11;PSMB8;PSMB7;PSMB10;PSMB2;PSMB3;PSMC6;PSMC5;PSMA3;PSMA2;PSMD7;PSMD8;IKBKB;CHUK;PSMA5;FKBP1A;PSMD9;PSMD4;PSMC2;PSMD6
prerank,GO_Biological_Process_2025__D-glucose Transmembrane Transport (GO:1904659),-0.7790913165955647,-2.365157928116441,0.0,5.516553732032299e-06,0.001,13/19,3.48%,SLC2A7;SLC2A11;SLC2A5;SLC2A14;SLC2A3;SLC2A12;SLC2A4;SLC2A8;SLC2A1;SLC2A9;SLC2A6;SLC2A2;SLC2A10
prerank,Reactome_2022__Activation Of Kainate Receptors Upon Glutamate Binding R-HSA-451326,0.7468173233482025,2.3616893615528487,0.0,9.203674761936924e-05,0.005,10/21,3.26%,GNGT2;GNGT1;GNG5;GNG11;GNG10;NCALD;GRIK5;GRIK1;GRIK3;GRIK4
prerank,KEGG_2021_Human__Lysosome,-0.5622691404694591,-2.361216765738961,0.0,5.483120073050285e-06,0.001,38/85,19.86%,GAA;SCARB2;NAGA;GLA;DNASE2;DNASE2B;GUSB;MAN2B1;LIPA;CD164;CTSV;CTSL;CLN3;NPC2;GLB1;MANBA;ABCA2;CTSF;CTSW;HEXA;HEXB;ARSG;ARSA;GALNS;GNS;ARSB;GGA2;IDS;CTSD;PPT2;ACP2;SGSH;PSAPL1;AP1G1;AP1G2;GGA1;GGA3;SMPD1
prerank,WikiPathways_2024_Human__Leucine Isoleucine And Valine Metabolism WP4686,-0.774743407112842,-2.359633211889859,0.0,5.450089229236729e-06,0.001,15/20,14.35%,AUH;ALDH6A1;ACADSB;ECHS1;BCKDHA;BCAT2;BCAT1;HIBCH;IVD;DBT;MCCC2;HSD17B10;ACAT1;MCCC1;HMGCLL1
prerank,GO_Cellular_Component_2025__Peroxisomal Matrix (GO:0005782),-0.7080986216867291,-2.357651923178894,0.0,5.3852072146029585e-06,0.001,17/27,17.34%,DHRS4;GRHPR;AGXT;HAO2;HAO1;ACOX2;CRAT;HSD17B4;ECI2;PAOX;ACOX3;ECH1;HMGCL;EPHX2;CRYM;DAO;DDO
prerank,GO_Cellular_Component_2025__Microbody Lumen (GO:0031907),-0.7080986216867291,-2.357651923178894,0.0,5.3852072146029585e-06,0.001,17/27,17.34%,DHRS4;GRHPR;AGXT;HAO2;HAO1;ACOX2;CRAT;HSD17B4;ECI2;PAOX;ACOX3;ECH1;HMGCL;EPHX2;CRYM;DAO;DDO
prerank,GO_Biological_Process_2025__Sodium Ion Transmembrane Transport (GO:0035725),0.6059309042033683,2.354012543089505,0.0,9.05522839480891e-05,0.005,19/47,10.77%,SLC12A3;SLC12A2;SLC12A1;SLC5A2;ATP4A;ATP1A4;ATP12A;ATP1A2;KCNK1;HCN4;HCN2;HCN1;HCN3;GRIN2A;SLC24A1;NALCN;SLC4A9;SLC4A4;SLC4A8
prerank,Reactome_2022__Cell Surface Interactions At Vascular Wall R-HSA-202733,-0.630233660307993,-2.351817259218377,0.0,5.353342083155604e-06,0.001,25/51,15.21%,SLC16A8;SLC16A1;SLC16A3;ITGA3;ITGAX;ITGAV;ITGAL;ITGAM;ITGA4;ITGA5;ITGA6;SLC3A2;SLC7A9;SLC7A11;SLC7A7;SLC7A6;SLC7A8;SLC7A10;SLC7A5;DOK2;ITGB2;ITGB1;GLG1;PIK3CB;GPC1
prerank,WikiPathways_2024_Human__Constitutive Androstane Receptor Pathway WP2875,-0.7954129200020131,-2.3495540203044727,0.0,5.321851835607629e-06,0.001,10/18,7.55%,UGT1A9;UGT1A4;UGT1A1;UGT1A6;CYP4A11;ABCC2;ABCC3;DNAJC7;SULT2A1;SULT1A1
prerank,Reactome_2022__Signal Amplification R-HSA-392518,0.7213694781199671,2.347496065370209,0.0,8.911494610764323e-05,0.005,13/22,14.89%,GNGT2;GNGT1;GNG5;GNG11;GNG10;GNB5;GNA14;GNA15;GNAT3;GNAQ;GNA13;GNA11;AAMP
prerank,WikiPathways_2024_Human__Sulfation Biotransformation Reaction WP692,-0.845166296850562,-2.345035299998525,0.0,5.29072989504852e-06,0.001,13/15,7.64%,G6PD;SULT1A2;SULT2A1;SULT1B1;SULT1A1;SULT1E1;SULT1A4;SULT6B1;SULT1C4;SULT4A1;SULT1C2;SULT1C3;SULT2B1
prerank,GO_Cellular_Component_2025__Extrinsic Component of Cytoplasmic Side of Plasma Membrane (GO:0031234),0.6792591033535537,2.344888920392155,0.0,8.772252507471132e-05,0.005,17/29,13.71%,GNG5B;GNGT2;GNGT1;GNG5;GNG11;GNG10;GNAO1;GNB5;GNAZ;GNA14;GNAS;GNA15;GNAT3;GNAQ;GNAL;GNA13;GNA11
prerank,WikiPathways_2024_Human__Fatty Acid Beta Oxidation WP143,-0.7135519940630319,-2.344542327442175,0.0,5.259969837519169e-06,0.001,23/28,21.12%,GCDH;ACADS;TPI1;LIPF;LPL;LIPC;CPT2;CRAT;GK;GK2;ACSL6;ACSL1;ACSL4;ACSL3;ECI1;ECHS1;ACAT1;ACSS2;HADHB;HADHA;CPT1A;CPT1B;ACADVL
prerank,KEGG_2021_Human__Cell adhesion molecules,-0.6886021673391336,-2.343621582053338,0.0,5.229565387591313e-06,0.001,12/33,2.41%,NLGN1;NLGN3;NLGN4Y;NLGN4X;NLGN2;ITGAV;ITGA9;ITGA8;ITGAL;ITGAM;ITGA4;ITGA6
prerank,Reactome_2022__CLEC7A (Dectin-1) Signaling R-HSA-5607764,-0.5778931117666045,-2.3433705340327933,0.0,5.199510414099408e-06,0.001,36/70,16.28%,PSMD14;PSMD2;PSMA1;PSMD11;PSMA4;PSMC4;PSMB1;PSMB4;PSMC3;PSMC1;PSMA7;PSMB9;PSMA8;PSMB6;PSMB5;PSMB11;PSMB8;PSMB7;PSMB10;PSMB2;PSMB3;PSMC6;PSMC5;PSMA3;PSMA2;PSMD7;PSMD8;IKBKB;CHUK;PSMA5;CASP8;PYCARD;PSMD9;PSMD4;PSMC2;PSMD6
prerank,Reactome_2022__Synthesis Of Bile Acids And Bile Salts R-HSA-192105,-0.7603341820968027,-2.342526658711983,0.0,5.16979892601884e-06,0.001,9/21,6.14%,AKR1C4;AKR1C3;AKR1C2;AKR1D1;AKR1C1;ACOX2;HSD17B4;SLC27A2;SLC27A5
prerank,GO_Cellular_Component_2025__Synaptic Vesicle Membrane (GO:0030672),0.6759475969682422,2.342067042905361,0.0,8.506426673911399e-05,0.005,11/29,8.31%,SYNGR1;SYNGR3;SYNGR4;SYNGR2;SLC32A1;SLC17A6;SLC17A8;SLC17A7;SYT13;SLC35G2;SLC18A1
prerank,GO_Cellular_Component_2025__Exocytic Vesicle Membrane (GO:0099501),0.6759475969682422,2.342067042905361,0.0,8.506426673911399e-05,0.005,11/29,8.31%,SYNGR1;SYNGR3;SYNGR4;SYNGR2;SLC32A1;SLC17A6;SLC17A8;SLC17A7;SYT13;SLC35G2;SLC18A1
prerank,Reactome_2022__G Alpha (Q) Signaling Events R-HSA-416476,0.535542226447103,2.3377649653750963,0.0,8.379465081763468e-05,0.005,46/85,22.59%,GNGT2;GNGT1;GNG5;GNG11;GNG10;PRKCA;PRKCE;PRKCH;OPN4;APP;DGKQ;GRK5;GRK2;DGKI;DGKG;DGKZ;DGKD;DGKH;DGKK;DGKA;DGKE;DGKB;TACR2;RGS17;MAPK1;GRB2;MAPK3;GNB5;GNA14;GNA15;GNAQ;GNA11;PLCB4;PLCB3;PLCB1;PLCB2;BRS3;NMBR;EDNRA;EDNRB;GRPR;NMUR2;NTSR1;GPR39;NMUR1;NTSR2
prerank,GO_Biological_Process_2025__Ephrin Receptor Signaling Pathway (GO:0048013),0.8004425075572406,2.337185905417067,0.0,8.256237654090477e-05,0.005,13/16,14.04%,PKN1;EFNA5;EFNA2;EFNB3;EFNA3;EFNB1;EFNA4;EFNB2;EFNA1;NCK2;NCK1;SIPA1L1;ARHGEF28
prerank,WikiPathways_2024_Human__Purine Metabolism And Related Disorders WP4224,-0.7634548575709957,-2.3354832646989343,0.0,5.1404250684846424e-06,0.001,12/18,8.96%,PPAT;PNP;ADSL;GART;PFAS;XDH;AOX1;PRPS1;ATIC;HPRT1;PAICS;MOCOS
prerank,Reactome_2022__Cellular Response To Chemical Stress R-HSA-9711123,-0.5316265817761714,-2.334083292620423,0.0,5.111383118945181e-06,0.001,47/113,16.28%,PSMD14;P4HB;PSMD2;PSMA1;TALDO1;PRDX2;PRDX1;PSMD11;PSMA4;PSMC4;PHGDH;HBA1;PSMB1;ABCC1;PSMB4;PSMC3;ERO1A;PSMC1;PSMA7;PSMB9;PSMA8;PSMB6;PSMB5;PSMB11;PSMB8;PSMB7;PSMB10;PSMB2;PSMB3;LIN9;PSMC6;PSMC5;PSMA3;BLVRB;VCP;SOD1;SLC7A11;PSMA2;PSMD7;PSMD8;SURF1;AQP8;PSMA5;PSMD9;PSMD4;PSMC2;PSMD6
prerank,GO_Molecular_Function_2025__Phosphatidylinositol Phospholipase C Activity (GO:0004435),0.791114664230242,2.3335852763406124,0.0,8.136582035915251e-05,0.005,16/16,21.03%,PLCB4;PLCB3;PLCD4;PLCZ1;PLCH2;PLCB1;PLCH1;PLCL2;PLCD3;PLCB2;PLCL1;PLCG1;PLCE1;PLCG2;PLCD1;EDNRA
prerank,GO_Molecular_Function_2025__Histone H3 Methyltransferase Activity (GO:0140938),0.6459850938887963,2.326531370008281,0.0,8.020345149687891e-05,0.005,23/32,24.53%,MECOM;SMYD2;KMT2B;EHMT1;KMT2C;KMT2A;SETD2;EZH2;SETDB2;NSD1;SETD1A;KMT2D;NSD3;SUV39H2;SETDB1;SETD1B;NSD2;SETBP1;EHMT2;EZH1;KMT2E;SETD5;SETD3
prerank,GO_Biological_Process_2025__Monoatomic Anion Transmembrane Transport (GO:0098656),0.7076743635542637,2.3251704134972337,0.0,7.907382541945809e-05,0.005,14/23,10.78%,SLC12A3;SLC12A4;SLC12A2;SLC12A1;SLC12A7;SLC12A6;SLC12A5;SLC5A5;KCNK2;KCNK1;SLC26A2;SLC26A1;SLC4A8;SLC4A1
prerank,GO_Biological_Process_2025__Icosanoid Metabolic Process (GO:0006690),-0.7320799096205425,-2.319139647449804,0.0,1.0165334966890978e-05,0.002,14/24,6.69%,CYP4F22;CYP4A22;CYP4F2;CYP4Z1;CYP4F12;CYP4A11;CYP4F8;CYP4F3;CYP4F11;FAAH2;HPGD;ABCC10;AWAT1;CPA1
prerank,WikiPathways_2024_Human__Hippo Merlin Signaling Dysregulation WP4541,-0.6004075311414291,-2.317548082157004,0.0,1.0108545386070358e-05,0.002,26/58,13.47%,ITGA7;ITGA3;ITGA11;ITGAX;ITGAV;ITGA2;ITGA9;ITGA10;ITGAD;ITGAE;ITGA8;ITGAL;ITGAM;ITGA4;ITGA5;ITGA1;ITGA6;ITGA2B;MST1;ITGB2;ITGB1;ITGB7;ITGB4;PRKACB;PRKACA;PRKACG
prerank,WikiPathways_2024_Human__Nuclear Receptors Meta Pathway WP2882,-0.5020117520073103,-2.3170694496023705,0.0,1.005238680059219e-05,0.002,57/170,9.54%,CBR3;ALDH3A1;UGT1A9;UGT1A4;UGT1A1;UGT1A6;UGT2B4;UGT1A7;UGT2B7;CES1;CES4A;CES2;CES3;CES5A;CYP4F12;CYP4A11;GSTT2;G6PD;PRDX6;PRDX1;BAX;PGD;SLC2A13;SLC2A7;SLC2A11;SLC2A5;SLC2A14;SLC2A3;SLC2A12;SLC2A4;SLC2A8;SLC2A1;SLC2A9;SLC2A6;SLC2A2;SLC2A10;ABHD2;CPT2;ABCC2;ABCC4;ABCC5;ABCC3;HGF;SLC27A1;SLC27A5;DNAJC7;DBI;SULT2A1;SULT1A1;ABCG8;DNAJB1;PSMC5;BLVRB;PCK1;SLC39A7;SLC7A11;SLC7A5
prerank,Reactome_2022__ADORA2B Mediated Anti-Inflammatory Cytokine Production R-HSA-9660821,0.6282359277292501,2.315924614131633,0.0,7.797557784418783e-05,0.005,20/41,13.67%,GNGT2;GNGT1;GNG5;GNG11;GNG10;PRKCA;FSHR;LHCGR;TSHR;HTR7;CRHR1;PRKAR2A;GNB5;FSHB;LHB;GPHB5;TSHB;GNAZ;GNAS;GNAT3
prerank,WikiPathways_2024_Human__Non Genomic Actions Of 1 25 Dihydroxyvitamin D3 WP4341,0.6218254343835838,2.3128167910315947,0.0,7.690741924358252e-05,0.005,20/35,17.73%,PRKCA;PRKCE;PRKCB;PRKCG;PRKCZ;PRKCH;MAPK1;MAPK13;MAPK3;MAPK12;MAPK9;MAPK8;PLCB4;VDR;PLCB3;PLCB1;PLCB2;PLCE1;PLCG2;PLCD1
prerank,WikiPathways_2024_Human__Triacylglyceride Synthesis WP325,-0.7411774487743987,-2.3122889280493677,0.0,9.996848751970133e-06,0.002,17/22,18.39%,LIPF;DGAT1;LPL;LIPC;GK;GK2;MOGAT2;DGAT2;MOGAT3;MOGAT1;AGPAT1;AGPAT2;PLPP2;PLPP3;PLPP1;GPD1;GPAM
prerank,GO_Biological_Process_2025__Bile Acid and Bile Salt Transport (GO:0015721),-0.8059004962269675,-2.3099612132283154,0.0,9.941921011574693e-06,0.002,13/17,12.37%,AKR1C4;AKR1C1;ABCC2;ABCC4;ABCC3;ABCC11;SLC27A5;SLCO2B1;SLCO1B3;SLCO1C1;SLCO1B1;SLC10A3;SLC10A5
prerank,Reactome_2022__Anti-inflammatory Response Favoring Leishmania Infection R-HSA-9662851,0.5801224106084316,2.307928628926118,0.0,7.586812979434492e-05,0.005,28/56,17.72%,GNGT2;GNGT1;GNG5;GNG11;GNG10;PRKCA;FSHR;LHCGR;TSHR;HTR7;DPEP1;DPEP3;DPEP2;CRHR1;RHBDF2;ADAM17;PRKAR2A;GNB5;FSHB;LHB;GPHB5;TSHB;GNAZ;GNAS;GNAT3;PRKAR1B;PLCG1;PLCG2
prerank,KEGG_2021_Human__Fructose and mannose metabolism,-0.7530011069120398,-2.2938907756217186,0.0,1.483139036152946e-05,0.003,16/22,17.68%,AKR1B10;HK1;KHK;SORD;MPI;AKR1B1;TPI1;PFKFB1;FBP1;FBP2;PFKP;PFKM;PFKL;GFUS;PMM1;PMM2
prerank,GO_Biological_Process_2025__Chloride Transmembrane Transport (GO:1902476),0.7094187804328024,2.2938807525340352,0.0,8.982786567650439e-05,0.006,13/21,10.78%,SLC12A3;SLC12A4;SLC12A2;SLC12A1;SLC12A7;SLC12A6;SLC12A5;KCNK2;KCNK1;SLC26A2;SLC26A1;SLC4A8;SLC4A1
prerank,Reactome_2022__Peptide Chain Elongation R-HSA-156902,-0.5666538519245375,-2.293789508567662,0.0,1.4750784979129843e-05,0.003,47/69,29.24%,RPS7;RPL8;RPL26L1;RPL26;RPS28;RPS8;RPS16;RPL27A;RPL35;RPL30;RPLP2;RPS17;RPS24;RPL23;RPL7;RPL18;RPS15;RPS6;RPS5;RPL19;RPL11;RPL29;RPS14;RPL15;RPL7A;RPS15A;RPL31;RPS29;RPL13A;RPLP0;RPL18A;RPS9;RPS11;RPL14;RPL12;RPS21;RPS3;RPL9;RPL6;RPSA;RPL4;FAU;RPS12;RPS25;RPLP1;RPL27;UBA52
prerank,Reactome_2022__Branched-chain Amino Acid Catabolism R-HSA-70895,-0.7806479523417664,-2.2925769094033632,0.0,1.4671051006269684e-05,0.003,13/17,14.06%,AUH;ALDH6A1;ACADSB;ECHS1;BCKDHA;BCAT2;BCAT1;HIBCH;IVD;DBT;MCCC2;HSD17B10;MCCC1
prerank,Reactome_2022__Neutrophil Degranulation R-HSA-6798695,-0.47556905783152903,-2.2912997382436453,0.0,1.4592174387956404e-05,0.003,89/237,16.55%,GAA;MGAM;KCNAB2;PDXK;PSMD14;ALDH3B1;ACLY;CD36;PSMD2;PRCP;DDOST;PRDX4;ITGAX;ITGAV;ITGAL;ITGAM;CHI3L1;CHIT1;PSMD11;SLC2A5;SLC2A3;CYB5R3;GUSB;MAN2B1;C3;DGAT1;PSMB1;PGLYRP1;AGL;PSMC3;NPC2;GSN;PKM;GLB1;SCAMP1;SLC27A2;MANBA;CREG1;DNAJC5;DNAJC3;PSMB7;QSOX1;IST1;QPCT;LYZ;ABCA13;STING1;HEXB;PGM2;PGM1;VCL;DERA;VCP;TIMP2;XRCC6;PSMA2;DOK3;PSEN1;PSMD7;AGPAT2;PRKCSH;ARSA;GALNS;GNS;ARSB;LTA4H;ITGB2;MAGT1;PFKL;TOM1;CTSD;RHOA;CAB39;TXNDC5;CDK13;ANXA2;PLPPR3;MOSPD2;APRT;PSMA5;DEGS1;ARHGAP9;PYCARD;GMFG;ACP3;PSMC2;PSMD6;ROCK1;ORMDL3
prerank,KEGG_2021_Human__Neuroactive ligand-receptor interaction,0.5203114289416202,2.2893343354011577,0.0,8.864592007549775e-05,0.006,74/89,34.74%,FSHR;LHCGR;TSHR;GRIN3B;GRIK5;GRIA2;GRIK1;GRIA1;GRID2;GRIN2B;GRIN2A;GRIN3A;GRIN2D;GRIK2;GRIA3;GRIK3;GRIK4;GRIN2C;GRIA4;GRID1;GABBR1;SSTR2;HTR7;TACR2;CRHR1;GRM3;GRM2;GPR156;GABBR2;HTR1E;HTR1F;HTR1B;FSHB;LHB;TSHB;THRA;TRPV1;GALR2;BRS3;NMBR;EDNRA;EDNRB;GRPR;GRIN1;NMUR2;NTSR1;NMUR1;NTSR2;KISS1R;UTS2R;TSPO;NR3C1;CCKBR;CCKAR;AVPR2;AVPR1B;OXTR;AVPR1A;SSTR5;OPRM1;SSTR1;OPRD1;SSTR4;NPBWR2;SSTR3;OPRL1;OPRK1;LTB4R2;LTB4R;NPBWR1;PTGER1;PTGER3;PTGFR;TBXA2R
prerank,WikiPathways_2024_Human__PPAR Signaling WP3942,-0.6210101460294402,-2.288102350069917,0.0,1.451414136983899e-05,0.003,30/46,19.72%,CD36;CYP4A11;LPL;CPT2;ACOX2;GK2;GK3;SLC27A1;ACSL6;SLC27A2;ACSL1;ACSL4;SLC27A6;ACSL3;ACSBG1;SLC27A4;SLC27A5;ACSBG2;DBI;PCK1;PCK2;ACOX3;SCP2;AQP7;CPT1A;CPT1C;CPT1B;RXRG;RXRB;RXRA
prerank,Reactome_2022__Metabolism Of Carbohydrates R-HSA-71387,-0.4849623829125327,-2.286730421406968,0.0,1.4436938490212188e-05,0.003,72/198,15.24%,GBE1;GAA;AKR1A1;ALDH1A1;DCXR;GOT2;RPIA;TALDO1;KHK;SORD;PGLS;PGP;XYLB;AKR1B1;SEH1L;UGP2;TPI1;PFKFB1;SLC2A1;GUSB;MAN2B1;MDH1;PHGDH;GALT;GLYCTK;PRPS2;PRPS1L1;ABCC5;AGL;PKM;PKLR;GLB1L;GLB1;RPEL1;RPE;MANBA;PGK1;PPP2R5D;FBP1;LALBA;HEXA;HEXB;PGM2;PGM2L1;PGM1;SLC25A11;DERA;PCK1;PCK2;GNS;ARSB;ENO2;ENO1;ENO3;CHPF2;CHPF;NUP85;GYS2;GYS1;PFKP;PFKM;PFKL;IDS;PHKA2;PHKA1;SEC13;PRKACB;PRKACG;GPC1;GPC6;GPC2;GPC4
prerank,GO_Molecular_Function_2025__Voltage-Gated Monoatomic Cation Channel Activity (GO:0022843),0.6302576730099217,2.285609689953085,0.0,8.749467436023156e-05,0.006,12/35,3.06%,NCS1;KCNK1;HCN4;HCN2;KCNH3;KCNH4;KCNH2;HCN1;KCNH8;HCN3;LRRC52;LRRC26
prerank,Reactome_2022__Synthesis Of DNA R-HSA-69239,-0.5257511489441382,-2.2784054437344357,0.0,1.4360552572274558e-05,0.003,44/100,16.83%,PSMD14;PSMD2;PSMA1;PSMD11;PSMA4;PSMC4;PSMB1;PSMB4;PSMC3;PSMC1;PSMA7;PSMB9;PSMA8;PSMB6;PSMB5;PSMB11;PSMB8;PSMB7;PSMB10;PSMB2;PSMB3;PSMC6;PSMC5;PSMA3;PSMA2;PSMD7;RFC5;GINS2;PSMD8;POLA2;PSMA5;SLC19A1;GMNN;DNA2;FEN1;PSMD9;PSMD4;PSMC2;CCNA1;CCNA2;CCNE2;CCNE1;PSMD6;CDT1
prerank,WikiPathways_2024_Human__Pregnane X Receptor Pathway WP2876,-0.751934606813516,-2.2781859567589815,0.0,1.4284970716631006e-05,0.003,12/19,11.96%,UGT1A9;UGT1A4;UGT1A1;UGT1A6;CYP4F12;ABCC2;ABCC4;ABCC3;DNAJC7;SULT2A1;PSMC5;SLCO1B1
prerank,"Reactome_2022__Glutamate Binding, Activation Of AMPA Receptors And Synaptic Plasticity R-HSA-399721",0.7034936364020781,2.2767359901379143,0.0,8.637294776586962e-05,0.006,11/21,7.75%,NSF;PRKCA;PRKCB;PRKCG;GRIA2;GRIA1;GRIA3;GRIA4;AP2A2;AP2A1;PICK1
prerank,Reactome_2022__Peroxisomal Protein Import R-HSA-9033241,-0.6432029427676267,-2.27557081262108,0.0,1.4210180294030844e-05,0.003,18/37,17.34%,DHRS4;AGXT;HAO2;HAO1;ACOX2;CRAT;HSD17B4;SLC27A2;ECI2;PEX10;PAOX;ACOX3;PEX14;ECH1;HMGCL;EPHX2;DAO;DDO
prerank,GO_Molecular_Function_2025__Alpha-Actinin Binding (GO:0051393),0.7658917008435915,2.273604927669983,0.0,9.949288919865992e-05,0.007,10/17,15.80%,NOL6;KCNN2;SYNPO2;PPARG;RARA;PDLIM2;PDLIM5;PDLIM1;PRICKLE4;PDLIM7
prerank,KEGG_2021_Human__Amphetamine addiction,0.5676936122285485,2.271898340335162,0.0,9.824922808367667e-05,0.007,20/51,9.63%,PRKCA;PRKCB;PRKCG;TH;PPP3R1;GRIN3B;GRIA2;GRIA1;GRIN2B;GRIN2A;GRIN3A;GRIN2D;GRIA3;GRIN2C;GRIA4;SIRT1;PPP1CB;SLC18A1;PPP3CB;PPP3CC
prerank,GO_Cellular_Component_2025__Axon (GO:0030424),0.519424222536015,2.2716716576002525,0.0,9.703627465054487e-05,0.007,29/90,12.44%,CALB1;FEZ2;PKN1;LDLRAP1;TH;ATP7A;ATP2B3;SYAP1;HCN4;HCN2;HCN1;HCN3;SYT7;GRIK3;SYT12;APP;SLC38A7;CTNNA2;SYT13;NF1;GRM3;GRM2;SPAST;SLC4A8;DIP2B;KIRREL3;MAPK8;AZIN2;ATOH7
prerank,Reactome_2022__Selenocysteine Synthesis R-HSA-2408557,-0.5611340876835043,-2.271300590733191,0.0,1.8848225251110356e-05,0.004,48/72,29.24%,RPS7;RPL8;RPL26L1;RPL26;RPS28;RPS8;RPS16;RPL27A;RPL35;RPL30;RPLP2;RPS17;RPS24;RPL23;RPL7;RPL18;RPS15;RPS6;RPS5;RPL19;RPL11;RPL29;RPS14;RPL15;RPL7A;RPS15A;RPL31;RPS29;RPL13A;RPLP0;RPL18A;RPS9;RPS11;SARS1;RPL14;RPL12;RPS21;RPS3;RPL9;RPL6;RPSA;RPL4;FAU;RPS12;RPS25;RPLP1;RPL27;UBA52
prerank,GO_Cellular_Component_2025__Dendrite (GO:0030425),0.4895255743213457,2.2689485094328217,0.0,9.585290544748944e-05,0.007,47/122,15.72%,SCGN;CALB2;CALB1;PKN1;PRKCG;HOMER2;ATP7A;KCNK2;SYAP1;HCN4;HCN2;HCN1;HCN3;ELFN1;GRIA2;GRIA1;GRIK3;GRIA4;CPEB3;CPEB4;INPP5A;SYT12;HTR7;APP;SLC32A1;SGCE;NF1;LAMP5;TENM2;SLC4A10;SLC4A8;BNIP3;DIP2B;SORBS2;KIRREL3;HTR1E;HTR1F;HTR1B;MAPK8;AZIN2;KIF3B;ZNF385A;SAMD14;PPP1R9B;PPP1R9A;NR1D1;KPNA1
prerank,KEGG_2021_Human__cAMP signaling pathway,0.4860966985952482,2.2684144407383178,0.0,9.469805116498957e-05,0.007,48/127,13.65%,ATP2B2;ATP2A2;ATP2B3;ATP1A4;ATP2B1;ATP2A1;ATP1A2;HCN4;CNGA3;CNGB1;HCN2;CNGB3;CNGA4;CNGA1;FSHR;LHCGR;TSHR;GRIN3B;GRIA2;GRIA1;GRIN2B;GRIN2A;GRIN3A;GRIN2D;GRIA3;GRIN2C;GRIA4;TNNI3;GABBR1;SSTR2;ADCY3;PPP1CB;MAPK1;RRAS;PDE4B;GABBR2;HTR1E;HTR1F;HTR1B;MAPK10;MAPK3;MAPK9;MAPK8;FSHB;LHB;TSHB;ATP2B4;GNAS
prerank,GO_Biological_Process_2025__Long-Chain fatty-acyl-CoA Metabolic Process (GO:0035336),-0.7483694369844751,-2.2641079762262017,0.0,2.3438207566147594e-05,0.005,15/19,15.88%,DGAT1;ACSL6;ACSL1;ACSL4;ACSL3;ACSBG1;ACSBG2;FAR1;FAR2;DGAT2;ELOVL7;ELOVL1;TECR;HACD1;HACD2
prerank,GO_Biological_Process_2025__Diterpenoid Metabolic Process (GO:0016101),-0.7844724299251504,-2.255059926411753,0.0,2.3317392063229305e-05,0.005,9/16,6.49%,AKR1B10;AKR1C4;AKR1C3;AKR1C1;ALDH1A1;ALDH3A2;CYP4V2;AKR1B1;AWAT2
prerank,GO_Biological_Process_2025__Unsaturated Fatty Acid Metabolic Process (GO:0033559),-0.7636879935894257,-2.2544793753242445,0.0,2.3197815693674282e-05,0.005,11/18,7.23%,CYP4A22;CYP4F2;CYP4Z1;CYP4F12;CYP4A11;CYP4F8;CYP4F3;CYP4F11;FAAH2;AWAT1;ELOVL1
prerank,WikiPathways_2024_Human__PKC Gamma Calcium Signaling In Ataxia WP4760,0.7288358564018121,2.254283570414481,0.0,0.00012030517724531838,0.009,15/18,20.16%,PRKCG;ATP2B2;GRIA2;GRIA1;GRIA3;GRIA4;GNA14;GNA15;GNAQ;GNA11;PLCB4;PLCB3;PLCB1;PLCB2;CA8
prerank,WikiPathways_2024_Human__Myometrial Relaxation And Contraction Pathways WP289,0.5214822379411466,2.2529987485065264,0.0,0.00013209980246544763,0.01,34/75,17.73%,GNGT1;GNG5;GNG11;PRKCA;PRKCE;PRKCB;PRKCG;PRKCZ;PRKCH;ATP2A2;YWHAQ;YWHAH;YWHAB;YWHAZ;YWHAG;GRK5;DGKZ;ADCY3;RGS17;CRHR1;PRKAR2A;CRCP;PDE4B;GNB5;CNN2;CNN1;GNAS;GNAQ;ATP2A3;PRKAR1B;PLCB3;PLCG1;PLCG2;PLCD1
prerank,Reactome_2022__Thromboxane Signaling Thru TP Receptor R-HSA-428930,0.7542333929961971,2.252750587484776,0.0,0.0001305637582507331,0.01,12/17,14.89%,GNGT2;GNGT1;GNG5;GNG11;GNG10;GNB5;GNA14;GNA15;GNAQ;GNA13;GNA11;AAMP
prerank,GO_Cellular_Component_2025__Intracellular Organelle Lumen (GO:0070013),-0.4393517417428748,-2.252628115351399,0.0,2.3079459491155537e-05,0.005,175/480,18.58%,SHMT2;ALDH7A1;AKR1B15;PSMD14;PDIA3;P4HB;ALDH1B1;ALDH1L2;GCDH;CES1;CES2;ACLY;GOT2;PSMD2;MTHFD2L;PRDX4;ACADS;CHIT1;PCSK6;PCSK9;GLDC;AUH;SARDH;PSMD11;OAT;GUSB;NADK2;C3;C4A;LACTB2;ACAA2;ALDH18A1;LIPC;PDPR;PRORP;HBB;HBA1;PSMB1;TOR1A;TOR1B;TOR2A;TOR3A;TOR4A;PGLYRP1;CTSL;NIPSNAP2;NIPSNAP1;AGL;MTTP;RIDA;PSMC3;FDPS;ERO1A;ERO1B;MTHFD2;NAXE;SUOX;HSD17B8;GSN;PKM;GLB1;SLC27A2;ECI1;AMT;DHTKD1;DNAJC3;DBI;PSMB7;PGK1;QSOX1;HSPA9;ALDH6A1;ADHFE1;GPT2;QPCT;RCN1;LYZ;LALBA;AK3;PDIA6;ACADSB;P4HA3;ECHS1;PGM2;PGM1;VCL;ALDH2;DERA;PCK2;BCKDHA;VCP;COQ5;SOD1;TIMP2;HSP90B1;BPNT2;XRCC6;PPTC7;BCAT2;SUCLA2;PSMA2;HIBCH;ETFB;IVD;DBT;PSMD7;GRSF1;MCCC2;PRKCSH;HSD17B10;GCSH;PPA2;FAM20C;ARSK;ARSI;ARSG;ARSD;ARSH;ARSA;ARSF;GNS;ARSL;STS;ARSJ;LTA4H;PFKL;CTSD;ACSS2;CAB39;PLPP6;SGPP2;DNAJB11;TXNDC5;CDK13;PLPPR3;NUCB1;PSMA5;ABHD11;MCCC1;HSPA5;ECH1;ACOT9;HMGCL;GMFG;GPC1;GPC6;GPC2;GPC4;PROZ;OXCT2;OXCT1;POGLUT1;PSMC2;CCNB1;NDUFAF7;PSMD6;NAXD;RTN4IP1;D2HGDH;SPON1;OXSM;ISCU;WNT7A;WNT7B;WNT5A;WNT4;WNT5B;WNT3A;NIT2;ESD;HAGH;TMLHE;ALDH5A1;PYGL;MUC4
prerank,WikiPathways_2024_Human__Peptide GPCRs WP24,0.6588742840509174,2.2515782501785497,0.0,0.0001290630253972764,0.01,27/28,33.77%,FSHR;LHCGR;TSHR;SSTR2;TACR2;GALR2;BRS3;NMBR;EDNRA;EDNRB;GRPR;NTSR1;ATP8A1;CCKBR;CCKAR;AVPR2;AVPR1B;OXTR;AVPR1A;SSTR5;OPRM1;SSTR1;OPRD1;SSTR4;SSTR3;OPRL1;OPRK1
prerank,Reactome_2022__Eukaryotic Translation Elongation R-HSA-156842,-0.5530634934166079,-2.251577796366487,0.0,2.2962304874449164e-05,0.005,55/73,33.66%,RPS7;RPL8;RPL26L1;RPL26;RPS28;RPS8;RPS16;RPL27A;RPL35;RPL30;RPLP2;RPS17;RPS24;EEF1B2;EEF1D;RPL23;RPL7;RPL18;RPS15;RPS6;RPS5;RPL19;RPL11;RPL29;RPS14;RPL15;RPL7A;RPS15A;RPL31;RPS29;RPL13A;RPLP0;RPL18A;RPS9;RPS11;RPL14;RPL12;RPS21;RPS3;RPL9;RPL6;RPSA;RPL4;FAU;RPS12;RPS25;RPLP1;RPL27;UBA52;EEF1G;RPS2;RPS23;RPS4Y2;RPS4X;RPS4Y1
prerank,GO_Cellular_Component_2025__Postsynaptic Density (GO:0014069),0.5035202524015735,2.2503855306737153,0.0,0.000127596400108671,0.01,25/85,3.74%,MAPK8IP2;HOMER2;SPOCK1;RTN3;RTN2;RTN1;RTN4;GRIN3B;GRIK5;GRIA2;GRIK1;GRIA1;GRID2;GRIN2B;GRIN2A;GRIN3A;GRIN2D;GRIA3;GRIK3;GRIK4;GRIN2C;GRIA4;GRID1;CPEB4;SYT12
prerank,GO_Molecular_Function_2025__Transaminase Activity (GO:0008483),-0.7924903422018535,-2.250359581195956,0.0,2.2846333637709522e-05,0.005,11/16,9.68%,GOT2;GOT1L1;AGXT;OAT;PSAT1;KYAT3;KYAT1;ACCS;ACCSL;BCAT2;BCAT1
prerank,Reactome_2022__Bile Acid And Bile Salt Metabolism R-HSA-194068,-0.6923779924637435,-2.249633773327841,0.0,2.2731527941037614e-05,0.005,12/26,11.96%,AKR1C4;AKR1C3;AKR1C2;AKR1D1;AKR1C1;ACOX2;ABCC3;HSD17B4;SLC27A2;SLC27A5;SLCO1B3;SLCO1B1
prerank,KEGG_2021_Human__Tryptophan metabolism,-0.6959673015777607,-2.248221200784803,0.0,2.261787030133243e-05,0.005,17/25,15.65%,ALDH7A1;ALDH1B1;ALDH3A2;ALDH9A1;GCDH;AOX1;DHTKD1;KYAT3;KYAT1;ECHS1;ALDH2;MAOA;MAOB;IL4I1;ACAT1;AFMID;HADHA
prerank,GO_Biological_Process_2025__Negative Regulation of Small Molecule Metabolic Process (GO:0062014),-0.7340324710462383,-2.2478634361837297,0.0,2.2505343583415352e-05,0.005,10/20,6.87%,UGT1A9;UGT1A4;UGT1A10;UGT1A3;UGT1A8;UGT1A1;UGT1A6;UGT1A7;PGP;PGK1
prerank,GO_Biological_Process_2025__Long-Term Synaptic Potentiation (GO:0060291),0.7527829361103859,2.2477108608129526,0.0,0.00012616273269171964,0.01,8/16,5.29%,PRKCZ;TSHZ3;GRIN2B;GRIN2A;GRIN2D;GRIA3;GRIN2C;SLC24A1
prerank,GO_Molecular_Function_2025__Protein-Cysteine S-palmitoyltransferase Activity (GO:0019706),0.7249678814132426,2.2459423067722404,0.0,0.00013723701700577059,0.011,15/19,21.11%,ZDHHC23;ZDHHC17;ZDHHC18;ZDHHC21;ZDHHC1;ZDHHC12;ZDHHC15;ZDHHC20;ZDHHC11B;ZDHHC7;ZDHHC4;ZDHHC2;ZDHHC11;ZDHHC9;ZDHHC14
prerank,Reactome_2022__MAPK6/MAPK4 Signaling R-HSA-5687128,-0.5631644421960635,-2.24269749819253,0.0,3.135150338798554e-05,0.007,36/64,16.28%,PSMD14;PSMD2;PSMA1;PSMD11;PSMA4;PSMC4;PSMB1;PSMB4;PSMC3;PSMC1;PSMA7;PSMB9;PSMA8;PSMB6;PSMB5;PSMB11;PSMB8;PSMB7;PSMB10;PSMB2;PSMB3;PSMC6;DNAJB1;PSMC5;PSMA3;PSMA2;PSMD7;PSMD8;PRKACB;PRKACG;PSMA5;PSMD9;PSMD4;PSMC2;CCND3;PSMD6
prerank,GO_Biological_Process_2025__Response to Unfolded Protein (GO:0006986),-0.6426805056030684,-2.236837601614064,0.0,3.565378569668166e-05,0.008,14/36,11.06%,BAX;BAK1;HSPB2;HSPB3;HSPB7;HSPB8;TOR1B;PACRG;DNAJC4;DNAJB5;DNAJB1;DNAJB2;STT3B;DNAJB4
prerank,Reactome_2022__ADP Signaling Thru P2Y Purinoceptor 1 R-HSA-418592,0.7676303578596267,2.2359136383728555,0.0,0.00016040690299375782,0.013,10/15,13.71%,GNGT2;GNGT1;GNG5;GNG11;GNG10;GNB5;GNA14;GNA15;GNAQ;GNA11
prerank,Reactome_2022__Thrombin Signaling Thru Proteinase Activated Receptors (PARs) R-HSA-456926,0.7024422327311872,2.2352051283773564,0.0,0.0001586633497003474,0.013,13/21,13.71%,GNGT2;GNGT1;GNG5;GNG11;GNG10;MAPK1;MAPK3;GNB5;GNA14;GNA15;GNAQ;GNA13;GNA11
prerank,WikiPathways_2024_Human__Disorders Of Bile Acid Synthesis And Biliary Transport WP5176,-0.7715646042121631,-2.234556478787065,0.0,3.54790122373842e-05,0.008,12/17,12.87%,AKR1C4;AKR1D1;ACOX2;ABCC2;ABCC4;ABCC3;HSD17B4;SLC27A2;SLC27A5;SLCO1B3;SLCO1B1;SCP2
prerank,Reactome_2022__Mitotic G1 Phase And G1/S Transition R-HSA-453279,-0.512634218425449,-2.2339315358311693,0.0,3.5305943885006716e-05,0.008,58/106,27.15%,PSMD14;PSMD2;PSMA1;PSMD11;PSMA4;PSMC4;PSMB1;PSMB4;PSMC3;PSMC1;PSMA7;PSMB9;PSMB6;PSMB5;PSMB8;PSMB7;PSMB10;PSMB2;PSMB3;LIN9;PSMC6;PSMC5;PSMA3;PSMA2;PSMD7;E2F2;PSMD8;POLA2;PSMA5;GMNN;PSMD9;PSMD4;PSMC2;CCND3;CCNB1;CCNA1;CCNA2;CCNE2;CCNE1;CCND1;CCND2;PSMD6;CDT1;MCM8;PPP2R2A;RBL1;RBL2;RB1;MCM4;MCM7;PSMD13;MCM6;CDK1;SKP2;PCNA;CCNH;PPP2CB;PPP2CA
prerank,GO_Biological_Process_2025__Fatty Acid Biosynthetic Process (GO:0006633),-0.6373975888434077,-2.233223965358076,0.0,3.513455580789503e-05,0.008,22/36,17.38%,ACLY;ACACB;ABHD2;PNLIP;LPL;LIPG;LIPC;PNLIPRP3;PNLIPRP2;PNLIPRP1;HSD17B8;ACSBG1;ACSBG2;ELOVL7;ELOVL1;TECR;TECRL;DEGS1;HACD1;HACD2;SCD5;OXSM
prerank,WikiPathways_2024_Human__Regulatory Circuits Of STAT3 Signaling WP4538,0.6876355487712628,2.232061132115567,0.0,0.00015695729217668776,0.013,15/22,19.59%,PRKCB;STMN1;MAPK1;MAPK10;MAPK13;MAPK3;MAPK12;MAPK9;MAPK8;MAPK15;AKT1S1;RICTOR;MAPKAP1;MAPK4;MAPK6
prerank,GO_Molecular_Function_2025__G Protein-Coupled Receptor Activity (GO:0004930),0.5611659426221672,2.2296706545884466,0.0,0.0001672327286530667,0.014,43/55,33.80%,OPN3;OPN4;FSHR;LHCGR;TSHR;LGR5;LGR4;LGR6;GRID1;GABBR1;CRHR1;GRM3;GRM2;GPR156;GABBR2;HTR1E;RORB;CELSR2;NPRL3;GRPR;NMUR2;NTSR1;GPR39;NMUR1;NTSR2;KISS1R;UTS2R;PGR;ESR1;PMPCB;SLC39A9;GPR149;OPRM1;PTGDR2;OPRD1;NPBWR2;SSTR3;CMKLR2;OPRL1;OPRK1;LTB4R2;LTB4R;NPBWR1
prerank,Reactome_2022__Regulation Of mRNA Stability By Proteins That Bind AU-rich Elements R-HSA-450531,-0.5513697388738757,-2.2280563228117356,0.0,3.4964823654233704e-05,0.008,32/68,16.28%,PSMD14;PSMD2;PSMA1;PSMD11;PSMA4;PSMC4;PSMB1;PSMB4;PSMC3;PSMC1;PSMA7;PSMB9;PSMA8;PSMB6;PSMB5;PSMB11;PSMB8;PSMB7;PSMB10;PSMB2;PSMB3;PSMC6;PSMC5;PSMA3;PSMA2;PSMD7;PSMD8;PSMA5;PSMD9;PSMD4;PSMC2;PSMD6
prerank,GO_Biological_Process_2025__Muscle Contraction (GO:0006936),0.5707598302247499,2.227813777799743,0.0,0.00017729184015099548,0.015,24/48,13.99%,KCNIP1;KCNIP2;GNAO1;HCN4;TNNI3;SGCA;TACR2;CKMT2;DTNA;KCND3;SNTB1;SNTA1;TPM3;TPM4;TPM1;TPM2;TNNT2;TMOD1;LMOD3;TMOD2;TMOD3;LMOD1;TMOD4;ARHGEF11
prerank,"GO_Molecular_Function_2025__Hydrolase Activity, Hydrolyzing O-glycosyl Compounds (GO:0004553)",-0.7733264483982429,-2.224886723862948,0.0,3.4796723540511424e-05,0.008,8/17,3.76%,CHI3L2;CHI3L1;CHIA;CHIT1;OVGP1;GBA3;LCT;GUSB
prerank,GO_Biological_Process_2025__Regulation of Fatty Acid Metabolic Process (GO:0019217),-0.7669087924284527,-2.221577189270203,0.0,3.463023204031759e-05,0.008,8/16,0.99%,UGT1A9;UGT1A4;UGT1A10;UGT1A3;UGT1A8;UGT1A1;UGT1A6;UGT1A7
prerank,KEGG_2021_Human__Long-term depression,0.5954027519961446,2.220744145604779,0.0,0.0001871413868260508,0.016,21/38,17.67%,PRKCA;PRKCB;PRKCG;GNAO1;GRIA2;GRIA1;GRID2;GRIA3;CRHR1;GUCY1B1;MAPK1;MAPK3;GNAZ;GNAS;GNAQ;GNA13;GNA11;PLCB4;PLCB3;PLCB1;PLCB2
prerank,Reactome_2022__Arachidonic Acid Metabolism R-HSA-2142753,-0.6911924483770344,-2.2192852036902555,0.0,3.446532617345893e-05,0.008,20/26,18.35%,HPGDS;AKR1C3;CYP4F22;CYP4A22;CYP4F2;CYP4B1;CYP4A11;CYP4F8;CYP4F3;CYP4F11;FAAH2;HPGD;ABCC1;AWAT1;GGT5;LTA4H;CBR1;EPHX2;PTGES2;GGT1
prerank,GO_Biological_Process_2025__Adenylate Cyclase-Modulating G Protein-Coupled Receptor Signaling Pathway (GO:0007188),0.5566295010884595,2.218115057285111,0.0,0.00018521209417835956,0.016,24/51,13.71%,PRKCA;GNAO1;FSHR;LHCGR;TSHR;GABBR1;APP;DGKQ;GRK5;CRHR1;PRKAR2A;GABBR2;HTR1E;HTR1F;HTR1B;GPHB5;GNAZ;GNA14;GNAS;GNAT3;GNAQ;GNAL;GNA13;GNA11
prerank,GO_Biological_Process_2025__Neuron Projection Guidance (GO:0097485),0.6166055156988579,2.215292771791004,0.0,0.00018332217485000893,0.016,14/35,9.56%,FEZ2;LGI1;LGR6;NTN3;EFNA5;EFNA2;EFNB3;EFNA3;EFNB1;EFNA4;EFNB2;EFNA1;ENAH;EVL
prerank,GO_Biological_Process_2025__Lipid Catabolic Process (GO:0016042),-0.6896515880501449,-2.2103799772227073,0.0,4.287747924423209e-05,0.01,11/25,12.55%,CES1;LIPI;LIPG;LIPH;PLA1A;PNLIPRP2;ACBD5;ECI2;PRKCSH;STS;HSD11B1
prerank,GO_Biological_Process_2025__Sterol Homeostasis (GO:0055092),-0.6147284684915771,-2.2047579229947596,0.0,5.121027238037531e-05,0.012,20/41,8.13%,AKR1C1;CES1;SCARB1;PCSK9;PNLIP;LPL;LIPG;LIPC;PNLIPRP3;PNLIPRP2;PNLIPRP1;MTTP;NPC2;HSDL2;DGAT2;ABCA5;ABCA2;ABCG8;ABCG1;ABCG4
prerank,"Reactome_2022__Adrenaline,noradrenaline Inhibits Insulin Secretion R-HSA-400042",0.7505808865158061,2.2046864196445113,0.0,0.00019281233794199172,0.017,5/16,0.21%,GNGT2;GNGT1;GNG5;GNG11;GNG10
prerank,GO_Biological_Process_2025__Calcium Ion Transmembrane Import Into Cytosol (GO:0097553),0.5661190111100199,2.2029339203432383,0.0,0.00020211269777213486,0.018,29/46,18.83%,GRIN2B;GRIN2A;GRIN2D;GRIN2C;NALF1;NALF2;SLC24A1;JPH3;JPH2;JPH1;JPH4;ENTHD1;PLCB4;PLCB3;PLCH2;PLCB1;PLCH1;PLCL2;PLCB2;PLCL1;PLCG1;PLCE1;PLCG2;TRPV2;TRPV6;TRPV4;TRPV5;TRPV3;TRPV1
prerank,GO_Cellular_Component_2025__Ficolin-1-Rich Granule (GO:0101002),-0.5060335939891537,-2.2028255694953622,0.0,5.946482332744676e-05,0.014,43/111,16.28%,GAA;MGAM;PSMD14;ACLY;PSMD2;PRCP;PRDX4;ITGAX;PSMD11;SLC2A3;GUSB;HBB;PSMB1;AGL;PSMC3;GSN;PKM;GLB1;PSMB7;QPCT;PGM2;PGM1;VCL;DERA;VCP;TIMP2;XRCC6;PSMA2;DOK3;PSMD7;GNS;LTA4H;ITGB2;PFKL;CTSD;RHOA;CAB39;CDK13;PLPPR3;PSMA5;GMFG;PSMC2;PSMD6
prerank,Reactome_2022__Hedgehog Off State R-HSA-5610787,-0.5495558547975805,-2.202586469161505,0.0,5.9186950321243734e-05,0.014,36/73,16.53%,PSMD14;PSMD2;PSMA1;PSMD11;PSMA4;PSMC4;PSMB1;PSMB4;PSMC3;PSMC1;PSMA7;PSMB9;PSMA8;PSMB6;PSMB5;PSMB11;PSMB8;PSMB7;PSMB10;PSMB2;PSMB3;PSMC6;PSMC5;PSMA3;PSMA2;SMOX;PSMD7;PSMD8;PRKACB;PRKACG;PSMA5;PSMD9;PSMD4;PSMC2;PSMD6;ADCY9
prerank,GO_Molecular_Function_2025__Vitamin B6 Binding (GO:0070279),-0.7738176050070178,-2.1955770692331984,0.0,6.701591200394793e-05,0.016,9/15,7.17%,SHMT1;SHMT2;PDXK;AGXT;GLDC;OAT;PSAT1;PNPO;ACCS
prerank,GO_Molecular_Function_2025__Pyridoxal Phosphate Binding (GO:0030170),-0.7738176050070178,-2.1955770692331984,0.0,6.701591200394793e-05,0.016,9/15,7.17%,SHMT1;SHMT2;PDXK;AGXT;GLDC;OAT;PSAT1;PNPO;ACCS
prerank,GO_Biological_Process_2025__Triglyceride Biosynthetic Process (GO:0019432),-0.7825265212337849,-2.1919664235414382,0.0,7.087627559864539e-05,0.016,10/15,18.40%,DGAT1;GK;MOGAT2;DGAT2;MOGAT3;MOGAT1;PCK1;PCK2;GPAM;GPAT2
prerank,Reactome_2022__Opioid Signaling R-HSA-111885,0.5406782291193564,2.191087511124512,0.0,0.00024458082238652183,0.022,26/59,17.67%,GNGT2;GNGT1;GNG5;GNG11;GNG10;PRKCA;PRKCG;PPP3R1;GRK2;MAPK1;PPP3CB;PPP3CC;PRKAR2A;PDE4B;GNB5;GNA14;GNA15;GNAT3;GNAQ;GNAL;GNA11;PLCB4;PRKAR1B;PLCB3;PLCB1;PLCB2
prerank,KEGG_2021_Human__Malaria,-0.7614010932991073,-2.190914079916683,0.0,7.470122301357499e-05,0.017,14/17,20.31%,CD36;ITGAL;HBB;HBA2;HBA1;HGF;MYD88;ITGB2;THBS4;COMP;THBS2;THBS3;THBS1;LRP1
prerank,Reactome_2022__Glutathione Conjugation R-HSA-156590,-0.7119239978515075,-2.190088510473076,0.0,7.436012153862716e-05,0.017,13/20,18.37%,HPGDS;AKR1A1;GSTO1;GSTT2;GSTT2B;GSTO2;GGCT;GGT6;GGT5;OPLAH;ESD;GGT1;GGT7
prerank,WikiPathways_2024_Human__Metabolic Pathways Of Fibroblasts WP5312,-0.6945143346395984,-2.1895179946035426,0.0,7.402212098617884e-05,0.017,11/22,8.62%,GPI;CD36;SLC16A1;UGP2;SLC2A1;PSAT1;PHGDH;ALDH18A1;PSPH;P4HA3;PGM1
prerank,Reactome_2022__Chaperonin-mediated Protein Folding R-HSA-390466,0.5440387005207302,2.1886219466358527,0.0,0.00024218297118665396,0.022,19/55,13.71%,GNGT2;GNGT1;GNG5;GNG11;GNG10;RGS9BP;TUBA1C;TUBA1B;TUBA3E;TUBA1A;TUBA3C;TUBA3D;PFDN6;GNB5;SKIC2;GNA14;GNA15;GNAQ;GNA11
prerank,GO_Biological_Process_2025__Cholesterol Homeostasis (GO:0042632),-0.6159683738242698,-2.1883068911654933,0.0,7.36871792622595e-05,0.017,20/40,8.13%,AKR1C1;CES1;SCARB1;PCSK9;PNLIP;LPL;LIPG;LIPC;PNLIPRP3;PNLIPRP2;PNLIPRP1;MTTP;NPC2;HSDL2;DGAT2;ABCA5;ABCA2;ABCG8;ABCG1;ABCG4
prerank,Reactome_2022__Ub-specific Processing Proteases R-HSA-5689880,-0.5109195266137739,-2.188261390786265,0.0,7.335525503134841e-05,0.017,44/102,17.03%,PSMD14;USP8;PSMD2;PSMA1;GATA3;PSMD11;PSMA4;PSMC4;PSMB1;CFTR;PSMB4;PSMC3;PSMC1;PSMA7;PSMB9;PSMA8;PSMB6;PSMB5;PSMB11;PSMB8;PSMB7;PSMB10;PSMB2;PSMB3;PSMC6;ADRM1;PSMC5;PSMA3;USP12;CLSPN;PSMA2;HIF1A;PSMD7;PSMD8;PSMA5;PSMD9;PSMD4;PSMC2;TADA2B;CCNA1;CCNA2;OTUB1;PSMD6;USP14
prerank,GO_Cellular_Component_2025__Secretory Granule Lumen (GO:0034774),-0.479382815793847,-2.1874058996963717,0.0,7.302630769936928e-05,0.017,65/156,18.63%,PDXK;PSMD14;ACLY;PSMD2;PRDX4;PSMD1;CHI3L1;CHIT1;PSMD11;CYB5R3;GUSB;MAN2B1;C3;A2M;PSMB1;TOR4A;PGLYRP1;AGL;PSMC3;NPC2;GSN;PKM;GLB1;CREG1;DNAJC3;PSMB7;QSOX1;IST1;QPCT;LYZ;SCCPDH;CTSW;HEXB;PGM2;VCL;FERMT3;DERA;VCP;TIMP3;TIMP2;XRCC6;PSMA2;PSMD7;ARSA;GALNS;GNS;PFKL;CTSD;CAB39;SGPP2;TXNDC5;ANXA2;APRT;PSMA5;ARHGAP9;PYCARD;GMFG;PSMC2;PSMD6;ROCK1;NIT2;PTGES2;PYGB;PYGL;ADA2
prerank,Reactome_2022__Metabolism Of Lipids R-HSA-556833,-0.4267296301870882,-2.1857378811355974,0.0,7.270029739713995e-05,0.017,188/458,21.12%,HPGDS;AKR1B15;AKR1C4;AKR1C3;AKR1C2;AKR1D1;AKR1C1;ALDH3A2;ALDH3B1;UGT1A9;UGT8;ACHE;ACLY;CD36;CYP4F22;CYP4A22;CYP19A1;CYP4F2;CYP4B1;CYP4A11;CYP4F8;CYP4F3;CYP4F11;AKR1B1;ACADS;AGXT;FAAH2;HPGD;GBA3;HAO2;PIP5K1A;ACACB;ACAA2;DGAT1;LIPI;LIPH;PLA1A;CPT2;ACOX2;ABCC3;ABCC1;FDPS;ACBD4;ACBD5;CRAT;GK;GK2;GK3;HSD17B4;HSD17B8;GLB1L;GLB1;SLC27A1;SLC27A3;ACSL6;SLC27A2;ACSL1;ACSL4;ACSL3;ACSBG1;SLC27A5;ACSBG2;FAR1;FAR2;ECI1;PLA2G3;ACOT13;AWAT1;MOGAT2;DGAT2;DGAT2L6;MOGAT3;AWAT2;MOGAT1;ECI2;DBI;ALDH3B2;ELOVL7;ELOVL1;SULT2A1;LIN9;ECHS1;SPHK2;SPHK1;CERK;HEXA;HEXB;RUFY1;PLD4;PLD3;MED28;AGPAT1;AGPAT2;TRIB3;TECR;TECRL;PRKCSH;GGT5;ARSK;ARSI;ARSG;ARSD;ARSH;ARSA;ARSF;ARSL;STS;ARSB;ARSJ;LTA4H;SLCO1B3;SLCO1B1;CBR1;HSD11B1;DHRS7B;ACOX3;HADHB;PLPP6;SGPP1;SGPP2;PLPP2;PLPP3;PLPP1;GPCPD1;PRKACB;PRKACG;MTMR14;DEGS1;DEGS2;ABCA1;ACOT9;HMGCLL1;HMGCL;ARHGAP9;PIK3CG;PIK3C2B;PIK3C2G;PIK3CB;PIK3C2A;OXCT2;OXCT1;HADHA;EPHX2;HACD1;HACD2;CHEK2;MED17;ORMDL3;ORMDL2;ORMDL1;SCD5;GPD1;GPD1L;MBOAT7;PTGES2;GGT1;GPAM;GPAT2;GPS2;CRLS1;SMARCD3;OSBPL9;CPT1A;CUBN;RXRB;RXRA;SMPD1;LRP2;CEPT1;CHPT1;STARD3NL;STARD3;STARD6;STARD4;STARD5;MTMR7;MTMR1;MTMR2;MTM1;MTMR4;SBF2;MTMR3;MTMR9;SBF1;MTMR10;MTMR6;MTMR12;ACADVL
prerank,KEGG_2021_Human__Endocrine and other factor-regulated calcium reabsorption,0.5770702834467883,2.1849354810137185,0.0,0.0002725360002321128,0.025,21/41,18.81%,CALB1;PRKCA;PRKCB;PRKCG;ATP2B2;ATP2B3;ATP1A4;ATP2B1;ATP1A2;AP2A2;AP2A1;ATP2B4;GNAS;GNAQ;PLCB4;VDR;AP2S1;PLCB3;PLCB1;PLCB2;TRPV5
prerank,Reactome_2022__G1/S Transition R-HSA-69206,-0.5045279731314497,-2.1846331917638886,0.0,7.639813968450063e-05,0.018,54/101,27.15%,PSMD14;PSMD2;PSMA1;PSMD11;PSMA4;PSMC4;PSMB1;PSMB4;PSMC3;PSMC1;PSMA7;PSMB9;PSMB6;PSMB5;PSMB8;PSMB7;PSMB10;PSMB2;PSMB3;LIN9;PSMC6;PSMC5;PSMA3;PSMA2;PSMD7;PSMD8;POLA2;PSMA5;GMNN;PSMD9;PSMD4;PSMC2;CCNB1;CCNA1;CCNA2;CCNE2;CCNE1;CCND1;PSMD6;CDT1;MCM8;RBL1;RBL2;RB1;MCM4;MCM7;PSMD13;MCM6;CDK1;SKP2;PCNA;CCNH;PPP2CB;PPP2CA
prerank,Reactome_2022__GPCR Downstream Signaling R-HSA-388396,0.43372763587834656,2.1822744863215027,0.0,0.0002807120802390762,0.026,70/206,14.02%,GNGT2;GNGT1;GNG5;GNG11;GNG10;PKN1;PRKCA;PRKCE;PRKCB;PRKCG;PRKCH;PPP3R1;OPN3;OPN4;RGS9BP;FSHR;LHCGR;TSHR;SSTR2;HTR7;ITSN1;APP;PLXNB1;DGKQ;GRK5;GRK2;DGKI;DGKG;DGKZ;DGKD;DGKH;DGKK;DGKA;DGKE;DGKB;TACR2;RGS17;CRHR1;GRM3;GRM2;MAPK1;GRB2;PPP3CB;PPP3CC;CNOT6;PRKAR2A;PDE4B;GABBR2;HTR1E;HTR1F;HTR1B;MAPK3;GNB5;FSHB;LHB;GPHB5;TSHB;GNAZ;GNA14;GNAS;GNA15;GNAT3;GNAQ;GNAL;GNA13;GNA11;ARHGEF11;ARHGEF12;ARHGEF18;ARHGEF3
prerank,Reactome_2022__Extracellular Matrix Organization R-HSA-1474244,-0.522973807529021,-2.1822371274034777,0.0,8.406642058902318e-05,0.02,30/90,12.44%,P4HB;TPSAB1;ITGA7;ITGA3;ITGA11;ITGAX;ITGAV;ITGA2;ITGA9;ITGA10;ITGAD;ITGAE;ITGA8;ITGAL;ITGAM;ITGA4;ITGA5;ITGA1;ITGA6;ITGA2B;CTSV;CTSL;P4HA3;TIMP2;PSEN1;ITGB2;ITGB1;ITGB7;ITGB4;CTSD
prerank,KEGG_2021_Human__Arachidonic acid metabolism,-0.7398047850408987,-2.1800000284992658,0.0,8.369608393444599e-05,0.02,13/19,18.35%,HPGDS;CBR3;AKR1C3;CYP4F2;CYP4F8;CYP4F3;PLA2G3;GGT5;LTA4H;CBR1;EPHX2;PTGES2;GGT1
prerank,GO_Biological_Process_2025__Protein Palmitoylation (GO:0018345),0.6977358305085366,2.178703254242562,0.0,0.00029942621892168134,0.028,14/19,21.11%,ZDHHC23;ZDHHC17;ZDHHC18;ZDHHC21;ZDHHC1;ZDHHC12;ZDHHC15;ZDHHC20;ZDHHC7;ZDHHC2;ZDHHC11;ZDHHC9;GOLGA7;ZDHHC14
prerank,WikiPathways_2024_Human__Metabolic Reprogramming In Pancreatic Cancer WP5220,-0.6428965554012538,-2.177309074841729,0.0,8.33289958470142e-05,0.02,18/33,12.10%,HK1;GPI;ACLY;GOT2;RPIA;SLC16A4;SLC16A1;GOT1;SLC2A1;MDH1;PKM;RPE;GPT;BCKDHA;SLC7A5;BCAT2;GNPNAT1;PFKL
prerank,GO_Biological_Process_2025__Negative Regulation of Lipid Metabolic Process (GO:0045833),-0.7631706335309486,-2.1773007439973724,0.0,8.296511376907965e-05,0.02,8/15,0.99%,UGT1A9;UGT1A4;UGT1A10;UGT1A3;UGT1A8;UGT1A1;UGT1A6;UGT1A7
prerank,GO_Biological_Process_2025__Very Long-Chain Fatty Acid Metabolic Process (GO:0000038),-0.7035000212755884,-2.1771044483308506,0.0,8.260439588312713e-05,0.02,14/21,15.88%,CYP4F2;CYP4F12;ACOX2;ACSL6;ACSL1;SLC27A6;ACSBG1;SLC27A5;ELOVL7;ELOVL1;TECR;TECRL;HACD1;HACD2
prerank,Reactome_2022__Striated Muscle Contraction R-HSA-390522,0.6905023799803335,2.1767623367203655,0.0,0.00034956598671281186,0.032,14/21,13.96%,TNNI2;TNNI3;TNNI1;TPM3;TPM4;TPM1;TPM2;TNNT2;TNNT1;TNNT3;TMOD1;TMOD2;TMOD3;TMOD4
prerank,GO_Molecular_Function_2025__Lipid Phosphatase Activity (GO:0042577),-0.7629320548237248,-2.175359140686409,0.0,8.224680109575429e-05,0.02,14/18,13.33%,PLPP7;PLPP6;SGPP1;SGPP2;PLPP4;PLPPR4;PLPPR3;PLPP2;PLPP3;PLPP5;PLPPR1;PLPP1;PLPPR2;PLPPR5
prerank,GO_Biological_Process_2025__Water-Soluble Vitamin Metabolic Process (GO:0006767),-0.6242318882664883,-2.1750924503804017,0.0,8.189228902206569e-05,0.02,15/35,14.41%,SHMT1;MTHFD2L;GSTO1;GSTO2;SLC25A42;SLC2A3;SLC2A1;SLC46A1;MTHFD2;PANK4;MCCC1;SLC19A2;SLC19A1;SLC19A3;SLC23A1
prerank,GO_Cellular_Component_2025__Microbody Membrane (GO:0031903),-0.6195751263684409,-2.173833306940606,0.0,8.119235492786e-05,0.02,15/38,13.67%,DHRS4;ALDH3A2;GDAP1;PEX11G;ACBD5;HSD17B4;MAP2K2;SLC27A2;FAR1;FAR2;PEX10;ATAD1;PXMP2;DHRS7B;PEX14
prerank,GO_Cellular_Component_2025__Peroxisomal Membrane (GO:0005778),-0.6195751263684409,-2.173833306940606,0.0,8.119235492786e-05,0.02,15/38,13.67%,DHRS4;ALDH3A2;GDAP1;PEX11G;ACBD5;HSD17B4;MAP2K2;SLC27A2;FAR1;FAR2;PEX10;ATAD1;PXMP2;DHRS7B;PEX14
prerank,GO_Cellular_Component_2025__Cytosolic Large Ribosomal Subunit (GO:0022625),-0.613985946611775,-2.1730784374247416,0.0,8.433782146259549e-05,0.021,28/38,29.24%,RPL8;RPL26L1;RPL26;RPL27A;RPL35;RPL30;RPLP2;RPL23;RPL7;RPL7L1;RPL18;RPL19;RPL11;RPL29;RPL15;RPL7A;RPL31;RPL13A;RPLP0;RPL18A;RPL14;RPL12;RPL9;RPL6;RPL4;RPLP1;RPL27;UBA52
prerank,GO_Cellular_Component_2025__Large Ribosomal Subunit (GO:0015934),-0.613985946611775,-2.1730784374247416,0.0,8.433782146259549e-05,0.021,28/38,29.24%,RPL8;RPL26L1;RPL26;RPL27A;RPL35;RPL30;RPLP2;RPL23;RPL7;RPL7L1;RPL18;RPL19;RPL11;RPL29;RPL15;RPL7A;RPL31;RPL13A;RPLP0;RPL18A;RPL14;RPL12;RPL9;RPL6;RPL4;RPLP1;RPL27;UBA52
prerank,GO_Biological_Process_2025__Negative Regulation of Fatty Acid Metabolic Process (GO:0045922),-0.7388136323054969,-2.172718611764023,0.0,8.398196567583348e-05,0.021,8/17,0.99%,UGT1A9;UGT1A4;UGT1A10;UGT1A3;UGT1A8;UGT1A1;UGT1A6;UGT1A7
prerank,Reactome_2022__G-protein Activation R-HSA-202040,0.7566166208967885,2.1709145044206015,0.0,0.0003882746530409652,0.036,10/15,13.71%,GNGT2;GNGT1;GNG5;GNG11;GNG10;GNB5;GNA14;GNA15;GNAQ;GNA11
prerank,GO_Cellular_Component_2025__Ficolin-1-Rich Granule Lumen (GO:1904813),-0.5286060295527559,-2.1689569719413297,0.0,9.883439123271312e-05,0.025,35/83,16.28%,PSMD14;ACLY;PSMD2;PRDX4;PSMD11;GUSB;HBB;PSMB1;AGL;PSMC3;GSN;PKM;GLB1;PSMB7;QPCT;PGM2;PGM1;VCL;DERA;VCP;TIMP2;XRCC6;PSMA2;PSMD7;GNS;LTA4H;PFKL;CTSD;CAB39;CDK13;PLPPR3;PSMA5;GMFG;PSMC2;PSMD6
prerank,WikiPathways_2024_Human__Prostaglandin Synthesis And Regulation WP98,-0.6740315007950362,-2.168484734476462,0.0,9.842085821500305e-05,0.025,16/27,13.16%,HPGDS;AKR1C3;AKR1C2;AKR1C1;AKR1B1;HPGD;ABCC4;SOX9;CBR1;HSD11B1;ANXA6;ANXA2;ANXA5;ANXA3;ANXA4;ANXA1
prerank,GO_Cellular_Component_2025__Postsynaptic Specialization Membrane (GO:0099634),0.6175284466573311,2.16779825167604,0.0,0.0003950762610772183,0.036,17/31,3.29%,LRRTM2;GRIN3B;GRIK5;GRIA2;GRIK1;GRIA1;GRID2;GRIN2B;GRIN2A;GRIN3A;GRIN2D;GRIA3;GRIK3;GRIK4;GRIN2C;GRIA4;GRID1
prerank,GO_Molecular_Function_2025__G Protein-Coupled Peptide Receptor Activity (GO:0008528),0.6267896198650343,2.1676861628616795,0.0,0.00039145170822329887,0.036,27/30,33.79%,FSHR;LHCGR;TSHR;INPP5K;CRHR1;NPRL3;BRS3;NMBR;EDNRA;EDNRB;GRPR;NMUR2;NMUR1;KISS1R;UTS2R;PMPCB;CCKBR;CCKAR;AVPR2;AVPR1B;OXTR;AVPR1A;OPRD1;OPRL1;OPRK1;LTB4R2;LTB4R
prerank,Reactome_2022__Cooperation Of PDCL (PhLP1) And TRiC/CCT In G-protein Beta Folding R-HSA-6814122,0.6432343632567732,2.1670060175726036,0.0,0.00039810076833905354,0.037,11/26,13.71%,GNGT2;GNGT1;GNG5;GNG11;GNG10;RGS9BP;GNB5;GNA14;GNA15;GNAQ;GNA11
prerank,Reactome_2022__TCF Dependent Signaling In Response To WNT R-HSA-201681,-0.49539748968888225,-2.1659387748576986,0.0,0.00010555006140621799,0.027,52/114,17.57%,PSMD14;USP8;PSMD2;PSMA1;CTBP1;PSMD11;KAT5;PSMA4;PSMC4;PSMB1;PSMB4;PSMC3;PSMC1;PSMA7;PSMB9;PSMA8;PSMB6;PSMB5;PSMB11;PSMB8;PSMB7;PSMB10;PPP2R5C;PPP2R5D;PSMB2;PSMB3;SOX9;SOX2;SOX6;SOX17;SOX4;SRY;SOX3;SOX13;SOX7;PSMC6;PSMC5;PSMA3;PSMA2;PSMD7;PSMD8;PSMA5;PSMD9;PSMD4;PSMC2;PSMD6;WNT8B;WNT8A;WNT5A;WNT4;WNT3A;WNT9A
prerank,Reactome_2022__Fatty acyl-CoA Biosynthesis R-HSA-75105,-0.6756711395513952,-2.165078284591525,0.0,0.00010511209434644115,0.027,17/25,16.80%,ACLY;HSD17B8;SLC27A3;ACSL6;SLC27A2;ACSL1;ACSL4;ACSL3;ACSBG1;ACSBG2;ELOVL7;ELOVL1;TECR;TECRL;HACD1;HACD2;SCD5
prerank,KEGG_2021_Human__Phosphatidylinositol signaling system,0.4855605607446449,2.1643072725009294,0.0,0.0004147457762090856,0.039,44/89,18.60%,PRKCA;PRKCB;PRKCG;CDS1;CDS2;INPP5A;SYNJ1;INPP5D;INPP5F;OCRL;SYNJ2;DGKQ;DGKI;DGKG;DGKZ;DGKD;DGKH;DGKK;DGKA;DGKE;DGKB;CDIPT;INPPL1;IP6K1;IP6K2;ITPKC;IP6K3;ITPKA;ITPKB;PI4KA;PLCB4;PTEN;PLCB3;PLCD4;PLCZ1;PLCB1;PLCD3;PLCB2;PLCG1;PLCE1;PLCG2;PLCD1;PIP4K2A;PIK3C3
prerank,GO_Molecular_Function_2025__Palmitoyltransferase Activity (GO:0016409),0.67110418478771,2.1636951290529476,0.0,0.0004210681203586143,0.04,16/22,21.11%,ZDHHC23;ZDHHC13;ZDHHC17;ZDHHC18;ZDHHC21;ZDHHC1;ZDHHC12;ZDHHC15;ZDHHC20;ZDHHC11B;ZDHHC7;ZDHHC4;ZDHHC2;ZDHHC11;ZDHHC9;ZDHHC14
prerank,GO_Molecular_Function_2025__Monocarboxylic Acid Transmembrane Transporter Activity (GO:0008028),-0.6421247917344145,-2.162849214691926,0.0,0.00011589321972583557,0.03,21/31,11.96%,AKR1C4;SLC16A8;SLC16A13;SLC16A9;SLC16A7;SLC16A14;SLC16A4;SLC16A6;SLC16A2;SLC16A1;SLC16A11;SLC16A5;SLC16A3;SLC27A1;SLC27A6;SLC27A4;MPC2;SLCO2B1;SLCO1B3;SLCO1C1;SLCO1B1
prerank,"Reactome_2022__Inactivation, Recovery And Regulation Of Phototransduction Cascade R-HSA-2514859",0.6630903212756296,2.1615941490183923,0.0,0.0004272785646116911,0.041,8/23,2.62%,GNGT1;PRKCA;RCVRN;GUCA1B;GUCA1C;CNGB1;CNGA1;RGS9BP
prerank,WikiPathways_2024_Human__17P13 3 YWHAE Copy Number Variation WP5376,0.7198157648213759,2.1608569055620843,0.0,0.0004333800537024334,0.042,7/18,2.82%,PAFAH1B1;TH;YWHAQ;YWHAH;YWHAB;YWHAZ;YWHAG
prerank,Reactome_2022__Assembly Of Pre-Replicative Complex R-HSA-68867,-0.5329654635284944,-2.1517713664062437,0.0,0.00014892424889766207,0.039,32/70,16.83%,PSMD14;PSMD2;PSMA1;PSMD11;PSMA4;PSMC4;PSMB1;PSMB4;PSMC3;PSMC1;PSMA7;PSMB9;PSMB6;PSMB5;PSMB8;PSMB7;PSMB10;PSMB2;PSMB3;PSMC6;PSMC5;PSMA3;PSMA2;PSMD7;PSMD8;PSMA5;GMNN;PSMD9;PSMD4;PSMC2;PSMD6;CDT1
prerank,GO_Molecular_Function_2025__Carboxylic Ester Hydrolase Activity (GO:0052689),-0.5439231269684885,-2.1511991326287876,0.0,0.00014831390361529458,0.039,18/63,4.33%,CES1;CEL;CES2;ACHE;CES3;APMAP;PGLS;ABHD2;RGN;LIPF;PNLIP;LPL;LIPG;LIPC;PLA1A;PNLIPRP3;PNLIPRP2;PNLIPRP1
prerank,GO_Molecular_Function_2025__Inorganic Anion Transmembrane Transporter Activity (GO:0015103),0.6316432984348828,2.1492832191397713,0.0,0.0004979588205980134,0.048,15/25,10.80%,SLC12A5;SLC5A5;SLC20A1;SLC20A2;SLC22A6;SLC22A11;SLC22A8;SLC25A3;SLC26A2;SLC26A1;SLC4A10;SLC4A2;SLC4A8;SLC4A1;SLC4A3
prerank,GO_Cellular_Component_2025__Peroxisome (GO:0005777),-0.5266510652077856,-2.148320709670861,0.0,0.00015140125426198032,0.04,35/79,17.34%,DHRS4L2;DHRS4;ALDH3A2;GDAP1;GRHPR;AGXT;HAO2;HAO1;PEX11G;ACOX2;RIDA;FDPS;ACBD5;CRAT;HSD17B4;MAP2K2;HSDL2;SLC27A2;FAR1;FAR2;ECI2;PEX10;SOD1;ATAD1;PAOX;PXMP2;DHRS7B;ACOX3;PEX14;ECH1;HMGCL;EPHX2;CRYM;DAO;DDO
prerank,Reactome_2022__Activation Of BH3-only Proteins R-HSA-114452,0.6942253173576879,2.1471459887500166,0.0,0.0005323849797637652,0.052,10/20,12.15%,PPP3R1;YWHAQ;YWHAH;YWHAB;YWHAZ;YWHAG;DYNLL1;DYNLL2;PPP3CC;MAPK8
prerank,GO_Biological_Process_2025__Amino Acid Metabolic Process (GO:0006520),-0.7263910814201918,-2.1454919074850523,0.0,0.00016181890947294743,0.043,10/17,11.08%,SLC16A2;GCAT;PAH;KYAT3;ACCS;ACCSL;PEPD;ETFB;IL4I1;GGT5
prerank,GO_Molecular_Function_2025__Histone Methyltransferase Activity (GO:0042054),0.6365018705743645,2.145331544512389,0.0,0.0005278346807914253,0.052,15/27,17.57%,PRMT3;MECOM;SMYD2;SMYD3;KMT2C;SETD2;EZH2;SETDB2;NSD1;NSD3;SUV39H2;SETDB1;SETD1B;NSD2;PRMT8
prerank,GO_Biological_Process_2025__Fatty Acid Derivative Biosynthetic Process (GO:1901570),-0.7129135313040471,-2.1440379738322424,0.0,0.0001684893981961606,0.044,16/20,18.38%,GCDH;SLC27A2;FAR1;FAR2;AWAT1;AWAT2;GGT6;GGT5;HMGCLL1;HMGCL;PPT2;GGTLC1;GGTLC2;GGT1;GGT7;GGTLC3
prerank,KEGG_2021_Human__Morphine addiction,0.5489201762458473,2.141190254872992,0.0,0.0005804554879519881,0.058,18/49,13.65%,GNGT2;GNGT1;GNG5;GNG11;GNG10;PRKCA;PRKCB;PRKCG;GNAO1;GABBR1;SLC32A1;GRK5;GRK2;ADCY3;PDE4B;GABBR2;GNB5;GNAS
prerank,Reactome_2022__Phototransduction Cascade R-HSA-2514856,0.6524553292247735,2.139567793884114,0.0,0.0005944491110945143,0.059,9/24,5.29%,GNGT1;PRKCA;RCVRN;GUCA1B;GUCA1C;CNGB1;CNGA1;RGS9BP;SLC24A1
prerank,KEGG_2021_Human__Cardiac muscle contraction,0.5419477423596385,2.1384461433129562,0.0,0.00058949536850206,0.059,33/50,33.22%,ATP2A2;ATP1A4;ATP2A1;ATP1A2;TNNI3;COX7A1;COX7A2;COX7A2L;TPM3;TPM4;TPM1;TPM2;TNNT2;ATP2A3;COX7C;COX5B;UQCRQ;COX6B2;SLC9A1;MYL4;MYL3;CACNB1;CACNB2;CACNB4;CACNB3;CACNG4;CACNG2;CACNG3;CACNG8;RYR2;ATP1A1;COX4I1;COX4I2
prerank,GO_Biological_Process_2025__Branched-Chain Amino Acid Catabolic Process (GO:0009083),-0.7561476708266511,-2.1330890268029155,0.0,0.00021523457222235697,0.056,11/15,14.36%,ALDH6A1;ECHS1;BCKDHA;HIBCH;IVD;DBT;MCCC2;HSD17B10;MCCC1;HMGCLL1;HMGCL
prerank,WikiPathways_2024_Human__Neuroinflammation And Glutamatergic Signaling WP5083,0.5113737755183447,2.1322997918930704,0.0,0.0006403019350907853,0.062,31/64,8.86%,PRKCA;PRKCB;PRKCG;GRIN3B;GRIK5;GRIA2;GRIK1;GRIA1;GRIN2B;GRIN2A;GRIN3A;GRIN2D;GRIK2;GRIA3;GRIK3;GRIK4;GRIN2C;GRIA4;SLC38A5;SLC38A1;SLC38A2;SLC17A6;SLC17A7;ADCY3;PPP1CB;GRM2;DLAT;MAPK1;SMAD7;SMAD4;IRS1
prerank,KEGG_2021_Human__PPAR signaling pathway,-0.5651794078736722,-2.131622043905678,0.0,0.00021800356916946916,0.057,30/52,19.72%,CD36;LPL;CPT2;ACOX2;GK;GK2;SLC27A1;ACSL6;SLC27A2;ACSL1;ACSL4;SLC27A6;ACSL3;ACSBG1;SLC27A4;SLC27A5;ACSBG2;DBI;PCK1;PCK2;ACOX3;SCP2;AQP7;SCD5;CPT1A;CPT1C;CPT1B;RXRG;RXRB;RXRA
prerank,WikiPathways_2024_Human__Sphingolipid Metabolism Integrated Pathway WP4726,-0.6967533442911946,-2.1305861148085494,0.0,0.00022436927338921768,0.057,17/20,28.25%,UGT8;SPHK2;SPHK1;CERK;SGPP1;SGPP2;PLPP2;PLPP3;PLPP1;DEGS1;DEGS2;SMPD1;CERS5;CERS2;CERS3;CERS4;CERS6
prerank,GO_Biological_Process_2025__Pyridine Nucleotide Catabolic Process (GO:0019364),-0.7043280425126258,-2.12884831411733,0.0,0.0002270798133838953,0.058,12/19,12.10%,TPI1;PFKFB1;PKM;PKLR;PGK2;PGK1;PGM1;ENO2;ENO1;ENO3;PFKM;PFKL
prerank,KEGG_2021_Human__Dopaminergic synapse,0.48143979487590544,2.1261395430879575,0.0,0.0006902756071452693,0.067,30/88,13.69%,GNGT2;GNGT1;GNG5;GNG11;GNG10;PRKCA;PRKCB;PRKCG;TH;GNAO1;GRIA2;GRIA1;GRIN2B;GRIN2A;GRIA3;GRIA4;CLOCK;PPP1CB;SLC18A1;PPP3CB;PPP3CC;MAPK10;MAPK13;MAPK12;MAPK9;MAPK8;GNB5;GNAS;GNAQ;GNAL
prerank,GO_Cellular_Component_2025__Cytoplasmic Vesicle Lumen (GO:0060205),-0.5274097524288505,-2.1231816415526445,0.0,0.00024412939372866745,0.063,29/70,16.37%,PDXK;PSMD14;PSMD2;PRDX4;PSMD11;C3;PSMB1;AGL;PSMC3;GSN;PKM;PSMB7;PGM2;VCL;DERA;VCP;XRCC6;PSMA2;PSMD7;PFKL;CAB39;APRT;PSMA5;ARHGAP9;PYCARD;GMFG;PSMC2;PSMD6;ROCK1
prerank,GO_Molecular_Function_2025__Adenyl Nucleotide Binding (GO:0030554),-0.7130693563838586,-2.1224503505848102,0.0017889087656529517,0.0002431644554135344,0.063,12/17,22.31%,ALDH1A1;ALDH1B1;SORD;CTBP1;HPGD;PHGDH;ALDH2;HSD11B1;NUDT6;CRYM;NOX5;DHCR7
prerank,GO_Molecular_Function_2025__Serine-Type Endopeptidase Inhibitor Activity (GO:0004867),0.6819149578810954,2.12233717649084,0.0,0.0007211790028906347,0.07,18/20,19.79%,AMBP;SPINT1;TFPI;TFPI2;SPINT2;SPOCK1;APP;APLP2;WFDC10B;WFDC10A;PI3;WFDC9;WFDC11;SLPI;WFDC13;WFDC5;WFDC12;WFDC3
prerank,KEGG_2021_Human__Chemical carcinogenesis,-0.47409433486396135,-2.1220690623163625,0.0,0.0002457689843766831,0.064,61/130,22.13%,HPGDS;AKR1C2;UGT1A5;UGT2B11;UGT2A3;UGT1A9;UGT2B28;UGT1A4;UGT1A10;UGT1A3;UGT1A8;UGT2B15;UGT1A1;UGT1A6;UGT2A2;UGT2B17;UGT2B4;UGT2B10;UGT1A7;UGT2A1;UGT2B7;GSTO1;GSTT2;GSTT2B;GSTO2;MAP2K1;MAP2K2;SULT1A2;SULT2A1;SULT1A3;SULT1A1;SULT1A4;HSP90B1;CBR1;HSD11B1;HSD11B1L;PRKACB;PRKACA;PRKACG;PIK3CD;PIK3CB;EPHX4;EPHX2;EPHX3;CCND3;CCND1;ADCY9;PAQR5;PAQR7;PAQR8;STAT5B;STAT5A;RXRG;RXRB;RXRA;RPS6KB2;RPS6KA6;RPS6KA1;RPS6KA2;RPS6KB1;RPS6KA3
prerank,KEGG_2021_Human__Pyruvate metabolism,-0.6150238990821372,-2.120904176396818,0.0017985611510791368,0.00025544888810916626,0.066,15/35,12.64%,ALDH7A1;AKR1A1;ALDH1B1;ALDH3A2;ALDH9A1;GRHPR;ACACB;MDH1;PKM;PKLR;ALDH2;PCK1;PCK2;ACAT1;ACSS2
prerank,GO_Biological_Process_2025__ADP Catabolic Process (GO:0046032),-0.7130513106320127,-2.118961734871222,0.0,0.0002640218323112735,0.069,12/18,12.10%,TPI1;PFKFB1;PKM;PKLR;PGK2;PGK1;PGM1;ENO2;ENO1;ENO3;PFKM;PFKL
prerank,GO_Biological_Process_2025__Glycolytic Process (GO:0006096),-0.7130513106320127,-2.118961734871222,0.0,0.0002640218323112735,0.069,12/18,12.10%,TPI1;PFKFB1;PKM;PKLR;PGK2;PGK1;PGM1;ENO2;ENO1;ENO3;PFKM;PFKL
prerank,Reactome_2022__Diseases Of Carbohydrate Metabolism R-HSA-5663084,-0.6573471241074986,-2.1184687339683053,0.0,0.0002665051384343046,0.07,15/28,12.35%,GBE1;GAA;DCXR;RPIA;TALDO1;KHK;LCT;GUSB;GLB1;GALNS;GNS;ARSB;GYS2;GYS1;IDS
prerank,GO_Cellular_Component_2025__Endoplasmic Reticulum Lumen (GO:0005788),-0.48816509515312634,-2.116906647269409,0.0,0.000279448590595613,0.073,51/106,17.89%,PDIA3;P4HB;CES1;CES2;PCSK9;C3;C4A;LIPC;TOR1A;TOR1B;TOR2A;TOR3A;TOR4A;MTTP;ERO1A;ERO1B;SLC27A2;DNAJC3;DBI;QSOX1;RCN1;PDIA6;P4HA3;HSP90B1;PRKCSH;FAM20C;ARSK;ARSI;ARSG;ARSD;ARSH;ARSA;ARSF;ARSL;STS;ARSJ;SGPP2;DNAJB11;TXNDC5;NUCB1;HSPA5;PROZ;POGLUT1;SPON1;WNT7A;WNT7B;WNT5A;WNT4;WNT5B;WNT3A;ESD
prerank,GO_Biological_Process_2025__Pyruvate Metabolic Process (GO:0006090),-0.6519562381308182,-2.116524083244408,0.0,0.0002783737883240914,0.073,14/24,12.10%,TPI1;PFKFB1;PKM;PKLR;PGK2;PGK1;PGM1;PCK1;PCK2;ENO2;ENO1;ENO3;PFKM;PFKL
prerank,Reactome_2022__Metabolism Of Vitamins And Cofactors R-HSA-196854,-0.4816556861125115,-2.112458337784179,0.0,0.0002946389234656331,0.078,41/123,15.24%,SHMT1;SHMT2;AKR1B10;AKR1C4;AKR1C3;AKR1C1;PDXK;ALDH1L2;ALDH1L1;MTHFD2L;GSTO1;GSTO2;SLC2A3;SLC2A1;CYB5R3;ACACB;NADK2;PNLIP;LPL;AOX1;ABCC1;SLC46A1;PNPO;MTHFD2;NAXE;MTHFR;MOCOS;COQ5;PANK4;MCCC2;MCCC1;SLC19A2;SLC19A1;SLC19A3;SLC23A1;NMRK1;NMRK2;GPC1;GPC6;GPC2;GPC4
prerank,KEGG_2021_Human__Circadian entrainment,0.5101273091481967,2.1120124383055563,0.0,0.0008964676110860821,0.088,18/62,3.28%,GNGT2;GNGT1;GNG5;GNG11;GNG10;PRKCA;PRKCB;PRKCG;NOS1AP;GNAO1;GRIA2;GRIA1;GRIN2B;GRIN2A;GRIN2D;GRIA3;GRIN2C;GRIA4
prerank,Reactome_2022__Interleukin-1 Signaling R-HSA-9020702,-0.518307210270261,-2.111930777407301,0.0,0.0003004205673612093,0.079,39/73,17.83%,PSMD14;PSMD2;PSMA1;PSMD11;PSMA4;PSMC4;PSMB1;PSMB4;PSMC3;PSMC1;MAP2K1;PSMA7;PSMB9;PSMA8;PSMB6;PSMB5;PSMB11;PSMB8;PSMB7;PSMB10;PSMB2;PSMB3;PSMC6;PSMC5;PSMA3;PSMA2;PSMD7;MYD88;PSMD8;IKBKB;CHUK;PSMA5;CASP8;PSMD9;PSMD4;PSMC2;PSMD6;USP14;SQSTM1
prerank,Reactome_2022__Signaling By B Cell Receptor (BCR) R-HSA-983705,-0.5208832058064106,-2.1115308845162786,0.0,0.0002992782838351211,0.079,36/74,16.28%,PSMD14;PSMD2;PSMA1;PSMD11;PSMA4;PSMC4;PSMB1;PSMB4;PSMC3;PSMC1;PSMA7;PSMB9;PSMA8;PSMB6;PSMB5;PSMB11;PSMB8;PSMB7;PSMB10;PSMB2;PSMB3;PSMC6;PSMC5;PSMA3;PSMA2;PSMD7;PSMD8;TRPC1;IKBKB;CHUK;PSMA5;FKBP1A;PSMD9;PSMD4;PSMC2;PSMD6
prerank,WikiPathways_2024_Human__Splicing Factor NOVA Regulated Synaptic Proteins WP4148,0.6386950160115666,2.1104585813723165,0.0,0.0009342098030356457,0.092,13/25,15.09%,PRKCZ;DAB1;ATP2B1;GRIN2B;GRIK2;APLP2;CLSTN1;EFNA5;RAP1GAP;GABBR2;MAPK9;STX2;PLCB4
prerank,KEGG_2021_Human__beta-Alanine metabolism,-0.6696032981083301,-2.110371643384365,0.0,0.00029814465397210924,0.079,16/24,12.62%,ALDH7A1;ALDH3A1;ALDH1B1;ALDH3A2;ALDH3B1;ALDH9A1;ACADS;CARNS1;DPYS;ALDH3B2;ALDH6A1;ECHS1;ALDH2;HIBCH;SMOX;ACOX3
prerank,GO_Molecular_Function_2025__Protein-Lysine N-methyltransferase Activity (GO:0016279),0.5666845922184429,2.1083209023386855,0.0,0.0009713529125733112,0.097,24/37,18.15%,MECOM;SMYD2;SMYD5;KMT2B;METTL22;EHMT1;KMT2C;KMT2A;ASH1L;SETD2;EZH2;SETDB2;NSD1;SETD1A;KMT2D;NSD3;SUV39H2;SETDB1;SETD1B;NSD2;SETBP1;EHMT2;EZH1;EEF1AKMT1
prerank,Reactome_2022__Response Of EIF2AK4 (GCN2) To Amino Acid Deficiency R-HSA-9633012,-0.5173420734587179,-2.105848944068847,0.0,0.0003243317250757102,0.087,49/75,29.24%,RPS7;RPL8;RPL26L1;RPL26;RPS28;TRIB3;RPS8;RPS16;RPL27A;RPL35;RPL30;RPLP2;RPS17;RPS24;RPL23;RPL7;RPL18;RPS15;RPS6;RPS5;RPL19;RPL11;RPL29;RPS14;RPL15;RPL7A;RPS15A;RPL31;RPS29;RPL13A;RPLP0;RPL18A;RPS9;RPS11;RPL14;RPL12;RPS21;RPS3;RPL9;EIF2S2;RPL6;RPSA;RPL4;FAU;RPS12;RPS25;RPLP1;RPL27;UBA52
prerank,Reactome_2022__Nonsense Mediated Decay (NMD) Independent Of Exon Junction Complex (EJC) R-HSA-975956,-0.5194265787873857,-2.1047791057101852,0.0,0.0003265136163801373,0.087,47/73,29.24%,RPS7;RPL8;RPL26L1;RPL26;RPS28;RPS8;RPS16;RPL27A;RPL35;RPL30;RPLP2;RPS17;RPS24;RPL23;RPL7;RPL18;RPS15;RPS6;RPS5;RPL19;RPL11;RPL29;RPS14;RPL15;RPL7A;RPS15A;RPL31;RPS29;RPL13A;RPLP0;RPL18A;RPS9;RPS11;RPL14;RPL12;RPS21;RPS3;RPL9;RPL6;RPSA;RPL4;FAU;RPS12;RPS25;RPLP1;RPL27;UBA52
prerank,Reactome_2022__Eukaryotic Translation Termination R-HSA-72764,-0.5203432545201282,-2.1046389676513395,0.0,0.0003252907189405113,0.087,47/71,29.24%,RPS7;RPL8;RPL26L1;RPL26;RPS28;RPS8;RPS16;RPL27A;RPL35;RPL30;RPLP2;RPS17;RPS24;RPL23;RPL7;RPL18;RPS15;RPS6;RPS5;RPL19;RPL11;RPL29;RPS14;RPL15;RPL7A;RPS15A;RPL31;RPS29;RPL13A;RPLP0;RPL18A;RPS9;RPS11;RPL14;RPL12;RPS21;RPS3;RPL9;RPL6;RPSA;RPL4;FAU;RPS12;RPS25;RPLP1;RPL27;UBA52
prerank,KEGG_2021_Human__Regulation of actin cytoskeleton,-0.49477900748355896,-2.104090515239541,0.0,0.0003308285506762056,0.088,41/98,17.08%,ITGA7;ITGA3;ITGA11;ITGAX;ITGAV;ITGA2;ITGA9;ITGA10;ITGAD;ITGAE;ITGA8;ITGAL;ITGAM;ITGA4;ITGA5;ITGA1;ITGA6;ITGA2B;PIP5K1A;MAP2K1;MAP2K2;GSN;SCIN;ARHGEF1;VCL;RAC2;PXN;ITGB2;ITGB1;ITGB7;ITGB4;RHOA;PIK3CD;PIK3CB;CFL1;CFL2;ROCK1;ROCK2;GNA12;PFN4;ACTR3
prerank,KEGG_2021_Human__Amino sugar and nucleotide sugar metabolism,-0.6008489805903087,-2.1034594035788485,0.0,0.00033296195685232865,0.089,18/36,17.68%,HK1;GPI;MPI;UGP2;CHIA;CHIT1;CYB5R3;CYB5R2;GALT;HEXA;HEXB;PGM2;PGM1;GNPNAT1;NAGK;GFUS;PMM1;PMM2
prerank,GO_Cellular_Component_2025__Small Ribosomal Subunit (GO:0015935),-0.6147900348103352,-2.102563265745634,0.0,0.00033050467303792034,0.089,29/35,33.66%,RPS7;RPS28;RPS8;RPS16;RPS26;RPS17;RPS24;RPS18;RACK1;RPS15;RPS6;RPS5;RPS14;RPS15A;RPS29;RPS9;RPS11;RPS21;RPS3;RPSA;RPSA2;FAU;RPS12;RPS25;RPS2;RPS23;RPS4Y2;RPS4X;RPS4Y1
prerank,GO_Cellular_Component_2025__Cytosolic Small Ribosomal Subunit (GO:0022627),-0.6147900348103352,-2.102563265745634,0.0,0.00033050467303792034,0.089,29/35,33.66%,RPS7;RPS28;RPS8;RPS16;RPS26;RPS17;RPS24;RPS18;RACK1;RPS15;RPS6;RPS5;RPS14;RPS15A;RPS29;RPS9;RPS11;RPS21;RPS3;RPSA;RPSA2;FAU;RPS12;RPS25;RPS2;RPS23;RPS4Y2;RPS4X;RPS4Y1
prerank,GO_Molecular_Function_2025__Cysteine-Type Endopeptidase Activity (GO:0004197),-0.5844409340176085,-2.10175274965993,0.0,0.00032928958232822207,0.089,26/40,26.15%,PDIA3;USP8;CTSV;CTSL;ATG4B;CTSF;CTSW;TINAG;USP12;CTSD;CASP1;CASP6;CFLAR;CASP12;CASP5;CASP8;CASP9;CASP4;CASP2;USP14;CASP3;CASP7;UCHL1;RCE1;GPAA1;ESPL1
prerank,Reactome_2022__FCERI Mediated MAPK Activation R-HSA-2871796,0.6990202096073083,2.1016288297136656,0.0,0.0010874830195088622,0.106,12/17,19.63%,PKN1;PKN2;MAPK1;GRB2;GRAP2;MAPK10;MAPK3;MAPK9;MAPK8;PLCG1;PLCG2;MAP2K4
prerank,KEGG_2021_Human__Nitrogen metabolism,0.7170472167784919,2.100688988358188,0.0,0.0010877593109264202,0.107,14/16,20.61%,GLUD2;GLUD1;CA3;CA7;CA9;CA12;CA5B;CA13;CA8;CA5A;CA1;CA6;CA14;CA4
prerank,Reactome_2022__Interleukin-1 Family Signaling R-HSA-446652,-0.5084031593758304,-2.098762617243367,0.0,0.00034465326173458935,0.093,40/77,17.83%,PSMD14;PSMD2;PSMA1;PSMD11;PSMA4;PSMC4;PSMB1;PSMB4;PSMC3;PSMC1;MAP2K1;PSMA7;PSMB9;PSMA8;PSMB6;PSMB5;PSMB11;PSMB8;PSMB7;PSMB10;PSMB2;PSMB3;PSMC6;PSMC5;PSMA3;PSMA2;PSMD7;MYD88;PSMD8;IKBKB;CHUK;PSMA5;CASP1;CASP8;PSMD9;PSMD4;PSMC2;PSMD6;USP14;SQSTM1
prerank,GO_Cellular_Component_2025__Vacuolar Lumen (GO:0005775),-0.508231540555385,-2.0986284904272363,0.0,0.0003433954031151201,0.093,43/89,19.86%,GAA;ACLY;SCARB2;PSMD1;CYB5R3;GUSB;MAN2B1;C3;CTSV;CTSL;NPC2;GLB1;MANBA;CREG1;GBA1;DNAJC3;IST1;LYZ;CTSF;HEXA;HEXB;VCP;PLD3;ARSA;GALNS;GNS;IDS;CTSD;TXNDC5;ANXA2;PPT2;PYCARD;GPC1;GPC6;GPC2;GPC4;SGSH;PTGES2;PYGB;ADA2;CAP1;CUBN;SMPD1
prerank,KEGG_2021_Human__Other types of O-glycan biosynthesis,-0.5854326169930261,-2.0983396135645274,0.0,0.000345436564602168,0.094,18/42,11.87%,GALNT6;GALNT13;GALNTL5;GALNT17;GALNT15;GALNTL6;GALNT16;GALNT11;GALNT9;GALNT8;GALNT4;GALNT12;GALNT7;GALNT10;GALNT14;GALNT3;GALNT5;GALNT18
prerank,WikiPathways_2024_Human__NO cGMP PKG Mediated Neuroprotection WP4008,0.6118703484735482,2.0978266550873057,0.0,0.0011315525715063538,0.112,9/26,3.27%,CNGA3;CNGB1;CNGB3;CNGA4;CNGA1;GRIN2B;GRIN2A;GRIN2D;GRIN2C
prerank,Reactome_2022__PCP/CE Pathway R-HSA-4086400,-0.5180489767585836,-2.097043025756765,0.0,0.0003507408872815318,0.095,38/73,17.52%,PSMD14;PSMD2;PSMA1;PSMD11;PSMA4;PSMC4;PSMB1;PSMB4;PSMC3;PSMC1;PSMA7;PSMB9;PSMA8;PSMB6;PSMB5;PSMB11;PSMB8;PSMB7;PSMB10;PSMB2;PSMB3;PSMC6;PSMC5;PSMA3;PSMA2;RAC2;PSMD7;RHOA;PSMD8;PSMA5;PSMD9;PSMD4;PSMC2;PSMD6;WNT5A;WNT4;WNT5B;WNT11
prerank,GO_Biological_Process_2025__Microtubule Polymerization or Depolymerization (GO:0031109),0.7142422831941263,2.096861303165333,0.0,0.0011660347948392396,0.117,8/15,8.88%,STMN1;STMN3;STMN2;STMN4;TPPP;TPPP3;TPPP2;KATNB1
prerank,GO_Cellular_Component_2025__Cation-Transporting ATPase Complex (GO:0090533),0.6302848300205367,2.096463994527044,0.0,0.0011657051270996751,0.118,6/24,1.49%,ATP6V1A;ATP2A2;ATP4A;ATP1A4;ATP12A;ATP1A2
prerank,GO_Molecular_Function_2025__Cytokine Activity (GO:0005125),-0.6850296191512817,-2.0964515163568618,0.0,0.0003527407931471339,0.096,17/22,20.76%,C5;WNT9B;WNT7A;WNT8B;WNT8A;WNT7B;WNT5A;WNT2B;WNT4;WNT5B;WNT11;WNT3A;WNT10A;WNT2;WNT9A;WNT10B;WNT6
prerank,GO_Biological_Process_2025__Carboxylic Acid Metabolic Process (GO:0019752),-0.7204107188276646,-2.0964032155029444,0.0,0.0003514719413732233,0.096,9/17,3.43%,CYP4F22;CYP4F2;CYP4F8;CYP4F3;GSTO1;GSTO2;GRHPR;SLC2A3;SLC2A1
prerank,GO_Molecular_Function_2025__mRNA 3'-UTR Binding (GO:0003730),0.5131477820451322,2.095271706538025,0.0,0.0011908997343475958,0.122,24/60,16.03%,CPEB2;CPEB3;CPEB4;ELAVL2;DAZ4;DAZ3;DAZ2;BOLL;DAZL;DAZ1;KHSRP;IGF2BP2;IGF2BP1;IGF2BP3;PCBP4;QKI;SERBP1;ANGEL2;ANGEL1;CPEB1;PUM1;PUM2;ZNF385A;TARDBP
prerank,WikiPathways_2024_Human__Aryl Hydrocarbon Receptor Pathway WP2873,-0.6564505065028226,-2.0923101308905285,0.0,0.00037615382866732064,0.104,8/26,2.66%,ALDH3A1;UGT1A9;UGT1A4;UGT1A1;UGT1A6;UGT1A7;CES3;BAX
prerank,GO_Biological_Process_2025__Regulation of Signal Transduction (GO:0009966),0.4573617905896118,2.0909244819793256,0.0,0.0012748127553714437,0.131,30/107,11.24%,MAPK8IP2;RCVRN;NCS1;KCNIP1;GUCA1B;HPCAL1;HPCAL4;GUCA1C;VSNL1;CLXN;KCNIP4;HPCA;KCNIP3;KCNIP2;KCTD12;NCALD;YWHAG;LRIT3;INPP5D;APP;DGKQ;KCTD8;KCTD16;GRK5;OGT;PPP6R1;PPP6R3;PPP6R2;NCK2;NCK1
prerank,GO_Biological_Process_2025__Regulation of Trans-Synaptic Signaling (GO:0099177),0.6134367033211788,2.090658475647443,0.0,0.001273678692428047,0.132,20/29,10.77%,GRIN3B;GRIK5;GRIA2;GRIK1;GRIA1;GRID2;GRIN3A;GRIA3;GRIK3;GRIK4;GRIA4;GRID1;EIF4EBP2;PXK;CPLX2;CPLX3;CPLX4;CPLX1;BTBD9;SLC4A8
prerank,GO_Biological_Process_2025__Regulation of Axonogenesis (GO:0050770),0.6980953264734421,2.0884959903697786,0.0022935779816513763,0.0012975136153272856,0.136,9/17,11.54%,PKN1;PKN2;PLXNB2;PLXNB1;PLXNB3;PLXND1;PLXNC1;EFNB3;SIPA1L1
prerank,GO_Biological_Process_2025__Regulation of Heart Contraction (GO:0008016),0.5833052598028378,2.0861980389839125,0.0,0.0013375104999626573,0.141,17/33,14.98%,PRKCA;KCNIP1;KCNIP2;TH;ATP2A2;ATP2B3;ATP2B1;ATP2A1;ATP1A2;HCN4;KCND3;SMAD7;SLC4A3;TPM1;ATP2B4;TNNT2;ATP2A3
prerank,GO_Biological_Process_2025__fatty-acyl-CoA Biosynthetic Process (GO:0046949),-0.6943346667194679,-2.0831164070245087,0.0,0.00040065941676646014,0.111,14/20,15.88%,GCDH;ACSL6;SLC27A2;ACSL1;ACSL4;ACSL3;ACSBG1;ACSBG2;ELOVL7;ELOVL1;TECR;PPT2;HACD1;HACD2
prerank,Reactome_2022__DNA Replication R-HSA-69306,-0.47530039022028253,-2.0801960851769428,0.0,0.000402453208208762,0.112,44/109,16.83%,PSMD14;PSMD2;PSMA1;PSMD11;PSMA4;PSMC4;PSMB1;PSMB4;PSMC3;PSMC1;PSMA7;PSMB9;PSMA8;PSMB6;PSMB5;PSMB11;PSMB8;PSMB7;PSMB10;PSMB2;PSMB3;PSMC6;PSMC5;PSMA3;PSMA2;PSMD7;RFC5;GINS2;PSMD8;POLA2;PSMA5;SLC19A1;GMNN;DNA2;FEN1;PSMD9;PSMD4;PSMC2;CCNA1;CCNA2;CCNE2;CCNE1;PSMD6;CDT1
prerank,WikiPathways_2024_Human__Metabolism Of Sphingolipids In ER And Golgi Apparatus WP4142,-0.7352984455846243,-2.079067070759916,0.0,0.0004106506948327022,0.114,7/16,12.92%,UGT8;GALNT16;SPHK2;SPHK1;CERK;SGPP1;SGPP2
prerank,Reactome_2022__Disorders Of Transmembrane Transporters R-HSA-5619115,-0.46017232670038,-2.077362059232199,0.0,0.00041559337656158526,0.114,62/135,16.28%,PSMD14;PSMD2;PSMA1;SLC16A1;SEH1L;PSMD11;SLC2A1;SLC2A9;SLC2A2;SLC2A10;PSMA4;PSMC4;PSMB1;SLC3A2;SLC3A1;ABCC2;ABCC9;ABCC8;ABCC6;CFTR;PSMB4;PSMC3;SLC29A3;PSMC1;SLC27A4;PSMA7;PSMB9;PSMA8;PSMB6;PSMB5;PSMB11;PSMB8;PSMB7;PSMB10;PSMB2;PSMB3;ABCA3;ABCA12;ABCG8;PSMC6;PSMC5;PSMA3;VCP;SLC7A9;SLC7A7;PSMA2;PSMD7;SLCO2A1;SLCO1B3;SLCO1B1;NUP85;PSMD8;SEC13;PSMA5;ABCA1;PSMD9;SLC35A1;SLC35A3;SLC35A2;PSMD4;PSMC2;PSMD6
prerank,KEGG_2021_Human__Phototransduction,0.6589228077471747,2.076113876746085,0.0,0.0015244510050939613,0.158,8/22,5.29%,GNGT1;RCVRN;GUCA1B;GUCA1C;GUCA1A;CNGB1;CNGA1;SLC24A1
prerank,GO_Biological_Process_2025__Acylglycerol Biosynthetic Process (GO:0046463),-0.7229996598037093,-2.0744685248874153,0.0,0.00043324371281425487,0.119,8/17,6.50%,DGAT1;GK;MOGAT2;DGAT2;DGAT2L6;MOGAT3;AWAT2;MOGAT1
prerank,Reactome_2022__Protein Folding R-HSA-391251,0.5028900014050686,2.0743107284246443,0.0,0.0015459505868238978,0.162,20/61,13.71%,GNGT2;GNGT1;GNG5;GNG11;GNG10;RGS9BP;TUBA1C;TUBA1B;TUBA3E;TUBA1A;TUBA3C;TUBA3D;PFDN6;GNB5;ARL2;SKIC2;GNA14;GNA15;GNAQ;GNA11
prerank,KEGG_2021_Human__Serotonergic synapse,0.5138104542885984,2.074278794256229,0.0,0.0015348286401561,0.162,27/52,17.67%,GNGT2;GNGT1;GNG5;GNG11;GNG10;PRKCA;PRKCB;PRKCG;GNAO1;HTR7;APP;SLC18A1;MAPK1;TPH2;TPH1;KCNN2;HTR1E;HTR1F;HTR1B;MAPK3;GNB5;GNAS;GNAQ;PLCB4;PLCB3;PLCB1;PLCB2
prerank,GO_Biological_Process_2025__Regulation of Neuronal Synaptic Plasticity (GO:0048168),0.7027695815837326,2.073542189637162,0.0,0.0015238655784406993,0.162,8/16,4.43%,SYNGR1;SYAP1;GRIK5;GRIN2B;GRIN2A;GRIN2D;GRIN2C;APP
prerank,GO_Molecular_Function_2025__Sodium Ion Transmembrane Transporter Activity (GO:0015081),0.6007669615130675,2.071697145585879,0.0,0.0015608388007619554,0.167,21/29,25.23%,SLC5A10;KCNK3;KCNK9;KCNK1;SLC9B1;SLC9B2;SLC41A3;SLC41A1;NALCN;SLC4A8;TRPV3;SLC9A8;SLC9A1;SLC9A3;SLC9C2;SLC9A9;SLC9C1;SLC9A4;SLC9A5;SLC9A2;CNNM4
prerank,GO_Biological_Process_2025__Axonogenesis (GO:0007409),0.5015324587437543,2.0710015916128794,0.0,0.0015577543607633243,0.168,21/63,9.62%,FEZ2;ULK2;ULK1;LGI1;LGR6;APP;APLP1;APLP2;CTNNA2;NTN3;EFNA5;EFNA2;EFNB3;EFNA3;EFNB1;EFNA4;EFNB2;EFNA1;ENAH;EVL;PPP3CB
prerank,Reactome_2022__Ca2+ Pathway R-HSA-4086398,0.570499139862209,2.070988895576483,0.0,0.0015468609736251193,0.168,8/34,2.07%,GNGT2;GNGT1;GNG5;GNG11;GNG10;PRKCA;PPP3R1;GNAO1
prerank,Reactome_2022__TCR Signaling R-HSA-202403,-0.5140721080998512,-2.070119586011842,0.0,0.00048251456642842513,0.133,35/69,16.28%,PSMD14;PSMD2;PSMA1;PSMD11;PSMA4;PSMC4;PSMB1;PSMB4;PSMC3;PSMC1;PSMA7;PSMB9;PSMA8;PSMB6;PSMB5;PSMB11;PSMB8;PSMB7;PSMB10;PSMB2;PSMB3;PSMC6;PSMC5;PSMA3;PSMA2;PSMD7;PSMD8;IKBKB;CHUK;PSMA5;PIK3CB;PSMD9;PSMD4;PSMC2;PSMD6
prerank,GO_Biological_Process_2025__Bile Acid Metabolic Process (GO:0008206),-0.6800817208240569,-2.067775155253537,0.0,0.0004934808065745256,0.137,8/21,6.14%,AKR1C4;AKR1D1;AKR1C1;UGT2A2;UGT2A1;ACOX2;SLC27A2;SLC27A5
prerank,Reactome_2022__Clathrin-mediated Endocytosis R-HSA-8856828,0.46120252971447173,2.0665645315131016,0.0,0.0015984993458058505,0.174,28/89,11.79%,LDLRAP1;DAB2;SLC18A3;KIAA0319;SH3GL3;SH3GL2;EGF;SYT12;SYNJ1;OCRL;SYNJ2;REPS1;ITSN2;ITSN1;EPS15;AP2A2;AP2A1;SNAP91;PICALM;GRK2;FNBP1L;FNBP1;TRIP10;LDLR;GRB2;SH3GL1;EPN1;EPN2
prerank,GO_Biological_Process_2025__Proton Transmembrane Transport (GO:1902600),0.5667797530804937,2.0654407156619716,0.0,0.001602962775434173,0.176,11/34,8.16%,ATP6V1A;ATP4A;ATP1A4;ATP1A2;ATP6V0E1;ATP6V0E2;SLC36A2;SLC36A1;SLC36A3;ATP6V1B2;ATP6V1E1
prerank,Reactome_2022__Synthesis Of Very Long-Chain Fatty acyl-CoAs R-HSA-75876,-0.6868308847111102,-2.0650033564685053,0.0,0.000498065994092059,0.139,13/19,15.88%,SLC27A3;ACSL6;ACSL1;ACSL4;ACSL3;ACSBG1;ACSBG2;ELOVL7;ELOVL1;TECR;TECRL;HACD1;HACD2
prerank,Reactome_2022__Platelet Homeostasis R-HSA-418346,0.5366465257343791,2.064213321182854,0.0,0.0016381280298883075,0.181,9/44,1.46%,GNGT2;GNGT1;GNG5;GNG11;GNG10;ATP2A2;ATP2B3;ATP2B1;ATP2A1
prerank,Reactome_2022__Neurotransmitter Release Cycle R-HSA-112310,0.5936477951603608,2.0628815442367308,0.0,0.0016575379976021642,0.183,21/29,25.05%,SNAP25;GAD2;GAD1;SLC18A3;STXBP1;SLC32A1;SLC38A2;SLC17A7;SLC22A1;CPLX1;SLC22A2;LIN7A;STX1A;SH2D3C;APBA1;PPFIA3;PPFIA2;PPFIA4;PPFIA1;TSPOAP1;RIMS1
prerank,GO_Biological_Process_2025__Cytoplasmic Translation (GO:0002181),-0.49613416499204455,-2.0625373781568497,0.0,0.0005057607109047946,0.14,56/85,29.24%,RPS7;RPL8;RPL26L1;RPL26;RPS28;RPS8;RPS16;RPL27A;RPL35;RPL30;RPLP2;RPS26;RPS17;RPS24;EEF1D;RPS18;RPL23;RPL7;RACK1;RPL18;RPS15;RPS6;RPS5;RPL19;RPL11;RPL29;RPS14;RPL15;RPL7A;RPS15A;RPL31;RPS29;RPL13A;RPLP0;RPL18A;RPS9;RPS11;SARS1;RPL14;RPL12;RPS21;RPS3;RPL9;EIF2S2;RPL6;RPSA;RPSA2;GTPBP1;RPL4;FAU;RPS12;RPS25;RPLP1;RWDD1;RPL27;UBA52
prerank,GO_Biological_Process_2025__Vitamin Transport (GO:0051180),-0.592860928481596,-2.0611183579568095,0.0,0.0005071411749226094,0.141,18/33,14.41%,SLC2A7;SLC2A11;SLC2A5;SLC2A14;SLC2A3;SLC2A4;SLC2A8;SLC2A1;SLC2A9;SLC2A6;SLC2A2;SLC2A10;SLC46A1;SLC27A1;SLC19A2;SLC19A1;SLC19A3;SLC23A1
prerank,Reactome_2022__WNT Ligand Biogenesis And Trafficking R-HSA-3238698,-0.656982117676601,-2.060900520069977,0.0,0.0005053924122504625,0.141,16/24,20.76%,WNT9B;WNT7A;WNT8B;WNT8A;WNT7B;WNT5A;WNT2B;WNT4;WNT5B;WNT11;WNT3A;WNT10A;WNT2;WNT9A;WNT10B;WNT6
prerank,KEGG_2021_Human__Cysteine and methionine metabolism,-0.6132768237903186,-2.0608254353397193,0.0,0.000503655668565753,0.141,20/31,24.49%,GOT2;GOT1;GOT1L1;PSAT1;MDH1;PHGDH;KYAT3;KYAT1;MTAP;BCAT2;BCAT1;IL4I1;ADI1;APIP;SRM;AGXT2;MRI1;AHCY;AHCYL2;AHCYL1
prerank,GO_Cellular_Component_2025__Azurophil Granule Lumen (GO:0035578),-0.5596136752615821,-2.0596193242022753,0.0,0.0005081274971806189,0.142,23/47,19.59%,PSMD1;CYB5R3;GUSB;MAN2B1;C3;NPC2;GLB1;CREG1;DNAJC3;IST1;LYZ;HEXB;VCP;ARSA;GALNS;GNS;TXNDC5;ANXA2;PYCARD;PTGES2;PYGB;ADA2;CAP1
prerank,Reactome_2022__Signaling By Hedgehog R-HSA-5358351,-0.4870056004990825,-2.05734375044252,0.0,0.0005156565652317427,0.144,40/95,16.53%,PSMD14;P4HB;PSMD2;PSMA1;PSMD11;PSMA4;PSMC4;PSMB1;PSMB4;PSMC3;PSMC1;PSMA7;PSMB9;PSMA8;PSMB6;PSMB5;PSMB11;PSMB8;PSMB7;PSMB10;PSMB2;PSMB3;PSMC6;PSMC5;PSMA3;VCP;PSMA2;SYVN1;SMOX;PSMD7;PSMD8;PRKACB;PRKACG;PSMA5;GAS8;PSMD9;PSMD4;PSMC2;PSMD6;ADCY9
prerank,Reactome_2022__Glycogen Metabolism R-HSA-8982491,-0.6908364636448724,-2.0559329983415666,0.0019305019305019305,0.0005262116763983462,0.147,12/19,18.50%,GBE1;GAA;UGP2;AGL;PGM1;GYS2;GYS1;PHKA2;PHKA1;PYGM;PYGB;PYGL
prerank,WikiPathways_2024_Human__Fatty Acid Biosynthesis WP357,-0.7277999610396175,-2.0557688788908526,0.0,0.0005244279080037756,0.147,12/16,17.84%,ACLY;ECHDC2;ACACB;ACAA2;ACSL6;ACSL1;ACSL4;ACSL3;ECHS1;ACSS2;ECH1;ECHDC3
prerank,Reactome_2022__G Alpha (I) Signaling Events R-HSA-418594,0.4571676020923924,2.054883686151219,0.0,0.0018284219280437124,0.197,40/99,17.67%,GNGT2;GNGT1;GNG5;GNG11;GNG10;PRKCA;PRKCG;PPP3R1;OPN3;RGS9BP;SSTR2;APP;GRK2;RGS17;GRM3;GRM2;MAPK1;PPP3CB;PPP3CC;CNOT6;PRKAR2A;PDE4B;GABBR2;HTR1E;HTR1F;HTR1B;GNB5;GNAZ;GNA14;GNAS;GNA15;GNAT3;GNAQ;GNAL;GNA11;PLCB4;PRKAR1B;PLCB3;PLCB1;PLCB2
prerank,Reactome_2022__Diseases Of Metabolism R-HSA-5668914,-0.466853514900042,-2.0541302159064903,0.0,0.0005348820679369155,0.149,51/129,20.20%,GBE1;GAA;DCXR;UGT1A4;UGT1A1;CYP4F22;CYP19A1;RPIA;TALDO1;KHK;LCT;GUSB;GALT;PAH;GLB1;MOGAT2;ABCA3;HEXA;HEXB;PGM1;HPRT1;MAOA;MCCC2;GALNS;GNS;ARSB;GALNT12;GALNT3;GYS2;GYS1;IDS;DHDDS;APRT;OPLAH;MPDU1;MCCC1;GPC1;GPC6;GPC2;GPC4;SPON1;SGSH;PMM2;GGT1;SFTPB;MUC4;C1GALT1;C1GALT1C1;CUBN;THBS2;THBS1
prerank,Reactome_2022__EPH-ephrin Mediated Repulsion Of Cells R-HSA-3928665,0.627144358127615,2.0516768539276864,0.0,0.0018990454824227437,0.204,10/23,7.88%,AP2A2;AP2A1;EFNA5;EFNA2;EFNB3;EFNA3;EFNB1;EFNA4;EFNB2;EFNA1
prerank,GO_Biological_Process_2025__Purine Nucleotide Metabolic Process (GO:0006163),-0.6574873488590263,-2.051264769769619,0.0,0.0005574505407601123,0.155,13/21,17.32%,GART;NADK2;MDH1;MDH1B;PFAS;PRPS2;PRPS1L1;NOCT;HPRT1;VCP;NMRK1;NMRK2;GPD1L
prerank,WikiPathways_2024_Human__Eicosanoid Metabolism Via Cyclooxygenases COX WP4719,-0.7226048455017271,-2.050616381727317,0.0,0.0005555799013615885,0.155,7/15,4.71%,CYP4A22;CYP4F2;CYP4F12;CYP4A11;AKR1B1;HPGD;ACOX2
prerank,GO_Biological_Process_2025__Calcium Ion Transmembrane Transport (GO:0070588),0.5031063110197634,2.050017335793146,0.0,0.0019163278010987602,0.207,26/58,19.21%,ATP2C1;ATP2A2;ATP2B3;ATP2B1;ATP2A1;ATP2C2;SLC24A5;GRIN2B;GRIN2A;GRIN2D;GRIN2C;SLC24A1;SLC35G1;NALCN;SMDT1;ATP2B4;ATP2A3;MICU1;TMCO1;TRPV2;TRPV6;TRPV4;TRPV5;TRPV3;TRPV1;MICU2
prerank,GO_Biological_Process_2025__Plasma Membrane Invagination (GO:0099024),-0.7020673960238618,-2.0450993807437206,0.0,0.0005991088053061967,0.167,10/16,20.50%,CD36;ITGAM;SNX33;GSN;GULP1;ITGB2;RHOA;ARHGAP12;CDC42;SH3BP1
prerank,GO_Biological_Process_2025__Adenylate Cyclase-Activating G Protein-Coupled Receptor Signaling Pathway (GO:0007189),0.6130227696006019,2.0450183718980095,0.0,0.0019928698676575473,0.217,14/26,16.15%,FSHR;LHCGR;TSHR;HTR7;APP;DGKQ;CRHR1;PRKAR2A;GPHB5;GNAS;GNAQ;GNAL;GNA13;PRKAR1B
prerank,WikiPathways_2024_Human__Photodynamic Therapy Induced HIF 1 Survival Signaling WP3614,-0.7107570637822543,-2.0449883979761547,0.0,0.0006031432080355314,0.168,12/17,12.10%,HK1;SLC16A1;BCL2A1;BAX;MCL1;BAK1;SLC2A3;SLC2A1;PKM;PGK1;HIF1A;PFKL
prerank,Reactome_2022__Retinoid Metabolism And Transport R-HSA-975634,-0.61930886642527,-2.042509936313762,0.0,0.0006372077746023223,0.177,19/28,26.04%,AKR1B10;AKR1C4;AKR1C3;AKR1C1;PNLIP;LPL;GPC1;GPC6;GPC2;GPC4;LRP8;LRP2;LRP10;LRP12;PLB1;BCO2;BCO1;GPC5;GPC3
prerank,WikiPathways_2024_Human__One Carbon Metabolism WP241,-0.6961578653067035,-2.0413283042666883,0.00186219739292365,0.000644085048316089,0.179,9/18,7.05%,SHMT1;SHMT2;ALDH1L1;GART;ATIC;MTHFD2;AMT;MTHFR;MTHFS
prerank,GO_Molecular_Function_2025__snoRNA Binding (GO:0030515),0.638703059476681,2.0405495837781724,0.0,0.0021718250418496948,0.238,15/21,24.73%,SNU13;GAR1;HEATR1;DDX56;BYSL;TBL3;DKC1;NOP58;IMP4;NHP2;UTP6;DHX37;RRP9;TSR1;NOP10
prerank,Reactome_2022__O-linked Glycosylation Of Mucins R-HSA-913709,-0.5952345778039423,-2.040390207510758,0.0,0.0006449452125528455,0.179,16/32,19.81%,GALNT6;GALNTL5;GALNTL6;GALNT11;GALNT9;GALNT8;GALNT12;GALNT10;GALNT14;GALNT3;GALNT5;GALNT18;MUC4;C1GALT1;C1GALT1C1;A4GNT
prerank,Reactome_2022__G Alpha (S) Signaling Events R-HSA-418555,0.5043175910256411,2.040274911779448,0.0,0.002157630106935644,0.238,22/59,13.67%,GNGT2;GNGT1;GNG5;GNG11;GNG10;PRKCA;FSHR;LHCGR;TSHR;HTR7;GRK5;GRK2;CRHR1;PRKAR2A;GNB5;FSHB;LHB;GPHB5;TSHB;GNAZ;GNAS;GNAT3
prerank,GO_Biological_Process_2025__Long-Chain Fatty Acid Transport (GO:0015909),-0.6824784235419326,-2.0384596876959145,0.0,0.0006606798956441841,0.184,9/19,6.14%,CD36;CPT2;SLC27A1;SLC27A2;ACSL1;SLC27A6;ACSL3;SLC27A4;SLC27A5
prerank,GO_Biological_Process_2025__Regulated Exocytosis (GO:0045055),0.6000663494861305,2.0379681687506896,0.0,0.002201949304732494,0.243,12/27,9.91%,SNAP25;SYNGR1;SYNGR3;SYNGR2;STXBP1;SDF4;CPLX2;CPLX3;CPLX4;CPLX1;PPP3CB;TPH1
prerank,GO_Cellular_Component_2025__Lysosomal Lumen (GO:0043202),-0.5517985855819441,-2.0369322590609333,0.0,0.0006822439566303551,0.189,28/49,19.86%,GAA;SCARB2;GUSB;MAN2B1;CTSV;CTSL;NPC2;GLB1;MANBA;GBA1;CTSF;HEXA;HEXB;PLD3;ARSA;GALNS;GNS;IDS;CTSD;TXNDC5;PPT2;GPC1;GPC6;GPC2;GPC4;SGSH;CUBN;SMPD1
prerank,WikiPathways_2024_Human__Oxysterols Derived From Cholesterol WP4545,-0.6615745430687854,-2.0361402157633335,0.0,0.0007036670760414532,0.191,14/22,15.77%,AKR1C4;AKR1D1;UGT3A1;ACOX2;SLC27A2;SLC27A5;ACOT13;SULT2A1;SULT2B1;DBP;HSD11B1;SCP2;ACOT9;EPHX2
prerank,Reactome_2022__Inositol Phosphate Metabolism R-HSA-1483249,0.5456561039639438,2.0360427987203464,0.0,0.002231208276480915,0.247,26/43,17.73%,INPP5A;SYNJ1;INPP5D;INPP5J;OCRL;INPPL1;IP6K1;IP6K2;ITPKC;IP6K3;ITPKA;ITPKB;PLCB4;PTEN;PLCB3;PLCD4;PLCZ1;PLCH2;PLCB1;PLCH1;PLCD3;PLCB2;PLCG1;PLCE1;PLCG2;PLCD1
prerank,GO_Molecular_Function_2025__Nuclear Localization Sequence Binding (GO:0008139),0.6239894071561954,2.035221227667627,0.00228310502283105,0.002260092133206921,0.249,16/23,27.50%,IPO5;RANBP6;NUP214;POM121C;NPAP1;POM121L2;NUP153;POM121;KPNB1;KPNA1;KPNA5;KPNA6;IPO4;NFKBIA;CABP1;TNPO2
prerank,Reactome_2022__Metabolism Of Water-Soluble Vitamins And Cofactors R-HSA-196849,-0.49747442304192585,-2.035112233664496,0.0,0.0007190567235863339,0.196,30/79,14.57%,SHMT1;SHMT2;PDXK;ALDH1L2;ALDH1L1;MTHFD2L;GSTO1;GSTO2;SLC2A3;SLC2A1;CYB5R3;ACACB;NADK2;AOX1;ABCC1;SLC46A1;PNPO;MTHFD2;NAXE;MTHFR;MOCOS;PANK4;MCCC2;MCCC1;SLC19A2;SLC19A1;SLC19A3;SLC23A1;NMRK1;NMRK2
prerank,KEGG_2021_Human__Propanoate metabolism,-0.6732425523427872,-2.0336329296453313,0.0019157088122605363,0.0007372838241083687,0.202,12/20,15.65%,ACADS;ACACB;ALDH6A1;ECHS1;BCKDHA;SUCLA2;HIBCH;DBT;ACAT1;ACOX3;ACSS2;HADHA
prerank,GO_Biological_Process_2025__Glucose Metabolic Process (GO:0006006),-0.5561956655396084,-2.0330899603429358,0.0,0.0007378256719657957,0.202,17/40,11.41%,TKTL1;PER2;GAA;DCXR;SORD;TPI1;GALM;PFKFB1;PGK2;PGK1;FBP1;PGM1;PCK1;PCK2;ENO2;ENO1;ENO3
prerank,Reactome_2022__Carboxyterminal Post-Translational Modifications Of Tubulin R-HSA-8955332,0.6651059661887765,2.0325334288567993,0.002183406113537118,0.002360127044048284,0.259,9/18,16.92%,TUBA1C;TUBA1B;TUBA3E;TUBA1A;TUBA3C;TUBA3D;TTLL4;TTLL8;TTLL6
prerank,GO_Biological_Process_2025__Lipid Biosynthetic Process (GO:0008610),-0.5254820448226662,-2.028124175477109,0.0,0.0008142433308479673,0.218,21/56,12.64%,ACLY;CYP19A1;DHRS11;PIP5K1A;ACACB;PNLIP;LPL;LIPG;LIPC;PNLIPRP3;PNLIPRP2;PNLIPRP1;HSD17B8;ACSL1;ACSL4;FAR1;GBA1;MLXIPL;DHRS7B;RDH8;ACSS2
prerank,Reactome_2022__GABA Receptor Activation R-HSA-977443,0.6443582963317869,2.0271201171859445,0.0,0.002494428864909259,0.275,9/21,13.69%,GNGT2;GNGT1;GNG5;GNG11;GNG10;GABBR2;GNB5;GNAT3;GNAL
prerank,GO_Biological_Process_2025__Ceramide Metabolic Process (GO:0006672),-0.5899690569182405,-2.026875651481794,0.0,0.0008145342359322289,0.219,21/32,28.41%,CEL;CYP4F22;TLCD3B;GBA1;ABCA2;CERK;PLPP2;PLPP3;PLPP1;DEGS1;DEGS2;ORMDL3;ORMDL2;ORMDL1;SMPD1;MECR;CERS2;CERS3;CERS4;CERS6;ASAH2
prerank,Reactome_2022__Metabolism Of Fat-Soluble Vitamins R-HSA-6806667,-0.5958277680089881,-2.0263110275243017,0.0,0.0008148232762403093,0.22,19/31,26.04%,AKR1B10;AKR1C4;AKR1C3;AKR1C1;PNLIP;LPL;GPC1;GPC6;GPC2;GPC4;LRP8;LRP2;LRP10;LRP12;PLB1;BCO2;BCO1;GPC5;GPC3
prerank,Reactome_2022__Transcriptional Regulation By RUNX1 R-HSA-8878171,-0.46744098574392723,-2.0261879447447604,0.0,0.0008122200069871452,0.22,49/116,20.41%,PSMD14;PSMD2;PSMA1;GATA2;GATA1;GATA3;ITGA2B;PSMD11;PSMA4;PSMC4;PSMB1;CTSV;CTSL;PSMB4;RUNX1;PSMC3;PSMC1;PSMA7;PSMB9;PSMA8;PSMB6;PSMB5;PSMB11;PSMB8;PSMB7;PSMB10;PSMB2;PSMB3;PSMC6;PSMC5;PSMA3;PSMA2;PSMD7;PSMD8;PSMA5;PSMD9;PSMD4;PSMC2;CCND3;CCND1;CCND2;PSMD6;GPAM;SMARCD3;SMARCD2;SOCS3;SOCS4;THBS1;OCLN
prerank,GO_Biological_Process_2025__Dicarboxylic Acid Metabolic Process (GO:0043648),-0.5681751359727666,-2.0253964622703027,0.0,0.0008182770911564853,0.221,21/39,19.82%,SHMT1;ACLY;GOT2;MTHFD2L;FAHD2B;MDH1;MDH1B;ALDH18A1;SLC46A1;MTHFD2;ADHFE1;GPT2;L2HGDH;PCK1;PCK2;SLC19A1;D2HGDH;NIT2;ALDH5A1;GGT1;FPGS
prerank,GO_Molecular_Function_2025__Cysteine-Type Peptidase Activity (GO:0008234),-0.5176062803680084,-2.0253359147485366,0.0,0.0008185514966196496,0.222,37/61,28.29%,PDIA3;USP8;CTSV;CTSL;ATG4A;ATG4B;CTSF;CTSW;TINAG;USP12;UCHL5;CTSD;BLMH;CASP1;CASP6;CFLAR;CASP12;CASP5;CASP8;CASP9;CASP4;CASP2;OTUB1;OTUB2;USP14;CASP3;CASP7;UCHL1;RCE1;ESPL1;YOD1;OTUD1;OTUD6A;OTUD3;OTUD6B;OTUD4;GGH
prerank,Reactome_2022__G-protein Beta:Gamma Signaling R-HSA-397795,0.6658365001597565,2.023802518507153,0.0,0.0025846697199371545,0.285,6/18,0.39%,GNGT2;GNGT1;GNG5;GNG11;GNG10;PKN1
prerank,GO_Biological_Process_2025__Hexose Transmembrane Transport (GO:0008645),-0.6550466344355209,-2.0215832469043047,0.0,0.0008474543809106833,0.23,13/21,3.48%,SLC2A7;SLC2A11;SLC2A5;SLC2A14;SLC2A3;SLC2A12;SLC2A4;SLC2A8;SLC2A1;SLC2A9;SLC2A6;SLC2A2;SLC2A10
prerank,GO_Biological_Process_2025__Clathrin-Dependent Endocytosis (GO:0072583),0.6522593385333612,2.0196153801600185,0.0,0.0026948359702951316,0.294,12/19,25.14%,INPP5F;ITSN2;ITSN1;AP2A2;SNAP91;PICALM;FNBP1L;FCHSD2;AP2S1;SCYL2;GAK;GPR107
prerank,GO_Biological_Process_2025__Negative Regulation of G Protein-Coupled Receptor Signaling Pathway (GO:0045744),0.6713747056260605,2.0193260598974296,0.002150537634408602,0.002692046285025675,0.295,6/18,5.84%,STMN1;YWHAB;INPP5A;APLP1;BICD1;GRK2
prerank,WikiPathways_2024_Human__Arrhythmogenic Right Ventricular Cardiomyopathy WP2118,-0.5458404520279478,-2.0192825562666123,0.0,0.0008790289025628248,0.237,13/45,2.42%,ITGA7;ITGA3;ITGA11;ITGAV;ITGA2;ITGA9;ITGA10;ITGA8;ITGA4;ITGA5;ITGA1;ITGA6;ITGA2B
prerank,GO_Cellular_Component_2025__Golgi Cis Cisterna (GO:0000137),-0.6509173081242059,-2.017276020037039,0.0,0.0008990247817888108,0.241,19/21,31.71%,SLC30A7;GOLGA8T;GOLGA2;GOLGA8R;GOLGA8Q;GOLGA6A;GOLGA6D;GOLGA8N;GOLGA8H;GOLGA8A;GOLGA8B;GOLGA8O;GOLGA8J;GOLGA8S;GOLGA8K;GOLGA6B;GOLGA8M;GOLGA6C;LLGL1
prerank,Reactome_2022__Signaling By ROBO Receptors R-HSA-376176,-0.4399143817692647,-2.0164725486366146,0.0,0.0008990426188742796,0.242,86/150,28.01%,PSMD14;PSMD2;PSMA1;PSMD11;PSMA4;PSMC4;PSMB1;PSMB4;PSMC3;PSMC1;PSMA7;PSMB9;PSMA8;PSMB6;PSMB5;PSMB11;PSMB8;PSMB7;PSMB10;RPS7;PSMB2;PSMB3;PSMC6;PSMC5;PSMA3;RPL8;PSMA2;RPL26L1;RPL26;RPS28;PSMD7;RPS8;RPS16;RPL27A;RPL35;RPL30;RPLP2;RHOA;PSMD8;RPS17;RPS24;PRKACB;PRKACG;PSMA5;RPL23;RPL7;RPL18;PSMD9;GPC1;PSMD4;PSMC2;RPS15;PSMD6;RPS6;RPS5;CDC42;RPL19;RPL11;CAP1;RPL29;RPS14;RPL15;RPL7A;RPS15A;RPL31;RPS29;RPL13A;RPLP0;PSMD13;RPL18A;RPS9;RPS11;RPL14;RPL12;RPS21;RPS3;RPL9;UPF3A;UPF3B;RPL6;RPSA;RPL4;FAU;RPS12;RPS25;RPLP1
prerank,Reactome_2022__S Phase R-HSA-69242,-0.45261794769140934,-2.0163173437373287,0.0,0.0008962331106902974,0.242,46/124,16.83%,PSMD14;PSMD2;PSMA1;PSMD11;PSMA4;PSMC4;PSMB1;PSMB4;PSMC3;PSMC1;PSMA7;PSMB9;PSMA8;PSMB6;PSMB5;PSMB11;PSMB8;PSMB7;PSMB10;PSMB2;PSMB3;LIN9;PSMC6;PSMC5;PSMA3;PSMA2;PSMD7;RFC5;GINS2;PSMD8;POLA2;PSMA5;SLC19A1;GMNN;DNA2;FEN1;PSMD9;PSMD4;PSMC2;CCNA1;CCNA2;CCNE2;CCNE1;CCND1;PSMD6;CDT1
prerank,Reactome_2022__Glucagon-like Peptide-1 (GLP1) Regulates Insulin Secretion R-HSA-381676,0.6470294504722426,2.0157608211646423,0.0,0.002814051964865801,0.305,6/20,0.40%,GNGT2;GNGT1;GNG5;GNG11;GNG10;PRKCA
prerank,GO_Biological_Process_2025__Sphingolipid Metabolic Process (GO:0006665),-0.5337917207446065,-2.013858193533597,0.0,0.0009272622216994851,0.252,32/53,28.41%,ALDH3B1;ABCC1;ALDH3B2;ELOVL7;ELOVL1;ABCA2;SPHK2;SPHK1;CERK;CERKL;TECR;SGPP1;SGPP2;PLPP2;PLPP3;PLPP1;DEGS1;DEGS2;HACD1;HACD2;ORMDL3;ORMDL2;ORMDL1;SMPD1;ABCG2;HACD4;HACD3;CERS2;CERS3;CERS4;CERS6;ASAH2
prerank,Reactome_2022__Formation Of A Pool Of Free 40S Subunits R-HSA-72689,-0.48649544574923953,-2.013588179940454,0.0,0.0009300018720175198,0.253,50/81,29.24%,RPS7;RPL8;RPL26L1;RPL26;RPS28;RPS8;RPS16;RPL27A;RPL35;RPL30;RPLP2;RPS17;RPS24;RPL23;RPL7;RPL18;RPS15;RPS6;RPS5;EIF3J;RPL19;RPL11;RPL29;RPS14;RPL15;RPL7A;RPS15A;RPL31;EIF1AX;RPS29;RPL13A;RPLP0;RPL18A;RPS9;RPS11;EIF3F;RPL14;RPL12;RPS21;RPS3;RPL9;RPL6;RPSA;RPL4;FAU;RPS12;RPS25;RPLP1;RPL27;UBA52
prerank,GO_Biological_Process_2025__NADH Metabolic Process (GO:0006734),-0.6768329160863904,-2.010455365288586,0.0,0.0009747391783112921,0.265,13/18,17.32%,MDH1;MDH1B;PGK2;PGK1;VCP;ENO2;ENO1;ENO3;PFKP;PFKM;PFKL;GPD1;GPD1L
prerank,GO_Cellular_Component_2025__Specific Granule Membrane (GO:0035579),-0.5637732626334208,-2.006811654374128,0.0,0.0009968616910587254,0.271,20/40,17.81%,KCNAB2;ALDH3B1;CD36;ITGAV;ITGAL;ITGAM;SLC2A5;SLC2A3;DGAT1;SCAMP1;SLC27A2;DNAJC5;AGPAT2;PRKCSH;ITGB2;TOM1;MOSPD2;DEGS1;ORMDL3;VAMP1
prerank,KEGG_2021_Human__Sphingolipid metabolism,-0.5955403725558799,-2.00494080090154,0.0,0.0010132805894996926,0.275,22/29,28.41%,UGT8;GLA;GLB1;SPHK2;SPHK1;CERK;ARSA;SGPP1;SGPP2;PLPP2;PLPP3;PLPP1;DEGS1;DEGS2;PSAPL1;SMPD1;CERS5;CERS2;CERS3;CERS4;CERS6;ASAH2
prerank,GO_Biological_Process_2025__Adenylate Cyclase-Inhibiting G Protein-Coupled Receptor Signaling Pathway (GO:0007193),0.6767921305139152,2.0043635935504986,0.0,0.0032721040027867783,0.335,8/16,11.88%,PRKCA;GNAO1;GABBR1;APP;GABBR2;HTR1E;HTR1F;HTR1B
prerank,GO_Cellular_Component_2025__Specific Granule (GO:0042581),-0.49340163966458184,-2.003320715205877,0.0,0.00103792435493231,0.282,30/75,13.98%,KCNAB2;PDXK;ALDH3B1;CD36;ITGAV;ITGAL;ITGAM;CHI3L1;CHIT1;SLC2A5;SLC2A3;DGAT1;PGLYRP1;SCAMP1;SLC27A2;DNAJC5;QSOX1;QPCT;LYZ;VCL;TIMP2;AGPAT2;PRKCSH;ITGB2;TOM1;CTSD;ANXA3;ANXA11;MOSPD2;DEGS1
prerank,Reactome_2022__Mitochondrial Fatty Acid Beta-Oxidation R-HSA-77289,-0.7006485450848198,-2.002078920261388,0.0037313432835820895,0.0010430504102265843,0.284,11/16,23.22%,ACADS;ACAA2;ECI1;ACOT13;DBI;ECHS1;HADHB;ACOT9;HADHA;ACADVL;MECR
prerank,GO_Biological_Process_2025__Cardiac Conduction (GO:0061337),0.680499600294257,2.0018602006328154,0.0021691973969631237,0.003361698326765522,0.342,14/17,29.08%,HCN4;KCNH2;HCN1;HCN3;KCND3;PKP2;JUP;SLC4A3;KCNH6;ISL1;SLC9A1;YWHAE;CACNB2;TMEM65
prerank,GO_Molecular_Function_2025__Sodium Channel Activity (GO:0005272),0.6314682837797929,2.000688618063186,0.0,0.003416180952242818,0.345,7/20,2.59%,KCNK3;KCNK9;KCNK1;HCN4;HCN2;HCN1;HCN3
prerank,Reactome_2022__Activation Of GABAB Receptors R-HSA-991365,0.6488935414224319,1.9984619184496968,0.0,0.0035038278931046134,0.355,9/20,13.69%,GNGT2;GNGT1;GNG5;GNG11;GNG10;GABBR2;GNB5;GNAT3;GNAL
prerank,Reactome_2022__RHO GTPases Activate PKNs R-HSA-5625740,0.5939619787776844,1.9977995928632921,0.0,0.003489570530397139,0.356,9/26,6.55%,PKN3;PKN1;PKN2;YWHAQ;YWHAH;YWHAB;YWHAZ;YWHAG;PPP1CB
prerank,GO_Biological_Process_2025__Sphingolipid Biosynthetic Process (GO:0030148),-0.5254838359441821,-1.996926224732927,0.0,0.0011308935150666213,0.303,28/52,28.41%,UGT8;CYP4F22;TLCD3B;ABCC1;GBA1;ELOVL7;ELOVL1;ABCA8;SPHK2;SPHK1;CERK;DEGS1;DEGS2;HACD1;HACD2;ORMDL3;ORMDL2;ORMDL1;SMPD1;ABCG2;MECR;HACD4;HACD3;CERS2;CERS3;CERS4;CERS6;ASAH2
prerank,Reactome_2022__PKMTs Methylate Histone Lysines R-HSA-3214841,0.5688115001999318,1.9947546358613824,0.0,0.003582420833527258,0.363,21/34,16.56%,MECOM;SMYD2;SMYD3;KMT2B;EHMT1;KMT2C;KMT2A;ASH1L;SETD2;EZH2;SETDB2;NSD1;SETD1A;KMT2D;NSD3;SUV39H2;SETDB1;SETD1B;NSD2;EHMT2;RBBP5
prerank,KEGG_2021_Human__Collecting duct acid secretion,0.6123258250721256,1.9945257257699656,0.0,0.0035745112229259883,0.363,11/23,16.70%,SLC12A7;ATP6V1A;ATP4A;ATP6V0E1;ATP6V0E2;ATP6V1B2;ATP6V1E1;ATP6V1E2;SLC4A1;ATP6V1C1;ATP6V1C2
prerank,GO_Molecular_Function_2025__Ligand-Gated Monoatomic Cation Channel Activity (GO:0099094),0.549528636580458,1.9929262220542578,0.0,0.003612929597429993,0.368,12/32,13.57%,KCNK6;KCNK1;KCNH7;KCNH3;KCNH2;GRIN3B;GRIA2;GRIN3A;KCNN3;KCNN1;KCNN2;KCNH6
prerank,"Reactome_2022__Gamma Carboxylation, Hypusine Formation And Arylsulfatase Activation R-HSA-163841",-0.5999650392482769,-1.9920226443823053,0.0,0.001209952940132069,0.319,17/29,15.46%,DPH6;DPH2;DNAJC24;DPH1;ARSK;ARSI;ARSG;ARSD;ARSH;ARSA;ARSF;ARSL;STS;ARSB;ARSJ;ICMT;PROZ
prerank,WikiPathways_2024_Human__Fatty Acids And Lipoproteins Transport In Hepatocytes WP5323,-0.6229269153175129,-1.9891499332494837,0.0,0.0012556344967285154,0.331,12/24,6.65%,SCARB1;PCSK9;LIPA;NPC2;SLC27A1;SLC27A3;ACSL6;SLC27A2;ACSL1;ACSL3;SLC27A4;DBI
prerank,GO_Molecular_Function_2025__Protein Phosphorylated Amino Acid Binding (GO:0045309),0.6209644688974234,1.989024999411997,0.002197802197802198,0.003782225923221237,0.383,11/21,17.72%,LDLRAP1;YWHAB;YWHAZ;GRB2;IRS1;NCK2;GRAP;GRAP2;SEPSECS;BCAR3;PLCG2
prerank,Reactome_2022__G2/M Checkpoints R-HSA-69481,-0.4714410857771288,-1.9886825476112628,0.0,0.001260040871167885,0.333,40/95,16.28%,PSMD14;PSMD2;PSMA1;PSMD11;KAT5;PSMA4;PSMC4;PSMB1;PSMB4;PSMC3;PSMC1;PSMA7;PSMB9;PSMA8;PSMB6;PSMB5;PSMB11;PSMB8;PSMB7;PSMB10;PSMB2;PSMB3;PSMC6;PSMC5;PSMA3;CLSPN;PSMA2;PSMD7;RFC5;PSMD8;PSMA5;DNA2;EXO1;PSMD9;PSMD4;PSMC2;CCNB1;CCNB2;CHEK2;PSMD6
prerank,WikiPathways_2024_Human__Folate Metabolism WP176,-0.5800442090270093,-1.988670922494828,0.0,0.0012562455673390662,0.333,13/32,14.30%,SHMT1;SHMT2;SCARB1;GART;HBB;HBA1;SLC46A1;MTHFD2;MTHFR;MTHFS;SOD1;SLC19A1;ABCA1
prerank,WikiPathways_2024_Human__Glycogen Synthesis And Degradation WP500,-0.582458667886732,-1.9881567089516299,0.0,0.001268774225912582,0.336,17/32,22.30%,GBE1;HK1;UGP2;AGL;PPP2R5C;PPP2R5D;PGM1;GYS2;GYS1;PHKA2;PHKA1;PYGM;PYGB;PYGL;PPP2R2A;PPP2R2C;PPP2R2B
prerank,GO_Molecular_Function_2025__Actinin Binding (GO:0042805),0.6756015929320632,1.985877034264756,0.0,0.0038907999958718467,0.39,9/16,16.04%,CSRP2;CSRP3;CSRP1;KCNN2;SYNPO2;PPARG;RARA;PDLIM5;PROM1
prerank,GO_Biological_Process_2025__Constitutive Heterochromatin Formation (GO:0140719),0.5882219344557046,1.9844903198163946,0.0022935779816513763,0.003959176160597376,0.396,13/25,25.35%,DPEP3;DPEP2;SIRT1;SMYD5;EHMT1;EZH2;SETDB1;EHMT2;EZH1;ATRX;SIRT6;SIRT2;BAZ2A
prerank,GO_Biological_Process_2025__Regulation of Microtubule Cytoskeleton Organization (GO:0070507),0.5929129828804737,1.984220273031783,0.00228310502283105,0.003968688030966249,0.399,8/25,7.80%,STMN1;STMN3;STMN2;STMN4;BICD2;TPPP;FAM107A;EFNA5
prerank,GO_Biological_Process_2025__Regulation of Striated Muscle Contraction (GO:0006942),0.668940756549341,1.9823171212400332,0.0,0.004074335336041449,0.413,8/16,13.77%,PRKCA;ATP2A1;ATP1A2;HCN4;TNNI1;GRK2;SMAD7;TNNT3
prerank,Reactome_2022__Ion Channel Transport R-HSA-983712,0.4241503447906425,1.9809563119055749,0.0,0.004140503183526374,0.421,58/129,23.88%,ATP6V1A;ATP2C1;ATP7A;ATP13A4;ATP2A2;ATP13A2;ATP4A;ATP2B3;ATP1A4;ATP2B1;ATP2A1;ATP12A;ATP2C2;ATP1A2;ATP13A5;ATP6V0E1;ATP6V0E2;SLC9B1;SLC9B2;ATP6V1B2;SLC17A3;ATP6V1E1;ATP6V1E2;UNC79;NALCN;STOML3;STOM;ATP2B4;ATP6V1H;ATP2A3;ATP6V1C1;ATP6V1C2;TRPV2;TRPV6;TRPV4;TRPV5;TRPV3;TRPV1;WNK2;ATP8B2;ATP8B4;ATP8A2;ATP11C;ATP11B;ATP8B1;ATP8B3;ATP10B;ATP10A;ATP10D;ATP9A;ATP11A;ATP9B;ATP8A1;ATP6V1D;SLC9C2;SLC9C1;ATP6V0A1;TSC22D3
prerank,GO_Molecular_Function_2025__Cyclin-Dependent Protein Serine/Threonine Kinase Regulator Activity (GO:0016538),-0.5709756968394234,-1.9799369574625336,0.0,0.0014166642116882463,0.361,23/34,26.54%,CCNI2;CCND3;CCNB1;CCNO;CCNA1;CCNA2;CCNJL;CCNE2;CCNJ;CCNE1;CCND1;CCNI;CCNP;CCND2;CCNG1;CCNF;CCNG2;CCNB2;CCNY;CCNL1;CCNL2;CCNH;CCNT1
prerank,Reactome_2022__Cargo Recognition For Clathrin-Mediated Endocytosis R-HSA-8856825,0.4715781920951908,1.9766553194872645,0.0,0.004351830215683757,0.437,22/63,11.79%,LDLRAP1;DAB2;SLC18A3;KIAA0319;SH3GL3;SH3GL2;EGF;SYT12;REPS1;ITSN2;ITSN1;EPS15;AP2A2;AP2A1;SNAP91;PICALM;GRK2;LDLR;GRB2;SH3GL1;EPN1;EPN2
prerank,GO_Biological_Process_2025__Axon Development (GO:0061564),0.49787437759406966,1.9733084073759497,0.0,0.004428311917479359,0.443,20/48,14.95%,RTN4;APP;APLP1;APLP2;CTNNA2;OLIG1;NEUROD2;OLIG2;NEUROG3;NEUROG2;ATOH7;NEUROD6;OLIG3;NEUROG1;BHLHE22;ATOH1;NEUROD1;BHLHE23;NEUROD4;ZDHHC17
prerank,Reactome_2022__Synthesis Of Leukotrienes (LT) And Eoxins (EX) R-HSA-2142691,-0.695586687514732,-1.973248616403984,0.0,0.0015501680660256493,0.391,11/15,11.55%,CYP4F22;CYP4A22;CYP4F2;CYP4B1;CYP4A11;CYP4F8;CYP4F3;CYP4F11;ABCC1;GGT5;LTA4H
prerank,GO_Molecular_Function_2025__Ephrin Receptor Binding (GO:0046875),0.6789241430013995,1.9730016189718746,0.008928571428571428,0.004416118536051612,0.443,11/16,11.24%,APP;EFNA5;EFNA2;EFNB3;EFNA3;EFNB1;EFNA4;EFNB2;EFNA1;GRB2;NCK1
prerank,KEGG_2021_Human__Epstein-Barr virus infection,-0.4828367046551679,-1.972716471156943,0.0,0.0015536322814129536,0.392,50/83,27.50%,PSMD14;PDIA3;PSMD2;ITGAL;PSMD1;BAX;BAK1;PSMD11;PSMC4;PSMC3;PSMC1;SAP30L;SAP30;PSMC6;ADRM1;PSMC5;PSMD7;E2F2;MYD88;PSMD8;IKBKB;CHUK;CASP8;CASP9;PIK3CD;PIK3CB;PSMD4;PSMC2;CCND3;CCNA1;CCNA2;CCNE2;CCNE1;CCND1;CCND2;PSMD6;HDAC2;CASP3;TAB1;RB1;PSMD13;NFKB2;NFKB1;RELB;RELA;PIK3CA;SKP2;IKBKE;TBK1;JUN
prerank,GO_Biological_Process_2025__Glutathione Metabolic Process (GO:0006749),-0.657775563291138,-1.971781782710848,0.0,0.0015624451650297297,0.395,12/19,18.37%,HPGDS;GSTO1;GSTT2;GSTT2B;GSTT4;GSTO2;SOD1;GGT5;OPLAH;HAGH;GGT1;GGT7
prerank,GO_Biological_Process_2025__Intracellular Monoatomic Cation Homeostasis (GO:0030003),0.4305720378124417,1.9710715453863,0.0,0.004516345468735359,0.453,23/112,7.16%,SLC12A2;ATP6V1A;PRKCA;ATP2C1;ATP13A3;ATP7A;ATP13A4;ATP2A2;ATP13A2;ATP4A;ATP1A4;ATP2A1;ATP12A;ATP2C2;ATP1A2;ATP13A5;SLC24A5;TNNI3;APP;PICALM;SLC24A1;CSRP3;SLC22A17
prerank,WikiPathways_2024_Human__Tryptophan Metabolism WP465,-0.6507482806536018,-1.970824728898829,0.0037243947858473,0.0015738825724477476,0.399,11/18,13.01%,GCDH;GOT2;AOX1;KYAT3;KYAT1;ECHS1;ALDH2;MAOA;IL4I1;ACAT1;AFMID
prerank,GO_Biological_Process_2025__Protein Lipidation (GO:0006497),0.6091389073905464,1.9698440071234062,0.0,0.004528614775127638,0.454,12/21,21.11%,ZDHHC23;ZDHHC17;ZDHHC18;ZDHHC21;ZDHHC1;ZDHHC12;ZDHHC15;ZDHHC20;ZDHHC7;ZDHHC2;ZDHHC9;ZDHHC14
prerank,KEGG_2021_Human__Calcium signaling pathway,0.439944765973846,1.969784175116261,0.0,0.0045037322763632,0.454,45/104,17.73%,PRKCA;PRKCB;PRKCG;ATP2B2;ATP2A2;ATP2B3;ATP2B1;ATP2A1;PPP3R1;LHCGR;GRIN2A;GRIN2D;GRIN2C;EGF;HTR7;ADCY3;TACR2;PPP3CB;PPP3CC;SLC25A31;ATP2B4;GNA14;GNAS;GNA15;GNAQ;GNAL;GNA11;ITPKC;ITPKA;ITPKB;ATP2A3;PLCB4;VDAC2;PDGFB;PDGFA;PLCB3;PLCD4;PLCZ1;PLCB1;PLCD3;PLCB2;PLCG1;PLCE1;PLCG2;PLCD1
prerank,GO_Molecular_Function_2025__Chloride Channel Activity (GO:0005254),-0.5759953548985555,-1.9693598176900573,0.0,0.0015905900530494544,0.404,10/30,5.00%,CLIC6;CLIC2;CLIC1;CLIC4;CLIC3;SLC26A11;TTYH2;TTYH1;TTYH3;CFTR
prerank,WikiPathways_2024_Human__Vitamin D Sensitive Calcium Signaling In Depression WP4698,0.5735140350738539,1.966932031333408,0.002277904328018223,0.004632516296841585,0.463,12/26,15.48%,CALB1;ATP2B2;ATP2B3;ATP2B1;GRIN2B;GRIN2A;GRIN2D;GRIN2C;TPH2;TPH1;ATP2B4;VDR
prerank,GO_Biological_Process_2025__Synaptic Vesicle Exocytosis (GO:0016079),0.6199731317558825,1.9650886640095144,0.0,0.004747695617956549,0.473,15/19,25.09%,SNAP25;SYT7;SYT12;SYT13;CPLX2;CPLX3;CPLX4;CPLX1;STX1B;STX1A;STX2;SNAP29;RIMS1;RIMS2;RIMS3
prerank,Reactome_2022__Formation Of Tubulin Folding Intermediates By CCT/TriC R-HSA-389960,0.6579466803615517,1.9650279251280887,0.0,0.0047220323984000275,0.473,6/17,4.00%,TUBA1C;TUBA1B;TUBA3E;TUBA1A;TUBA3C;TUBA3D
prerank,GO_Molecular_Function_2025__Metal Cation:Proton Antiporter Activity (GO:0051139),0.6747678989389431,1.9649321652535616,0.0022675736961451248,0.004696645127440888,0.473,13/16,23.47%,SLC9B1;SLC9B2;SLC17A6;SLC17A7;SLC9A8;SLC9A1;SLC9A3;SLC9C2;SLC9A9;SLC9C1;SLC9A4;SLC9A5;SLC9A2
prerank,Reactome_2022__SARS-CoV-2 Modulates Host Translation Machinery R-HSA-9754678,-0.5591883377107904,-1.9642790186658263,0.0017921146953405018,0.0017269409206546757,0.417,27/38,33.66%,RPS7;RPS28;RPS8;RPS16;RPS17;RPS24;SMN1;RPS15;RPS6;RPS5;RPS14;RPS15A;RPS29;RPS9;RPS11;GEMIN2;RPS21;RPS3;RPSA;FAU;RPS12;RPS25;RPS2;RPS23;RPS4Y2;RPS4X;RPS4Y1
prerank,KEGG_2021_Human__Glutathione metabolism,-0.5904129387769305,-1.9611495392553608,0.0,0.0017828983979466734,0.425,15/29,18.37%,HPGDS;GSTO1;GSTT2;GSTT2B;GSTO2;G6PD;PRDX6;PGD;GGCT;GGT6;GGT5;OPLAH;SRM;GGT1;GGT7
prerank,KEGG_2021_Human__Gap junction,0.493928879086601,1.9600314679611763,0.0,0.004941733519502882,0.49,24/50,17.67%,PRKCA;PRKCB;PRKCG;EGF;TUBA1C;TUBA1B;TUBA3E;TUBA1A;TUBA3C;TUBA3D;ADCY3;GUCY1B1;MAPK1;GRB2;MAPK3;GNAS;GNAQ;GNA11;PLCB4;PDGFB;PDGFA;PLCB3;PLCB1;PLCB2
prerank,GO_Biological_Process_2025__Glycoprotein Metabolic Process (GO:0009100),-0.5924396827096513,-1.9595586857747314,0.0,0.001820011083896691,0.431,12/27,13.38%,GANC;PCSK6;MAN2B1;GLB1;MANBA;HEXA;HEXB;HIF1A;STT3B;PRKCSH;FUT8;NGLY1
prerank,KEGG_2021_Human__cGMP-PKG signaling pathway,0.44199451182093097,1.9592620273576997,0.0,0.004939338092717362,0.493,44/90,27.17%,PRKCE;ATP2B2;ATP2A2;ATP2B3;ATP1A4;ATP2B1;ATP2A1;ATP1A2;PPP3R1;CNGB1;CNGA1;ADCY3;PPP1CB;GUCY1B1;MAPK1;IRS2;IRS1;IRS4;PPP3CB;PPP3CC;SLC25A31;MAPK3;ATP2B4;GNAQ;GNA13;GNA11;ATP2A3;PLCB4;VDAC2;PLCB3;PLCB1;PLCB2;CALML4;EDNRA;EDNRB;CALML5;PPP1CC;CREB3L2;ATF6B;CREB3L4;CREB3;CREB3L3;CREB1;CREB3L1
prerank,Reactome_2022__Sphingolipid De Novo Biosynthesis R-HSA-1660661,-0.566669397172258,-1.9589379659117359,0.0,0.0018252555391862438,0.432,15/36,16.58%,ALDH3A2;ALDH3B1;ALDH3B2;SPHK2;SPHK1;SGPP1;SGPP2;PLPP2;PLPP3;PLPP1;DEGS1;DEGS2;ORMDL3;ORMDL2;ORMDL1
prerank,GO_Molecular_Function_2025__E-box Binding (GO:0070888),0.5150224999097841,1.9584056725089667,0.0,0.00496073199999214,0.495,25/41,19.94%,BMAL2;SCRT2;CLOCK;BMAL1;OLIG1;NEUROD2;OLIG2;NEUROG3;NEUROG2;ATOH7;NEUROD6;OLIG3;NEUROG1;BHLHE22;ATOH1;NEUROD1;BHLHE23;NEUROD4;PPARG;TFAP4;SCX;TCF21;FIGLA;HAND2;TCF15
prerank,KEGG_2021_Human__Tyrosine metabolism,-0.6099985995762828,-1.958261409314114,0.0018115942028985507,0.0018383594582129495,0.434,11/25,10.11%,ALDH3A1;ALDH3B1;GOT2;GOT1;GOT1L1;AOX1;FAH;ALDH3B2;MAOA;MAOB;IL4I1
prerank,GO_Molecular_Function_2025__Phospholipase Activity (GO:0004620),-0.5222563520948472,-1.9555607269056248,0.0,0.00191956881861743,0.447,15/47,10.98%,PDIA3;PNLIP;LIPI;LPL;LIPG;LIPH;LIPC;PLA1A;PNLIPRP3;PNLIPRP2;PNLIPRP1;PLD4;PLD3;PRKCSH;LYPLAL1
prerank,Reactome_2022__Activation Of NMDA Receptors And Postsynaptic Events R-HSA-442755,0.52884786780473,1.9530565969834996,0.0,0.005224199556449333,0.516,15/39,12.10%,PRKCA;GRIN3B;GRIA2;GRIA1;GRIN2B;GRIN2A;GRIN3A;GRIN2D;GRIA3;GRIN2C;GRIA4;MAPK1;LIN7A;PRKAR2A;MAPK3
prerank,GO_Biological_Process_2025__Maturation of 5.8S rRNA Frm Tricistronic rRNA Trnscpt (GO:0000466),0.654091476203607,1.9530501594164884,0.0,0.005196847726310855,0.516,8/16,12.85%,PES1;WDR12;KRI1;FTSJ3;RRS1;NOL9;UTP20;URB1
prerank,Reactome_2022__Extra-nuclear Estrogen Signaling R-HSA-9009391,0.5250656222145079,1.9518366109386451,0.0,0.005216566157776165,0.521,14/40,17.45%,GNGT2;GNGT1;GNG5;GNG11;GNG10;PRKCZ;KCNH8;EGF;MAPK1;MAPK3;GNB5;GNAT3;ZDHHC21;ZDHHC7
prerank,KEGG_2021_Human__Aldosterone synthesis and secretion,0.46496900568113864,1.9513850831353377,0.0,0.005212808785372275,0.523,33/62,27.17%,PRKCA;PRKCE;PRKCB;PRKCG;ATP2B2;ATP2B3;ATP1A4;ATP2B1;ATP1A2;KCNK3;KCNK9;ADCY3;LDLR;ATP2B4;GNAS;GNAQ;GNA11;PLCB4;PLCB3;PLCB1;PLCB2;CALML4;NR4A2;NR4A1;CALML5;CREB3L2;ATF6B;CREB3L4;ATF1;CREB3;CREB3L3;CREB1;CREB3L1
prerank,GO_Biological_Process_2025__Carboxylic Acid Transmembrane Transport (GO:1905039),-0.570609201473471,-1.9512382882607935,0.0,0.0020133826742226553,0.467,17/32,9.52%,SLC16A9;SLC16A7;SLC16A14;SLC16A4;SLC16A12;SLC16A1;SLC16A3;ABCC5;ABCC1;SLC46A1;SLC27A1;SFXN1;SFXN3;SLC13A3;SLC13A2;SLC7A8;SLC7A10
prerank,Reactome_2022__DNA Replication Pre-Initiation R-HSA-69002,-0.46275150220352285,-1.9496466308516878,0.0,0.0020779760956959013,0.477,33/84,16.83%,PSMD14;PSMD2;PSMA1;PSMD11;PSMA4;PSMC4;PSMB1;PSMB4;PSMC3;PSMC1;PSMA7;PSMB9;PSMB6;PSMB5;PSMB8;PSMB7;PSMB10;PSMB2;PSMB3;PSMC6;PSMC5;PSMA3;PSMA2;PSMD7;PSMD8;POLA2;PSMA5;GMNN;PSMD9;PSMD4;PSMC2;PSMD6;CDT1
prerank,GO_Biological_Process_2025__O-glycan Processing (GO:0016266),-0.5850759814816339,-1.9478368271741107,0.0,0.0021240000041596084,0.487,11/29,11.87%,GALNT6;GALNT15;GALNT11;GALNT9;GALNT8;GALNT12;GALNT10;GALNT14;GALNT3;GALNT5;GALNT18
prerank,Reactome_2022__C-type Lectin Receptors (CLRs) R-HSA-5621481,-0.46267329749822034,-1.9468871766949176,0.0,0.0021438371047795895,0.489,38/88,16.28%,PSMD14;PSMD2;PSMA1;PSMD11;PSMA4;PSMC4;PSMB1;PSMB4;PSMC3;PSMC1;PSMA7;PSMB9;PSMA8;PSMB6;PSMB5;PSMB11;PSMB8;PSMB7;PSMB10;PSMB2;PSMB3;PSMC6;PSMC5;PSMA3;PSMA2;PSMD7;PSMD8;PRKACB;PRKACG;IKBKB;CHUK;PSMA5;CASP8;PYCARD;PSMD9;PSMD4;PSMC2;PSMD6
prerank,WikiPathways_2024_Human__Sphingolipid Metabolism Overview WP4725,-0.6285681858444574,-1.9468465496284701,0.0,0.0021377118559087905,0.489,12/21,13.99%,UGT8;GBA1;SPHK2;SPHK1;CERK;SGPP1;SGPP2;PLPP2;PLPP3;PLPP1;DEGS1;DEGS2
prerank,GO_Biological_Process_2025__Sodium Ion Import Across Plasma Membrane (GO:0098719),0.6108727839074868,1.9446420408316551,0.0021691973969631237,0.005608453726838451,0.547,14/20,23.47%,SLC12A2;SLC5A2;HCN4;HCN2;HCN1;HCN3;SLC9A1;SLC9A3;SLC9C2;SLC9A9;SLC9C1;SLC9A4;SLC9A5;SLC9A2
prerank,GO_Molecular_Function_2025__Aminopeptidase Activity (GO:0004177),0.6056377426316513,1.9445758210722737,0.0,0.005579692425675176,0.547,7/20,2.17%,LVRN;ERAP1;ERAP2;TRHDE;ANPEP;LNPEP;RNPEPL1
prerank,GO_Biological_Process_2025__Inositol Phosphate Metabolic Process (GO:0043647),0.6326713706448658,1.9442324281262202,0.0022172949002217295,0.005574139879033084,0.548,10/19,14.17%,INPP5A;SYNJ1;INPP5J;OCRL;IP6K1;IP6K2;ITPKC;IP6K3;ITPKA;ITPKB
prerank,GO_Biological_Process_2025__Barbed-End Actin Filament Capping (GO:0051016),-0.682393943900188,-1.9414200636498533,0.0,0.0022617870301332426,0.508,6/16,5.87%,VIL1;VILL;GSN;SVIL;SCIN;AVIL
prerank,GO_Biological_Process_2025__Actin Filament Capping (GO:0051693),-0.682393943900188,-1.9414200636498533,0.0,0.0022617870301332426,0.508,6/16,5.87%,VIL1;VILL;GSN;SVIL;SCIN;AVIL
prerank,GO_Molecular_Function_2025__Neuropeptide Receptor Activity (GO:0008188),0.6426315375129867,1.940516882516483,0.0,0.005716836882838445,0.557,15/17,33.71%,SSTR2;TACR2;GALR2;NMBR;GRPR;NMUR2;NTSR1;NMUR1;NTSR2;KISS1R;CCKBR;SSTR5;OPRM1;SSTR1;SSTR4
prerank,GO_Biological_Process_2025__Positive Regulation of Synaptic Transmission (GO:0050806),0.49543872113312487,1.9404246826489773,0.002331002331002331,0.005693634920404697,0.558,24/47,19.20%,PRKCZ;SLC18A3;TSHZ3;LGI1;GRIK5;GRIN2B;GRIN2A;GRIN2D;GRIA3;GRIN2C;BAIAP3;APP;SLC24A1;RAPSN;CLSTN2;CLSTN1;CLSTN3;NALCN;STX1B;STX4;ZDHHC12;ZDHHC2;EIF2AK4;MICU3
prerank,GO_Biological_Process_2025__Hexose Biosynthetic Process (GO:0019319),-0.5962585890492906,-1.9392698258682854,0.0,0.002342519371718735,0.519,13/24,11.41%,PER2;SORD;TPI1;PFKFB1;PGK2;PGK1;FBP1;PGM1;PCK1;PCK2;ENO2;ENO1;ENO3
prerank,Reactome_2022__Deubiquitination R-HSA-5688426,-0.4283105973239941,-1.9371864831989296,0.0,0.0024125728321421256,0.532,48/144,17.03%,PSMD14;USP8;PSMD2;PSMA1;GATA3;PSMD11;PSMA4;PSMC4;PSMB1;CFTR;PSMB4;PSMC3;PSMC1;PSMA7;PSMB9;PSMA8;PSMB6;PSMB5;PSMB11;PSMB8;PSMB7;PSMB10;PSMB2;PSMB3;PSMC6;ADRM1;PSMC5;PSMA3;USP12;UCHL5;VCP;CLSPN;PSMA2;HIF1A;PSMD7;RHOA;PSMD8;PSMA5;PSMD9;PSMD4;PSMC2;TADA2B;CCNA1;CCNA2;OTUB1;OTUB2;PSMD6;USP14
prerank,KEGG_2021_Human__Arrhythmogenic right ventricular cardiomyopathy,-0.5197597455293824,-1.9362181795470688,0.0,0.0024312617766164657,0.535,13/46,2.42%,ITGA7;ITGA3;ITGA11;ITGAV;ITGA2;ITGA9;ITGA10;ITGA8;ITGA4;ITGA5;ITGA1;ITGA6;ITGA2B
prerank,Reactome_2022__Influenza Viral RNA Transcription And Replication R-HSA-168273,-0.43907908229204007,-1.9360185907434477,0.0,0.0024269737233452208,0.536,61/115,29.24%,SEH1L;DNAJC3;RPS7;RPL8;RPL26L1;RPL26;RPS28;GRSF1;RPS8;RPS16;RPL27A;RPL35;RPL30;NUP85;RPLP2;SEC13;RPS17;RPS24;RPL23;RPL7;RPL18;RPS15;RPS6;RPS5;RPL19;RPL11;NUP210;NUP93;RPL29;RPS14;RPL15;RPL7A;NUP43;NDC1;NUP133;RPS15A;RPL31;RPS29;RPL13A;NUP205;RPLP0;RPL18A;RPS9;NUP50;RPS11;POLR2C;RPL14;RPL12;RPS21;RPS3;RPL9;RPL6;RPSA;RPL4;FAU;RPS12;RPS25;RPLP1;RPL27;NUP58;UBA52
prerank,GO_Biological_Process_2025__Axon Guidance (GO:0007411),0.5016378790261617,1.934533573396252,0.0,0.006099492637958621,0.582,15/47,9.56%,FEZ2;LGI1;LGR6;NTN1;NTN3;EFNA5;EFNA2;EFNB3;EFNA3;EFNB1;EFNA4;EFNB2;EFNA1;ENAH;EVL
prerank,KEGG_2021_Human__Epithelial cell signaling in Helicobacter pylori infection,0.509256057028384,1.9344651094677352,0.0,0.006074609416373609,0.583,23/43,23.52%,ATP6V1A;IGSF5;ATP6V0E1;ATP6V0E2;ATP6V1B2;ATP6V1E1;ATP6V1E2;ADAM17;MAPK10;MAPK13;MAPK12;MAPK9;MAPK8;ATP6V1H;ATP6V1C1;ATP6V1C2;PLCG1;PLCG2;ADAM10;MAP2K4;NFKBIA;ATP6V1D;ATP6V0A1
prerank,Reactome_2022__Insulin Receptor Recycling R-HSA-77387,0.6149644926117908,1.9323971549031616,0.0042643923240938165,0.006170107110205438,0.592,11/20,23.52%,ATP6V1A;ATP6V0E1;ATP6V0E2;ATP6V1B2;ATP6V1E1;ATP6V1E2;ATP6V1H;ATP6V1C1;ATP6V1C2;ATP6V1D;ATP6V0A1
prerank,Reactome_2022__Transferrin Endocytosis And Recycling R-HSA-917977,0.6149644926117908,1.9323971549031616,0.0042643923240938165,0.006170107110205438,0.592,11/20,23.52%,ATP6V1A;ATP6V0E1;ATP6V0E2;ATP6V1B2;ATP6V1E1;ATP6V1E2;ATP6V1H;ATP6V1C1;ATP6V1C2;ATP6V1D;ATP6V0A1
prerank,WikiPathways_2024_Human__Photodynamic Therapy Induced Unfolded Protein Response WP3613,-0.6758579030552512,-1.9308979400256712,0.0,0.002597570538808486,0.562,8/16,14.08%,ERP27;DNAJC3;SULT1E1;PDIA6;HSP90B1;TRIB3;DNAJB11;HSPA5
prerank,KEGG_2021_Human__Glycosaminoglycan biosynthesis,0.5218339496225414,1.9302373211452006,0.0022123893805309734,0.00623374412668845,0.598,17/38,15.98%,HS3ST5;EXT2;EXTL1;HS3ST3B1;HS3ST2;HS3ST3A1;NDST3;CHST1;CHST3;CHST6;CHST7;CHST4;CHST2;HS6ST1;HS6ST3;HS6ST2;UST
prerank,WikiPathways_2024_Human__Hippo Signaling Regulation WP4540,0.5160058295023868,1.9300667700479965,0.0,0.006225203191184219,0.599,17/40,17.67%,PRKCA;PRKCE;PRKCB;PRKCG;PRKCZ;PRKCH;PRKCI;PRKAR2A;GNAS;GNAQ;GNAL;GNA11;PLCB4;PRKAR1B;PLCB3;PLCB1;PLCB2
prerank,GO_Biological_Process_2025__Regulation of Microtubule Polymerization or Depolymerization (GO:0031110),0.6422194805727133,1.9284332079118316,0.0,0.006309859832886161,0.604,10/17,22.65%,STMN1;STMN3;STMN2;STMN4;GBA2;ARL2;GAS2L1;MAPRE2;MAPRE3;MAPRE1
prerank,Reactome_2022__Nonsense Mediated Decay (NMD) Enhanced By Exon Junction Complex (EJC) R-HSA-975957,-0.4527268617661912,-1.9276301343632831,0.0,0.0026939273453877506,0.578,52/92,29.24%,RPS7;RPL8;RPL26L1;RPL26;RPS28;RPS8;RPS16;RPL27A;RPL35;RPL30;RPLP2;RPS17;RPS24;RPL23;RPL7;RPL18;RPS15;RPS6;RPS5;RPL19;RPL11;RPL29;RPS14;RPL15;RPL7A;RPS15A;RPL31;RPS29;PPP2R2A;RPL13A;RPLP0;RPL18A;RPS9;RPS11;RPL14;RPL12;RPS21;RPS3;PNRC2;RPL9;UPF3A;UPF3B;RPL6;RPSA;PPP2CA;RPL4;FAU;RPS12;RPS25;RPLP1;RPL27;UBA52
prerank,Reactome_2022__Interleukin-4 And Interleukin-13 Signaling R-HSA-6785807,-0.542783884016398,-1.9274201140902865,0.0,0.002696503757373337,0.579,18/40,20.05%,CD36;GATA3;ITGAX;ITGAM;MCL1;SOX2;TWIST1;HSP90B1;MAOA;HIF1A;ITGB2;ITGB1;ANXA1;CCND1;STAT6;SOCS3;SOCS5;SOCS1
prerank,GO_Molecular_Function_2025__Monoatomic Cation Channel Activity (GO:0005261),0.4552497336259666,1.9256117836519022,0.0,0.006508159685542854,0.621,17/75,3.13%,KCNK6;KCNK10;KCNK13;KCNK3;KCNK4;KCNK9;KCNK7;KCNK5;KCNK1;KCNK12;KCNK17;KCNK16;MINDY4;HCN1;SLC24A5;GRIN3B;GRIA2
prerank,GO_Cellular_Component_2025__Azurophil Granule (GO:0042582),-0.4641202480789452,-1.9251592108600073,0.0,0.0027719456602632963,0.6,36/88,19.59%,GAA;ACLY;PRCP;DDOST;PSMD1;CYB5R3;GUSB;MAN2B1;C3;NPC2;GLB1;MANBA;CREG1;DNAJC5;DNAJC3;IST1;LYZ;HEXA;HEXB;VCP;PSEN1;ARSA;GALNS;GNS;MAGT1;TOM1;TXNDC5;ANXA2;ANXA11;PYCARD;ACP3;VAMP1;PTGES2;PYGB;ADA2;CAP1
prerank,GO_Biological_Process_2025__Oxoacid Metabolic Process (GO:0043436),-0.6872176054144862,-1.9234581393983756,0.0,0.002831932791191761,0.608,12/15,14.04%,GRHPR;SULT1A2;SULT2A1;SULT1B1;SULT1A3;SULT1A1;SULT1E1;SULT1C4;SULT1C3;SULT2B1;PPA2;MTARC1
prerank,GO_Cellular_Component_2025__Collagen-Containing Extracellular Matrix (GO:0062023),-0.46664835664003784,-1.922012837560947,0.0,0.002889089289319369,0.616,43/84,20.35%,ACHE;TPSAB1;TPSB2;AGXT;PCSK6;PZP;A2M;CTSL;PKM;CPA4;CTSF;TINAG;TIMP3;TIMP2;HSP90B1;TGFB1I1;SULF1;CTSD;SGPP2;ANXA6;ANXA2;ANXA5;ANXA7;ANXA4;ANXA1;ANXA11;ANXA8L1;PLPPR3;PLPPR2;GPC1;PLSCR1;SPON1;WNT8A;WNT5A;WNT2B;WNT5B;WNT2;THBS4;COMP;THBS2;THBS3;THBS1;NID2
prerank,GO_Molecular_Function_2025__GTPase Activity (GO:0003924),0.4100733770035263,1.919435335488448,0.0,0.007051704431126552,0.654,35/124,14.27%,GNGT2;GNGT1;GNG5;GNG11;GNG10;MX2;RIT2;GNAO1;RGS9BP;TUBA1B;TPPP;DIRAS2;RGS17;RRAS;GFM2;RAB30;RAP1GAP;GNL2;GNB5;ARL2;GTPBP10;GSPT1;EEF1A1;EEF1A2;GSPT2;GNAZ;GNA14;GNAS;GNA15;GNAT3;GNAQ;GNAL;GNA13;GNA11;GTPBP4
prerank,GO_Biological_Process_2025__Epithelium Development (GO:0060429),-0.49077367763247803,-1.917823575945058,0.0,0.003013223712871725,0.628,28/63,19.47%,AKR1C2;AKR1C1;ALDH1A2;CES1;GATA6;VIL1;PGK1;SOX10;SOX9;SOX8;SOX18;SOX17;SULT1B1;RCN3;VCL;PTER;SMOX;HNRNPH3;CBR1;ANXA7;ANXA4;CASP6;WNT7B;WNT4;WNT2;KANK2;NHERF1;CPT1A
prerank,GO_Biological_Process_2025__Calcium Ion Import (GO:0070509),0.648979424602977,1.9176660677624713,0.0,0.007104174953742774,0.658,13/18,18.83%,SLC24A5;NALF1;NALF2;SLC24A1;ENTHD1;ATP2B4;MICU1;TRPV2;TRPV6;TRPV4;TRPV5;TRPV3;TRPV1
prerank,GO_Cellular_Component_2025__Clathrin-Coated Vesicle Membrane (GO:0030665),0.4996349522833943,1.9173532786430119,0.0,0.007118536006062697,0.663,21/45,16.94%,GAD2;GAD1;LDLRAP1;SLC18A3;KIAA0319;SH3GL2;EGF;AP2A2;AP2A1;SLC32A1;SLC17A7;LDLR;SLC18A1;ENTHD1;MYCBPAP;EPN1;EPN2;EPN3;RASSF9;RORA;AP2S1
prerank,KEGG_2021_Human__AGE-RAGE signaling pathway in diabetic complications,0.4969880587560033,1.9172870995821063,0.0,0.007084638215557638,0.663,22/43,17.73%,PRKCA;PRKCE;PRKCB;PRKCZ;MAPK1;SMAD4;MAPK10;MAPK13;MAPK3;MAPK12;MAPK9;MAPK8;PLCB4;PLCB3;PLCD4;PLCB1;PLCD3;PLCB2;PLCG1;PLCE1;PLCG2;PLCD1
prerank,WikiPathways_2024_Human__GPCRs Class A Rhodopsin Like WP455,0.47867316173538627,1.9167185716228679,0.0022988505747126436,0.007093634179311631,0.664,43/54,34.74%,OPN3;OPN4;FSHR;LHCGR;SSTR2;HTR7;HTR1E;HTR1F;HTR1B;GALR2;BRS3;NMBR;EDNRA;EDNRB;GRPR;NMUR2;NTSR1;GPR39;NMUR1;NTSR2;CCKBR;CCKAR;AVPR2;AVPR1B;OXTR;AVPR1A;SSTR5;OPRM1;SSTR1;PTGDR2;OPRD1;SSTR4;NPBWR2;SSTR3;CMKLR2;OPRL1;OPRK1;LTB4R;NPBWR1;PTGER1;PTGER3;PTGFR;TBXA2R
prerank,KEGG_2021_Human__Relaxin signaling pathway,0.4531215087703132,1.9153724390592646,0.0,0.007134324001547842,0.669,40/67,29.67%,GNGT2;GNGT1;GNG5;GNG11;GNG10;PRKCA;PRKCZ;GNAO1;ADCY3;MAPK1;GRB2;MAPK10;MAPK13;MAPK3;MAPK12;MAPK9;MAPK8;GNB5;GNAS;GNA15;PLCB4;PLCB3;PLCB1;PLCB2;MAP2K4;EDNRB;ARRB2;ARRB1;NFKBIA;CREB3L2;ATF6B;CREB3L4;CREB3;CREB3L3;CREB1;CREB3L1;GNB1;GNB2;GNB3;GNB4
prerank,GO_Molecular_Function_2025__D-glucose Transmembrane Transporter Activity (GO:0055056),-0.6166301912633211,-1.9130705453329102,0.0018975332068311196,0.0031888711644625827,0.646,13/22,3.48%,SLC2A7;SLC2A11;SLC2A5;SLC2A14;SLC2A3;SLC2A12;SLC2A4;SLC2A8;SLC2A1;SLC2A9;SLC2A6;SLC2A2;SLC2A10
prerank,GO_Biological_Process_2025__Purine-Containing Compound Biosynthetic Process (GO:0072522),-0.6326187752393164,-1.9117378531167921,0.0,0.0032371439576482355,0.651,9/19,9.79%,SHMT1;ADSL;GART;PFAS;PRPS2;PRPS1L1;HPRT1;PAICS;PANK4
prerank,KEGG_2021_Human__Adrenergic signaling in cardiomyocytes,0.4299150171089619,1.9116331251149956,0.0,0.007438211177790357,0.68,50/91,29.30%,PRKCA;ATP2B2;ATP2A2;ATP2B3;ATP1A4;ATP2B1;ATP2A1;ATP1A2;TNNI3;ADCY3;PPP1CB;MAPK1;TPM3;TPM4;TPM1;TPM2;MAPK13;MAPK3;MAPK12;ATP2B4;GNAS;GNAQ;TNNT2;ATP2A3;PLCB4;PLCB3;PLCB1;PLCB2;CALML4;SLC9A1;CALML5;PPP1CC;MYL4;MYL3;CACNB1;CACNB2;CACNB4;CACNB3;CREB3L2;ATF6B;CREB3L4;CREM;CREB3;CREB3L3;CREB1;CREB3L1;CACNG4;CACNG2;CACNG3;CACNG8
prerank,KEGG_2021_Human__Choline metabolism in cancer,0.4611254223944902,1.9110830119254656,0.0,0.007429687955486576,0.681,26/66,12.15%,PRKCA;PRKCB;PRKCG;EGF;EIF4EBP1;DGKQ;DGKI;DGKG;DGKZ;DGKD;DGKH;DGKK;DGKA;DGKE;DGKB;SLC22A3;SLC22A1;SLC22A5;SLC22A4;SLC22A2;MAPK1;GRB2;MAPK10;MAPK3;MAPK9;MAPK8
prerank,KEGG_2021_Human__Central carbon metabolism in cancer,-0.5490082448955672,-1.9090268591875894,0.0,0.0033691975104607756,0.663,15/35,15.10%,HK1;SLC16A3;G6PD;SLC2A1;SLC2A2;MAP2K1;MAP2K2;PKM;SLC7A5;HIF1A;PFKP;PFKM;PFKL;PIK3CD;PIK3CB
prerank,KEGG_2021_Human__Oxidative phosphorylation,0.43433987085676623,1.9082661840567936,0.0,0.007572697978542521,0.685,47/89,33.22%,ATP6V1A;ATP4A;ATP12A;COX7A1;COX7A2;COX7A2L;ATP6V0E1;ATP6V0E2;ATP6V1B2;COX15;ATP6V1E1;ATP6V1E2;ATP5PB;ATP5F1A;NDUFB5;ATP6V1H;NDUFA12;ATP5PF;ATP6V1C1;ATP6V1C2;COX7C;COX5B;NDUFS2;NDUFS7;NDUFB11;UQCRQ;ATP6V1D;COX6B2;NDUFS8;ATP6V0A1;ATP5PD;NDUFA10;NDUFA13;COX10;SDHA;NDUFA8;SDHC;ATP6V1G2;ATP5F1C;ATP5MF;SDHD;NDUFA6;ATP5MG;ATP6V0D2;ATP6V0D1;COX4I1;COX4I2
prerank,GO_Biological_Process_2025__Synaptic Vesicle Cycle (GO:0099504),0.5592866368275163,1.907523390850207,0.0,0.007605218025736452,0.687,10/24,6.71%,SNAP25;SYT7;SLC32A1;SLC17A6;SLC17A8;SLC17A7;CPLX2;CPLX3;CPLX4;CPLX1
prerank,Reactome_2022__EPH-Ephrin Signaling R-HSA-2682334,0.48577865144160753,1.906785478925517,0.0,0.0076219151003162995,0.689,19/48,18.71%,PKN1;PKN2;GRIN2B;ITSN1;AP2A2;AP2A1;EFNA5;EFNA2;EFNB3;EFNA3;EFNB1;EFNA4;EFNB2;EFNA1;NCK2;ARHGEF28;AP2S1;ADAM10;SDCBP
prerank,GO_Biological_Process_2025__Striated Muscle Contraction (GO:0006941),0.561907266931649,1.905807603573901,0.0020920502092050207,0.007643609671097047,0.692,13/25,13.92%,ATP1A2;KCNH2;TNNI2;TNNI3;TNNI1;GRK2;CSRP3;DTNA;TPM1;TNNT2;TNNT1;TNNT3;LMOD3
prerank,Reactome_2022__Leishmania Infection R-HSA-9658195,0.4324056997903454,1.905276171131507,0.0,0.0076394703115291954,0.694,31/97,13.67%,GNGT2;GNGT1;GNG5;GNG11;GNG10;PRKCA;FSHR;LHCGR;TSHR;NCKIPSD;HTR7;DPEP1;DPEP3;DPEP2;CRHR1;MAPK1;GRB2;RHBDF2;ADAM17;NCK1;PRKAR2A;MAPK3;MAPK8;GNB5;FSHB;LHB;GPHB5;TSHB;GNAZ;GNAS;GNAT3
prerank,GO_Molecular_Function_2025__Ribonucleoside Triphosphate Phosphatase Activity (GO:0017111),0.4051834034880095,1.904876335326715,0.0,0.007650680150515913,0.697,35/126,14.27%,GNGT2;GNGT1;GNG5;GNG11;GNG10;MX2;RIT2;GNAO1;RGS9BP;TUBA1B;TPPP;DIRAS2;RGS17;RRAS;GFM2;RAB30;RAP1GAP;GNL2;GNB5;ARL2;GTPBP10;GSPT1;EEF1A1;EEF1A2;GSPT2;GNAZ;GNA14;GNAS;GNA15;GNAT3;GNAQ;GNAL;GNA13;GNA11;GTPBP4
prerank,GO_Biological_Process_2025__Renal System Development (GO:0072001),-0.5784216788031349,-1.904507875323759,0.0,0.0035449043589445266,0.677,10/27,11.47%,CYP4A22;CYP4A11;GATA3;ITGA8;AGXT;PCSK9;SOX17;SULF2;SULF1;SIX2
prerank,GO_Molecular_Function_2025__Metal Ion Transmembrane Transporter Activity (GO:0046873),0.5938756653870327,1.9028069666605283,0.0,0.00779388834546141,0.703,10/21,14.93%,SLC12A2;SLC12A6;ATP2B3;ATP2B1;MINDY4;SLC41A2;SLC41A1;SLC4A8;ATP2B4;ZDHHC13
prerank,WikiPathways_2024_Human__Common Pathways Underlying Drug Addiction WP2636,0.5751988191933075,1.8993275480149014,0.0022123893805309734,0.0080066166309632,0.711,12/23,13.65%,PRKCA;PRKCB;PRKCG;GRIA2;GRIA1;GRIN2A;GRIA3;GRIA4;PPP1CB;MAPK1;MAPK3;GNAS
prerank,Reactome_2022__Post-translational Modification: Synthesis Of GPI-anchored Proteins R-HSA-163125,0.516920201199398,1.8985911954489811,0.0,0.008031134851682987,0.712,10/35,12.72%,LSAMP;NTM;NEGR1;OPCML;ALPP;ALPG;ALPL;PIGO;CPM;PIGL
prerank,GO_Molecular_Function_2025__Syntaxin Binding (GO:0019905),0.5565730380463028,1.8975115544831123,0.0021691973969631237,0.00814065032693321,0.718,6/28,3.35%,SNAP25;NSF;NAPB;NAPG;STXBP1;BAIAP3
prerank,KEGG_2021_Human__GnRH secretion,0.4965223788427416,1.8942558053520333,0.0,0.008418867188681272,0.729,21/40,17.67%,PRKCA;PRKCB;PRKCG;HCN2;HCN1;HCN3;GABBR1;MAPK1;KCNN4;KCNN3;KCNN1;KCNN2;GABBR2;MAPK3;LHB;GNAQ;GNA11;PLCB4;PLCB3;PLCB1;PLCB2
prerank,GO_Biological_Process_2025__Phospholipid Metabolic Process (GO:0006644),-0.5089217883188193,-1.894242813085598,0.0,0.003987628872691435,0.715,21/47,13.33%,PGP;PIP5K1A;LPL;LIPG;PNLIPRP2;PLAA;PLA2G3;AGPAT1;AGPAT2;PRKCSH;PLPP6;PLPP4;PLPPR4;PLPPR3;PLPP2;PLPP3;PLPP5;PLPPR1;PLPP1;PLPPR2;PLPPR5
prerank,"Reactome_2022__Transport Of Vitamins, Nucleosides, And Related Molecules R-HSA-425397",-0.5692224287426428,-1.8940950824372689,0.0035587188612099642,0.0039817258936979795,0.715,21/28,26.68%,SLC16A2;SLC29A3;SLC27A1;SLC27A6;SLC27A4;SLCO2B1;SLCO2A1;SLCO3A1;SLCO1B3;SLCO1C1;SLCO1B1;SLC35B4;SLC35A1;SLC35A3;SLC35A2;SLC29A2;SLC29A1;SLC35C1;SLC5A6;SLC33A1;SLCO4A1
prerank,GO_Cellular_Component_2025__Golgi Cisterna Membrane (GO:0032580),-0.5940648604130011,-1.8934114972223623,0.0,0.0040076420998793345,0.716,20/23,29.12%,SLC30A7;RAB21;GOLGA8T;GOLGA2;GOLGA8R;GOLGA8Q;GOLGA6A;GOLGA6D;GOLGA8N;GOLGA8H;GOLGA8A;GOLGA8B;GOLGA8O;GOLGA8J;GOLGA8S;GOLGA8K;GOLGA6B;GOLGA8M;GOLGA6C;TMEM115
prerank,GO_Biological_Process_2025__Positive Regulation of Protein Polymerization (GO:0032273),0.5233683679303783,1.8923632346001438,0.0,0.008520729515221516,0.734,13/34,13.95%,PKN1;PRKCE;TPPP;TPPP3;TPPP2;EVL;NCK2;NCK1;CLIP1;ARL2;FCHSD1;FCHSD2;LMOD1
prerank,WikiPathways_2024_Human__Chronic Hyperglycemia Impairment Of Neuron Function WP5283,0.5951068282415285,1.8917563323683124,0.0022222222222222222,0.008522765008844552,0.736,8/22,0.48%,SNAP25;PRKCA;PRKCE;PRKCB;PRKCG;PRKCZ;PRKCH;PRKCI
prerank,GO_Biological_Process_2025__Response to cAMP (GO:0051591),0.5748017853979493,1.8886725949008851,0.0,0.008761171767461693,0.744,8/23,5.23%,SLC5A5;MINDY4;HCN4;HCN2;HCN1;HCN3;INPP5K;DGKQ
prerank,Reactome_2022__Host Interactions Of HIV Factors R-HSA-162909,-0.4410347271930453,-1.888233820931193,0.0,0.004223628179181429,0.737,46/100,23.52%,PSMD14;PSMD2;PSMA1;SEH1L;PSMD11;PSMA4;PSMC4;PSMB1;PSMB4;PSMC3;PSMC1;PSMA7;PSMB9;PSMA8;PSMB6;PSMB5;PSMB11;PSMB8;PSMB7;PSMB10;PSMB2;PSMB3;PSMC6;PSMC5;PSMA3;PSMA2;PSMD7;NUP85;PSMD8;SEC13;PSMA5;PSMD9;PSMD4;PSMC2;PSMD6;AP1G1;NUP210;NUP93;NUP43;NDC1;NUP133;PPIA;NUP205;CUL5;PSMD13;NUP50
prerank,GO_Molecular_Function_2025__Endopeptidase Activity (GO:0004175),-0.408100031029028,-1.8876244683213923,0.0,0.004234162601572017,0.738,58/158,20.58%,PDIA3;ECEL1;ECE1;KEL;MMEL1;USP8;TPSAB1;TPSB2;TPSG1;TPSD1;PCSK6;PCSK4;PCSK9;CTSV;CTSL;GZMK;PIK3IP1;GZMA;HABP2;DPP4;PSMB9;PSMB6;PSMB5;PSMB11;PSMB8;PSMB7;PSMB10;ATG4A;ATG4B;CTSF;CTSW;TINAG;USP12;PSEN1;UBAC2;DDI2;CTSD;CASP1;CASP6;CFLAR;CASP12;CASP5;CASP8;CASP9;CASP4;CASP2;PROZ;USP14;SEC11C;SEC11A;PRSS36;PRSS53;SPG7;GLMN;TLL1;PARL;CASP3;CASP7
prerank,WikiPathways_2024_Human__Trans Sulfuration One Carbon Metabolism And Related Pathways WP2525,-0.5152171063599468,-1.8869769947030588,0.0017543859649122807,0.0042519170657625465,0.741,14/43,9.68%,SHMT1;SHMT2;ALDH7A1;MTHFD2L;SARDH;PSAT1;PHGDH;PSPH;MTHFD2;AMT;MTHFR;SOD1;BCAT2;BCAT1
prerank,WikiPathways_2024_Human__Striated Muscle Contraction Pathway WP383,0.6031818134651417,1.885409081980009,0.0,0.008997496370981744,0.752,11/20,13.91%,TNNI2;TNNI3;TNNI1;TPM3;TPM4;TPM1;TPM2;TNNT2;TNNT1;TNNT3;TMOD1
prerank,KEGG_2021_Human__Arginine and proline metabolism,-0.5395535352629249,-1.8845780059133297,0.0018796992481203006,0.004368756552321536,0.751,15/37,10.10%,ALDH7A1;ALDH1B1;ALDH3A2;ALDH9A1;GOT2;GOT1;GOT1L1;OAT;CARNS1;ALDH18A1;P4HA3;ALDH2;MAOA;SMOX;MAOB
prerank,GO_Molecular_Function_2025__Calcium Ion Binding (GO:0005509),0.39462142414584056,1.8815714065323481,0.0,0.009300113267051132,0.768,30/147,4.26%,SCGN;CALB2;CALB1;RCVRN;NCS1;KCNIP1;GUCA1B;HPCAL1;HPCAL4;GUCA1C;VSNL1;CLXN;KCNIP4;HPCA;KCNIP3;KCNIP2;ATP2C1;ATP2A2;ATP2A1;PPP3R1;NCALD;SPOCK2;SPOCK1;SPOCK3;ZNF395;BAIAP3;TNNI3;SDF4;SYT12;ITSN1
prerank,Reactome_2022__NCAM Signaling For Neurite Out-Growth R-HSA-375165,0.6247122535238877,1.8806651558697378,0.0021141649048625794,0.009332765265091365,0.77,13/18,27.14%,MAPK1;GRB2;SPTBN1;ENTHD1;MAPK3;GFRA1;GFRA4;GFRA2;CACNB1;CACNB2;CACNB4;CACNB3;CREB1
prerank,KEGG_2021_Human__Long-term potentiation,0.4854154239336952,1.8780169431118006,0.0,0.009578089772295375,0.781,20/46,17.67%,PRKCA;PRKCB;PRKCG;PPP3R1;GRIA2;GRIA1;GRIN2B;GRIN2A;GRIN2D;GRIN2C;PPP1CB;MAPK1;PPP3CB;PPP3CC;MAPK3;GNAQ;PLCB4;PLCB3;PLCB1;PLCB2
prerank,GO_Cellular_Component_2025__mRNA Cleavage and Polyadenylation Specificity Factor Complex (GO:0005847),-0.6199999836952612,-1.8773191774752513,0.003929273084479371,0.00476724391631284,0.781,14/19,27.55%,PIP5K1A;WDR33;CPSF6;CPSF7;SSU72;SSU72L1;SSU72L2;SSU72L5;SSU72L3;SSU72L6;SSU72L4;SYMPK;CSTF2;CSTF2T
prerank,GO_Molecular_Function_2025__Protease Binding (GO:0002020),-0.4945395609797038,-1.8757008581815797,0.0,0.004836374394221083,0.787,30/54,25.81%,ITGA3;ITGAV;BCL2L10;SLC2A13;PZP;DPP4;RNF139;ADRM1;VCP;TIMP2;SYVN1;FAM20C;ITGB1;ANXA2;CFLAR;CARD16;PYCARD;CARD18;ROCK2;GLMN;COMP;THBS1;TRIP4;ITGB3;RIOK3;PARK7;TYSND1;FLOT2;DERL1;SART3
prerank,GO_Biological_Process_2025__Sphingolipid Catabolic Process (GO:0030149),-0.6146255005084413,-1.8737716086520948,0.0,0.004933935420640793,0.794,11/21,13.30%,ALDH3B1;CEL;GBA3;GLB1;ALDH3B2;SPHK1;SGPP1;SGPP2;PLPP2;PLPP3;PLPP1
prerank,GO_Biological_Process_2025__Extracellular Structure Organization (GO:0043062),0.5501363705476825,1.8733596407623336,0.0,0.01005744397354424,0.798,8/26,6.78%,ATP7A;SPINT1;SPOCK2;POSTN;TGFBI;APP;APLP1;NF1
prerank,"Reactome_2022__Platelet Activation, Signaling And Aggregation R-HSA-76002",0.4019524920270186,1.8715779344529426,0.0,0.010172813847980198,0.804,41/118,14.89%,GNGT2;GNGT1;GNG5;GNG11;GNG10;PRKCA;PRKCE;PRKCB;PRKCG;PRKCZ;PRKCH;YWHAZ;EGF;APP;APLP2;DGKQ;DGKI;DGKG;DGKZ;DGKD;DGKH;DGKK;DGKA;DGKE;DGKB;PHACTR2;MAPK1;GRB2;HABP4;NHLRC2;MAPK3;GNB5;TAGLN2;GNA14;GNA15;GNAT3;GNAQ;GNA13;GNA11;STX4;AAMP
prerank,Reactome_2022__Cellular Hexose Transport R-HSA-189200,-0.6192060320983264,-1.870663660237232,0.005607476635514018,0.005086029036013906,0.801,12/19,3.48%,SLC2A7;SLC2A11;SLC2A14;SLC2A3;SLC2A12;SLC2A4;SLC2A8;SLC2A1;SLC2A9;SLC2A6;SLC2A2;SLC2A10
prerank,Reactome_2022__O-linked Glycosylation R-HSA-5173105,-0.5078229871785787,-1.8705747397036558,0.0,0.005074996544657809,0.802,19/46,20.20%,GALNT6;GALNTL5;GALNTL6;GALNT11;GALNT9;GALNT8;GALNT12;GALNT10;GALNT14;GALNT3;GALNT5;GALNT18;SPON1;MUC4;C1GALT1;C1GALT1C1;A4GNT;THBS2;THBS1
prerank,GO_Biological_Process_2025__Intracellular Sodium Ion Homeostasis (GO:0006883),0.6549428928934269,1.8703396431145711,0.002173913043478261,0.010263311461336778,0.809,4/15,1.49%,SLC12A2;ATP4A;ATP1A4;ATP1A2
prerank,GO_Biological_Process_2025__Apoptotic Mitochondrial Changes (GO:0008637),-0.6235367293318492,-1.8700328454203772,0.0019083969465648854,0.005092592060478953,0.804,8/19,6.53%,BCL2L10;BCL2A1;BAX;MCL1;BAK1;BOK;GGCT;ATG3
prerank,Reactome_2022__G-protein Mediated Events R-HSA-112040,0.5072437963274751,1.8668338205515436,0.002207505518763797,0.010590933739189554,0.817,16/34,17.67%,PRKCA;PRKCG;GRK2;MAPK1;PRKAR2A;GNA14;GNA15;GNAT3;GNAQ;GNAL;GNA11;PLCB4;PRKAR1B;PLCB3;PLCB1;PLCB2
prerank,Reactome_2022__Neddylation R-HSA-8951664,-0.4100862385556952,-1.8655475543664601,0.0,0.005333305689951983,0.818,64/144,25.75%,PSMD14;PSMD2;PSMA1;PSMD11;PSMA4;PSMC4;PSMB1;PSMB4;PSMC3;PSMC1;PSMA7;PSMB9;PSMA8;PSMB6;PSMB5;PSMB11;PSMB8;PSMB7;PSMB10;PSMB2;PSMB3;PSMC6;PSMC5;PSMA3;VCP;PSMA2;HIF3A;HIF1A;EPAS1;PSMD7;COPS3;COPS4;PSMD8;FBXL19;PSMA5;CARD16;PSMD9;PSMD4;PSMC2;CCNF;PSMD6;SPSB3;SQSTM1;KLHL5;COPS6;SOCS2;SOCS3;SOCS5;SOCS6;CISH;NUB1;OBSL1;CUL5;CUL4B;PSMD13;FBXL7;FBXL18;FBXL15;FBXL13;FBXL22;FBXL20;SKP2;FBXL5;FBXL3
prerank,WikiPathways_2024_Human__Fluoropyrimidine Activity WP1601,-0.573419672299532,-1.8652436544697335,0.0017331022530329288,0.005333554337026244,0.82,15/29,22.55%,PPAT;CES1;CES2;DPYS;ABCC4;ABCC5;ABCC3;MTHFR;UPP1;UPP2;UPB1;SLC29A1;FPGS;ERCC2;ABCG2
prerank,GO_Molecular_Function_2025__Carboxypeptidase Activity (GO:0004180),-0.675117049612878,-1.8638698183488815,0.0,0.005402304895994492,0.827,12/15,16.26%,CPVL;CPB2;CPA5;CPO;CPA1;CPA2;CPB1;CPA6;CPA4;PEPD;BLMH;SCPEP1
prerank,Reactome_2022__HS-GAG Degradation R-HSA-2024096,-0.6171136485457668,-1.8623021997063727,0.0017825311942959,0.005496613688855058,0.832,12/20,26.04%,GUSB;GLB1L;GLB1;IDS;GPC1;GPC6;GPC2;GPC4;SGSH;IDUA;GPC5;GPC3
prerank,Reactome_2022__Glyoxylate Metabolism And Glycine Degradation R-HSA-389661,-0.5771646190347132,-1.8573114658477028,0.0,0.005816023791771195,0.847,14/24,18.92%,GOT2;GRHPR;AGXT;GLDC;HAO1;AMT;DHTKD1;BCKDHA;DBT;GCSH;PXMP2;DAO;DDO;AGXT2
prerank,Reactome_2022__PTEN Regulation R-HSA-6807070,-0.4336654303647102,-1.8567131062715552,0.0,0.0058337698632141355,0.847,37/95,16.63%,PSMD14;PSMD2;PSMA1;PSMD11;PSMA4;PSMC4;PSMB1;PSMB4;PSMC3;PSMC1;PSMA7;PSMB9;PSMA8;PSMB6;PSMB5;PSMB11;PSMB8;PSMB7;PSMB10;PSMB2;PSMB3;PSMC6;PSMC5;PSMA3;PSMA2;PSMD7;SLC38A9;PSMD8;PSMA5;PSMD9;PSMD4;PSMC2;LAMTOR5;PSMD6;MTA1;MTA2;SUZ12
prerank,Reactome_2022__B-WICH Complex Positively Regulates rRNA Expression R-HSA-5250924,0.5794258453389195,1.855903023829517,0.008695652173913044,0.0118207027881265,0.851,16/21,36.75%,POLR2K;POLR1B;DDX56;POLR1A;POLR1D;POLR1E;H2AZ1;H2AZ2;BAZ1B;KAT2B;KAT2A;DEK;TAF1B;GSK3B;POLR2L;POLR2E
prerank,KEGG_2021_Human__Cholinergic synapse,0.46287213747917577,1.855743053741459,0.0,0.011775753819777043,0.851,21/53,17.67%,GNGT2;GNGT1;GNG5;GNG11;GNG10;PRKCA;PRKCB;PRKCG;SLC18A3;GNAO1;ADCY3;MAPK1;CHAT;MAPK3;GNB5;GNAQ;GNA11;PLCB4;PLCB3;PLCB1;PLCB2
prerank,KEGG_2021_Human__Hypertrophic cardiomyopathy,-0.4875271256578096,-1.8554438861050297,0.0,0.005893503982393701,0.852,13/52,2.42%,ITGA7;ITGA3;ITGA11;ITGAV;ITGA2;ITGA9;ITGA10;ITGA8;ITGA4;ITGA5;ITGA1;ITGA6;ITGA2B
prerank,GO_Molecular_Function_2025__Phospholipase C Activity (GO:0004629),0.6190209881057067,1.854512562081153,0.0,0.011905011068214545,0.854,16/17,21.03%,PLCB4;PLCB3;PLCD4;PLCZ1;PLCH2;PLCB1;PLCH1;PLCL2;PLCD3;PLCB2;PLCL1;PLCG1;PLCE1;PLCG2;PLCD1;EDNRA
prerank,GO_Biological_Process_2025__Positive Regulation of Neuron Apoptotic Process (GO:0043525),-0.5638076155205904,-1.8537826305165739,0.0019193857965451055,0.005992569760249931,0.855,15/27,20.58%,BAX;MCL1;PCSK9;NUPR1;CASP6;CASP14;CFLAR;CASP12;CASP5;CASP8;CASP9;CASP4;CASP2;CASP3;CASP7
prerank,Reactome_2022__ECM Proteoglycans R-HSA-3000178,-0.6380138815511738,-1.8522237069963698,0.0018148820326678765,0.006051588537179123,0.859,7/18,2.42%,ITGA7;ITGAX;ITGAV;ITGA2;ITGA9;ITGA8;ITGA2B
prerank,GO_Biological_Process_2025__Gluconeogenesis (GO:0006094),-0.5720227451232845,-1.8509586892142869,0.0017857142857142857,0.006121903561560644,0.867,12/23,11.41%,PER2;TPI1;PFKFB1;PGK2;PGK1;FBP1;PGM1;PCK1;PCK2;ENO2;ENO1;ENO3
prerank,KEGG_2021_Human__Ribosome,-0.4305218035269507,-1.8504959341643301,0.0,0.00615715118893561,0.869,63/105,33.77%,RPS7;RPL8;RPL26L1;RPL26;RPS28;RPL24;RPS8;RPS16;RPL27A;RPL35;RPL30;RPLP2;RPS26;RPS17;RPS24;RPS18;RPL23;RPL7;RPL18;RPS15;RPS6;RPS5;RPL19;RPL11;RPL29;RPS14;RPL15;RPL7A;MRPL3;RPS15A;RPL31;RPS29;RPL13A;RPLP0;RPL18A;RPS9;RPS11;RPL14;MRPL14;RPL12;RPS21;RPS3;RPL9;RPL6;RPSA;RPL4;FAU;RPS12;RPS25;RPLP1;RPL27;UBA52;MRPL16;RPS2;MRPL15;MRPL20;MRPS17;RPL13;RPS23;RPS4Y2;RPS4X;RPS4Y1;MRPL36
prerank,GO_Biological_Process_2025__Cholesterol Transport (GO:0030301),-0.5438039527267292,-1.8498407828305778,0.0035587188612099642,0.006182987197680568,0.874,13/32,9.76%,CES1;CD36;SCARB1;LIPG;LIPC;NPC2;ABCA5;ABCA7;ABCA8;ABCG8;ABCG1;ABCG4;VPS4A
prerank,GO_Biological_Process_2025__Phospholipid Dephosphorylation (GO:0046839),-0.541380094246406,-1.8497952605699621,0.0,0.006171858552455189,0.874,24/34,20.99%,PLPP6;SGPP1;SGPP2;PLPP4;PLPPR4;PLPPR3;PLPP2;PLPP3;PLPP5;PLPPR1;PLPP1;PLPPR2;PLPPR5;MTMR7;MTMR1;MTMR2;MTM1;MTMR4;MTMR11;MTMR3;MTMR9;MTMR10;MTMR6;MTMR12
prerank,GO_Molecular_Function_2025__Cyclic Nucleotide Binding (GO:0030551),0.6073505216080132,1.849645580874139,0.0021413276231263384,0.012468294897285633,0.868,9/19,11.40%,CNGA3;CNGB1;CNGB3;CNGA4;CNGA1;HCN1;KCNH1;PRKAR2A;PDE4B
prerank,WikiPathways_2024_Human__TYROBP Causal Network In Microglia WP3945,-0.5888998601974937,-1.8471030642435475,0.001736111111111111,0.006335299914860525,0.881,10/24,18.19%,ITGAX;ITGAM;C3;ABCC4;NPC2;CAPG;SLC7A7;ITGB2;PYCARD;STAT5A
prerank,Reactome_2022__Cooperation Of Prefoldin And TriC/CCT In Actin And Tubulin Folding R-HSA-389958,0.5678297375420596,1.8468969436344007,0.0,0.012793948088572668,0.878,7/23,8.47%,TUBA1C;TUBA1B;TUBA3E;TUBA1A;TUBA3C;TUBA3D;PFDN6
prerank,GO_Cellular_Component_2025__Secretory Granule Membrane (GO:0030667),-0.41790080291711257,-1.8462628755886312,0.0,0.006387973698269989,0.883,37/127,13.98%,GAA;MGAM;KCNAB2;TMX3;ALDH3B1;CD36;PRCP;DDOST;ITGAX;ITGAV;ITGAL;ITGAM;ITGA2B;PCSK4;SLC2A5;SLC2A3;CD109;DGAT1;ABCC4;SCAMP1;SLC27A2;MANBA;DNAJC5;SPACA3;ABCA3;STING1;DOK3;PSEN1;AGPAT2;PRKCSH;ITGB2;MAGT1;TOM1;RHOA;ANXA7;MOSPD2;DEGS1
prerank,GO_Biological_Process_2025__Extrinsic Apoptotic Signaling Pathway (GO:0097191),-0.5634216892910484,-1.8443704407984243,0.0036036036036036037,0.006520343620202297,0.886,11/26,14.97%,ITGAV;BCL2L10;BCL2A1;BAX;MCL1;BAK1;BOK;BAG3;CFLAR;CASP8;CASP2
prerank,GO_Biological_Process_2025__Neuron Projection Development (GO:0031175),0.4104800752961801,1.8440957930031683,0.0,0.013107630192981657,0.89,32/100,14.88%,PKN1;STMN1;STMN3;STMN2;STMN4;ATP7A;SH3GL2;ULK1;LGI1;APP;PLXNB1;MICALL1;DIP2A;OLIG1;NEUROD2;OLIG2;NEUROG3;NEUROG2;ATOH7;NEUROD6;OLIG3;NEUROG1;BHLHE22;ATOH1;NEUROD1;BHLHE23;NEUROD4;STX3;BLOC1S1;SAMD14;PPP1R9B;PPP1R9A
prerank,KEGG_2021_Human__Alcoholism,0.4346715889182449,1.843874756014216,0.0,0.01307679320290676,0.89,23/71,14.26%,GNGT2;GNGT1;GNG5;GNG11;GNG10;TH;GNAO1;GRIN3B;GRIN2B;GRIN2A;GRIN3A;GRIN2D;GRIN2C;PPP1CB;SLC18A1;H3-3A;MAPK1;GRB2;MAPK3;GNB5;GNAS;H2AZ1;H2AZ2
prerank,Reactome_2022__G Alpha (12/13) Signaling Events R-HSA-416482,0.5281658355418214,1.8394376443978966,0.002207505518763797,0.013593827623380836,0.895,13/31,14.02%,GNGT2;GNGT1;GNG5;GNG11;GNG10;ITSN1;PLXNB1;GNB5;GNA13;ARHGEF11;ARHGEF12;ARHGEF18;ARHGEF3
prerank,Reactome_2022__RAF/MAP Kinase Cascade R-HSA-5673001,-0.40891966182535916,-1.8377593310876503,0.0,0.0070440138137449395,0.909,46/132,16.28%,PSMD14;PSMD2;PSMA1;ITGA2B;PSMD11;KLB;KL;PSMA4;PSMC4;PSMB1;PSMB4;PSMC3;PSMC1;MAP2K1;MAP2K2;PSMA7;PSMB9;PSMA8;PSMB6;PSMB5;PSMB11;PSMB8;PSMB7;PSMB10;PPP2R5C;PPP2R5D;PSMB2;PSMB3;PSMC6;PSMC5;PSMA3;VCL;PSMA2;FRS2;FRS3;PSMD7;PEBP1;ICMT;PSMD8;PSMA5;ARHGAP9;PIK3CB;PSMD9;PSMD4;PSMC2;PSMD6
prerank,WikiPathways_2024_Human__Omega 6 Fatty Acids In Senescence WP5424,-0.597540122949977,-1.8376544472725198,0.0,0.007049046814515764,0.91,14/22,18.35%,HPGDS;AKR1C3;ALDH1A1;CYP4F8;AKR1B1;HPGD;ABCC4;SLCO2A1;GGT5;LTA4H;CBR1;EPHX2;PTGES2;GGT1
prerank,GO_Molecular_Function_2025__Flavin Adenine Dinucleotide Binding (GO:0050660),-0.5373314007737044,-1.8359157637472243,0.001841620626151013,0.007176497193355101,0.913,18/32,21.14%,GCDH;CYB5R3;CYB5R2;XDH;AOX1;SQOR;ACOX2;MTHFR;QSOX1;MAOA;MAOB;ETFDH;ACOX3;GFER;DAO;DDO;ACADVL;NOX5
prerank,Reactome_2022__Loss Of Nlp From Mitotic Centrosomes R-HSA-380259,0.49638093037153275,1.835321129887805,0.0,0.014239549931474443,0.906,15/35,24.97%,PAFAH1B1;PRKCA;YWHAG;DYNLL1;CEP250;TUBA1A;TUBG1;DYNC1H1;CKAP5;NDE1;MAPRE1;CSNK1D;CSNK1E;CETN2;YWHAE
prerank,GO_Biological_Process_2025__Regulation of Protein Secretion (GO:0050708),0.4918501959924451,1.8348678978226456,0.0022522522522522522,0.014286647335744855,0.909,15/39,14.66%,SNAP25;SLC12A2;ATP13A2;SYT7;CLOCK;BMAL1;ERP29;PICK1;RHBDF2;RHBDF1;PPP3CB;G6PC2;NEUROD1;GNAS;STX1A
prerank,WikiPathways_2024_Human__Pathogenic Escherichia Coli Infection WP2272,0.5193329366683289,1.8345102853851751,0.004662004662004662,0.014283357993703278,0.909,11/30,11.24%,PRKCA;YWHAQ;YWHAZ;TUBA1C;TUBA1B;TUBA3E;TUBA1A;TUBA3C;TUBA3D;NCK2;NCK1
prerank,GO_Biological_Process_2025__Organic Hydroxy Compound Transport (GO:0015850),-0.5241284879238886,-1.833279589045979,0.003355704697986577,0.007362116783083705,0.92,19/37,14.11%,AKR1C4;AKR1C1;SLC16A8;SLC2A13;ABCC2;ABCC4;ABCC3;ABCC11;SLC29A3;SLC27A5;ABCG8;SLCO2B1;SLCO1B3;SLCO1C1;SLCO1B1;SLC10A3;SLC10A5;SLC19A2;SLC19A3
prerank,GO_Biological_Process_2025__Positive Regulation of Translational Initiation (GO:0045948),0.6239357368376348,1.8332381093348085,0.00423728813559322,0.01445214451811502,0.91,7/17,8.81%,DAZ4;DAZ3;DAZ2;DAZL;DAZ1;KHDRBS1;HABP4
prerank,Reactome_2022__Fc Epsilon Receptor (FCERI) Signaling R-HSA-2454202,-0.444690818955324,-1.832865984982291,0.0,0.007375343442898324,0.921,36/85,16.28%,PSMD14;PSMD2;PSMA1;PSMD11;PSMA4;PSMC4;PSMB1;PSMB4;PSMC3;PSMC1;PSMA7;PSMB9;PSMA8;PSMB6;PSMB5;PSMB11;PSMB8;PSMB7;PSMB10;PSMB2;PSMB3;PSMC6;PSMC5;PSMA3;SLC7A8;PSMA2;PSMD7;PSMD8;IKBKB;CHUK;PSMA5;PIK3CB;PSMD9;PSMD4;PSMC2;PSMD6
prerank,WikiPathways_2024_Human__2Q37 Copy Number Variation Syndrome WP5224,-0.46137782869981064,-1.8319901026337502,0.0,0.007422262313810383,0.921,20/65,17.66%,PER2;UGT1A9;UGT1A4;UGT1A10;UGT1A8;UGT1A1;UGT1A6;UGT1A7;BOK;AGXT;ATG4B;TWIST2;GYS1;ESPNL;ABCA1;CFLAR;GPC1;LRRFIP1;D2HGDH;RPS6
prerank,Reactome_2022__Vasopressin Regulates Renal Water Homeostasis Via Aquaporins R-HSA-432040,0.5580369881765387,1.831750573390104,0.002257336343115124,0.014583499879408391,0.914,7/25,2.36%,GNGT2;GNGT1;GNG5;GNG11;GNG10;PRKCA;MINDY4
prerank,WikiPathways_2024_Human__Vitamin A And Carotenoid Metabolism WP716,-0.5415848682500112,-1.8311741966215371,0.0053285968028419185,0.007491397835786233,0.925,17/31,22.62%,ALDH1A1;ALDH1A2;CD36;SCARB1;DGAT1;LPL;AWAT2;SULT1A1;SULT2B1;ABCG8;RDH8;RXRG;RXRB;RXRA;RPE65;BCO2;BCO1
prerank,GO_Molecular_Function_2025__Polyubiquitin Modification-Dependent Protein Binding (GO:0031593),-0.5542725433125295,-1.8309747453030298,0.001838235294117647,0.007495248702827685,0.925,13/28,17.83%,HDAC6;DNAJB2;VCP;DZIP3;UBXN1;TOM1;UBL7;UBQLNL;UBQLN2;UBQLN4;UBQLN3;PSMD4;SQSTM1
prerank,GO_Biological_Process_2025__Bile Acid Biosynthetic Process (GO:0006699),-0.6547186492849761,-1.8294282183929198,0.0038095238095238095,0.007590668966313836,0.931,6/15,10.83%,AKR1C4;AKR1D1;ACOX2;SLC27A2;SLC27A5;HSD17B10
prerank,Reactome_2022__Pyruvate Metabolism R-HSA-70268,-0.5957351046522529,-1.8286561753897856,0.0018656716417910447,0.007638823585514045,0.934,14/20,25.18%,SLC16A8;SLC16A1;SLC16A3;PDPR;MPC2;PLPP6;MPC1;HAGH;RXRA;PDP2;PDK3;PDK2;PDK4;GSTZ1
prerank,KEGG_2021_Human__Complement and coagulation cascades,-0.6414951940302311,-1.8285438919757153,0.003683241252302026,0.007628946523260235,0.934,9/16,11.56%,ITGAX;ITGAM;C3;C5;C4B;C4A;A2M;CPB2;ITGB2
prerank,GO_Molecular_Function_2025__Proton Transmembrane Transporter Activity (GO:0015078),0.5785245506958097,1.8264573882914203,0.006696428571428571,0.0153336166709793,0.921,9/20,8.31%,ATP6V1A;SLC18A3;ATP6V0E1;ATP6V0E2;SLC32A1;ATP6V1B2;ATP6V1E1;ATP6V1E2;SLC18A1
prerank,GO_Molecular_Function_2025__Phosphotyrosine Residue Binding (GO:0001784),0.6229309885823128,1.8254507594933045,0.009070294784580499,0.01550067502834102,0.925,9/16,17.72%,LDLRAP1;GRB2;IRS1;NCK2;GRAP;GRAP2;SEPSECS;BCAR3;PLCG2
prerank,Reactome_2022__SLC-mediated Transmembrane Transport R-HSA-425407,0.3710514823189997,1.825303685479073,0.0,0.015461443149676101,0.925,59/161,10.81%,SLC12A3;SLC12A4;SLC12A2;SLC12A1;SLC12A7;SLC12A6;SLC12A5;SLC5A4;SLC5A2;SLC5A5;SLC5A9;SLC5A10;SLC5A12;SLC5A8;SLC7A2;SLC20A1;SLC20A2;SLC24A5;SLC36A2;SLC38A5;SLC36A1;SLC38A1;SLC32A1;SLC36A4;SLC38A2;SLC29A4;SLC24A1;SLC17A6;SLC17A1;SLC17A8;SLC17A7;SLC17A5;SLC22A6;SLC22A11;SLC22A3;SLC22A12;SLC22A1;SLC22A16;SLC22A5;SLC22A4;SLC22A8;SLC22A7;SLC22A2;SLC22A15;SLC18A1;SLC26A2;SLC26A1;SLC41A2;SLC41A1;SLC30A3;SLC4A10;SLC4A5;SLC4A9;SLC4A4;SLC4A2;SLC4A8;SLC4A1;SLC4A3;SLC4A7
prerank,GO_Biological_Process_2025__Membrane Lipid Biosynthetic Process (GO:0046467),-0.5376544150040528,-1.8241884680726486,0.001869158878504673,0.00800495213605981,0.943,19/32,28.25%,ELOVL7;ELOVL1;SCCPDH;SPHK2;SPHK1;DEGS1;DEGS2;HACD1;HACD2;ORMDL3;ORMDL2;ORMDL1;ABCG2;HACD4;HACD3;CERS2;CERS3;CERS4;CERS6
prerank,Reactome_2022__MAPK1/MAPK3 Signaling R-HSA-5684996,-0.40599872764776934,-1.822198089277085,0.0,0.008199945741519736,0.949,46/133,16.28%,PSMD14;PSMD2;PSMA1;ITGA2B;PSMD11;KLB;KL;PSMA4;PSMC4;PSMB1;PSMB4;PSMC3;PSMC1;MAP2K1;MAP2K2;PSMA7;PSMB9;PSMA8;PSMB6;PSMB5;PSMB11;PSMB8;PSMB7;PSMB10;PPP2R5C;PPP2R5D;PSMB2;PSMB3;PSMC6;PSMC5;PSMA3;VCL;PSMA2;FRS2;FRS3;PSMD7;PEBP1;ICMT;PSMD8;PSMA5;ARHGAP9;PIK3CB;PSMD9;PSMD4;PSMC2;PSMD6
prerank,GO_Biological_Process_2025__Neurotransmitter Secretion (GO:0007269),0.6120233297385753,1.8214088914226862,0.002232142857142857,0.016008355311025263,0.93,8/16,9.20%,SNAP25;SLC32A1;CPLX2;CPLX3;CPLX4;CPLX1;NRXN2;LIN7A
prerank,Reactome_2022__COPI-independent Golgi-to-ER Retrograde Traffic R-HSA-6811436,0.5369598450881002,1.8182918695556312,0.00228310502283105,0.01644044451037991,0.934,7/29,12.87%,PAFAH1B1;DYNLL1;DYNLL2;BICD2;BICD1;GALNT2;DYNC1H1
prerank,Reactome_2022__Glycolysis R-HSA-70171,-0.469496686532099,-1.8176615119241744,0.0,0.008581550985549444,0.958,32/57,27.72%,PGP;SEH1L;TPI1;PFKFB1;PKM;PKLR;PGK1;PPP2R5D;PGM2L1;ENO2;ENO1;ENO3;NUP85;PFKP;PFKM;PFKL;SEC13;PRKACB;PRKACG;NUP210;NUP93;NUP43;NDC1;NUP133;NUP205;GNPDA1;GNPDA2;NUP50;PPP2CB;PPP2CA;PGAM2;PGAM4
prerank,GO_Biological_Process_2025__Cellular Response to cAMP (GO:0071320),0.5625094716381399,1.817576283885916,0.004158004158004158,0.016486055347687864,0.934,7/21,4.09%,SLC5A5;MINDY4;HCN4;HCN2;HCN1;HCN3;INPP5K
prerank,GO_Cellular_Component_2025__Cation Channel Complex (GO:0034703),0.4932470593739804,1.8164515078955767,0.0044444444444444444,0.016579557239120437,0.937,9/37,2.53%,PRKCA;ATP2A1;KCNK4;KCNK1;CNGA3;CNGB1;CNGB3;CNGA4;CNGA1
prerank,Reactome_2022__EGFR Downregulation R-HSA-182971,0.5920091577661075,1.8147490372665673,0.008547008547008548,0.01675534362205225,0.938,7/17,11.78%,SH3GL3;SH3GL2;EGF;EPS15;GRB2;SH3GL1;EPN1
prerank,KEGG_2021_Human__Rap1 signaling pathway,0.40521148407816404,1.8126414186613165,0.0,0.01697764069787033,0.943,38/94,17.70%,PRKCA;PRKCB;PRKCG;PRKCZ;PRKCI;GNAO1;GRIN2B;GRIN2A;EGF;ADCY3;EFNA5;EFNA2;EFNA3;EFNA4;EFNA1;MAPK1;CTNND1;ENAH;EVL;RRAS;SIPA1L3;SIPA1L1;SIPA1L2;SIPA1;RAP1GAP;MAPK13;MAPK3;MAPK12;GNAS;GNAQ;PLCB4;PDGFB;PDGFA;PLCB3;PLCB1;PLCB2;PLCG1;PLCE1
prerank,GO_Biological_Process_2025__Intracellular pH Reduction (GO:0051452),0.5524531630592071,1.8125642117757006,0.002109704641350211,0.016920760604990183,0.943,10/23,23.52%,ATP6V1A;ATP6V0E1;ATP6V0E2;ATP6V1B2;SLC4A7;ATP6V1H;ATP6V1D;DMXL1;DMXL2;ATP6V0A1
prerank,WikiPathways_2024_Human__Eicosanoid Metabolism Via Lipooxygenases LOX WP4721,-0.6337613582345878,-1.8123563429974632,0.005607476635514018,0.009088971919630325,0.965,9/16,12.62%,CYP4A22;CYP4F2;CYP4F12;CYP4A11;HPGD;ACOX2;GGT5;LTA4H;ACOX3
prerank,GO_Molecular_Function_2025__Channel Activity (GO:0015267),-0.5080019451614304,-1.8104025560070756,0.007407407407407408,0.009262347274856328,0.967,18/39,15.93%,BCL2L10;BCL2A1;BAX;MCL1;BAK1;BOK;AQP7;AQP2;AQP5;AQP8;AQP4;AQP9;AQP3;AQP7B;AQP10;AQP6;TMEM120B;TMEM120A
prerank,KEGG_2021_Human__Mineral absorption,0.5299199807617964,1.809706118551721,0.00477326968973747,0.017378237090492965,0.949,6/27,1.49%,ATP7A;ATP2B2;ATP2B3;ATP1A4;ATP2B1;ATP1A2
prerank,GO_Biological_Process_2025__Hexose Metabolic Process (GO:0019318),-0.5273465314732237,-1.8081222878723078,0.0,0.009458979560402267,0.969,10/29,8.86%,GAA;DCXR;KHK;SORD;GALK2;GALM;GALT;FBP1;PGM1;PCK1
prerank,KEGG_2021_Human__Purine metabolism,-0.4346306544628693,-1.8073696878506655,0.0017271157167530224,0.009501690828038008,0.969,49/78,32.80%,PPAT;PNP;ADSL;GART;PFAS;XDH;PRPS2;PRPS1L1;PRPS1;ATIC;PKM;PKLR;AK3;PGM2;PGM1;HPRT1;PAICS;PRUNE1;GDA;ENTPD6;ENTPD5;APRT;NT5C2;ADCY9;ADA2;ADK;ITPA;NME7;GMPS;NPR1;NUDT9;GUK1;NT5E;PDE3A;PDE5A;PDE4D;PDE7B;PDE4A;PDE1B;PDE11A;PDE7A;PDE1C;PDE6A;PDE8B;PDE3B;PDE8A;PDE6B;PDE6C;PDE4C
prerank,Reactome_2022__GPER1 Signaling R-HSA-9634597,0.5417198082439315,1.8069415359788712,0.009153318077803204,0.017750468092972083,0.952,12/26,16.15%,GNGT2;GNGT1;GNG5;GNG11;GNG10;PRKCA;PRKAR2A;GNB5;GNAZ;GNAS;GNAT3;PRKAR1B
prerank,Reactome_2022__Apoptosis R-HSA-109581,-0.4178288075655733,-1.8063907040696805,0.0,0.009565996615156308,0.97,44/106,16.37%,PSMD14;PSMD2;PSMA1;BAX;BAK1;PSMD11;PSMA4;PSMC4;PSMB1;PSMB4;PSMC3;PSMC1;GSN;PSMA7;PSMB9;PSMA8;PSMB6;PSMB5;PSMB11;PSMB8;PSMB7;PSMB10;PSMB2;PSMB3;PSMC6;PSMC5;PSMA3;CLSPN;PSMA2;PSMD7;ARHGAP10;PSMD8;PSMA5;BCAP31;CASP6;CFLAR;CASP8;CASP9;PSMD9;APIP;PSMD4;PSMC2;PSMD6;ROCK1
prerank,Reactome_2022__Signaling By GPCR R-HSA-372790,0.35169112354964094,1.8055568735378564,0.0,0.017982715857758225,0.954,70/243,14.02%,GNGT2;GNGT1;GNG5;GNG11;GNG10;PKN1;PRKCA;PRKCE;PRKCB;PRKCG;PRKCH;PPP3R1;OPN3;OPN4;RGS9BP;FSHR;LHCGR;TSHR;SSTR2;HTR7;ITSN1;APP;PLXNB1;DGKQ;GRK5;GRK2;DGKI;DGKG;DGKZ;DGKD;DGKH;DGKK;DGKA;DGKE;DGKB;TACR2;RGS17;CRHR1;GRM3;GRM2;MAPK1;GRB2;PPP3CB;PPP3CC;CNOT6;PRKAR2A;PDE4B;GABBR2;HTR1E;HTR1F;HTR1B;MAPK3;GNB5;FSHB;LHB;GPHB5;TSHB;GNAZ;GNA14;GNAS;GNA15;GNAT3;GNAQ;GNAL;GNA13;GNA11;ARHGEF11;ARHGEF12;ARHGEF18;ARHGEF3
prerank,WikiPathways_2024_Human__Energy Metabolism WP1541,0.5319940528633188,1.805551824744459,0.00423728813559322,0.017914340512291464,0.954,10/26,15.45%,PPP3R1;SIRT1;PPP3CB;PPP3CC;PPARGC1A;PPRC1;PPARGC1B;PPARG;PPARD;PPARA
prerank,GO_Biological_Process_2025__Phagocytosis (GO:0006909),-0.5135548825317634,-1.803667649663723,0.0,0.00982137521930935,0.971,15/36,14.48%,CD36;ITGAV;ITGAM;PIP5K1A;GSN;PLD4;GULP1;MYD88;ITGB2;ITGB1;MESD;ANXA3;ANXA1;ANXA11;ARHGAP12
prerank,GO_Biological_Process_2025__Protein N-linked Glycosylation via Asparagine (GO:0018279),-0.539879887556757,-1.8013946804679817,0.0,0.010066850666492322,0.975,9/29,13.96%,DDOST;MOGAT2;MOGAT1;STT3B;RPN1;FUT8;TUSC3;MAGT1;MPDU1
prerank,GO_Biological_Process_2025__External Encapsulating Structure Organization (GO:0045229),0.5282125531250259,1.8012649391313735,0.002288329519450801,0.018624821202529007,0.958,8/27,6.78%,ATP7A;SPINT1;SPOCK2;POSTN;TGFBI;APP;APLP1;NF1
prerank,GO_Biological_Process_2025__Oligosaccharide Metabolic Process (GO:0009311),-0.6385806972937043,-1.8005159204699164,0.009596928982725527,0.010092548250250058,0.976,7/15,13.96%,NAGA;GBA3;AMY1B;AMY1C;MANBA;FUT8;MPDU1
prerank,WikiPathways_2024_Human__Glycosaminoglycan Synthesis In Fibroblasts WP5395,0.5292392711920472,1.800351455193011,0.002380952380952381,0.018685890926103035,0.959,13/27,15.98%,EXT2;EXTL1;HS3ST3B1;HS3ST2;HS3ST3A1;NDST3;CHST1;CHST3;CHST7;HS6ST1;HS6ST3;HS6ST2;UST
prerank,GO_Biological_Process_2025__Positive Regulation of T Cell Differentiation (GO:0045582),-0.5682291290657688,-1.8003474263082633,0.0035842293906810036,0.010094371709663876,0.976,9/23,20.05%,GATA3;KAT5;SOX12;SOX4;PCK1;IL4I1;SMARCD3;SMARCD2;SOCS1
prerank,GO_Biological_Process_2025__Peptide Hormone Processing (GO:0016486),-0.6348329385562939,-1.799747970055192,0.003929273084479371,0.010132805894996925,0.976,8/16,7.96%,P4HB;ECE1;PCSK6;PCSK4;CTSL;ERO1B;DPP4;ENPEP
prerank,GO_Cellular_Component_2025__Cyclin-Dependent Protein Kinase Holoenzyme Complex (GO:0000307),-0.5158157693117277,-1.798412739819939,0.0,0.010269909944899541,0.978,23/37,26.53%,CDK13;CCNI2;CCND3;CCNB1;CCNO;CCNA2;CCNJL;CCNE2;CCNJ;CCNE1;CCND1;CCNI;CCNP;CCND2;CCNG1;CCNF;CCNG2;CCNB2;CDK1;CCNY;CCNL1;CCNL2;CCNH
prerank,GO_Cellular_Component_2025__Chromosome (GO:0005694),0.4018041175072967,1.7979576077973378,0.0,0.0190968639248358,0.965,36/88,25.39%,PES1;PMEPA1;BOP1;SURF6;UTP4;DDX27;POLR1B;CLOCK;DDX56;RRP1B;POLR1A;FTSJ3;BYSL;RPF2;GTF2B;KCNN4;BRIX1;PDS5B;PDS5A;MAD2L2;RAD21L1;RAD21;PUM3;SETD2;EZH2;BMS1;UTP6;DDX18;TOP3A;BIRC5;SMC3;RECQL5;SIRT2;NOC2L;BRD4;BAZ1A
prerank,Reactome_2022__ROS And RNS Production In Phagocytes R-HSA-1222556,0.5419996482686952,1.7977293673694443,0.0,0.01906318890971884,0.965,10/25,16.70%,ATP6V1A;ATP6V0E1;ATP6V0E2;ATP6V1B2;ATP6V1E1;ATP6V1E2;NCF4;ATP6V1H;ATP6V1C1;ATP6V1C2
prerank,GO_Biological_Process_2025__Ribosome Biogenesis (GO:0042254),0.38109083351099043,1.7959610022178762,0.0,0.0193356156761692,0.966,47/134,19.33%,DDX47;PES1;SNU13;WDR36;BOP1;SURF6;UTP4;HEATR1;WDR12;DDX27;FBL;RIOK2;NGDN;PWP2;NOM1;RCL1;MTREX;BYSL;NOL6;RPF2;TBL3;NOP2;DKC1;RRS1;DIMT1;NOP16;UTP15;UTP20;WDR55;NOP58;PNO1;GRWD1;GTPBP4;RRP36;LTV1;WDR74;DDX54;RSL24D1;NAT10;IMP4;SDAD1;NOB1;NOC4L;BMS1;UTP6;TMA16;DHX37
prerank,GO_Cellular_Component_2025__Vacuolar Proton-Transporting V-type ATPase Complex (GO:0016471),0.5988622102508402,1.7952838948328136,0.006369426751592357,0.019355567525183588,0.967,12/17,32.28%,ATP6V1A;ATP6V0E2;ATP6V1B2;ATP6V1E1;ATP6V1H;ATP6V1C1;ATP6V1C2;ATP6V1D;ATP6V0A1;ATP6V1G2;ATP6V0D2;ATP6V0D1
prerank,GO_Biological_Process_2025__Regulation of Translational Initiation (GO:0006446),0.4457268715177484,1.7948915801001142,0.0,0.01937121288523877,0.969,23/57,22.42%,EIF4E2;EIF4EBP3;EIF4EBP2;EIF4EBP1;DAZ4;DAZ3;DAZ2;BOLL;DAZL;DAZ1;BZW1;BZW2;KHDRBS1;HABP4;EIF1;MTIF2;EIF4B;EIF2AK4;GIGYF2;KLHL25;NPM1;EIF3H;EIF3E
prerank,KEGG_2021_Human__Ras signaling pathway,0.3981281357012394,1.794696593225459,0.0,0.01932459250531441,0.97,27/98,12.67%,GNGT2;GNGT1;GNG5;GNG11;GNG10;PRKCA;PRKCB;PRKCG;GRIN2B;GRIN2A;EGF;HTR7;NF1;EFNA5;EFNA2;EFNA3;EFNA4;EFNA1;RALBP1;MAPK1;GRB2;RRAS;MAPK10;MAPK3;MAPK9;MAPK8;GNB5
prerank,Reactome_2022__Anchoring Of Basal Body To Plasma Membrane R-HSA-5620912,0.46583427207766137,1.7935710175417516,0.0022522522522522522,0.01948884898248057,0.97,19/45,24.97%,PAFAH1B1;PRKCA;YWHAG;DYNLL1;CEP250;TUBA1A;TTBK2;TUBG1;DYNC1H1;CKAP5;TMEM67;NDE1;KIF24;MAPRE1;CEP97;CSNK1D;CSNK1E;CETN2;YWHAE
prerank,WikiPathways_2024_Human__Synaptic Signaling Associated With Autism Spectrum Disorder WP4539,0.5155173013259167,1.7929275596829284,0.0,0.019549077177675154,0.97,10/30,12.10%,GRIN3B;GRIN2B;GRIN2A;GRIN3A;GRIN2D;GRIN2C;EIF4EBP1;NF1;MAPK1;MAPK3
prerank,Reactome_2022__Signaling By Interleukins R-HSA-449147,-0.3847554157879624,-1.7927020528275053,0.0,0.010854433870677353,0.982,104/186,28.37%,PSMD14;P4HB;CD36;PSMD2;GSTO1;PSMA1;TALDO1;GATA3;ITGAX;ITGAM;MCL1;PSMD11;PSMA4;PSMC4;PSMB1;PSMB4;PSMC3;PSMC1;MAP2K1;PSMA7;PSMB9;PSMA8;PSMB6;PSMB5;PSMB11;PSMB8;PSMB7;PSMB10;PPP2R5D;HSPA9;PSMB2;PSMB3;SOX2;PSMC6;PSMC5;TWIST1;PSMA3;MTAP;SOD1;HSP90B1;PSMA2;MAOA;HIF1A;PSMD7;HNRNPF;MYD88;ITGB2;ITGB1;PSMD8;ANXA2;ANXA1;IKBKB;CHUK;PSMA5;CASP1;CASP8;PIK3CB;PSMD9;PSMD4;PSMC2;CCND1;PSMD6;USP14;VRK3;SQSTM1;CDC42;STAT5B;STAT5A;STAT6;SOCS2;SOCS3;SOCS5;CISH;SOCS1;CASP3;MAP3K3;PPIA;TAB1;RPS6KA5;RPS6KA1;RPS6KA2;RPS6KA3;RPLP0;PSMD13;FSCN1;GAB2;CANX;NFKB2;NFKB1;RELA;MSN;PIK3CA;RAPGEF1;TCP1;TBK1;PPP2CB;PPP2CA;JUN;SHC1;VAMP7;IRAK1;IRAK3;IRAK2;SKP1
prerank,"GO_Biological_Process_2025__Regulation of Synaptic Transmission, Glutamatergic (GO:0051966)",0.5374178787662058,1.7920871111074546,0.0,0.019625257697298334,0.971,13/26,8.21%,MAPK8IP2;ATP1A2;TSHZ3;HCN1;GRIK1;GRIN2B;GRIN2A;GRIN2D;GRIK3;GRIN2C;SLC38A2;GRM3;GRM2
prerank,WikiPathways_2024_Human__Cholesterol Metabolism WP5304,-0.5028873914130837,-1.7914368534322782,0.0,0.011014849366606336,0.983,13/38,8.11%,CD36;SCARB1;PCSK9;LIPA;DGAT1;LPL;LIPG;LIPC;MTTP;FDPS;NPC2;SLC27A4;ABCG8
prerank,WikiPathways_2024_Human__MECP2 And Associated Rett Syndrome WP3584,0.4879320061736071,1.7912959107501087,0.004514672686230248,0.019696801091975323,0.972,23/36,34.37%,GAD1;GRIA1;GRIA3;GRIA4;GRID1;NF1;CSRP1;RBFOX1;TARDBP;EZH2;PTEN;YBX1;MPP1;GRIN1;SMC3;MTOR;CREB1;SGK1;REST;FKBP5;DHX9;OPRK1;MYT1
prerank,Reactome_2022__Recruitment Of NuMA To Mitotic Centrosomes R-HSA-380320,0.4656364351931057,1.789953469060369,0.004618937644341801,0.019898011368830747,0.972,17/42,24.97%,PAFAH1B1;PRKCA;YWHAG;DYNLL1;TUBGCP6;CEP250;TUBA1A;TUBG1;DYNC1H1;CKAP5;TUBGCP4;NDE1;MAPRE1;CSNK1D;CSNK1E;CETN2;YWHAE
prerank,GO_Biological_Process_2025__Protein Processing (GO:0016485),-0.45125169189265446,-1.7897394182307744,0.001652892561983471,0.01119371203781037,0.986,30/71,20.57%,ECEL1;ECE1;KEL;MMEL1;PCSK6;PCSK4;PCSK9;CTSL;CLN3;ATG4A;ATG4B;PSEN2;PSEN1;SPCS2;MYRFL;MYRF;DDI2;CASP1;CASP6;CASP4;CASP2;SEC11C;SEC11A;GGT1;HM13;SPG7;TLL1;PARL;SDE2;CASP3
prerank,Reactome_2022__L13a-mediated Translational Silencing Of Ceruloplasmin Expression R-HSA-156827,-0.4269616177732687,-1.7873975548611352,0.0,0.011427080261416702,0.986,52/88,29.24%,RPS7;RPL8;RPL26L1;RPL26;RPS28;RPS8;RPS16;RPL27A;RPL35;RPL30;RPLP2;RPS17;RPS24;RPL23;RPL7;RPL18;RPS15;RPS6;RPS5;EIF3J;RPL19;RPL11;RPL29;RPS14;RPL15;RPL7A;EIF4H;RPS15A;RPL31;EIF1AX;RPS29;RPL13A;RPLP0;RPL18A;RPS9;RPS11;EIF3F;RPL14;RPL12;RPS21;RPS3;RPL9;EIF2S2;RPL6;RPSA;RPL4;FAU;RPS12;RPS25;RPLP1;RPL27;UBA52
prerank,GO_Biological_Process_2025__DNA Methylation-Dependent Constitutive Heterochromatin Formation (GO:0006346),0.6120795104657272,1.7864330749510682,0.00437636761487965,0.020470700436207,0.975,6/15,16.40%,DPEP3;DPEP2;SIRT1;EHMT1;SETDB1;EHMT2
prerank,GO_Molecular_Function_2025__Acylglycerol O-acyltransferase Activity (GO:0016411),-0.5699861571068195,-1.7855405828647617,0.0017482517482517483,0.011595640548852117,0.987,14/23,24.20%,DGAT1;MOGAT2;DGAT2;DGAT2L6;MOGAT3;AWAT2;MOGAT1;AGPAT1;AGPAT2;MBOAT7;GPAT2;CRLS1;AGPAT4;AGPAT3
prerank,Reactome_2022__PLC Beta Mediated Events R-HSA-112043,0.5079013142995027,1.7842860079197047,0.002136752136752137,0.020825201233275924,0.977,14/29,17.67%,PRKCA;PRKCG;GRK2;MAPK1;PRKAR2A;GNA14;GNA15;GNAQ;GNA11;PLCB4;PRKAR1B;PLCB3;PLCB1;PLCB2
prerank,Reactome_2022__Nucleotide Catabolism R-HSA-8956319,-0.6093803179404415,-1.7840250977373533,0.0018315018315018315,0.01175493624653792,0.989,11/17,19.38%,DPYS;XDH;GDA;ENTPD6;ENTPD5;UPP1;UPP2;NT5C2;UPB1;AGXT2;ITPA
prerank,WikiPathways_2024_Human__Ferroptosis WP4313,-0.4939883714370591,-1.7838927869222727,0.0035460992907801418,0.01173804054049523,0.989,10/39,9.46%,AKR1C3;AKR1C2;AKR1C1;SLC3A2;DPP4;ACSL6;ACSL1;ACSL4;ACSL3;SLC7A11
prerank,Reactome_2022__Innate Immune System R-HSA-168249,-0.3463515297659348,-1.783793642445407,0.0,0.011721223602312878,0.989,153/475,18.63%,GAA;MGAM;KCNAB2;AKR1C1;PDXK;PSMD14;ALDH3B1;ACLY;CD36;PSMD2;PRCP;PSMA1;DDOST;PRDX4;ITGAX;ITGAV;ITGAL;ITGAM;CHI3L1;CHIT1;PSMD11;SLC2A5;SLC2A3;CYB5R3;GUSB;PSMA4;MAN2B1;PSMC4;C3;C5;C4B;C4A;DGAT1;PSMB1;PGLYRP2;PGLYRP1;PGLYRP4;PGLYRP3;CTSV;CTSL;AGL;PSMB4;PSMC3;PSMC1;MAP2K1;NPC2;GSN;PKM;GLB1;SCAMP1;SLC27A2;MANBA;CREG1;DNAJC5;DNAJC3;CPB2;PSMA7;PSMB9;PSMA8;PSMB6;PSMB5;PSMB11;PSMB8;PSMB7;PSMB10;QSOX1;PPP2R5D;IST1;PSMB2;PSMB3;QPCT;LYZ;ABCA13;PSMC6;STING1;PSMC5;HEXB;PGM2;PGM1;PSMA3;VCL;DERA;VCP;TIMP2;HSP90B1;XRCC6;SLC7A8;PLD4;PLD3;PSMA2;DOK3;RAC2;PSEN1;PSMD7;AGPAT2;PRKCSH;ARSA;GALNS;GNS;ARSB;MYD88;LTA4H;ITGB2;MAGT1;PFKL;TOM1;CTSD;RHOA;PSMD8;CAB39;TXNDC5;CDK13;ANXA2;PLPP4;PLPPR3;PLPP5;PRKACB;PRKACG;MOSPD2;APRT;IKBKB;CHUK;PSMA5;DEGS1;ARHGAP9;CASP1;CASP8;CASP9;PYCARD;CASP4;CASP2;PIK3CB;GMFG;PSMD9;ACP3;PSMD4;PSMC2;PSMD6;ROCK1;LRRFIP1;ORMDL3;USP14;ACTR3;VRK3;POLR3E;NIT2;PTGES2;CDC42;STAT6;PYGB;PYGL;MUC4;ADA2
prerank,Reactome_2022__Regulation Of Insulin Secretion R-HSA-422356,0.45695608753065203,1.783762618438498,0.0,0.020871295313546225,0.977,20/43,17.67%,SNAP25;GNGT2;GNGT1;GNG5;GNG11;GNG10;PRKCA;STXBP1;PRKAR2A;GNB5;GNA14;GNAS;GNA15;GNAQ;GNA11;STX1A;PRKAR1B;PLCB3;PLCB1;PLCB2
prerank,KEGG_2021_Human__Carbohydrate digestion and absorption,-0.5057486233987691,-1.7830787042879666,0.0035026269702276708,0.011769708508432892,0.99,12/36,4.77%,SI;MGAM2;MGAM;HK1;SLC2A5;SLC2A2;LCT;AMY1B;AMY1C;AMY1A;AMY2B;AMY2A
prerank,Reactome_2022__Separation Of Sister Chromatids R-HSA-2467813,-0.4126935131842984,-1.7828427040167334,0.0,0.011771788088155198,0.99,38/112,16.28%,PSMD14;PSMD2;PSMA1;SEH1L;PSMD11;PSMA4;PSMC4;PSMB1;PSMB4;PSMC3;PSMC1;PSMA7;PSMB9;PSMA8;PSMB6;PSMB5;PSMB11;PSMB8;PSMB7;PSMB10;PPP2R5C;PPP2R5D;PSMB2;PSMB3;PSMC6;PSMC5;PSMA3;PSMA2;PSMD7;NUP85;PSMD8;SEC13;PLK1;PSMA5;PSMD9;PSMD4;PSMC2;PSMD6
prerank,Reactome_2022__Interconversion Of Nucleotide Di- And Triphosphates R-HSA-499943,0.5780612578779202,1.782653903703128,0.011389521640091117,0.020953151703559617,0.978,10/19,22.41%,CTPS1;CTPS2;DCTD;TXN2;AK6;AK4;AK7;AK9;AK5;AK8
prerank,GO_Biological_Process_2025__Regulation of Mitochondrial Membrane Potential (GO:0051881),-0.6131934608383381,-1.7819823592499282,0.0,0.011832496963197056,0.991,9/17,24.52%,BAX;BAK1;ATP5IF1;VCP;SOD1;PPA2;BCO2;PARK7;SPART
prerank,GO_Biological_Process_2025__Carboxylic Acid Catabolic Process (GO:0046395),-0.6454278436798868,-1.7816614936931778,0.0,0.011853226625354166,0.991,11/15,23.35%,ALDH6A1;ECHS1;BCKDHA;HIBCH;IVD;DBT;MCCC2;NAGK;MCCC1;GNPDA1;GNPDA2
prerank,GO_Molecular_Function_2025__Monoatomic Anion Channel Activity (GO:0005253),-0.5279184939531334,-1.780758285338442,0.003590664272890485,0.011944737034712886,0.991,10/29,5.00%,CLIC6;CLIC2;CLIC1;CLIC4;CLIC3;SLC26A11;TTYH2;TTYH1;TTYH3;CFTR
prerank,WikiPathways_2024_Human__10Q22Q23 Copy Number Variation WP5402,0.501007695114022,1.7800666596394723,0.0024937655860349127,0.021374077113150446,0.981,20/31,31.01%,OPN4;SH3GL3;LRIT1;GRID1;GLUD1;PDS5B;PDS5A;MAD2L2;MAT1A;RAD21;PPARG;ADAM10;RGR;RSPH9;SMC3;WAPL;IQUB;RSPH1;RSPH4A;RSPH6A
prerank,Reactome_2022__AURKA Activation By TPX2 R-HSA-8854518,0.47793762186600747,1.778719362337687,0.0022222222222222222,0.02158894892278399,0.982,15/36,24.97%,PAFAH1B1;PRKCA;YWHAG;DYNLL1;CEP250;TUBA1A;TUBG1;DYNC1H1;CKAP5;NDE1;MAPRE1;CSNK1D;CSNK1E;CETN2;YWHAE
prerank,GO_Biological_Process_2025__Liver Development (GO:0001889),-0.5471425746120852,-1.7765816299403105,0.0017482517482517483,0.012408111652206828,0.991,10/23,17.50%,UGT1A9;UGT1A10;UGT1A8;UGT1A7;PCSK9;PCK1;PCK2;PRKCSH;GFER;WNT4
prerank,GO_Molecular_Function_2025__Frizzled Binding (GO:0005109),-0.555797376458092,-1.775732021635723,0.007104795737122558,0.012500004650938215,0.992,17/24,20.76%,WNT9B;WNT7A;WNT8B;WNT8A;WNT7B;WNT5A;WNT2B;WNT4;WNT5B;WNT11;WNT3A;WNT10A;WNT2;WNT9A;WNT10B;LRP6;WNT6
prerank,WikiPathways_2024_Human__5Q35 Copy Number Variation WP5380,0.4330450923987733,1.774680631583745,0.0024390243902439024,0.02239348382854199,0.983,24/55,22.82%,EIF4E1B;GRIN2B;COX7A1;INPP5D;NTN1;H3-3A;GRB2;NOP16;TPM2;MAPK10;MAPK9;MAPK8;ZNF346;ABHD5;PDLIM7;NSD1;COX7C;COX5B;PLCG1;ADAM10;HIP1R;HIP1;GRIN1;UNC5A
prerank,Reactome_2022__Centrosome Maturation R-HSA-380287,0.4581697063870182,1.7736096775889019,0.0022935779816513763,0.022539993935816526,0.985,17/43,24.97%,PAFAH1B1;PRKCA;YWHAG;DYNLL1;TUBGCP6;CEP250;TUBA1A;TUBG1;DYNC1H1;CKAP5;TUBGCP4;NDE1;MAPRE1;CSNK1D;CSNK1E;CETN2;YWHAE
prerank,GO_Biological_Process_2025__Ceramide Biosynthetic Process (GO:0046513),-0.5739563382508547,-1.7711609449865722,0.0035398230088495575,0.013022096493856382,0.994,12/20,28.41%,CYP4F22;TLCD3B;GBA1;DEGS1;DEGS2;SMPD1;MECR;CERS2;CERS3;CERS4;CERS6;ASAH2
prerank,GO_Cellular_Component_2025__MLL1/2 Complex (GO:0044665),0.53712303614602,1.7701664022687653,0.006593406593406593,0.023201592147760276,0.986,10/24,24.83%,MEN1;RNF2;KMT2B;TAF7;KMT2A;RBBP5;MGA;INO80C;WDR5;HCFC2
prerank,GO_Biological_Process_2025__Regulation of Monoatomic Cation Transmembrane Transport (GO:1904062),0.5593756684690362,1.76987809588355,0.004597701149425287,0.02316365417357412,0.986,9/20,3.27%,KCNIP1;KCNIP4;KCNIP3;KCNIP2;KCNH2;GRIN2B;GRIN2A;GRIN2D;GRIN2C
prerank,GO_Cellular_Component_2025__Mitochondrial Matrix (GO:0005759),-0.3647482062960242,-1.7698707128164464,0.0,0.013161741512337007,0.994,74/276,18.31%,SHMT2;ALDH7A1;AKR1B15;ALDH1B1;ALDH1L2;GCDH;GOT2;MTHFD2L;ACADS;GLDC;AUH;SARDH;OAT;NADK2;LACTB2;ACAA2;ALDH18A1;PDPR;PRORP;NIPSNAP2;NIPSNAP1;RIDA;FDPS;MTHFD2;NAXE;SUOX;HSD17B8;ECI1;AMT;DHTKD1;PGK1;HSPA9;ALDH6A1;ADHFE1;GPT2;AK3;ACADSB;ECHS1;ALDH2;PCK2;BCKDHA;COQ5;SOD1;PPTC7;BCAT2;SUCLA2;HIBCH;ETFB;IVD;DBT;GRSF1;MCCC2;HSD17B10;GCSH;PPA2;ACSS2;PLPP6;ABHD11;MCCC1;ECH1;ACOT9;HMGCL;OXCT2;OXCT1;CCNB1;NDUFAF7;NAXD;RTN4IP1;D2HGDH;OXSM;ISCU;HAGH;TMLHE;ALDH5A1
prerank,KEGG_2021_Human__Axon guidance,0.4126820584143653,1.769021445176896,0.0,0.023282475115020802,0.988,26/77,12.10%,PRKCA;PRKCZ;PPP3R1;LRIG2;PLXNB2;PLXNB1;PLXNB3;PLXNC1;NTN1;NTN3;EFNA5;EFNA2;EFNB3;EFNA3;EFNB1;EFNA4;EFNB2;EFNA1;MAPK1;ENAH;RRAS;PPP3CB;PPP3CC;NCK2;NCK1;MAPK3
prerank,GO_Biological_Process_2025__Regulation of Peptide Hormone Secretion (GO:0090276),0.547303133329827,1.7675101560528081,0.01079913606911447,0.023533029393375888,0.989,11/20,16.13%,SNAP25;SYT7;CLOCK;BMAL1;PICK1;PPP3CB;G6PC2;NEUROD1;GNAS;STX1A;STK39
prerank,Reactome_2022__Class I Peroxisomal Membrane Protein Import R-HSA-9603798,-0.6205490020163266,-1.7671140495663373,0.007168458781362007,0.013545991935367476,0.995,6/16,13.67%,ALDH3A2;GDAP1;ACBD5;ATAD1;PXMP2;PEX14
prerank,Reactome_2022__Meiosis R-HSA-1500620,0.551600204199123,1.7656170421887416,0.002380952380952381,0.02388286722809137,0.989,14/22,30.27%,PMEPA1;POLR1B;POLR1A;HSPA2;H2AZ1;H2AZ2;RAD21;REC8;TOP3A;SMC3;SMC1B;FKBP6;UBE2I;MRE11
prerank,Reactome_2022__Inwardly Rectifying K+ Channels R-HSA-1296065,0.5823072763325369,1.764968094523659,0.010351966873706004,0.02395926003475039,0.989,5/18,0.21%,GNGT2;GNGT1;GNG5;GNG11;GNG10
prerank,GO_Biological_Process_2025__Diacylglycerol Metabolic Process (GO:0046339),0.5715970991809421,1.7647112284803113,0.016129032258064516,0.023942521757848355,0.989,10/18,5.96%,DGKQ;DGKI;DGKG;DGKZ;DGKD;DGKH;DGKK;DGKA;DGKE;DGKB
prerank,GO_Biological_Process_2025__Kidney Development (GO:0001822),-0.5144018039331395,-1.7634893142584884,0.0032626427406199023,0.01400046171652477,0.997,11/33,11.47%,CYP4A22;CYP4A11;GATA3;ITGA8;AGXT;PCSK9;SOX17;SOX4;SULF2;SULF1;SIX2
prerank,WikiPathways_2024_Human__Sphingolipid Pathway WP1422,-0.5874751170610015,-1.7618054530635046,0.007352941176470588,0.014202586493979536,0.997,14/20,28.41%,UGT8;GBA1;SPHK2;SPHK1;CERK;SGPP2;PLPP1;PPP2CA;CERS5;CERS2;CERS3;CERS4;CERS6;ASAH2
prerank,Reactome_2022__GTP Hydrolysis And Joining Of 60S Ribosomal Subunit R-HSA-72706,-0.4215381667991038,-1.761517055749333,0.0,0.014205250668891134,0.997,52/89,29.24%,RPS7;RPL8;RPL26L1;RPL26;RPS28;RPS8;RPS16;RPL27A;RPL35;RPL30;RPLP2;RPS17;RPS24;RPL23;RPL7;RPL18;RPS15;RPS6;RPS5;EIF3J;RPL19;RPL11;RPL29;RPS14;RPL15;RPL7A;EIF4H;RPS15A;RPL31;EIF1AX;RPS29;RPL13A;RPLP0;RPL18A;RPS9;RPS11;EIF3F;RPL14;RPL12;RPS21;RPS3;RPL9;EIF2S2;RPL6;RPSA;RPL4;FAU;RPS12;RPS25;RPLP1;RPL27;UBA52
prerank,Reactome_2022__Selenoamino Acid Metabolism R-HSA-2408522,-0.420035505281917,-1.7612250359970092,0.0,0.01420994506155043,0.997,49/88,29.24%,RPS7;RPL8;RPL26L1;RPL26;RPS28;RPS8;RPS16;RPL27A;RPL35;RPL30;RPLP2;RPS17;RPS24;RPL23;RPL7;RPL18;RPS15;RPS6;RPS5;RPL19;RPL11;RPL29;RPS14;RPL15;RPL7A;RPS15A;RPL31;RPS29;RPL13A;RPLP0;RPL18A;RPS9;RPS11;SARS1;AHCY;RPL14;RPL12;RPS21;RPS3;RPL9;RPL6;RPSA;RPL4;FAU;RPS12;RPS25;RPLP1;RPL27;UBA52
prerank,Reactome_2022__Sealing Of Nuclear Envelope (NE) By ESCRT-III R-HSA-9668328,0.5848765699151114,1.7610447702349568,0.008908685968819599,0.02468728157718999,0.991,7/18,8.79%,TUBA1C;TUBA1B;TUBA3E;TUBA1A;TUBA3C;TUBA3D;SPAST
prerank,GO_Biological_Process_2025__Protein Glycosylation (GO:0006486),-0.40782400398926283,-1.7609054336378351,0.0,0.014224806538162313,0.997,25/104,12.32%,DDOST;GALNT6;GALNTL5;GALNT17;GALNT15;GALNTL6;GALNT11;GALNT9;MOGAT2;MOGAT3;MOGAT1;STT3B;RPN1;RPN2;FUT8;GALNT8;GALNT12;GALNT10;GALNT14;GALNT3;GALNT5;GALNT18;TUSC3;MAGT1;ENTPD5
prerank,Reactome_2022__Influenza Infection R-HSA-168255,-0.39537367365764114,-1.7584402188132318,0.0,0.014556759672587882,0.998,63/130,29.24%,SEH1L;DNAJC3;RPS7;RPL8;RPL26L1;RPL26;RPS28;GRSF1;RPS8;RPS16;RPL27A;RPL35;RPL30;NUP85;RPLP2;SEC13;RPS17;RPS24;RPL23;RPL7;RPL18;RPS15;RPS6;RPS5;RPL19;RPL11;NUP210;NUP93;RPL29;RPS14;RPL15;RPL7A;NUP43;NDC1;NUP133;RPS15A;RPL31;RPS29;RPL13A;NUP205;RPLP0;RPL18A;RPS9;NUP50;RPS11;POLR2C;RPL14;CANX;RPL12;RPS21;RPS3;RPL9;RPL6;RPSA;RPL4;FAU;RPS12;RPS25;RPLP1;PABPN1;RPL27;NUP58;UBA52
prerank,Reactome_2022__Collagen Formation R-HSA-1474290,-0.5698640965742062,-1.7576716268660881,0.003629764065335753,0.014623518116798698,0.998,11/20,26.36%,P4HB;ITGA6;CTSV;CTSL;P4HA3;ITGB4;TLL1;PLOD2;PLOD3;PLOD1;PPIB
prerank,KEGG_2021_Human__Glycosphingolipid biosynthesis,-0.5814399331143223,-1.7572931136324925,0.007380073800738007,0.014641402573587361,0.998,5/21,8.56%,NAGA;GLA;GLB1;HEXA;HEXB
prerank,KEGG_2021_Human__Gastric acid secretion,0.4353761740834194,1.7564410719489925,0.0022727272727272726,0.025610905559559673,0.993,17/52,17.67%,PRKCA;PRKCB;PRKCG;ATP4A;ATP1A4;ATP1A2;KCNK2;KCNK10;SSTR2;ADCY3;SLC4A2;GNAS;GNAQ;PLCB4;PLCB3;PLCB1;PLCB2
prerank,GO_Biological_Process_2025__Microtubule Polymerization (GO:0046785),0.5659842757058706,1.7553882324563437,0.00881057268722467,0.025745307930498132,0.993,10/19,19.66%,TUBGCP6;TPPP;TPPP3;TPPP2;CCDC66;TUBG1;CKAP5;TRPV4;TUBGCP4;NDE1
prerank,KEGG_2021_Human__Aldosterone-regulated sodium reabsorption,0.5206062632994501,1.7548505917621702,0.0,0.025806480054521175,0.993,8/26,12.10%,PRKCA;PRKCB;PRKCG;ATP1A4;ATP1A2;MAPK1;IRS1;MAPK3
prerank,WikiPathways_2024_Human__GPCRs Other WP117,0.5496869037647143,1.7541991612224492,0.002232142857142857,0.025886205885830484,0.993,12/21,24.81%,FSHR;LGR6;SSTR2;HTR7;HTR1F;CELSR2;CELSR1;CELSR3;EDNRA;GRPR;NTSR1;UTS2R
prerank,GO_Molecular_Function_2025__Tubulin Binding (GO:0015631),0.3677076947325318,1.751923409810184,0.0,0.026339677616506987,0.993,53/137,24.78%,PAFAH1B1;MX2;PKN1;STMN1;STMN3;STMN2;STMN4;NCALD;TUBGCP6;KIF3A;TPPP;TPPP3;TPPP2;CCDC66;SPAST;KATNB1;DIP2B;CLIP1;CKAP5;KIF3C;KIF3B;RMDN2;RMDN1;RMDN3;TBCEL;DNAL1;TTLL4;SETD2;TTLL6;LRPPRC;TRPV4;CCDC88C;HOOK3;CCDC88A;CCDC88B;HOOK1;HOOK2;GAS2L1;TUBGCP4;NDE1;KIF2C;MAPRE2;MAPRE3;UNC5C;BIRC5;VAPB;VAPA;SMC3;SBDS;REEP4;REEP2;REEP1;REEP3
prerank,GO_Biological_Process_2025__Response to Transforming Growth Factor Beta (GO:0071559),-0.5650417685044603,-1.751586424825378,0.005494505494505495,0.015555844190282473,0.998,11/21,17.56%,SOX9;SOX6;SOX5;LIMS1;ROCK1;ROCK2;WNT7A;WNT5A;WNT4;WNT10A;WNT2
prerank,GO_Molecular_Function_2025__Sulfotransferase Activity (GO:0008146),-0.5632664050667279,-1.7515115825351104,0.003766478342749529,0.015527243522678638,0.998,12/23,7.64%,SULT1A2;SULT2A1;SULT1B1;SULT1A3;SULT1A1;SULT1E1;SULT1A4;SULT6B1;SULT1C4;SULT4A1;SULT1C3;SULT2B1
prerank,GO_Biological_Process_2025__Negative Regulation of Protein Localization to Nucleus (GO:1900181),0.5954121495116248,1.7508273779420855,0.012371134020618556,0.026507509858817464,0.993,12/16,32.85%,YWHAB;YWHAZ;APP;CTNNA1;POLR1A;SIRT6;NFKBIA;CABP1;MTOR;LATS2;UFM1;GSK3B
prerank,GO_Molecular_Function_2025__Inward Rectifier Potassium Channel Activity (GO:0005242),0.5860434875807993,1.750749598478602,0.008658008658008658,0.02643387736191113,0.993,9/16,13.57%,KCNK6;KCNK1;KCNH7;KCNH3;KCNH2;KCNN3;KCNN1;KCNN2;KCNH6
prerank,GO_Biological_Process_2025__Cellular Catabolic Process (GO:0044248),0.5707788246871142,1.746852907553252,0.017391304347826087,0.027483584069273818,0.993,8/17,11.17%,LVRN;ERAP1;ERAP2;TRHDE;ANPEP;LNPEP;SNX25;SH3GLB1
prerank,GO_Molecular_Function_2025__Cell-Cell Adhesion Mediator Activity (GO:0098632),0.5602539649066316,1.744478457219239,0.006263048016701462,0.028015252127514448,0.993,7/18,15.78%,PLXNB3;CLSTN3;CTNND1;PKP3;TMOD3;PDLIM5;PDLIM1
prerank,GO_Biological_Process_2025__Gland Development (GO:0048732),-0.48852147579079536,-1.7442113992373,0.0,0.016556281060575335,0.998,17/42,18.72%,UGT1A9;UGT1A10;UGT1A8;UGT1A7;TG;PCSK9;SOX9;SOX2;SOX3;SOD1;PRKCSH;SIX3;GFER;WNT4;WNT11;WNT10A;NHERF1
prerank,WikiPathways_2024_Human__NRXN1 Deletion Syndrome WP5398,0.5905611674614898,1.7437472100144433,0.008565310492505354,0.028086080187099093,0.993,10/15,3.28%,GRIN3B;GRIA2;GRIA1;GRIN2B;GRIN2A;GRIN3A;GRIN2D;GRIA3;GRIN2C;GRIA4
prerank,GO_Biological_Process_2025__Calcium Ion Homeostasis (GO:0055074),0.43425720568733234,1.7426414646448034,0.0022172949002217295,0.028267613835824067,0.993,20/53,18.81%,ATP2C1;ATP13A3;ATP13A4;ATP2A2;ATP13A2;ATP2A1;ATP2C2;ATP13A5;SLC24A5;TNNI3;SLC24A1;ALPL;CSRP3;JPH2;ATP2B4;RMDN3;ATP2A3;TRPV6;TRPV4;TRPV5
prerank,GO_Cellular_Component_2025__Neuromuscular Junction (GO:0031594),0.5628209889557619,1.7419787031109963,0.009174311926605505,0.028300209984102653,0.993,11/21,14.99%,SYNGR1;SYNGR3;SYNGR4;SYNGR2;SPOCK1;PDZRN3;RAPSN;SNTA1;FCHSD1;FCHSD2;MUSK
prerank,GO_Biological_Process_2025__Monoatomic Cation Homeostasis (GO:0055080),0.44172280420360177,1.7410527964340088,0.0,0.028435673544480324,0.993,12/53,6.49%,SLC12A3;SLC12A4;SLC12A2;SLC12A1;SLC12A7;SLC12A6;SLC12A5;ATP13A2;KCNH2;SLC9B2;PICALM;ALPL
prerank,GO_Biological_Process_2025__Regulation of Vasoconstriction (GO:0019229),-0.627401031155647,-1.7405186712879295,0.0037313432835820895,0.017137424921000705,0.998,5/15,2.80%,PER2;ECE1;ITGA9;ITGA4;AGXT
prerank,GO_Cellular_Component_2025__Lytic Vacuole (GO:0000323),-0.3959428803409138,-1.7396476885922807,0.0,0.01724362412796273,0.998,38/119,15.90%,GAA;AKR1B10;SCARB1;PCSK9;SLC2A13;MAN2B1;SNX2;CD164;CTSV;CTSL;CLN3;NPC2;GLB1;TMEM192;GBA1;ABCA5;CTSF;CTSW;TINAG;HEXA;HEXB;ZFYVE26;PLEKHF1;VPS4A;ARSK;ARSG;ARSA;STS;SLC38A9;TOM1L1;IDS;CTSD;OCIAD2;OCIAD1;PPT2;ACP2;ACP4;LAMTOR5
prerank,GO_Biological_Process_2025__Substrate Adhesion-Dependent Cell Spreading (GO:0034446),-0.5854166154541627,-1.739038188806995,0.0036363636363636364,0.017317399857205602,0.998,14/19,29.04%,ITGAV;ITGA8;ITGA4;FERMT2;FERMT3;LPXN;ITGB7;RHOA;VAMP3;ITGB3;KIF14;PARVG;PARVA;PARVB
prerank,KEGG_2021_Human__JAK-STAT signaling pathway,-0.4981012169565376,-1.7388852306594886,0.0018552875695732839,0.017299183443688703,0.998,19/32,20.06%,MCL1;AOX1;PIK3CD;PIK3CB;CCND3;CCND1;CCND2;STAT5B;STAT5A;STAT6;STAM2;STAM;SOCS2;SOCS3;SOCS5;SOCS6;CISH;SOCS1;SOCS4
prerank,Reactome_2022__Ion Homeostasis R-HSA-5578775,0.4867946328568031,1.7377600570857619,0.0,0.02915002307737544,0.993,8/33,3.39%,PRKCA;ATP2A2;ATP2B3;ATP1A4;ATP2B1;ATP2A1;ATP1A2;TNNI3
prerank,Reactome_2022__Metabolism Of Steroids R-HSA-8957322,-0.4189476161779921,-1.7374974074654,0.0,0.01750573451718072,0.998,31/86,20.67%,AKR1B15;AKR1C4;AKR1C3;AKR1C2;AKR1D1;AKR1C1;CYP19A1;AKR1B1;ACACB;ACOX2;ABCC3;FDPS;HSD17B4;SLC27A2;SLC27A5;LIN9;SLCO1B3;SLCO1B1;HSD11B1;PLPP6;GPAM;SMARCD3;OSBPL9;CUBN;RXRA;LRP2;STARD3NL;STARD3;STARD6;STARD4;STARD5
prerank,KEGG_2021_Human__Cocaine addiction,0.47043182387442967,1.7369622022701312,0.0071090047393364926,0.029245261154288642,0.993,11/36,8.31%,TH;GRIN3B;GRIA2;GRIN2B;GRIN2A;GRIN3A;GRIN2D;GRIN2C;GRM3;GRM2;SLC18A1
prerank,GO_Biological_Process_2025__Myeloid Cell Differentiation (GO:0030099),-0.5209273866702872,-1.734570321031994,0.00539568345323741,0.017999063102955067,0.999,11/30,23.04%,GATA1;KAT6A;RUNX1;HSPA9;ATP5IF1;BLVRB;RPS14;CASP3;ZFPM1;RACGAP1;IKZF1
prerank,GO_Molecular_Function_2025__PDZ Domain Binding (GO:0030165),0.4696475724222777,1.7327639376858026,0.004784688995215311,0.030269511717208437,0.994,20/36,21.75%,NSF;GNG5;SNTG2;GRIA1;GRID2;SSTR2;SLC22A12;USHBP1;SLC22A5;SLC22A4;ADAM17;ATP2B4;PTEN;CCDC88C;DOCK4;FZD7;FZD1;FZD9;FZD2;FZD8
prerank,Reactome_2022__PIP3 Activates AKT Signaling R-HSA-1257604,-0.3817552009002093,-1.7326969007500899,0.0,0.018272467648253677,0.999,49/145,16.63%,PSMD14;PSMD2;PSMA1;PSMD11;KLB;KL;PIP5K1A;PSMA4;PSMC4;PSMB1;PSMB4;PSMC3;PSMC1;PSMA7;PSMB9;PSMA8;PSMB6;PSMB5;PSMB11;PSMB8;PSMB7;PSMB10;PPP2R5C;PPP2R5D;PSMB2;PSMB3;PSMC6;PSMC5;PSMA3;PSMA2;FRS2;RAC2;PSMD7;TRIB3;MYD88;SLC38A9;PSMD8;CHUK;PSMA5;CASP9;PIK3CB;PSMD9;PSMD4;PSMC2;LAMTOR5;PSMD6;MTA1;MTA2;SUZ12
prerank,WikiPathways_2024_Human__Selenium Micronutrient Network WP15,-0.4981414875988195,-1.731835384665967,0.005545286506469501,0.018366895900592917,0.999,18/35,25.78%,SCARB1;PRDX4;PRDX2;PRDX1;XDH;HBB;HBA1;PNPO;MTHFR;SOD1;MSRB1;ABCA1;GGT1;SELENOT;NFKB2;NFKB1;RELA;CAT
prerank,GO_Biological_Process_2025__Nitrogen Compound Transport (GO:0071705),0.375435656222073,1.7314045398353457,0.0,0.030429552879249498,0.994,33/109,8.31%,SLC12A2;SLC5A8;SLC7A2;KCNK2;KCNK1;MINDY4;HCN2;CBLIF;TCN1;TCN2;REPS1;KIF3A;SLC36A2;SLC38A5;SLC36A1;SLC38A7;SLC36A3;SLC38A1;SLC32A1;SLC36A4;SLC38A2;SLC29A4;SLC17A1;SLC17A3;SLC22A3;SLC22A12;SLC22A1;SLC22A13;SLC22A5;SLC22A4;SLC22A2;PICK1;SLC18A1
prerank,GO_Biological_Process_2025__Protein Maturation (GO:0051604),-0.4042585173301932,-1.7309396242419282,0.0,0.018484565375677164,0.999,27/97,15.01%,ECEL1;ECE1;KEL;MMEL1;PCSK6;PCSK4;DUOXA2;GZMK;GZMA;CLN3;ATG4A;ATG4B;CIAO2A;PSEN2;PSEN1;GCSH;DDI2;DNAJB11;IKBKB;CASP1;CASP5;CASP8;CASP9;CASP4;CASP2;FKBP1A;FKBP1B
prerank,GO_Cellular_Component_2025__Cilium (GO:0005929),0.352295803012854,1.730913320157444,0.0,0.030472654594210943,0.994,99/192,35.73%,PAFAH1B1;PRKCI;GUCA1B;CLXN;CNGB1;CNGA4;DYNLL1;DYNLL2;MLF1;PMEPA1;TUBA1C;TUBA1B;TUBA3E;TUBA1A;TUBA3C;TUBA3D;HTR7;OCRL;KIF3A;CADPS2;SPA17;GRK2;DNAH9;MAPK1;CCDC66;DYNC2H1;MICALL1;TTBK2;CCDC40;MAPK3;CILK1;ARL2;CKAP5;ATP2B4;KIF3C;KIF3B;TMEM67;DNAH7;PDE6D;PROM1;PROM2;IFT140;TTLL8;TTLL6;FUZ;MAPKAP1;TRPV4;TRPV3;PIK3R4;RAB14;CFAP91;BBS5;KIFAP3;ARL6;DNAI4;SNRNP200;GALR2;DNALI1;ATP6V1D;RSPH9;TMEM138;IFT70B;CSNK1D;KISS1R;PSME3;IQUB;RSPH1;DNAI7;CFAP20;DNAAF5;CNGA2;IFT52;IFT172;CEP104;TULP2;TULP1;TULP3;RSPH4A;CFAP45;DNAI1;DYNLRB2;IFT57;ENKD1;MOSMO;WDR19;SSTR3;TOGARAM1;TOGARAM2;TMEM216;TMEM17;DZIP1L;RILPL1;RILPL2;DRC3;CLNS1A;VHL;CFAP126;PRKAA1;WDR35
prerank,GO_Molecular_Function_2025__Protein Homodimerization Activity (GO:0042803),-0.34343884399119684,-1.7296650404218317,0.0,0.018713829210189395,1.0,67/352,9.59%,SHMT1;HPGDS;PDXK;ALDH3A2;ECE1;UGT1A9;UGT1A4;UGT1A10;UGT1A3;UGT1A8;UGT1A1;UGT1A6;UGT1A7;ACHE;NLGN4X;SCARB2;KHK;BAX;BAK1;BOK;GRHPR;AGXT;TPI1;GALM;GLDC;NAGA;CRYAB;HSPB8;HSPB6;LCT;GGCT;NADK2;SNX2;LPL;LHPP;XDH;AOX1;ACOX2;PRPS2;PRPS1L1;ATIC;GZMA;RUNX1;PNPO;PSPH;HSD17B4;DPP4;VIL1;PKM;GLB1;TMEM192;ACSL6;RPE;MOGAT2;DGAT2;KYAT1;SOX6;MLXIPL;ABCG1;ABCG4;STING1;EXD2;PRTFDC1;SOD1;IMPA2;IMPA1;BLTP3B
prerank,GO_Biological_Process_2025__Protein K63-linked Ubiquitination (GO:0070534),0.5564628042530455,1.7288838152079369,0.017094017094017096,0.030923459385822347,0.994,10/19,23.77%,PELI3;PELI1;UBE2B;STUB1;RNF5;UBE2N;UBE2NL;UBE2S;XIAP;UBR2
prerank,GO_Biological_Process_2025__Proteolysis (GO:0006508),-0.37579051376629213,-1.728378513987807,0.0,0.01888322325721654,1.0,48/168,14.97%,ECEL1;ECE1;KEL;MMEL1;TPSAB1;TPSB2;TPSG1;TPSD1;NPEPL1;PCSK6;PCSK4;DPP3;PSMC4;PSMB1;CTSV;CTSL;GZMA;HABP2;CLN3;DPP4;CPB2;CPA5;CPO;CPA1;CPA2;CPB1;CPA6;CPA4;PSMB5;PSMB11;ATG4A;ATG4B;ENPEP;CTSF;CTSW;PEPD;PSEN2;PSEN1;ERMP1;GGT5;DDI2;CTSD;RNPEP;CASP1;CASP6;CASP8;CASP4;CASP2
prerank,KEGG_2021_Human__Insulin secretion,0.4336646983631712,1.7280138723806682,0.0,0.0310222837392415,0.994,19/49,17.67%,SNAP25;PRKCA;PRKCB;PRKCG;ATP1A4;ATP1A2;ADCY3;KCNN4;KCNN3;KCNN1;KCNN2;GNAS;GNAQ;GNA11;STX1A;PLCB4;PLCB3;PLCB1;PLCB2
prerank,Reactome_2022__SUMOylation Of Intracellular Receptors R-HSA-4090294,0.5343105306462617,1.727772425670537,0.011363636363636364,0.03096980688439546,0.994,15/22,30.40%,PPARG;RARA;THRA;PPARA;NR1H3;RORA;VDR;NR1H2;NR1I2;NR4A2;UBE2I;NR3C2;PGR;NR3C1;ESR1
prerank,Reactome_2022__Signaling By NOTCH R-HSA-157118,-0.3920183543606557,-1.7239169677141024,0.0,0.019619778575675293,1.0,38/116,16.28%,PSMD14;PSMD2;HDAC6;PSMA1;PSMD11;PSMA4;PSMC4;PSMB1;PSMB4;RUNX1;PSMC3;PSMC1;PSMA7;PSMB9;PSMB6;PSMB5;PSMB8;PSMB7;PSMB10;PSMB2;PSMB3;MIB1;PSMC6;PSMC5;PSMA3;PSMA2;PSEN2;PSEN1;HIF1A;PSMD7;PSMD8;PSMA5;PSMD9;PSMD4;POGLUT1;PSMC2;CCND1;PSMD6
prerank,KEGG_2021_Human__Fatty acid elongation,-0.6072339118587025,-1.7238949454746688,0.011516314779270634,0.019577403243978365,1.0,10/16,15.88%,ACAA2;ELOVL7;ELOVL1;ECHS1;TECR;HADHB;PPT2;HADHA;HACD1;HACD2
prerank,GO_Biological_Process_2025__Chloride Transport (GO:0006821),0.4484626294754473,1.7230064537030212,0.004761904761904762,0.0322085822511256,0.996,16/41,10.78%,SLC12A3;SLC12A4;SLC12A2;SLC12A1;SLC12A7;SLC12A6;SLC12A5;SLC5A8;KCNK2;KCNK1;SLC17A7;SLC26A2;SLC26A1;SLC4A10;SLC4A8;SLC4A1
prerank,GO_Biological_Process_2025__Proton Motive Force-Driven ATP Synthesis (GO:0015986),0.44219893535139876,1.7225154111726737,0.006550218340611353,0.03222039991467949,0.996,32/45,42.97%,ATP5PB;NDUFB5;NDUFA12;ATP5PF;NDUFS2;NDUFS7;NDUFB11;NDUFS8;ATP5PD;NDUFA10;NDUFA13;SDHA;NDUFA8;SDHC;ATP5F1C;ATP5MF;SDHD;NDUFA6;ATP5MG;ATP5MGL;ATP5F1D;ATP5PO;NDUFAB1;NDUFA11;VPS9D1;NDUFB3;NDUFS6;NDUFV1;NDUFB7;NDUFB10;ATP5F1B;NDUFB4
prerank,Reactome_2022__Glucose Metabolism R-HSA-70326,-0.4229123636195716,-1.7222952982841637,0.0,0.019831582658176906,1.0,25/74,13.47%,GOT2;PGP;SEH1L;TPI1;PFKFB1;MDH1;PKM;PKLR;PGK1;PPP2R5D;FBP1;PGM2L1;SLC25A11;PCK1;PCK2;ENO2;ENO1;ENO3;NUP85;PFKP;PFKM;PFKL;SEC13;PRKACB;PRKACG
prerank,GO_Cellular_Component_2025__Intermediate Filament Cytoskeleton (GO:0045111),0.508786851591844,1.7213628686265745,0.008639308855291577,0.032473768370948314,0.996,11/27,12.24%,PRKCE;PKN2;RTN2;NCKIPSD;PNN;DTNA;PKP2;PKP1;MDN1;NOL9;CLIP1
prerank,KEGG_2021_Human__Dilated cardiomyopathy,-0.4455133515950876,-1.7181553688958369,0.0,0.020596367742787534,1.0,13/56,2.42%,ITGA7;ITGA3;ITGA11;ITGAV;ITGA2;ITGA9;ITGA10;ITGA8;ITGA4;ITGA5;ITGA1;ITGA6;ITGA2B
prerank,GO_Biological_Process_2025__Regulation of calcineurin-NFAT Signaling Cascade (GO:0070884),0.562843485697163,1.7127961394795466,0.002173913043478261,0.03482246638271745,0.998,12/18,32.85%,HOMER2;PPP3R1;PTBP1;PPP3CB;PPP3CC;ATP2B4;PLCG2;SLC9A1;PPP3R2;CIB1;CHP2;GSK3B
prerank,GO_Biological_Process_2025__Maturation of SSU-rRNA Frm Tricistronic rRNA Trnscpt (GO:0000462),0.5140319895700269,1.7120211754510957,0.004434589800443459,0.034981315458220474,0.998,12/25,19.33%,UTP4;HEATR1;NGDN;PWP2;KRI1;TBL3;RRS1;UTP20;RRP36;BMS1;UTP6;DHX37
prerank,Reactome_2022__Cyclin D Associated Events In G1 R-HSA-69231,-0.5211510475782667,-1.7109126309577933,0.010344827586206896,0.02194807070871786,1.0,16/26,29.24%,E2F2;CCND3;CCNE2;CCNE1;CCND1;CCND2;PPP2R2A;RBL1;RBL2;RB1;SKP2;CCNH;PPP2CB;PPP2CA;SKP1;UBA52
prerank,GO_Biological_Process_2025__Neuron Development (GO:0048666),0.39954863849992506,1.7104100059738065,0.0,0.035336283053543395,0.998,32/78,23.23%,STMN1;STMN3;STMN2;STMN4;ATP7A;SH3GL2;ULK1;LGI4;LGI1;FAM151B;APP;GBA2;UNK;MICALL1;TENM2;TENM3;STX3;BLOC1S1;SAMD14;PPP1R9B;PPP1R9A;HS6ST1;PALS1;ISL2;PBX2;PBX1;PBX3;PBX4;MAPRE2;UNC5A;ATP8A2;VAPA
prerank,GO_Biological_Process_2025__Intrinsic Apoptotic Signaling Pathway in Response to DNA Damage (GO:0008630),-0.5099494927409822,-1.7098723035217802,0.0055147058823529415,0.022143234050897614,1.0,11/30,16.24%,BCL2L10;BCL2A1;BAX;MCL1;BAK1;BOK;PPP2R5C;CASP9;PYCARD;CASP2;CHEK2
prerank,Reactome_2022__Protein-protein Interactions At Synapses R-HSA-6794362,0.43455590117112564,1.7097359038554814,0.0024096385542168677,0.03546446243720429,0.998,27/45,22.48%,HOMER2;STXBP1;RTN3;SYT7;LRRTM2;GRIA1;GRIN2B;GRIN2A;GRIN2D;GRIA3;GRIN2C;GRIA4;SYT12;NRXN2;LIN7A;SIPA1L1;STX1A;PDLIM5;APBA3;APBA1;APBA2;MPP2;MPP3;PPFIA3;PPFIA2;PPFIA4;PPFIA1
prerank,GO_Biological_Process_2025__TORC1 Signaling (GO:0038202),-0.6124194834730865,-1.7091316083195691,0.003861003861003861,0.02224090579631022,1.0,10/16,22.56%,LAMTOR5;RPS6KA4;RPS6KA5;RPS6KB2;RPS6KA6;RPS6KA1;RPS6KA2;RPS6KB1;RPS6KA3;LAMTOR4
prerank,Reactome_2022__Glucagon Signaling In Metabolic Regulation R-HSA-163359,0.5903902358734843,1.7070649915774823,0.014767932489451477,0.036141024461434704,0.998,4/15,0.40%,GNG5;GNG11;GNG10;PRKCA
prerank,GO_Biological_Process_2025__Ribonucleoprotein Complex Biogenesis (GO:0022613),0.37770245438174577,1.705969432453515,0.002544529262086514,0.03641585408616985,0.998,43/103,22.41%,PES1;SNU13;WDR36;BOP1;SURF6;UTP4;HEATR1;WDR12;FBL;RIOK2;NGDN;PWP2;NOM1;RCL1;BYSL;NOL6;RPF2;TBL3;NOP2;RRS1;DIMT1;NOP16;UTP15;UTP20;NOP58;PNO1;GRWD1;GTPBP4;RRP36;LTV1;WDR74;RSL24D1;NAT10;IMP4;SDAD1;BMS1;UTP6;TMA16;DHX37;XPO1;NPM1;RRP9;AK8
prerank,GO_Biological_Process_2025__Chondrocyte Differentiation (GO:0002062),-0.5527071304405168,-1.702841459470322,0.012433392539964476,0.023512939966135685,1.0,10/21,17.58%,RUNX1;SOX9;SOX6;SOX5;SULF2;SULF1;WNT7A;WNT2B;WNT5B;WNT10B
prerank,Reactome_2022__Programmed Cell Death R-HSA-5357801,-0.38312039460797526,-1.7021762002868617,0.0,0.02361498151972308,1.0,47/124,16.37%,PSMD14;PSMD2;PSMA1;BAX;BAK1;PSMD11;PSMA4;PSMC4;PSMB1;PSMB4;PSMC3;PSMC1;GSN;PSMA7;PSMB9;PSMA8;PSMB6;PSMB5;PSMB11;PSMB8;PSMB7;PSMB10;PSMB2;PSMB3;PSMC6;PSMC5;PSMA3;CLSPN;PSMA2;PSMD7;ARHGAP10;PSMD8;PSMA5;BCAP31;CASP1;CASP6;CFLAR;CASP5;CASP8;CASP9;CASP4;PSMD9;APIP;PSMD4;PSMC2;PSMD6;ROCK1
prerank,WikiPathways_2024_Human__Rett Syndrome WP4312,0.5196354957417747,1.7005761752062893,0.0021231422505307855,0.038058648352413696,0.998,12/23,26.88%,GNAO1;STXBP1;GRIN2B;GRIN2A;GABBR2;TRRAP;SMARCA1;HAP1;TBL1XR1;TBL1X;CECR2;KDM5B
prerank,GO_Biological_Process_2025__Negative Regulation of Translation (GO:0017148),0.40802448740547603,1.6997109242497779,0.002380952380952381,0.03824615453726475,0.998,24/65,19.15%,PRKCH;EIF4E2;CPEB2;CPEB3;CPEB4;TOB1;EIF4EBP3;EIF4EBP2;EIF4EBP1;EPRS1;IGF2BP2;IGF2BP1;IGF2BP3;QKI;HABP4;SERBP1;UNK;CPEB1;EIF4ENIF1;EIF6;YBX1;LIN28A;EIF2AK4;GIGYF2
prerank,GO_Biological_Process_2025__Sodium Ion Homeostasis (GO:0055078),0.5354489839097964,1.6995209004273764,0.011086474501108648,0.038180297830424995,0.998,7/21,4.62%,SLC12A3;SLC12A2;SLC12A1;ATP4A;ATP1A4;ATP1A2;SLC9B2
prerank,GO_Molecular_Function_2025__Anion Binding (GO:0043168),-0.35599514368442464,-1.6986975284097556,0.0,0.024348545557510815,1.0,61/215,14.51%,SHMT1;SHMT2;CBR3;KCNAB1;AKR1C2;AKR1C1;PDXK;GCDH;NLGN4X;GRHPR;AGXT;GLDC;HPGD;OAT;PSAT1;HAO1;XDH;AOX1;ACOX2;AMY1B;AMY1C;AMY1A;AMY2A;PNPO;MTHFD2;HSD17B8;VIL1;VILL;GSN;SVIL;SCIN;AVIL;MYO6;MTHFR;PGK2;PGK1;ACCS;FBP1;ABCG1;STING1;FERMT2;PCK1;ZFYVE1;ZFYVE16;MYO1G;MAOA;MAOB;ETFDH;ACOX3;ACSS2;TRPC5;TRPC4;TRPC1;ANXA13;ANXA2;ANXA8L1;APRT;SLC19A1;GMNN;GFER;ARHGAP9
prerank,GO_Biological_Process_2025__Regulation of MAPK Cascade (GO:0043408),0.39512386043307995,1.6981850781874124,0.0,0.03849372035278424,0.998,34/82,18.17%,PKN1;PKN2;MAPK8IP1;MAPK8IP2;PELI2;RIT2;SH3GL2;YWHAZ;EGF;APP;WWC1;KCTD11;ERP29;NF1;MAPK1;GRB2;SPRED1;SPRED2;RRAS;GRAP;GRAP2;MADD;MAPK3;SEPSECS;ZDHHC17;FASN;PPARG;LGALS9;BCAR3;PDGFB;PDGFA;PLCG2;TBX1;GFRAL
prerank,WikiPathways_2024_Human__Ethanol Effects On Histone Modifications WP3996,-0.5457641865517606,-1.6977605049997813,0.0053475935828877,0.024505887440892802,1.0,8/20,17.85%,ALDH1A1;ALDH1A2;HDAC6;MTHFR;ALDH2;ACSS2;SLC19A1;HDAC2
prerank,WikiPathways_2024_Human__Small Cell Lung Cancer WP4658,-0.4526676077722903,-1.6974522352678172,0.0033613445378151263,0.02451528487544843,1.0,26/50,25.50%,ITGA3;ITGAV;ITGA2;ITGA6;ITGA2B;BAX;BAK1;E2F2;ITGB1;IKBKB;CHUK;CASP8;CASP9;PIK3CD;PIK3CB;CCNE2;CCNE1;CCND1;RXRG;RXRB;RXRA;CASP3;RB1;NFKB1;RELA;PIK3CA
prerank,KEGG_2021_Human__Small cell lung cancer,-0.45577921834122775,-1.696554140665292,0.0016835016835016834,0.024675428460390347,1.0,26/49,25.73%,ITGA3;ITGAV;ITGA2;ITGA6;ITGA2B;BAX;BAK1;E2F2;ITGB1;IKBKB;CHUK;CASP9;PIK3CD;PIK3CB;CCNE2;CCNE1;CCND1;RXRG;RXRB;RXRA;CASP3;RB1;NFKB1;RELA;PIK3CA;SKP2
prerank,GO_Molecular_Function_2025__Guanyl Ribonucleotide Binding (GO:0032561),0.368539597544099,1.6965505271146855,0.0,0.038904805738333124,0.998,29/110,14.27%,MX2;RIT2;CNGA3;CNGB1;CNGB3;CNGA4;CNGA1;GRID2;GRID1;TUBA1C;TUBA1B;TUBA3E;TUBA1A;TUBA3C;TUBA3D;MPPED2;DIRAS2;RRAS;RAB30;GNL2;TUBG1;ARL2;GTPBP10;EEF1A1;GNA14;GNA15;GNAQ;GNA11;GTPBP4
prerank,Reactome_2022__Translocation Of SLC2A4 (GLUT4) To Plasma Membrane R-HSA-1445148,0.49896986588818093,1.6959164667047526,0.015521064301552107,0.039032672425438376,0.998,13/28,20.87%,LNPEP;YWHAQ;YWHAH;YWHAB;YWHAZ;YWHAG;KIF3A;EXOC5;KIF3B;STX4;RAB14;KIFAP3;EXOC6
prerank,GO_Biological_Process_2025__Negative Regulation of Microtubule Polymerization or Depolymerization (GO:0031111),0.582458048327096,1.6952462228073066,0.008695652173913044,0.03914952306896587,0.998,5/15,10.62%,STMN1;STMN2;INPP5J;KATNB1;TTBK2
prerank,GO_Biological_Process_2025__Protein Catabolic Process (GO:0030163),-0.4229915983915885,-1.6945908322301844,0.0,0.025074885264592957,1.0,25/61,21.32%,PCSK9;PSMB1;CTSV;CTSL;GZMA;GLB1;MANBA;CPA2;PSMA8;CTSF;CTSW;VCP;STT3B;DDI1;DDI2;CTSD;NGLY1;CASP8;CHEK2;SQSTM1;GLMN;SOCS6;CASP3;CASP7;UCHL1
prerank,Reactome_2022__Metabolism Of Porphyrins R-HSA-189445,-0.5300358367508395,-1.6933536789911932,0.008912655971479501,0.025343418705711475,1.0,13/24,23.39%,UGT1A4;UGT1A1;GUSB;ABCC2;ABCC1;BLVRB;SLCO2B1;SLCO1B3;SLCO1B1;FECH;CPOX;ABCG2;PPOX
prerank,Reactome_2022__Signaling By EGFR R-HSA-177929,0.49158403432752845,1.693252022745026,0.0069124423963133645,0.039707999713818415,0.998,11/27,18.52%,SH3GL3;SH3GL2;EGF;EPS15;GRB2;ADAM17;SH3GL1;EPN1;AAMP;PLCG1;ADAM10
prerank,GO_Molecular_Function_2025__Potassium Channel Regulator Activity (GO:0015459),0.5922571845496009,1.6908615118267407,0.013513513513513514,0.040381832062428555,0.998,7/15,3.06%,KCNIP1;KCNIP4;KCNIP3;KCNIP2;KCNK2;LRRC52;LRRC26
prerank,GO_Cellular_Component_2025__MLL1 Complex (GO:0071339),0.5165444796013302,1.6899915872056548,0.017467248908296942,0.04056120455791856,0.999,9/23,24.83%,MEN1;RNF2;TAF7;KMT2A;RBBP5;MGA;INO80C;WDR5;HCFC2
prerank,GO_Biological_Process_2025__Regulation of Cardiac Muscle Contraction (GO:0055117),0.5711425943353617,1.6877694444274167,0.018556701030927835,0.041201452353648915,0.999,6/17,11.40%,PRKCA;ATP2A2;HCN4;TNNI3;SMAD7;PDE4B
prerank,WikiPathways_2024_Human__Fragile X Syndrome WP4549,0.40345763247455524,1.6873981085531842,0.0,0.04122601484996157,0.999,25/70,17.69%,GAD1;PRKCA;EIF4E;SH3GL3;HCN1;GRIA2;GRIA1;GRIN2B;GRIN2A;EIF4EBP2;APP;AP2A1;NF1;PICK1;MAPK1;GRB2;SH3GL1;RAP1GAP;EEF1A1;TBC1D7;AKT1S1;PTEN;AP2S1;PLCB1;PLCG1
prerank,GO_Cellular_Component_2025__Tertiary Granule (GO:0070820),-0.42369382509000447,-1.6867661389926176,0.0033333333333333335,0.026720382122026938,1.0,21/70,12.65%,GAA;MGAM;KCNAB2;PRCP;ITGAX;ITGAM;CHIT1;SLC2A3;HBB;PGLYRP1;QSOX1;QPCT;LYZ;PGM1;TIMP2;DOK3;PRKCSH;LTA4H;ITGB2;CTSD;RHOA
prerank,Reactome_2022__Metabolic Disorders Of Biological Oxidation Enzymes R-HSA-5579029,-0.5904306913212611,-1.6860650272296407,0.007434944237918215,0.026827254698835637,1.0,7/17,18.35%,UGT1A4;UGT1A1;CYP4F22;CYP19A1;MAOA;OPLAH;GGT1
prerank,GO_Molecular_Function_2025__Transcription Coregulator Binding (GO:0001221),-0.4252380375257097,-1.6858434410070628,0.0017211703958691911,0.026810911810222444,1.0,23/66,20.44%,PER2;PER1;PER3;HDAC6;GATA2;GATA1;GATA6;CTBP2;CTBP1;RUNX1;TWIST1;HIF1A;EPAS1;ENO1;SIX3;DHDDS;RPL23;SUZ12;FAM89B;STAT6;SMARCD3;RXRA;EED
prerank,GO_Biological_Process_2025__Ribosomal Small Subunit Biogenesis (GO:0042274),0.3970140495546655,1.6849215867834217,0.004662004662004662,0.042058211138387196,0.999,30/72,21.65%,SNU13;WDR36;SURF6;UTP4;HEATR1;FBL;RIOK2;NGDN;PWP2;NOM1;RCL1;NOL6;TBL3;DIMT1;UTP15;UTP20;TRMT112;NOP58;PNO1;RRP36;LTV1;NAT10;IMP4;NOB1;BMS1;UTP6;DDX52;DHX37;NPM1;RRP9
prerank,GO_Biological_Process_2025__Maturation of LSU-rRNA (GO:0000470),0.5353446161829435,1.6835526699789158,0.011337868480725623,0.04243096765232798,0.999,12/21,19.60%,PES1;ZNHIT6;WDR12;NSA2;FTSJ3;RPF2;NOP2;TRMT112;URB1;EIF6;RPF1;DDX18
prerank,GO_Molecular_Function_2025__Transcription Corepressor Binding (GO:0001222),-0.4965068306688278,-1.6833662898572717,0.01263537906137184,0.027305423921283573,1.0,9/30,11.46%,PER2;PER1;PER3;HDAC6;CTBP2;CTBP1;RUNX1;ENO1;SIX3
prerank,KEGG_2021_Human__Inflammatory mediator regulation of TRP channels,0.4137162303110742,1.6813391060602214,0.002386634844868735,0.043088054856400396,0.999,24/59,18.83%,PRKCA;PRKCE;PRKCB;PRKCG;PRKCH;ADCY3;PPP1CB;MAPK10;MAPK13;MAPK12;MAPK9;MAPK8;GNAS;GNAQ;PLCB4;PLCB3;PLCB1;PLCB2;PLCG1;PLCG2;TRPV2;TRPV4;TRPV3;TRPV1
prerank,Reactome_2022__Organelle Biogenesis And Maintenance R-HSA-1852241,0.3493321230923131,1.6805548490781774,0.0,0.04318315184648227,0.999,72/159,32.03%,PAFAH1B1;PRKCA;CNGB1;CNGA4;YWHAG;DYNLL1;DYNLL2;CEP250;TUBA1A;KIF3A;GLUD2;GLUD1;ATP5PB;DYNC2H1;PPARGC1A;PPRC1;PPARGC1B;ATAT1;ATP5F1A;TTBK2;EXOC5;MAPK12;TUBG1;DYNC1H1;CKAP5;KIF3C;KIF3B;TMEM67;PDE6D;NR1D1;PPARA;ATP5PF;POLRMT;IFT140;CRTC2;CRTC1;CRTC3;CCT4;BBS5;KIFAP3;NDE1;ARL6;CYCS;EXOC6;KIF24;MAPRE1;CEP97;ATP5PD;CSNK1D;CSNK1E;CETN2;YWHAE;HELZ2;TBL1XR1;TBL1X;CREB1;MTX2;NRF1;TUBB4B;EXOC4;CNGA2;ESRRA;ATP5F1C;IFT52;IFT172;ATP5MF;APOO;APOOL;DYNLRB2;SAMM50;IFT57;ATP5MG
prerank,KEGG_2021_Human__Human papillomavirus infection,-0.36330109400149585,-1.6803438047121668,0.0,0.02793706674309277,1.0,85/188,22.89%,ITGA7;ITGA3;ITGA11;ITGAV;ITGA2;ITGA9;ITGA10;ITGA8;ITGA4;ITGA5;ITGA1;ITGA6;ITGA2B;BAX;BAK1;PSMC1;MAP2K1;MAP2K2;PKM;PPP2R5C;PPP2R5D;PSEN1;PXN;ITGB1;ITGB7;ITGB4;PRKACB;PRKACA;PRKACG;IKBKB;CHUK;ATR;BCAP31;CASP8;PIK3CD;PIK3CB;CCND3;CCNA1;CCNA2;CCNE2;CCNE1;CCND1;CCND2;CSNK1A1L;FZD5;WNT9B;WNT7A;WNT8B;WNT8A;WNT7B;WNT5A;WNT2B;WNT4;WNT5B;WNT11;WNT3A;WNT10A;WNT2;WNT9A;WNT10B;HDAC2;CDC42;PARD6A;PARD6B;PARD6G;THBS4;COMP;THBS2;THBS3;THBS1;CASP3;WNT6;RPS6KB2;RPS6KB1;PPP2R2A;PPP2R2D;PPP2R2C;PPP2R2B;RBL1;RBL2;RB1;ITGB5;ITGB6;ITGB3;ITGB8
prerank,GO_Molecular_Function_2025__NAD Binding (GO:0051287),-0.569525133109627,-1.6797477095653686,0.008992805755395683,0.02802551215511987,1.0,7/17,8.71%,ALDH1A1;ALDH1B1;SORD;CTBP1;HPGD;HSD17B8;ALDH2
prerank,WikiPathways_2024_Human__Neurogenesis Regulation In The Olfactory Epithelium WP5265,0.4928027998898824,1.6790243601337664,0.009009009009009009,0.04362547267054717,0.999,9/28,12.69%,PAFAH1B1;DAB1;NUMBL;RTN4;APP;PLXND1;NEUROG3;NEUROD1;NUMB
prerank,GO_Cellular_Component_2025__Microvillus (GO:0005902),-0.5064483640005333,-1.6764519410074614,0.008976660682226212,0.02885347197695443,1.0,19/28,25.44%,CLIC4;ITGAV;VIL1;MYO1G;SLC7A8;SLC7A5;SLC38A4;MYO7B;ESPN;ANKS4B;NHERF1;CUBN;MYO7A;ITGB3;FSCN3;FSCN1;RDX;MSN;EZR
prerank,GO_Cellular_Component_2025__COPI-coated Vesicle Membrane (GO:0030663),-0.5915514722794581,-1.6728030125076438,0.01904761904761905,0.02977334199666305,1.0,6/15,22.15%,KDELR1;KDELR2;KDELR3;COPE;COPB2;COPB1
prerank,GO_Biological_Process_2025__Protein Deubiquitination (GO:0016579),-0.49204479789377037,-1.671795923074055,0.012345679012345678,0.030008550889693588,1.0,16/32,28.08%,SHMT2;PSMD14;USP8;USP12;UCHL5;OTUB1;OTUB2;USP14;UCHL1;CDK1;YOD1;OTUD1;OTUD6A;OTUD3;OTUD6B;OTUD4
prerank,Reactome_2022__Post-chaperonin Tubulin Folding Pathway R-HSA-389977,0.5818383279159438,1.6708548577082603,0.017429193899782137,0.04666755771598101,0.999,6/15,4.00%,TUBA1C;TUBA1B;TUBA3E;TUBA1A;TUBA3C;TUBA3D
prerank,GO_Biological_Process_2025__Regulation of G0 to G1 Transition (GO:0070316),-0.5402254446350824,-1.6706661131599725,0.0076045627376425855,0.030257684269782488,1.0,6/22,19.27%,DPF1;DPF3;DPF2;SOX15;SMARCD3;SMARCD2
prerank,Reactome_2022__Cilium Assembly R-HSA-5617833,0.3686145301838469,1.6702406899523172,0.0,0.04676778505144398,0.999,35/103,24.97%,PAFAH1B1;PRKCA;CNGB1;CNGA4;YWHAG;DYNLL1;DYNLL2;CEP250;TUBA1A;KIF3A;DYNC2H1;ATAT1;TTBK2;EXOC5;TUBG1;DYNC1H1;CKAP5;KIF3C;KIF3B;TMEM67;PDE6D;IFT140;CCT4;BBS5;KIFAP3;NDE1;ARL6;EXOC6;KIF24;MAPRE1;CEP97;CSNK1D;CSNK1E;CETN2;YWHAE
prerank,Reactome_2022__Transcriptional Regulation By AP-2 (TFAP2) Family Of Transcription Factors R-HSA-8864260,0.5372065186200724,1.6698678155663607,0.02546296296296296,0.04679191307096274,0.999,17/19,42.50%,KCTD15;KCTD1;NOP2;CGB3;YY1;NPM1;HSPD1;KDM5B;UBE2I;DEK;ESR1;TFAP2B;TFAP2D;TFAP2A;TFAP2E;TFAP2C;WWOX
prerank,Reactome_2022__FOXO-mediated Transcription R-HSA-9614085,0.4773286061774333,1.6682998781626979,0.013636363636363636,0.04727747944971124,0.999,10/29,11.82%,YWHAQ;YWHAB;YWHAZ;YWHAG;SIRT1;PCBP4;SMAD4;PPARGC1A;FBXO32;G6PC1
prerank,GO_Biological_Process_2025__Proton Motive Force-Driven Mitochondrial ATP Synthesis (GO:0042776),0.4371418824000551,1.6678724919469388,0.006772009029345372,0.04728692914445926,0.999,32/43,44.74%,ATP5PB;NDUFB5;NDUFA12;ATP5PF;NDUFS2;NDUFS7;NDUFB11;NDUFS8;ATP5PD;NDUFA10;NDUFA13;SDHA;NDUFA8;SDHC;ATP5F1C;ATP5MF;SDHD;NDUFA6;ATP5MG;ATP5F1D;ATP5PO;NDUFAB1;NDUFA11;NDUFB3;NDUFS6;NDUFV1;NDUFB7;NDUFB10;ATP5F1B;NDUFB4;NDUFB9;NDUFA2
prerank,GO_Cellular_Component_2025__Golgi-associated Vesicle (GO:0005798),0.49259892281030554,1.6677397267512046,0.015350877192982455,0.047195430441122836,0.999,9/26,14.95%,ATP7A;CNGB1;CNGA4;OCRL;APP;ITM2B;PI4KA;ZDHHC13;ZDHHC17
prerank,GO_Biological_Process_2025__Gonad Development (GO:0008406),-0.47224939627412926,-1.6677038008974236,0.0156794425087108,0.03100366632106258,1.0,16/34,20.71%,AKR1C3;CYP19A1;GATA1;GATA6;GATA3;SOX9;SOX15;SOX8;SIX4;PRKACG;WNT5A;WNT2B;WNT4;NR2F2;LRP2;DNAAF11
prerank,Reactome_2022__Deactivation Of Beta-Catenin Transactivating Complex R-HSA-3769402,-0.5122489205440721,-1.6675763941914379,0.01090909090909091,0.030980920541439846,1.0,10/25,7.46%,CTBP1;SOX9;SOX2;SOX6;SOX17;SOX4;SRY;SOX3;SOX13;SOX7
prerank,KEGG_2021_Human__Cholesterol metabolism,-0.501045383928062,-1.666008979964079,0.0053285968028419185,0.031380098010707506,1.0,14/27,20.63%,CD36;SCARB1;PCSK9;LIPA;LPL;LIPG;LIPC;NPC2;ABCG8;ABCA1;LRP2;LRP1;STAR;STARD3
prerank,Reactome_2022__Diseases Of Signal Transduction By Growth Factor Receptors And Second Messengers R-HSA-5663202,-0.3439459285996419,-1.6651404490666015,0.0,0.0315671615136229,1.0,69/243,18.56%,PSMD14;PSMD2;HDAC6;PSMA1;ITGA2B;BCL2A1;CTBP2;CTBP1;PSMD11;KLB;KL;PSMA4;PSMC4;PSMB1;ATIC;PSMB4;PSMC3;PSMC1;MAP2K1;MAP2K2;PSMA7;PSMB9;PSMA8;PSMB6;PSMB5;PSMB11;PSMB8;PSMB7;PSMB10;PPP2R5C;PPP2R5D;PSMB2;PSMB3;MIB1;PSMC6;PSMC5;PSMA3;VCL;VCP;PSMA2;FRS2;FRS3;SYVN1;RAC2;PSEN2;PSEN1;PSMD7;ESRP1;PEBP1;BAG4;PSMD8;CHUK;PSMA5;CASP9;FKBP1A;PIK3CB;PSMD9;CPSF6;PSMD4;PSMC2;PSMD6;LRRFIP1;WNT3A;RPS6;SQSTM1;HDAC2;STAT5B;STAT5A;KANK1
prerank,GO_Molecular_Function_2025__Carboxylic Acid Transmembrane Transporter Activity (GO:0046943),-0.43258057367462277,-1.6649986038481042,0.008635578583765112,0.03154893485127607,1.0,28/53,14.41%,SLC16A10;SLC16A8;SLC16A13;SLC16A9;SLC16A14;SLC16A4;SLC16A6;SLC16A2;SLC16A12;SLC16A1;SLC16A11;SLC16A5;SLC16A3;SLC3A2;ABCC1;SLC46A1;SLC13A3;SLC7A11;SLC7A7;SLC7A6;SLC7A8;SLC7A10;SLC7A5;SLC38A4;SLC38A9;SLC19A2;SLC19A1;SLC23A1
prerank,GO_Biological_Process_2025__Hepaticobiliary System Development (GO:0061008),-0.5598236122169179,-1.6636354741891723,0.007285974499089253,0.03184706469502246,1.0,5/17,2.90%,UGT1A9;UGT1A10;UGT1A8;UGT1A7;PCSK9
prerank,GO_Biological_Process_2025__Ribosomal Large Subunit Biogenesis (GO:0042273),0.4355622255002162,1.6635760941724091,0.0022988505747126436,0.04856156726817961,1.0,30/44,34.07%,PES1;BOP1;SURF6;WDR12;NSA2;RPF2;NOP2;RRS1;NOP16;MDN1;BRIX1;TRMT112;GTPBP4;WDR74;RSL24D1;SDAD1;EIF6;RPF1;TMA16;NPM1;NOC2L;NOP53;NVL;AFG2B;RRP15;EBNA1BP2;HEATR3;ZNF622;MAK16;LAS1L
prerank,Reactome_2022__Listeria Monocytogenes Entry Into Host Cells R-HSA-8876384,0.5629198208947613,1.6633632301704917,0.022222222222222223,0.04850575311566285,1.0,5/15,11.15%,SH3GL3;SH3GL2;EPS15;GRB2;SH3GL1
prerank,GO_Biological_Process_2025__Intracellular Receptor Signaling Pathway (GO:0030522),0.5350769766525755,1.6621395148479392,0.011160714285714286,0.0489084334742979,1.0,11/20,15.50%,IPO5;PPARG;PPARD;NR1D1;NR1D2;PPARA;NR1H3;RORA;VDR;NR1H2;NR1I2
prerank,GO_Biological_Process_2025__Phosphorylation (GO:0016310),0.3476707008323929,1.6616564399406872,0.0,0.04902889846147029,1.0,47/161,19.59%,PKN3;PKN1;PRKCA;PRKCE;PRKCB;PKN2;PRKCG;PRKCZ;PRKCH;PRKCI;ULK1;YWHAZ;DGKQ;DGKI;DGKG;DGKZ;DGKD;DGKH;DGKA;DGKE;DGKB;PXK;NADK;CLSTN1;PICK1;MAPK1;PPP3CB;SRPK2;MAPK10;MAPK3;CILK1;MAPK9;MAPK8;NLK;BIRC6;IP6K3;RARA;GNPTAB;STK39;PDGFB;ADAM10;EIF2AK4;CDC42BPB;PIK3R4;SRPK1;MAPK4;MAPK6
prerank,WikiPathways_2024_Human__Amino Acid Metabolism WP3925,-0.41454077939378675,-1.6585403782273724,0.0036036036036036037,0.033226706667417845,1.0,17/67,10.07%,ALDH7A1;ALDH1A1;ACLY;GOT2;GOT1;AUH;OAT;CAD;MDH1;ALDH18A1;FAH;PKM;GPT2;PCK1;BCAT1;HIBCH;MAOA
prerank,GO_Biological_Process_2025__Regulation of Nucleotide-Excision Repair (GO:2000819),-0.5680957356079235,-1.6584276927249606,0.011673151750972763,0.033181423005630845,1.0,8/17,31.84%,DPF1;DPF3;DPF2;SMARCD3;SMARCD2;SMARCE1;BCL7C;BCL7B
prerank,GO_Biological_Process_2025__Regulation of Insulin Secretion (GO:0050796),0.4274058431537655,1.6574552489228278,0.002506265664160401,0.050646875551249096,1.0,17/43,15.40%,SNAP25;PRKCA;KCNK16;SYT7;GRID1;CLOCK;BMAL1;PICK1;EFNA5;IRS2;IRS1;PPP3CB;G6PC2;NEUROD1;GNAS;STX1A;NR1D1
prerank,GO_Biological_Process_2025__Embryonic Skeletal System Development (GO:0048706),-0.5635304721718842,-1.6573087108852298,0.005376344086021506,0.033448860152297755,1.0,7/19,17.57%,SLC2A10;SOX11;SULF2;SULF1;WNT5A;WNT11;WNT9A
prerank,Reactome_2022__Post NMDA Receptor Activation Events R-HSA-438064,0.4759655577272233,1.6562653277985833,0.006521739130434782,0.05107200411415215,1.0,10/30,12.10%,PRKCA;GRIA2;GRIA1;GRIN2B;GRIN2A;GRIN2D;GRIN2C;MAPK1;PRKAR2A;MAPK3
prerank,GO_Biological_Process_2025__Negative Regulation of Translational Initiation (GO:0045947),0.5670659631774699,1.6550352306032805,0.019955654101995565,0.05144048870381071,1.0,7/15,22.42%,EIF4E2;EIF4EBP3;EIF4EBP2;EIF4EBP1;EIF2AK4;GIGYF2;EIF3E
prerank,GO_Biological_Process_2025__Protein Localization to Endoplasmic Reticulum (GO:0070972),-0.5862308782889729,-1.6548365694800966,0.01858736059479554,0.034045366868900785,1.0,9/15,18.02%,KDELR2;STING1;UBAC2;HSPA5;SEC16A;SEC16B;BCAP29;BCAP31;PTGES2
prerank,GO_Biological_Process_2025__Blood Vessel Diameter Maintenance (GO:0097746),-0.5458225364948699,-1.6535367457849148,0.010810810810810811,0.034404647782308485,1.0,8/19,16.38%,PER2;ECE1;KEL;AGXT;HTR2B;SCPEP1;ROCK1;ROCK2
prerank,Reactome_2022__Metabolism Of Steroid Hormones R-HSA-196071,-0.5904538174881362,-1.6534111895528492,0.024299065420560748,0.03437552946520579,1.0,8/15,20.66%,AKR1B15;CYP19A1;AKR1B1;HSD11B1;STARD3NL;STARD3;STARD6;STARD4
prerank,GO_Biological_Process_2025__Regulation of Cell Motility (GO:2000145),0.4374875072913302,1.6533166967326998,0.014285714285714285,0.05211224941140833,1.0,12/40,7.56%,PKN1;PKN2;SPINT2;SPOCK2;SPOCK3;RTN4;INPP5F;PLXNB2;PLXNB1;PLXND1;PLXNC1;NTN1
prerank,WikiPathways_2024_Human__Ras Signaling WP4223,0.36799792321285146,1.6532093808397261,0.0,0.0520157898739052,1.0,21/89,12.67%,GNGT2;GNGT1;GNG5;GNG11;GNG10;PRKCA;PRKCB;PRKCG;GRIN2B;GRIN2A;HTR7;NF1;RALBP1;MAPK1;GRB2;RRAS;MAPK10;MAPK3;MAPK9;MAPK8;GNB5
prerank,WikiPathways_2024_Human__Ether Lipid Biosynthesis WP5275,-0.5749598541301523,-1.653028292410486,0.013011152416356878,0.03442811536288589,1.0,7/17,22.22%,UGT8;FAR1;FAR2;ARSA;DHRS7B;CEPT1;PEX1
prerank,GO_Biological_Process_2025__Positive Regulation of JNK Cascade (GO:0046330),0.4499817094386829,1.6527835375599271,0.009302325581395349,0.0520495548441041,1.0,19/34,24.98%,MAPK8IP1;SH3RF3;SH3RF2;APP;SH3RF1;GADD45G;GADD45A;GADD45B;PLCB1;SDCBP;CCDC88C;FZD7;FZD10;UNC5CL;XIAP;BIRC7;NAIP;RASSF2;WNT16
prerank,GO_Biological_Process_2025__Calcium Ion Transport (GO:0006816),0.3933788354277373,1.652585841301295,0.0,0.051972737732353905,1.0,24/68,18.83%,ATP2C1;ATP2A2;ATP2A1;ATP2C2;CNGB1;CNGA4;CNGA1;SLC24A5;GRIN2A;GRIN3A;SLC24A1;KCNN4;NALCN;ATP2B4;ATP2A3;SRL;MICU1;TMCO1;TRPV2;TRPV6;TRPV4;TRPV5;TRPV3;TRPV1
prerank,GO_Biological_Process_2025__Amide Biosynthetic Process (GO:0043604),-0.45049400768178843,-1.6525688278336066,0.012844036697247707,0.03452572665757792,1.0,25/46,28.41%,CYP4F22;TLCD3B;CARNS1;GBA1;ABCA8;PANK4;GGT6;GGT5;DEGS1;DEGS2;HAGH;GGTLC1;GGTLC2;GGT1;GGT7;GGTLC3;SMPD1;MECR;NANP;CERS2;CERS3;CERS4;CERS6;CHAC1;ASAH2
prerank,Reactome_2022__Intrinsic Pathway For Apoptosis R-HSA-109606,0.4668210889627404,1.6522848075813135,0.008988764044943821,0.05190893190213685,1.0,13/34,12.15%,PPP3R1;YWHAQ;YWHAH;YWHAB;YWHAZ;YWHAG;DYNLL1;DYNLL2;APAF1;MAPK1;PPP3CC;MAPK3;MAPK8
prerank,Reactome_2022__Deadenylation Of mRNA R-HSA-429947,0.5472367344422393,1.6516028893763965,0.012145748987854251,0.052055624533273157,1.0,8/17,26.61%,EIF4E;CNOT3;CNOT6L;CNOT6;EIF4B;CNOT7;CNOT8;CNOT4
prerank,GO_Molecular_Function_2025__Lipid Kinase Activity (GO:0001727),0.554821808627736,1.6508618782833067,0.010683760683760684,0.05221401078006839,1.0,10/17,5.96%,DGKQ;DGKI;DGKG;DGKZ;DGKD;DGKH;DGKK;DGKA;DGKE;DGKB
prerank,KEGG_2021_Human__Focal adhesion,-0.38982413506719304,-1.6480373881504125,0.0049586776859504135,0.03580034161468386,1.0,53/93,29.04%,ITGA7;ITGA3;ITGA11;ITGAV;ITGA2;ITGA9;ITGA10;ITGA8;ITGA4;ITGA5;ITGA1;ITGA6;ITGA2B;PIP5K1A;HGF;MAP2K1;VCL;RAC2;PXN;ITGB1;ITGB7;ITGB4;RHOA;PIK3CD;PIK3CB;CCND3;CCND1;CCND2;ROCK1;ROCK2;CDC42;THBS4;COMP;THBS2;THBS3;THBS1;ITGB5;ITGB6;ITGB3;ITGB8;MYL9;PIK3CA;RAPGEF1;JUN;SHC4;SHC1;SHC3;PAK3;PAK1;PAK2;PARVG;PARVA;PARVB
prerank,GO_Cellular_Component_2025__Small-Subunit Processome (GO:0032040),0.40239722806017275,1.6474474087695765,0.00684931506849315,0.053516198586022995,1.0,23/60,19.33%,SNU13;WDR36;UTP4;HEATR1;FBLL1;FBL;NGDN;PWP2;RCL1;PDCD11;NOL6;TBL3;DIMT1;UTP15;UTP20;NOP58;PNO1;NAT10;IMP4;NOC4L;BMS1;UTP6;DHX37
prerank,Reactome_2022__Cytosolic Sulfonation Of Small Molecules R-HSA-156584,-0.5395816577949676,-1.646301157429771,0.014732965009208104,0.03618138359916731,1.0,11/21,9.30%,SULT1A2;SULT2A1;SULT1B1;SULT1A1;SULT1E1;SULT1A4;SULT6B1;SULT1C4;SULT4A1;SULT2B1;BPNT2
prerank,GO_Molecular_Function_2025__Ubiquitin Conjugating Enzyme Activity (GO:0061631),0.566273578218999,1.6458119915464189,0.017582417582417582,0.05403357626496655,1.0,7/16,17.74%,UBE2W;UBE2B;UBE2N;UBE2NL;BIRC6;UBE2C;UBE2S
prerank,Reactome_2022__MAPK Family Signaling Cascades R-HSA-5683057,-0.3579756469696579,-1.6458066756754481,0.0016260162601626016,0.03625873935622746,1.0,50/154,16.28%,PSMD14;PSMD2;PSMA1;ITGA2B;PSMD11;KLB;KL;PSMA4;PSMC4;PSMB1;PSMB4;PSMC3;PSMC1;MAP2K1;MAP2K2;PSMA7;PSMB9;PSMA8;PSMB6;PSMB5;PSMB11;PSMB8;PSMB7;PSMB10;PPP2R5C;PPP2R5D;PSMB2;PSMB3;PSMC6;DNAJB1;PSMC5;PSMA3;VCL;PSMA2;FRS2;FRS3;PSMD7;PEBP1;ICMT;PSMD8;PRKACB;PRKACG;PSMA5;ARHGAP9;PIK3CB;PSMD9;PSMD4;PSMC2;CCND3;PSMD6
prerank,GO_Biological_Process_2025__rRNA Processing (GO:0006364),0.37251721120585213,1.6449132243493043,0.0024813895781637717,0.05428754506457803,1.0,31/90,19.12%,DDX47;PES1;SNU13;WDR36;UTP4;DDX27;FBL;NSA2;RIOK2;RCL1;MTREX;BYSL;NOL6;NOP2;DKC1;UTP15;NOL9;UTP20;WDR55;TRMT112;NOP58;RRP36;WDR74;DDX54;NAT10;IMP4;NOB1;NOC4L;EIF6;RPF1;DDX52
prerank,Reactome_2022__Mitotic G2-G2/M Phases R-HSA-453274,-0.37483626662541514,-1.644600970470839,0.004991680532445923,0.03648956691465654,1.0,38/118,16.28%,PSMD14;PSMD2;PSMA1;PSMD11;PSMA4;PSMC4;PSMB1;PSMB4;PSMC3;PSMC1;PSMA7;PSMB9;PSMA8;PSMB6;PSMB5;PSMB11;PSMB8;PSMB7;PSMB10;PSMB2;PSMB3;LIN9;PSMC6;PSMC5;PSMA3;PSMA2;PSMD7;PSMD8;PLK1;PSMA5;PSMD9;PSMD4;PSMC2;CCNB1;CCNA1;CCNA2;CCNB2;PSMD6
prerank,Reactome_2022__G2/M Transition R-HSA-69275,-0.37483626662541514,-1.644600970470839,0.004991680532445923,0.03648956691465654,1.0,38/118,16.28%,PSMD14;PSMD2;PSMA1;PSMD11;PSMA4;PSMC4;PSMB1;PSMB4;PSMC3;PSMC1;PSMA7;PSMB9;PSMA8;PSMB6;PSMB5;PSMB11;PSMB8;PSMB7;PSMB10;PSMB2;PSMB3;LIN9;PSMC6;PSMC5;PSMA3;PSMA2;PSMD7;PSMD8;PLK1;PSMA5;PSMD9;PSMD4;PSMC2;CCNB1;CCNA1;CCNA2;CCNB2;PSMD6
prerank,GO_Biological_Process_2025__Epithelial Cell Differentiation (GO:0030855),-0.4407103737380988,-1.6435444982530112,0.01054481546572935,0.03669995302807506,1.0,21/50,19.47%,AKR1C2;AKR1C1;CES1;GATA6;GATA3;VIL1;PGK1;SULT1B1;PCK1;PCK2;PTER;HNRNPH3;SIX3;CBR1;ANXA7;ANXA4;CASP6;SETSIP;HDAC2;ZNF703;CPT1A
prerank,Reactome_2022__Intra-Golgi Traffic R-HSA-6811438,0.4500096092529035,1.643484805700533,0.00881057268722467,0.054741175581167284,1.0,14/36,23.93%,NSF;NAPG;VPS45;ALPP;MAN1C1;MAN1A2;MAN1A1;RAB30;COG7;RIC1;CYTH3;CYTH2;SNAP29;VTI1A
prerank,GO_Biological_Process_2025__Proteasomal Protein Catabolic Process (GO:0010498),-0.3429982741709154,-1.6429008094419866,0.0,0.03682207129530529,1.0,59/203,16.64%,PSMD14;PSMD2;PSMA1;PSMD1;PSMD11;KAT5;PSMA4;PSMC4;PLAA;PSMB1;TOR1A;ZNRF2;PSMB4;PSMC3;PSMC1;PSMA7;PSMB9;PSMA8;PSMB6;PSMB5;PSMB11;PSMB8;PSMB7;PSMB10;PPP2R5C;RNF139;PSMB2;PSMB3;RCN3;CCDC47;PSMC6;DNAJB12;DNAJB2;PSMC5;PSMA3;PEX10;VCP;HSP90B1;PSMA2;SYVN1;RNF145;STT3B;PSMD7;UBXN1;DDI1;DDI2;PSMD8;FBXL19;WDR26;UBQLN2;PSMA5;HSPA5;CARD16;PSMD4;PSMC2;PSMD6;MTA1;SPSB3;UBE2G2
prerank,GO_Biological_Process_2025__Carboxylic Acid Transport (GO:0046942),-0.4769742914213415,-1.6412642069535737,0.007142857142857143,0.03730701945451273,1.0,18/33,12.15%,SLC16A10;SLC16A9;SLC16A14;SLC16A4;SLC16A6;SLC16A2;SLC16A1;SLC16A3;SLC3A2;ABCC1;SLC13A3;SLC7A1;SLC7A6;SLC7A8;SLC7A5;SLC38A6;SLC38A9;SLC38A3
prerank,GO_Molecular_Function_2025__Endopeptidase Inhibitor Activity (GO:0004866),0.43596928933280066,1.638105390469591,0.0045351473922902496,0.05701539976987742,1.0,21/40,19.79%,AMBP;SPINT1;TFPI;TFPI2;SPINT2;SPOCK2;SPOCK1;SPOCK3;APP;APLP2;BIRC6;WFDC10B;WFDC10A;PI3;WFDC9;WFDC11;SLPI;WFDC13;WFDC5;WFDC12;WFDC3
prerank,WikiPathways_2024_Human__Parkin Ubiquitin Proteasomal System Pathway WP2359,-0.4365138489349222,-1.6371501630259566,0.005263157894736842,0.038549027198058756,1.0,21/50,16.64%,PSMD14;PSMD2;PSMD1;PSMD11;PSMC4;PSMC3;PSMC1;HSPA9;PSMC6;PSMC5;PSMD7;PSMD8;HSPA5;CASP1;CASP8;PSMD9;PSMD4;PSMC2;CCNE1;PSMD6;UBE2G2
prerank,GO_Biological_Process_2025__Maturation of SSU-rRNA (GO:0030490),0.4523356265657162,1.6370376153150878,0.0044742729306487695,0.05728987474292949,1.0,14/33,19.33%,SNU13;UTP4;HEATR1;RIOK2;NGDN;PWP2;TRMT112;RRP36;NAT10;IMP4;NOB1;UTP6;DDX52;DHX37
prerank,GO_Biological_Process_2025__Response to Light Stimulus (GO:0009416),0.47639137614805444,1.636726512900226,0.018604651162790697,0.05724378912766036,1.0,8/27,12.15%,MEN1;OPN3;OPN4;UBE2B;SLC24A1;CLOCK;MAPK10;MAPK8
prerank,WikiPathways_2024_Human__Ebola Virus Infection In Host WP4217,-0.4085292880448582,-1.635955780706641,0.0016891891891891893,0.03887790160972561,1.0,29/68,26.99%,ITGA3;ITGAV;ITGA2;ITGA4;ITGA5;ITGA1;ITGA6;CTSL;NPC2;GSN;SCIN;VPS4A;ITGB1;RHOA;RHOC;RHOB;PIK3CD;PIK3CB;CDC42;SOCS3;ITGB3;NFKB2;NFKB1;REL;RELB;RELA;PIK3CA;IKBKE;TBK1
prerank,Reactome_2022__Transcriptional Regulation By MECP2 R-HSA-8986944,0.4727894110246671,1.6356609482374915,0.018433179723502304,0.057543681799853356,1.0,6/28,3.19%,GAD2;GAD1;PRKCA;GRIA2;GRIN2B;GRIN2A
prerank,WikiPathways_2024_Human__Focal Adhesion PI3K Akt mTOR Signaling WP3932,-0.36380292620459986,-1.635263035430107,0.0,0.039000113267925685,1.0,47/135,15.12%,ITGA7;ITGA3;ITGA11;ITGAX;ITGAV;ITGA2;ITGA9;ITGA10;ITGAD;ITGAE;ITGA8;ITGAL;ITGAM;ITGA4;ITGA5;ITGA6;ITGA2B;PFKFB1;SLC2A3;SLC2A4;SLC2A1;SLC2A2;HGF;PIK3IP1;MAP2K1;MAP2K2;PPP2R5C;PPP2R5D;HSP90B1;HIF3A;HIF1A;EPAS1;ITGB2;ITGB1;ITGB7;ITGB4;GYS2;GYS1;CAB39L;CAB39;IKBKB;CASP9;PIK3CG;PIK3C2B;PIK3CD;PIK3CB;PIK3C2A
prerank,Reactome_2022__Nuclear Receptor Transcription Pathway R-HSA-383280,0.4212681426049377,1.6340664338689315,0.011286681715575621,0.058189783502602406,1.0,27/45,30.44%,PPARG;RARB;RORB;PPARD;RORC;NR1D1;RARA;NR1D2;THRA;PPARA;NR1H3;RORA;VDR;NR1H2;NR1I2;NR4A2;NR4A3;NR4A1;NRBF2;NR3C2;PGR;ESRRB;ESR2;NR3C1;ESR1;ESRRG;ESRRA
prerank,GO_Biological_Process_2025__Regulation of Cholesterol Efflux (GO:0010874),-0.564629628019241,-1.6336386818188995,0.02666666666666667,0.03946641665470779,1.0,8/17,8.06%,CES1;YJEFN3;NAXE;ABCA5;ABCA7;ABCA8;ABCA3;ABCA2
prerank,GO_Biological_Process_2025__Negative Regulation of Cell Adhesion (GO:0007162),0.4487005695847105,1.6332196968946968,0.004514672686230248,0.05841549923414142,1.0,16/33,22.00%,SPINT2;SPOCK1;TGFBI;PLXNB2;PLXNB1;PLXNB3;PLXND1;PLXNC1;SIPA1;GTPBP4;PPP1R9B;ARHGDIG;ADAMDEC1;ADAM10;FZD7;ACVRL1
prerank,GO_Cellular_Component_2025__SWI/SNF Complex (GO:0016514),-0.5516912015359301,-1.6327710706560818,0.02111324376199616,0.03963814837370352,1.0,8/17,31.84%,DPF3;DPF2;SMARCD3;SMARCD2;RB1;SMARCE1;BCL7C;BCL7B
prerank,WikiPathways_2024_Human__Circadian Rhythm Genes WP3594,0.3548467716286364,1.6326069598196942,0.0,0.058573230926426044,1.0,42/113,17.12%,PRKCG;BMAL2;NPAS2;ARNT2;PASD1;TH;OPN3;OPN4;KCNH7;LGR4;HTR7;SIRT1;CLOCK;BMAL1;ARNT;PPP1CB;PROX1;BTBD9;OGT;TPH2;TPH1;PPARGC1A;HS3ST2;MAPK10;MAPK9;MAPK8;ATOH7;GNAQ;GNA11;PPARG;RORB;RORC;NR1D1;NR1D2;PPARA;NR1H3;RORA;KMT2A;EZH2;SUV39H2;PTEN;CRTC1
prerank,GO_Biological_Process_2025__Heart Contraction (GO:0060047),0.5148610915772383,1.6317153306827241,0.03023758099352052,0.058826961763956055,1.0,9/20,13.75%,ATP1A2;KCNH2;TNNI2;TNNI3;TNNI1;GRK2;CSRP3;TPM1;TNNT2
prerank,GO_Cellular_Component_2025__Myofibril (GO:0030016),0.5681089876773813,1.6314030791953986,0.04086021505376344,0.05882880047160855,1.0,8/15,13.96%,TNNI3;TNNT2;TMOD1;LMOD3;TMOD2;TMOD3;LMOD1;TMOD4
prerank,GO_Biological_Process_2025__Organic Cation Transport (GO:0015695),0.4405827698057108,1.6309324667056035,0.011286681715575621,0.05889083566452597,1.0,16/39,7.25%,SLC7A2;REPS1;SLC36A2;SLC38A5;SLC36A1;SLC36A3;SLC32A1;SLC36A4;SLC38A2;SLC29A4;SLC22A3;SLC22A1;SLC22A16;SLC22A5;SLC22A4;SLC22A2
prerank,GO_Biological_Process_2025__Phosphatidylinositol Metabolic Process (GO:0046488),0.40025307771286533,1.6308883203267175,0.004750593824228029,0.05875739168298354,1.0,25/56,17.73%,SYNJ1;INPP5D;INPP5K;INPP5F;INPP5J;OCRL;SYNJ2;CDIPT;INPPL1;TNFAIP8L3;IP6K3;PI4KA;PLCB4;PTEN;PLCB3;PLCH2;PLCB1;PLCH1;PLCL2;PLCB2;PLCL1;PLCG1;PLCE1;PLCG2;PLCD1
prerank,WikiPathways_2024_Human__10Q11 21Q11 23 Copy Number Variation Syndrome WP5352,0.4821772079706439,1.6304531342463093,0.01839080459770115,0.058801320871839764,1.0,10/27,17.92%,MEN1;SLC18A3;SIRT1;CLOCK;BMAL1;CHAT;OGDHL;MAPK8;EIF4ENIF1;BAZ1B
prerank,GO_Biological_Process_2025__Phosphatidylinositol Biosynthetic Process (GO:0006661),0.38602625738591273,1.6304452403499825,0.002336448598130841,0.058650906977611245,1.0,25/67,18.60%,SYNJ1;INPP5D;INPP5K;INPP5F;INPP5J;OCRL;SYNJ2;PGAP2;CDIPT;PIGO;INPPL1;EFR3B;EFR3A;PIGL;IP6K1;IP6K2;ITPKC;IP6K3;ITPKA;ITPKB;PI4KA;PTEN;PLCG2;PIP4K2A;PIK3C3
prerank,GO_Cellular_Component_2025__Clathrin-Coated Endocytic Vesicle (GO:0045334),0.4621513577886881,1.628046072408385,0.006802721088435374,0.059505004255665815,1.0,10/32,6.60%,LDLRAP1;SLC18A3;KIAA0319;SH3GL2;EGF;INPP5F;AP2A2;AP2A1;PICALM;LDLR
prerank,GO_Biological_Process_2025__Calcium-Mediated Signaling (GO:0019722),0.4251597199251495,1.62748344403065,0.006622516556291391,0.05961195794960615,1.0,31/44,37.71%,ATP2A2;NCALD;TNNI3;APP;PPP3CB;PPP3CC;CNOT6;GNA15;SAMD14;PPP1R9B;PPP1R9A;PLCG1;PLCE1;PLCG2;EDNRB;NMUR1;SLC9A1;DMPK;PPP3R2;RYR2;PTGDR2;OPRL1;PRKAA1;MCTP2;MCTP1;MCU;CALM2;CALM3;CALM1;EIF2AK3;PDPK1
prerank,GO_Biological_Process_2025__Regulation of Muscle Contraction (GO:0006937),0.5573610093311923,1.6257866693451275,0.023255813953488372,0.06025458879052593,1.0,11/15,26.52%,ATP2A1;TNNI3;TNNI1;TPM1;CNN1;TNNT1;TNNT3;NMUR2;MYL3;CACNB1;CACNB2
prerank,GO_Molecular_Function_2025__NADP Binding (GO:0050661),-0.5553283819379883,-1.6247754355718167,0.028089887640449437,0.04231917942839965,1.0,9/18,26.01%,KCNAB1;GRHPR;PHGDH;HSD11B1;CRYM;NOX5;DHCR7;GMDS;QDPR
prerank,GO_Biological_Process_2025__Regulation of Microtubule Polymerization (GO:0031113),0.49239503844726695,1.624445167152252,0.009685230024213076,0.060713590659708404,1.0,7/25,12.75%,PKN1;STMN1;STMN2;INPP5J;GBA2;CLIP1;ARL2
prerank,GO_Biological_Process_2025__Skin Development (GO:0043588),-0.48225700012919775,-1.6238258988075982,0.013011152416356878,0.04260591910044391,1.0,13/30,20.57%,AKR1C3;CLIC4;GATA6;ITGA3;ITGA6;SLC2A10;PIP5K1A;ITGB4;ANXA1;WNT5A;WNT10A;VPS33B;CASP3
prerank,GO_Biological_Process_2025__Protein Targeting to Membrane (GO:0006612),0.41534691626869935,1.621660671847122,0.006802721088435374,0.06180381138786002,1.0,21/48,21.11%,PRKCI;MICALL1;ARL6IP1;ZDHHC23;ZDHHC18;ZDHHC21;ZDHHC1;ZDHHC12;ZDHHC15;ZDHHC20;ZDHHC11B;ZDHHC7;ZDHHC4;ZDHHC2;ZDHHC11;ZDHHC9;SDCBP;ARL6;GOLGA7;GOLGA7B;ZDHHC14
prerank,GO_Molecular_Function_2025__Antiporter Activity (GO:0015297),0.469412730973106,1.6210172935281375,0.009237875288683603,0.061935960656728524,1.0,13/27,11.70%,SLC18A3;SLC22A6;SLC22A11;SLC22A8;SLC18A1;SLC26A2;SLC26A1;SLC4A10;SLC4A2;SLC4A8;SLC4A1;SLC4A3;SLC35C2
prerank,GO_Biological_Process_2025__Establishment of Protein Localization to Membrane (GO:0090150),0.41218395650724227,1.6204727010620565,0.0049261083743842365,0.062061556413378634,1.0,21/49,21.11%,PRKCI;GRIN3B;MICALL1;ZDHHC23;ZDHHC18;ZDHHC21;ZDHHC1;ZDHHC12;ZDHHC15;ZDHHC20;ZDHHC11B;ZDHHC7;ZDHHC4;ZDHHC2;ZDHHC11;ZDHHC9;SDCBP;ARL6;GOLGA7;GOLGA7B;ZDHHC14
prerank,GO_Biological_Process_2025__Regulation of Protein Localization to Plasma Membrane (GO:1903076),0.43220098460175904,1.6193363880760778,0.006521739130434782,0.06248475461071686,1.0,20/42,22.48%,PRKCE;PRKCH;PRKCI;LDLRAP1;DAB2;PICALM;PKP1;SORBS1;SPTBN1;NUMB;ATP2B4;STX3;STX4;NKD2;ZDHHC7;ZDHHC2;DPP10;PLS1;SIRT6;PPFIA1
prerank,GO_Biological_Process_2025__Alpha-Amino Acid Catabolic Process (GO:1901606),-0.5725508065978413,-1.6180484936606176,0.022222222222222223,0.04468519709300452,1.0,10/16,17.34%,GOT2;SARDH;ALDH6A1;ACADSB;HIBCH;HSD17B10;BLMH;CRYM;DAO;DDO
prerank,GO_Biological_Process_2025__Regulation of Insulin Receptor Signaling Pathway (GO:0046626),0.4740920668244924,1.6178077431198457,0.007317073170731708,0.06306907776800023,1.0,11/25,18.32%,PRKCB;PRKCZ;INPP5K;SIRT1;IRS1;OGT;SORBS1;NCK1;TNS2;PIP4K2A;MAPKAP1
prerank,Reactome_2022__Aquaporin-mediated Transport R-HSA-445717,0.4634509105085905,1.61656493078475,0.011312217194570135,0.06343802120055725,1.0,7/33,2.36%,GNGT2;GNGT1;GNG5;GNG11;GNG10;PRKCA;MINDY4
prerank,Reactome_2022__Transcriptional Regulation By E2F6 R-HSA-8953750,0.48276372050774147,1.6164996150205024,0.02564102564102564,0.06330601425050546,1.0,14/25,28.72%,APAF1;PCGF6;PCGF2;RNF2;RING1;EHMT1;EZH2;EHMT2;MGA;PHC3;EPC1;RYBP;YAF2;CDC7
prerank,"KEGG_2021_Human__Alanine, aspartate and glutamate metabolism",-0.4758109300492925,-1.6157450881284956,0.024029574861367836,0.04542473325199126,1.0,12/29,10.11%,PPAT;GOT2;ADSL;GOT1;GOT1L1;AGXT;CAD;ASL;ASRGL1;GPT;GPT2;IL4I1
prerank,GO_Biological_Process_2025__Intracellular Calcium Ion Homeostasis (GO:0006874),0.37810077696850974,1.6154943837410203,0.00468384074941452,0.06361746041129497,1.0,17/74,7.65%,ATP2C1;ATP13A3;ATP13A4;ATP2A2;ATP13A2;ATP2B3;ATP2B1;ATP2A1;ATP2C2;ATP13A5;PDZD8;KCNK16;SLC24A5;TNNI3;SLC24A1;CSRP3;SLC35G1
prerank,KEGG_2021_Human__Protein digestion and absorption,-0.4506353511948011,-1.6152733124920364,0.011131725417439703,0.04551518919326046,1.0,14/39,9.51%,MME;PRCP;SLC16A10;SLC3A2;SLC3A1;DPP4;CPB2;CPA1;CPA3;CPA2;CPB1;SLC7A9;SLC7A7;SLC7A8
prerank,GO_Biological_Process_2025__Regulation of Natural Killer Cell Mediated Cytotoxicity (GO:0042269),0.5149114402110226,1.6141443372097908,0.02631578947368421,0.06415533877011524,1.0,19/20,44.03%,INPP5D;GRB2;LGALS9;ARRB2;KLRD1;KLRC1;KLRC3;CLEC12B;KLRC2;KLRC4;KLRB1;PVR;NECTIN2;NCR3;CRTAM;TIGIT;NECTIN4;CADM1;CD226
prerank,KEGG_2021_Human__Protein processing in endoplasmic reticulum,-0.3631270406058102,-1.6140692428258931,0.0,0.0458911794645763,1.0,41/133,15.71%,PDIA3;P4HB;DDOST;BAX;BAK1;CRYAB;CRYAA;PLAA;ERO1A;ERO1B;DNAJC5;DNAJC3;PDIA6;DNAJB12;DNAJB1;DNAJB2;VCP;SSR3;HSP90B1;SYVN1;STT3B;PRKCSH;RPN1;UBXN1;RPN2;SEC63;TUSC3;SEC13;DNAJB11;TXNDC5;NGLY1;UBQLN2;UBQLN4;UBQLN3;SSR1;HSPA5;BCAP31;CASP12;SEC61A1;SEC61A2;SSR2
prerank,WikiPathways_2024_Human__Focal Adhesion WP306,-0.38287016891002956,-1.6136322941601438,0.006589785831960461,0.04596995146936964,1.0,52/93,29.04%,ITGA7;ITGA3;ITGA11;ITGAV;ITGA2;ITGA9;ITGA10;ITGA8;ITGA4;ITGA5;ITGA1;ITGA6;ITGA2B;HGF;MAP2K1;VCL;RAC2;PXN;ITGB1;ITGB7;ITGB4;RHOA;PIK3CD;PIK3CB;CCND3;CCND1;CCND2;ROCK1;ROCK2;CDC42;THBS4;COMP;THBS2;THBS3;THBS1;ITGB5;ITGB6;ITGB3;ITGB8;MYL9;PIK3CA;RAPGEF1;JUN;SHC4;SHC1;SHC3;PAK3;PAK1;PAK2;PARVG;PARVA;PARVB
prerank,KEGG_2021_Human__Salivary secretion,0.3931156267179038,1.6132429146356908,0.0045045045045045045,0.06439391165771464,1.0,21/57,18.79%,SLC12A2;PRKCA;PRKCB;PRKCG;ATP2B2;ATP2B3;ATP1A4;ATP2B1;ATP1A2;ADCY3;GUCY1B1;KCNN4;SLC4A2;ATP2B4;GNAS;GNAQ;PLCB4;PLCB3;PLCB1;PLCB2;TRPV6
prerank,Reactome_2022__Gluconeogenesis R-HSA-70263,-0.49376530880966685,-1.6132081606213904,0.016605166051660517,0.046031056118826866,1.0,11/27,11.41%,GOT2;TPI1;MDH1;PGK1;FBP1;SLC25A11;PCK1;PCK2;ENO2;ENO1;ENO3
prerank,GO_Biological_Process_2025__Regulation of SMAD Protein Signal Transduction (GO:0060390),0.5136185870642092,1.6126265838351495,0.0196078431372549,0.06451352309535394,1.0,6/19,8.74%,DAB2;KIAA0319;PMEPA1;LDLRAD4;SMAD7;SMAD4
prerank,GO_Molecular_Function_2025__Calcium Ion Transmembrane Transporter Activity (GO:0015085),0.4075909158114251,1.6097594419811485,0.0045871559633027525,0.06570954204780008,1.0,18/52,18.83%,ATP2C1;ATP2A2;ATP2B3;ATP2B1;ATP2A1;ATP2C2;SLC24A5;GRIN3B;SLC24A1;ATP2B4;ATP2A3;TMCO1;TRPV2;TRPV6;TRPV4;TRPV5;TRPV3;TRPV1
prerank,GO_Biological_Process_2025__Regulation of Cell Adhesion (GO:0030155),0.39799705265417906,1.6097390379912773,0.0049382716049382715,0.06555091355648983,1.0,24/56,18.52%,PRKCA;CYTIP;TGFBI;PLXNB2;PLXNB1;PLXNB3;PLXND1;PLXNC1;PPP1CB;EFNA5;EFNA1;RSU1;PKP2;PKP3;TPM1;SIPA1;STX3;STX4;PPP1R9B;CELSR2;ARHGDIG;ZDHHC2;ADAMDEC1;ADAM10
prerank,Reactome_2022__Cell Cycle Checkpoints R-HSA-69620,-0.3522736916300028,-1.6069436551534617,0.0,0.048319050278225806,1.0,51/165,16.28%,PSMD14;PSMD2;PSMA1;SEH1L;PSMD11;KAT5;PSMA4;PSMC4;PSMB1;PSMB4;PSMC3;PSMC1;PSMA7;PSMB9;PSMA8;PSMB6;PSMB5;PSMB11;PSMB8;PSMB7;PSMB10;PPP2R5C;PPP2R5D;PSMB2;PSMB3;PSMC6;PSMC5;PSMA3;CLSPN;PSMA2;PSMD7;RFC5;NUP85;PSMD8;SEC13;PLK1;PSMA5;DNA2;EXO1;CARD16;PSMD9;PSMD4;PSMC2;CCNB1;CCNA1;CCNA2;CCNE2;CCNE1;CCNB2;CHEK2;PSMD6
prerank,GO_Biological_Process_2025__DNA-templated Transcription Termination (GO:0006353),-0.5491128941260792,-1.6067413406018964,0.024074074074074074,0.0483200742735846,1.0,10/18,27.23%,SETX;SMN1;SSU72;SSU72L1;SSU72L2;SSU72L5;SSU72L3;SSU72L6;SSU72L4;PRMT5
prerank,GO_Cellular_Component_2025__Aggresome (GO:0016235),-0.5520526811275241,-1.6065537528621334,0.029411764705882353,0.04830210225573099,1.0,5/17,10.17%,HDAC6;HSPB7;SLC2A14;SLC2A3;PSEN1
prerank,GO_Molecular_Function_2025__Ribosome Binding (GO:0043022),0.37881499490842135,1.605394602607622,0.00702576112412178,0.0676102882395111,1.0,35/70,32.60%,CPEB2;CPEB3;CPEB4;NEMF;PTCD3;HABP4;SERBP1;CPEB1;EIF1;NOMO3;NOMO2;NOMO1;DNAJC2;MTIF2;ETF1;TMCO1;USP21;EIF4B;RICTOR;EIF6;NMD3;EIF2S1;NPM1;EFL1;SBDS;ZC3H12A;MTOR;MAIP1;FMR1;SRP72;C1QBP;MCTS1;LTN1;LONP1;DHX9
prerank,GO_Biological_Process_2025__Regulation of Protein Polymerization (GO:0032271),0.5005341672276854,1.6050448944124565,0.024774774774774775,0.06760683953747798,1.0,8/22,12.78%,HAX1;GBA2;TPPP;TPPP3;TPPP2;ARL2;FCHSD1;FCHSD2
prerank,GO_Biological_Process_2025__- Reg of Transmembrane Receptor Prot Serine/Threonine Kinase Sgnlng Pway (GO:0090101),0.3937770874630365,1.6044811262892789,0.006535947712418301,0.0678103979688637,1.0,16/58,10.36%,TMEM53;WFIKKN2;WFIKKN1;CIDEA;PMEPA1;LDLRAD4;SIRT1;STUB1;SNX25;MECOM;SMAD7;SPRED1;SPRED3;SPRED2;OGT;ADAM17
prerank,WikiPathways_2024_Human__EGF EGFR Signaling WP437,0.364135481491427,1.6042769150343594,0.007731958762886598,0.06774706758656515,1.0,23/90,12.15%,PRKCA;PRKCB;PRKCZ;PRKCI;STMN1;SH3GL3;SH3GL2;STXBP1;EGF;EIF4EBP1;SYNJ1;INPP5D;EPS15;AP2A1;RALBP1;MAPK1;GRB2;INPPL1;NCK2;NCK1;EPN1;MAPK9;MAPK8
prerank,GO_Biological_Process_2025__Regulation of JNK Cascade (GO:0046328),0.41136956038440836,1.6034085317549138,0.012195121951219513,0.06800849654515749,1.0,23/46,24.98%,MAPK8IP1;MAPK8IP2;MEN1;AMBP;SH3RF3;SH3RF2;APP;MECOM;SH3RF1;GADD45G;GADD45A;GADD45B;PLCB1;SDCBP;CCDC88C;FZD7;FZD10;UNC5CL;XIAP;BIRC7;NAIP;RASSF2;WNT16
prerank,KEGG_2021_Human__Pantothenate and CoA biosynthesis,-0.5516188790051292,-1.601377375129268,0.029250457038391225,0.05035384153942351,1.0,6/17,9.68%,ALDH1B1;ALDH3A2;DPYS;ALDH2;BCAT2;BCAT1
prerank,GO_Biological_Process_2025__Organic Anion Transport (GO:0015711),-0.3856667509416857,-1.6004699730196656,0.004893964110929853,0.05069154931717638,1.0,31/76,15.55%,SLC25A42;SLC2A7;SLC2A11;SLC2A5;SLC2A14;SLC2A3;SLC2A4;SLC2A8;SLC2A1;SLC2A9;SLC2A6;SLC2A2;SLC2A10;CYB5R2;ABCC4;ABCC5;ABCC6;CFTR;SLC46A2;SLCO2B1;SLCO2A1;SLCO3A1;SLCO1B3;SLCO1C1;SLCO1B1;SLC35B4;SLC19A1;SLC23A1;SLC35A1;SLC35A3;SLC35A2
prerank,GO_Biological_Process_2025__Secondary Alcohol Metabolic Process (GO:1902652),-0.5063046816748005,-1.5997718577537292,0.018115942028985508,0.05086831991641602,1.0,9/22,8.12%,UGT1A4;UGT1A3;CES1;GBA1;SULT2A1;SULT1C3;SULT2B1;ABCA5;ABCG1
prerank,Reactome_2022__Cap-dependent Translation Initiation R-HSA-72737,-0.3773416862979565,-1.599460609159532,0.0,0.05089192165302079,1.0,52/95,29.24%,RPS7;RPL8;RPL26L1;RPL26;RPS28;RPS8;RPS16;RPL27A;RPL35;RPL30;RPLP2;RPS17;RPS24;RPL23;RPL7;RPL18;RPS15;RPS6;RPS5;EIF3J;RPL19;RPL11;RPL29;RPS14;RPL15;RPL7A;EIF4H;RPS15A;RPL31;EIF1AX;RPS29;RPL13A;RPLP0;RPL18A;RPS9;RPS11;EIF3F;RPL14;RPL12;RPS21;RPS3;RPL9;EIF2S2;RPL6;RPSA;RPL4;FAU;RPS12;RPS25;RPLP1;RPL27;UBA52
prerank,GO_Molecular_Function_2025__Histone H4 Acetyltransferase Activity (GO:0010485),-0.562790224251492,-1.5992454422952205,0.027472527472527472,0.05086241684397931,1.0,2/16,3.55%,KAT5;KAT6A
prerank,GO_Biological_Process_2025__Neuron Migration (GO:0001764),0.5107773136200943,1.598575013126305,0.01405152224824356,0.07052556834958885,1.0,4/22,2.20%,PAFAH1B1;KIAA0319L;KIAA0319;SPOCK1
prerank,KEGG_2021_Human__Adipocytokine signaling pathway,-0.4355089084874223,-1.5984177400219857,0.005208333333333333,0.05107712567218633,1.0,22/43,20.01%,CD36;SLC2A4;SLC2A1;ACACB;ACSL6;ACSL1;ACSL4;ACSL3;ACSBG1;ACSBG2;PCK1;PCK2;IKBKB;CHUK;ADIPOR1;CPT1A;CPT1C;CPT1B;RXRG;RXRB;RXRA;SOCS3
prerank,GO_Biological_Process_2025__Transport Across Blood-Brain Barrier (GO:0150104),-0.3994765219551139,-1.597300004148707,0.00505902192242833,0.05149207354025376,1.0,27/66,12.15%,CD36;SLC16A7;SLC16A2;SLC16A12;SLC16A1;SLC2A13;SLC2A3;SLC2A4;SLC2A1;SLC2A10;ABCC2;ABCC4;ABCC5;ABCC3;ABCC1;ABCC9;SLC27A1;SLC27A4;SLC13A3;SLC7A3;SLC7A1;SLC7A8;SLC7A5;SLCO2B1;SLCO3A1;SLCO1C1;SLC38A3
prerank,GO_Molecular_Function_2025__DNA-directed RNA Polymerase Activity (GO:0003899),0.4888973312123282,1.5972543397686034,0.017857142857142856,0.07106226311252214,1.0,16/25,36.75%,POLR3H;POLR2K;POLR1B;POLR1A;POLR1D;POLRMT;PRIM1;POLR2I;POLR3B;MED21;POLR2B;POLR2L;POLR2J3;POLR2J;POLR2J2;POLR2E
prerank,WikiPathways_2024_Human__Kisspeptin Kisspeptin Receptor System In The Ovary WP4871,0.481012178870099,1.5960022436200636,0.015945330296127564,0.07150387711705784,1.0,12/25,17.67%,PRKCA;PRKCE;PRKCB;PRKCG;PRKCH;FSHR;MAPK1;MAPK3;PLCB4;PLCB3;PLCB1;PLCB2
prerank,KEGG_2021_Human__GnRH signaling pathway,0.40338694500491024,1.5952871541243696,0.011441647597254004,0.07171984163481353,1.0,22/49,20.29%,PRKCA;PRKCB;ADCY3;MAPK1;GRB2;MAPK10;MAPK13;MAPK3;MAPK12;MAPK9;MAPK8;FSHB;LHB;GNAS;GNAQ;GNA11;PLCB4;PLCB3;PLCB1;PLCB2;MAP2K4;CALML4
prerank,GO_Biological_Process_2025__Proteasome-Mediated Ubiquitin-Dependent Protein Catabolic Process (GO:0043161),-0.3409460904660944,-1.5951553772142353,0.0,0.05232550761666898,1.0,76/183,25.76%,PSMD14;PSMD2;PSMA1;PSMD1;PSMD11;KAT5;PSMA4;PSMC4;PLAA;PSMB1;ZNRF2;PSMB4;PSMC3;PSMC1;PSMA7;PSMB9;PSMA8;PSMB6;PSMB5;PSMB11;PSMB8;PSMB7;PSMB10;PPP2R5C;RNF139;PSMB2;PSMB3;PSMC6;DNAJB2;PSMC5;PSMA3;PEX10;VCP;PSMA2;SYVN1;RNF145;PSMD7;UBXN1;PSMD8;FBXL19;WDR26;PSMA5;CARD16;PSMD4;PSMC2;CCNF;PSMD6;MTA1;SPSB3;KLHL5;SOCS2;SOCS4;KLHL12;TRIP4;ASCC3;UCHL1;ANAPC7;CUL5;PSMD13;KCTD5;KCTD17;KCTD2;KIF14;ANAPC5;CDC23;FBXL7;FBXL17;FBXL6;FBXL15;FBXL2;FBXL13;FBXL22;FBXL20;FBXL5;FBXL3;FZR1
prerank,GO_Biological_Process_2025__Dephosphorylation (GO:0016311),-0.42144089509279004,-1.5939257863042906,0.01981981981981982,0.05269921345181747,1.0,30/52,27.15%,PDXP;FBP1;PHPT1;PLPP6;SGPP1;SGPP2;PLPP4;PLPPR4;PLPPR3;PLPP2;PLPP3;PLPP5;PLPPR1;PLPP1;PLPPR2;PLPPR5;EPHX2;MTMR7;MTM1;MTMR3;SBF1;MTMR6;PPM1B;PPM1A;PPM1M;PPP2R2A;ZNF367;PTPMT1;PPP2CB;PPP2CA
prerank,Reactome_2022__Signaling By Retinoic Acid R-HSA-5362517,-0.49879943167192997,-1.593065909787402,0.019784172661870502,0.05295800673251303,1.0,4/23,0.58%,DHRS4;AKR1C3;ALDH1A1;ALDH1A2
prerank,GO_Biological_Process_2025__RNA Transport (GO:0050658),0.47952987137093533,1.5914796497338968,0.019955654101995565,0.07357303415179202,1.0,15/25,30.95%,QKI;CKAP5;RBFOX1;NUP214;POM121C;NPAP1;POM121L2;NUP153;POM121;KPNB1;YBX1;FXR1;FMR1;FXR2;RTRAF
prerank,GO_Cellular_Component_2025__Mitochondrial Outer Membrane (GO:0005741),-0.3617183852615484,-1.5911443720993694,0.0032520325203252032,0.053692710275708856,1.0,34/110,19.49%,GDAP1;BCL2L10;BCL2A1;BAX;MCL1;BAK1;BOK;HINT2;CYB5R3;ACACB;NIPSNAP2;SLC29A3;GK2;ACSL1;ACSL4;ACSL3;STING1;EXD2;PPTC7;ATAD1;RAC2;MAOA;MAOB;HADHB;DNAJC11;PGAM5;MTARC1;CASP8;RTN4IP1;DAO;GPAM;GPAT2;CPT1A;CPT1B
prerank,GO_Cellular_Component_2025__Ficolin-1-Rich Granule Membrane (GO:0101003),-0.47658098146930666,-1.590454215406284,0.02491103202846975,0.05386260143177753,1.0,8/28,12.65%,GAA;MGAM;PRCP;ITGAX;SLC2A3;DOK3;ITGB2;RHOA
prerank,GO_Biological_Process_2025__Chaperone Cofactor-Dependent Protein Refolding (GO:0051085),-0.5057178406368761,-1.5878480983919245,0.029197080291970802,0.05492815087034198,1.0,10/22,14.08%,ERO1A;DNAJC7;HSPA9;DNAJB5;DNAJB12;DNAJB1;DNAJB14;SDF2L1;DNAJB4;HSPA5
prerank,GO_Biological_Process_2025__L-amino Acid Transport (GO:0015807),0.49138003749706505,1.5863673563751526,0.033936651583710405,0.0762925406194321,1.0,11/22,7.25%,SLC7A2;SLC36A2;SLC38A5;SLC36A1;SLC36A3;SLC38A1;SLC36A4;SLC38A2;SLC17A6;SLC17A8;SLC22A2
prerank,GO_Biological_Process_2025__Mitotic Cytokinetic Process (GO:1902410),-0.5601180911906699,-1.586279379559937,0.030120481927710843,0.05543648418986801,1.0,8/15,24.52%,IST1;VPS4A;ZFYVE19;RHOA;MTMR4;MTMR3;VPS4B;SPART
prerank,KEGG_2021_Human__Coronavirus disease,-0.36545741317883346,-1.586133786976918,0.0,0.05540916634636621,1.0,67/119,28.17%,C3;C5;C4B;C4A;RPS7;STING1;RPL8;RPL26L1;RPL26;RPS28;RPL24;RPS8;RPS16;MYD88;RPL27A;RPL35;RPL30;RPLP2;RPS26;RPS17;RPS24;IKBKB;CHUK;RPS18;RPL23;RPL7;CASP1;RPL18;PIK3CD;PIK3CB;RPS15;RPS6;RPS5;RPL19;RPL11;RPL29;RPS14;RPL15;RPL7A;RPS15A;RPL31;RPS29;RPL13A;CGAS;RPLP0;RPL18A;RPS9;RPS11;RPL14;RPL12;RPS21;NFKB1;RELA;PIK3CA;RPS3;RPL9;RPL6;RPSA;IKBKE;TBK1;RPL4;FAU;JUN;RPS12;RPS25;RPLP1;IRAK1
prerank,Reactome_2022__NOTCH3 Intracellular Domain Regulates Transcription R-HSA-9013508,0.5520818266672447,1.585655713704768,0.046153846153846156,0.07657548302422997,1.0,9/15,27.41%,WWC1;PLXND1;PBX1;KAT2B;KAT2A;HEY1;HES5;HEY2;HEYL
prerank,GO_Biological_Process_2025__Central Nervous System Neuron Differentiation (GO:0021953),0.493684385553915,1.5854159295052377,0.024774774774774775,0.07654728036312464,1.0,15/22,24.87%,ATP7A;SPOCK1;GRID2;GBA2;PROX1;NEUROD1;NEUROD4;RORB;PTF1A;PALS1;ISL1;FZD1;NR4A2;CSNK1D;ZC4H2
prerank,GO_Biological_Process_2025__Protein Homotetramerization (GO:0051289),-0.4477565280979472,-1.5853823744832172,0.014492753623188406,0.055624882361076884,1.0,13/40,15.41%,SHMT1;SHMT2;ALDH1A2;ALDH9A1;ACACB;ACOT13;HPRT1;HSD17B10;AQP2;AQP5;AQP4;AQP10;APIP
prerank,GO_Biological_Process_2025__ATP Metabolic Process (GO:0046034),-0.4508313982290997,-1.5849582083006177,0.016304347826086956,0.05570434452771779,1.0,13/38,12.10%,TPI1;PFKFB1;PKM;PKLR;PGK2;PGK1;PGM1;FIGNL1;ENO2;ENO1;ENO3;PFKM;PFKL
prerank,GO_Biological_Process_2025__Sterol Metabolic Process (GO:0016125),-0.5068296960384706,-1.5847473138199448,0.01876172607879925,0.0556866989758488,1.0,9/23,8.12%,CES1;CYP19A1;CYP4V2;GBA1;SULT2A1;SULT1C3;SULT2B1;ABCA5;ABCG1
prerank,Reactome_2022__Cellular Responses To Stress R-HSA-2262752,-0.3067188865054419,-1.582647661052718,0.0,0.05654051039968441,1.0,186/458,29.26%,PSMD14;P4HB;PSMD2;HDAC6;PSMA1;TALDO1;SEH1L;PRDX2;PRDX1;CRYAB;HSPB8;PSMD11;KAT5;PSMA4;PSMC4;PHGDH;HBA1;PSMB1;ABCC1;SLC46A1;PSMB4;PSMC3;ERO1A;PSMC1;KDELR3;DNAJC3;DNAJC7;PSMA7;PSMB9;PSMA8;PSMB6;PSMB5;PSMB11;PSMB8;PSMB7;PSMB10;HSPA9;RPS7;PSMB2;PSMB3;LIN9;PDIA6;PSMC6;DNAJB6;DNAJB1;PSMC5;PSMA3;BLVRB;VCP;SOD1;RPL8;HSP90B1;SLC7A11;PSMA2;SYVN1;HIF3A;HIF1A;EPAS1;RPL26L1;RPL26;RPS28;PSMD7;E2F2;TRIB3;RPS8;RPS16;RPL27A;BAG4;BAG3;BAG5;RPL35;RPL30;NUP85;SLC38A9;RPLP2;PSMD8;SEC13;DNAJB11;RPS17;RPS24;SURF1;AQP8;WDR24;PSMA5;SSR1;HSPA5;RPL23;RPL7;RPL18;PSMD9;PSMD4;PSMC2;RPS15;LAMTOR5;CCNA1;CCNA2;CCNE2;CCNE1;PSMD6;HIRA;SUZ12;TSPYL2;RPS6;RPS5;SQSTM1;MINK1;TNIK;RPL19;RPL11;NUP210;HM13;HSBP1;SMARCD3;NUP93;RPL29;RXRA;RPS14;RPL15;RPL7A;EED;NUP43;ACADVL;NOX5;NDC1;NUP133;RPS15A;RRAGC;RRAGD;RPL31;RPS29;RPS6KA1;RPS6KA2;RPS6KA3;SRXN1;RPL13A;ANAPC7;LAMTOR4;NUP205;RB1;RPLP0;PSMD13;RPL18A;RPS9;NUP50;CAPZB;RPS11;SERP1;YIF1A;RPL14;HIGD1A;RPL12;ANAPC5;RPS21;CDC23;ATP6V1F;NFKB1;RELA;RPS3;FBXL17;SKP2;FZR1;RPL9;EXOSC2;EIF2S2;HSF1;RPL6;RPSA;RPL4;FAU;WDR59;JUN;RPS12;SHC1;RAD50;RPS25;RPLP1;CHAC1;EXTL3;SKP1;MUL1;MAP3K5;RPL27;NUP58;IDH1;UBA52;HYOU1
prerank,GO_Biological_Process_2025__Protein Localization to Cell Periphery (GO:1990778),0.3795819815202479,1.5812035207590953,0.004987531172069825,0.07879801902494836,1.0,22/67,17.86%,ANK1;PRKCZ;PRKCI;KCNIP4;KCNIP3;STXBP1;INPP5K;EHD2;EHD3;PKP2;PKP3;JUP;SPTBN1;EFR3B;EFR3A;ZDHHC23;NKD2;ZDHHC7;ZDHHC4;ZDHHC2;DPP10;DPP6
prerank,GO_Molecular_Function_2025__Pyrophosphatase Activity (GO:0016462),-0.472294355168879,-1.5803911356060116,0.02578268876611418,0.05745437980148025,1.0,10/27,13.63%,LHPP;PRUNE1;PPA2;PPA1;ENTPD6;PLPP6;PLPP4;PLPP5;PLPP1;NUDT6
prerank,GO_Biological_Process_2025__Regulation of Potassium Ion Transmembrane Transport (GO:1901379),0.5179626196311258,1.5803343749325398,0.04269662921348315,0.0790809963300966,1.0,12/18,19.36%,NOS1AP;KCNIP1;KCNIP4;KCNIP3;KCNIP2;KCNH2;KCNN4;KCNN2;STK39;DPP10;DPP6;CD63
prerank,Reactome_2022__Sensory Processing Of Sound By Outer Hair Cells Of Cochlea R-HSA-9662361,-0.46616071760433037,-1.5801503489017201,0.017793594306049824,0.05744524049743917,1.0,19/29,29.38%,CLIC5;EPS8L2;GSN;MYO15A;ESPN;ESPNL;USH1G;LHFPL5;TMC1;TMC2;EPB41L1;EPB41L3;MYO7A;FSCN2;RDX;MSN;EZR;TWF2;TWF1
prerank,GO_Biological_Process_2025__Neuropeptide Signaling Pathway (GO:0007218),0.4574974085636488,1.579016892201026,0.022222222222222223,0.07972772148873361,1.0,25/29,33.80%,SSTR2;GNAQ;GALR2;NMUR2;NTSR1;NMUR1;NTSR2;KISS1R;UTS2R;CCKBR;GPR149;SSTR5;OPRM1;SSTR1;PTGDR2;OPRD1;SSTR4;NPBWR2;SSTR3;CMKLR2;OPRL1;OPRK1;LTB4R2;LTB4R;NPBWR1
prerank,WikiPathways_2024_Human__Proximal Tubule Transport WP4917,0.40914518618625795,1.5788049656445426,0.016666666666666666,0.07965102577242236,1.0,16/42,10.76%,SLC12A4;ATP6V1A;SLC5A2;SLC5A5;SLC5A8;SLC20A2;ATP6V0E1;SLC36A2;SLC22A6;SLC22A11;SLC22A8;SLC22A7;SLC22A2;ATP6V1E1;SLC4A4;SLC4A2
prerank,GO_Biological_Process_2025__Regulation of Insulin Secretion Involved in Cellular Response to Glucose Stimulus (GO:0061178),0.5369076225105851,1.5772122492713045,0.012605042016806723,0.08043801244261917,1.0,6/15,15.40%,KCNK16;BAIAP3;EFNA5;PPP3CB;STX4;NR1D1
prerank,Reactome_2022__RHOV GTPase Cycle R-HSA-9013424,0.4952512394315592,1.5757298938810984,0.02643171806167401,0.08107946006905356,1.0,9/21,14.22%,PKN1;PKN2;TPM3;TPM4;SH3RF1;NCK2;NCK1;SPTBN1;ZNF512B
prerank,GO_Biological_Process_2025__Inflammatory Response (GO:0006954),-0.4052244248779016,-1.5745081602976285,0.008445945945945946,0.06007074373876955,1.0,32/57,29.48%,GATA3;ITGAL;CHI3L1;GZMA;LYZ;GGT5;ITGB2;ANXA1;IKBKB;CHUK;CASP1;CASP6;CASP8;PYCARD;CARD18;CASP4;PIK3CG;APIP;WNT5A;DHX34;THBS1;CASP3;LIAS;NFKB1;REL;RELB;RELA;TBK1;IRAK2;ADORA3;ADORA2A;ADORA1
prerank,Reactome_2022__Cellular Responses To Stimuli R-HSA-8953897,-0.3038292806650743,-1.5713253995757663,0.0,0.06157022594789038,1.0,186/460,29.26%,PSMD14;P4HB;PSMD2;HDAC6;PSMA1;TALDO1;SEH1L;PRDX2;PRDX1;CRYAB;HSPB8;PSMD11;KAT5;PSMA4;PSMC4;PHGDH;HBA1;PSMB1;ABCC1;SLC46A1;PSMB4;PSMC3;ERO1A;PSMC1;KDELR3;DNAJC3;DNAJC7;PSMA7;PSMB9;PSMA8;PSMB6;PSMB5;PSMB11;PSMB8;PSMB7;PSMB10;HSPA9;RPS7;PSMB2;PSMB3;LIN9;PDIA6;PSMC6;DNAJB6;DNAJB1;PSMC5;PSMA3;BLVRB;VCP;SOD1;RPL8;HSP90B1;SLC7A11;PSMA2;SYVN1;HIF3A;HIF1A;EPAS1;RPL26L1;RPL26;RPS28;PSMD7;E2F2;TRIB3;RPS8;RPS16;RPL27A;BAG4;BAG3;BAG5;RPL35;RPL30;NUP85;SLC38A9;RPLP2;PSMD8;SEC13;DNAJB11;RPS17;RPS24;SURF1;AQP8;WDR24;PSMA5;SSR1;HSPA5;RPL23;RPL7;RPL18;PSMD9;PSMD4;PSMC2;RPS15;LAMTOR5;CCNA1;CCNA2;CCNE2;CCNE1;PSMD6;HIRA;SUZ12;TSPYL2;RPS6;RPS5;SQSTM1;MINK1;TNIK;RPL19;RPL11;NUP210;HM13;HSBP1;SMARCD3;NUP93;RPL29;RXRA;RPS14;RPL15;RPL7A;EED;NUP43;ACADVL;NOX5;NDC1;NUP133;RPS15A;RRAGC;RRAGD;RPL31;RPS29;RPS6KA1;RPS6KA2;RPS6KA3;SRXN1;RPL13A;ANAPC7;LAMTOR4;NUP205;RB1;RPLP0;PSMD13;RPL18A;RPS9;NUP50;CAPZB;RPS11;SERP1;YIF1A;RPL14;HIGD1A;RPL12;ANAPC5;RPS21;CDC23;ATP6V1F;NFKB1;RELA;RPS3;FBXL17;SKP2;FZR1;RPL9;EXOSC2;EIF2S2;HSF1;RPL6;RPSA;RPL4;FAU;WDR59;JUN;RPS12;SHC1;RAD50;RPS25;RPLP1;CHAC1;EXTL3;SKP1;MUL1;MAP3K5;RPL27;NUP58;IDH1;UBA52;HYOU1
prerank,Reactome_2022__G0 And Early G1 R-HSA-1538133,-0.5465432510568881,-1.5704484005455952,0.04204753199268738,0.06189371953262429,1.0,9/17,25.84%,LIN9;CCNA1;CCNA2;CCNE2;CCNE1;RBL1;RBL2;CDK1;PCNA
prerank,WikiPathways_2024_Human__Nuclear Receptors WP170,0.4242541203531775,1.5699516404672411,0.02869757174392936,0.08430062442588895,1.0,22/35,30.44%,PPARG;RARB;PPARD;RORC;RARA;NR1D2;THRA;PPARA;NR1H3;RORA;VDR;NR1H2;NR1I2;NR4A2;NR4A1;PGR;ESRRB;ESR2;NR3C1;ESR1;AR;ESRRA
prerank,WikiPathways_2024_Human__13Q12 12 Copy Number Variation WP5406,0.5380408787584982,1.5682116645709965,0.032397408207343416,0.08513577003579326,1.0,7/16,12.15%,RTN4;SGCA;DTNA;SNTB1;SNTA1;MAPK9;MAPK8
prerank,WikiPathways_2024_Human__Oxidative Phosphorylation WP623,0.42096996733948877,1.5662655421610436,0.020134228187919462,0.08616169826711693,1.0,26/37,44.74%,ATP5PB;ATP5F1A;NDUFB5;ATP5PF;NDUFS2;NDUFS7;NDUFS8;ATP5PD;NDUFA10;NDUFA8;ATP5MF;NDUFA6;ATP5MG;DMAC2L;ATP5F1D;ATP5PO;NDUFAB1;NDUFA11;NDUFS6;NDUFV1;NDUFB7;NDUFB10;ATP5F1B;NDUFB4;NDUFB9;NDUFA2
prerank,GO_Biological_Process_2025__Glycerophospholipid Biosynthetic Process (GO:0046474),0.35360225280657187,1.5650520000428025,0.007556675062972292,0.08671843955693309,1.0,22/82,9.11%,CDS2;SELENOI;SYNJ1;INPP5D;INPP5K;INPP5F;INPP5J;OCRL;SYNJ2;DGKQ;DGKI;DGKG;DGKZ;DGKD;DGKH;DGKK;DGKA;DGKE;DGKB;CDIPT;PCYT2;INPPL1
prerank,Reactome_2022__RHO GTPase Effectors R-HSA-195258,0.33537292560208914,1.5648787389946481,0.0,0.08661818894130074,1.0,29/135,14.26%,PAFAH1B1;PKN3;PKN1;PRKCA;PRKCB;PKN2;PRKCZ;MEN1;YWHAQ;YWHAH;YWHAB;YWHAZ;YWHAG;DYNLL1;DYNLL2;NCKIPSD;CTNNA1;PPP1CB;MAPK1;GRB2;EVL;NCF4;NCK1;MAPK3;CLIP1;DYNC1H1;CKAP5;H2AZ1;H2AZ2
prerank,WikiPathways_2024_Human__EGFR Tyrosine Kinase Inhibitor Resistance WP4806,0.4211392298392959,1.564586387180683,0.018140589569160998,0.08658826023374527,1.0,17/39,17.72%,PRKCA;PRKCB;PRKCG;EIF4E;EIF4E2;EGF;EIF4EBP1;NF1;MAPK1;GRB2;RRAS;MAPK3;PTEN;PDGFB;PDGFA;PLCG1;PLCG2
prerank,GO_Molecular_Function_2025__5'-3' RNA Polymerase Activity (GO:0034062),0.47249394845804626,1.5643364177595114,0.020179372197309416,0.08655847438398244,1.0,16/26,36.75%,POLR3H;POLR2K;POLR1B;POLR1A;POLR1D;POLRMT;PRIM1;POLR2I;POLR3B;MED21;POLR2B;POLR2L;POLR2J3;POLR2J;POLR2J2;POLR2E
prerank,GO_Cellular_Component_2025__Vesicle Membrane (GO:0012506),-0.4183154906502441,-1.5643120972009934,0.016129032258064516,0.06487085350906746,1.0,25/48,18.45%,SLC2A4;TOR1A;ZNRF2;STING1;RAB11A;ANXA9;ANXA13;ANXA6;ANXA10;ANXA2;ANXA5;ANXA3;ANXA7;ANXA4;ANXA1;ANXA11;ANXA8L1;AQP5;AQP6;ACP3;SLC39A13;GIPC1;RAB21;VAMP5;AP1G1
prerank,GO_Biological_Process_2025__Regulation of Reactive Oxygen Species Metabolic Process (GO:2000377),-0.44883198858057505,-1.5630082847353062,0.020072992700729927,0.06535001827864252,1.0,14/35,24.90%,DHRS4;AKR1C3;AKR1C1;DCXR;AGXT;SPHK2;RAC2;CBR1;PARL;THBS1;NOX5;BCO2;PARK7;PDK3
prerank,GO_Biological_Process_2025__Regulation of Cytoplasmic Translation (GO:2000765),0.5086594370515402,1.5626446700762824,0.036036036036036036,0.08736294626716698,1.0,9/19,18.47%,CPEB2;CPEB3;CPEB4;IGF2BP1;UNK;CPEB1;ZNF385A;YBX1;LIN28A
prerank,Reactome_2022__Membrane Trafficking R-HSA-199991,0.291481450709366,1.5625680661337666,0.0,0.08721944368625434,1.0,75/376,15.53%,PAFAH1B1;NSF;ANK1;LDLRAP1;DAB2;NAPG;HOMER2;SLC18A3;KIAA0319;TBC1D16;LNPEP;SH3GL3;SH3D19;SH3GL2;ULK1;YWHAQ;YWHAH;YWHAB;YWHAZ;YWHAG;DYNLL1;DYNLL2;GRIA1;EGF;SYT12;SYNJ1;OCRL;SYNJ2;REPS1;ITSN2;ITSN1;EPS15;KIF3A;APP;AP2A2;AP2A1;VPS45;BICD2;BICD1;SNAP91;PICALM;GRK2;FNBP1L;FNBP1;TRIP10;ALPP;LDLR;GRB2;MAN1C1;MAN1A2;MAN1A1;TRAPPC10;RAB30;PPP6R1;PPP6R3;CLVS2;CLVS1;GALNT2;EXOC5;SH3GL1;SPTBN1;MADD;EPN1;EPN2;COG7;DYNC1H1;PUM1;KIF3C;KIF3B;TBC1D7;STX4;BLOC1S1;RIC1;DENND6B;DENND6A
prerank,WikiPathways_2024_Human__Electron Transport Chain OXPHOS System In Mitochondria WP111,0.37966618709220146,1.5598389685878264,0.013761467889908258,0.08865180179531318,1.0,41/62,42.38%,COX7A1;COX7A2;COX7A2L;COX15;ATP5PB;ATP5F1A;NDUFB5;NDUFA12;ATP5PF;COX7C;COX5B;NDUFS2;NDUFS7;UQCRQ;NDUFS8;ATP5PD;NDUFA10;NDUFA13;SCO1;SDHA;NDUFA8;SDHC;ATP5F1C;ATP5MF;SDHD;NDUFA6;ATP5MG;COX4I1;DMAC2L;COX6A2;ATP5F1D;ATP5PO;NDUFAB1;NDUFA11;NDUFB3;NDUFS6;NDUFV1;NDUFB7;NDUFB10;ATP5F1B;COX11
prerank,GO_Biological_Process_2025__Protein Metabolic Process (GO:0019538),-0.3082576960711344,-1.5597509931345506,0.0,0.06687336636171812,1.0,131/360,25.83%,MMEL1;ACHE;CD36;CYP4F11;TPSAB1;TPSB2;TPSG1;TPSD1;GALNT11;NPEPL1;PCSK6;DPP3;MAN2B1;TMCC2;PSMC4;DUOXA2;CTSL;GZMK;GZMA;HABP2;MTTP;ERO1A;DPP4;GSN;MANBA;CPB2;CPA5;CPO;CPA1;CPA2;CPB1;CPA6;CPA4;PSMB5;PSMB11;ATG4A;ATG4B;RPS7;QPCT;ENPEP;CTSF;RPL8;PEPD;CIAO2A;PSEN2;PSEN1;RPL26;RPS28;ERMP1;GGT5;RPS8;RPN2;RPS16;LTA4H;RPL27A;RPL35;RPL30;CTSD;PHKA2;RPLP2;RPS26;ICMT;DNAJB11;RPS17;MSRB1;MSRB2;MSRA;RPS24;IKBKB;RPS18;RPL23;RPL7;RNPEP;CASP1;CASP6;CASP5;CASP8;CASP9;CASP4;RPL18;FKBP1A;FKBP1B;SLC35A1;RPS15;CHEK2;D2HGDH;RPS6;RPS5;SQSTM1;RPL19;RPL11;GGT1;HARS1;SPG7;GLMN;RPL29;RPS14;RPL15;PARL;RPL7A;MRPL3;LRP8;CASP3;CASP7;UCHL1;RPS15A;RPL31;RPS29;UBE2L6;RPS6KB2;RPL13A;THBD;RPLP0;RPL18A;RPS9;PARK7;RPS11;TYSND1;SERP1;SARS1;HBS1L;RPL14;RPL12;RPS21;PLOD2;RPS3;FBXL6;FBXL2;RPL9;APH1A;APH1B
prerank,GO_Molecular_Function_2025__Neutral L-amino Acid Transmembrane Transporter Activity (GO:0015175),0.5009192888386539,1.558983104512714,0.037199124726477024,0.0889306488148419,1.0,9/19,4.73%,SLC36A2;SLC38A5;SLC36A1;SLC38A7;SLC36A3;SLC38A1;SLC32A1;SLC36A4;SLC38A2
prerank,GO_Biological_Process_2025__Positive Regulation of Reactive Oxygen Species Metabolic Process (GO:2000379),-0.4639831817485172,-1.5586103803418645,0.027932960893854747,0.06735536216692443,1.0,7/30,2.80%,DHRS4;AKR1C3;AKR1C1;DCXR;CD36;ITGAM;AGXT
prerank,GO_Biological_Process_2025__Cholesterol Metabolic Process (GO:0008203),-0.4675933629450828,-1.5581183341824676,0.018050541516245487,0.06748387212004783,1.0,10/30,8.12%,AKR1D1;CES1;ACLY;ACAA2;GBA1;SULT2A1;SULT1C3;SULT2B1;ABCA5;ABCG1
prerank,GO_Biological_Process_2025__Negative Regulation of Cell Projection Organization (GO:0031345),0.4808673526176643,1.5579043490819848,0.041189931350114416,0.08941739046483402,1.0,10/22,18.80%,STMN2;SPOCK1;YWHAH;GRIN2B;EFNB2;ITM2C;STX1B;CBFA2T2;PTEN;TRPV4
prerank,GO_Biological_Process_2025__Regulation of Interleukin-1 Beta Production (GO:0032651),-0.4874807512737716,-1.557563079358607,0.036585365853658534,0.06763478096750786,1.0,11/22,17.48%,CD36;LPL;MYD88;CASP1;CARD16;CASP8;PYCARD;PYDC1;CARD18;FZD5;WNT5A
prerank,GO_Cellular_Component_2025__Basolateral Plasma Membrane (GO:0016323),-0.35909948241255274,-1.5569813018444472,0.0033277870216306157,0.06779003634963676,1.0,44/113,14.71%,SLC16A10;SLC16A8;SLC16A7;SLC16A6;SLC16A12;SLC16A1;SLC16A5;SLC16A3;SLC26A11;SLC2A1;SLC3A2;ABCC10;ABCC4;ABCC5;ABCC3;ABCC1;ABCC6;SLC46A1;MTTP;SLC13A3;SLC7A7;SLC7A1;SLC7A8;SLC7A5;SLCO2B1;SLCO2A1;SLCO3A1;SLCO1B3;SLCO1C1;SLCO1B1;TRPC4;ANXA13;ANXA2;PLPP3;AQP7;AQP8;AQP4;AQP9;AQP3;AQP7B;AQP10;SLC19A1;SLC23A1;ATP7B
prerank,KEGG_2021_Human__Thyroid hormone synthesis,0.39163249112849774,1.5568172385254941,0.02546296296296296,0.08993618751452605,1.0,16/48,17.67%,PRKCA;PRKCB;PRKCG;PDIA4;SLC5A5;ATP1A4;ATP1A2;TSHR;ADCY3;TSHB;GNAS;GNAQ;PLCB4;PLCB3;PLCB1;PLCB2
prerank,Reactome_2022__SMAD2/SMAD3:SMAD4 Heterotrimer Regulates Transcription R-HSA-2173796,0.477335825220016,1.5558474989580116,0.027586206896551724,0.0903761108660793,1.0,9/22,22.71%,MEN1;MAPK1;SMAD7;SMAD4;MAPK3;YBX1;TGIF2;TGIF1;RNF111
prerank,KEGG_2021_Human__Diabetic cardiomyopathy,0.33896772910088463,1.5550601210366153,0.005012531328320802,0.09071141845365034,1.0,36/117,17.67%,PRKCA;PRKCB;PRKCG;PRKCZ;GFPT2;ATP2A2;ATP2A1;TNNI3;COX7A1;COX7A2;COX7A2L;PPP1CB;ATP5PB;PARP1;IRS1;ATP5F1A;SLC25A31;NCF4;MAPK10;MAPK13;MAPK12;MAPK9;MAPK8;NDUFB5;NDUFA12;ATP2A3;PLCB4;PPARA;ATP5PF;PTEN;VDAC2;COX7C;COX5B;PLCB3;PLCB1;PLCB2
prerank,GO_Biological_Process_2025__Cellular Response to Topologically Incorrect Protein (GO:0035967),-0.5046485170336092,-1.554966278743831,0.03364485981308411,0.06865255869665586,1.0,10/20,15.44%,HDAC6;BAX;BAK1;HSPB8;PACRG;DNAJB12;DNAJB14;VCP;BAG3;TMBIM6
prerank,"Reactome_2022__Interleukin-3, Interleukin-5 And GM-CSF Signaling R-HSA-512988",0.5182794409090805,1.5541154462376998,0.0437636761487965,0.09113435741443951,1.0,6/17,9.11%,PRKCA;YWHAZ;INPP5D;CLSTN1;GRB2;INPPL1
prerank,Reactome_2022__Reproduction R-HSA-1474165,0.454445055994427,1.5528023471459107,0.03110047846889952,0.09185632126797556,1.0,17/29,30.27%,PMEPA1;POLR1B;POLR1A;HSPA2;H2AZ1;H2AZ2;RAD21;REC8;ADAM2;ADAM30;ADAM21;TOP3A;SMC3;SMC1B;FKBP6;UBE2I;MRE11
prerank,GO_Biological_Process_2025__Positive Regulation of Actin Filament Polymerization (GO:0030838),0.5067898100451932,1.5525476699903553,0.026200873362445413,0.09177326567444032,1.0,10/19,26.39%,PRKCE;EVL;NCK2;NCK1;FCHSD1;FCHSD2;LMOD1;WASHC2C;NCKAP1;NCKAP1L
prerank,WikiPathways_2024_Human__Complement System In Neuronal Development And Plasticity WP5090,-0.43229821371264915,-1.5521802976893326,0.025466893039049237,0.07002200277848768,1.0,20/40,20.58%,ITGAX;ITGAV;ITGAM;BAX;BAK1;C3;C5;C4B;C4A;ITGB2;CASP8;CASP9;CRB1;PLSCR1;PARD6A;PARD6B;PARD6G;CAP1;CASP3;CASP7
prerank,Reactome_2022__Signaling By WNT R-HSA-195721,-0.32990405135370376,-1.5511072006532594,0.0015432098765432098,0.07048506635195875,1.0,65/184,17.58%,PSMD14;USP8;PSMD2;PSMA1;CTBP2;CTBP1;PSMD11;KAT5;PSMA4;PSMC4;PSMB1;PSMB4;PSMC3;PSMC1;PSMA7;PSMB9;PSMA8;PSMB6;PSMB5;PSMB11;PSMB8;PSMB7;PSMB10;PPP2R5C;PPP2R5D;PSMB2;PSMB3;SOX9;SOX2;SOX6;SOX17;SOX4;SRY;SOX3;SOX13;SOX7;PSMC6;PSMC5;PSMA3;PSMA2;RAC2;PSMD7;RHOA;PSMD8;PSMA5;PSMD9;PSMD4;PSMC2;PSMD6;GNAT2;WNT9B;WNT7A;WNT8B;WNT8A;WNT7B;WNT5A;WNT2B;WNT4;WNT5B;WNT11;WNT3A;WNT10A;WNT2;WNT9A;WNT10B
prerank,GO_Cellular_Component_2025__Voltage-Gated Calcium Channel Complex (GO:0005891),0.5192100435482694,1.5482951553380793,0.037894736842105266,0.094301022444676,1.0,10/16,31.93%,PDE4B;ENTHD1;HSPA2;CACNB1;CACNB2;CACNB4;CACNB3;CACNG3;CACNG8;CACHD1
prerank,KEGG_2021_Human__MAPK signaling pathway,0.33228121336876776,1.5474575559341317,0.0025252525252525255,0.09463895882949076,1.0,33/115,17.53%,PRKCA;PRKCB;PRKCG;STMN1;MAPK8IP1;MAPK8IP2;PPP3R1;EGF;NF1;MECOM;EFNA5;EFNA2;EFNA3;EFNA4;EFNA1;MAPK1;GRB2;RRAS;PPP3CB;PPP3CC;MAPK10;MAPK13;MAPK3;MAPK12;MAPK9;MAPK8;NLK;HSPA2;GADD45G;GADD45A;GADD45B;PDGFB;PDGFA
prerank,GO_Molecular_Function_2025__mRNA Binding (GO:0003729),0.30492008367804496,1.5473970009810283,0.0,0.09446447721892903,1.0,55/217,16.66%,EIF4E;EIF4E2;CPEB2;CPEB3;CPEB4;CELF6;CELF5;ELAVL2;DAZ4;DAZ3;DAZ2;BOLL;DAZL;DAZ1;PTBP3;PTBP1;PTBP2;KHSRP;IGF2BP2;IGF2BP1;IGF2BP3;PCBP2;PCBP4;PCBP3;FUBP3;NOVA1;PCBP1;FUBP1;DDX56;QKI;KHDRBS2;KHDRBS1;KHDRBS3;SERBP1;UNK;ANGEL2;ANGEL1;SSB;CPEB1;PURB;HNRNPLL;PUM1;PUM2;RBFOX3;RBFOX1;RBFOX2;MSI2;ZNF385A;ETF1;TARDBP;PUM3;SUPT5H;AQR;EIF4ENIF1;RSL24D1
prerank,Reactome_2022__Intraflagellar Transport R-HSA-5620924,0.45594421712342176,1.5468429166180677,0.029914529914529916,0.0946090262689635,1.0,14/25,35.73%,DYNLL1;DYNLL2;KIF3A;DYNC2H1;KIF3C;KIF3B;IFT140;KIFAP3;IFT52;IFT172;DYNLRB2;IFT57;WDR19;WDR35
prerank,Reactome_2022__RHOJ GTPase Cycle R-HSA-9013409,0.46802483915516263,1.5463810184204623,0.030303030303030304,0.09472967938109293,1.0,11/23,20.70%,PKN1;PKN2;OCRL;FNBP1L;FNBP1;JUP;SLC4A7;STOM;CDC42BPB;DOCK8;MPP7
prerank,WikiPathways_2024_Human__Neural Crest Cell Migration During Development WP4564,-0.555642338434329,-1.5455505657472508,0.03763440860215054,0.07313649918152278,1.0,14/15,36.98%,TWIST1;RHOA;PIK3CG;PIK3CD;PIK3CB;PIK3CA;JUN;PAK3;PAK1;PAK2;ARF1;PIK3R3;FOS;MMP8
prerank,WikiPathways_2024_Human__Neural Crest Cell Migration In Cancer WP4565,-0.555642338434329,-1.5455505657472508,0.03763440860215054,0.07313649918152278,1.0,14/15,36.98%,TWIST1;RHOA;PIK3CG;PIK3CD;PIK3CB;PIK3CA;JUN;PAK3;PAK1;PAK2;ARF1;PIK3R3;FOS;MMP8
prerank,GO_Biological_Process_2025__Supramolecular Fiber Organization (GO:0097435),0.33144631727240986,1.5451613601249126,0.002421307506053269,0.09530303891125921,1.0,52/126,21.93%,STMN1;STMN3;STMN2;STMN4;ATP7A;TUBGCP6;APP;TPPP;TPPP3;TPPP2;NF1;KATNB1;INPPL1;EVL;TPM3;TPM4;TPM1;TPM2;CLIP1;MAD2L2;DYNC1H1;CKAP5;CNN2;TAGLN3;TAGLN2;CNN1;TMOD1;LMOD3;TMOD2;TMOD3;LMOD1;TMOD4;SAMD14;PPP1R9B;PPP1R9A;NUP153;FAT1;TARDBP;TRPV4;TRPV3;CCDC88C;HOOK3;CCDC88A;CCDC88B;HOOK1;HOOK2;TUBGCP4;SCX;HIP1R;HIP1;KIF24;KIF2C
prerank,GO_Cellular_Component_2025__Sarcoplasmic Reticulum (GO:0016529),0.4423788392670776,1.5447889676609974,0.03153153153153153,0.09540099612994654,1.0,8/29,8.68%,NOS1AP;ATP2A2;ATP2A1;HAX1;RTN2;CLEC18B;JPH2;JPH1
prerank,GO_Biological_Process_2025__Positive Regulation of Apoptotic Process (GO:0043065),-0.3411505142963188,-1.5442687439111336,0.0032733224222585926,0.07374635230015192,1.0,54/146,22.10%,AKR1C3;ITGA4;ITGA6;BCL2L10;BCL2A1;BAX;MCL1;BAK1;BOK;PCSK9;GZMA;SCIN;SLC27A4;HSPA9;SOX4;SPHK2;NUPR1;SOD1;ITGB1;CTSD;RHOB;RACK1;RBM5;CASP6;CASP14;CFLAR;CASP12;CASP5;CASP8;CASP9;PYCARD;CASP4;CASP2;SFRP4;WNT5A;WNT10B;SAV1;RPS6;SQSTM1;SPDEF;GLMN;SMPD1;ING4;CTNNBL1;THBS1;CASP3;CASP7;BARD1;TP53BP2;PTRH2;TPD52L1;DNAJA3;LATS1;RPS6KA2
prerank,Reactome_2022__Positive Epigenetic Regulation Of rRNA Expression R-HSA-5250913,0.44741591262590913,1.543150904826861,0.030232558139534883,0.09635217840900162,1.0,11/30,17.92%,POLR2K;DPEP3;POLR1B;DDX56;POLR1A;POLR1D;POLR1E;H2AZ1;H2AZ2;EHMT2;BAZ1B
prerank,GO_Biological_Process_2025__Negative Regulation of Immune Response (GO:0050777),0.4846036747808422,1.542325014720887,0.026143790849673203,0.09665959202109274,1.0,8/21,17.69%,AMBP;YWHAZ;PARP1;RHBDF2;MKRN2;GNAS;ZDHHC18;PLCG1
prerank,WikiPathways_2024_Human__Glioblastoma Signaling WP2261,0.40926926152914855,1.5416162578155304,0.029017857142857144,0.09698347179459865,1.0,10/38,8.86%,PRKCA;PRKCB;PRKCG;PRKCZ;PRKCH;PRKCI;NF1;MAPK1;GRB2;IRS1
prerank,GO_Biological_Process_2025__Protein Import Into Mitochondrial Matrix (GO:0030150),0.5123550418320942,1.5407194833501021,0.033632286995515695,0.09742555136751033,1.0,11/17,29.10%,TOMM40;TOMM40L;TOMM70;TIMM17A;TIMM17B;DNLZ;TOMM20L;TOMM20;TIMM23B;TIMM23;TIMM21
prerank,GO_Biological_Process_2025__Regulation of Secretion by Cell (GO:1903530),0.4422110994512503,1.540419197991274,0.024553571428571428,0.0974286850799009,1.0,21/30,35.90%,NSF;LGI3;CPLX2;CPLX1;RHBDF2;RHBDF1;STX4;RIC1;SIRT6;STXBP5;HAP1;TSPOAP1;RIMS1;RIMS2;SCG5;FMR1;SAA2;CCKAR;MCTP2;MCTP1;SEPTIN1
prerank,Reactome_2022__Regulation Of PLK1 Activity At G2/M Transition R-HSA-2565942,0.39426358279715146,1.5392404150613626,0.016091954022988506,0.09791845673856427,1.0,10/47,13.24%,PAFAH1B1;PRKCA;YWHAG;DYNLL1;CEP250;TUBA1A;PPP1CB;TUBG1;DYNC1H1;CKAP5
prerank,WikiPathways_2024_Human__Orexin Receptor Pathway WP5094,0.39649089168688695,1.5391777521431693,0.018223234624145785,0.09773585373873495,1.0,16/49,13.71%,PRKCA;PRKCE;PRKCB;PRKCZ;TH;GRIA1;EIF4EBP1;MAPK1;MAPK3;MAPK9;MAPK8;FSHB;LHB;GNAS;GNAQ;GNA11
prerank,WikiPathways_2024_Human__DNA Damage Response Only ATM Dependent WP710,-0.39141130748123243,-1.5386634122240659,0.020168067226890758,0.07682187819572134,1.0,37/63,25.78%,BAX;BAK1;PPP2R5C;PCK2;RAC2;RHOA;SCP2;PIK3CG;PIK3C2B;PIK3C2G;PIK3CD;PIK3CB;PIK3C2A;CCND3;CCND1;CCND2;CCNG2;WNT7A;WNT7B;WNT5A;WNT2B;WNT4;WNT5B;WNT11;WNT3A;WNT10A;WNT2;WNT10B;CDC42;WNT6;MAP3K4;RBL2;PDK1;NFKB2;NFKB1;PIK3CA;CAT
prerank,GO_Biological_Process_2025__Protein Autoubiquitination (GO:0051865),0.4945268191594385,1.5383606952810052,0.03456221198156682,0.09816722230742704,1.0,12/21,31.58%,SH3RF3;SH3RF2;UBE2B;STUB1;SH3RF1;RNF185;RNF146;CNOT4;TRAF6;MARCHF5;RNF41;NFX1
prerank,WikiPathways_2024_Human__Melatonin Metabolism And Effects WP3298,-0.527893050867738,-1.5380755211932442,0.03501945525291829,0.077030922256815,1.0,7/18,10.07%,PER2;PER1;PER3;ECE1;ACHE;SULT1A1;MAOA
prerank,GO_Biological_Process_2025__Protein Targeting to Mitochondrion (GO:0006626),0.39919905899719416,1.5379589132223455,0.011848341232227487,0.09814852419838911,1.0,30/47,34.61%,TOMM40;TOMM40L;TIMM13;IMMP2L;PITRM1;TOMM70;TIMM17A;TIMM17B;DNLZ;TIMM22;AIFM1;FIS1;IMMP1L;NDUFA13;HSPD1;MIPEP;TOMM20L;TOMM20;TIMM8B;TOMM34;TIMM23B;TIMM23;MTX2;TIMM21;TSPO;MFF;SAMM50;PMPCB;TIMM50;TOMM22
prerank,GO_Biological_Process_2025__Positive Regulation of Cytokine Production (GO:0001819),-0.3569585260382168,-1.5373703484236525,0.004672897196261682,0.07727451532099909,1.0,31/109,17.48%,GATA3;CHI3L1;CHIA;AGXT;C3;C5;LPL;RUNX1;SCAMP5;ARHGEF2;STING1;SPHK2;SPHK1;TWIST1;SOD1;SLC7A5;HIF1A;AGPAT1;AGPAT2;SULF2;SULF1;MYD88;ANXA1;HTR2B;CASP1;PYCARD;PIK3CG;LAMTOR5;ROCK2;FZD5;WNT5A
prerank,WikiPathways_2024_Human__Pre Implantation Embryo WP3527,-0.4537614610611001,-1.5368110566174316,0.02127659574468085,0.07742757526022147,1.0,9/30,13.76%,GATA2;GATA3;SOX8;SOX2;SOX11;SIX3;BARX2;AQP9;AQP3
prerank,WikiPathways_2024_Human__Axon Guidance WP5289,0.439682577155269,1.5361912518291554,0.023454157782515993,0.09926782986029363,1.0,11/31,14.00%,PRKCA;PRKCZ;LRIG2;NTN3;EFNB1;EFNA1;MAPK1;ENAH;RRAS;NCK1;ARHGEF12
prerank,GO_Biological_Process_2025__Vascular Transport (GO:0010232),-0.38767642380568323,-1.5359879916047543,0.012152777777777778,0.07783104881360271,1.0,26/64,12.15%,SLC16A7;SLC16A2;SLC16A12;SLC16A1;SLC2A13;SLC2A3;SLC2A4;SLC2A1;SLC2A10;ABCC2;ABCC4;ABCC5;ABCC3;ABCC1;ABCC9;SLC27A1;SLC27A4;SLC13A3;SLC7A3;SLC7A1;SLC7A8;SLC7A5;SLCO2B1;SLCO3A1;SLCO1C1;SLC38A3
prerank,Reactome_2022__Prefoldin Mediated Transfer Of Substrate To CCT/TriC R-HSA-389957,0.48413697204071177,1.535791919251113,0.028017241379310345,0.09930691110029177,1.0,5/21,8.47%,TUBA1C;TUBA1A;TUBA3C;TUBA3D;PFDN6
prerank,KEGG_2021_Human__Vitamin digestion and absorption,-0.5312830134318357,-1.5343914095777043,0.03888888888888889,0.07867827630958735,1.0,12/17,23.97%,SCARB1;PNLIP;ABCC1;SLC46A1;AWAT2;SLC19A2;SLC19A1;SLC19A3;SLC23A1;CUBN;PLB1;SLC5A6
prerank,GO_Biological_Process_2025__Regulation of Erythrocyte Differentiation (GO:0045646),-0.49259936103205054,-1.5336254523349147,0.026415094339622643,0.07898893000798425,1.0,10/22,26.61%,GATA1;HSPA9;P4HTM;HIF1A;ANKRD54;STAT5B;ZFP36;ZFPM1;ACVR2A;ACVR1B
prerank,GO_Biological_Process_2025__Proteoglycan Biosynthetic Process (GO:0030166),0.4463539524012248,1.53359321826234,0.026373626373626374,0.10049867588924503,1.0,8/28,14.43%,EXT2;EXTL1;HS3ST3B1;NDST3;CHST1;CHST6;CHST5;CHST2
prerank,GO_Biological_Process_2025__Memory (GO:0007613),0.4500082680634352,1.5330915602257107,0.02097902097902098,0.10066709480146924,1.0,8/28,9.62%,CALB1;TH;CPEB3;SYT12;EIF4EBP2;APP;LDLR;PPP3CB
prerank,KEGG_2021_Human__Taste transduction,0.46937807663991726,1.532802371742991,0.024229074889867842,0.10062065386130613,1.0,12/25,17.67%,KCNK5;HCN4;GABBR1;GABBR2;HTR1E;HTR1F;HTR1B;GNAT3;PLCB4;PLCB3;PLCB1;PLCB2
prerank,KEGG_2021_Human__Inositol phosphate metabolism,0.3709246693523787,1.5315886752459265,0.004796163069544364,0.10123024132515357,1.0,30/65,18.60%,INPP5A;SYNJ1;INPP5D;INPP5K;INPP5F;INPP5J;OCRL;SYNJ2;CDIPT;INPPL1;ITPKC;ITPKA;ITPKB;PI4KA;PLCB4;PTEN;PLCB3;PLCD4;PLCZ1;PLCH2;PLCB1;PLCH1;PLCD3;PLCB2;PLCG1;PLCE1;PLCG2;PLCD1;PIP4K2A;PIK3C3
prerank,GO_Biological_Process_2025__Protein Localization to Plasma Membrane (GO:0072659),0.3633197453073813,1.5305618077188161,0.009302325581395349,0.10169089451557033,1.0,23/70,18.95%,ANK1;PRKCZ;PRKCI;KCNIP4;KCNIP3;STXBP1;INPP5K;EHD2;EHD3;PKP2;PKP3;JUP;SPTBN1;EFR3B;EFR3A;ZDHHC23;NKD2;ZDHHC7;ZDHHC4;ZDHHC2;DPP10;DPP6;CCDC88A
prerank,KEGG_2021_Human__ErbB signaling pathway,0.4043329847768657,1.5305500818694373,0.036855036855036855,0.101471852229505,1.0,13/41,12.15%,PRKCA;PRKCB;PRKCG;EGF;EIF4EBP1;MAPK1;GRB2;NCK2;NCK1;MAPK10;MAPK3;MAPK9;MAPK8
prerank,Reactome_2022__Amino Acid Transport Across Plasma Membrane R-HSA-352230,-0.49165460837049935,-1.5295179487922532,0.04621072088724584,0.08135914273805828,1.0,14/22,12.15%,SLC16A10;SLC3A2;SLC3A1;SLC7A3;SLC7A9;SLC7A11;SLC7A7;SLC7A1;SLC7A6;SLC7A8;SLC7A10;SLC7A5;SLC38A4;SLC38A3
prerank,GO_Biological_Process_2025__Regulation of mRNA Catabolic Process (GO:0061013),0.4323510845147484,1.5282938657574847,0.03225806451612903,0.10277146884884686,1.0,15/34,28.91%,PRKCA;KHSRP;PCBP4;SERBP1;PKP3;PKP1;PUM1;PUM2;CNOT7;CNOT8;ZC3H12A;ZC3H14;FXR1;FMR1;FXR2
prerank,GO_Biological_Process_2025__Negative Regulation of Cellular Response to Insulin Stimulus (GO:1900077),0.4773926435444344,1.527325076186844,0.016129032258064516,0.1030219476973695,1.0,8/20,18.32%,PRKCB;PRKCZ;INPP5K;IRS1;NCK1;TNS2;PIP4K2A;MAPKAP1
prerank,GO_Biological_Process_2025__Negative Regulation of Insulin Receptor Signaling Pathway (GO:0046627),0.4773926435444344,1.527325076186844,0.016129032258064516,0.1030219476973695,1.0,8/20,18.32%,PRKCB;PRKCZ;INPP5K;IRS1;NCK1;TNS2;PIP4K2A;MAPKAP1
prerank,KEGG_2021_Human__Phospholipase D signaling pathway,0.36273302697171494,1.5271202221154312,0.011111111111111112,0.10295636514969438,1.0,29/72,17.72%,PRKCA;EGF;DGKQ;DGKI;DGKG;DGKZ;DGKD;DGKH;DGKK;DGKA;DGKE;DGKB;ADCY3;GRM3;GRM2;MAPK1;GRB2;RRAS;MAPK3;GNAS;GNA13;PLCB4;PDGFB;PDGFA;PLCB3;PLCB1;PLCB2;PLCG1;PLCG2
prerank,"GO_Molecular_Function_2025__3',5'-cyclic-GMP Phosphodiesterase Activity (GO:0047555)",-0.5087417266648726,-1.5263570548271757,0.04725897920604915,0.08282727371118008,1.0,16/18,32.80%,PDE3A;PDE5A;PDE4D;PDE7B;PDE4A;PDE1B;PDE11A;PDE7A;PDE1C;PDE6A;PDE8B;PDE3B;PDE8A;PDE6B;PDE6C;PDE4C
prerank,"GO_Molecular_Function_2025__3',5'-cyclic-AMP Phosphodiesterase Activity (GO:0004115)",-0.5087417266648726,-1.5263570548271757,0.04725897920604915,0.08282727371118008,1.0,16/18,32.80%,PDE3A;PDE5A;PDE4D;PDE7B;PDE4A;PDE1B;PDE11A;PDE7A;PDE1C;PDE6A;PDE8B;PDE3B;PDE8A;PDE6B;PDE6C;PDE4C
prerank,"GO_Molecular_Function_2025__3',5'-Cyclic-Nucleotide Phosphodiesterase Activity (GO:0004114)",-0.5087417266648726,-1.5263570548271757,0.04725897920604915,0.08282727371118008,1.0,16/18,32.80%,PDE3A;PDE5A;PDE4D;PDE7B;PDE4A;PDE1B;PDE11A;PDE7A;PDE1C;PDE6A;PDE8B;PDE3B;PDE8A;PDE6B;PDE6C;PDE4C
prerank,GO_Biological_Process_2025__Negative Regulation of Transforming Growth Factor Beta Receptor Signaling Pathway (GO:0030512),0.38857820046585567,1.5263054303490304,0.017167381974248927,0.10332650845436252,1.0,14/48,9.77%,WFIKKN2;WFIKKN1;CIDEA;PMEPA1;LDLRAD4;SIRT1;STUB1;SNX25;MECOM;SMAD7;SPRED1;SPRED3;SPRED2;OGT
prerank,GO_Biological_Process_2025__Negative Regulation of TOR Signaling (GO:0032007),0.3945059387121982,1.5261854787029705,0.016166281755196306,0.10318731972127364,1.0,12/47,13.98%,PRKCA;PELI1;UBE2W;YWHAZ;YWHAG;SIRT1;BMAL1;MAPK3;NLK;TNFAIP8L1;UBE2N;TBC1D7
prerank,KEGG_2021_Human__Acute myeloid leukemia,-0.4359748001660012,-1.525701946194758,0.0216998191681736,0.08291853106707292,1.0,20/36,25.50%,PER2;ITGAM;BCL2A1;RUNX1;MAP2K1;MAP2K2;IKBKB;CHUK;PIK3CD;PIK3CB;CCNA1;CCNA2;CCND1;STAT5B;STAT5A;RPS6KB2;RPS6KB1;NFKB1;RELA;PIK3CA
prerank,WikiPathways_2024_Human__Acute Myeloid Leukemia WP5293,-0.4359748001660012,-1.525701946194758,0.0216998191681736,0.08291853106707292,1.0,20/36,25.50%,PER2;ITGAM;BCL2A1;RUNX1;MAP2K1;MAP2K2;IKBKB;CHUK;PIK3CD;PIK3CB;CCNA1;CCNA2;CCND1;STAT5B;STAT5A;RPS6KB2;RPS6KB1;NFKB1;RELA;PIK3CA
prerank,Reactome_2022__Metabolism Of Nucleotides R-HSA-15869,-0.3957735618753445,-1.5256654258067164,0.027210884353741496,0.08279477934792442,1.0,20/57,19.38%,ADSL;PUDP;GART;PFAS;DPYS;XDH;ATIC;HPRT1;PAICS;GDA;ENTPD6;ENTPD5;UPP1;UPP2;APRT;NT5C2;UPB1;ADK;AGXT2;ITPA
prerank,GO_Biological_Process_2025__Fat-Soluble Vitamin Metabolic Process (GO:0006775),-0.5177856952954518,-1.5250004732664786,0.03914590747330961,0.08308611827776963,1.0,3/16,1.40%,ALDH1A2;CYP4F2;CYP4F12
prerank,KEGG_2021_Human__Apelin signaling pathway,0.361483013334366,1.5247631156465307,0.013574660633484163,0.10396455039414082,1.0,39/72,31.26%,GNGT2;GNGT1;GNG5;GNG11;GNG10;PRKCE;ADCY3;MAPK1;SMAD4;RRAS;PPARGC1A;MAPK3;GNB5;GNAQ;GNA13;PLCB4;PLCB3;PLCB1;PLCB2;PIK3C3;PIK3R4;CALML4;SLC9A1;CALML5;KLF2;MTOR;MYL4;MYL3;NRF1;GNB1;GNB2;GNB3;GNB4;ITPR1;ITPR3;RYR2;ITPR2;RYR3;RYR1
prerank,Reactome_2022__Intracellular Signaling By Second Messengers R-HSA-9006925,-0.32990947131377035,-1.524663605343309,0.0,0.08315536454494724,1.0,52/166,16.63%,PSMD14;PSMD2;PSMA1;PSMD11;KLB;KL;PIP5K1A;PSMA4;PSMC4;PSMB1;PSMB4;PSMC3;PSMC1;PSMA7;PSMB9;PSMA8;PSMB6;PSMB5;PSMB11;PSMB8;PSMB7;PSMB10;PPP2R5C;PPP2R5D;PSMB2;PSMB3;PSMC6;PSMC5;PSMA3;PSMA2;FRS2;RAC2;PSMD7;TRIB3;MYD88;SLC38A9;PSMD8;PRKACB;PRKACG;CHUK;PSMA5;CASP9;PIK3CB;PSMD9;PSMD4;PSMC2;LAMTOR5;PSMD6;MTA1;MTA2;ADCY9;SUZ12
prerank,GO_Biological_Process_2025__Negative Regulation of Metabolic Process (GO:0009892),0.4097897123903512,1.5232989279543439,0.04308390022675737,0.10473112520919717,1.0,16/37,20.39%,LNPEP;LGR4;CIDEA;BMAL1;NOVA1;QKI;ADAM17;IP6K1;NR1D1;NR1H3;NR1H2;ZDHHC7;PLCL2;PLCL1;TRAP1;NPRL3
prerank,GO_Molecular_Function_2025__Histone Demethylase Activity (GO:0032452),0.5088730391097036,1.5224238873188258,0.052854122621564484,0.10508696208137926,1.0,9/17,26.89%,KDM1B;KDM4C;KDM4A;KDM4D;KDM4B;KDM5A;KDM5C;KDM5B;KDM5D
prerank,GO_Cellular_Component_2025__Tertiary Granule Lumen (GO:1904724),-0.4699300792807493,-1.5224082792294997,0.03460207612456748,0.08436700409977978,1.0,10/25,12.44%,CHIT1;HBB;PGLYRP1;QSOX1;QPCT;LYZ;PGM1;TIMP2;LTA4H;CTSD
prerank,GO_Cellular_Component_2025__Clathrin-Coated Endocytic Vesicle Membrane (GO:0030669),0.4565101654179954,1.5219987099166112,0.02832244008714597,0.10517023282060563,1.0,8/25,6.60%,LDLRAP1;SLC18A3;KIAA0319;SH3GL2;EGF;AP2A2;AP2A1;LDLR
prerank,GO_Biological_Process_2025__Development of Primary Male Sexual Characteristics (GO:0046546),-0.44050551650683445,-1.5206706081191546,0.033101045296167246,0.08526976167281601,1.0,14/32,20.71%,AKR1C3;GATA1;GATA6;GATA3;SOX9;SOX15;SOX8;SIX4;PRKACG;WNT5A;WNT2B;WNT4;LRP2;DNAAF11
prerank,GO_Biological_Process_2025__Cytoskeleton Organization (GO:0007010),0.3812814886663922,1.5201626858494233,0.015765765765765764,0.10631079608262856,1.0,16/56,19.03%,ANK1;PRKCI;PDZD8;SH3D19;NCKIPSD;TPM1;SIPA1L3;SIPA1;CNN2;LRCH3;KLHL20;STRIP1;STRIP2;RICTOR;MAPKAP1;CDC42BPB
prerank,GO_Biological_Process_2025__Negative Regulation of Cold-Induced Thermogenesis (GO:0120163),0.43726188006310046,1.519714539443356,0.04121475054229935,0.1064175881867708,1.0,14/29,20.39%,LNPEP;LGR4;CIDEA;BMAL1;NOVA1;QKI;ADAM17;IP6K1;NR1D1;NR1H3;NR1H2;PLCL2;PLCL1;NPRL3
prerank,GO_Cellular_Component_2025__Ribosome (GO:0005840),-0.4326197698389177,-1.5171476015230982,0.029684601113172542,0.08733617642562777,1.0,24/37,33.66%,DNAJC21;RPS7;RPS28;RPS26;RPS17;RPS18;RPL23;RPS5;RPL15;RPL7A;RPS29;RPL13A;RPS9;RPS11;SERP1;RPS3;RPL9;SF1;RPS25;RPL27;RRBP1;RPS23;RPS4X;RPS4Y1
prerank,GO_Biological_Process_2025__Positive Regulation of Cholesterol Transport (GO:0032376),-0.5429489071899705,-1.5159204052930928,0.04448742746615087,0.08800181220030985,1.0,7/15,8.05%,CES1;LIPG;ABCA5;ABCA7;ABCA8;ABCA13;ABCA3
prerank,Reactome_2022__HIV Infection R-HSA-162906,-0.32283829594862606,-1.5159092112346049,0.00473186119873817,0.08785837880144381,1.0,56/182,24.02%,PSMD14;PSMD2;PSMA1;SEH1L;PSMD11;PSMA4;PSMC4;PSMB1;PSMB4;PSMC3;PSMC1;PSMA7;PSMB9;PSMA8;PSMB6;PSMB5;PSMB11;PSMB8;PSMB7;PSMB10;PSMB2;PSMB3;NELFCD;PSMC6;PSMC5;PSMA3;XRCC6;VPS4A;PSMA2;PSMD7;NUP85;PSMD8;SEC13;PSMA5;FEN1;PSMD9;PSMD4;PSMC2;PSMD6;AP1G1;NUP210;GTF2A1;NUP93;ELL;GTF2H1;NUP43;ERCC2;NDC1;NUP133;PPIA;NUP205;CUL5;PSMD13;NUP50;POLR2C;VPS4B
prerank,GO_Biological_Process_2025__Signal Transduction by P53 Class Mediator (GO:0072331),-0.4683771911154057,-1.515526294077064,0.044444444444444446,0.08790941575987518,1.0,12/25,24.91%,BOK;KAT5;MYO6;PPP2R5C;RPL26;CASP6;PYCARD;CASP2;PPP1R13B;TP53BP2;RPS6KA6;PDK2
prerank,GO_Biological_Process_2025__Nervous System Development (GO:0007399),0.3032931236384525,1.515269404931048,0.005434782608695652,0.10945727401116664,1.0,68/208,18.70%,FEZ2;STMN3;NUMBL;HPCAL4;NPAS2;ARNT2;SNTG2;LSAMP;SPOCK2;SPOCK1;SH3GL3;SH3GL2;LGI1;GRIK1;MBNL1;APP;APLP1;APLP2;GBA2;PLXNB2;PLXNB1;PLXNB3;PLXND1;PLXNC1;NF1;APAF1;NRXN2;IGF2BP2;IGF2BP1;IGF2BP3;EFNA5;EFNB3;ITM2B;MAB21L2;PROX1;BTBD3;BTBD6;BTBD2;EVL;SH3GL1;SPTBN1;KIRREL3;FTSJ1;NEUROD2;NEUROG3;NEUROG1;ATOH1;NEUROD1;TAGLN3;RBFOX3;RBFOX1;RBFOX2;MSI2;TMOD2;CELSR1;PTEN;ZDHHC2;FUZ;GFRA1;GFRAL;GFRA3;GFRA4;GFRA2;ADAM23;NDUFS2;APBA1;APBA2;SDCBP2
prerank,GO_Biological_Process_2025__Ubiquitin-Dependent Protein Catabolic Process (GO:0006511),-0.31385417152990625,-1.515128625813365,0.0,0.08800830217936267,1.0,60/233,16.64%,PSMD14;PSMD2;PSMA1;PSMD1;PSMD11;KAT5;PSMA4;PSMC4;PLAA;PSMB1;ZNRF2;PSMB4;PSMC3;PSMC1;PSMA7;PSMB9;PSMA8;PSMB6;PSMB5;PSMB11;PSMB8;PSMB7;PSMB10;PPP2R5C;RNF139;PSMB2;PSMB3;RNF150;MIB1;PSMC6;DNAJB2;PSMC5;PSMA3;PEX10;VCP;VPS4A;PSMA2;SYVN1;RNF145;PSMD7;COPS3;UBXN1;TOM1L1;PSMD8;FBXL19;WDR26;UBL7;UBQLNL;UBQLN2;UBQLN4;UBQLN3;PSMA5;CARD16;PSMD9;PSMD4;PSMC2;PSMD6;MTA1;SPSB3;UBE2G2
prerank,GO_Molecular_Function_2025__Serine-Type Endopeptidase Activity (GO:0004252),-0.38398256227148697,-1.5143256740650277,0.010619469026548672,0.08841924777696265,1.0,21/65,19.95%,TPSAB1;TPSB2;TPSG1;TPSD1;PCSK6;PCSK4;PCSK9;CTSV;GZMK;GZMA;HABP2;DPP4;UBAC2;PROZ;SEC11C;SEC11A;PRSS36;PRSS53;GLMN;TLL1;PARL
prerank,Reactome_2022__RHOU GTPase Cycle R-HSA-9013420,0.47488342087475355,1.5139421093672905,0.03111111111111111,0.11022147834344581,1.0,7/22,11.46%,PKN1;PKN2;ITSN2;GRB2;NCK2;NCK1;SPTBN1
prerank,GO_Biological_Process_2025__Macromolecule Methylation (GO:0043414),0.475979586072546,1.5138248505268124,0.0368763557483731,0.11007983571268642,1.0,10/21,25.75%,FTSJ3;GSPT1;METTL22;ETF1;PRMT8;MEPCE;HENMT1;LCMT1;FAM98A;FAM98B
prerank,Reactome_2022__Downregulation Of SMAD2/3:SMAD4 Transcriptional Activity R-HSA-2173795,0.49423083124627604,1.5131710498575708,0.05274725274725275,0.11037598995000476,1.0,8/17,22.71%,PARP1;MAPK1;SMAD7;SMAD4;MAPK3;TGIF2;TGIF1;RNF111
prerank,GO_Biological_Process_2025__Negative Regulation of TORC1 Signaling (GO:1904262),0.4259122118306651,1.512919698413255,0.024943310657596373,0.11030137179194546,1.0,9/32,13.98%,PRKCA;PELI1;UBE2W;YWHAZ;YWHAG;MAPK3;NLK;UBE2N;TBC1D7
prerank,GO_Cellular_Component_2025__Polymeric Cytoskeletal Fiber (GO:0099513),0.3248504653108718,1.5125843158675676,0.005291005291005291,0.11032936319769387,1.0,43/118,22.75%,MX2;PKN1;RTN2;NCKIPSD;TUBA1C;TUBA1B;TUBA3E;TUBA1A;TUBA3C;TUBA3D;SYNJ1;KIF3A;TPPP;TPPP3;TPPP2;PNN;CCDC66;KATNB1;PKP2;PKP1;DYNC2H1;TPM3;TPM4;TPM1;TPM2;CLIP1;DYNC1H1;KIF3C;KIF3B;TMOD1;LMOD1;DPP9;CCT4;LRPPRC;GAS2L1;PLS1;PLS3;TLK2;RCSD1;KIF24;KIF2C;MAPRE1;TBCC
prerank,Reactome_2022__Sulfur Amino Acid Metabolism R-HSA-1614635,-0.5174996391686774,-1.5120175976887456,0.039711191335740074,0.08983848961327877,1.0,10/18,24.09%,GOT2;SQOR;SUOX;MTAP;ADI1;APIP;MRI1;CSAD;ETHE1;AHCY
prerank,GO_Biological_Process_2025__Phospholipid Transport (GO:0015914),-0.4272357727710048,-1.5111370250181184,0.02782608695652174,0.09027574222554985,1.0,10/40,8.12%,SCARB1;SCARB2;ABCC1;MTTP;NPC2;ABCA7;ABCA3;ABCA4;ABCA12;ABCG1
prerank,"KEGG_2021_Human__Growth hormone synthesis, secretion and action",0.3473933741064661,1.5109589643844294,0.02278481012658228,0.11133052971714329,1.0,25/75,17.72%,PRKCA;PRKCB;PRKCG;SSTR2;ADCY3;MAPK1;GRB2;IRS2;IRS1;IRS4;MAPK10;MAPK13;MAPK3;MAPK12;MAPK9;MAPK8;GNAS;GNAQ;GNA11;PLCB4;PLCB3;PLCB1;PLCB2;PLCG1;PLCG2
prerank,GO_Biological_Process_2025__Positive Regulation of Mitotic Cell Cycle (GO:0045931),0.5027017285443542,1.5109122687069911,0.039045553145336226,0.11113118835658886,1.0,4/17,3.86%,PRKCA;PKN2;EIF4E;EIF4EBP1
prerank,GO_Biological_Process_2025__Cartilage Development (GO:0051216),-0.4624886487650458,-1.5096571461304111,0.04063604240282685,0.09105769947640505,1.0,11/26,17.58%,CHI3L1;RUNX1;SOX9;SOX6;SOX5;SULF2;SULF1;WNT7A;WNT2B;WNT5B;WNT10B
prerank,GO_Molecular_Function_2025__Single-Stranded DNA Binding (GO:0003697),0.37140436924712067,1.509572881677382,0.01126126126126126,0.11187351502648017,1.0,12/56,16.02%,XPC;POLR1B;PCBP2;FUBP3;PCBP1;FUBP1;POLR1A;CDC45;PURA;PURB;SSBP2;NABP1
prerank,GO_Biological_Process_2025__Male Gonad Development (GO:0008584),-0.43888785373303707,-1.5094670006602258,0.038869257950530034,0.09102444781371542,1.0,14/32,20.71%,AKR1C3;GATA1;GATA6;GATA3;SOX9;SOX15;SOX8;SIX4;PRKACG;WNT5A;WNT2B;WNT4;LRP2;DNAAF11
prerank,WikiPathways_2024_Human__Heart Development WP1591,0.49496895227233634,1.5089654588177308,0.04477611940298507,0.11206309314149203,1.0,15/18,30.68%,SMYD1;MAPK1;SMAD4;TBX2;TBX5;TBX20;TBX1;HAND1;HAND2;ISL1;BHLHE40;HEY1;HEY2;NKX2-5;FOXA2
prerank,GO_Biological_Process_2025__Regulation of Protein Transport (GO:0051223),0.5240622138508098,1.507568007786186,0.05091649694501019,0.1128050616112098,1.0,7/15,21.41%,ATP13A2;RHBDF2;RHBDF1;NDFIP1;NDFIP2;GAPVD1;SIRT6
prerank,Reactome_2022__RHOQ GTPase Cycle R-HSA-9013406,0.4602343805125084,1.5070368081432377,0.0447427293064877,0.11294961467895816,1.0,8/24,13.01%,PKN1;PKN2;ITSN1;FNBP1;TRIP10;JUP;SLC4A7;STOM
prerank,GO_Biological_Process_2025__Regulation of Cholesterol Transport (GO:0032374),-0.5355520874966568,-1.5059442224744208,0.05054151624548736,0.09318102539668256,1.0,6/15,8.06%,LIPG;YJEFN3;NAXE;ABCA5;ABCA8;ABCA2
prerank,Reactome_2022__Transport Of Small Molecules R-HSA-382551,-0.29051842114307597,-1.5055167653959611,0.0,0.09332799193171118,1.0,140/487,13.92%,PSMD14;P4HB;CES3;SCARB1;PSMD2;CLIC2;PSMA1;SLC16A10;SLC16A8;SLC16A7;SLC16A2;SLC16A1;SLC16A3;SLC26A11;PCSK6;PCSK9;SLC15A3;TTYH2;TTYH1;TTYH3;PSMD11;SLC2A13;SLC2A7;SLC2A11;SLC2A14;SLC2A3;SLC2A12;SLC2A4;SLC2A8;SLC2A1;SLC2A9;SLC2A6;SLC2A2;SLC2A10;CYB5R2;PSMA4;PSMC4;LPL;LIPG;LIPC;CYGB;HBA1;MB;PSMB1;SLC3A2;SLC3A1;ABCC2;ABCC10;ABCC4;ABCC5;ABCC3;ABCC1;ABCC9;ABCC6;CFTR;ABCC11;SLC46A1;PSMB4;RUNX1;PSMC3;SLC29A3;PSMC1;NPC2;SLC27A1;SLC27A6;SLC27A4;PSMA7;PSMB9;PSMA8;PSMB6;PSMB5;PSMB11;PSMB8;PSMB7;PSMB10;PSMB2;PSMB3;ABCA5;ABCA6;ABCA7;ABCA8;ABCA9;ABCA3;ABCA2;ABCA4;ABCA10;ABCA12;ABCG8;ABCG1;ABCG4;PSMC6;PSMC5;PSMA3;VCP;SLC39A7;SLC13A3;SLC13A5;SLC13A1;SLC13A2;SLC13A4;SLC7A3;SLC7A9;SLC7A11;SLC7A7;SLC7A1;SLC7A6;SLC7A8;SLC7A10;SLC7A5;PSMA2;SLC30A7;PSMD7;RAB11A;SLCO2B1;SLCO2A1;SLCO3A1;SLCO1B3;SLCO1C1;SLCO1B1;TUSC3;MAGT1;SLC38A4;SLC38A3;PSMD8;TRPC5;TRPC4;TRPC1;PRKACB;PRKACG;AQP7;AQP2;AQP5;AQP8;AQP4;AQP9;AQP3;AQP10;AQP6;SLC35B4;PSMA5
prerank,GO_Molecular_Function_2025__Histone H3 Demethylase Activity (GO:0141052),0.47372238342651285,1.5055162896991305,0.045064377682403435,0.11401012721927106,1.0,10/21,26.89%,KDM8;KDM4C;KDM4A;KDM4D;KDM4B;KDM5C;KDM4E;KDM4F;KDM5B;KDM5D
prerank,GO_Cellular_Component_2025__Cell-Cell Junction (GO:0005911),0.3177508618626833,1.5053727050200938,0.0,0.11387787315098724,1.0,49/140,21.12%,PKN1;PKN2;PRKCZ;PRKCI;KIAA1210;CTNNA1;CTNNA2;PNN;PERP;TMEM47;NOL6;SMAD7;LIN7A;PKP2;CTNND1;PKP3;PKP1;JUP;MICALL1;ADAM17;TENM2;SORBS1;KIRREL1;KIRREL2;KIRREL3;NPHS2;CNN2;TMOD3;STX3;NPHS1;MAPK15;FAT2;FAT1;PDLIM2;PDLIM5;PDLIM1;PRICKLE4;PDLIM7;SDCBP;TRPV4;CDC42BPB;CYTH3;MPP2;MPP3;MPP7;PALS2;MPP4;PATJ;PALS1
prerank,Reactome_2022__Cellular Response To Starvation R-HSA-9711097,-0.34405680166532254,-1.5042376803794006,0.0032626427406199023,0.09397266639859678,1.0,57/118,28.01%,SEH1L;RPS7;RPL8;RPL26L1;RPL26;RPS28;TRIB3;RPS8;RPS16;RPL27A;RPL35;RPL30;SLC38A9;RPLP2;SEC13;RPS17;RPS24;WDR24;RPL23;RPL7;RPL18;RPS15;LAMTOR5;RPS6;RPS5;RPL19;RPL11;RPL29;RPS14;RPL15;RPL7A;RPS15A;RRAGC;RRAGD;RPL31;RPS29;RPL13A;LAMTOR4;RPLP0;RPL18A;RPS9;RPS11;RPL14;RPL12;RPS21;ATP6V1F;RPS3;RPL9;EIF2S2;RPL6;RPSA;RPL4;FAU;WDR59;RPS12;RPS25;RPLP1
prerank,Reactome_2022__RNA Polymerase I Promoter Escape R-HSA-73772,0.45841663101438423,1.5042349493850051,0.03480278422273782,0.11451885671757474,1.0,8/24,14.26%,POLR2K;POLR1B;POLR1A;POLR1D;RRN3;POLR1E;H2AZ1;H2AZ2
prerank,Reactome_2022__Post-translational Protein Phosphorylation R-HSA-8957275,-0.44246839733734805,-1.5038588589918307,0.037300177619893425,0.09408118650940744,1.0,14/32,13.91%,P4HB;PCSK9;C3;C4A;DNAJC3;QSOX1;RCN1;PDIA6;HSP90B1;PRKCSH;FAM20C;FAM20A;SGPP2;NUCB1
prerank,GO_Molecular_Function_2025__D-mannose Binding (GO:0005537),0.5126121202570797,1.5036968491833669,0.05542725173210162,0.11464001809664048,1.0,11/15,28.61%,CLEC6A;CLEC4D;ASGR2;CLEC17A;CLEC4M;CLEC10A;CD207;ASGR1;CLEC4G;CLEC4A;CD209
prerank,GO_Biological_Process_2025__'De Novo' Post-Translational Protein Folding (GO:0051084),-0.4390721106842854,-1.5028572841199563,0.035842293906810034,0.09455792874866134,1.0,11/31,14.08%,ERO1A;DNAJC7;HSPA9;DNAJB5;DNAJB12;DNAJB1;DNAJB14;SDF2L1;DNAJB4;ENTPD5;HSPA5
prerank,WikiPathways_2024_Human__Phosphodiesterases In Neuronal Function WP4222,0.41741577305893285,1.5026517967180582,0.03139013452914798,0.11527676954712272,1.0,9/34,14.18%,GRIA1;GRIN2B;GRIN2A;GRIN2D;GRIN2C;ADCY3;GUCY1B1;PDE4B;PDE6D
prerank,GO_Biological_Process_2025__Synaptic Vesicle Endocytosis (GO:0048488),0.5131293965224177,1.5025506539036608,0.05399568034557235,0.11510819243985324,1.0,5/15,4.26%,MX2;SYNJ1;SYNJ2;ITSN2;ITSN1
prerank,GO_Biological_Process_2025__Establishment of Protein Localization to Mitochondrial Membrane (GO:0090151),0.48017971183370806,1.5019777967402892,0.038135593220338986,0.11534546195192787,1.0,11/19,34.61%,TOMM40;TIMM13;TOMM70;TIMM22;NDUFA13;TOMM20;TIMM8B;MAIP1;MTX2;SAMM50;TOMM22
prerank,Reactome_2022__Nervous System Development R-HSA-9675108,-0.30426865213885257,-1.501344452007018,0.0015600624024961,0.09530980478844497,1.0,136/311,28.01%,PSMD14;PSMD2;PSMA1;ITGAV;ITGA2;ITGA9;ITGA10;ITGA5;ITGA1;ITGA2B;PSMD11;PSMA4;PSMC4;PSMB1;PSMB4;PSMC3;PSMC1;MAP2K1;MAP2K2;PSMA7;PSMB9;PSMA8;PSMB6;PSMB5;PSMB11;PSMB8;PSMB7;PSMB10;RPS7;PSMB2;PSMB3;SOX10;PSMC6;PSMC5;PSMA3;RPL8;PSMA2;DOK2;DOK6;DOK4;FRS2;DOK1;DOK5;PSEN2;PSEN1;RPL26L1;RPL26;RPS28;PSMD7;RPS8;PXMP2;RPS16;ITGB1;RPL27A;RPL35;RPL30;RPLP2;RHOA;RHOC;RHOB;PSMD8;TRPC5;TRPC4;TRPC1;RPS17;PLPPR3;RPS24;PRKACB;PRKACG;PSMA5;RPL23;RPL7;RPL18;PIK3CB;PSMD9;GPC1;PSMD4;PSMC2;RPS15;PSMD6;ROCK1;ROCK2;SCD5;ACTR3;RPS6;RPS5;HDAC2;CDC42;RPL19;RPL11;CAP1;RPL29;RPS14;RPL15;RPL7A;VLDLR;RPS15A;RPL31;RPS29;RPS6KA4;RPS6KA5;RPS6KA6;RPS6KA1;RPS6KA2;RPS6KA3;RPL13A;ITGB3;RPLP0;PSMD13;RPL18A;RPS9;RPS11;RPL14;GAB2;MYL9;RPL12;RPS21;RDX;MSN;EZR;PIK3CA;RPS3;RPL9;APH1A;APH1B;UPF3A;UPF3B;RPL6;RPSA;RPL4;FAU;RPS12;SHC1;SHC3;RPS25;RPLP1
prerank,GO_Biological_Process_2025__RNA Metabolic Process (GO:0016070),0.4085480920893011,1.5013243791009798,0.028888888888888888,0.11561179008364916,1.0,19/38,35.28%,HEATR1;KHSRP;PCBP2;PCBP3;MTREX;DTD1;RBFOX2;WDR74;DDX54;DDX24;MEPCE;RNASET2;BCDIN3D;NCBP1;EXOSC5;PPP1R8;FASTKD1;MYG1;EXOSC7
prerank,GO_Molecular_Function_2025__L-amino Acid Transmembrane Transporter Activity (GO:0015179),0.40424889739589553,1.5010426262523306,0.016666666666666666,0.11561418112121755,1.0,15/38,7.25%,SLC7A2;SLC7A13;SLC36A2;SLC38A5;SLC36A1;SLC38A7;SLC36A3;SLC38A8;SLC38A1;SLC36A4;SLC38A2;SLC17A6;SLC17A8;SLC17A7;SLC22A2
prerank,GO_Biological_Process_2025__Dendrite Morphogenesis (GO:0048813),0.503801962793243,1.5009242264906126,0.04411764705882353,0.11548771091278452,1.0,7/16,16.53%,MAPK8IP2;CTNNA2;PHACTR1;BTBD3;DIP2A;CELSR2;PTEN
prerank,GO_Cellular_Component_2025__Extracellular Membrane-Bounded Organelle (GO:0065010),0.4301917583839492,1.5002381128351716,0.04680851063829787,0.11580263092529319,1.0,6/30,3.28%,SLC12A2;SLC5A5;ATP2B3;ATP1A4;ATP1A2;GRIA4
prerank,GO_Biological_Process_2025__Polyol Metabolic Process (GO:0019751),0.5162891125550354,1.4996978321876753,0.04716981132075472,0.11604751973442691,1.0,7/16,14.15%,INPP5A;SYNJ1;INPP5J;OCRL;IP6K1;IP6K2;IP6K3
prerank,GO_Cellular_Component_2025__Sarcoplasmic Reticulum Membrane (GO:0033017),0.4626379455426302,1.4987915979023245,0.033632286995515695,0.11650180216455802,1.0,7/22,8.69%,NOS1AP;ATP2A2;ATP2A1;JPH3;JPH2;JPH1;JPH4
prerank,WikiPathways_2024_Human__ErbB Signaling WP673,0.39273989650938546,1.498519824191688,0.02,0.11648182002700984,1.0,13/43,12.15%,PRKCA;PRKCB;PRKCG;EGF;EIF4EBP1;MAPK1;GRB2;NCK2;NCK1;MAPK10;MAPK3;MAPK9;MAPK8
prerank,GO_Molecular_Function_2025__Receptor Ligand Activity (GO:0048018),-0.39838931164491836,-1.4975634802875148,0.02142857142857143,0.09774411319282526,1.0,22/49,21.16%,AGXT;C3;TOR2A;PGLYRP1;DPP4;WNT9B;WNT7A;WNT8B;WNT8A;WNT7B;WNT5A;WNT2B;WNT4;WNT5B;WNT11;WNT3A;WNT10A;WNT2;WNT9A;WNT10B;WNT6;PTRH2
prerank,GO_Biological_Process_2025__RNA Export From Nucleus (GO:0006405),0.3921306945195908,1.4974364776519609,0.02412280701754386,0.11708369905760806,1.0,12/45,15.70%,EIF4E;SMG6;UPF2;NOL6;SSB;NUP214;POM121C;NPAP1;POM121L2;NUP153;POM121;SMG5
prerank,Reactome_2022__Vesicle-mediated Transport R-HSA-5653656,0.2790947666253031,1.4971352380285843,0.0,0.11710126041973251,1.0,70/388,13.49%,PAFAH1B1;NSF;ANK1;LDLRAP1;DAB2;NAPG;HOMER2;SLC18A3;AMBP;KIAA0319;TBC1D16;LNPEP;SH3GL3;SH3D19;SH3GL2;ULK1;YWHAQ;YWHAH;YWHAB;YWHAZ;YWHAG;DYNLL1;DYNLL2;GRIA1;EGF;SYT12;SYNJ1;OCRL;SYNJ2;REPS1;ITSN2;ITSN1;EPS15;KIF3A;APP;AP2A2;AP2A1;VPS45;BICD2;BICD1;SNAP91;PICALM;GRK2;FNBP1L;FNBP1;TRIP10;ALPP;LDLR;GRB2;MAN1C1;MAN1A2;MAN1A1;TRAPPC10;RAB30;PPP6R1;PPP6R3;CLVS2;CLVS1;GALNT2;EXOC5;SH3GL1;SPTBN1;MADD;EPN1;EPN2;COG7;DYNC1H1;PUM1;KIF3C;KIF3B
prerank,GO_Biological_Process_2025__Negative Regulation of Actin Filament Bundle Assembly (GO:0032232),0.5031119870139298,1.495004568553354,0.05466970387243736,0.11854783050807564,1.0,3/17,4.09%,PKN2;STMN1;INPP5K
prerank,GO_Biological_Process_2025__Phosphatidylinositol-Mediated Signaling (GO:0048015),0.4631842446355564,1.494094602934059,0.053418803418803416,0.11902871344266441,1.0,15/22,21.87%,INPP5F;PI4KA;PLCB4;PLCB3;PLCH2;PLCB1;PLCH1;PLCL2;PLCB2;PLCL1;PLCG1;PLCE1;PLCG2;PIK3C3;PI4KB
prerank,GO_Molecular_Function_2025__Protein Tyrosine Phosphatase Activity (GO:0004725),-0.49546650550465804,-1.4934863391457944,0.044722719141323794,0.1005354863424251,1.0,12/20,27.15%,PGP;EYA2;EYA1;EYA4;EYA3;HACD2;MTMR7;MTMR3;MTMR6;ZNF367;PTPMT1;PPP2CA
prerank,"GO_Molecular_Function_2025__Phosphotransferase Activity, Alcohol Group as Acceptor (GO:0016773)",-0.37803628008245577,-1.4904126285415313,0.03502626970227671,0.10255653458105167,1.0,22/63,15.08%,PDXK;FGGY;KHK;XYLB;GALK2;PIP5K1A;NADK2;GLYCTK;GK;GK2;GK3;PKM;PKLR;SPHK2;SPHK1;PGM2L1;PANK4;FAM20A;NMRK1;NMRK2;NT5C2;PIK3C2G
prerank,GO_Cellular_Component_2025__Glutamatergic Synapse (GO:0098978),0.3905910383591725,1.4889600203115927,0.04326923076923077,0.12287846544968302,1.0,17/43,14.67%,NOS1AP;ATP2B3;SH3GL3;SH3GL2;YWHAZ;DYNLL2;ARHGAP39;CADPS2;DGKI;DGKZ;EFNB3;EFNB1;EFNB2;SLC4A8;SH3GL1;ATP2B4;STX4
prerank,GO_Biological_Process_2025__Positive Regulation of Cytokine-Mediated Signaling Pathway (GO:0001961),-0.5139306064346635,-1.4888190944020683,0.0637065637065637,0.10352716540464307,1.0,7/16,17.48%,STING1;HIF1A;AGPAT1;AGPAT2;CASP1;CASP4;WNT5A
prerank,GO_Biological_Process_2025__Microtubule Cytoskeleton Organization Involved in Mitosis (GO:1902850),0.43014344440281627,1.4876682050439056,0.04470588235294118,0.1236395793734135,1.0,14/29,24.01%,STMN1;TACC3;CCDC66;INTS13;TUBG1;DYNC1H1;CKAP5;KIF3B;RMDN1;KPNB1;SETD2;TNKS;BIRC5;SBDS
prerank,GO_Biological_Process_2025__Regulation of Telomere Maintenance (GO:0032204),0.4323781700167803,1.4871709985943928,0.046189376443418015,0.12380134052579955,1.0,14/29,32.00%,SMG6;EID3;MAPK1;MAPK3;MAPK15;SMG5;ATRX;YLPM1;USP7;SIRT6;KLF4;NVL;MRE11;PPP1R10
prerank,Reactome_2022__NRAGE Signals Death Thru JNK R-HSA-193648,0.5105651748848603,1.4866744269448937,0.047516198704103674,0.12400961426305622,1.0,7/16,14.02%,ITSN1;MAPK8;GNA13;ARHGEF11;ARHGEF12;ARHGEF18;ARHGEF3
prerank,GO_Cellular_Component_2025__Golgi Lumen (GO:0005796),-0.4206644762171236,-1.4866509417433535,0.03272727272727273,0.10493334747600165,1.0,20/37,26.04%,PCSK6;ERO1A;LALBA;BPNT2;GPC1;GPC6;GPC2;GPC4;PROZ;WNT7A;WNT7B;WNT5A;WNT4;WNT5B;WNT3A;MUC4;WNT6;MUCL1;GPC5;GPC3
prerank,GO_Biological_Process_2025__Negative Regulation of Neuron Projection Development (GO:0010977),0.4524131089538802,1.486494365505336,0.04157549234135667,0.12391225143519398,1.0,11/22,18.80%,STMN2;KIAA0319;SPOCK1;EFNB3;EFNB2;EFNA1;ITM2C;STX1B;CBFA2T2;PTEN;TRPV4
prerank,GO_Cellular_Component_2025__Tertiary Granule Membrane (GO:0070821),-0.4507609991589592,-1.4864261396711038,0.04247787610619469,0.10491681121608418,1.0,6/29,3.39%,GAA;MGAM;KCNAB2;ITGAX;ITGAM;SLC2A3
prerank,WikiPathways_2024_Human__Enterocyte Cholesterol Metabolism WP5333,-0.5025069332826387,-1.4843541931635924,0.059369202226345084,0.10623185368706216,1.0,6/18,8.11%,CD36;DGAT1;MTTP;FDPS;SLC27A4;ABCG8
prerank,GO_Biological_Process_2025__Phosphatidic Acid Biosynthetic Process (GO:0006654),0.4440014481347456,1.4842687014042064,0.02517162471395881,0.12549507548919211,1.0,10/27,5.96%,DGKQ;DGKI;DGKG;DGKZ;DGKD;DGKH;DGKK;DGKA;DGKE;DGKB
prerank,GO_Biological_Process_2025__Positive Regulation of Protein Localization to Plasma Membrane (GO:1903078),0.4451655661548366,1.4836242135157451,0.0547945205479452,0.12572329510190675,1.0,13/27,17.84%,PRKCE;PRKCH;PRKCI;ATP2C1;PKP1;SORBS1;SPTBN1;ATP2B4;STX3;STX4;NKD2;ZDHHC2;DPP10
prerank,GO_Biological_Process_2025__Protein O-linked Glycosylation (GO:0006493),-0.37980105716664053,-1.4836116228244511,0.017361111111111112,0.10657480471738283,1.0,13/61,11.87%,GALNT6;GALNT17;GALNT15;GALNTL6;GALNT11;GALNT9;GALNT8;GALNT12;GALNT10;GALNT14;GALNT3;GALNT5;GALNT18
prerank,Reactome_2022__TP53 Regulates Transcription Of Additional Cell Cycle Genes With Uncertain Roles In P53 Pathway R-HSA-6804115,0.5144137663975321,1.4814534629966216,0.06581740976645435,0.12722495281057686,1.0,8/15,29.97%,CNOT3;CNOT6L;CNOT6;NPM1;CNOT7;CNOT8;CNOT4;PLAGL1
prerank,GO_Biological_Process_2025__Purine Ribonucleotide Metabolic Process (GO:0009150),-0.42088268416413477,-1.4812851384276835,0.040421792618629174,0.10821677322254065,1.0,12/38,9.72%,SULT1A2;SULT2A1;SULT1B1;SULT1A3;SULT1A1;SULT1E1;SULT1C4;SULT1C3;SULT2B1;AK3;HPRT1;FIGNL1
prerank,WikiPathways_2024_Human__Renin Angiotensin Aldosterone System RAAS WP4756,0.4593896494004506,1.4807088055083817,0.04943820224719101,0.12755112233659283,1.0,20/23,36.84%,GNAQ;PLCB2;CALML4;CALML5;CREB3L2;ATF6B;CREB3L4;ATF1;CREB3;CREB3L3;CREB1;CREB3L1;ITPR1;ITPR3;ITPR2;CALM2;CALML6;CALML3;CALM3;CALM1
prerank,GO_Molecular_Function_2025__mRNA 3'-UTR AU-rich Region Binding (GO:0035925),0.5169438753362353,1.4802197410836022,0.08189655172413793,0.12767850561830613,1.0,4/15,10.84%,CPEB2;CPEB3;KHSRP;CPEB1
prerank,GO_Biological_Process_2025__Response to Retinoic Acid (GO:0032526),-0.4114201381911188,-1.480102907875442,0.04424778761061947,0.10891869099291562,1.0,17/40,20.76%,ALDH1A2;GATA6;SOX9;AQP3;WNT9B;WNT8B;WNT8A;WNT7B;WNT5A;WNT5B;WNT11;WNT3A;WNT2;WNT9A;WNT10B;RXRA;WNT6
prerank,GO_Biological_Process_2025__Ventricular Cardiac Muscle Tissue Morphogenesis (GO:0055010),0.48860098171493976,1.4799241013357096,0.058315334773218146,0.12766364617989195,1.0,12/17,31.22%,TNNI3;SMAD7;SMAD4;PKP2;PROX1;TPM1;TNNT2;HAND1;ISL1;MYL3;NKX2-5;RYR2
prerank,KEGG_2021_Human__FoxO signaling pathway,0.3515442530538497,1.4797408314638263,0.009732360097323601,0.12756485265226616,1.0,26/67,17.31%,HOMER2;EGF;SIRT1;MAPK1;GRB2;SMAD4;IRS2;IRS1;IRS4;FBXO25;FBXO32;BNIP3;G6PC3;G6PC1;G6PC2;MAPK10;MAPK13;MAPK3;MAPK12;MAPK9;MAPK8;NLK;PTEN;GADD45G;GADD45A;GADD45B
prerank,Reactome_2022__Transcriptional Activity Of SMAD2/SMAD3:SMAD4 Heterotrimer R-HSA-2173793,0.4311817066398445,1.4796361827838451,0.0407673860911271,0.12741791555684906,1.0,10/28,22.71%,MEN1;PARP1;MAPK1;SMAD7;SMAD4;MAPK3;YBX1;TGIF2;TGIF1;RNF111
prerank,GO_Molecular_Function_2025__Calcium-Dependent Phospholipid Binding (GO:0005544),-0.49661763062140757,-1.4793282609096832,0.0450281425891182,0.10930925595531073,1.0,11/20,13.18%,ANXA9;ANXA13;ANXA6;ANXA10;ANXA2;ANXA5;ANXA3;ANXA7;ANXA4;ANXA11;ANXA8L1
prerank,GO_Cellular_Component_2025__Cell-Cell Contact Zone (GO:0044291),0.47496291248459865,1.478942577614477,0.05668934240362812,0.12775592062770882,1.0,5/19,9.93%,PKN1;ATP2A2;YWHAH;PKP2;JUP
prerank,GO_Biological_Process_2025__Phospholipase C-activating G Protein-Coupled Receptor Signaling Pathway (GO:0007200),0.38874586990994864,1.478444089463972,0.027210884353741496,0.1279387879439528,1.0,32/43,34.71%,PRKCG;LHCGR;GRID1;DGKQ;GPR139;GNA14;GNA15;GNAQ;GNA11;PLCB4;PLCB3;PLCH2;PLCB2;PLCE1;GALR2;NMBR;EDNRA;GRPR;NMUR2;NMUR1;ESR1;PMPCB;CCKBR;CCKAR;AVPR1B;OPRM1;OPRD1;OPRL1;OPRK1;LTB4R;PTGER1;PTGER3
prerank,Reactome_2022__Signaling By Receptor Tyrosine Kinases R-HSA-9006934,0.2890463939337566,1.4781249882899292,0.0,0.12792795137957838,1.0,50/248,12.12%,ATP6V1A;PKN1;PRKCA;PRKCE;PRKCB;PKN2;PRKCZ;STMN1;RIT2;SPINT1;SPINT2;SH3GL3;SH3GL2;KCNH8;YWHAB;GRIN2B;EGF;POLR2K;EPS15;ATP6V0E1;ATP6V0E2;AP2A2;AP2A1;ATP6V1B2;CTNNA1;STUB1;PTBP1;ATP6V1E1;ATP6V1E2;MAPK1;GRB2;IRS2;IRS1;IRS4;SPRED1;SPRED2;TPH1;JUP;ADAM17;SH3GL1;NCF4;NCK2;NCK1;GRAP;GRAP2;EPN1;TNS4;MAPK13;MAPK3;MAPK12
prerank,GO_Molecular_Function_2025__Microtubule Binding (GO:0008017),0.3309874763242387,1.4779829849894395,0.00804289544235925,0.12778582977401753,1.0,45/98,29.02%,PAFAH1B1;MX2;TUBGCP6;KIF3A;TPPP;CCDC66;SPAST;KATNB1;TTBK2;CLIP1;CKAP5;KIF3C;KIF3B;RMDN2;RMDN1;RMDN3;LRPPRC;TRPV4;CCDC88C;HOOK3;CCDC88A;CCDC88B;HOOK1;HOOK2;GAS2L1;TUBGCP4;NDE1;KIF2C;MAPRE2;MAPRE3;MAPRE1;BIRC5;VAPB;VAPA;SBDS;REEP4;REEP2;REEP1;REEP3;MAST2;RCC2;TUBGCP3;CFAP157;FMR1;DNAI7
prerank,Reactome_2022__Signaling By Insulin Receptor R-HSA-74752,0.3922495872443242,1.4777455781461417,0.022222222222222223,0.1277731484294441,1.0,16/41,19.17%,ATP6V1A;ATP6V0E1;ATP6V0E2;ATP6V1B2;ATP6V1E1;ATP6V1E2;MAPK1;GRB2;IRS2;IRS1;MAPK3;ATP6V1H;ATP6V1C1;ATP6V1C2;PIK3C3;PIK3R4
prerank,GO_Biological_Process_2025__Myofibril Assembly (GO:0030239),0.4232313139314267,1.477741808758401,0.049891540130151846,0.1275315860926158,1.0,14/31,15.14%,CSRP2;CSRP3;CSRP1;TPM1;TNNT2;TNNT1;TNNT3;TMOD1;LMOD3;TMOD2;TMOD3;LMOD1;TMOD4;SYNPO2L
prerank,KEGG_2021_Human__AMPK signaling pathway,-0.362603385793849,-1.477564200234551,0.008787346221441126,0.11033794534018702,1.0,35/79,22.30%,CD36;PFKFB1;SLC2A4;ACACB;CFTR;PPP2R5C;PPP2R5D;FBP1;FBP2;PCK1;PCK2;GYS2;GYS1;PFKP;PFKM;PFKL;CAB39L;CAB39;PIK3CD;PIK3CB;CCNA1;CCNA2;CCND1;SCD5;ADIPOR1;CPT1A;CPT1C;CPT1B;HNF4A;RPS6KB2;RPS6KB1;PPP2R2A;PPP2R2D;PPP2R2C;PPP2R2B
prerank,GO_Biological_Process_2025__Regulation of Transforming Growth Factor Beta Receptor Signaling Pathway (GO:0017015),0.3473138910029958,1.4774318366150938,0.02242152466367713,0.1275303269340411,1.0,18/72,9.77%,MEN1;WFIKKN2;WFIKKN1;LRG1;ADISSP;CIDEA;PMEPA1;LDLRAD4;SIRT1;STUB1;SNX25;MECOM;SMAD7;SMAD4;SPRED1;SPRED3;SPRED2;OGT
prerank,Reactome_2022__Activation Of HOX Genes During Differentiation R-HSA-5619507,0.39592525266211337,1.4757657200407601,0.038636363636363635,0.128623686870397,1.0,17/42,23.78%,POLR2K;PCGF2;CNOT6;H2AZ1;H2AZ2;RARB;RARA;KMT2C;EZH2;KMT2D;RBBP5;YY1;ZNF335;MEIS1;PBX1;PKNOX1;WDR5
prerank,GO_Biological_Process_2025__Transforming Growth Factor Beta Receptor Signaling Pathway (GO:0007179),0.4287053698498424,1.4756199112481823,0.04035874439461883,0.12851194122821522,1.0,9/26,13.13%,DAB2;WFIKKN2;WFIKKN1;LRG1;SIRT1;SMAD7;SMAD4;NLK;FSHB
prerank,GO_Biological_Process_2025__Monoatomic Anion Transport (GO:0006820),-0.4481867929678466,-1.474915711268362,0.05206463195691203,0.11217570858791094,1.0,7/26,3.27%,CLIC5;CLIC2;CLIC1;CLIC4;CLIC3;TTYH1;TTYH3
prerank,GO_Biological_Process_2025__MAPK Cascade (GO:0000165),0.36450388668416017,1.4748929378511546,0.02689486552567237,0.1288376500217127,1.0,22/57,19.63%,PKN1;MAPK8IP1;MAPK8IP2;MEN1;RIT2;EGF;STUB1;PPP1CB;NF1;MAPK1;MAPK10;MAPK13;MAPK3;MAPK12;MAPK9;MAPK8;LGALS9;SH2D3C;SH2D3A;ZDHHC9;KARS1;MAP2K4
prerank,Reactome_2022__RNA Polymerase I Transcription R-HSA-73864,0.41374035477353244,1.4746806425746817,0.035623409669211195,0.12855858962258068,1.0,12/36,16.40%,POLR2K;DPEP3;DPEP2;POLR1B;POLR1A;POLR1D;RRN3;POLR1E;MAPK3;H2AZ1;H2AZ2;EHMT2
prerank,Reactome_2022__RNA Polymerase I Promoter Clearance R-HSA-73854,0.41374035477353244,1.4746806425746817,0.035623409669211195,0.12855858962258068,1.0,12/36,16.40%,POLR2K;DPEP3;DPEP2;POLR1B;POLR1A;POLR1D;RRN3;POLR1E;MAPK3;H2AZ1;H2AZ2;EHMT2
prerank,WikiPathways_2024_Human__Photodynamic Therapy Induced NFE2L2 NRF2 Survival Signaling WP3612,-0.5073094389330215,-1.473431543184946,0.05291970802919708,0.11314877448282327,1.0,5/18,4.99%,CES1;ABCC2;ABCC4;ABCC3;ABCC6
prerank,Reactome_2022__Axon Guidance R-HSA-422475,-0.2994366862543457,-1.4731177428853561,0.0030959752321981426,0.11318723868304822,1.0,131/298,28.01%,PSMD14;PSMD2;PSMA1;ITGAV;ITGA2;ITGA9;ITGA10;ITGA5;ITGA1;ITGA2B;PSMD11;PSMA4;PSMC4;PSMB1;PSMB4;PSMC3;PSMC1;MAP2K1;MAP2K2;PSMA7;PSMB9;PSMA8;PSMB6;PSMB5;PSMB11;PSMB8;PSMB7;PSMB10;RPS7;PSMB2;PSMB3;PSMC6;PSMC5;PSMA3;RPL8;PSMA2;DOK2;DOK6;DOK4;FRS2;DOK1;DOK5;PSEN2;PSEN1;RPL26L1;RPL26;RPS28;PSMD7;RPS8;RPS16;ITGB1;RPL27A;RPL35;RPL30;RPLP2;RHOA;RHOC;RHOB;PSMD8;TRPC5;TRPC4;TRPC1;RPS17;RPS24;PRKACB;PRKACG;PSMA5;RPL23;RPL7;RPL18;PIK3CB;PSMD9;GPC1;PSMD4;PSMC2;RPS15;PSMD6;ROCK1;ROCK2;ACTR3;RPS6;RPS5;CDC42;RPL19;RPL11;CAP1;RPL29;RPS14;RPL15;RPL7A;VLDLR;RPS15A;RPL31;RPS29;RPS6KA4;RPS6KA5;RPS6KA6;RPS6KA1;RPS6KA2;RPS6KA3;RPL13A;ITGB3;RPLP0;PSMD13;RPL18A;RPS9;RPS11;RPL14;GAB2;MYL9;RPL12;RPS21;RDX;MSN;EZR;PIK3CA;RPS3;RPL9;APH1A;APH1B;UPF3A;UPF3B;RPL6;RPSA;RPL4;FAU;RPS12;SHC1;SHC3;RPS25;RPLP1
prerank,Reactome_2022__RNA Polymerase III Transcription Initiation From Type 2 Promoter R-HSA-76066,0.4870545230198417,1.4717194167298657,0.05219206680584551,0.130867756702415,1.0,9/19,25.97%,POLR3H;POLR2K;GTF3C3;POLR1D;CRCP;POLR3D;BRF1;BDP1;GTF3C1
prerank,GO_Biological_Process_2025__Cell Cycle G1/S Phase Transition (GO:0044843),-0.39861893819397687,-1.4708323671229167,0.05025996533795494,0.11462529707810556,1.0,25/44,24.51%,BCAT1;CCNI2;CCND3;CCNB1;CCNO;CCNA1;CCNA2;CCNJL;CCNE2;CCNJ;CCNE1;CCND1;CCNI;CCNP;CCND2;CCNG1;CCNF;CCNG2;CCNB2;ZNF324;LATS1;RPS6KB1;CUL5;CUL4B;CDK1
prerank,GO_Biological_Process_2025__G1/S Transition of Mitotic Cell Cycle (GO:0000082),-0.39861893819397687,-1.4708323671229167,0.05025996533795494,0.11462529707810556,1.0,25/44,24.51%,BCAT1;CCNI2;CCND3;CCNB1;CCNO;CCNA1;CCNA2;CCNJL;CCNE2;CCNJ;CCNE1;CCND1;CCNI;CCNP;CCND2;CCNG1;CCNF;CCNG2;CCNB2;ZNF324;LATS1;RPS6KB1;CUL5;CUL4B;CDK1
prerank,GO_Biological_Process_2025__Acylglycerol Metabolic Process (GO:0006639),-0.46109173767750755,-1.4706031562571598,0.04770992366412214,0.11460212912877409,1.0,11/25,6.49%,ABHD2;LIPF;DGAT1;LPL;PNLIPRP2;GK;GK2;GK3;DGAT2;DGAT2L6;AWAT2
prerank,Reactome_2022__Mitotic Anaphase R-HSA-68882,-0.3235751981598454,-1.4704690301227041,0.011419249592169658,0.11451125670801626,1.0,44/152,17.16%,PSMD14;PSMD2;PSMA1;SEH1L;PSMD11;PSMA4;PSMC4;PSMB1;PSMB4;PSMC3;PSMC1;PSMA7;PSMB9;PSMA8;PSMB6;PSMB5;PSMB11;PSMB8;PSMB7;PSMB10;PPP2R5C;PPP2R5D;IST1;PSMB2;PSMB3;PSMC6;PSMC5;PSMA3;VPS4A;PSMA2;PSMD7;NUP85;PSMD8;SEC13;PLK1;PSMA5;PSMD9;PSMD4;PSMC2;CCNB1;CCNB2;PSMD6;VRK2;VRK1
prerank,Reactome_2022__Mitotic Metaphase And Anaphase R-HSA-2555396,-0.32206503139751935,-1.4692687504453448,0.011308562197092083,0.11519741057279609,1.0,44/153,17.16%,PSMD14;PSMD2;PSMA1;SEH1L;PSMD11;PSMA4;PSMC4;PSMB1;PSMB4;PSMC3;PSMC1;PSMA7;PSMB9;PSMA8;PSMB6;PSMB5;PSMB11;PSMB8;PSMB7;PSMB10;PPP2R5C;PPP2R5D;IST1;PSMB2;PSMB3;PSMC6;PSMC5;PSMA3;VPS4A;PSMA2;PSMD7;NUP85;PSMD8;SEC13;PLK1;PSMA5;PSMD9;PSMD4;PSMC2;CCNB1;CCNB2;PSMD6;VRK2;VRK1
prerank,GO_Biological_Process_2025__Regulation of Cellular Component Biogenesis (GO:0044087),-0.49239104227866937,-1.4688194779457673,0.055865921787709494,0.11535113853679536,1.0,9/19,26.06%,CD36;BAG5;ROCK1;ROCK2;LATS1;RDX;MSN;EZR;RAPGEF1
prerank,GO_Cellular_Component_2025__Clathrin-Coated Vesicle (GO:0030136),0.37188862226793307,1.4684472890460016,0.027906976744186046,0.13346866456766845,1.0,13/47,12.69%,DAB2;ATP7A;HAX1;INPP5F;OCRL;AP2A2;AP2A1;SNAP91;PICALM;CLVS2;CLVS1;EPN3;NUMB
prerank,KEGG_2021_Human__Chronic myeloid leukemia,-0.4057405661248739,-1.467919901452032,0.028268551236749116,0.1158841431302822,1.0,24/42,27.78%,BAX;BAK1;CTBP2;CTBP1;RUNX1;MAP2K1;MAP2K2;E2F2;IKBKB;CHUK;PIK3CD;PIK3CB;CCND1;HDAC2;STAT5B;STAT5A;RB1;GAB2;NFKB1;RELA;PIK3CA;SHC4;SHC1;SHC3
prerank,Reactome_2022__IRE1alpha Activates Chaperones R-HSA-381070,-0.43256874741875856,-1.46765241963071,0.05653710247349823,0.1159132914297217,1.0,14/31,29.26%,KDELR3;DNAJC3;PDIA6;SYVN1;DNAJB11;SSR1;HSPA5;TSPYL2;ACADVL;SERP1;YIF1A;SHC1;EXTL3;HYOU1
prerank,GO_Biological_Process_2025__Protein Acylation (GO:0043543),0.4189925073055073,1.4673990117170803,0.04225352112676056,0.13410537494352753,1.0,16/29,25.42%,GTF2B;ZDHHC23;ZDHHC17;NAT10;ZDHHC18;ZDHHC21;ZDHHC1;ZDHHC12;ZDHHC15;ZDHHC20;ZDHHC7;ZDHHC2;ZDHHC9;ZDHHC14;KAT2B;KAT2A
prerank,WikiPathways_2024_Human__Cholestasis WP5238,-0.5324993793974422,-1.4672470004382088,0.07169811320754717,0.11607388728406573,1.0,5/15,8.11%,SCARB1;ABCC2;ABCC4;ABCC3;ABCG8
prerank,GO_Biological_Process_2025__mRNA Stabilization (GO:0048255),0.4055257386024766,1.4662599705336945,0.039014373716632446,0.1348530139674989,1.0,10/33,7.99%,DAZ4;DAZ3;DAZ2;BOLL;DAZL;DAZ1;IGF2BP2;IGF2BP1;IGF2BP3;QKI
prerank,GO_Molecular_Function_2025__Metal Ion Binding (GO:0046872),0.28075201045053194,1.4659913208889817,0.0030864197530864196,0.13481010867876914,1.0,35/261,4.96%,SCGN;CALB2;CALB1;RCVRN;NCS1;KCNIP1;GUCA1B;HPCAL1;HPCAL4;GUCA1C;VSNL1;CLXN;KCNIP4;HPCA;KCNIP3;KCNIP2;ATP2C1;ATP2A2;ATP4A;ATP2A1;PPP3R1;NCALD;SPOCK2;SPOCK1;SPOCK3;RTN4;ZNF395;BAIAP3;TNNI3;SDF4;SYT12;POSTN;ITSN1;XXYLT1;TPPP
prerank,GO_Molecular_Function_2025__Serine-Type Peptidase Activity (GO:0008236),-0.36288237402691426,-1.4636316760685824,0.01565217391304348,0.11880072856210826,1.0,12/72,5.65%,TPSAB1;TPSB2;TPSG1;TPSD1;PCSK6;PCSK4;PCSK9;CTSV;GZMK;GZMA;HABP2;DPP4
prerank,KEGG_2021_Human__Vascular smooth muscle contraction,0.35743064700467153,1.4632489467238032,0.013574660633484163,0.13703010799617418,1.0,20/61,17.67%,PRKCA;PRKCE;PRKCB;PRKCG;PRKCH;ADCY3;PPP1CB;GUCY1B1;MAPK1;MAPK3;GNAS;GNAQ;GNA13;GNA11;ARHGEF11;ARHGEF12;PLCB4;PLCB3;PLCB1;PLCB2
prerank,GO_Biological_Process_2025__Regulation of Endothelial Cell Proliferation (GO:0001936),0.4089715726672301,1.4631003937586693,0.04338394793926247,0.13686840518323443,1.0,9/31,10.29%,PRKCA;LRG1;EGF;SIRT1;PLXNB3;NF1;CLSTN1;PROX1;ATP5F1A
prerank,Reactome_2022__Class I MHC Mediated Antigen Processing And Presentation R-HSA-983169,-0.3087571670387156,-1.4628063830618723,0.004830917874396135,0.1192315055285892,1.0,79/197,25.76%,PSMD14;PDIA3;CD36;PSMD2;PSMA1;ITGAV;PSMD11;PSMA4;PSMC4;PSMB1;CTSV;CTSL;ZNRF2;PSMB4;PSMC3;PSMC1;PSMA7;PSMB9;PSMA8;PSMB6;PSMB5;PSMB11;PSMB8;PSMB7;PSMB10;PSMB2;PSMB3;PSMC6;PSMC5;PSMA3;PSMA2;DZIP3;PSMD7;MYD88;PSMD8;SEC13;FBXL19;IKBKB;CHUK;BLMH;PSMA5;HSPA5;PSMD9;SEC61A1;SEC61A2;PSMD4;PSMC2;CCNF;PSMD6;UBE2G2;VAMP3;KLHL5;GLMN;SOCS3;SOCS1;SEC22B;SEC14L3;SEC14L2;UBE2L6;SEC61B;ANAPC7;SEC23A;CUL5;ITGB5;PSMD13;CANX;DET1;ANAPC5;CDC23;FBXL7;FBXL18;FBXL15;FBXL13;FBXL22;FBXL20;SKP2;FBXL5;FBXL3;FZR1
prerank,Reactome_2022__ESR-mediated Signaling R-HSA-8939211,0.32728462384524953,1.4623831969588275,0.017241379310344827,0.13725918624378147,1.0,18/95,14.57%,GNGT2;GNGT1;GNG5;GNG11;GNG10;PRKCZ;KCNH8;EGF;PMEPA1;POLR2K;KCTD6;MAPK1;MAPK3;GNB5;GNAT3;H2AZ1;H2AZ2;RAD21
prerank,WikiPathways_2024_Human__Tumor Suppressor Activity Of SMARCB1 WP4204,-0.4980903527231791,-1.4621658082775373,0.04896421845574388,0.11947762715704491,1.0,10/17,28.52%,DPF1;DPF3;DPF2;SUZ12;SMARCD3;SMARCD2;EED;RB1;SMARCE1;PTCH1
prerank,Reactome_2022__RNA Polymerase III Abortive And Retractive Initiation R-HSA-749476,0.4480089679907924,1.4621232153072365,0.06465517241379311,0.1372544364556135,1.0,17/26,36.75%,POLR3H;POLR2K;GTF3C3;POLR1D;SSB;CRCP;POLR3D;BRF1;BDP1;GTF3C1;POLR3B;NFIX;NFIA;NFIB;SNAPC1;POLR2L;POLR2E
prerank,KEGG_2021_Human__Proteoglycans in cancer,-0.33975965066921116,-1.4620911643325716,0.0067226890756302525,0.11932360622278541,1.0,57/115,26.04%,ITGAV;ITGA2;ITGA5;HSPB2;CTSL;HGF;MAP2K1;MAP2K2;ARHGEF1;TWIST1;TWIST2;TIMP3;FRS2;HIF1A;PXN;ITGB1;RHOA;PRKACB;PRKACA;PRKACG;PIK3CD;PIK3CB;GPC1;CCND1;ROCK1;ROCK2;FZD5;WNT9B;WNT7A;WNT8B;WNT8A;WNT7B;WNT5A;WNT2B;WNT4;WNT5B;WNT11;WNT3A;WNT10A;WNT2;WNT9A;WNT10B;RPS6;CDC42;THBS1;CASP3;WNT6;RPS6KB2;RPS6KB1;ITGB5;ITGB3;GAB1;RDX;MSN;EZR;PIK3CA;GPC3
prerank,GO_Biological_Process_2025__JNK Cascade (GO:0007254),0.4742699007607563,1.4619892878023315,0.06711409395973154,0.13711225608121988,1.0,8/18,19.63%,MAPK8IP1;MAPK8IP2;MAPK10;MAPK9;MAPK8;SH2D3C;SH2D3A;MAP2K4
prerank,GO_Biological_Process_2025__Regulation of Protein Modification by Small Protein Conjugation or Removal (GO:1903320),-0.4699259835629167,-1.4611222921164824,0.05762081784386617,0.11988196191446612,1.0,7/23,19.60%,DNAJB2;HIF1A;EPAS1;COPS3;COPS4;WASHC1;COPS6
prerank,GO_Biological_Process_2025__Vacuolar Acidification (GO:0007035),0.4505559177594772,1.461120460110727,0.04814004376367615,0.13767766696297126,1.0,9/23,23.52%,ATP6V1A;ATP6V0E1;ATP6V0E2;ATP6V1B2;ATP6V1H;ATP6V1D;DMXL1;DMXL2;ATP6V0A1
prerank,Reactome_2022__Protein Localization R-HSA-9609507,-0.3373465188549918,-1.4604471589951389,0.013445378151260505,0.12023297966263498,1.0,40/107,26.31%,DHRS4;ALDH3A2;GDAP1;AGXT;HAO2;HAO1;ACOX2;ACBD5;CRAT;STX5;HSD17B4;SLC27A2;ECI2;HSPA9;PEX10;ATAD1;PAOX;PXMP2;ACOX3;PEX14;ECH1;GFER;HMGCL;EPHX2;CCNI;DAO;DDO;CHCHD2;PEX6;SEC61B;CHCHD10;TYSND1;SERP1;PEX11B;CYB5A;GET1;TIMM9;GRPEL2;GRPEL1;AMACR
prerank,GO_Molecular_Function_2025__GTP Binding (GO:0005525),0.3230306389904675,1.4597647861746483,0.021634615384615384,0.13869810085388593,1.0,23/95,14.27%,MX2;RIT2;GRID2;GRID1;TUBA1C;TUBA1B;TUBA3E;TUBA1A;TUBA3C;TUBA3D;DIRAS2;RRAS;RAB30;GNL2;TUBG1;ARL2;GTPBP10;EEF1A1;GNA14;GNA15;GNAQ;GNA11;GTPBP4
prerank,Reactome_2022__Triglyceride Metabolism R-HSA-8979227,-0.4507869460536318,-1.4595648173770615,0.048109965635738834,0.12073462523791124,1.0,12/27,18.40%,DGAT1;GK;GK2;GK3;MOGAT2;DGAT2;MOGAT3;MOGAT1;PRKACB;PRKACG;GPAM;GPAT2
prerank,GO_Biological_Process_2025__Cell-Cell Junction Assembly (GO:0007043),0.4426404598646373,1.4589943946274753,0.0635593220338983,0.13914698059790914,1.0,8/24,9.93%,PRKCA;PKN2;CTNNA1;SMAD7;PKP2;PKP3;PKP1;JUP
prerank,GO_Biological_Process_2025__Negative Regulation of Multicellular Organismal Process (GO:0051241),0.3106519985539985,1.458850017866247,0.018518518518518517,0.13903800508110714,1.0,39/131,18.02%,TMEM53;ATP2B1;LNPEP;LGR4;HS3ST5;CIDEA;SYT12;LDLRAD4;APP;WWC1;WWC3;WWC2;MCC;BMAL1;NOVA1;EFNA1;QKI;PARP1;SMAD7;SPRED1;SPRED3;SPRED2;EVL;OGT;ADAM17;ZNF706;MAD2L2;NEUROG1;GNAS;TNNT1;IP6K1;NR1D1;NR1H3;NR1H2;ARHGDIB;PTEN;PLCL2;PLCL1;TBX5
prerank,GO_Biological_Process_2025__Early Endosome to Late Endosome Transport (GO:0045022),0.4920906171280152,1.4584046344026735,0.081799591002045,0.13914939714776414,1.0,12/16,37.77%,ATG14;WDR81;PIK3C3;HOOK3;HOOK1;HOOK2;PIK3R4;STX8;WDR91;BECN1;RAB7A;SNX16
prerank,Reactome_2022__Pyruvate Metabolism And Citric Acid (TCA) Cycle R-HSA-71406,-0.4066534945713615,-1.4580471428943422,0.029411764705882353,0.12177721096977681,1.0,19/37,25.18%,SLC16A8;SLC16A1;SLC16A3;PDPR;ADHFE1;L2HGDH;SUCLA2;MPC2;PLPP6;MPC1;D2HGDH;HAGH;RXRA;PDP2;SUCLG1;PDK3;PDK2;PDK4;GSTZ1
prerank,GO_Biological_Process_2025__Vesicle Cytoskeletal Trafficking (GO:0099518),0.4961975855781231,1.4578725551464513,0.08067940552016985,0.13938583225934495,1.0,9/16,22.46%,PAFAH1B1;FNBP1L;RAB1A;CDR2L;NDE1;HAP1;TRAK2;TRAK1;PPFIA2
prerank,GO_Biological_Process_2025__Epidermal Cell Differentiation (GO:0009913),-0.45985528298158906,-1.4574301313466231,0.05313092979127135,0.12208031510861218,1.0,9/23,21.07%,AKR1C3;CLIC4;GATA6;PIP5K1A;ANXA1;WNT5A;HDAC2;CASP3;ERCC2
prerank,GO_Biological_Process_2025__Mesoderm Formation (GO:0001707),-0.5286486782944513,-1.4573492230027796,0.07170542635658915,0.12195814567378555,1.0,5/15,11.59%,ITGA3;ITGA2;ITGA8;ITGB1;ITGB4
prerank,WikiPathways_2024_Human__ADHD And Autism ASD Pathways WP5420,-0.30896803189656724,-1.4542729417998255,0.006389776357827476,0.12433510022601033,1.0,53/186,14.10%,SHMT1;SHMT2;AKR1A1;AKR1C3;AKR1C1;PDXK;ALDH1L2;ALDH9A1;ALDH1L1;NLGN1;NLGN3;NLGN4X;NLGN2;PNP;GOT2;ADSL;MTHFD2L;AKR1B1;FAAH2;GCAT;XDH;AOX1;PAH;ATIC;SLC46A1;PNPO;GK;MTHFD2;ATG13;MTHFR;ATG3;KYAT3;ATG4A;KYAT1;SULT1A3;HPRT1;ALDH2;MOCOS;SOD1;MAOA;MAOB;CBR1;RHOA;PCBD2;PCBD1;NGLY1;PRKACB;PRKACA;PRKACG;APRT;HTR2A;HTR2B;SLC19A1
prerank,"GO_Molecular_Function_2025__Phosphotransferase Activity, Phosphate Group as Acceptor (GO:0016776)",0.4438010725149904,1.4539866820993224,0.06652360515021459,0.14258504013214282,1.0,12/22,22.41%,IP6K1;IP6K2;ITPKC;IP6K3;ITPKA;ITPKB;AK6;AK4;AK7;AK9;AK5;AK8
prerank,Reactome_2022__Interleukin-12 Family Signaling R-HSA-447115,-0.460042640907489,-1.4535448605826107,0.05944055944055944,0.124654216283242,1.0,15/23,28.15%,P4HB;GSTO1;TALDO1;HSPA9;MTAP;SOD1;HNRNPF;ANXA2;CDC42;PPIA;RPLP0;CANX;MSN;TCP1;VAMP7
prerank,GO_Biological_Process_2025__Cardiac Muscle Contraction (GO:0060048),0.49494882902419957,1.452115309698136,0.07127429805615551,0.14402665002960305,1.0,8/16,13.75%,KCNH2;TNNI2;TNNI3;TNNI1;GRK2;CSRP3;TPM1;TNNT2
prerank,WikiPathways_2024_Human__Corticotropin Releasing Hormone Signaling WP2355,0.3622352917727013,1.4515109146505998,0.031630170316301706,0.144342151658933,1.0,24/56,22.80%,PRKCA;PRKCB;PRKCI;GNAO1;CRHR1;PARP1;MAPK1;JUP;MAPK3;MAPK9;MAPK8;GNB5;GNAZ;GNAS;GNAQ;GNA11;PLCG1;PLCG2;TBX19;ARRB2;ARRB1;NFKBIA;NR4A2;NR4A1
prerank,GO_Molecular_Function_2025__Chloride Transmembrane Transporter Activity (GO:0015108),-0.41556754814606,-1.4513819763127525,0.03690685413005272,0.1263007644820417,1.0,10/36,5.00%,CLIC6;CLIC2;CLIC1;CLIC4;CLIC3;SLC26A11;TTYH2;TTYH1;TTYH3;CFTR
prerank,Reactome_2022__Neurexins And Neuroligins R-HSA-6794361,0.3944652972550198,1.451289353205431,0.04066985645933014,0.14425383891206295,1.0,19/33,20.69%,HOMER2;STXBP1;SYT7;LRRTM2;GRIN2B;GRIN2A;GRIN2D;GRIN2C;SYT12;NRXN2;LIN7A;SIPA1L1;STX1A;PDLIM5;APBA3;APBA1;APBA2;MPP2;MPP3
prerank,GO_Molecular_Function_2025__Histone Acetyltransferase Activity (GO:0004402),-0.45934876649157896,-1.4512784650124557,0.06788990825688074,0.12618127516923433,1.0,3/24,3.55%,KAT5;KAT6B;KAT6A
prerank,WikiPathways_2024_Human__Apoptosis Modulation And Signaling WP1772,-0.38890439297506024,-1.451189016963469,0.03423423423423423,0.12604503885466195,1.0,16/49,14.97%,BCL2L10;BCL2A1;BAX;MCL1;BAK1;BOK;MYD88;BAG3;IKBKB;CASP1;CASP6;CFLAR;CASP8;CASP9;CASP4;CASP2
prerank,"GO_Molecular_Function_2025__Catalytic Activity, Acting on a tRNA (GO:0140101)",0.4186961047108696,1.4504885036797242,0.04783599088838269,0.1446754843062427,1.0,11/29,21.10%,TARS2;PUS10;TRMT5;TRDMT1;FTSJ1;QRSL1;ETF1;NT5C3A;LARS1;DTWD2;DUS4L
prerank,Reactome_2022__RHOBTB1 GTPase Cycle R-HSA-9013422,-0.5084857156759479,-1.4500207166286485,0.06378986866791744,0.12680967219969086,1.0,7/16,25.07%,MYO6;COPS4;CPSF7;ROCK1;ROCK2;TXNL1;SRRM1
prerank,GO_Biological_Process_2025__Protein Tetramerization (GO:0051262),-0.3812191868308807,-1.4495283318391796,0.03595890410958904,0.12702850314708708,1.0,16/54,15.48%,SHMT1;SHMT2;ALDH1A2;ALDH9A1;ACACB;HSD17B8;ACOT13;HPRT1;HSD17B10;AQP2;AQP5;AQP4;AQP10;APIP;CPSF6;CPSF7
prerank,GO_Biological_Process_2025__Positive Regulation of Phagocytosis (GO:0050766),-0.48647644461704054,-1.4492834770282172,0.06766917293233082,0.12702934503932006,1.0,7/18,14.92%,GATA2;C3;C4B;C4A;SPACA3;CAMK1D;PYCARD
prerank,GO_Biological_Process_2025__cAMP-mediated Signaling (GO:0019933),-0.4705470691014818,-1.4487269775822635,0.054924242424242424,0.12726132616443747,1.0,17/20,32.80%,CGAS;PDE3A;PDE5A;PDE4D;PDE7B;PDE4A;PDE1B;PDE11A;PDE7A;PDE1C;PDE6A;PDE8B;PDE3B;PDE8A;PDE6B;PDE6C;PDE4C
prerank,KEGG_2021_Human__Natural killer cell mediated cytotoxicity,0.3953820028282415,1.4484424688882394,0.045454545454545456,0.14637971812864622,1.0,11/36,12.10%,PRKCA;PRKCB;PRKCG;PPP3R1;SH2D1A;SH2D1B;MAPK1;GRB2;PPP3CB;PPP3CC;MAPK3
prerank,GO_Biological_Process_2025__Response to Endoplasmic Reticulum Stress (GO:0034976),-0.3216343278725426,-1.4473798047042967,0.013937282229965157,0.1281651000492967,1.0,33/130,16.64%,PDIA3;P4HB;ERP27;TMX1;PDIA2;BAX;BAK1;TOR1A;CFTR;ERO1A;SCAMP5;RNF139;RCN3;PDIA6;CCDC47;PSMC6;DNAJB12;DNAJB2;VCP;UFC1;HSP90B1;SYVN1;RNF145;STT3B;TRIB3;ERMP1;UBQLN2;HSPA5;SEC16A;BCAP31;CASP4;ANKS4B;UBE2G2
prerank,KEGG_2021_Human__Influenza A,-0.37301418411764864,-1.445794856464905,0.031879194630872486,0.12931767344786815,1.0,22/61,15.95%,TPSAB1;TPSB2;TPSD1;BAX;BAK1;FDPS;MAP2K1;MAP2K2;DNAJC3;RAE1;DNAJB1;RAB11A;MYD88;IKBKB;CHUK;CASP1;CASP8;CASP9;PYCARD;PIK3CD;PIK3CB;CCND3
prerank,GO_Cellular_Component_2025__Extracellular Vesicle (GO:1903561),0.4125388520256219,1.4454488245588313,0.06140350877192982,0.1489714241115815,1.0,6/31,3.28%,SLC12A2;SLC5A5;ATP2B3;ATP1A4;ATP1A2;GRIA4
prerank,GO_Molecular_Function_2025__Metalloexopeptidase Activity (GO:0008235),0.4142747741640832,1.4454029611330907,0.05694760820045558,0.14873722721981378,1.0,9/29,4.49%,HOMER2;LVRN;ERAP1;ERAP2;TRHDE;ANPEP;LNPEP;RNPEPL1;DPEP1
prerank,GO_Biological_Process_2025__Cellular Response to Starvation (GO:0009267),0.33439969037436457,1.4452893682491545,0.01282051282051282,0.1485532441622704,1.0,29/87,21.69%,PKN1;PKN2;PRKCH;YWHAZ;YWHAG;CPEB4;GCN1;SIRT1;PICK1;MAPK1;ATG14;SH3GLB1;MAPK3;MAPK8;SMDT1;TBC1D7;MUSK;FASN;PPARA;EHMT2;MICU1;PIK3C3;EIF2AK4;PIK3R4;GAS2L1;LARS1;NPRL3;EIF2S1;SFRP1
prerank,"Reactome_2022__Plasma Lipoprotein Assembly, Remodeling, And Clearance R-HSA-174824",-0.41169918940447703,-1.4449055059450828,0.047619047619047616,0.12984421817418895,1.0,13/37,14.30%,P4HB;CES3;SCARB1;PCSK6;PCSK9;LPL;LIPG;LIPC;NPC2;ABCG1;PRKACB;PRKACG;ABCA1
prerank,Reactome_2022__Regulation Of IGF Transport And Uptake By IGFBPs R-HSA-381426,-0.41588976165212904,-1.4445724174160903,0.05400696864111498,0.12993085729926174,1.0,14/36,13.91%,P4HB;PCSK9;C3;C4A;DNAJC3;QSOX1;RCN1;PDIA6;HSP90B1;PRKCSH;FAM20C;FAM20A;SGPP2;NUCB1
prerank,GO_Biological_Process_2025__Regulation of Vascular Endothelial Growth Factor Production (GO:0010574),-0.5127310224930416,-1.444171719796259,0.08741258741258741,0.13005803056321386,1.0,5/15,11.35%,C3;C5;HIF1A;SULF2;SULF1
prerank,Reactome_2022__Cytokine Signaling In Immune System R-HSA-1280215,-0.29661952619548976,-1.444092963989,0.0015174506828528073,0.1299487963194752,1.0,107/266,25.50%,PSMD14;P4HB;CD36;PSMD2;GSTO1;PSMA1;TALDO1;GATA3;ITGAX;ITGAM;SEH1L;MCL1;PSMD11;PSMA4;PSMC4;PSMB1;PSMB4;PSMC3;PSMC1;MAP2K1;PSMA7;PSMB9;PSMA8;PSMB6;PSMB5;PSMB11;PSMB8;PSMB7;PSMB10;PPP2R5D;HSPA9;PSMB2;PSMB3;SOX2;PSMC6;PSMC5;TWIST1;PSMA3;MTAP;SOD1;HSP90B1;PSMA2;MAOA;HIF1A;PSMD7;HNRNPF;MYD88;ITGB2;ITGB1;NUP85;PSMD8;SEC13;ANXA2;ANXA1;IKBKB;CHUK;PSMA5;CASP1;CASP8;PIK3CB;PSMD9;PSMD4;PSMC2;CCND1;PSMD6;USP14;VRK3;SQSTM1;CDC42;STAT5B;STAT5A;STAT6;NUP210;NUP93;SOCS2;SOCS3;SOCS5;SOCS6;CISH;SOCS1;CASP3;NUP43;MAP3K3;NDC1;NUP133;PPIA;PPM1B;TAB1;UBE2L6;RPS6KA5;RPS6KA1;RPS6KA2;RPS6KA3;NUP205;CUL5;RPLP0;PSMD13;NUP50;FSCN1;GAB2;CANX;NFKB2;NFKB1;RELB;RELA;MSN;PIK3CA
prerank,GO_Biological_Process_2025__Regulation of Potassium Ion Transport (GO:0043266),0.4976594773549545,1.443807616599533,0.08836206896551724,0.1497042142578105,1.0,5/15,2.55%,KCNIP1;KCNIP4;KCNIP3;KCNIP2;KCNH2
prerank,Reactome_2022__Smooth Muscle Contraction R-HSA-445355,0.4259420553315027,1.4430078685945469,0.05353319057815846,0.1501584240017552,1.0,11/26,13.95%,PKN1;PKN2;SORBS3;GUCY1B1;TPM3;TPM4;TPM1;TPM2;SORBS1;ENTHD1;LMOD1
prerank,KEGG_2021_Human__Olfactory transduction,0.4172996783733019,1.4428268214756053,0.04956896551724138,0.15008943749555093,1.0,6/27,6.54%,NCALD;CNGA3;CNGB1;CNGA4;GRK2;ADCY3
prerank,GO_Cellular_Component_2025__Asymmetric Synapse (GO:0032279),0.33574009328389887,1.4420598801092095,0.02696078431372549,0.15051067202578655,1.0,13/70,3.74%,MAPK8IP2;HOMER2;SPOCK1;RTN3;RTN2;RTN1;RTN4;GRIA2;GRIA1;GRIN2B;GRIN2A;CPEB4;SYT12
prerank,GO_Biological_Process_2025__Anterior/Posterior Pattern Specification (GO:0009952),0.4580161200003453,1.441591165635542,0.07223476297968397,0.15066545873245632,1.0,14/21,27.44%,NEUROG1;CELSR2;TBX1;BHLHE40;HES2;HEY1;HES5;HEY2;HES7;HES3;HEYL;HES6;BHLHE41;HELT
prerank,GO_Biological_Process_2025__Cellular Response to Peptide Hormone Stimulus (GO:0071375),0.36927280831586456,1.4414922063854587,0.04212860310421286,0.15049828962730644,1.0,14/49,11.18%,PRKCZ;PRKCI;SYAP1;LHCGR;TSHR;CPEB2;INPP5K;EPRS1;CRHR1;PARP1;IRS2;IRS1;CPEB1;SORBS1
prerank,KEGG_2021_Human__Vibrio cholerae infection,0.37881482730910676,1.441475701563971,0.037527593818984545,0.15023426268997647,1.0,16/44,17.72%,SLC12A2;ATP6V1A;PRKCA;PDIA4;ATP6V0E1;ATP6V0E2;ATP6V1B2;ADCY3;ATP6V1E1;ATP6V1E2;GNAS;ATP6V1H;ATP6V1C1;ATP6V1C2;PLCG1;PLCG2
prerank,GO_Biological_Process_2025__Positive Regulation of Interleukin-1 Beta Production (GO:0032731),-0.4769832700920892,-1.440882226783507,0.08289241622574955,0.13260173561592323,1.0,9/18,17.48%,CD36;LPL;MYD88;CASP1;CASP8;PYCARD;PYDC1;FZD5;WNT5A
prerank,GO_Molecular_Function_2025__Nuclear Receptor Binding (GO:0016922),0.3332721331172196,1.4397827366674025,0.0170316301703163,0.15153385327851646,1.0,32/79,31.28%,PKN1;PRKCB;YWHAH;SIRT1;TACC1;TACC2;TRERF1;PROX1;GTF2B;JUP;ZNF366;PPARGC1A;PPARGC1B;TAF7;NR1I2;NSD1;DDX54;MED24;TCF21;ISL1;NR4A2;NR4A3;NR4A1;DCAF1;KDM4C;BAZ2A;KDM5D;BUD31;NKX3-1;TADA3;ESR1;MED13
prerank,WikiPathways_2024_Human__Thermogenesis WP4321,-0.3557334136715921,-1.4394954484454965,0.035842293906810034,0.13360789130757986,1.0,25/70,22.13%,DPF1;DPF3;KLB;CPT2;ACSL6;ACSL1;ACSL4;ACSL3;FRS2;PRKACB;PRKACA;PRKACG;ADCY9;RPS6;SMARCD3;SMARCD2;CPT1A;CPT1C;CPT1B;RPS6KB2;RPS6KA6;RPS6KA1;RPS6KA2;RPS6KB1;RPS6KA3
prerank,GO_Biological_Process_2025__Microtubule Bundle Formation (GO:0001578),0.4088535643677871,1.438277487376542,0.047619047619047616,0.15282269120734487,1.0,18/30,35.16%,TPPP;TPPP3;TPPP2;CCDC66;SPAST;CCDC40;CLIP1;TTLL8;TTLL6;GAS2L1;MAPRE2;RSPH9;RSPH1;RSPH4A;RSPH6A;NUMA1;TOGARAM1;LRGUK
prerank,KEGG_2021_Human__Fc epsilon RI signaling pathway,0.42034259619482117,1.438074381534595,0.07322654462242563,0.1527356448092182,1.0,13/26,19.63%,PRKCA;INPP5D;MAPK1;GRB2;MAPK10;MAPK13;MAPK3;MAPK12;MAPK9;MAPK8;PLCG1;PLCG2;MAP2K4
prerank,Reactome_2022__Platelet Degranulation R-HSA-114608,-0.3897324759237734,-1.437848213529823,0.05,0.1348304734507188,1.0,16/50,14.08%,TMX3;CD36;ITGA2B;CD109;TOR4A;ABCC4;QSOX1;SCCPDH;CTSW;VCL;FERMT3;SOD1;TIMP3;SGPP2;ANXA5;HSPA5
prerank,WikiPathways_2024_Human__Insulin Signaling WP481,0.31618148553820363,1.4375059998819593,0.01728395061728395,0.15297145267347806,1.0,24/102,12.15%,SNAP25;PRKCA;PRKCB;PRKCZ;PRKCH;PRKCI;EIF4E;STXBP1;EIF4EBP1;EHD2;KIF3A;MAPK1;GRB2;IRS2;IRS1;IRS4;INPPL1;SORBS1;MAPK10;MAPK13;MAPK3;MAPK12;MAPK9;MAPK8
prerank,GO_Biological_Process_2025__Innate Immune Response Activating Cell Surface Receptor Signaling Pathway (GO:0002220),0.4930825469715071,1.436529996295146,0.07036247334754797,0.15367326267883707,1.0,2/15,0.43%,PKN1;PKN2
prerank,KEGG_2021_Human__Hepatocellular carcinoma,-0.3420075148675889,-1.434446448709257,0.01692047377326565,0.13760042132210606,1.0,39/93,22.66%,GSTO1;GSTT2;GSTT2B;GSTO2;BAX;BAK1;DPF1;DPF3;HGF;MAP2K1;MAP2K2;E2F2;PIK3CD;PIK3CB;CCND1;CSNK1A1L;FZD5;WNT9B;WNT7A;WNT8B;WNT8A;WNT7B;WNT5A;WNT2B;WNT4;WNT5B;WNT11;WNT3A;WNT10A;WNT2;WNT9A;WNT10B;SMARCD3;SMARCD2;LRP6;WNT6;RPS6KB2;RPS6KB1;RB1
prerank,GO_Biological_Process_2025__Inorganic Anion Transport (GO:0015698),-0.4354909975749426,-1.4336380715808998,0.0673758865248227,0.1381453515557314,1.0,7/27,3.27%,CLIC5;CLIC2;CLIC1;CLIC4;CLIC3;TTYH1;TTYH3
prerank,KEGG_2021_Human__RNA polymerase,0.42673792659461784,1.4333295055617974,0.06060606060606061,0.1563430701490394,1.0,16/26,36.75%,POLR3H;POLR2K;POLR1B;POLR1A;POLR1D;POLR1E;POLR3D;POLR1C;POLR2I;POLR3B;POLR2B;POLR2L;POLR2J3;POLR2J;POLR2J2;POLR2E
prerank,GO_Biological_Process_2025__Homophilic Cell Adhesion via Plasma Membrane Adhesion Molecules (GO:0007156),0.41533701214826113,1.433265361211344,0.03255813953488372,0.15612804885639933,1.0,6/28,15.60%,PLXNB2;PLXNB3;TENM3;KIRREL3;CELSR2;FAT2
prerank,GO_Biological_Process_2025__Membrane Assembly (GO:0071709),-0.4510109188652086,-1.433245520978477,0.07142857142857142,0.138294706170467,1.0,4/23,1.17%,NLGN1;NLGN3;NLGN4X;NLGN2
prerank,GO_Biological_Process_2025__Regulation of Cell-Cell Adhesion (GO:0022407),0.4494445789760332,1.4330803539642787,0.07239819004524888,0.15602988183327932,1.0,9/21,17.48%,SPINT2;YWHAG;EFNA5;PKP3;PKP1;TENM3;GTPBP4;CELSR2;ZDHHC2
prerank,GO_Biological_Process_2025__Phosphatidic Acid Metabolic Process (GO:0046473),0.41534058218226444,1.4323528964341166,0.04824561403508772,0.15644353955074836,1.0,10/30,5.96%,DGKQ;DGKI;DGKG;DGKZ;DGKD;DGKH;DGKK;DGKA;DGKE;DGKB
prerank,GO_Biological_Process_2025__Positive Regulation of Protein Localization to Cell Periphery (GO:1904377),0.42143645983877226,1.4310119927485345,0.04697986577181208,0.1574221379568793,1.0,12/28,20.35%,PRKCE;PRKCH;PRKCI;PKP1;SORBS1;SPTBN1;ATP2B4;STX3;STX4;NKD2;DPP10;PLS1
prerank,WikiPathways_2024_Human__Translation Factors WP107,0.3736342084460939,1.4299030626880955,0.03818615751789976,0.15824197862214703,1.0,17/44,22.42%,EIF4E;EIF4EBP3;EIF4EBP2;EIF4EBP1;EIF2B3;EIF1;EEF1A1;EEF1A2;EIF2S3;GSPT2;ETF1;EIF4B;EIF6;EIF2S1;EIF3I;EIF3H;EIF3E
prerank,Reactome_2022__Beta-catenin Independent WNT Signaling R-HSA-3858494,-0.3328143416095496,-1.4298239224568532,0.02218430034129693,0.14108825982991524,1.0,39/101,17.52%,PSMD14;PSMD2;PSMA1;PSMD11;PSMA4;PSMC4;PSMB1;PSMB4;PSMC3;PSMC1;PSMA7;PSMB9;PSMA8;PSMB6;PSMB5;PSMB11;PSMB8;PSMB7;PSMB10;PSMB2;PSMB3;PSMC6;PSMC5;PSMA3;PSMA2;RAC2;PSMD7;RHOA;PSMD8;PSMA5;PSMD9;PSMD4;PSMC2;PSMD6;GNAT2;WNT5A;WNT4;WNT5B;WNT11
prerank,GO_Biological_Process_2025__Positive Regulation of Proteolysis Involved in Protein Catabolic Process (GO:1903052),-0.4415095702308143,-1.4283310828381264,0.05426356589147287,0.14222616381263625,1.0,8/25,15.72%,PSMC3;RNF139;PSMC6;PSMC5;NUPR1;TGFB1I1;BCAP31;PSMC2
prerank,GO_Molecular_Function_2025__Adenylyltransferase Activity (GO:0070566),-0.5098312286269484,-1.4282754463843903,0.07547169811320754,0.14206239308347463,1.0,10/15,33.45%,TENT5A;TENT5C;TENT5D;TENT5B;TENT2;MTPAP;TENT4A;TENT4B;FLAD1;FICD
prerank,GO_Biological_Process_2025__Protein Depolymerization (GO:0051261),0.4664623821622505,1.427961874814027,0.06787330316742081,0.15986577811392402,1.0,4/19,0.54%,STMN1;STMN3;STMN2;STMN4
prerank,GO_Cellular_Component_2025__Lipid Droplet (GO:0005811),-0.3836261913274619,-1.4279097702691852,0.05545927209705372,0.14219101129437653,1.0,15/51,16.88%,CES1;FAAH2;CYB5R3;ACSL4;ACSL3;DGAT2;ALDH3B2;SCCPDH;VCP;ZFYVE1;ANXA2;LDAH;BCAP31;UBE2G2;SETSIP
prerank,GO_Biological_Process_2025__Negative Regulation of Phosphorylation (GO:0042326),0.42159112020357264,1.4277521898945866,0.0598669623059867,0.15979163199305207,1.0,6/25,9.74%,MEN1;DYNLL1;INPP5K;SIRT1;IRS2;ATG14
prerank,GO_Molecular_Function_2025__Transition Metal Ion Transmembrane Transporter Activity (GO:0046915),-0.47631555610606974,-1.427498035349807,0.08193668528864059,0.14234824290166212,1.0,7/20,17.25%,TTYH1;SLC39A7;SLC30A7;SLC30A4;ATP7B;SLC39A13;SLC31A2
prerank,GO_Cellular_Component_2025__Filopodium (GO:0030175),-0.4397183987501792,-1.427192759422845,0.07624113475177305,0.14238087268532063,1.0,16/25,31.34%,ITGA3;ITGAV;VIL1;ITGB1;CDC42;MTM1;ITGB3;FSCN3;FSCN1;RDX;MSN;ERMN;EZR;TWF2;TWF1;SHTN1
prerank,GO_Biological_Process_2025__Protein K11-linked Ubiquitination (GO:0070979),0.4504519285307509,1.4268389047821575,0.06471816283924843,0.16030194539056436,1.0,11/20,28.66%,UBE2W;UBE2B;AREL1;CDC27;UBE2C;UBE2S;UBR5;CDC16;UBR4;RNF7;ANAPC2
prerank,GO_Cellular_Component_2025__Specific Granule Lumen (GO:0035580),-0.43590898575491493,-1.4267004598319044,0.06028368794326241,0.14269294211476224,1.0,10/29,12.44%,PDXK;CHI3L1;CHIT1;PGLYRP1;QSOX1;QPCT;LYZ;VCL;TIMP2;CTSD
prerank,Reactome_2022__NOTCH2 Activation And Transmission Of Signal To Nucleus R-HSA-2979096,-0.507420271771138,-1.4259492957279443,0.06560283687943262,0.1431896807854931,1.0,10/16,33.57%,MIB1;PSEN2;PSEN1;APH1A;APH1B;UBA52;DLL4;JAG2;DLL1;JAG1
prerank,"GO_Molecular_Function_2025__DNA-binding Transcription Repressor Activity, RNA Polymerase II-specific (GO:0001227)",0.31350362960704364,1.4241003059622497,0.017326732673267328,0.1627121874112544,1.0,51/99,30.81%,KCNIP3;KCNH8;SCRT1;SCRT2;JPH2;PROX1;ZNF91;PURA;PURB;NEUROG3;ZNF512B;PPARG;PPARD;RORC;NR1D1;PPARA;ETF1;TBX2;TBX21;TBX3;DACH1;YY1;HAND1;TCF21;ZNF219;TGIF2;TGIF1;TGIF2LY;TGIF2LX;DEAF1;KLF8;KLF12;CREM;CREB3L1;BHLHE40;HEY1;HES5;HEY2;HEYL;BHLHE41;MAFK;NKX6-3;REST;ZNF131;PLAGL1;ZNF202;OVOL2;NR3C1;THAP1;FOXA2;ZBTB39
prerank,GO_Biological_Process_2025__Heme Metabolic Process (GO:0042168),-0.4350473680858047,-1.42315117896001,0.06597222222222222,0.1455327816105218,1.0,9/28,11.96%,UGT1A4;ABCC2;ABCC1;SLC46A1;ATP5IF1;BLVRB;SLCO2B1;SLCO1B3;SLCO1B1
prerank,GO_Biological_Process_2025__Positive Regulation of MAPK Cascade (GO:0043410),0.3063371145521118,1.4215333056734352,0.022113022113022112,0.1650488363236264,1.0,42/108,22.94%,PRKCA;PRKCZ;MAPK8IP1;PELI2;RIT2;SH3RF3;SH3RF2;FSHR;EGF;APP;WWC1;ERP29;DIRAS2;SH3RF1;MADD;MAPK3;TNFAIP8L3;PDCD10;LGALS9;BCAR3;STK39;EZH2;GADD45G;GADD45A;GADD45B;PDGFB;PDGFA;PLCB1;PLCG2;TBX1;GFRAL;SDCBP;CCDC88C;HAND2;FZD7;FZD10;ARRB2;ARRB1;UNC5CL;XIAP;BIRC7;NAIP
prerank,GO_Biological_Process_2025__Lymphocyte Differentiation (GO:0030098),-0.42973559414298335,-1.4212620998748697,0.058823529411764705,0.14707921283950084,1.0,18/30,33.55%,NFIL3;GATA3;ITGA4;SOX4;SLC39A7;ITGB1;AQP8;GPS2;TPD52;IKZF1;ZBTB7A;RELB;LEPROT;HDAC9;PIK3R3;PIK3R2;DLL4;JAG2
prerank,GO_Biological_Process_2025__Actin Polymerization or Depolymerization (GO:0008154),-0.42469485127657747,-1.4210880274813928,0.05516014234875445,0.14701136648688742,1.0,14/30,21.27%,VIL1;VILL;GSN;SVIL;SCIN;AVIL;MSRB1;MSRB2;DSTN;CFL2;WDR1;WASF3;WASF1;WIPF1
prerank,GO_Molecular_Function_2025__Phosphatase Activity (GO:0016791),-0.3805606774228274,-1.4210552127920923,0.055456171735241505,0.14681662771008103,1.0,17/45,15.77%,PGP;PDXP;PUDP;LHPP;ARMT1;PSPH;NOCT;PRUNE1;BPNT2;PANK4;PLPP6;PLPPR4;PLPPR1;PLPP1;ACP4;ACP3;EPHX2
prerank,GO_Biological_Process_2025__Hippo Signaling (GO:0035329),0.4802967771333938,1.420661352415092,0.06911447084233262,0.16560436806637485,1.0,3/16,4.90%,WWC1;WWC3;WWC2
prerank,GO_Biological_Process_2025__Regulation of Calcium Ion Transport (GO:0051924),0.45357092477356376,1.4206128678177246,0.08351648351648351,0.16535563855091726,1.0,5/21,4.09%,HOMER2;ATP2B1;GRIN3B;EGF;INPP5K
prerank,Reactome_2022__HS-GAG Biosynthesis R-HSA-2022928,0.435090555529949,1.4204079856019836,0.06712962962962964,0.16524715324842962,1.0,9/23,15.07%,HS3ST5;HS3ST4;HS3ST3B1;HS3ST2;HS3ST3A1;NDST3;HS6ST1;HS6ST3;HS6ST2
prerank,GO_Cellular_Component_2025__Calcium Channel Complex (GO:0034704),0.38914843392512977,1.4188529233161022,0.07317073170731707,0.16650684438334593,1.0,22/34,36.84%,PRKCA;ATP2A1;PDE4B;ENTHD1;SMDT1;MICU1;MICU3;MICU2;CACNB1;CACNB2;CACNB4;CACNB3;CACNG3;CACNG8;RYR2;RYR3;RYR1;CACHD1;MCU;CALM2;CALM3;CALM1
prerank,GO_Biological_Process_2025__Regulation of GTPase Activity (GO:0043087),0.3524179432120268,1.4177371362879472,0.0397196261682243,0.16737286618352332,1.0,21/52,20.57%,REPS1;PLXNB2;PLXNB1;PLXNB3;NF1;EFNA5;RRP1B;RSU1;SIPA1L1;RAP1GAP;GNB5;ARL2;TBC1D7;RIC1;PROM2;BCAR3;EZH2;DOCK8;LARS1;ARFGEF1;TBC1D20
prerank,GO_Biological_Process_2025__Substantia Nigra Development (GO:0021762),0.42173234107803986,1.417531211883162,0.07006369426751592,0.16729073036466907,1.0,6/25,7.32%,SYNGR3;YWHAQ;YWHAH;DYNLL1;GRID1;CKB
prerank,GO_Biological_Process_2025__Protein Phosphorylation (GO:0006468),0.2893633561389442,1.4173626601584075,0.00273224043715847,0.16715819561403158,1.0,47/183,19.59%,PKN3;PKN1;PRKCA;PRKCE;PRKCB;PKN2;PRKCG;PRKCZ;PRKCH;PRKCI;ULK2;ULK1;YWHAZ;GRK5;GRK2;PXK;RIOK2;CLSTN1;PICK1;MAPK1;PPP3CB;TTBK2;CDK10;SRPK2;MAPK10;MAPK13;MAPK3;CILK1;MAPK12;MAPK9;MAPK8;NLK;BIRC6;IP6K3;MUSK;RARA;MAPK15;STK39;PDGFB;ADAM10;EIF2AK4;CDC42BPB;PIK3R4;TNKS;SRPK1;MAPK4;MAPK6
prerank,WikiPathways_2024_Human__Oxidative Stress Response WP408,-0.46551178779500213,-1.41698752633264,0.07303370786516854,0.15060567779290845,1.0,10/20,27.47%,UGT1A6;GSTT2;XDH;SOD1;MAOA;NOX5;MGST1;NFKB1;CAT;JUNB
prerank,GO_Biological_Process_2025__Defense Response to Gram-positive Bacterium (GO:0050830),-0.49151626725292774,-1.4167254826798998,0.07832422586520947,0.15065954160840553,1.0,9/18,17.98%,PGLYRP2;PGLYRP1;PGLYRP4;PGLYRP3;LYZ;LALBA;MYD88;CASP4;PNKD
prerank,GO_Biological_Process_2025__Nuclear Receptor-Mediated Steroid Hormone Signaling Pathway (GO:0030518),0.4029772956755848,1.4161438200293084,0.06293706293706294,0.16810031830302863,1.0,17/30,31.67%,PMEPA1;TRERF1;MAPK1;PPARGC1B;RBFOX2;DDX54;ZDHHC7;UBR5;KDM4C;NKX3-1;TADA3;NR3C2;PGR;ESR2;NR3C1;ESR1;ZMIZ1
prerank,GO_Biological_Process_2025__Regulation of Exocytosis (GO:0017157),0.451743505725288,1.4158148901804029,0.0823045267489712,0.1680950559931282,1.0,5/19,6.71%,NSF;LGI3;CADPS2;CPLX2;CPLX1
prerank,GO_Molecular_Function_2025__Monoatomic Cation Transmembrane Transporter Activity (GO:0008324),0.4465174814498052,1.4152481610250383,0.08235294117647059,0.16837682662989673,1.0,7/21,18.80%,SLC12A2;GRIN3B;ATP6V1B2;SLC29A4;NALCN;TRPV2;TRPV4
prerank,WikiPathways_2024_Human__Oncostatin M Signaling WP2374,0.40357330433517286,1.4146541931545393,0.0518018018018018,0.16880862938349467,1.0,10/32,12.15%,PRKCA;PRKCE;PRKCB;PRKCH;MAPK1;GRB2;IRS1;MAPK3;MAPK9;MAPK8
prerank,GO_Biological_Process_2025__RNA Methylation (GO:0001510),0.3877549372542335,1.414567856611721,0.05733944954128441,0.16858958765972856,1.0,20/36,36.47%,FBLL1;FBL;FTSJ3;DIMT1;TRDMT1;FTSJ1;TRMT112;NSUN2;MEPCE;HENMT1;METTL6;MTO1;TRMO;METTL1;BCDIN3D;SNRPD2;WDR6;SNRPD3;RBM15B;RBM15
prerank,WikiPathways_2024_Human__Brain Derived Neurotrophic Factor BDNF Signaling WP2380,0.3280812069775581,1.414557702659688,0.029411764705882353,0.16831149058458425,1.0,21/77,12.15%,NSF;EIF4E;GRIA2;GRIA1;GRIN2B;GRIA3;EIF4EBP1;APC;IGF2BP1;MAPK1;GRB2;IRS2;IRS1;ADAM17;KCNN2;NCK2;NCK1;MAPK10;MAPK3;MAPK9;MAPK8
prerank,GO_Biological_Process_2025__Positive Regulation of Signaling (GO:0023056),0.4741448508966588,1.414108233241069,0.07922912205567452,0.16848502764538173,1.0,7/17,7.74%,NSF;LGI1;GRIK5;INPP5F;CLSTN2;CLSTN1;CLSTN3
prerank,GO_Cellular_Component_2025__Coated Vesicle Membrane (GO:0030662),-0.4397349347496018,-1.4140504179540923,0.06517690875232775,0.15300155968892917,1.0,8/26,14.32%,STX5;KDELR1;KDELR2;KDELR3;MCFD2;SEC13;SEC16A;SEC16B
prerank,WikiPathways_2024_Human__Lipid Metabolism Pathway WP3965,-0.5072777932647352,-1.4139467573488183,0.08752327746741155,0.1528574087481941,1.0,7/16,13.47%,ACLY;ACSBG1;BCKDHA;ACSS2;PRKACB;PRKACA;PRKACG
prerank,GO_Biological_Process_2025__Cytoplasmic Microtubule Organization (GO:0031122),0.40477402876845614,1.4117459728057873,0.06802721088435375,0.1706191095918878,1.0,15/32,19.27%,STMN3;TUBGCP6;TPPP;KATNB1;CLIP1;DYNC1H1;KPNB1;TRPV4;CCDC88C;HOOK3;CCDC88A;CCDC88B;HOOK1;HOOK2;TUBGCP4
prerank,GO_Cellular_Component_2025__Cytoplasmic Stress Granule (GO:0010494),0.35644424422774657,1.4116179189873268,0.05134474327628362,0.17045413331768478,1.0,16/51,20.82%,EIF4E;MBNL1;IGF2BP2;IGF2BP1;IGF2BP3;QKI;HABP4;SSB;PUM1;PUM2;RBFOX1;KPNB1;YBX1;LIN28A;GIGYF2;EIF2S1
prerank,WikiPathways_2024_Human__Photodynamic Therapy Induced NF kB Survival Signaling WP3617,-0.5101481358545483,-1.411358049442959,0.10285714285714286,0.1551050127033082,1.0,10/15,25.35%,BCL2A1;IKBKB;CHUK;CFLAR;CCND1;NFKB2;NFKB1;REL;RELB;RELA
prerank,Reactome_2022__GPCR Ligand Binding R-HSA-500792,0.30093762778962635,1.4109606917542332,0.012376237623762377,0.17083964752242864,1.0,78/124,34.74%,GNGT2;GNGT1;GNG5;GNG11;GNG10;OPN3;OPN4;FSHR;LHCGR;TSHR;SSTR2;HTR7;APP;TACR2;CRHR1;GRM3;GRM2;CNOT6;GABBR2;HTR1E;HTR1F;HTR1B;GNB5;FSHB;LHB;GPHB5;TSHB;GNAS;RGR;GALR2;BRS3;NMBR;EDNRA;EDNRB;GRPR;FZD7;FZD1;FZD10;FZD9;FZD2;FZD8;NMUR2;NTSR1;GPR39;NMUR1;NTSR2;KISS1R;UTS2R;WNT16;GPHA2;GNB1;GNB2;GNB3;GNB4;SAA2;CCKBR;CCKAR;AVPR2;AVPR1B;OXTR;AVPR1A;SSTR5;OPRM1;SSTR1;PTGDR2;OPRD1;SSTR4;NPBWR2;SSTR3;OPRL1;OPRK1;LTB4R2;LTB4R;NPBWR1;PTGER1;PTGER3;PTGFR;TBXA2R
prerank,GO_Biological_Process_2025__Canonical NF-kappaB Signal Transduction (GO:0007249),-0.47667497752584687,-1.410187027217605,0.08333333333333333,0.1560348634458807,1.0,12/19,28.19%,PRDX4;IKBKB;CHUK;NFKB2;NFKB1;REL;RELB;RELA;TBK1;HACD3;IRAK1;IRAK2
prerank,GO_Biological_Process_2025__Negative Regulation of Extrinsic Apoptotic Signaling Pathway (GO:2001237),-0.41613856080565587,-1.4092952230822027,0.0633147113594041,0.15668335252512267,1.0,9/30,10.35%,GATA1;ITGAV;ITGA6;MCL1;ARHGEF2;EYA2;EYA1;EYA4;EYA3
prerank,KEGG_2021_Human__Pertussis,-0.39288739921632365,-1.4092653319389876,0.06518010291595197,0.15647920382861527,1.0,14/42,15.64%,ITGAM;ITGA5;C3;C5;C4B;C4A;MYD88;ITGB2;ITGB1;RHOA;CASP1;PYCARD;CFL1;CFL2
prerank,Reactome_2022__XBP1(S) Activates Chaperone Genes R-HSA-381038,-0.4162925804179081,-1.4088074513948765,0.08392857142857142,0.1567327401077846,1.0,13/30,29.26%,KDELR3;DNAJC3;PDIA6;SYVN1;DNAJB11;SSR1;TSPYL2;ACADVL;SERP1;YIF1A;SHC1;EXTL3;HYOU1
prerank,GO_Biological_Process_2025__Multicellular Organismal-Level Water Homeostasis (GO:0050891),-0.4871956376735164,-1.4085062961083372,0.08362989323843416,0.15679838586398703,1.0,9/17,13.76%,CYP4F2;CYP4F12;CYP4A11;CFTR;PRKACB;PRKACG;AQP2;AQP4;AQP3
prerank,Reactome_2022__Interleukin-12 Signaling R-HSA-9020591,-0.4532399533796251,-1.4075651139477785,0.0743362831858407,0.15754405302195262,1.0,14/22,28.15%,P4HB;GSTO1;TALDO1;HSPA9;MTAP;SOD1;HNRNPF;ANXA2;CDC42;PPIA;RPLP0;MSN;TCP1;VAMP7
prerank,GO_Biological_Process_2025__Regulation of Supramolecular Fiber Organization (GO:1902903),0.4975940329666751,1.406733816756374,0.08026030368763558,0.17494244640780204,1.0,5/15,12.75%,HAX1;APP;GBA2;INPPL1;ARL2
prerank,GO_Molecular_Function_2025__Protein Heterodimerization Activity (GO:0046982),-0.3082557441455569,-1.4065648889631615,0.021487603305785124,0.15833314595038384,1.0,32/148,10.25%,P4HB;UGT1A9;UGT1A4;UGT1A10;UGT1A3;UGT1A8;UGT1A1;UGT1A6;UGT1A7;ITGA3;BAX;MCL1;BAK1;BOK;SNX2;SLC3A2;SLC3A1;PGLYRP4;PGLYRP3;RUNX1;MTTP;MLXIPL;ABCG8;ABCG1;ABCG4;HEXA;SLC7A9;SLC7A8;KATNA1;HIF1A;EPAS1;NPAS3
prerank,KEGG_2021_Human__Oxytocin signaling pathway,0.3235243928339196,1.4046708103021812,0.035211267605633804,0.17669202285960028,1.0,38/77,31.26%,PRKCA;PRKCB;PRKCG;PPP3R1;GNAO1;ADCY3;PPP1CB;GUCY1B1;MAPK1;PPP3CB;PPP3CC;MAPK3;GNAS;GNAQ;PLCB4;PLCB3;PLCB1;PLCB2;CALML4;CALML5;PPP1CC;MYL6;MYL6B;CACNB1;CACNB2;CACNB4;CACNB3;CACNG4;CACNG2;CACNG3;CACNG8;PPP3R2;ITPR1;ITPR3;RYR2;ITPR2;RYR3;RYR1
prerank,Reactome_2022__DAG And IP3 Signaling R-HSA-1489509,0.4298524681375338,1.4039431396735802,0.07112970711297072,0.17719652195736593,1.0,7/22,17.69%,PRKCA;PRKCE;PRKCG;GRK2;PRKAR2A;PRKAR1B;PLCG1
prerank,GO_Biological_Process_2025__Neutral Amino Acid Transport (GO:0015804),0.43059198274582555,1.403540470135243,0.0683371298405467,0.17735294072867466,1.0,9/22,4.73%,SLC36A2;SLC38A5;SLC36A1;SLC38A7;SLC36A3;SLC38A1;SLC32A1;SLC36A4;SLC38A2
prerank,GO_Biological_Process_2025__Cell Junction Organization (GO:0034330),-0.42370774659130267,-1.4033332052323784,0.05872193436960276,0.16137163546902647,1.0,13/29,20.50%,NLGN3;NLGN4X;NLGN2;PSEN1;LIMS2;LIMS1;OPHN1;RHOA;WNT7B;CDC42;MARVELD2;OCLN;SH3BP1
prerank,GO_Biological_Process_2025__Regulation of Ubiquitin-Dependent Protein Catabolic Process (GO:2000058),-0.4158483638868895,-1.4031478286721024,0.070298769771529,0.1613403620376644,1.0,12/30,22.21%,RNF139;RPS7;TGFB1I1;UBQLN4;RPL23;BCAP31;GNA12;USP14;RPL11;GLMN;LATS1;NUB1
prerank,GO_Biological_Process_2025__Visual Perception (GO:0007601),0.3670699850033549,1.4029961044587203,0.03248259860788863,0.17762472482999306,1.0,8/47,5.29%,GUCA1B;GUCA1C;TH;KCNK9;CNGB1;RGS9BP;CEP250;SLC24A1
prerank,GO_Biological_Process_2025__Endocytic Recycling (GO:0032456),0.3702605957612733,1.4029779548305437,0.06,0.17733795998779153,1.0,16/42,34.60%,EHD2;EHD3;EPS15;ANKRD50;MICALL1;VPS26C;RAB14;WASHC2C;VTI1A;STX6;CCDC93;VPS35;VPS52;SNX17;MICALL2;RAB7A
prerank,WikiPathways_2024_Human__Integrated Cancer Pathway WP1971,-0.4460194236555616,-1.402226850615511,0.08536585365853659,0.16199740570389487,1.0,13/23,30.87%,BAX;PLK1;ATR;CASP8;CASP9;CHEK2;CASP3;BARD1;RB1;CDK1;RAD50;MAP3K5;TP53
prerank,GO_Biological_Process_2025__Positive Regulation of Cell Cycle (GO:0045787),0.3970522011277732,1.4019664993789944,0.06430155210643015,0.17817690413771894,1.0,13/31,22.88%,PRKCA;PKN2;EIF4E;EIF4EBP1;APP;PROX1;SRPK2;RARA;TGM1;TBX3;MEIS2;MAPRE3;BIRC5
prerank,Reactome_2022__Chondroitin Sulfate/Dermatan Sulfate Metabolism R-HSA-1793185,-0.41266726936566234,-1.3997530875707525,0.0684931506849315,0.16433650837525635,1.0,10/31,15.24%,HEXA;HEXB;ARSB;CHPF2;CHPF;IDS;GPC1;GPC6;GPC2;GPC4
prerank,Reactome_2022__Immunoregulatory Interactions Between A Lymphoid And A non-Lymphoid Cell R-HSA-198933,-0.4492623217428251,-1.3994753868791918,0.072992700729927,0.16438228435615215,1.0,6/23,11.58%,ITGAL;ITGA4;C3;ITGB2;ITGB1;ITGB7
prerank,Reactome_2022__Iron Uptake And Transport R-HSA-917937,0.3700141861276381,1.399223465403053,0.05909090909090909,0.1807918118932356,1.0,10/40,16.70%,ATP6V1A;ATP6V0E1;ATP6V0E2;ATP6V1B2;SLC22A17;ATP6V1E1;ATP6V1E2;ATP6V1H;ATP6V1C1;ATP6V1C2
prerank,GO_Biological_Process_2025__Leukocyte Cell-Cell Adhesion (GO:0007159),-0.4892465806301337,-1.3989071859909377,0.11053540587219343,0.16473526264531638,1.0,7/15,16.37%,ITGAL;ITGA4;FERMT3;ITGB2;ITGB1;GFUS;ROCK1
prerank,WikiPathways_2024_Human__Wnt Signaling WP363,0.4136576647874797,1.3984172775416162,0.10208816705336426,0.18132773742421426,1.0,14/27,25.95%,PRKCA;PRKCB;PRKCG;APC;MAPK1;MAPK9;MAPK8;NLK;PPARG;ARRB2;CSNK1D;CSNK1E;TSC1;MTOR
prerank,GO_Biological_Process_2025__Heterophilic Cell-Cell Adhesion via Plasma Membrane Cell Adhesion Molecules (GO:0007157),-0.476106992680313,-1.3979162631472184,0.08925318761384335,0.16548442855889411,1.0,3/17,4.49%,NLGN1;ITGAL;CD164
prerank,GO_Biological_Process_2025__Brain Development (GO:0007420),0.3168514832892083,1.3978303871054616,0.019417475728155338,0.1816583953885399,1.0,32/89,22.26%,PAFAH1B1;ARNT2;RTN3;RTN2;RTN1;RTN4;GRIN2B;GRIN2A;GRIN2D;GRIN2C;CTNNA2;PLXNB2;NF1;PROX1;NIPBL;SMARCA1;SETD1A;TBR1;EOMES;SCYL2;DHX37;CA10;ZNF335;MEIS2;PBX2;MEIS1;PBX1;PBX3;PBX4;MEIS3;HAP1;SOX21
prerank,GO_Biological_Process_2025__Cell Surface Receptor Protein Tyrosine Kinase Signaling Pathway (GO:0007169),0.3096564947010308,1.3973040836774526,0.01818181818181818,0.1819446868079565,1.0,35/106,19.23%,PKN1;PKN2;STMN1;CLSTN1;EFNA5;EFNA2;EFNB3;EFNA3;EFNB1;EFNA4;EFNB2;EFNA1;MAPK1;GRB2;IRS2;IRS1;IRS4;SORBS1;NCK2;NCK1;SIPA1L1;ARHGEF28;MUSK;RORA;BCAR3;PDGFB;PDGFA;PLCB1;GFRA1;GFRA3;GFRA4;GFRA2;GIGYF1;GIGYF2;RAB14
prerank,GO_Biological_Process_2025__Positive Regulation of Catalytic Activity (GO:0043085),0.4485667308473615,1.3970736400197443,0.09230769230769231,0.18183758712048573,1.0,11/19,31.09%,ATP7A;PHACTR4;MAPK3;MAPK8;AZIN2;STX4;MSH6;B3GAT3;CREB3L4;MSH2;CIB1
prerank,Reactome_2022__Mitochondrial Biogenesis R-HSA-1592230,0.3487732225717117,1.3967697207334253,0.04888888888888889,0.18191267522351193,1.0,35/56,36.84%,GLUD2;GLUD1;ATP5PB;PPARGC1A;PPRC1;PPARGC1B;ATP5F1A;MAPK12;NR1D1;PPARA;ATP5PF;POLRMT;CRTC2;CRTC1;CRTC3;CYCS;ATP5PD;HELZ2;TBL1XR1;TBL1X;CREB1;MTX2;NRF1;ESRRA;ATP5F1C;ATP5MF;APOO;APOOL;SAMM50;ATP5MG;DMAC2L;ATP5F1D;GABPA;ATP5PO;CALM1
prerank,GO_Molecular_Function_2025__GTPase Binding (GO:0051020),0.29514427858014847,1.3959629782778247,0.0079155672823219,0.18254145153786647,1.0,49/130,29.66%,PKN1;PKN2;ULK1;OCRL;REPS1;KIF3A;BICD2;BICD1;PICALM;FNBP1L;EPRS1;RANBP1;ATG14;PPP6R1;MICALL1;EXOC5;BNIP3;SPTBN1;RAP1GAP;LZTR1;IARS1;KIF3B;TBC1D7;PDE6D;RIC1;ARHGDIB;ANKFY1;PLCE1;MAPKAP1;YBX1;GAPVD1;DOCK4;DOCK5;TBC1D20;BIRC5;DMXL2;RIMS1;NCKAP1;RCC2;DOCK7;DOCK3;MARCHF5;RNF41;KCTD13;TNFAIP1;TRIOBP;GNB1;GNB2;GNB3
prerank,WikiPathways_2024_Human__Cell Lineage Map For Neuronal Differentiation WP5417,0.3364716375315247,1.3950161235177685,0.030805687203791468,0.1832522089201317,1.0,18/61,12.40%,SNAP25;GAD2;GAD1;TH;HOMER2;SLC18A3;GRIN2B;GABBR1;AP2A2;AP2A1;SLC17A6;SLC17A7;LIN7A;TPH1;TPM1;CHAT;GABBR2;OLIG2
prerank,GO_Biological_Process_2025__Positive Regulation of Interleukin-1 Production (GO:0032732),-0.4542964428157972,-1.394579656975958,0.1056338028169014,0.16884074359781157,1.0,9/20,17.48%,CD36;LPL;MYD88;CASP1;CASP8;PYCARD;PYDC1;FZD5;WNT5A
prerank,GO_Biological_Process_2025__Macromolecule Biosynthetic Process (GO:0009059),-0.3095723388619594,-1.394552555070168,0.021241830065359478,0.1686147329000005,1.0,71/140,33.77%,ABCC6;RPS7;RPL8;RPL26;RPS28;RPS8;RPS16;RPL27A;RPL35;RPL30;RPLP2;RPS26;RPS17;RPS24;EEF1B2;EEF1D;RPS18;RPL23;RPL7;RPL18;RPS15;RPS6;RPS5;RPL19;RPL11;HARS1;RPL29;RPS14;RPL15;RPL7A;MRPL3;PTRH2;RPS15A;RPL31;RPS29;RPS6KB2;RPL13A;RPLP0;RPL18A;RPS9;RPS11;SARS1;HBS1L;RPL14;RPL12;RPS21;RPS3;RPL9;RPL6;RPSA;GTPBP1;RPL4;MRPL41;FAU;RPS12;RPS25;RPLP1;RPL27;UBA52;RRBP1;COPS5;EEF1G;RPS2;EIF5AL1;EIF5A2;MRPS17;RPS23;RPS4Y2;RPS4X;RPS4Y1;MRPL36
prerank,GO_Biological_Process_2025__Negative Regulation of Supramolecular Fiber Organization (GO:1902904),0.3683501571604731,1.394111370562728,0.06407322654462243,0.18400163930621175,1.0,9/41,10.62%,STMN1;STMN2;CHADL;INPP5J;LDLR;PFDN6;SMAD4;KATNB1;TTBK2
prerank,GO_Biological_Process_2025__Protein Exit From Endoplasmic Reticulum (GO:0032527),-0.4552685686400896,-1.3935098032360564,0.08022388059701492,0.16952688997961846,1.0,9/20,27.01%,VCP;HSP90B1;SYVN1;SEC13;SEC16A;SEL1L;SEC61B;DERL1;SURF4
prerank,GO_Biological_Process_2025__Regulation of Stress Fiber Assembly (GO:0051492),0.36787622594569963,1.392321959749147,0.05818965517241379,0.1856591525582544,1.0,14/39,23.39%,PKN1;PKN2;STMN1;SORBS3;INPP5K;EVL;TPM1;ARHGEF18;SYNPO;SYNPO2L;CCDC88A;SFRP1;PPFIA1;SLC9A1
prerank,GO_Molecular_Function_2025__Monoatomic Anion Transmembrane Transporter Activity (GO:0008509),0.46144198167012934,1.3922935654974917,0.09871244635193133,0.18538151418172633,1.0,7/16,10.78%,SLC12A5;SLC5A5;SLC26A2;SLC26A1;SLC4A2;SLC4A8;SLC4A1
prerank,GO_Biological_Process_2025__Regulation of Amyloid-Beta Formation (GO:1902003),0.45216252190540895,1.3920106857500987,0.09403669724770643,0.18540360118772226,1.0,7/19,8.60%,RTN3;RTN2;RTN1;RTN4;PICALM;EFNA1;GSAP
prerank,GO_Cellular_Component_2025__Lysosome (GO:0005764),-0.28229469915294675,-1.3912221197011259,0.008955223880597015,0.17170298456376182,1.0,74/292,16.21%,GAA;AKR1B10;ECE1;SCARB1;SCARB2;SEH1L;SLC26A11;PCSK9;SLC15A3;SLC2A13;SLC2A8;SLC2A6;GUSB;MAN2B1;SNX2;CD164;ABCC10;CFTR;CTSV;CTSL;SLC46A3;SLC29A3;CLN3;DPP4;NPC2;GLB1;TMEM192;MANBA;MYO6;GBA1;DNAJC5;ENPEP;ABCA5;CTSF;CTSW;TINAG;SPHK2;HEXA;HEXB;PLEKHM2;ZFYVE26;PLEKHF1;PLD3;VPS4A;VASN;PRKCSH;ARSK;ARSG;ARSA;GALNS;GNS;STS;SLC38A9;TOM1L1;IDS;CTSD;SEC13;TXNDC5;ANXA6;ANXA2;SLC35F6;WDR24;OCIAD2;OCIAD1;PPT2;GPC1;GPC6;GPC2;GPC4;ACP2;ACP4;ACP3;LAMTOR5;SPG11
prerank,GO_Biological_Process_2025__Protein Polyubiquitination (GO:0000209),0.3050255334462667,1.3910722950669008,0.024096385542168676,0.18606856640058267,1.0,35/107,23.77%,PELI3;PELI1;PELI2;UBE2W;LNPEP;UBE2B;STUB1;AREL1;RNF123;SPOP;MKRN1;MKRN3;RNF5;RNF185;UBE2N;UBE2NL;CDC27;FBXO28;UBE2C;KLHL20;MARCHF6;UBE2S;RNF146;UBR5;TNKS2;TNKS;CDC16;UBE3C;UBE4A;FBXO9;BIRC2;XIAP;CBFB;UBR4;UBR2
prerank,Reactome_2022__Apoptotic Cleavage Of Cellular Proteins R-HSA-111465,-0.4565467549704757,-1.3910610528724543,0.09297912713472485,0.17161358547120606,1.0,13/20,34.05%,GSN;CLSPN;BCAP31;CASP6;CASP8;ROCK1;OCLN;CASP3;CASP7;FZR1;FNTA;ACIN1;PROC
prerank,GO_Biological_Process_2025__Nucleosome Assembly (GO:0006334),-0.45786911600007163,-1.3909345402634068,0.0941385435168739,0.1715073268526363,1.0,7/22,16.99%,KAT6B;RSF1;SOX9;CHAF1B;HIRA;NAP1L3;NAP1L2
prerank,Reactome_2022__Semaphorin Interactions R-HSA-373755,0.4124779330264215,1.3891152495394132,0.060133630289532294,0.1880539708540658,1.0,9/26,14.00%,PKN1;PKN2;PLXNB1;PLXNB3;PLXND1;PLXNC1;RRAS;ARHGEF11;ARHGEF12
prerank,GO_Molecular_Function_2025__DNA Secondary Structure Binding (GO:0000217),0.4581871768990252,1.3889615252509881,0.08791208791208792,0.18791642303004422,1.0,9/17,26.40%,MEN1;XPC;HMGB3;KMT2A;YY1;FANCM;HAND2;MSH6;XRCC3
prerank,WikiPathways_2024_Human__Wnt Signaling In Kidney Disease WP4150,-0.42438720550696896,-1.3887404565185653,0.09106830122591944,0.17351457000762296,1.0,16/28,20.76%,RHOA;FZD5;WNT9B;WNT7A;WNT7B;WNT5A;WNT2B;WNT4;WNT5B;WNT11;WNT3A;WNT10A;WNT2;WNT10B;LRP6;WNT6
prerank,GO_Biological_Process_2025__Central Nervous System Development (GO:0007417),0.2899743041766537,1.3883515871373688,0.01643835616438356,0.18827345393453548,1.0,54/149,22.78%,HPCAL4;NPAS2;ARNT2;SNTG2;SPOCK1;SH3GL3;SH3GL2;RTN3;RTN2;RTN1;RTN4;GRIK1;GRIN2B;GRIN2A;GRIN2D;GRIN2C;APP;APLP1;APLP2;GBA2;TPPP;PLXNB2;NF1;QKI;PROX1;SH3GL1;NIPBL;SPTBN1;NEUROG3;ATOH1;TAGLN3;MSI2;CELSR1;SMARCA1;SETD1A;PTEN;TBR1;EOMES;ADAM23;SCYL2;DHX37;CA10;ZNF335;MEIS2;PBX2;MEIS1;PBX1;PBX3;PBX4;MEIS3;HAP1;SOX21;NMUR2;NR4A2
prerank,GO_Biological_Process_2025__Neuron Projection Morphogenesis (GO:0048812),0.33740568135794197,1.387896118857171,0.043795620437956206,0.18849309985942062,1.0,26/59,28.13%,PKN1;MAPK8IP2;ATP7A;APP;APLP1;APLP2;CTNNA2;PLXNB1;BTBD3;DIP2A;ZDHHC17;CELSR2;PTEN;EIF2AK4;ZNF335;ISL2;ISL1;ATP9A;TSC22D4;KLF7;NCKAP1;NCKAP1L;KLK8;SGK1;DOCK10;DOCK7
prerank,WikiPathways_2024_Human__Primary Focal Segmental Glomerulosclerosis FSGS WP2572,-0.4092761924185542,-1.3874685099092199,0.08348457350272233,0.17459551480330726,1.0,9/31,11.59%,MME;SCARB2;ITGA3;ITGAV;CTSL;VCL;LIMS1;ITGB1;ITGB4
prerank,GO_Biological_Process_2025__Positive Regulation of Transferase Activity (GO:0051347),-0.44171727197875604,-1.3858545526547918,0.0825515947467167,0.17607454777710305,1.0,7/23,16.43%,AGXT;DBI;TRIB3;RFC5;PLK1;CHTF18;DSTYK
prerank,GO_Biological_Process_2025__rRNA Metabolic Process (GO:0016072),0.323724107151277,1.3853439255967863,0.030232558139534883,0.1910257191791244,1.0,29/75,26.62%,DDX47;PES1;WDR36;HEATR1;DDX27;FBL;MTREX;BYSL;NOL6;NOP2;DKC1;UTP15;UTP20;WDR55;NOP58;RRP36;WDR74;DDX54;IMP4;NOB1;NOC4L;RRP9;BRF1;MARS1;SBDS;NOP53;GTF3C1;NVL;SIRT7
prerank,GO_Biological_Process_2025__protein-DNA Complex Assembly (GO:0065004),-0.4442779426884765,-1.3835685372413227,0.09824561403508772,0.17835843702861423,1.0,7/24,16.99%,KAT6B;RSF1;SOX9;CHAF1B;HIRA;NAP1L3;NAP1L2
prerank,GO_Biological_Process_2025__Multivesicular Body Assembly (GO:0036258),-0.43340532920990155,-1.38334946312735,0.09157509157509157,0.17833994623898586,1.0,9/24,31.89%,IST1;VPS4A;RAB11A;STAM2;STAM;VPS4B;MVB12A;VTA1;VPS37A
prerank,GO_Biological_Process_2025__Amide Transport (GO:0042886),-0.4631355729697471,-1.3829944119927806,0.08,0.17847686388256606,1.0,9/19,23.97%,SLC46A1;CLN3;SLC27A1;ABCA13;AQP8;SLC19A1;SEC14L2;ABCG2;SLC5A6
prerank,GO_Biological_Process_2025__Regulation of Macrophage Derived Foam Cell Differentiation (GO:0010743),-0.4726286181807485,-1.3821319605499378,0.09836065573770492,0.17914787264668622,1.0,7/17,8.12%,CD36;ITGAV;AGXT;LPL;PLA2G3;ABCA5;ABCG1
prerank,GO_Molecular_Function_2025__RNA Polymerase Core Enzyme Binding (GO:0043175),0.4115682957440335,1.3819786191217471,0.08083140877598152,0.1945738354342109,1.0,12/24,32.60%,SMYD2;GTF2B;RRN3;MAF1;CTR9;PCF11;RECQL5;ESRRB;RTRAF;AGO2;CDC73;DHX9
prerank,Reactome_2022__Transcriptional Activation Of Mitochondrial Biogenesis R-HSA-2151201,0.3899794401948344,1.3818306731049583,0.06818181818181818,0.19437914865129063,1.0,18/33,30.44%,GLUD2;GLUD1;PPARGC1A;PPRC1;PPARGC1B;NR1D1;PPARA;POLRMT;CRTC2;CRTC1;CRTC3;CYCS;HELZ2;TBL1XR1;TBL1X;CREB1;NRF1;ESRRA
prerank,WikiPathways_2024_Human__Alpha 6 Beta 4 Signaling WP244,0.4697454996326182,1.3815770809917807,0.0982532751091703,0.19438077154900252,1.0,7/16,12.10%,PRKCA;EIF4EBP1;MAPK1;GRB2;IRS2;IRS1;MAPK3
prerank,GO_Biological_Process_2025__Organophosphate Metabolic Process (GO:0019637),-0.3633474540702852,-1.3810994904080578,0.051470588235294115,0.18002002312757195,1.0,21/55,13.33%,PFKFB1;LPL;PLAA;PLA2G3;FBP1;MOCOS;AGPAT1;AGPAT2;PFKP;PFKM;PFKL;PLPP4;PLPPR4;PLPPR3;PLPP2;PLPP3;PLPP5;PLPPR1;PLPP1;PLPPR2;PLPPR5
prerank,WikiPathways_2024_Human__ncRNAs In Wnt Signaling In Hepatocellular Carcinoma WP4336,-0.36600612533595384,-1.3810969648906912,0.06914893617021277,0.17976527330186587,1.0,23/52,20.76%,CTBP2;CTBP1;SOX17;SOX7;CCND3;CCND1;CCND2;CSNK1A1L;SFRP4;FZD5;WNT7A;WNT7B;WNT5A;WNT2B;WNT4;WNT5B;WNT11;WNT3A;WNT10A;WNT2;WNT10B;LRP6;WNT6
prerank,GO_Biological_Process_2025__Regulation of Calcium Ion Transmembrane Transport (GO:1903169),0.4748579907419793,1.3808615623126639,0.09976798143851508,0.1948625665810495,1.0,6/17,11.40%,NOS1AP;ATP1A2;KCNK16;APP;KCNN4;PDE4B
prerank,GO_Biological_Process_2025__Canonical Wnt Signaling Pathway (GO:0060070),-0.38250295057605366,-1.3799524463986572,0.057391304347826085,0.18084820748773275,1.0,20/41,20.76%,GATA3;SFRP4;FZD5;WNT9B;WNT7A;WNT8B;WNT8A;WNT7B;WNT5A;WNT2B;WNT4;WNT5B;WNT11;WNT3A;WNT10A;WNT2;WNT9A;WNT10B;LRP6;WNT6
prerank,GO_Biological_Process_2025__Protein Modification by Small Protein Removal (GO:0070646),-0.389988704720631,-1.3786095739203377,0.10069444444444445,0.18210561167485972,1.0,18/39,33.39%,PSMD14;USP8;TOR1A;USP12;UCHL5;COPS3;COPS4;OTUB1;OTUB2;COPS6;UCHL1;CDK1;OTUD3;OTUD6B;COPS5;SENP5;SENP2;SENP3
prerank,GO_Biological_Process_2025__Regulation of Intrinsic Apoptotic Signaling Pathway (GO:2001242),-0.45107888872508134,-1.3772743679041213,0.10555555555555556,0.18331282338472177,1.0,9/21,25.93%,P4HB;BOK;NUPR1;RACK1;BCAP31;PYCARD;NHERF1;PPIF;PTPMT1
prerank,GO_Cellular_Component_2025__Serine/Threonine Protein Kinase Complex (GO:1902554),-0.3621786180004876,-1.3768966465762786,0.06017699115044248,0.18345548468870457,1.0,30/52,26.99%,STING1;CAB39L;CAB39;CCNI2;CCND3;CCNO;CCNA2;CCNJL;CCNJ;CCND1;CCNI;CCNP;CCND2;CCNG1;CCNF;CCNG2;CCNB2;PARD6A;PARD6B;PARD6G;CDK1;CCNY;CCNL1;CCNL2;CCNH;ACVR2A;ACVR1C;ACVR1B;IKBKE;TBK1
prerank,WikiPathways_2024_Human__TROP2 Regulatory Signaling WP5300,-0.47329544287367287,-1.3760959608441148,0.10076045627376426,0.18412688743396252,1.0,8/17,16.05%,ITGA5;BAX;ABCC1;PSEN2;ITGB1;RACK1;CCNE1;CCND1
prerank,GO_Biological_Process_2025__Transforming Growth Factor Beta Receptor Superfamily Signaling Pathway (GO:0141091),0.36832547271428434,1.3755078410295345,0.07009345794392523,0.2007948092395839,1.0,15/39,22.31%,DAB2;WFIKKN2;WFIKKN1;LRG1;SIRT1;SMAD7;SMAD4;MAPK3;NLK;FSHB;PPARG;SCX;AMHR2;ACVRL1;ARRB2
prerank,GO_Cellular_Component_2025__Endocytic Vesicle Membrane (GO:0030666),0.3194330654389858,1.3752139715107576,0.03309692671394799,0.20078602609307952,1.0,16/80,7.75%,LDLRAP1;ATP7A;SLC18A3;KIAA0319;SH3GL2;GRIA2;GRIA1;GRIA3;GRIA4;EGF;ATP6V0E1;ATP6V0E2;AP2A2;AP2A1;LDLR;PICK1
prerank,WikiPathways_2024_Human__Thyroid Stimulating Hormone TSH Signaling WP2032,0.38005203903859086,1.3741194237562502,0.06904231625835189,0.20173478118514632,1.0,11/35,13.70%,KCNIP3;GNAO1;TSHR;ADCY3;MAPK1;RAP1GAP;MAPK3;TSHB;GNAS;GNAQ;GNA13
prerank,Reactome_2022__RNA Polymerase III Transcription Termination R-HSA-73980,0.46303272071504653,1.3740471148233264,0.0967741935483871,0.20153948279730094,1.0,12/18,36.75%,POLR3H;POLR2K;POLR1D;SSB;CRCP;POLR3D;POLR3B;NFIX;NFIA;NFIB;POLR2L;POLR2E
prerank,GO_Biological_Process_2025__Positive Regulation of Epithelial Cell Proliferation (GO:0050679),0.36478377508913007,1.374040831250194,0.07674418604651163,0.20122709643512254,1.0,16/41,22.80%,PRKCA;RTN4;LRG1;EGF;SIRT1;PLXNB3;CLSTN1;RREB1;PROX1;TGM1;PDGFB;TBX1;FZD7;SFRP1;NR4A3;NR4A1
prerank,GO_Molecular_Function_2025__Magnesium Ion Binding (GO:0000287),-0.32043750618603567,-1.3737779587058594,0.040983606557377046,0.18646533131329243,1.0,25/103,16.59%,HPGDS;PDXK;PGP;PDXP;PSPH;MTHFD2;EXD2;SPHK1;CERK;PRTFDC1;PGM1;HPRT1;PCK1;IMPA1;FIGNL1;EYA2;ITGB1;PLK1;PRKACB;GMNN;HMGCL;MOV10L1;FEN1;EPHX2;PLSCR1
prerank,Reactome_2022__Ca-dependent Events R-HSA-111996,0.4655076350107914,1.3732015891606892,0.08333333333333333,0.201906571027225,1.0,6/17,16.15%,PRKCA;PRKCG;GRK2;MAPK1;PRKAR2A;PRKAR1B
prerank,GO_Biological_Process_2025__Receptor-Mediated Endocytosis (GO:0006898),0.32967070191776393,1.372609949688818,0.038834951456310676,0.20235279234880238,1.0,14/61,6.60%,MX2;LDLRAP1;DAB2;INPP5F;REPS1;EPS15;AP2A2;AP2A1;PLXNB2;SNAP91;PICALM;GRK2;FNBP1L;LDLR
prerank,GO_Biological_Process_2025__Plasma Membrane Bounded Cell Projection Organization (GO:0120036),0.33618541347551406,1.372325131706141,0.06097560975609756,0.20236322091276554,1.0,15/64,14.88%,STMN1;STMN3;STMN2;STMN4;SH3GL2;ULK1;LGI1;APP;MICALL1;TPM1;STX3;BLOC1S1;SAMD14;PPP1R9B;PPP1R9A
prerank,GO_Biological_Process_2025__Energy Derivation by Oxidation of Organic Compounds (GO:0015980),0.45273689077605145,1.3721938748387423,0.10574712643678161,0.20220266959272432,1.0,8/17,22.79%,GFPT2;COX7A2;PPARGC1A;COX7C;COX5B;CYCS;UQCRQ;NR4A3
prerank,WikiPathways_2024_Human__Cannabinoid Receptor Signaling WP3869,0.4691273127319677,1.3718223518244304,0.1029082774049217,0.2023067259619961,1.0,8/16,16.15%,MAPK1;MAPK10;MAPK13;MAPK3;MAPK12;MAPK9;MAPK8;PRKAR1B
prerank,WikiPathways_2024_Human__Genes Related To Primary Cilium Development Based On CRISPR WP4536,0.34826552441857994,1.371555346539366,0.06264501160092807,0.20232794026177506,1.0,27/52,36.76%,DYNLL1;KIF3A;KATNB1;DYNC2H1;TTBK2;CILK1;KIF3B;TMEM67;IFT140;FUZ;BBS5;KIFAP3;ARL6;CEP97;IFT70B;IFT52;IFT172;CEP104;TULP3;IFT57;WDR19;CDK20;TMEM216;TMEM17;WDR35;DYNLT1;EFCAB7
prerank,GO_Biological_Process_2025__Connective Tissue Development (GO:0061448),-0.4530977245204484,-1.36941472751175,0.09926470588235294,0.19122685439233494,1.0,8/20,15.61%,CHI3L1;SOX9;SOX8;SOX6;SOX5;SULF2;SULF1;SLC39A13
prerank,GO_Biological_Process_2025__Ub-dep Prot Cat Proc via Multivsiclr Bdy Sorting Pway (GO:0043162),-0.4216575354979535,-1.3693359047607225,0.08103130755064457,0.19103875724516328,1.0,8/24,31.89%,PLAA;VPS4A;TOM1L1;STAM2;STAM;VPS4B;MVB12A;VPS37A
prerank,WikiPathways_2024_Human__Bardet Biedl Syndrome WP5234,0.35880835311786513,1.3692377811271357,0.06787330316742081,0.20480251942775907,1.0,21/46,34.22%,CNGB1;CNGA1;OCRL;BMAL1;DYNC2H1;CILK1;TMEM67;PDE6D;IFT140;FUZ;BBS5;ARL6;SCAPER;CFAP410;IFT52;IFT172;CEP104;IFT57;CEP164;WDR19;TMEM216
prerank,KEGG_2021_Human__Pancreatic secretion,0.3340147096497505,1.3691099849182644,0.0413625304136253,0.20461228686878602,1.0,11/61,1.49%,SLC12A2;PRKCA;PRKCB;PRKCG;ATP2B2;ATP2A2;ATP2B3;ATP1A4;ATP2B1;ATP2A1;ATP1A2
prerank,WikiPathways_2024_Human__Apoptosis WP254,-0.3885353983524976,-1.3688112730366138,0.06666666666666667,0.19136194050861788,1.0,13/37,14.97%,BAX;MCL1;BAK1;BOK;IKBKB;CHUK;CASP1;CASP6;CFLAR;CASP8;CASP9;CASP4;CASP2
prerank,GO_Biological_Process_2025__Positive Regulation of Supramolecular Fiber Organization (GO:1902905),0.35069227912080636,1.368752252053522,0.06206896551724138,0.2047154209071973,1.0,17/46,15.14%,PKN1;PRKCE;STMN2;APP;KATNB1;PROX1;EVL;NCK2;NCK1;CLIP1;ARL2;FCHSD1;FCHSD2;LMOD1;SYNPO2;SYNPO;SYNPO2L
prerank,WikiPathways_2024_Human__AMP Activated Protein Kinase Signaling WP1403,-0.37685151873688766,-1.368537241123141,0.05673758865248227,0.1913881896529348,1.0,20/43,22.12%,SLC2A4;ACACB;GYS2;GYS1;CAB39;PRKACB;PRKACG;PIK3CG;PIK3CD;PIK3CB;CCNB1;CCNA1;CCNA2;ADIPOR1;CPT1A;CPT1C;CPT1B;HNF4A;RPS6KB2;RPS6KB1
prerank,GO_Biological_Process_2025__Establishment of Protein Localization to Organelle (GO:0072594),0.33391375109665394,1.3685340819354896,0.051643192488262914,0.20463643304590332,1.0,21/61,21.41%,IPO5;RANBP6;LAMP5;IPO13;NUP214;POM121C;NPAP1;POM121L2;NUP153;POM121;KPNB1;KPNA1;KPNA5;KPNA6;EIF4ENIF1;IPO4;ZDHHC15;HOOK2;IPO7;NPM1;SIRT6
prerank,GO_Molecular_Function_2025__Ubiquitin Protein Ligase Activity (GO:0061630),0.2966481426260048,1.3678958692229064,0.02040816326530612,0.20509153785023448,1.0,38/121,23.77%,PELI3;PELI1;PELI2;HECTD1;SH3RF3;SH3RF2;PDZRN3;STUB1;AREL1;RNF123;RNF2;RING1;SH3RF1;MKRN1;MKRN2;MKRN3;RNF5;RNF185;UBE2C;VPS11;MARCHF6;RNF146;UBR5;UBE3C;MSL2;NEURL4;UBE4A;ARK2N;RNF111;ARK2C;BIRC2;XIAP;BIRC7;BIRC3;UBR3;UBR4;UBR1;UBR2
prerank,GO_Cellular_Component_2025__Golgi Stack (GO:0005795),0.43248757261289117,1.3676773856194755,0.109375,0.20500154487636735,1.0,9/20,20.98%,NSF;OCRL;RAB30;GALNT2;MGAT4A;MGAT4B;MGAT4D;RAB14;GOLGA7
prerank,"GO_Biological_Process_2025__Regulation of Alternative mRNA Splicing, via Spliceosome (GO:0000381)",0.37502189743013836,1.3675311054901187,0.07918552036199095,0.2048586206802555,1.0,10/36,13.86%,CELF6;CELF5;PTBP1;NOVA1;KHDRBS2;KHDRBS1;KHDRBS3;RBFOX3;RBFOX1;RBFOX2
prerank,GO_Biological_Process_2025__Organelle Transport Along Microtubule (GO:0072384),0.3992619261697489,1.3673241027915939,0.07482993197278912,0.2047869895144756,1.0,11/28,22.21%,PAFAH1B1;BICD2;BICD1;BLOC1S1;RAB1A;LRPPRC;CDR2L;NDE1;HAP1;TRAK2;TRAK1
prerank,GO_Biological_Process_2025__Protein Targeting (GO:0006605),0.3052255993075269,1.367051752217499,0.035629453681710214,0.20479161935677867,1.0,40/94,27.20%,PRKCI;TOMM40;TIMM13;KATNB1;MAN1A1;MICALL1;PITRM1;ZDHHC23;TOMM70;RASSF9;TIMM17A;TIMM17B;ZDHHC18;ZDHHC21;ZDHHC1;ZDHHC12;ZDHHC15;ZDHHC20;ZDHHC11B;ZDHHC7;ZDHHC4;ZDHHC2;ZDHHC11;ZDHHC9;SDCBP;PIK3R4;ARL6;FIS1;GOLGA7;GOLGA7B;ZDHHC14;HAP1;TRAK2;TRAK1;TOMM20;AP1S3;TIMM8B;PEX16;TOMM34;TIMM23
prerank,GO_Biological_Process_2025__tRNA Aminoacylation for Protein Translation (GO:0006418),0.3762547154329194,1.36675772465455,0.06741573033707865,0.20479800012461052,1.0,18/34,37.00%,EPRS1;TARS2;TARS3;DTD1;YARS1;IARS1;FARS2;KARS1;LARS1;RARS1;MARS1;VARS1;MARS2;NARS2;FARSA;WARS2;EARS2;LARS2
prerank,GO_Biological_Process_2025__Oligodendrocyte Differentiation (GO:0048709),-0.46925248618970145,-1.3660958056625838,0.10825688073394496,0.19399158608605893,1.0,6/17,11.92%,SOX10;SOX9;SOX8;SOX6;SOX13;MYRF
prerank,WikiPathways_2024_Human__MAPK Signaling WP382,0.30232937279917016,1.3658306890253455,0.03864734299516908,0.20554998855057252,1.0,20/99,12.16%,PRKCA;PRKCG;STMN1;MAPK8IP1;MAPK8IP2;PPP3R1;EGF;NF1;MAPK1;GRB2;RRAS;PPP3CB;PPP3CC;MAPK10;MAPK13;MAPK3;MAPK12;MAPK9;MAPK8;NLK
prerank,"GO_Biological_Process_2025__Positive Regulation of Gene Expression, Epigenetic (GO:0141137)",0.38883579497873305,1.365119147701696,0.09049773755656108,0.20609722535621805,1.0,11/30,26.62%,MEN1;APP;PRMT3;TRMT112;KMT2A;RBBP5;KDM1B;WDR5;NOC2L;KAT2B;SIRT7
prerank,GO_Biological_Process_2025__Import Into Nucleus (GO:0051170),0.34743774075184936,1.3638985721702683,0.06473214285714286,0.2072770971700857,1.0,18/51,21.41%,IPO5;RANBP6;IPO13;NUP214;POM121C;NPAP1;POM121L2;NUP153;POM121;KPNB1;KPNA1;KPNA5;KPNA6;EIF4ENIF1;IPO4;IPO7;NPM1;SIRT6
prerank,Reactome_2022__Diseases Of Glycosylation R-HSA-3781865,-0.33917344805840466,-1.3628111705347628,0.057291666666666664,0.1977185218070375,1.0,26/68,26.70%,GALT;GLB1;MOGAT2;HEXA;HEXB;PGM1;GALNT12;GALNT3;DHDDS;MPDU1;GPC1;GPC6;GPC2;GPC4;SPON1;PMM2;MUC4;C1GALT1;C1GALT1C1;THBS2;THBS1;MUCL1;DPM3;GPC5;GPC3;NUS1
prerank,Reactome_2022__Signaling By ERBB2 R-HSA-1227986,0.4196555288730083,1.3626968123392469,0.0718954248366013,0.2084146839735021,1.0,5/22,8.63%,PRKCA;PRKCE;EGF;STUB1;GRB2
prerank,KEGG_2021_Human__Chemokine signaling pathway,0.3252427527452915,1.3622348055750393,0.05185185185185185,0.20868863006054356,1.0,21/70,17.72%,GNGT2;GNGT1;GNG5;GNG11;GNG10;PRKCB;PRKCZ;GRK5;GRK2;ADCY3;MAPK1;GRB2;MAPK3;GNB5;GNAQ;PLCB4;PLCB3;PLCB1;PLCB2;PLCG1;PLCG2
prerank,GO_Cellular_Component_2025__Excitatory Synapse (GO:0060076),-0.4800096427770974,-1.3614243988568173,0.12363636363636364,0.19910616499848258,1.0,5/15,2.23%,NLGN1;NLGN3;NLGN4Y;NLGN4X;ITGA3
prerank,"GO_Molecular_Function_2025__Hydrolase Activity, Acting on Carbon-Nitrogen (But Not Peptide) Bonds, in Linear Amides (GO:0016811)",-0.4220961217451775,-1.3602228187843475,0.10215053763440861,0.2002554380324619,1.0,9/26,18.81%,HDAC6;FAAH2;HINT2;ASRGL1;NIT1;NGLY1;NIT2;HDAC2;UPB1
prerank,GO_Biological_Process_2025__Multivesicular Body Organization (GO:0036257),-0.41904179552558635,-1.358972334673329,0.10166358595194085,0.20151854400123864,1.0,9/25,31.89%,IST1;VPS4A;RAB11A;STAM2;STAM;VPS4B;MVB12A;VTA1;VPS37A
prerank,GO_Biological_Process_2025__Positive Regulation of Erythrocyte Differentiation (GO:0045648),-0.47366766187076104,-1.358695004664031,0.1183206106870229,0.2015824043940607,1.0,9/16,35.25%,GATA1;HIF1A;ANKRD54;STAT5B;ACVR2A;ACVR1B;GLUL;MAPK11;MIA3
prerank,GO_Molecular_Function_2025__Iron-Sulfur Cluster Binding (GO:0051536),-0.4192389069097268,-1.3585601969427084,0.09213051823416507,0.20147605510160815,1.0,8/24,25.54%,XDH;AOX1;DPH2;ETFDH;DPH1;ISCU;METTL17;RPS3
prerank,GO_Biological_Process_2025__Phospholipid Biosynthetic Process (GO:0008654),-0.4248025336947669,-1.3579665097913336,0.1111111111111111,0.20186924409281656,1.0,15/23,32.90%,PIP5K1A;FDPS;CLN3;FAR1;SPHK2;DHDDS;AGPAT4;AGPAT3;FLVCR1;NUS1;IDI2;IDI1;SRD5A3;FITM1;FITM2
prerank,WikiPathways_2024_Human__Chemokine Signaling WP3929,0.3318590414302175,1.3573850770939013,0.057356608478802994,0.2141317221671687,1.0,12/64,8.63%,GNGT2;GNGT1;GNG5;GNG11;GNG10;PRKCB;PRKCZ;GRK5;GRK2;ADCY3;MAPK1;GRB2
prerank,GO_Biological_Process_2025__Regulation of RNA Biosynthetic Process (GO:2001141),0.2636630521874163,1.3571913648954734,0.002898550724637681,0.21404492573029105,1.0,99/239,30.91%,BMAL2;ARNT2;ZNF395;SLC2A4RG;MLF1;MLF2;ELAVL2;UTP4;SCRT1;SCRT2;WWC1;WWC3;WWC2;CLOCK;BMAL1;PRMT3;ZNF541;SMAD4;PCGF1;RREB1;ZNF212;PPARGC1A;PPARGC1B;EDF1;NLK;ONECUT1;TRRAP;MUSK;RORB;NR1D2;RORA;NR1I2;CELSR2;SSBP2;SMARCA1;ASH1L;EZH2;NSD1;KMT2D;NSD3;NSD2;SETBP1;PRMT8;ZNF341;YBX1;ATRX;ZNF219;NMD3;PTF1A;FZD7;HINFP;ACVRL1;TGIF2;SOX21;KMT2E;SETD5;WDR5;ZNF488;PRDM8;HCFC2;BAZ2A;BAZ1A;BRDT;KAT2B;KAT2A;KLF1;RYBP;YAF2;KDM5A;KDM5C;KDM5B;KDM5D;CREM;CREBL2;BHLHE40;BPTF;MAFA;MAFB;NKX3-1;NKX6-2;NKX2-1;NKX2-5;OGG1;REST;ZNF274;PLAG1;TADA3;YEATS2;PGR;ESRRB;ESR2;NR3C1;ESR1;ESRRG;ESRRA;THAP7;THAP1;ZNF423;TULP3
prerank,GO_Biological_Process_2025__Regulation of Phagocytosis (GO:0050764),-0.4250036907909595,-1.3560260281749419,0.08224299065420561,0.2039100652827984,1.0,10/23,17.72%,SCARB1;GATA2;ITGAV;SPACA3;SPHK1;CAMK1D;RACK1;PYCARD;PLSCR1;LETMD1
prerank,GO_Biological_Process_2025__T Cell Differentiation (GO:0030217),-0.48405538789990127,-1.355715197026692,0.11091234347048301,0.20400813584532543,1.0,10/16,33.55%,GATA3;SOX4;SOX13;ANXA1;PNKD;LEPROT;PIK3R3;PIK3R2;DLL4;JAG2
prerank,WikiPathways_2024_Human__Osteoblast Differentiation And Related Diseases WP4787,0.31360009855373683,1.3551899880745157,0.03865979381443299,0.2162825553876813,1.0,27/78,21.76%,PRKCA;PRKCE;PRKCB;PRKCG;PRKCZ;PRKCH;PRKCI;MAPK1;SMAD4;MAPK10;MAPK13;MAPK3;MAPK12;MAPK9;MAPK8;PPARG;PIK3C3;PIK3R4;MAPK4;MAPK6;FZD7;FZD1;FZD10;FZD9;FZD2;FZD8;FZD3
prerank,WikiPathways_2024_Human__Pyrimidine Metabolism And Related Diseases WP4225,-0.4805526369234196,-1.354671217783765,0.10971223021582734,0.2049387247270019,1.0,5/16,18.92%,CAD;DPYS;ALDH6A1;UPB1;AGXT2
prerank,GO_Biological_Process_2025__Regulation of Cardiac Muscle Contraction by Calcium Ion Signaling (GO:0010882),0.4746541499815031,1.354589370520812,0.1226215644820296,0.21665575959115654,1.0,4/15,3.39%,PRKCA;ATP2A2;ATP1A2;TNNI3
prerank,GO_Cellular_Component_2025__Platelet Alpha Granule (GO:0031091),-0.3996085158282129,-1.3539671163330798,0.09566787003610108,0.2055088676694214,1.0,9/31,8.77%,TMX3;CD36;ITGA2B;A2M;CD109;TOR4A;QSOX1;SCCPDH;FERMT3
prerank,Reactome_2022__RHOB GTPase Cycle R-HSA-9013026,0.3713833740153381,1.3535138451281066,0.07657657657657657,0.21762747194064258,1.0,11/35,15.82%,PKN3;PKN1;PKN2;ARHGAP39;JUP;STOM;ARHGEF11;ARHGEF12;ARHGEF3;ARHGEF28;ARHGDIG
prerank,"Reactome_2022__Formation Of Ternary Complex, And Subsequently, 43S Complex R-HSA-72695",-0.3674138156747651,-1.3529275224563764,0.07679465776293823,0.2064435888099252,1.0,29/46,33.66%,RPS7;RPS28;RPS8;RPS16;RPS17;RPS24;RPS15;RPS6;RPS5;EIF3J;RPS14;RPS15A;EIF1AX;RPS29;RPS9;RPS11;EIF3F;RPS21;RPS3;EIF2S2;RPSA;FAU;RPS12;RPS25;RPS2;RPS23;RPS4Y2;RPS4X;RPS4Y1
prerank,Reactome_2022__Energy Dependent Regulation Of mTOR By LKB1-AMPK R-HSA-380972,-0.4417616824412439,-1.3526813484312485,0.11026615969581749,0.2064697421424132,1.0,9/21,26.95%,SLC38A9;CAB39L;CAB39;LAMTOR5;RRAGC;RRAGD;PPM1A;LAMTOR4;PRKAA2
prerank,WikiPathways_2024_Human__Microglia Pathogen Phagocytosis Pathway WP3937,-0.4793338737426426,-1.35255962736051,0.12181818181818181,0.20635277509315492,1.0,7/15,15.12%,ITGAM;RAC2;ITGB2;PIK3CG;PIK3CD;PIK3CB;PIK3C2A
prerank,WikiPathways_2024_Human__2Q13 Copy Number Variation Syndrome WP5222,0.40176257043696506,1.3524155291127467,0.10087719298245613,0.21866039288854655,1.0,11/25,21.47%,SLC20A1;POLR2K;POLR1B;POLR1A;MAPK1;GRB2;POLR1D;POLR1E;PLCG2;PSD4;POLR1C
prerank,Reactome_2022__Netrin-1 Signaling R-HSA-373752,0.4207369388251879,1.3519786033975536,0.09070294784580499,0.21884452398687881,1.0,11/22,22.86%,PKN1;NTN1;NCK1;MAPK13;MAPK12;MAPK8;PLCG1;UNC5C;UNC5A;UNC5D;UNC5B
prerank,GO_Biological_Process_2025__Positive Regulation of Myeloid Cell Differentiation (GO:0045639),-0.449579267980238,-1.3515350102233514,0.11242603550295859,0.20729622724763017,1.0,11/20,35.25%,GATA1;SCIN;HIF1A;ANKRD54;STAT5B;ACVR2A;ACVR1B;FAXDC2;GLUL;MAPK11;MIA3
prerank,Reactome_2022__RNA Polymerase III Transcription Initiation From Type 1 Promoter R-HSA-76061,0.442264128336704,1.3508959231178739,0.1078838174273859,0.2198879576326974,1.0,9/20,25.97%,POLR3H;POLR2K;GTF3C3;POLR1D;CRCP;POLR3D;BRF1;BDP1;GTF3C1
prerank,GO_Biological_Process_2025__tRNA Aminoacylation (GO:0043039),0.42470588489531075,1.3508127826938232,0.11324786324786325,0.21965331600442767,1.0,9/21,26.15%,EPRS1;DTD1;IARS1;QRSL1;FARS2;LARS1;RARS1;MARS1;VARS1
prerank,KEGG_2021_Human__Bacterial invasion of epithelial cells,-0.36258806709751185,-1.3506313946231896,0.08226691042047532,0.20811443879921446,1.0,21/46,33.20%,ITGA5;VCL;PXN;ITGB1;ARHGAP10;RHOA;PIK3CD;PIK3CB;ACTR3;CDC42;WASF1;WASF2;GAB1;PIK3CA;SHC4;SHC1;SHC3;ARPC1B;ARPC1A;PIK3R3;PIK3R2
prerank,GO_Biological_Process_2025__Regulation of Cold-Induced Thermogenesis (GO:0120161),0.3175140958971393,1.35005739922491,0.05783132530120482,0.2201990072860332,1.0,29/74,18.78%,LNPEP;TSHR;LGR4;CIDEA;BMAL1;ALPL;LDLR;CNOT3;NOVA1;QKI;OGT;PPARGC1A;PPARGC1B;ADAM17;DYNC1H1;GNAS;IP6K1;DBH;NR1D1;THRA;NR1H3;NR1H2;EHMT1;GADD45G;PLCL2;PLCL1;ELOVL3;ELOVL6;TRPV2
prerank,GO_Biological_Process_2025__Phosphate-Containing Compound Metabolic Process (GO:0006796),-0.3233494230658285,-1.3499614572205347,0.06902356902356903,0.20864547990846266,1.0,31/87,13.33%,PDXP;GALM;PFKFB1;GALT;LPL;LHPP;PLAA;PLA2G3;PGK2;FBP1;PGM1;MOCOS;IMPA2;IMPA1;AGPAT1;AGPAT2;PPA2;PPA1;PFKP;PFKM;PFKL;PLPP4;PLPPR4;PLPPR3;PLPP2;PLPP3;PLPP5;PLPPR1;PLPP1;PLPPR2;PLPPR5
prerank,GO_Biological_Process_2025__Protein N-linked Glycosylation (GO:0006487),-0.3636052392132941,-1.349778495288676,0.07078039927404718,0.20858355977201187,1.0,13/45,17.68%,DDOST;MOGAT2;MOGAT3;MOGAT1;STT3B;RPN1;RPN2;FUT8;TUSC3;MAGT1;ENTPD5;PMM1;PMM2
prerank,GO_Molecular_Function_2025__Protein Kinase Regulator Activity (GO:0019887),-0.3320798244265872,-1.3495499154257933,0.05852842809364549,0.2085616874513443,1.0,38/79,26.53%,MAP2K1;ATG13;DNAJC3;TRIB1;ANKRD54;CAB39;MBIP;GMFB;GMFG;CCNI2;CCND3;CCNB1;CCNO;CCNA1;CCNA2;CCNJL;CCNE2;CCNJ;CCNE1;CCND1;CCNI;CCNP;CCND2;CCNG1;CCNF;CCNG2;CCNB2;WNK1;WNT11;SOCS3;SOCS1;PRKRIP1;ELP4;CCNY;ANKLE2;CCNL1;CCNL2;CCNH
prerank,GO_Molecular_Function_2025__Phosphatidylinositol Monophosphate Phosphatase Activity (GO:0052744),-0.4739028030191602,-1.348211058655827,0.1169811320754717,0.20991996983660305,1.0,12/16,20.99%,MTMR14;MTMR7;MTMR1;MTMR2;MTM1;MTMR4;MTMR11;MTMR3;MTMR9;MTMR10;MTMR6;MTMR12
prerank,GO_Biological_Process_2025__Skeletal System Development (GO:0001501),-0.34853688721480086,-1.3480047934759087,0.06196213425129088,0.20985903967282438,1.0,19/55,22.89%,TRPS1;PRDX1;CHI3L1;SOX9;SOX6;SOX5;BPNT2;DYM;SULF2;ARSL;SULF1;SGPP2;WNT5A;WNT11;TLL1;COMP;PTRH2;RPS6KA3;ITGB8
prerank,Reactome_2022__Heme Signaling R-HSA-9707616,0.3932855885695843,1.3480002730220886,0.08501118568232663,0.22250479434950235,1.0,17/29,28.32%,NPAS2;SIRT1;CLOCK;BMAL1;PPARGC1A;NR1D1;PPARA;RORA;CRTC2;CRTC1;CRTC3;XPO1;HELZ2;TBL1XR1;TBL1X;CREB1;MAFK
prerank,Reactome_2022__Class A/1 (Rhodopsin-like Receptors) R-HSA-373076,0.3102424141086683,1.3473178430164414,0.041666666666666664,0.22303584994578923,1.0,56/79,34.74%,OPN3;OPN4;FSHR;LHCGR;TSHR;SSTR2;HTR7;APP;TACR2;CNOT6;HTR1E;HTR1F;HTR1B;FSHB;LHB;GPHB5;TSHB;RGR;GALR2;BRS3;NMBR;EDNRA;EDNRB;GRPR;NMUR2;NTSR1;GPR39;NMUR1;NTSR2;KISS1R;UTS2R;GPHA2;SAA2;CCKBR;CCKAR;AVPR2;AVPR1B;OXTR;AVPR1A;SSTR5;OPRM1;SSTR1;PTGDR2;OPRD1;SSTR4;NPBWR2;SSTR3;OPRL1;OPRK1;LTB4R2;LTB4R;NPBWR1;PTGER1;PTGER3;PTGFR;TBXA2R
prerank,GO_Molecular_Function_2025__S-adenosylmethionine-dependent Methyltransferase Activity (GO:0008757),0.3988930298778607,1.3470401815706534,0.08525345622119816,0.22303132765368167,1.0,15/28,31.34%,FBLL1;FBL;SMYD2;HEMK1;FTSJ1;KMT2A;PRMT8;MEPCE;LCMT1;DPH5;SETD3;GNMT;RRP8;METTL18;CARNMT1
prerank,Reactome_2022__HDMs Demethylate Histones R-HSA-3214842,0.43598573407244373,1.3464873260555528,0.1044776119402985,0.223405673336407,1.0,9/19,26.89%,KDM1B;KDM4C;KDM4A;KDM4D;KDM4B;KDM5A;KDM5C;KDM5B;KDM5D
prerank,WikiPathways_2024_Human__Hepatitis B Infection WP4666,0.32206433424014413,1.3463282819018245,0.0575,0.22329618987603003,1.0,16/63,12.15%,PRKCA;PRKCB;PRKCG;YWHAQ;YWHAB;YWHAZ;APAF1;MAPK1;GRB2;SMAD4;MAPK10;MAPK13;MAPK3;MAPK12;MAPK9;MAPK8
prerank,Reactome_2022__rRNA Processing In Nucleus And Cytosol R-HSA-8868773,0.27716975731949944,1.3462191064705058,0.033419023136246784,0.2230964598493061,1.0,43/155,19.33%,DDX47;PES1;SNU13;GAR1;WDR36;BOP1;UTP4;HEATR1;WDR12;FBL;RIOK2;PWP2;RCL1;DDX56;MTREX;RRP1B;PDCD11;FTSJ3;BYSL;NOL6;TBL3;NOP2;DKC1;DIMT1;UTP15;NOL9;RBM28;UTP20;TRMT112;NOP58;PNO1;RRP36;LTV1;RSL24D1;NAT10;IMP4;NHP2;NOB1;NOC4L;BMS1;UTP6;DDX52;DHX37
prerank,KEGG_2021_Human__DNA replication,-0.3909983508630452,-1.3450992401172424,0.0974264705882353,0.21309943085388708,1.0,14/30,31.87%,RFC5;POLA2;DNA2;FEN1;RPA1;MCM4;MCM7;MCM2;MCM6;PCNA;SSBP1;RNASEH2B;RFC3;POLE
prerank,KEGG_2021_Human__Viral myocarditis,-0.46845436031454896,-1.3445869153958456,0.12021857923497267,0.2134594042241421,1.0,7/15,20.57%,ITGAL;RAC2;ITGB2;CASP8;CASP9;CCND1;CASP3
prerank,GO_Molecular_Function_2025__Aspartic-Type Endopeptidase Activity (GO:0004190),-0.4672547022719113,-1.344337999251689,0.125,0.2134718535258397,1.0,15/16,39.19%,PSEN2;PSEN1;DDI2;CTSD;HM13;BPNT1;SPPL3;CTSE;PGC;BACE1;NAPSA;BACE2;PGA3;PGA5;PGA4
prerank,GO_Biological_Process_2025__Purine Ribonucleotide Biosynthetic Process (GO:0009152),-0.4136615216814695,-1.3438143153365074,0.11132437619961612,0.2138550535720901,1.0,5/24,8.64%,ADSL;GART;PFAS;ATIC;PAICS
prerank,GO_Cellular_Component_2025__Nucleolus (GO:0005730),0.24390047355662972,1.3416653034172656,0.003355704697986577,0.22868904997665385,1.0,153/482,27.21%,BMAL2;KIAA0319L;AOPEP;DDX47;RRP12;PES1;SNU13;COX7A2L;POLR2K;BOP1;SURF6;UTP4;SIRT1;HEATR1;MRPS9;DGKQ;XPC;WDR12;DDX27;PTBP1;FBLL1;FBL;POLR1B;NGDN;WDFY3;NOM1;SF3B3;RCL1;SMG6;NOVA1;DDX56;KRI1;ADAD2;DDX55;RRP1B;PDCD11;POLR1A;FTSJ3;BYSL;NOL6;EID3;PARP1;RPF2;HABP4;TBL3;NOP2;DKC1;OARD1;RRS1;DIMT1;NOP16;MDN1;POLR1D;FBXO25;UTP15;BRIX1;NOL9;RBM28;UTP20;WDR55;RRN3;SPTBN1;RBMX2;GNL2;EDF1;POLR1E;SRPK2;COG7;NOP58;ARL2;NSUN2;URB1;PNO1;GRWD1;CKAP5;EEF1A1;METTL22;GTPBP4;ZNF346;PWP1;RRP36;DNAJC2;NUP153;RARA;RORA;PUM3;NSD2;WDR74;DDX54;RBBP5;RSL24D1;NAT10;IMP4;DDX24;SDAD1;NOC4L;BAZ1B;BMS1;POP5;UTP6;LIN28B;LIN28A;RPF1;SDCBP2;TAF13;POMT2;TMA16;DHX37;DDX18;DOCK4;TXN2;NMD3;ARFGEF1;NOC3L;AK6;WASHC2C;WASHC2A;XPO1;EPC1;NPM1;NPM2;NPM3;SIRT6;RRP9;HINFP;HAP1;MRPS31;AK8;RARS1;TSR1;ATP8B2;MCM10;MARS1;RBM19;SBDS;SIRT2;ABT1;NOC2L;BAZ2A;NOP53;KLF6;BCKDHB;PPP1CC;N4BP1;GTF3C1;ZC3H14;NVL;UTP23;SIRT7;COX10;SDHA;ATF6B;ELP3
prerank,GO_Cellular_Component_2025__Cell-Substrate Junction (GO:0030055),-0.278442554651445,-1.3411949809341155,0.017133956386292833,0.21684890865546497,1.0,86/235,25.79%,PDIA3;P4HB;SCARB2;ITGA3;ITGA11;ITGAV;ITGA2;ITGA8;ITGA4;ITGA5;ITGA1;ITGA6;PIP5K1A;MAP2K1;MAP2K2;DPP4;GSN;SVIL;AVIL;HSPA9;RPS7;ARHGEF2;PGM5;VCL;FERMT2;FERMT3;FERMT1;RPL8;HSP90B1;RAC2;LIMS2;LIMS1;TGFB1I1;LPXN;RPS8;RPS16;ITGB2;ITGB1;ITGB7;ITGB4;RPL30;RPLP2;RHOA;RHOB;RPS17;ANXA6;ANXA5;ANXA1;RPS18;HSPA5;RPL23;RPL7;RPL18;KIF23;RPS15;RAB21;GNA12;ACTR3;RPS5;CDC42;RPL19;NHERF2;GLMN;CAP1;RPS14;RPL7A;RPL31;PPIA;RPS29;EPB41L2;RPL13A;ITGB5;ITGB6;ITGB3;ITGB8;RPLP0;RPS9;RPS11;PHLDB2;RPL12;FLOT2;RDX;MSN;EZR;RPS3;RPL9
prerank,KEGG_2021_Human__T cell receptor signaling pathway,0.3473940011790816,1.3409368101885657,0.07242990654205607,0.22928596791266773,1.0,14/42,12.15%,PPP3R1;MAPK1;GRB2;PPP3CB;PPP3CC;NCK2;NCK1;GRAP2;MAPK10;MAPK13;MAPK3;MAPK12;MAPK9;MAPK8
prerank,WikiPathways_2024_Human__Relevant Molecular Pathways And Targeted Agents In TNBC WP5215,0.41215390556542914,1.3409350624421148,0.09936575052854123,0.22894196750165138,1.0,10/23,18.32%,EIF4EBP1;PARP1;MAPK1;GRB2;IRS1;MAPK3;AKT1S1;PTEN;RICTOR;MAPKAP1
prerank,GO_Biological_Process_2025__Response to Tumor Necrosis Factor (GO:0034612),-0.3813823699983821,-1.3405103451776075,0.09965635738831616,0.21743476993879282,1.0,17/36,25.54%,GATA3;CHI3L1;GBA1;ARHGEF2;SPHK1;BAG4;IKBKB;CHUK;CASP8;PYCARD;ZFP36;SMPD1;CASP3;NUB1;CACTIN;RELA;RPS3
prerank,GO_Biological_Process_2025__Positive Regulation of Cytoskeleton Organization (GO:0051495),0.37487833420395716,1.3400135118937644,0.08314087759815242,0.2298322725094495,1.0,13/32,15.14%,PRKCE;SORBS3;PROX1;EVL;NCK2;NCK1;FCHSD1;FCHSD2;DYNC1H1;LMOD1;SYNPO2;SYNPO;SYNPO2L
prerank,GO_Biological_Process_2025__Nucleosome Organization (GO:0034728),-0.39983240180621604,-1.3398170722921676,0.11013986013986014,0.21800180437867112,1.0,9/31,19.27%,KAT6B;RSF1;SOX9;CHAF1B;HIRA;NAP1L3;NAP1L2;SMARCD3;SMARCD2
prerank,GO_Biological_Process_2025__Female Gamete Generation (GO:0007292),0.4333686781330489,1.3396447007636993,0.11751662971175167,0.2299600145900512,1.0,6/19,16.32%,FSHR;TOB2;FSHB;CGB3;CGB7;KMT2D
prerank,GO_Cellular_Component_2025__Focal Adhesion (GO:0005925),-0.27875484242724513,-1.339548202775614,0.0171606864274571,0.21808420975602677,1.0,85/232,25.79%,PDIA3;P4HB;SCARB2;ITGA3;ITGA11;ITGAV;ITGA2;ITGA8;ITGA4;ITGA5;ITGA1;ITGA6;PIP5K1A;MAP2K1;MAP2K2;DPP4;GSN;SVIL;AVIL;HSPA9;RPS7;ARHGEF2;PGM5;VCL;FERMT2;FERMT1;RPL8;HSP90B1;RAC2;LIMS2;LIMS1;TGFB1I1;LPXN;RPS8;RPS16;ITGB2;ITGB1;ITGB7;ITGB4;RPL30;RPLP2;RHOA;RHOB;RPS17;ANXA6;ANXA5;ANXA1;RPS18;HSPA5;RPL23;RPL7;RPL18;KIF23;RPS15;RAB21;GNA12;ACTR3;RPS5;CDC42;RPL19;NHERF2;GLMN;CAP1;RPS14;RPL7A;RPL31;PPIA;RPS29;EPB41L2;RPL13A;ITGB5;ITGB6;ITGB3;ITGB8;RPLP0;RPS9;RPS11;PHLDB2;RPL12;FLOT2;RDX;MSN;EZR;RPS3;RPL9
prerank,KEGG_2021_Human__VEGF signaling pathway,0.3745798345887213,1.3394393854928788,0.0801781737193764,0.22989091520852295,1.0,10/33,12.12%,PRKCA;PRKCB;PRKCG;PPP3R1;MAPK1;PPP3CB;PPP3CC;MAPK13;MAPK3;MAPK12
prerank,GO_Cellular_Component_2025__Recycling Endosome (GO:0055037),0.30331823298036154,1.3390318332138824,0.05660377358490566,0.2300350945727832,1.0,35/88,23.46%,LDLRAP1;ATP13A3;ATP13A4;ULK1;GRIA1;BAIAP3;SYT12;TUBA1A;INPP5F;EHD2;EHD3;APP;SLC9B2;SLC36A2;LAMP5;MICALL1;LZTR1;TUBG1;FCHSD1;FCHSD2;RASSF9;DENND6B;DENND6A;ZDHHC2;RAB14;TUBGCP4;ARFGEF2;FZD7;ATP11C;ATP11B;ATP9A;ATP11A;SLC9A3;SLC9A9;SLC9A5
prerank,Reactome_2022__HSF1-dependent Transactivation R-HSA-3371571,-0.4205803029577717,-1.3388889273351885,0.13026819923371646,0.21869056142102425,1.0,4/25,8.25%,CRYAB;HSPB8;DNAJB6;DNAJB1
prerank,GO_Molecular_Function_2025__aminoacyl-tRNA Ligase Activity (GO:0004812),0.3662565997493141,1.338536885371545,0.08126410835214447,0.23041016395394948,1.0,18/35,37.00%,EPRS1;TARS2;TARS3;DTD1;YARS1;IARS1;FARS2;KARS1;LARS1;RARS1;MARS1;VARS1;MARS2;NARS2;FARSA;WARS2;EARS2;LARS2
prerank,GO_Biological_Process_2025__Lung Development (GO:0030324),-0.47789832138421656,-1.3385115425468619,0.13854351687388988,0.2188625268638201,1.0,6/16,17.52%,ITGA3;CHI3L1;SOX11;RCN3;WNT7B;WNT11
prerank,Reactome_2022__Signaling To ERKs R-HSA-187687,0.43668593913610715,1.3384467744612127,0.1145374449339207,0.230177161962283,1.0,7/19,12.12%,RIT2;YWHAB;MAPK1;GRB2;MAPK13;MAPK3;MAPK12
prerank,GO_Biological_Process_2025__Establishment of Protein Localization to Mitochondrion (GO:0072655),0.3761271915717016,1.338114644698276,0.12,0.23025124302668454,1.0,20/33,30.65%,TOMM40;TOMM40L;TIMM13;PITRM1;TOMM70;TIMM17A;TIMM17B;DNLZ;HOOK2;FIS1;HSPD1;TOMM20L;TOMM20;TIMM8B;TOMM34;TIMM23B;TIMM23;TIMM21;TSPO;MFF
prerank,GO_Biological_Process_2025__Synapse Organization (GO:0050808),0.34490658939382185,1.3371332138147356,0.09490740740740741,0.23114538669362783,1.0,12/47,6.98%,SPOCK2;ELFN1;SDF4;ARHGAP39;APP;PDZRN3;PLXNB2;PLXNB1;PLXNB3;PLXND1;PLXNC1;NRXN2
prerank,GO_Molecular_Function_2025__Secondary Active Transmembrane Transporter Activity (GO:0015291),-0.38264477254569607,-1.336952573402933,0.0907563025210084,0.22062431721862086,1.0,17/37,15.53%,SLC16A10;SLC16A7;SLC16A2;SLC16A12;SLC46A1;SLC46A2;SLC7A9;SLC7A8;SLC7A5;SLCO2B1;SLCO2A1;SLCO3A1;SLCO1B3;SLCO1C1;SLCO1B1;SLC19A1;SLC35A1
prerank,WikiPathways_2024_Human__Acute Viral Myocarditis WP4298,-0.38635581455120366,-1.336736122003652,0.09943714821763602,0.22061959726953193,1.0,14/34,20.58%,ITGAL;BAX;RAC2;ITGB2;CASP1;CASP6;CASP8;CASP9;PYCARD;CASP2;CCND1;SOCS1;CASP3;CASP7
prerank,KEGG_2021_Human__Viral carcinogenesis,-0.31292500515529836,-1.3359021500432435,0.06902086677367576,0.22142803454679338,1.0,43/101,26.29%,HDAC6;BAX;BAK1;C3;PSMC1;GSN;SCIN;PKM;PXN;RHOA;PRKACB;PRKACA;PRKACG;CASP8;PIK3CD;PIK3CB;CCND3;CCNA1;CCNA2;CCNE2;CCNE1;CCND1;CCND2;HDAC2;CDC42;STAT5B;STAT5A;GTF2A1L;GTF2A1;GTF2H1;CASP3;DNAJA3;RBL1;RBL2;RB1;CDK1;NFKB2;NFKB1;REL;RELA;PIK3CA;SKP2;DDB1
prerank,GO_Biological_Process_2025__Positive Regulation of Metabolic Process (GO:0009893),-0.3322569116544239,-1.3357385790685132,0.06498194945848375,0.22136006024077085,1.0,22/72,21.14%,PER2;DHRS4;AKR1C3;AKR1C1;DCXR;ACHE;CD36;AGXT;CPT2;ACSL1;EPAS1;CAMK1D;CBR1;YBX2;CCNB1;ADIPOR1;LETMD1;STAT6;GHITM;CHCHD2;THBS1;NOX5
prerank,Reactome_2022__Signaling By NTRK1 (TRKA) R-HSA-187037,0.3216524173842975,1.33571989279082,0.09245742092457421,0.23264443739323523,1.0,15/67,12.12%,RIT2;SH3GL3;SH3GL2;KCNH8;YWHAB;AP2A2;AP2A1;MAPK1;GRB2;IRS2;IRS1;TPH1;MAPK13;MAPK3;MAPK12
prerank,GO_Molecular_Function_2025__Protein Serine/Threonine Kinase Inhibitor Activity (GO:0030291),0.40475285237219505,1.335482787677068,0.09606986899563319,0.23265752388817904,1.0,7/23,16.43%,PRKCH;YWHAG;SPRED1;SPRED2;PRKAR2A;PRKAR1B;AKT1S1
prerank,GO_Biological_Process_2025__Cilium Movement (GO:0003341),0.35417316751568706,1.334879758321763,0.07472527472527472,0.23307218627587942,1.0,18/37,31.53%,CLXN;SPA17;DNAH9;DNAH8;DYNC2H1;CCDC40;DNAAF6;DNAH7;CFAP91;DNAI4;RSPH9;ODAD4;DNAH3;DNAAF5;RSPH4A;RSPH6A;DNAI1;DNAI2
prerank,Reactome_2022__RHOH GTPase Cycle R-HSA-9013407,0.41278485542912535,1.3336183356059705,0.10526315789473684,0.23452157579783203,1.0,9/22,15.83%,PKN1;PKN2;TUBA1B;JUP;SLC4A7;STOM;ARHGDIB;ARHGDIG;ARHGDIA
prerank,GO_Biological_Process_2025__Positive Regulation of Plasma Membrane Bounded Cell Projection Assembly (GO:0120034),-0.3598978847580851,-1.333542804495967,0.08620689655172414,0.22391874245993137,1.0,19/47,25.50%,NLGN1;EPS8L1;EPS8L2;EPS8L3;AVIL;RAC2;PLPPR5;ACTR3;TAPT1;WASHC1;ANLN;CDC42;WASF2;OCLN;SAXO1;CCP110;FSCN1;KCTD17;PIK3CA
prerank,GO_Biological_Process_2025__Positive Regulation of RNA Metabolic Process (GO:0051254),0.44632811222700547,1.3333934258125308,0.13215859030837004,0.2344734199612411,1.0,7/17,20.26%,HEATR1;RIOK2;DIMT1;UTP15;TRMT112;LIN28B;NMD3
prerank,GO_Biological_Process_2025__Regulation of Transcription by RNA Polymerase I (GO:0006356),0.4552187169301788,1.3332640424963031,0.1437908496732026,0.23429712909640021,1.0,10/17,29.57%,POLR2K;HEATR1;DDX56;UTP15;MAF1;BAZ1B;BAZ2A;SIRT7;LYAR;DEK
prerank,KEGG_2021_Human__Glycerophospholipid metabolism,0.30744702142881297,1.3331498960067987,0.06712962962962964,0.2341063892639165,1.0,16/71,9.04%,CDS1;CDS2;SELENOI;DGKQ;DGKI;DGKG;DGKZ;DGKD;DGKH;DGKK;DGKA;DGKE;DGKB;CDIPT;GPD2;PCYT2
prerank,GO_Biological_Process_2025__Negative Regulation of DNA Binding (GO:0043392),-0.47669859760430344,-1.3327735070872397,0.13075506445672191,0.22463801260086252,1.0,5/15,10.09%,GATA1;RSF1;GZMA;SOX11;SMOX
prerank,GO_Biological_Process_2025__Axonemal Dynein Complex Assembly (GO:0070286),0.39155857536170585,1.3321350037861908,0.12080536912751678,0.2350706214177192,1.0,15/25,32.52%,CLXN;DNAH8;CCDC40;DNAAF6;DNAH7;DNAL1;ZMYND10;DNAI4;DNAAF3;ODAD4;TTC12;DNAAF5;DNAI1;DNAI2;DNAAF10
prerank,KEGG_2021_Human__Oocyte meiosis,0.2993060175195948,1.3293118193694087,0.04576659038901602,0.23846346091895806,1.0,21/88,14.58%,PPP3R1;YWHAQ;YWHAH;YWHAB;YWHAZ;YWHAG;CPEB2;CPEB3;CPEB4;ADCY3;PPP1CB;MAPK1;PPP3CB;PPP3CC;CPEB1;MAPK13;MAPK3;MAPK12;MAD2L2;CDC27;REC8
prerank,KEGG_2021_Human__p53 signaling pathway,-0.37539258934530134,-1.3290665460522457,0.11091549295774648,0.22919644302399866,1.0,16/38,20.57%,BAX;ATR;CASP8;CASP9;CCND3;CCNB1;CCNE2;CCNE1;CCND1;CCND2;CCNG1;CCNG2;CCNB2;CHEK2;THBS1;CASP3
prerank,GO_Molecular_Function_2025__Protein Serine/Threonine Kinase Activator Activity (GO:0043539),-0.38284378071516606,-1.3289294869434418,0.10488245931283906,0.22906748408880812,1.0,12/36,17.62%,MAP2K1;MAP2K2;ATG13;FERMT2;FAM20A;CAB39L;CAB39;CCND3;CCNB1;CCND1;CCND2;SAV1
prerank,WikiPathways_2024_Human__Follicle Stimulating Hormone FSH Signaling WP2035,0.4615157348330777,1.3282429553503068,0.11802575107296137,0.2395293823080726,1.0,6/16,13.13%,PRKCA;FSHR;EIF4EBP1;MAPK1;MAPK3;FSHB
prerank,KEGG_2021_Human__Aminoacyl-tRNA biosynthesis,0.3506806764038706,1.3278234912447335,0.09154929577464789,0.23978516846389566,1.0,21/40,37.00%,EPRS1;TARS2;TARS3;YARS1;SEPSECS;IARS1;QRSL1;FARS2;KARS1;LARS1;RARS1;MARS1;VARS1;MTFMT;MARS2;NARS2;AARS1;FARSA;WARS2;EARS2;LARS2
prerank,Reactome_2022__Class B/2 (Secretin Family Receptors) R-HSA-373080,0.355781304255042,1.3272989885746138,0.09523809523809523,0.24014588214946805,1.0,5/42,0.21%,GNGT2;GNGT1;GNG5;GNG11;GNG10
prerank,KEGG_2021_Human__Parkinson disease,-0.2879500046241453,-1.327130846268259,0.03130148270181219,0.23113222855723053,1.0,41/163,16.64%,PSMD14;PSMD2;PSMA1;PSMD1;BAX;PSMD11;PSMA4;PSMC4;PSMB1;PSMB4;PSMC3;PSMC1;PSMA7;PSMA8;PSMB6;PSMB5;PSMB7;PSMB2;PSMB3;PSMC6;ADRM1;PSMC5;PSMA3;PSMA2;MAOA;MAOB;PSMD7;PSMD8;PRKACB;PRKACA;PRKACG;PSMA5;HSPA5;UQCRH;UQCRHL;CASP9;PSMD9;PSMD4;PSMC2;PSMD6;UBE2G2
prerank,Reactome_2022__Keratan Sulfate/Keratin Metabolism R-HSA-1638074,-0.4462224443963516,-1.327030743369708,0.1252336448598131,0.23095143650043967,1.0,5/19,11.29%,GLB1L;GLB1;HEXA;HEXB;GNS
prerank,KEGG_2021_Human__Cortisol synthesis and secretion,0.36647449688518974,1.326958494183714,0.09071274298056156,0.2402285342413667,1.0,23/35,31.24%,KCNK2;KCNK3;ADCY3;LDLR;GNAS;GNAQ;GNA11;PLCB4;PLCB3;PLCB1;PLCB2;PBX1;NR4A1;CREB3L2;ATF6B;CREB3L4;CREB3;CREB3L3;CREB1;CREB3L1;ITPR1;ITPR3;ITPR2
prerank,GO_Biological_Process_2025__Cellular Response to Steroid Hormone Stimulus (GO:0071383),0.45693441926777406,1.3267855020667305,0.14285714285714285,0.2400788008238246,1.0,5/16,8.62%,ATP1A4;ATP1A2;TFPI;TRERF1;MAPK1
prerank,GO_Biological_Process_2025__Regulation of Neurotransmitter Secretion (GO:0046928),0.40025093674232637,1.326702532574797,0.10897435897435898,0.23983579817134917,1.0,10/22,25.09%,SYT12;SLC38A2;SYT13;STX1B;MICU3;TSPOAP1;RIMS1;RIMS4;RIMS2;RIMS3
prerank,GO_Biological_Process_2025__Nuclear Export (GO:0051168),0.39168728513693146,1.3260992571155583,0.1018957345971564,0.24029939023132427,1.0,12/27,29.70%,NEMF;NUP214;POM121C;NPAP1;POM121L2;NUP153;POM121;DESI2;XPO1;UBE2I;XPO7;RANBP17
prerank,GO_Biological_Process_2025__Cellular Response to Radiation (GO:0071478),0.39685238520327276,1.3259939173859763,0.1288888888888889,0.24008300216137843,1.0,5/24,8.63%,OPN3;OPN4;SIRT1;CLOCK;GRB2
prerank,Reactome_2022__DARPP-32 Events R-HSA-180024,0.42072595785620864,1.3250193099740644,0.11134453781512606,0.24109321200475062,1.0,7/20,16.15%,PRKCA;PPP3R1;PPP3CB;PPP3CC;PRKAR2A;PDE4B;PRKAR1B
prerank,KEGG_2021_Human__Basal cell carcinoma,-0.37499958596412397,-1.324906003370806,0.08727272727272728,0.23339226357084403,1.0,18/41,17.58%,BAX;BAK1;FZD5;WNT9B;WNT7A;WNT8B;WNT8A;WNT7B;WNT5A;WNT2B;WNT4;WNT5B;WNT11;WNT3A;WNT10A;WNT2;WNT9A;WNT10B
prerank,GO_Biological_Process_2025__Negative Regulation of Epithelial to Mesenchymal Transition (GO:0010719),0.39351374273375045,1.324408111330635,0.11134903640256959,0.24157256241965752,1.0,19/27,34.56%,LDLRAD4;EFNA1;SMAD7;SPRED1;SPRED3;SPRED2;MAD2L2;PTEN;FUZ;TBX5;SFRP2;SFRP1;NKX2-1;OVOL2;FOXA2;FBXO11;GSK3B;SPRY2;SPRY1
prerank,GO_Biological_Process_2025__Carbohydrate Derivative Biosynthetic Process (GO:1901137),-0.39063274648595697,-1.3242427168869388,0.10830324909747292,0.2340062955672094,1.0,6/30,13.96%,TPI1;GK;GK2;GK3;SCCPDH;MPDU1
prerank,GO_Biological_Process_2025__Wnt Signaling Pathway (GO:0016055),-0.3451251730746844,-1.3242407753761063,0.07008547008547009,0.2336983166708964,1.0,23/55,20.76%,GATA3;FERMT2;GPC4;SFRP4;FZD5;WNT9B;WNT7A;WNT8B;WNT8A;WNT7B;WNT5A;WNT2B;WNT4;WNT5B;WNT11;WNT3A;WNT10A;WNT2;WNT9A;WNT10B;KLHL12;LRP6;WNT6
prerank,GO_Biological_Process_2025__Response to Amino Acid Starvation (GO:1990928),0.36533230481378404,1.3239245614084916,0.10267857142857142,0.24181550460920465,1.0,11/34,20.82%,PRKCH;GCN1;MAPK1;SH3GLB1;MAPK3;MAPK8;FASN;EIF2AK4;LARS1;NPRL3;EIF2S1
prerank,GO_Biological_Process_2025__Negative Regulation of Blood Vessel Morphogenesis (GO:2000181),-0.3956059574194065,-1.3223735950334912,0.11131386861313869,0.23588393491336943,1.0,18/29,30.59%,CD36;YJEFN3;NAXE;PGK1;SULF1;ROCK1;ROCK2;WNT4;THBS4;THBS2;ISM1;THBS1;SARS1;RELA;NPR1;SHC1;KLKB1;SPARC
prerank,GO_Molecular_Function_2025__Ubiquitin-Protein Transferase Activity (GO:0004842),0.27388566058697505,1.3221673493361235,0.02806122448979592,0.24389112963866003,1.0,46/158,23.77%,PELI3;PELI1;PELI2;UBE2W;HECTD1;SH3RF3;SH3RF2;UBE2B;PDZRN3;STUB1;AREL1;RNF123;RNF2;RING1;FBXO25;SH3RF1;MKRN1;MKRN2;MKRN3;RNF5;RNF185;UBE2N;UBE2NL;BIRC6;UBE2C;KLHL20;VPS11;MARCHF6;UBE2S;RNF146;UBR5;UBE3C;MSL2;NEURL4;FBXO9;ARK2N;RNF111;ARK2C;BIRC2;XIAP;BIRC7;BIRC3;UBR3;UBR4;UBR1;UBR2
prerank,"Reactome_2022__Transport Of Bile Salts And Organic Acids, Metal Ions And Amine Compounds R-HSA-425366",-0.35547387207037534,-1.320789507400369,0.10689655172413794,0.23777659422282027,1.0,13/45,10.31%,SLC16A8;SLC16A7;SLC16A1;SLC16A3;SLC2A13;RUNX1;SLC39A7;SLC13A3;SLC13A5;SLC13A1;SLC13A2;SLC13A4;SLC30A7
prerank,GO_Biological_Process_2025__Protein Homooligomerization (GO:0051260),-0.32663310913037225,-1.3196738322263208,0.08139534883720931,0.23895270021374787,1.0,17/72,15.93%,SHMT1;SHMT2;AKR1C1;ALDH1A2;ALDH9A1;ACACB;ACOT13;HPRT1;HSD17B10;MOSPD2;AQP2;AQP5;AQP4;AQP10;PYCARD;APIP;TMEM120A
prerank,GO_Cellular_Component_2025__COPII-coated ER to Golgi Transport Vesicle (GO:0030134),-0.3597020634516783,-1.3196674058947762,0.09154929577464789,0.23864339635766652,1.0,26/45,39.75%,STX5;MCFD2;SEC13;TMED6;ERGIC2;SEC16A;SEC16B;KLHL12;SEC22B;LMAN1L;SEC23A;YIF1B;YIF1A;VTI1B;SURF4;GOLGA2;TEX261;SEC24D;ERGIC3;SEC24B;SEC24A;SEC31A;TMED4;LMAN2;LMAN2L;LMAN1
prerank,KEGG_2021_Human__Rheumatoid arthritis,0.3919424232509847,1.3193996287017689,0.10609480812641084,0.24724794564176397,1.0,9/26,16.70%,ATP6V1A;ATP6V0E1;ATP6V0E2;ATP6V1B2;ATP6V1E1;ATP6V1E2;ATP6V1H;ATP6V1C1;ATP6V1C2
prerank,Reactome_2022__Diseases Associated With O-glycosylation Of Proteins R-HSA-3906995,-0.4458555146729402,-1.3191114553641303,0.13618677042801555,0.23908764306308475,1.0,9/19,23.78%,GALNT12;GALNT3;SPON1;MUC4;C1GALT1;C1GALT1C1;THBS2;THBS1;MUCL1
prerank,WikiPathways_2024_Human__Regulation Of Actin Cytoskeleton WP51,-0.3329560732633919,-1.3190180917345262,0.06794425087108014,0.2389104426339369,1.0,25/65,19.43%,ITGA1;PIP5K1A;MAP2K1;MAP2K2;VIL1;GSN;ARHGEF1;VCL;RAC2;PXN;RHOA;PIK3CG;PIK3C2B;PIK3C2G;PIK3CD;PIK3CB;PIK3C2A;CFL1;CFL2;ROCK1;ROCK2;GNA12;CDC42;WASF1;WASF2
prerank,GO_Molecular_Function_2025__Nuclear Androgen Receptor Binding (GO:0050681),0.44191600699233424,1.3188076317314528,0.12636165577342048,0.2477594881975814,1.0,2/16,0.42%,PKN1;PRKCB
prerank,"GO_Biological_Process_2025__Wound Healing, Spreading of Cells (GO:0044319)",-0.4660574228825354,-1.317825889678073,0.12244897959183673,0.24030204123367607,1.0,9/16,22.88%,ITGAV;ITGA5;TOR1A;ITGB1;RHOA;RHOC;WNT7A;ITGB5;ITGB3
prerank,GO_Molecular_Function_2025__Hydro-Lyase Activity (GO:0016836),-0.380567161716627,-1.3177977457325623,0.12199630314232902,0.24002119723252707,1.0,14/35,17.84%,AUH;CDYL;HSD17B4;ECHS1;ENO2;ENO1;ENO3;HADHB;PCBD2;PCBD1;APIP;HADHA;NAXD;ECHDC3
prerank,Reactome_2022__Negative Regulation Of MET Activity R-HSA-6807004,0.45192934351231984,1.3172148580334289,0.14814814814814814,0.24949949309757985,1.0,5/16,11.15%,SH3GL3;SH3GL2;EPS15;GRB2;SH3GL1
prerank,WikiPathways_2024_Human__GPR143 In Melanocytes And Retinal Pigment Epithelium Cells WP4941,0.43974231946071735,1.3166775944458706,0.15227272727272728,0.24984752372263083,1.0,10/17,22.32%,PRKCB;GNAS;GNA15;GNAQ;PLCB4;PLCB3;PLCB1;PLCB2;ARRB2;ARRB1
prerank,GO_Biological_Process_2025__Response to Insulin (GO:0032868),0.3516055669090271,1.3166195398410017,0.08924485125858124,0.24955223036400778,1.0,13/42,11.18%,PRKCZ;PRKCI;SYAP1;CPEB2;INPP5K;SIRT1;EPRS1;PARP1;IRS2;IRS1;OGT;CPEB1;SORBS1
prerank,WikiPathways_2024_Human__DNA IR Double Strand Breaks And Cellular Response Via ATM WP3959,-0.38757422366829003,-1.3158273477245341,0.12631578947368421,0.24250999578511268,1.0,17/33,30.88%,BAX;BAK1;KAT5;ATR;EXO1;CASP9;CHEK2;FANCD2;CASP3;MCPH1;LATS1;PCNA;HSF1;RAD50;YAP1;TP53;TP73
prerank,GO_Biological_Process_2025__Regulation of Protein Metabolic Process (GO:0051246),0.33415749994381444,1.3154265077653347,0.09090909090909091,0.2507069881285719,1.0,24/47,31.36%,EIF4E;GCN1;APP;PICALM;LDLR;GSAP;PKP3;SPOP;MAPK8;MSI2;NR1H3;NR1H2;PUM3;NAT10;ZDHHC2;EDNRB;PCIF1;KLF4;KLF2;ELP3;VPS35;WDR91;METTL18;WFS1
prerank,KEGG_2021_Human__Fluid shear stress and atherosclerosis,-0.3319558360294932,-1.3147430786907184,0.09369676320272573,0.2436607415300703,1.0,16/66,15.21%,GSTO1;GSTT2;GSTT2B;GSTO2;ITGAV;ITGA2B;CTSL;ARHGEF2;HSP90B1;RAC2;RHOA;IKBKB;CHUK;PIK3CD;PIK3CB;GPC1
prerank,GO_Biological_Process_2025__Generation of Neurons (GO:0048699),-0.30651011221737884,-1.313937418553395,0.06949152542372881,0.24446534019868502,1.0,36/107,17.58%,NLGN4X;PCSK9;RUNX1;MAP2K1;ACSL4;ACSL3;SOX15;SOX12;SOX2;SOX11;SOX14;SOX4;SOX3;SIX4;SIX3;VAX2;OPHN1;DHDDS;NIF3L1;NRBP2;FZD5;WNT9B;WNT7A;WNT8B;WNT8A;WNT7B;WNT5A;WNT2B;WNT4;WNT5B;WNT11;WNT3A;WNT10A;WNT2;WNT9A;WNT10B
prerank,Reactome_2022__Peptide Hormone Metabolism R-HSA-2980736,-0.3522287124772605,-1.3137468707769853,0.08148148148148149,0.24444611637438993,1.0,13/45,12.44%,CES1;ACHE;AGXT;ERO1A;ERO1B;DPP4;CPB2;CPB1;CPA4;ENPEP;SLC30A7;SPCS2;CTSD
prerank,Reactome_2022__RNA Polymerase III Transcription Initiation R-HSA-76046,0.41840607445104105,1.3136736677664063,0.13070539419087138,0.25284091990453433,1.0,9/22,25.97%,POLR3H;POLR2K;GTF3C3;POLR1D;CRCP;POLR3D;BRF1;BDP1;GTF3C1
prerank,GO_Biological_Process_2025__Negative Regulation of Hippo Signaling (GO:0035331),0.43980193685233515,1.313557741515337,0.13771186440677965,0.25264087221516857,1.0,4/16,5.02%,WWC1;WWC3;WWC2;SIRT1
prerank,GO_Biological_Process_2025__Proteolysis Involved in Protein Catabolic Process (GO:0051603),-0.3473429855203007,-1.3134053516496935,0.08783783783783784,0.2445927283110059,1.0,26/49,31.22%,HDAC6;PSMB1;CTSV;CTSL;GZMA;PSMA8;CTSF;CTSW;PEX10;VCP;VPS4A;DDI1;DDI2;CASP8;HM13;GLMN;SOCS6;CUL4B;VPS4B;FBXL17;DDB1;FAU;UBA52;CLPX;NEDD8;SAYSD1
prerank,GO_Biological_Process_2025__Amino Acid Transport (GO:0006865),-0.4158879645146468,-1.3133492292972402,0.13129496402877697,0.24433331357519378,1.0,13/23,12.15%,SLC16A10;SLC3A2;SLC3A1;SLC7A3;SLC7A9;SLC7A1;SLC7A6;SLC7A8;SLC7A10;SLC7A4;SLC7A5;SLC38A4;SLC38A3
prerank,KEGG_2021_Human__Circadian rhythm,-0.4188477586775873,-1.3117757150791767,0.11131386861313869,0.2462288840177848,1.0,3/22,0.10%,PER2;PER1;PER3
prerank,WikiPathways_2024_Human__Prader Willi And Angelman Syndrome WP3998,0.31990666108848215,1.3117387473660924,0.08139534883720931,0.25484152623102563,1.0,14/61,15.31%,FEZ1;FEZ2;PRKCZ;OCA2;EIF4E;TUBGCP6;MKRN3;FSHB;LHB;UBE2N;NUP214;NPAP1;NUP153;POM121
prerank,GO_Biological_Process_2025__Keratinocyte Differentiation (GO:0030216),-0.4512161790872481,-1.3117065463729967,0.1431297709923664,0.2460104763315147,1.0,6/16,20.57%,AKR1C3;CLIC4;PIP5K1A;ANXA1;WNT5A;CASP3
prerank,GO_Molecular_Function_2025__Telomerase RNA Binding (GO:0070034),0.4424511574612077,1.3109426365243468,0.15102974828375287,0.25553875257426034,1.0,5/15,17.19%,GAR1;SMG6;DKC1;SMG5;NHP2
prerank,GO_Biological_Process_2025__Cellular Response to Amino Acid Starvation (GO:0034198),0.3623401668757615,1.3108920078851802,0.11777777777777777,0.25525550473396685,1.0,11/33,20.82%,PRKCH;GCN1;MAPK1;SH3GLB1;MAPK3;MAPK8;FASN;EIF2AK4;LARS1;NPRL3;EIF2S1
prerank,GO_Molecular_Function_2025__Monoatomic Ion Channel Activity (GO:0005216),0.38968468084123165,1.3107941038834656,0.12354312354312354,0.25500189707264304,1.0,5/27,3.11%,KCNK15;KCNK3;CNGA3;CNGB1;GRIN3B
prerank,GO_Cellular_Component_2025__Synaptic Membrane (GO:0097060),-0.4318191497800442,-1.3094626636512532,0.118491921005386,0.24884840593409727,1.0,5/20,2.23%,NLGN1;NLGN4Y;NLGN4X;NLGN2;ITGA3
prerank,WikiPathways_2024_Human__4P16 3 Copy Number Variation WP5365,0.4242550363501332,1.308195689835717,0.13829787234042554,0.2582599123170482,1.0,8/19,17.69%,TACC3;H3-3A;MAPK1;GRB2;MAPK3;CKAP5;NSD2;PLCG1
prerank,Reactome_2022__Regulation Of Necroptotic Cell Death R-HSA-5675482,0.43954154306574617,1.307958397358134,0.14221218961625282,0.25824393325345407,1.0,8/17,22.93%,PELI1;STUB1;OGT;FASN;SDCBP;BIRC2;XIAP;BIRC3
prerank,GO_Molecular_Function_2025__Small GTPase Binding (GO:0031267),0.2842914884983258,1.3077095498516198,0.03535353535353535,0.2582072651699094,1.0,38/108,29.15%,PKN1;PKN2;ULK1;OCRL;REPS1;KIF3A;BICD2;BICD1;PICALM;RANBP1;PPP6R1;MICALL1;EXOC5;RAP1GAP;LZTR1;KIF3B;TBC1D7;PDE6D;RIC1;ARHGDIB;ANKFY1;PLCE1;MAPKAP1;GAPVD1;DOCK4;DOCK5;TBC1D20;BIRC5;DMXL2;RIMS1;NCKAP1;RCC2;DOCK7;DOCK3;RNF41;KCTD13;TNFAIP1;TRIOBP
prerank,Reactome_2022__Nuclear Pore Complex (NPC) Disassembly R-HSA-3301854,-0.3879359860195174,-1.3074886046851322,0.10053859964093358,0.25126483297094776,1.0,13/31,24.51%,SEH1L;NUP85;SEC13;CCNB1;CCNB2;NUP210;NUP93;NUP43;NDC1;NUP133;NUP205;NUP50;CDK1
prerank,GO_Biological_Process_2025__Regulation of Protein Neddylation (GO:2000434),-0.4461729620243785,-1.3074106253447828,0.15837937384898712,0.2510383861216667,1.0,6/18,19.60%,HIF1A;EPAS1;COPS3;COPS4;RPL11;COPS6
prerank,GO_Biological_Process_2025__Sarcomere Organization (GO:0045214),0.4190736662052125,1.306396652597312,0.14377682403433475,0.25976020837782765,1.0,8/20,15.14%,CSRP2;CSRP3;CSRP1;TPM1;TNNT2;TNNT1;TNNT3;SYNPO2L
prerank,GO_Molecular_Function_2025__Protein Serine/Threonine Phosphatase Activity (GO:0004722),-0.341738257548416,-1.3063661207685382,0.10477941176470588,0.2522006948059234,1.0,31/51,31.90%,PPTC7;PLPP6;MTMR14;PGAM5;PPP4C;MTMR4;MTMR3;MTMR6;PPM1N;PPM1H;PPM1B;PPM1F;PPM1E;PPM1A;PPM1M;PDP2;PPM1J;SSU72;SSU72L1;SSU72L2;SSU72L5;SSU72L3;SSU72L6;SSU72L4;ZNF367;PPP2CB;PPP2CA;PPP1R3C;PPP1R3D;PPM1K;PPM1D
prerank,GO_Biological_Process_2025__Cardiac Ventricle Morphogenesis (GO:0003208),0.3927409272440241,1.3059732554178112,0.12314225053078556,0.2599902802762721,1.0,14/23,27.41%,TNNI3;SMAD7;PKP2;PROX1;TPM1;TNNT2;TBX20;HAND1;ISL1;SFRP2;MYL3;HEY1;HEY2;HEYL
prerank,GO_Biological_Process_2025__Glial Cell Development (GO:0021782),0.4476900501764384,1.3057193015360868,0.15250544662309368,0.25999100238403106,1.0,9/16,27.36%,APP;TPPP;NF1;PICK1;EIF2B3;ZNF488;PRDM8;EIF2B5;HES5
prerank,Reactome_2022__tRNA Modification In Nucleus And Cytosol R-HSA-6782315,0.35691678739518357,1.3048161992330454,0.10792951541850221,0.26088619484320785,1.0,12/35,29.17%,EPRS1;TRMT5;TRDMT1;FTSJ1;TRMT112;NSUN2;ALKBH8;ADAT3;CTU2;CDKAL1;THG1L;METTL1
prerank,Reactome_2022__VEGFA-VEGFR2 Pathway R-HSA-4420097,0.32556945359900247,1.304523007129601,0.08851674641148326,0.2609331624951787,1.0,12/55,12.12%,PKN1;PRKCA;PRKCB;PKN2;PRKCZ;CTNNA1;JUP;NCF4;NCK2;NCK1;MAPK13;MAPK12
prerank,GO_Biological_Process_2025__Regulation of Metaphase/Anaphase Transition of Cell Cycle (GO:1902099),-0.4088853334148974,-1.3042516104460413,0.1391465677179963,0.2549045702063948,1.0,10/23,31.84%,DPF1;DPF3;DPF2;PLK1;SMARCD3;SMARCD2;CDC23;SMARCE1;BCL7C;BCL7B
prerank,GO_Biological_Process_2025__Regulation of Hydrolase Activity (GO:0051336),0.4119243110151053,1.304116962467951,0.1415929203539823,0.26113972697125193,1.0,7/19,16.05%,REPS1;SIRT1;PLXNB2;EFNA5;SIPA1L1;RAP1GAP;PROM2
prerank,GO_Biological_Process_2025__Positive Regulation of Translation (GO:0045727),0.30736515373174383,1.3039656941443705,0.06506024096385542,0.2609651106114565,1.0,21/78,18.47%,PRKCH;CPEB3;PLXNB2;DAZ4;DAZ3;DAZ2;BOLL;DAZL;DAZ1;IGF2BP1;KHDRBS1;HABP4;OGT;SSB;RCC1L;STK39;NAT10;USP21;EIF6;YBX1;LIN28A
prerank,Reactome_2022__Mitochondrial Protein Import R-HSA-1268020,0.34754670661914455,1.30313913500558,0.10304449648711944,0.2617892473694769,1.0,26/42,36.56%,CS;TOMM40;TIMM13;ATP5F1A;PITRM1;TOMM70;TIMM17A;TIMM17B;COQ2;ACO2;HSCB;TIMM22;TAFAZZIN;HSPD1;TOMM20;TIMM8B;TIMM23;MTX2;TIMM21;SAMM50;PMPCB;TIMM50;TOMM22;COA6;TIMM44;BCS1L
prerank,Reactome_2022__RNA Polymerase I Transcription Termination R-HSA-73863,0.41371289349012763,1.3023213857210658,0.13194444444444445,0.2625905996931516,1.0,5/20,12.05%,POLR2K;POLR1B;POLR1A;POLR1D;POLR1E
prerank,GO_Biological_Process_2025__Extracellular Matrix Disassembly (GO:0022617),-0.45187322981777517,-1.3016540004453188,0.15111940298507462,0.2582919824610841,1.0,3/16,5.83%,TPSAB1;CTSV;GSN
prerank,GO_Biological_Process_2025__Regulation of Neuron Projection Development (GO:0010975),0.3026663930859421,1.3016395584976792,0.06172839506172839,0.2631380886610836,1.0,26/76,22.77%,PKN1;PKN2;PRKCI;STMN2;NCS1;RIT2;SPOCK1;CTNNA2;PLXNB2;PLXNB3;EFNB2;ITM2C;TENM3;SIPA1L1;STX1B;PDLIM5;CBFA2T2;PTEN;ZDHHC15;TBR1;TRPV4;CCDC88A;FZD1;MBOAT1;PPFIA2;GAK
prerank,Reactome_2022__Signaling By VEGF R-HSA-194138,0.3238386816861911,1.3008269882736108,0.09069212410501193,0.2639620100414259,1.0,16/56,18.32%,PKN1;PRKCA;PRKCB;PKN2;PRKCZ;CTNNA1;JUP;NCF4;NCK2;NCK1;MAPK13;MAPK12;AAMP;PLCG1;RICTOR;MAPKAP1
prerank,GO_Biological_Process_2025__Chaperone-Mediated Protein Complex Assembly (GO:0051131),0.460203198200145,1.3000382160895265,0.16844349680170576,0.2646848318589457,1.0,8/15,40.32%,TMEM35A;PFDN6;DNLZ;HSPD1;LONP1;CCT2;HSPA4;HSPA1A
prerank,GO_Biological_Process_2025__Positive Regulation of Angiogenesis (GO:0045766),-0.34037466109880793,-1.2995666137373831,0.12323943661971831,0.260927232642162,1.0,15/54,13.12%,CLIC3;GATA2;GATA6;ITGAX;ITGA5;CHI3L1;HSPB6;RUNX1;PKM;SPHK1;TWIST1;HIF1A;ITGB1;RHOB;ANXA3
prerank,WikiPathways_2024_Human__Aryl Hydrocarbon Receptor Pathway WP2586,-0.41408939108539156,-1.298966620379083,0.1446886446886447,0.26146258068340283,1.0,4/22,5.63%,HPGDS;CD36;LPL;MAP2K1
prerank,GO_Biological_Process_2025__Regulation of Glucose Metabolic Process (GO:0010906),0.42803055813709995,1.2979648325029292,0.15299334811529933,0.26726922112179735,1.0,8/18,17.24%,SIRT1;DGKQ;IRS2;IRS1;OGT;RORC;RORA;SLC45A3
prerank,GO_Cellular_Component_2025__Monoatomic Ion Channel Complex (GO:0034702),0.44073005399704657,1.2970345198044884,0.15334773218142547,0.26821843784893706,1.0,3/15,3.20%,GRIN3B;GRID2;GRIN3A
prerank,KEGG_2021_Human__Gastric cancer,-0.32432163793305707,-1.296869072909798,0.08304498269896193,0.2640997777257541,1.0,36/74,22.66%,BAX;BAK1;HGF;MAP2K1;MAP2K2;E2F2;PIK3CD;PIK3CB;CCNE2;CCNE1;CCND1;CSNK1A1L;FZD5;WNT9B;WNT7A;WNT8B;WNT8A;WNT7B;WNT5A;WNT2B;WNT4;WNT5B;WNT11;WNT3A;WNT10A;WNT2;WNT9A;WNT10B;RXRG;RXRB;RXRA;LRP6;WNT6;RPS6KB2;RPS6KB1;RB1
prerank,WikiPathways_2024_Human__Microtubule Cytoskeleton Regulation WP2038,0.4048727070859486,1.2959333737652419,0.14942528735632185,0.26936022426545814,1.0,10/21,22.65%,PRKCA;STMN1;TPPP;APC;SPRED1;CLIP1;GNAQ;PTEN;KIF2C;MAPRE1
prerank,GO_Biological_Process_2025__Regulation of Anatomical Structure Morphogenesis (GO:0022603),0.3227161097062833,1.2956273170489632,0.0979498861047836,0.26944460924059105,1.0,13/54,18.07%,PKN1;PKN2;PDZD8;SH3D19;PLXND1;NF1;EFNA5;SIPA1L1;PDCD10;PDLIM5;STRIP1;ZDHHC15;TBX1
prerank,WikiPathways_2024_Human__Nuclear Receptors In Lipid Metabolism And Toxicity WP299,-0.42138112711081077,-1.295547429638135,0.15500945179584122,0.2656473233275721,1.0,5/22,8.12%,CYP4B1;CYP4A11;ABCC2;ABCC3;ABCG1
prerank,GO_Molecular_Function_2025__tRNA Binding (GO:0000049),0.35971494772399615,1.2951327620883826,0.11246943765281174,0.2697545756811725,1.0,12/34,18.91%,NEMF;SSB;SEPSECS;NSUN2;EEF1A1;EIF2S3;EIF2S3B;FARS2;NAT10;ALKBH8;KARS1;EIF2AK4
prerank,KEGG_2021_Human__PI3K-Akt signaling pathway,0.27319646865821196,1.2946101505762624,0.0392156862745098,0.2700978977037205,1.0,28/140,8.86%,GNGT2;GNGT1;GNG5;GNG11;GNG10;PKN3;PKN1;PRKCA;PKN2;EIF4E1B;EIF4E;EIF4E2;YWHAQ;YWHAH;YWHAB;YWHAZ;YWHAG;CHAD;EGF;EIF4EBP1;EFNA5;EFNA2;EFNA3;EFNA4;EFNA1;MAPK1;GRB2;IRS1
prerank,GO_Biological_Process_2025__Negative Regulation of MAPK Cascade (GO:0043409),0.33041323537671585,1.2942777950288533,0.10955710955710955,0.27028807203678196,1.0,11/52,9.54%,MEN1;AMBP;SH3RF2;SH3GL2;INPP5K;NF1;MECOM;SMAD4;SPRED1;SPRED3;SPRED2
prerank,GO_Biological_Process_2025__Positive Regulation of Programmed Cell Death (GO:0043068),-0.29801614073873256,-1.2942489802206731,0.060655737704918035,0.267319969511568,1.0,38/112,22.31%,ITGA6;BCL2L10;BCL2A1;BAX;MCL1;BAK1;BOK;GZMA;SCIN;SLC27A4;HSPA9;SOX4;SPHK2;SOD1;ITGB1;CTSD;RHOB;RACK1;RBM5;CASP6;CASP8;CASP9;PYCARD;CASP2;SFRP4;WNT10B;SAV1;RPS6;SQSTM1;SPDEF;SMPD1;ING4;CTNNBL1;BARD1;DNAJA3;LATS1;RPS6KA2;DHCR7
prerank,GO_Biological_Process_2025__Golgi Organization (GO:0007030),-0.2999062056375895,-1.2939923160623554,0.07586206896551724,0.26737168076520923,1.0,46/98,30.48%,STX5;PLEKHM2;DYM;BAG5;TANGO2;PLK1;TMED6;SEC16A;SEC16B;VRK1;YIPF5;YIPF7;PTGES2;CDC42;GORASP2;GORASP1;OBSL1;LYSMD3;BLZF1;CDK1;VTI1B;COG8;SURF4;PRMT5;UBXN2A;NSFL1C;UBXN2B;GOLGA8T;GOLGA2;GOLGA8R;GOLGA8Q;GOLGA6A;GOLGA6D;GOLGA8N;GOLGA8H;GOLGA8A;GOLGA8B;GOLGA8O;GOLGA8J;GOLGA8S;GOLGA8K;GOLGA6B;GOLGA8M;GOLGA6C;PI4K2B;PI4K2A
prerank,Reactome_2022__Gene And Protein Expression By JAK-STAT Signaling After Interleukin-12 Stimulation R-HSA-8950505,-0.42544251063578015,-1.2935110045163427,0.13035714285714287,0.2677120722312787,1.0,12/20,26.82%,GSTO1;TALDO1;HSPA9;MTAP;SOD1;HNRNPF;ANXA2;CDC42;PPIA;RPLP0;MSN;TCP1
prerank,GO_Cellular_Component_2025__Adherens Junction (GO:0005912),0.3057173596890601,1.2934708506719494,0.08048780487804878,0.2710531032460985,1.0,26/74,21.12%,CTNNA1;CTNNA2;SMAD7;LIN7A;PKP2;CTNND1;PKP3;PKP1;JUP;MICALL1;SORBS1;TMOD3;FAT2;PDLIM2;PDLIM5;PDLIM1;PRICKLE4;PDLIM7;SDCBP;TRPV4;CYTH3;MPP2;MPP3;MPP7;MPP4;PALS1
prerank,GO_Biological_Process_2025__Regulation of Actin Filament Polymerization (GO:0030833),0.36900019071309265,1.2931375138529768,0.12698412698412698,0.27116709513279524,1.0,9/32,13.95%,PRKCE;HAX1;GBA2;EVL;NCK2;NCK1;FCHSD1;FCHSD2;LMOD1
prerank,WikiPathways_2024_Human__Wnt Signaling And Pluripotency WP399,0.30434492293812837,1.292980572521319,0.0625,0.2709961943544377,1.0,25/74,21.76%,PAFAH1B1;PRKCA;PRKCE;PRKCB;PRKCG;PRKCZ;PRKCH;PRKCI;APC;LDLR;CTNND1;MAPK10;MAPK9;NLK;NKD2;NKD1;PPARD;MAP2K4;FZD7;FZD1;FZD10;FZD9;FZD2;FZD8;FZD3
prerank,WikiPathways_2024_Human__Signal Transduction Through IL1R WP4496,-0.4631101845403285,-1.2920447489770115,0.16366906474820145,0.2695262424077345,1.0,10/15,28.19%,MYD88;IKBKB;CHUK;TAB1;NFKB1;RELA;JUN;IRAK1;IRAK3;IRAK2
prerank,WikiPathways_2024_Human__Intraflagellar Transport Proteins Binding To Dynein WP4532,0.4289368658274275,1.291830603491215,0.13203463203463203,0.2723409139397871,1.0,5/18,16.67%,DYNLL1;DYNLL2;DYNC2H1;DYNC1H1;IFT140
prerank,GO_Biological_Process_2025__Dicarboxylic Acid Transport (GO:0006835),0.4378932032118819,1.2914889450280391,0.16046511627906976,0.27248197221624265,1.0,7/16,8.78%,KCNK2;KCNK1;SLC17A6;SLC17A8;SLC22A6;SLC22A7;SLC26A1
prerank,GO_Biological_Process_2025__Fatty Acid Transport (GO:0015908),-0.37923733463832604,-1.2913770497889339,0.13893967093235832,0.2701533961158125,1.0,9/31,10.91%,GOT2;CD36;SLC27A1;SLC27A3;ACSL1;SLC27A6;SLC27A4;SLCO2A1;SLCO3A1
prerank,GO_Biological_Process_2025__Eye Development (GO:0001654),0.37466410224405056,1.291163140497542,0.12527472527472527,0.27255179161846366,1.0,16/28,27.36%,MAB21L1;MAB21L2;NIPBL;SIPA1L3;NEUROD4;SALL2;MEIS2;PBX2;MEIS1;PBX1;PBX3;PBX4;MEIS3;SMOC1;ATF6;HES5
prerank,KEGG_2021_Human__Protein export,-0.4268462997440441,-1.290816131447197,0.152014652014652,0.2706345170538742,1.0,8/20,22.25%,SPCS2;SEC63;HSPA5;SEC61A1;SEC61A2;SEC11C;SEC11A;SEC61B
prerank,GO_Cellular_Component_2025__Vesicle (GO:0031982),0.2756257813483044,1.2905686932991733,0.03535353535353535,0.2730644064694943,1.0,19/127,5.23%,SNAP25;SLC12A2;GAD1;PRKCZ;SLC5A5;ATP13A2;ATP2B3;ATP1A4;ATP1A2;YWHAZ;LGR6;GRIA4;SYT12;TUBA1C;SYNJ1;ITSN2;ITSN1;PICALM;DGKQ
prerank,GO_Biological_Process_2025__Positive Regulation of Osteoblast Differentiation (GO:0045669),-0.4376316092105666,-1.2903120060484916,0.16538461538461538,0.2710936391290621,1.0,11/18,30.89%,SOX11;TENT5A;FERMT2;WNT7B;WNT4;LRP3;ACVR2A;YAP1;WWTR1;BMPR1B;TP63
prerank,GO_Molecular_Function_2025__Lysine N-methyltransferase Activity (GO:0016278),0.43759991494265327,1.289884651106981,0.13656387665198239,0.2737445836811312,1.0,11/16,25.43%,SMYD2;SMYD5;METTL22;EHMT1;SETD2;EZH2;EHMT2;EZH1;EEF1AKMT1;SETD3;METTL13
prerank,Reactome_2022__ISG15 Antiviral Mechanism R-HSA-1169408,0.3263326510361745,1.2892919405112975,0.08447488584474885,0.27418514088706925,1.0,14/54,17.69%,MX2;EIF4E;EIF4E3;EIF4E2;MAPK3;UBE2N;NUP214;POM121C;NUP153;POM121;KPNB1;KPNA1;KPNA5;PLCG1
prerank,GO_Molecular_Function_2025__Telomeric DNA Binding (GO:0042162),0.41437738222500187,1.2881409875568475,0.1740976645435244,0.2755206300893887,1.0,6/18,15.70%,POLR1B;SMG6;UPF2;POLR1A;PURA;SMG5
prerank,GO_Molecular_Function_2025__Cysteine-Type Deubiquitinase Activity (GO:0004843),-0.39205852485273074,-1.2876863441378736,0.13089005235602094,0.27467717945410747,1.0,13/28,28.08%,USP8;USP12;UCHL5;OTUB1;OTUB2;USP14;UCHL1;YOD1;OTUD1;OTUD6A;OTUD3;OTUD6B;OTUD4
prerank,GO_Biological_Process_2025__Intracellular Protein Transport (GO:0006886),0.2518847666745041,1.2873246100235531,0.02717391304347826,0.27642720537940507,1.0,71/213,29.70%,NSF;NAPB;NAPG;STXBP1;RTN2;YWHAH;AP2A1;VPS45;IPO5;RANBP6;TOMM40;TIMM13;ERP29;UNC93B1;PICK1;COG7;TOMM70;TIMM17A;TIMM17B;IPO13;STX3;STX1B;STX1A;STX4;STX2;VPS26C;RIC1;NUP214;POM121C;NPAP1;POM121L2;NUP153;POM121;KPNB1;KPNA1;KPNA5;KPNA6;EIF4ENIF1;RAB1A;TIMM22;IPO4;DESI2;PIK3R4;RAB14;ARL6;FAM91A1;TLK1;XPO1;IPO7;NPM1;SIRT6;ARF5;NDUFA13;STEEP1;TOMM20;ARFRP1;TIMM8B;PEX16;SCG5;TIMM23;TECPR2;TNPO2;MTX2;VPS33A;STX8;STX6;STX10;VPS35;TIMM21;XPO7;RANBP17
prerank,GO_Biological_Process_2025__Negative Regulation of Kinase Activity (GO:0033673),0.3928988875301973,1.28720090061893,0.15565031982942432,0.27622832537920305,1.0,6/23,13.68%,PKN2;YWHAG;INPP5K;IRS2;TAF7;GNAQ
prerank,GO_Molecular_Function_2025__RNA Polymerase II Cis-Regulatory Region Sequence-Specific DNA Binding (GO:0000978),0.2341299241873712,1.2871601833929356,0.0071174377224199285,0.2759140395197724,1.0,205/462,30.81%,KCNIP3;BMAL2;NPAS2;ARNT2;PASD1;KCNH8;ZNF395;SLC2A4RG;SCRT1;SCRT2;CLOCK;BMAL1;NTN1;NTN3;MECOM;SMAD4;RREB1;PROX2;PROX1;ZNF710;ZNF366;ZNF865;ZNF662;ZNF212;ZNF667;ZNF671;ZNF347;ZNF497;ZNF665;ZNF160;OLIG1;NEUROD2;OLIG2;NEUROG3;NEUROG2;ATOH7;NEUROD6;OLIG3;NEUROG1;BHLHE22;ATOH1;NEUROD1;BHLHE23;NEUROD4;H2AZ1;ONECUT2;ONECUT3;ONECUT1;PPARG;RARB;RORB;PPARD;RORC;NR1D1;RARA;NR1D2;THRA;PPARA;NR1H3;RORA;VDR;NR1H2;NR1I2;TFAP4;NSD1;ZNF775;MGA;TBX15;TBX4;TBX2;TBX6;TBX19;TBX10;TBX5;TBX20;TBX22;TBXT;TBX1;TBR1;TBX21;EOMES;TBX3;ZNF341;DACH2;DACH1;YY1;HAND1;SCX;TCF21;FIGLA;HAND2;TCF15;ZNF219;NFAT5;ZNF335;ISL1;HINFP;FOXD2;MEIS2;TGIF1;SOX21;NR4A2;NR4A3;NR4A1;PRRX1;SP8;KLF9;SP9;SP5;KLF6;SP7;KLF7;KLF8;KLF4;KLF16;KLF3;KLF5;KLF2;SP6;KLF13;KLF1;KLF12;EBF4;EBF1;EBF3;CREB3L2;ATF6B;CREB3L4;CREM;CREB3L3;CREB1;ATF6;CREB3L1;BHLHE40;HES2;HEY1;HES5;HEY2;HES7;HES3;HEYL;HES6;BHLHE41;HELT;FOXB1;BPTF;NRL;MAFA;MAFB;MAFF;MAF;MAFK;MAFG;NRF1;BHLHA15;NKX6-3;NKX3-1;NKX2-6;NKX1-1;NKX3-2;NKX2-2;NKX6-2;NKX2-1;NKX1-2;NKX6-1;NKX2-3;NKX2-5;NKX2-8;NKX2-4;OGG1;ZSCAN5A;ZNF18;ZNF444;ZNF496;ZKSCAN2;ZSCAN32;ZSCAN5B;ZNF446;ZNF174;ZSCAN1;REST;ZNF131;PLAGL1;ZNF274;ZNF202;PLAG1;OVOL2;ZSCAN29;ZSCAN5C;OVOL3;ZSCAN18;NR3C2;PGR;ESRRB;ESR2;NR3C1;ESR1;ESRRG;ESRRA;THAP1;FOXA2;ZNF597;ZNF423;ZNF211;ZBTB39
prerank,GO_Biological_Process_2025__Regulation of Endothelial Cell Migration (GO:0010594),-0.3625294580251974,-1.2870801678785486,0.13157894736842105,0.27522667702250375,1.0,17/39,23.34%,SCARB1;PRCP;GATA3;AGXT;RHOB;ANXA3;PLPP3;GFUS;PIK3CG;PIK3CB;ROCK2;WNT5A;NR2F2;THBS1;SH3BP1;ITGB3;GNPDA1
prerank,GO_Biological_Process_2025__Protein Methylation (GO:0006479),0.4047237405497844,1.2868787518271114,0.16666666666666666,0.27596168530726917,1.0,10/21,25.75%,TRMT112;GSPT1;METTL22;ETF1;PRMT8;EEF1AKMT1;LCMT1;SETD3;FAM98A;FAM98B
prerank,Reactome_2022__CDC42 GTPase Cycle R-HSA-9013148,0.31399284249491793,1.2854144356579225,0.08941176470588236,0.2778501863478583,1.0,19/61,19.82%,PKN1;PKN2;ARHGAP39;REPS1;ITSN1;FNBP1L;FNBP1;FAM13B;JUP;STOM;GNA13;ARHGEF11;ARHGEF12;ARHGDIB;ARHGDIG;ARHGDIA;WDR81;CDC42BPB;DOCK8
prerank,GO_Biological_Process_2025__Neuron Differentiation (GO:0030182),-0.2967262216242083,-1.2853677294448234,0.06988352745424292,0.27748994270328475,1.0,37/106,21.07%,NLGN4X;PCSK9;RUNX1;MAP2K1;ACSL4;SOX15;SOX12;SOX2;SOX11;SOX14;SOX4;SOX3;VAX2;OPHN1;NIF3L1;NRBP2;WNK1;FZD5;WNT9B;WNT7A;WNT8B;WNT8A;WNT7B;WNT5A;WNT2B;WNT4;WNT5B;WNT11;WNT3A;WNT10A;WNT2;WNT9A;WNT10B;LRP6;CASP3;WNT6;ERCC2
prerank,GO_Biological_Process_2025__Negative Regulation of Sequestering of Calcium Ion (GO:0051283),0.39056781832271054,1.2851668352034507,0.1492204899777283,0.27784190367847206,1.0,18/24,31.26%,PLCB4;PLCB3;PLCH2;PLCB1;PLCH1;PLCL2;PLCB2;PLCL1;PLCG1;PLCE1;PLCG2;IBTK;ITPR1;ITPR3;RYR2;ITPR2;RYR3;RYR1
prerank,Reactome_2022__RNA Polymerase III Transcription Initiation From Type 3 Promoter R-HSA-76071,0.43437730883183084,1.2839212282226204,0.14135021097046413,0.27933734972720264,1.0,10/17,36.75%,POLR3H;POLR2K;POLR1D;CRCP;POLR3D;BDP1;POLR3B;SNAPC1;POLR2L;POLR2E
prerank,Reactome_2022__Oxidative Stress Induced Senescence R-HSA-2559580,0.3538970493678933,1.2834540737969815,0.14788732394366197,0.27965742108740876,1.0,13/36,20.84%,MAPK1;RNF2;RING1;MAPK10;MAPK3;MAPK9;MAPK8;H2AZ1;H2AZ2;EZH2;MAP2K4;TXN2;PHC3
prerank,WikiPathways_2024_Human__Hematopoietic SC Differentiation WP2849,-0.42657067713554064,-1.283411158854743,0.1518324607329843,0.280267560260333,1.0,9/20,23.37%,GATA2;GATA1;ITGA2B;RUNX1;STAT5A;SEC14L2;ITGB3;IKZF1;RIOK3
prerank,GO_Biological_Process_2025__L-alpha-amino Acid Transmembrane Transport (GO:1902475),-0.41236738545108415,-1.282955685007433,0.13714285714285715,0.28064964399149894,1.0,12/23,12.15%,TTYH1;SLC3A2;CLN3;SLC7A3;SLC7A11;SLC7A7;SLC7A1;SLC7A6;SLC7A8;SLC7A5;SLC38A9;SLC38A3
prerank,GO_Cellular_Component_2025__Microtubule (GO:0005874),0.28987107118633265,1.282903513677417,0.06629834254143646,0.2800795322631197,1.0,34/94,24.44%,MX2;TUBA1C;TUBA1B;TUBA3E;TUBA1A;TUBA3C;TUBA3D;SYNJ1;KIF3A;TPPP;TPPP3;TPPP2;CCDC66;KATNB1;DYNC2H1;CLIP1;DYNC1H1;KIF3C;KIF3B;RMDN2;RMDN1;RMDN3;DPP9;CCT4;LRPPRC;GAS2L1;KIFAP3;KIF24;KIF2C;MAPRE1;TBCC;BIRC5;CSNK1D;SIRT2
prerank,GO_Biological_Process_2025__Platelet Aggregation (GO:0070527),-0.4221690360589819,-1.2825334093800695,0.14473684210526316,0.2809654835305771,1.0,10/20,24.53%,CLIC1;GATA1;HBB;VCL;FERMT3;PIK3CG;PIK3CB;PPIA;ITGB3;MYL9
prerank,GO_Biological_Process_2025__Regulation of Cytokine-Mediated Signaling Pathway (GO:0001959),-0.4393992896924417,-1.2819384796551458,0.16573556797020483,0.2815104204124423,1.0,9/16,28.19%,SPHK1;AGPAT2;IKBKB;CASP8;PYCARD;VRK2;IRAK1;IRAK3;IRAK2
prerank,GO_Molecular_Function_2025__Deubiquitinase Activity (GO:0101005),-0.3582220453467104,-1.2818470280455694,0.13930348258706468,0.2813080483977992,1.0,18/38,29.49%,PSMD14;USP8;USP12;UCHL5;PSMD7;OTUB1;OTUB2;USP14;COPS6;UCHL1;EIF3F;YOD1;OTUD1;OTUD6A;OTUD3;OTUD6B;OTUD4;COPS5
prerank,WikiPathways_2024_Human__Netrin UNC5B Signaling WP4747,0.3882909565421056,1.281798266677258,0.15632183908045977,0.28128332743331774,1.0,8/23,14.00%,PRKCA;INPP5D;ALPL;NTN1;NTN3;MAPK1;MAPK3;ARHGEF12
prerank,GO_Molecular_Function_2025__Ubiquitin-Like Protein Ligase Activity (GO:0061659),0.2762352647254603,1.2814666359831557,0.045454545454545456,0.281385185549757,1.0,37/123,23.77%,PELI3;PELI1;PELI2;HECTD1;SH3RF3;SH3RF2;PDZRN3;STUB1;AREL1;RNF123;RNF2;RING1;SH3RF1;MKRN1;MKRN2;MKRN3;RNF5;RNF185;UBE2C;VPS11;MARCHF6;RNF146;UBR5;UBE3C;MSL2;NEURL4;ARK2N;RNF111;ARK2C;BIRC2;XIAP;BIRC7;BIRC3;UBR3;UBR4;UBR1;UBR2
prerank,WikiPathways_2024_Human__Effect Of Omega 3 PUFA On Huntington 39 S Disease Pathways WP5470,0.3058297199130299,1.2810378552100055,0.07653061224489796,0.28163899529597297,1.0,24/67,19.71%,SLC12A2;SLC12A5;EIF4E;EGF;EIF4EBP1;CKB;MAPK1;PPARGC1A;BNIP3;MAPK10;MAPK3;MAPK9;MAPK8;HMGCS2;HMGCS1;NEUROD1;NR1H2;AKT1S1;PTEN;OPA1;RICTOR;PIK3R4;MAP2K4;PI3
prerank,GO_Molecular_Function_2025__Metalloendopeptidase Activity (GO:0004222),-0.3594492603164457,-1.2809084019300463,0.11956521739130435,0.28241249000715407,1.0,4/40,0.74%,ECEL1;ECE1;KEL;MMEL1
prerank,KEGG_2021_Human__Endocytosis,0.2671137795982794,1.2808334725718802,0.06753246753246753,0.2815850722312406,1.0,41/146,22.32%,PRKCZ;PRKCI;LDLRAP1;DAB2;SH3GL3;SH3GL2;EHD2;EHD3;EPS15;AP2A2;AP2A1;VPS45;GRK5;GRK2;LDLR;WASHC5;SH3GLB2;SH3GL1;SH3GLB1;EPN1;EPN2;EPN3;CHMP3;HSPA2;AP2S1;GBF1;IQSEC1;IQSEC2;PSD4;IQSEC3;CYTH3;PSD2;ARFGEF2;CYTH2;PSD3;ARFGEF1;WASHC2C;WASHC2A;ARF5;ARRB2;ARRB1
prerank,KEGG_2021_Human__Ferroptosis,-0.4166827217424788,-1.2804093980348579,0.15441176470588236,0.2828168127900664,1.0,6/22,9.46%,SLC3A2;ACSL6;ACSL1;ACSL4;ACSL3;SLC7A11
prerank,Reactome_2022__Antigen Processing: Ubiquitination And Proteasome Degradation R-HSA-983168,-0.2770328074189777,-1.2799352352488729,0.058823529411764705,0.28321215236637465,1.0,59/162,25.76%,PSMD14;PSMD2;PSMA1;PSMD11;PSMA4;PSMC4;PSMB1;ZNRF2;PSMB4;PSMC3;PSMC1;PSMA7;PSMB9;PSMA8;PSMB6;PSMB5;PSMB11;PSMB8;PSMB7;PSMB10;PSMB2;PSMB3;PSMC6;PSMC5;PSMA3;PSMA2;DZIP3;PSMD7;PSMD8;FBXL19;BLMH;PSMA5;PSMD9;PSMD4;PSMC2;CCNF;PSMD6;UBE2G2;KLHL5;GLMN;SOCS3;SOCS1;UBE2L6;ANAPC7;CUL5;PSMD13;DET1;ANAPC5;CDC23;FBXL7;FBXL18;FBXL15;FBXL13;FBXL22;FBXL20;SKP2;FBXL5;FBXL3;FZR1
prerank,Reactome_2022__RIPK1-mediated Regulated Necrosis R-HSA-5213460,0.4207821312137854,1.2798916017740054,0.16203703703703703,0.2825970224003602,1.0,8/19,22.93%,PELI1;STUB1;OGT;FASN;SDCBP;BIRC2;XIAP;BIRC3
prerank,WikiPathways_2024_Human__Glycosylation And Related Congenital Defects WP4521,-0.40080818927372075,-1.2795305340064291,0.1410488245931284,0.28345533396635675,1.0,15/23,40.39%,MPI;TUSC3;MAGT1;MPDU1;PMM2;DPM3;GMPPB;ALG3;MOGS;SRD5A3;DPM1;DOLK;ALG9;ALG1;B4GALT1
prerank,GO_Biological_Process_2025__Transition Metal Ion Transport (GO:0000041),0.4310124577899297,1.2793941594000529,0.15610859728506787,0.2829172462597778,1.0,3/16,1.48%,ATP2C1;ATP7A;ATP2C2
prerank,GO_Biological_Process_2025__Negative Regulation of Binding (GO:0051100),-0.3746006219477001,-1.2784793025541752,0.12802768166089964,0.28471272971787664,1.0,16/33,28.74%,BAX;RSF1;GZMA;DNAJB2;SMOX;PEX14;RACK1;CARD16;CARD18;ROCK1;ZFPM1;GEMIN2;LRPAP1;SYMPK;JUN;GOLGA2
prerank,GO_Molecular_Function_2025__Protein Serine Kinase Activity (GO:0106310),0.443276534043527,1.2781500361288896,0.16099773242630386,0.28436845814937317,1.0,2/15,0.43%,PRKCA;PKN2
prerank,GO_Biological_Process_2025__Sulfur Compound Catabolic Process (GO:0044273),-0.43343983718216333,-1.2779498586943234,0.15471698113207547,0.28520851018021526,1.0,12/18,29.87%,GLB1;SUCLA2;GGT5;GNS;GPC1;SGSH;GGT1;GGT7;SUCLG1;IDUA;SUCLG2;NAGLU
prerank,GO_Molecular_Function_2025__Iron Ion Binding (GO:0005506),-0.3967586409695433,-1.2778459850118369,0.14385964912280702,0.28500215043030647,1.0,9/24,25.74%,AOX1;DNAJC24;SCD5;FECH;ISCU;ALKBH1;ETHE1;PLOD3;FBXL5
prerank,GO_Cellular_Component_2025__Nuclear Lumen (GO:0031981),0.23351552394519776,1.277778342038738,0.010676156583629894,0.2845492272345575,1.0,152/483,27.21%,BMAL2;KIAA0319L;AOPEP;DDX47;RRP12;PES1;SNU13;COX7A2L;BOP1;SURF6;UTP4;SIRT1;HEATR1;MRPS9;DGKQ;XPC;WDR12;DDX27;PTBP1;FBLL1;FBL;NGDN;WDFY3;NOM1;SF3B3;RCL1;SMG6;NOVA1;DDX56;KRI1;ADAD2;DDX55;RRP1B;PDCD11;FTSJ3;BYSL;NOL6;EID3;PARP1;RPF2;HABP4;TBL3;NOP2;DKC1;OARD1;RRS1;DIMT1;NOP16;MDN1;FBXO25;UTP15;KCNN4;BRIX1;NOL9;RBM28;UTP20;WDR55;RRN3;SPTBN1;RBMX2;GNL2;EDF1;POLR1E;SRPK2;COG7;NOP58;ARL2;NSUN2;URB1;PNO1;GRWD1;CKAP5;EEF1A1;METTL22;GTPBP4;ZNF346;PWP1;RRP36;DNAJC2;NUP153;RARA;RORA;PUM3;NSD2;WDR74;DDX54;RBBP5;RSL24D1;NAT10;IMP4;DDX24;SDAD1;NOC4L;BAZ1B;BMS1;POP5;UTP6;LIN28B;LIN28A;RPF1;SDCBP2;TAF13;POMT2;TMA16;DHX37;DDX18;DOCK4;TXN2;NMD3;ARFGEF1;NOC3L;AK6;WASHC2C;WASHC2A;XPO1;EPC1;NPM1;NPM2;NPM3;SIRT6;RRP9;HINFP;HAP1;MRPS31;AK8;RARS1;BIRC5;TSR1;ATP8B2;MCM10;MARS1;RBM19;SBDS;SIRT2;ABT1;NOC2L;BAZ2A;BAZ1A;NOP53;KLF6;BCKDHB;PPP1CC;N4BP1;GTF3C1;ZC3H14;NVL;UTP23;SIRT7;COX10;SDHA;ATF6B;ELP3
prerank,GO_Cellular_Component_2025__Condensed Nuclear Chromosome (GO:0000794),0.4233152624590614,1.2775575340597647,0.16176470588235295,0.28451870051225164,1.0,5/17,19.52%,NOL6;RRS1;TUBG1;LRPPRC;KIFAP3
prerank,GO_Biological_Process_2025__Glycerophospholipid Metabolic Process (GO:0006650),0.3631649969366754,1.2775140657323654,0.1368653421633554,0.28420455659907196,1.0,17/34,17.73%,PAFAH1B1;SYNJ1;DGKH;IP6K3;PLCB4;ACP6;PLCB3;PLCH2;PLCB1;PLCH1;PLCL2;PLCB2;PLCL1;PLCG1;PLCE1;PLCG2;PLCD1
prerank,GO_Biological_Process_2025__Regulation of G Protein-Coupled Receptor Signaling Pathway (GO:0008277),0.3597211204511897,1.276844669439831,0.13245033112582782,0.28481875258424705,1.0,7/31,5.83%,KCTD12;YWHAB;APP;DGKQ;KCTD8;KCTD16;GRK5
prerank,KEGG_2021_Human__Human cytomegalovirus infection,0.27808630182285243,1.2764370180896343,0.05707196029776675,0.285072424912498,1.0,26/111,14.00%,GNGT2;GNGT1;GNG5;GNG11;GNG10;PRKCA;PRKCB;PRKCG;PPP3R1;GNAO1;EIF4EBP1;ADCY3;MAPK1;GRB2;PPP3CB;PPP3CC;MAPK13;MAPK3;MAPK12;GNB5;GNAS;GNAQ;GNA13;GNA11;ARHGEF11;ARHGEF12
prerank,KEGG_2021_Human__Spinocerebellar ataxia,0.2773378149150076,1.2762730318629842,0.06904761904761905,0.28494767231600804,1.0,37/106,17.67%,PRKCA;PRKCB;PRKCG;DAB1;ATP2A2;ATP2A1;ULK2;ULK1;GRIN3B;GRIA2;GRIA1;GRIN2B;GRIN2A;GRIN3A;GRIN2D;GRIA3;GRIN2C;ATG101;KCND3;GTF2B;ATG14;SLC25A31;MAPK10;MAPK9;MAPK8;PUM1;PUM2;GNAQ;ATP2A3;PLCB4;RB1CC1;RORA;OPA1;VDAC2;PLCB3;PLCB1;PLCB2
prerank,GO_Biological_Process_2025__Regulation of Hippo Signaling (GO:0035330),0.37997114582515007,1.2762299744952854,0.14439655172413793,0.2846390788642197,1.0,5/25,5.02%,SCHIP1;WWC1;WWC3;WWC2;SIRT1
prerank,GO_Biological_Process_2025__Positive Regulation of Protein Localization to Membrane (GO:1905477),0.3652010694921802,1.2761637857455312,0.14864864864864866,0.2843609664604137,1.0,10/29,15.01%,PRKCE;PRKCH;PRKCI;PKP1;SORBS1;SPTBN1;ATP2B4;STX3;STX4;NKD2
prerank,GO_Biological_Process_2025__Negative Regulation of Cell Cycle (GO:0045786),-0.3515979773639665,-1.2761445174711152,0.133086876155268,0.28723790567880125,1.0,21/44,23.75%,GATA3;HPGD;TENT5B;NUPR2;NUPR1;RHOB;NUDT6;GMNC;GMNN;MCIDAS;CDT1;TSPYL2;NHERF1;NR2F2;BARD1;PPP1R13B;TP53BP2;LATS1;RPS6KA2;RB1;SUV39H1
prerank,GO_Molecular_Function_2025__RNA Polymerase II Complex Binding (GO:0000993),0.3805378712612285,1.2761130861518861,0.1353211009174312,0.28406433056931907,1.0,12/25,32.60%,SMYD2;GTF2B;CTR9;PCF11;RECQL5;PCIF1;BRD4;ESRRB;RTRAF;AGO2;CDC73;DHX9
prerank,Reactome_2022__Resolution Of D-Loop Structures R-HSA-5693537,-0.44170953618008946,-1.2757203212086734,0.15579710144927536,0.28754231228179317,1.0,8/17,27.93%,KAT5;DNA2;EXO1;BARD1;GEN1;RTEL1;MUS81;RAD50
prerank,GO_Biological_Process_2025__Nuclear Membrane Organization (GO:0071763),-0.4227975528845636,-1.275556231528345,0.15636363636363637,0.28744887795330276,1.0,9/20,27.60%,TOR1A;TOR1B;VPS4A;PLK1;NEMP1;VPS4B;UBXN2A;NSFL1C;UBXN2B
prerank,Reactome_2022__L1CAM Interactions R-HSA-373760,-0.35530845955612317,-1.274847516899831,0.12343470483005367,0.28820067771908014,1.0,9/43,5.64%,ITGAV;ITGA2;ITGA9;ITGA10;ITGA5;ITGA1;ITGA2B;MAP2K1;MAP2K2
prerank,KEGG_2021_Human__Herpes simplex virus 1 infection,-0.27925078473422926,-1.2738930203672612,0.06105610561056106,0.28927243374942924,1.0,97/153,36.31%,PDIA3;ITGA5;BAX;BAK1;C3;C5;STING1;MYD88;IKBKB;CHUK;CASP8;CASP9;PIK3CD;PIK3CB;ZNF785;ZNF302;ZNF688;ZNF181;ZNF184;ZFP92;ZNF84;ZNF764;ZNF689;SRSF8;SRSF2;ZNF324;ZNF324B;SOCS3;CASP3;TAB1;CGAS;ITGB3;ZNF382;ZNF649;ZNF567;ZNF613;ZNF350;ZNF564;SRSF4;NFKB1;RELA;PIK3CA;IKBKE;TBK1;IRAK1;TP53;PIK3R3;PIK3R2;EIF2B4;ZNF875;ZNF560;ZNF337;ZNF557;ZNF559;ZNF846;ZNF169;ZNF589;ZNF529;ZNF439;ZNF25;ZNF674;ZNF248;ZFP90;ZNF554;ZNF440;ZNF620;ZNF343;ZNF619;ZNF177;ZNF20;ZNF19;ZNF763;ZNF891;ZNF566;ZFP69;ZNF596;ZNF705A;ZNF10;ZNF133;ZNF558;ZNF805;ZFP69B;ZNF599;ZNF582;ZNF404;ZNF555;ZNF705D;ZNF550;ZNF614;ZFP37;ZNF124;ZNF425;ZNF669;ZNF684;ZNF556;ZNF77;ZNF749
prerank,GO_Biological_Process_2025__Transcription by RNA Polymerase III (GO:0006383),0.4306580728738596,1.2738805006316463,0.16865079365079366,0.28716217072572897,1.0,5/18,11.39%,POLR3H;POLR2K;GTF3C3;POLR1D;CRCP
prerank,GO_Cellular_Component_2025__Cytoskeleton (GO:0005856),0.23878848837907132,1.2723239132429394,0.008356545961002786,0.28906843563819307,1.0,77/337,15.83%,SNAP25;ANK1;PRKCE;PKN2;PRKCI;GUCA1B;SNTG1;ATP12A;HAX1;ABRA;DYNLL1;DYNLL2;TUBA1C;TUBA1B;TUBA3E;TUBA1A;TUBA3C;TUBA3D;OCRL;KIF3A;BICD1;DGKQ;DGKH;FAM107A;IGF2BP2;NTN1;DTNA;MAPK1;SPAST;KATNB1;MDN1;JUP;ADAM17;NOL9;TTBK2;SLC4A1;TPM3;TPM4;TPM1;TPM2;SORBS2;SPTBN1;SIPA1L1;MAPK3;CLIP1;EFR3B;ARL2;STOM;CKAP5;CNN2;TAGLN3;TAGLN2;CNN1;KIF3B;TMOD1;LMOD3;TMOD2;TMOD3;LMOD1;TMOD4;ITPKA;ITPKB;ONECUT2;SAMD14;PPP1R9B;PPP1R9A;SYNPO2;SYNPO;SYNPO2L;KLHL20;RARA;NR1I2;PDLIM5;PDLIM1;PDLIM7;ARHGDIB;ARHGDIA
prerank,GO_Biological_Process_2025__RNA Modification (GO:0009451),0.34315408631248456,1.2719915756093338,0.11333333333333333,0.2891902490330511,1.0,26/38,43.02%,FTSJ3;TRDMT1;SSB;FTSJ1;NSUN2;NAT10;MEPCE;HENMT1;DTWD2;METTL6;NOP10;THG1L;METTL1;BCDIN3D;AARS1;PUS7;RBM15B;RBM15;NSUN4;TSR3;QTRT1;PUS3;ADARB1;ADAR;TRIT1;METTL14
prerank,Reactome_2022__CaM Pathway R-HSA-111997,0.4347983021233143,1.2713288665103863,0.16288659793814433,0.289859904880148,1.0,5/16,16.15%,PRKCA;PRKCG;GRK2;PRKAR2A;PRKAR1B
prerank,GO_Biological_Process_2025__Negative Regulation of Programmed Cell Death (GO:0043069),-0.26979583476997326,-1.2710226003111773,0.05426356589147287,0.29345127347281025,1.0,60/194,22.13%,DHRS2;GATA1;GATA6;PRDX2;BCL2L10;BCL2A1;MCL1;HSPB2;CRYAB;HSPB6;CLN3;DNAJC3;HSPA9;SOX9;SOX8;TENT5B;SPHK1;CERKL;PSMC5;NUPR1;PEPD;HSP90B1;SLC7A11;FIGNL1;PSEN1;SIX4;BAG4;BAG3;ARHGAP10;TXNDC5;ANXA5;ANXA4;ANXA1;PLK1;HTR2B;HSPA5;CFLAR;CASP2;APIP;TMBIM6;LAMTOR5;CCND2;WNK3;DSTYK;WNT5A;SQSTM1;HDAC2;KANK2;NAA35;RPL15;SOCS2;SOCS3;COMP;THBS1;LRP2;BARD1;DNAJA3;RPS6KA1;RPS6KB1;RPS6KA3
prerank,GO_Biological_Process_2025__Protein Ubiquitination (GO:0016567),0.2551437899427807,1.2698101452885013,0.04221635883905013,0.2917963443982412,1.0,72/181,31.76%,PELI2;UBE2W;LNPEP;SH3RF3;SH3RF2;UBE2B;PDZRN3;SIRT1;STUB1;AREL1;RNF123;SPOP;FBXO25;FBXO32;SPSB4;SH3RF1;LZTR1;NEUROD2;MKRN1;MKRN2;MKRN3;RNF185;UBE2N;UBE2NL;CDC27;BIRC6;FBXO28;UBE2C;KLHL20;VPS11;MARCHF6;UBE2S;RNF146;UBR5;TNKS2;TNKS;CDC16;UBE3C;MSL2;USP7;ZSWIM8;KLHL25;ENC1;UBE4A;ARRB2;ARRB1;FBXO9;RNF111;BIRC2;BIRC7;UBR3;CBFB;UBR1;UBR2;ZC4H2;CRBN;CNOT4;RNF7;TRAF6;MARCHF5;RNF41;KCTD13;TNFAIP1;KCTD10;CUL1;ARIH1;FBXO11;FBXO10;KLHL18;NFX1;UBE2V2;RNF34
prerank,GO_Cellular_Component_2025__Mitochondrial Intermembrane Space (GO:0005758),0.3268469922306029,1.2697066328835207,0.1146067415730337,0.29159371501441717,1.0,16/45,29.10%,HAX1;FBXL4;ALPL;TIMM13;ARL2;BLOC1S1;MICU1;MICU2;TRAP1;AIFM1;CYCS;TAFAZZIN;TIMM8B;TIMM23;NDUFA8;TIMM21
prerank,GO_Biological_Process_2025__Peptidyl-Threonine Modification (GO:0018210),-0.37986142167995407,-1.2695408672819668,0.14285714285714285,0.2953871411854957,1.0,5/31,1.88%,GALNT6;GALNT17;GALNT15;GALNTL6;GALNT11
prerank,GO_Biological_Process_2025__Regulation of Peptidyl-Serine Phosphorylation (GO:0033135),0.3857198916583352,1.269256657003895,0.16666666666666666,0.2919596445312176,1.0,12/23,34.54%,PKN1;INPP5K;MAD2L2;PDCD10;NSD1;PTEN;TXN2;RASSF2;CREBL2;OPRD1;CNKSR3;SPRY2
prerank,WikiPathways_2024_Human__Leukocyte Intrinsic Hippo Pathway Functions WP4542,-0.4096818983650167,-1.2688544401404906,0.14571948998178508,0.29612537780096904,1.0,7/22,21.72%,ITGAL;LPL;MST1;FERMT3;RHOA;SAV1;LATS1
prerank,GO_Biological_Process_2025__Heart Morphogenesis (GO:0003007),0.3797933517331802,1.26873422574912,0.1615720524017467,0.2923876505738242,1.0,17/26,31.22%,TH;NIPBL;SYNPO2L;TBX2;TBX19;TBX20;TBXT;TBX1;TBX3;ISL1;ACVRL1;ACVR1;HEY1;HEY2;HEYL;NKX2-5;RYR2
prerank,GO_Biological_Process_2025__Protein Localization to Membrane (GO:0072657),0.2800930706146443,1.268720514300584,0.06516290726817042,0.29202547244813787,1.0,27/98,17.86%,ANK1;PRKCZ;PRKCI;KCNIP4;KCNIP3;STXBP1;INPP5K;EHD2;EHD3;NRXN2;PICK1;PKP2;PKP3;JUP;SH3GLB1;SPTBN1;ABHD17A;EFR3B;EFR3A;ZDHHC23;NKD2;ZDHHC15;ZDHHC7;ZDHHC4;ZDHHC2;DPP10;DPP6
prerank,Reactome_2022__rRNA Processing R-HSA-72312,0.2598389290727647,1.268206404335685,0.059431524547803614,0.2924113409998735,1.0,43/162,19.33%,DDX47;PES1;SNU13;GAR1;WDR36;BOP1;UTP4;HEATR1;WDR12;FBL;RIOK2;PWP2;RCL1;DDX56;MTREX;RRP1B;PDCD11;FTSJ3;BYSL;NOL6;TBL3;NOP2;DKC1;DIMT1;UTP15;NOL9;RBM28;UTP20;TRMT112;NOP58;PNO1;RRP36;LTV1;RSL24D1;NAT10;IMP4;NHP2;NOB1;NOC4L;BMS1;UTP6;DDX52;DHX37
prerank,Reactome_2022__Glycerophospholipid Biosynthesis R-HSA-1483206,-0.3066343871886564,-1.267984210153702,0.10033444816053512,0.2971305142699842,1.0,26/81,20.60%,ACHE;DGAT1;LIPI;LIPH;PLA1A;PLA2G3;DGAT2;DGAT2L6;AWAT2;PLD4;PLD3;AGPAT1;AGPAT2;PRKCSH;HADHB;GPCPD1;HADHA;CHEK2;GPD1;GPD1L;MBOAT7;GPAM;GPAT2;CRLS1;CEPT1;CHPT1
prerank,KEGG_2021_Human__Various types of N-glycan biosynthesis,-0.3642129313242557,-1.2678619807446665,0.14206642066420663,0.29697571241586823,1.0,8/33,12.04%,DDOST;HEXA;HEXB;STT3B;RPN1;RPN2;FUT8;TUSC3
prerank,GO_Biological_Process_2025__Receptor Internalization (GO:0031623),0.4143951170647522,1.2658913458685437,0.1607565011820331,0.29560113658340836,1.0,9/17,22.32%,MX2;LDLRAP1;PICALM;GRK2;GRB2;SCYL2;ARR3;ARRB2;ARRB1
prerank,WikiPathways_2024_Human__Host Pathogen Interaction Of Human Coronaviruses MAPK Signaling WP4877,0.3999023057305398,1.2654271351850208,0.16367713004484305,0.2959551107572012,1.0,8/20,12.15%,EIF4E;MAPK1;MAPK10;MAPK13;MAPK3;MAPK12;MAPK9;MAPK8
prerank,Reactome_2022__Signaling By WNT In Cancer R-HSA-4791275,-0.41112549411047994,-1.2641483887091862,0.1641509433962264,0.30244616166941724,1.0,4/21,6.97%,CTBP2;CTBP1;PPP2R5C;PPP2R5D
prerank,KEGG_2021_Human__Vasopressin-regulated water reabsorption,0.34445789382330544,1.26367603907503,0.1346578366445916,0.29803768801010144,1.0,18/37,27.90%,NSF;DYNLL1;DYNLL2;ADCY3;DYNC2H1;DYNC1H1;GNAS;STX4;ARHGDIB;ARHGDIG;ARHGDIA;CREB3L2;CREB3L4;CREB3;CREB3L3;CREB1;CREB3L1;DCTN6
prerank,WikiPathways_2024_Human__Vasopressin Regulated Water Reabsorption WP5085,0.34445789382330544,1.26367603907503,0.1346578366445916,0.29803768801010144,1.0,18/37,27.90%,NSF;DYNLL1;DYNLL2;ADCY3;DYNC2H1;DYNC1H1;GNAS;STX4;ARHGDIB;ARHGDIG;ARHGDIA;CREB3L2;CREB3L4;CREB3;CREB3L3;CREB1;CREB3L1;DCTN6
prerank,GO_Biological_Process_2025__Heart Development (GO:0007507),0.30001730672567256,1.2635038782114627,0.10353535353535354,0.29792666685182284,1.0,29/76,25.42%,TH;TNNI3;NF1;CSRP3;SMYD4;PKP2;NIPBL;SYNPO2L;PDLIM2;PDLIM5;PDLIM1;PRICKLE4;PDLIM7;PTEN;PDGFB;TBX2;TBX19;TBX5;TBXT;TBX1;TBX3;HAND1;HAND2;ISL1;ACVRL1;POPDC2;POPDC3;KAT2B;KAT2A
prerank,GO_Biological_Process_2025__Regulation of Cytoskeleton Organization (GO:0051493),0.30277479982878236,1.2634716174825642,0.08275862068965517,0.29759542488932095,1.0,14/69,12.10%,PKN1;PKN2;STMN3;SORBS3;BICD2;BICD1;TPPP;PLXNB1;FAM107A;EFNA5;MAPK1;SLC4A2;CDK10;MAPK3
prerank,WikiPathways_2024_Human__Male Infertility WP4673,0.2908684348669396,1.2631256204450056,0.09090909090909091,0.2977561933329213,1.0,15/74,8.46%,EPPIN;GNAO1;TCN2;UBE2B;XPC;DAZ4;DAZ3;DAZ2;DAZL;DAZ1;CRISP2;CLOCK;BMAL1;TMEM132E;PARP1
prerank,Reactome_2022__Formation Of beta-catenin:TCF Transactivating Complex R-HSA-201722,0.43743684416954765,1.2629533030714049,0.17456896551724138,0.29765175200896726,1.0,6/16,16.56%,MEN1;H2AZ1;H2AZ2;TRRAP;KMT2D;RBBP5
prerank,WikiPathways_2024_Human__IL3 Signaling WP286,0.3929765725064188,1.262476012762322,0.18097447795823665,0.29806637301431976,1.0,7/22,12.15%,YWHAQ;YWHAB;INPP5D;MAPK1;GRB2;MAPK3;MAPK8
prerank,GO_Molecular_Function_2025__O-acyltransferase Activity (GO:0008374),-0.433826194327917,-1.2623130209013576,0.16974169741697417,0.30495694049492683,1.0,7/17,20.43%,DGAT2L6;AWAT2;MBOAT7;GPAM;GPAT2;CRLS1;HHAT
prerank,WikiPathways_2024_Human__Resistin As A Regulator Of Inflammation WP4481,0.3896016117657716,1.2616095882448686,0.18722466960352424,0.29905145506477254,1.0,12/23,17.73%,MAPK1;MAPK3;PLCB4;PLCB3;PLCD4;PLCB1;PLCD3;PLCB2;PLCG1;PLCE1;PLCG2;PLCD1
prerank,GO_Cellular_Component_2025__Endoplasmic Reticulum Tubular Network (GO:0071782),0.4178202912959005,1.2611920556008431,0.17410714285714285,0.2992931299251452,1.0,9/17,29.01%,RTN4;SPAST;KPNB1;ARV1;REEP4;REEP2;REEP1;REEP3;RNF41
prerank,GO_Molecular_Function_2025__Phosphatidylinositol-3-Phosphate Phosphatase Activity (GO:0004438),-0.45536673670507866,-1.2596482605572092,0.18199233716475097,0.30885314695911087,1.0,11/15,20.99%,MTMR14;MTMR7;MTMR1;MTMR2;MTMR4;MTMR11;MTMR3;MTMR9;MTMR10;MTMR6;MTMR12
prerank,Reactome_2022__PI Metabolism R-HSA-1483255,0.3083725602533108,1.2587564046124717,0.12048192771084337,0.3027055118385255,1.0,19/56,19.23%,SYNJ1;INPP5D;INPP5K;INPP5F;INPP5J;OCRL;SYNJ2;CLSTN1;INPPL1;TNFAIP8L2;TNFAIP8;TNFAIP8L1;TNFAIP8L3;PI4KA;PTEN;PIP4K2A;PIK3C3;PIK3R4;RAB14
prerank,Reactome_2022__Golgi-to-ER Retrograde Transport R-HSA-8856688,0.2996239191731958,1.2584509433373767,0.09951456310679611,0.3028009939435226,1.0,8/72,4.94%,PAFAH1B1;NSF;NAPG;DYNLL1;DYNLL2;KIF3A;BICD2;BICD1
prerank,Reactome_2022__Developmental Biology R-HSA-1266738,-0.24274166187084306,-1.2581503433988706,0.020378457059679767,0.3109125340698879,1.0,181/500,28.01%,PSMD14;CD36;PSMD2;PSMA1;GATA2;GATA6;ITGAV;ITGA2;ITGA9;ITGA10;ITGA5;ITGA1;ITGA2B;PCSK6;PSMD11;SLC2A4;SLC2A2;PSMA4;PSMC4;LIPM;LIPK;LIPJ;LIPN;LPL;PSMB1;PSMB4;RUNX1;PSMC3;PSMC1;MAP2K1;MAP2K2;PKLR;PSMA7;PSMB9;PSMA8;PSMB6;PSMB5;PSMB11;PSMB8;PSMB7;PSMB10;RPS7;PSMB2;PSMB3;SOX10;SOX9;SOX2;SRY;LIN9;PSMC6;PSMC5;PSMA3;PCK1;RPL8;PSMA2;DOK2;DOK6;DOK4;FRS2;DOK1;DOK5;PSEN2;PSEN1;HIF3A;EPAS1;RPL26L1;RPL26;RPS28;PSMD7;MED28;RPS8;PXMP2;RPS16;ITGB1;RPL27A;RPL35;RPL30;RPLP2;RHOA;RHOC;RHOB;PSMD8;TRPC5;TRPC4;TRPC1;RPS17;PLPPR3;RPS24;PRKACB;PRKACG;PSMA5;RPL23;RPL7;CASP14;RPL18;PIK3CB;PSMD9;GPC1;PSMD4;PSMC2;RPS15;CCND3;PSMD6;MED17;ROCK1;ROCK2;SUZ12;SCD5;ACTR3;WNT4;WNT10B;RPS6;RPS5;HDAC2;CDC42;RPL19;RPL11;DRAP1;SMARCD3;CAP1;RPL29;HNF4G;RXRA;NR2F2;RPS14;RPL15;RPL7A;VLDLR;EED;ZFPM2;RPS15A;RPL31;RPS29;RPS6KA4;RPS6KA5;RPS6KA6;RPS6KA1;RPS6KA2;RPS6KA3;RPL13A;ITGB3;RPLP0;PSMD13;RPL18A;RPS9;MED8;RPS11;POLR2C;RPL14;GAB2;MYL9;RPL12;RPS21;NFKB1;RELA;RDX;MSN;EZR;PIK3CA;RPS3;RPL9;APH1A;APH1B;ACVR2A;ACVR1C;ACVR1B;UPF3A;UPF3B;RPL6;RPSA;RPL4;FAU;JUN;RPS12;SHC1;SHC3;MED19;ASH2L;TCF12;RPS25;RPLP1
prerank,WikiPathways_2024_Human__Factors And Pathways Affecting IGF1 Akt Signaling WP3850,0.3943446919052447,1.2580531340273988,0.15856236786469344,0.30302115231413773,1.0,8/22,18.32%,EIF4E;IRS1;PPARGC1A;FBXO32;AKT1S1;PTEN;RICTOR;MAPKAP1
prerank,GO_Biological_Process_2025__Lipid Modification (GO:0030258),-0.36824320854426473,-1.2578182985274056,0.150278293135436,0.3110529559711105,1.0,17/32,17.37%,CYP4A22;GBA1;PLPP6;SGPP1;SGPP2;PLPP4;PLPPR4;PLPPR3;PLPP2;PLPP3;PLPP5;PLPPR1;PLPP1;PLPPR2;PLPPR5;EPHX2;MBOAT7
prerank,GO_Biological_Process_2025__Regulation of Response to External Stimulus (GO:0032101),-0.3418012707774375,-1.257585009979273,0.1440536013400335,0.3110720346105953,1.0,20/45,25.68%,CD36;GATA6;GRK4;GRK1;MYD88;ANXA1;CASP1;CASP8;PYCARD;CASP4;USP14;WNT5A;LETMD1;GGT1;LRP8;PARK7;CELF1;PTGES;RELA;FBXL2
prerank,GO_Biological_Process_2025__Organelle Disassembly (GO:1903008),-0.3653269753221118,-1.257068469907272,0.15412844036697249,0.31151016232076295,1.0,14/35,28.74%,HDAC6;KAT5;STX5;VCP;VRK1;PTGES2;TRIP4;ASCC3;AURKA;HBS1L;CDK1;CDK5RAP3;PRKAA2;GOLGA2
prerank,Reactome_2022__Signaling By Rho GTPases R-HSA-194315,0.23610836882001188,1.25666232025559,0.03188405797101449,0.30483109161859606,1.0,63/333,14.26%,PAFAH1B1;PKN3;PKN1;PRKCA;PRKCB;PKN2;PRKCZ;STMN2;MEN1;HOMER2;YWHAQ;YWHAH;YWHAB;YWHAZ;YWHAG;DYNLL1;DYNLL2;NCKIPSD;ARHGAP39;TUBA1B;OCRL;REPS1;ITSN2;ITSN1;CTNNA1;PLXNB1;PLXND1;PICALM;FNBP1L;FNBP1;TRIP10;PPP1CB;FAM13B;FAM13A;CKB;MAPK1;GRB2;EVL;JUP;SLC4A7;TPM3;TPM4;SH3RF1;NCF4;NCK2;NCK1;SPTBN1;MAPK3;CLIP1;DYNC1H1;STOM;CKAP5;GNA13;MSI2;TMOD3;ARHGEF11;ARHGEF12;ARHGEF18;ARHGEF3;ARHGEF28;ZNF512B;H2AZ1;H2AZ2
prerank,WikiPathways_2024_Human__Cardiac Hypertrophic Response WP2795,0.380699445155535,1.2564234359175175,0.16738197424892703,0.30478743773305006,1.0,6/24,12.15%,PRKCA;GUCA1A;EGF;MAPK1;MAPK3;MAPK8
prerank,GO_Biological_Process_2025__Cellular Response to Unfolded Protein (GO:0034620),-0.3531319772022758,-1.256293455083738,0.14655172413793102,0.312390162331299,1.0,15/37,27.46%,BAX;BAK1;HSPB8;PACRG;VCP;ERMP1;BAG3;HSPA5;TMBIM6;SERP1;SERP2;DERL1;HSF1;CDK5RAP3;YOD1
prerank,WikiPathways_2024_Human__miRNA Regulation Of DNA Damage Response WP1530,-0.3532681206677508,-1.2556719758261239,0.14634146341463414,0.3129251481709822,1.0,14/40,16.47%,BAX;ATR;CASP8;CASP9;CCND3;CCNB1;CCNE2;CCNE1;CCND1;CCND2;CCNG1;CCNB2;CHEK2;FANCD2
prerank,Reactome_2022__N-glycan Trimming In ER And Calnexin/Calreticulin Cycle R-HSA-532668,-0.39296843217217736,-1.2554586777925263,0.16423357664233576,0.312887719444718,1.0,8/25,13.38%,PDIA3;PSMC1;RNF139;VCP;SYVN1;PRKCSH;UBXN1;NGLY1
prerank,WikiPathways_2024_Human__Alzheimer 39 S Disease WP5124,-0.26944128344036006,-1.2553220640579592,0.0644122383252818,0.31235802320410144,1.0,57/175,17.58%,PSMD14;MME;PSMD2;PSMA1;PSMD1;PSMA4;PSMC4;LPL;PSMB1;PSMB4;PSMC3;PSMC1;MAP2K1;MAP2K2;ATG13;PSMA7;PSMA8;PSMB6;PSMB5;PSMB7;PSMB2;PSMB3;PSMC6;ADRM1;PSMC5;PSMA3;PSMA2;PSEN2;PSEN1;PSMD7;HSD17B10;PSMD8;IKBKB;CHUK;PSMA5;CASP8;CASP9;PIK3CD;PIK3CB;PSMD9;PSMD4;PSMC2;PSMD6;CSNK1A1L;SFRP4;FZD5;WNT7A;WNT7B;WNT5A;WNT2B;WNT4;WNT5B;WNT11;WNT3A;WNT10A;WNT2;WNT10B
prerank,WikiPathways_2024_Human__Alzheimer 39 S Disease And miRNA Effects WP2059,-0.26944128344036006,-1.2553220640579592,0.0644122383252818,0.31235802320410144,1.0,57/175,17.58%,PSMD14;MME;PSMD2;PSMA1;PSMD1;PSMA4;PSMC4;LPL;PSMB1;PSMB4;PSMC3;PSMC1;MAP2K1;MAP2K2;ATG13;PSMA7;PSMA8;PSMB6;PSMB5;PSMB7;PSMB2;PSMB3;PSMC6;ADRM1;PSMC5;PSMA3;PSMA2;PSEN2;PSEN1;PSMD7;HSD17B10;PSMD8;IKBKB;CHUK;PSMA5;CASP8;CASP9;PIK3CD;PIK3CB;PSMD9;PSMD4;PSMC2;PSMD6;CSNK1A1L;SFRP4;FZD5;WNT7A;WNT7B;WNT5A;WNT2B;WNT4;WNT5B;WNT11;WNT3A;WNT10A;WNT2;WNT10B
prerank,WikiPathways_2024_Human__Phosphatidyl Inositol Phosphate Pathway WP5411,0.3370301337921579,1.2543139749287404,0.13636363636363635,0.3077248070432288,1.0,16/39,18.14%,INPP5D;INPP5K;OCRL;PI4KA;PLCB4;PTEN;PLCB3;PLCD4;PLCB1;PLCD3;PLCB2;PLCG1;PLCE1;PLCG2;PLCD1;PIP4K2A
prerank,KEGG_2021_Human__Insulin signaling pathway,0.2785939026036919,1.254184858861572,0.0891089108910891,0.30752901240318786,1.0,25/99,12.15%,PRKCZ;PRKCI;EIF4E1B;EIF4E;EIF4E2;INPP5A;EIF4EBP1;TRIP10;PPP1CB;MAPK1;GRB2;IRS2;IRS1;IRS4;INPPL1;PPARGC1A;SORBS1;PRKAR2A;G6PC3;G6PC1;G6PC2;MAPK10;MAPK3;MAPK9;MAPK8
prerank,GO_Biological_Process_2025__Bone Development (GO:0060348),-0.4263159853279483,-1.2534495949079973,0.16838487972508592,0.31503996795340583,1.0,6/17,17.35%,DYM;SULF2;SULF1;ATG9B;ATG9A;SFRP4
prerank,Reactome_2022__Hemostasis R-HSA-109582,-0.256087625649755,-1.253236383981152,0.04105571847507331,0.31500125078234786,1.0,65/268,15.42%,TMX3;CD36;PRCP;SLC16A8;SLC16A1;SLC16A3;GATA2;GATA1;GATA6;GATA3;ITGA3;ITGAX;ITGAV;ITGA2;ITGA10;ITGAL;ITGAM;ITGA4;ITGA5;ITGA1;ITGA6;ITGA2B;KIF11;CD109;HBD;HBG1;HBE1;HBG2;SLC3A2;TOR4A;ABCC4;QSOX1;PPP2R5C;PPP2R5D;AK3;SCCPDH;CTSW;VCL;FERMT3;SOD1;TIMP3;SLC7A9;SLC7A11;SLC7A7;SLC7A6;SLC7A8;SLC7A10;SLC7A5;DOK2;RAC2;ITGB2;ITGB1;RHOA;RHOB;SGPP2;ANXA2;ANXA5;PRKACB;PRKACG;HSPA5;GLG1;PIK3CG;PIK3CB;GPC1;KIF23
prerank,Reactome_2022__Antiviral Mechanism By IFN-stimulated Genes R-HSA-1169410,0.313869811943729,1.2531033033541819,0.11032863849765258,0.30880040920307467,1.0,14/56,17.69%,MX2;EIF4E;EIF4E3;EIF4E2;MAPK3;UBE2N;NUP214;POM121C;NUP153;POM121;KPNB1;KPNA1;KPNA5;PLCG1
prerank,Reactome_2022__mRNA 3-End Processing R-HSA-72187,-0.3429032599713059,-1.253101972120217,0.14711359404096835,0.3148319709555954,1.0,21/43,39.76%,WDR33;CPSF6;CPSF7;SRSF2;THOC3;SRSF4;DDX39A;SRRM1;SYMPK;UPF3B;DHX38;CSTF2;CSTF2T;PABPN1;CSTF1;U2AF1;U2AF1L4;CPSF2;THOC7;NUDT21;CPSF3
prerank,GO_Biological_Process_2025__Regulation of Mitotic Metaphase/Anaphase Transition (GO:0030071),-0.35864204569646035,-1.2515945372897495,0.1577981651376147,0.3169912342871977,1.0,15/35,31.84%,DPF1;DPF3;DPF2;PLK1;CCNB1;SMARCD3;SMARCD2;ANAPC7;RB1;ANAPC5;CDC23;ESPL1;SMARCE1;BCL7C;BCL7B
prerank,WikiPathways_2024_Human__Eukaryotic Transcription Initiation WP405,0.3371220461787264,1.2515143311505161,0.14146341463414633,0.31096486285611086,1.0,10/40,19.30%,POLR3H;POLR2K;POLR1B;POLR1A;GTF2B;POLR1D;POLR1E;TAF7;TAF13;POLR3D
prerank,GO_Biological_Process_2025__Regulation of Intracellular Signal Transduction (GO:1902531),0.25828331529677784,1.2509493509050724,0.06043956043956044,0.3114744240993949,1.0,36/153,14.04%,PKN1;PKN2;RIT2;FSHR;ARHGAP39;MLF1;BOP1;REPS1;ITSN1;WWC1;WWC3;WWC2;SIRT1;KCTD11;FAM13B;FAM13A;EFNA1;SMYD2;RPF2;GRB2;NOP2;RRS1;CTNND1;SPRED1;SPRED2;RRAS;GRAP;GRAP2;SEPSECS;GPHB5;UBE2N;GNA13;ARHGEF11;ARHGEF12;ARHGEF3;ARHGEF28
prerank,GO_Biological_Process_2025__DNA-templated Transcription (GO:0006351),0.263274880106124,1.25047042773437,0.08152173913043478,0.311833455980417,1.0,62/130,36.75%,POLR3H;MLF1;POLR2K;FUBP3;DDX56;PARP1;SMAD4;RREB1;GTF2B;GTF3C3;POLR1D;CRCP;MKRN2;TAF7;PWP1;THRA;POLRMT;MTERF3;TAF13;SCX;NFAT5;EPC1;PKNOX1;ARRB2;NFKBIB;NR4A2;BRF1;CBFB;MARS1;TSC22D1;DEAF1;BAZ2A;KLF13;GTF3C1;SIRT7;PPP5C;CREB3L4;CREBL2;CCNT2;GTF2H3;MAF;POLR2I;NKX3-2;NKX2-8;DEK;MRPL12;THAP1;MTERF4;NFX1;TAF1B;TBPL1;TOPORS;POLR2B;HIPK3;NFIX;POLR2L;POLR2J3;POLR2J;POLR2J2;SUPT16H;RPAP2;POLR2E
prerank,GO_Biological_Process_2025__Regulation of Blood Vessel Endothelial Cell Migration (GO:0043535),0.37462695475179736,1.2498261345536235,0.16993464052287582,0.3124797446824152,1.0,11/26,17.69%,PRKCA;SIRT1;NF1;JUP;ATP5F1A;ADAM17;ATP2B4;PPARG;GADD45A;PDGFB;PLCG1
prerank,Reactome_2022__Interferon Signaling R-HSA-913531,0.29316132587905835,1.249516961792726,0.08775981524249422,0.31257006587065334,1.0,16/71,15.73%,MX2;EIF4E;EIF4E3;EIF4E2;IFI30;SMAD7;MAPK3;UBE2N;IP6K2;NUP214;POM121C;NUP153;POM121;KPNB1;KPNA1;KPNA5
prerank,Reactome_2022__G2/M DNA Damage Checkpoint R-HSA-69473,0.3489390451481186,1.2493294415854572,0.16317016317016317,0.3124477667681981,1.0,7/35,8.24%,YWHAQ;YWHAH;YWHAB;YWHAZ;YWHAG;POLR1B;POLR1A
prerank,Reactome_2022__Formation Of Cornified Envelope R-HSA-6809371,-0.413410183587014,-1.2488038178701624,0.1735985533453888,0.3208783858493504,1.0,5/20,4.20%,PCSK6;LIPM;LIPK;LIPJ;LIPN
prerank,Reactome_2022__Keratinization R-HSA-6805567,-0.413410183587014,-1.2488038178701624,0.1735985533453888,0.3208783858493504,1.0,5/20,4.20%,PCSK6;LIPM;LIPK;LIPJ;LIPN
prerank,"Reactome_2022__Signaling By Rho GTPases, Miro GTPases And RHOBTB3 R-HSA-9716542",0.23386698226738106,1.2484224875623124,0.044642857142857144,0.31348539237781975,1.0,64/342,14.26%,PAFAH1B1;PKN3;PKN1;PRKCA;PRKCB;PKN2;PRKCZ;STMN2;MEN1;HOMER2;YWHAQ;YWHAH;YWHAB;YWHAZ;YWHAG;DYNLL1;DYNLL2;NCKIPSD;ARHGAP39;TUBA1B;HTR7;OCRL;REPS1;ITSN2;ITSN1;CTNNA1;PLXNB1;PLXND1;PICALM;FNBP1L;FNBP1;TRIP10;PPP1CB;FAM13B;FAM13A;CKB;MAPK1;GRB2;EVL;JUP;SLC4A7;TPM3;TPM4;SH3RF1;NCF4;NCK2;NCK1;SPTBN1;MAPK3;CLIP1;DYNC1H1;STOM;CKAP5;GNA13;MSI2;TMOD3;ARHGEF11;ARHGEF12;ARHGEF18;ARHGEF3;ARHGEF28;ZNF512B;H2AZ1;H2AZ2
prerank,WikiPathways_2024_Human__Sudden Infant Death Syndrome SIDS Susceptibility Pathways WP706,0.2800505967809118,1.248364527738367,0.07672634271099744,0.3131814639503523,1.0,21/94,12.51%,SNAP25;NOS1AP;TH;KCNH2;YWHAQ;YWHAH;YWHAB;YWHAZ;YWHAG;SSTR2;TPPP;SNTA1;TPH2;TPH1;PPARGC1A;PPARGC1B;PRKAR2A;SPTBN1;CHAT;G6PC1;NEUROD1
prerank,GO_Biological_Process_2025__Organophosphate Ester Transport (GO:0015748),-0.4429873647970402,-1.2478667983502463,0.21245421245421245,0.3220609906791466,1.0,3/15,5.78%,SCARB1;MTTP;NPC2
prerank,Reactome_2022__Early SARS-CoV-2 Infection Events R-HSA-9772572,-0.3897346979786768,-1.2474988087282113,0.16036036036036036,0.32226727364885704,1.0,10/25,26.04%,CTSL;VCP;GPC1;GPC6;GPC2;GPC4;ISCU;RB1;GPC5;GPC3
prerank,GO_Cellular_Component_2025__Actin-Based Cell Projection (GO:0098858),-0.354022588478764,-1.2473147996580742,0.16029143897996356,0.3222223554466256,1.0,18/37,25.44%,CLIC4;VIL1;MYO15A;MYO1G;ITGB1;MYO7B;ESPN;ANKS4B;CDC42;NHERF1;MTM1;MYO7A;FSCN3;FSCN1;RDX;MSN;ERMN;EZR
prerank,GO_Biological_Process_2025__Regulation of Translation (GO:0006417),0.2655329656844803,1.2460060255881649,0.07611548556430446,0.3165614109285027,1.0,43/144,22.42%,PRKCH;EIF4E;EIF4E2;CPEB3;TOB1;EIF4EBP1;GCN1;APP;PLXNB2;EPRS1;IGF2BP2;IGF2BP1;IGF2BP3;BZW1;BZW2;QKI;SERBP1;PKP3;OGT;SSB;EIF1;GSPT1;MSI2;ZNF385A;MTIF2;ETF1;STK39;PUM3;EIF4ENIF1;NAT10;EIF4B;LRPPRC;EIF6;YBX1;LIN28A;EIF2AK4;GIGYF2;TRAP1;KLHL25;ENC1;NPM1;EIF3H;EIF3E
prerank,GO_Biological_Process_2025__Response to Hexose (GO:0009746),-0.44306988179430773,-1.245954179455546,0.1900369003690037,0.3240718940547157,1.0,7/16,20.20%,KHK;SLC2A5;LPL;GYS2;PFKL;SELENOT;THBS1
prerank,Reactome_2022__Aberrant Regulation Of Mitotic Cell Cycle Due To RB1 Defects R-HSA-9687139,-0.39086510850484135,-1.2457827479354773,0.17712177121771217,0.3239400978003911,1.0,12/23,25.76%,E2F2;CCND3;CCNE2;CCNE1;CCND1;CCND2;ANAPC7;RB1;ANAPC5;CDC23;SKP2;FZR1
prerank,GO_Biological_Process_2025__Positive Regulation of Neurogenesis (GO:0050769),0.3536547277589927,1.245478959325396,0.14533622559652928,0.31702361427210984,1.0,6/31,5.18%,NUMBL;PLXNB2;PLXNB1;PLXNB3;PLXND1;PLXNC1
prerank,GO_Biological_Process_2025__mRNA Transcription by RNA Polymerase II (GO:0042789),0.35750231546264993,1.2445018897381663,0.14186046511627906,0.3181403576042864,1.0,9/29,18.99%,TAF7;PPARG;RARA;THRA;NR1H3;VDR;NR1H2;TAF13;TAF3
prerank,GO_Cellular_Component_2025__trans-Golgi Network (GO:0005802),0.2567351607201736,1.2444492958174587,0.08378378378378379,0.31784055663415195,1.0,59/157,26.45%,ATP2C1;ATP7A;ATP2C2;LGR5;LGR6;SLC24A5;BAIAP3;SYT12;HTR7;POSTN;TGFBI;INPP5K;OCRL;APP;BICD1;PICK1;GSAP;RAB30;MICALL1;CLVS2;CLVS1;DOP1A;DOP1B;DNAAF6;COG7;AZIN2;GNAS;BIRC6;RBFOX1;CHST6;CHST5;CHST4;CHST2;KLHL20;RIC1;HOOK2;ARFGEF2;ARFGEF1;CA4;FAM91A1;SLC9A8;ATP8B2;ATP8B4;ATP8A2;ATP8B1;ATP8B3;ATP9A;ATP9B;ATP8A1;VTI1A;CALN1;CABP7;GPR108;AP1S3;AP1S1;AP1S2;ARFRP1;TRAPPC6B;TRAPPC6A
prerank,Reactome_2022__Mitotic Prometaphase R-HSA-68877,0.2766468461177394,1.2439590138807008,0.10875331564986737,0.31819135363219647,1.0,46/99,36.09%,PAFAH1B1;PRKCA;YWHAG;DYNLL1;DYNLL2;TUBGCP6;CEP250;PMEPA1;TUBA1A;PDS5B;PDS5A;TUBG1;CLIP1;DYNC1H1;CKAP5;RAD21;TUBGCP4;NDE1;XPO1;KIF2C;MAPRE1;BIRC5;SMC3;CSNK1D;CSNK1E;CETN2;YWHAE;PPP1CC;WAPL;RCC2;TUBGCP3;TUBB4B;CSNK2B;NUMA1;CEP164;CLASP2;STAG2;PPP2R5E;PPP2R5A;PPP2R5B;AHCTF1;BUB1;BUB1B;CEP78;CENPJ;TUBGCP5
prerank,GO_Biological_Process_2025__Regulation of TORC1 Signaling (GO:1903432),0.2990049441368659,1.243506186712515,0.11594202898550725,0.3184753897499899,1.0,16/64,20.77%,PRKCA;PELI1;UBE2W;YWHAZ;YWHAG;DGKQ;OGT;MAPK3;NLK;MAT2A;UBE2N;TBC1D7;AKT1S1;LARS1;NPRL3;USP7
prerank,GO_Biological_Process_2025__Mitochondrial ATP Synthesis Coupled Electron Transport (GO:0042775),0.32000879278161953,1.2431645699709992,0.13761467889908258,0.3186901145960097,1.0,27/47,42.97%,COX7A2;NDUFB5;NDUFA12;COX7C;COX5B;NDUFS2;NDUFS7;CYCS;UQCRQ;NDUFS8;NDUFA10;SDHA;NDUFA8;SDHC;SDHD;NDUFA6;COX4I1;COX4I2;COA6;COX6A2;NDUFAB1;NDUFB3;NDUFS6;NDUFV1;NDUFB7;NDUFB10;NDUFB4
prerank,GO_Biological_Process_2025__Positive Regulation of Excitatory Postsynaptic Potential (GO:2000463),0.40532996319861325,1.2427267507944035,0.17995444191343962,0.31902595818951546,1.0,5/17,3.27%,PRKCZ;GRIN2B;GRIN2A;GRIN2D;GRIN2C
prerank,GO_Biological_Process_2025__Positive Regulation of ATP Metabolic Process (GO:1903580),-0.4398384836862167,-1.2426273501878027,0.18148820326678766,0.3287905229571075,1.0,5/15,11.40%,MLXIPL;VCP;PSEN1;HIF1A;ENO1
prerank,Reactome_2022__Synthesis Of PA R-HSA-1483166,-0.39019022926166713,-1.240957539444828,0.1701388888888889,0.33125796558449294,1.0,11/24,24.20%,LIPI;LIPH;AGPAT1;AGPAT2;PRKCSH;GPD1;GPD1L;GPAM;GPAT2;AGPAT4;AGPAT3
prerank,GO_Biological_Process_2025__Homotypic Cell-Cell Adhesion (GO:0034109),-0.396764199591614,-1.2401549906735938,0.16573556797020483,0.332190692660906,1.0,10/22,24.53%,CLIC1;GATA1;HBB;VCL;FERMT3;PIK3CG;PIK3CB;PPIA;ITGB3;MYL9
prerank,GO_Biological_Process_2025__Peroxisome Organization (GO:0007031),-0.42730762924250737,-1.2399522618107135,0.18345323741007194,0.33217535012022886,1.0,8/18,26.30%,PEX11G;PEX10;PEX14;SEC16B;PEX6;PEX11A;PEX11B;TMEM135
prerank,GO_Molecular_Function_2025__Phosphatidylinositol-3-Phosphate Binding (GO:0032266),-0.3846663870435716,-1.2399254144431873,0.18333333333333332,0.3318173983676765,1.0,6/26,10.00%,SAP30L;ZFYVE1;ZFYVE26;PLEKHF1;ZFYVE28;ZFYVE19
prerank,"GO_Biological_Process_2025__Retrograde Vesicle-Mediated Transport, Golgi to Endoplasmic Reticulum (GO:0006890)",-0.36405856898404604,-1.2397358844251656,0.15798922800718132,0.33173992040966704,1.0,9/34,18.02%,STX5;KDELR1;KDELR2;KDELR3;STX18;PLPP3;ERGIC2;COPB2;PTGES2
prerank,WikiPathways_2024_Human__Target Of Rapamycin Signaling WP1471,0.3707036671477806,1.239480238439675,0.17547568710359407,0.32395710294854385,1.0,4/27,3.86%,PRKCA;ULK2;ULK1;EIF4EBP1
prerank,GO_Biological_Process_2025__Regulation of Myoblast Differentiation (GO:0045661),-0.367767176714141,-1.2390774906997781,0.17043478260869566,0.3325306788993559,1.0,5/31,7.40%,KAT5;DPF3;SOX9;SOX8;SOX4
prerank,GO_Biological_Process_2025__Intrinsic Apoptotic Signaling Pathway in Response to Endoplasmic Reticulum Stress (GO:0070059),-0.42908199727416646,-1.2388264789969765,0.21206225680933852,0.3325807042008924,1.0,5/16,14.96%,BAX;BAK1;ERO1A;TRIB3;CASP4
prerank,GO_Biological_Process_2025__Regulation of Protein Binding (GO:0043393),-0.3459488869866019,-1.2380980625028535,0.1669724770642202,0.3335009010034374,1.0,18/36,28.74%,BAX;DNAJB2;STING1;TRIB3;PEX14;RACK1;GAS8;CARD16;CARD18;ROCK1;RPL11;ZFPM1;EPB41;AURKA;LRPAP1;SYMPK;PRMT7;GOLGA2
prerank,GO_Molecular_Function_2025__Hsp70 Protein Binding (GO:0030544),-0.40640707440247004,-1.2370493436831134,0.18035714285714285,0.3349174722468228,1.0,7/20,8.28%,PGLYRP1;PACRG;TTC4;DNAJB12;DNAJB1;DNAJB14;DNAJB2
prerank,Reactome_2022__Integration Of Energy Metabolism R-HSA-163685,0.3007784941163923,1.236677846062394,0.11374407582938388,0.32821484100738413,1.0,21/60,17.67%,SNAP25;GNGT2;GNGT1;GNG5;GNG11;GNG10;PRKCA;STXBP1;PRKAR2A;GNB5;GNA14;GNAS;GNA15;GNAQ;GNA11;STX1A;FASN;PRKAR1B;PLCB3;PLCB1;PLCB2
prerank,GO_Biological_Process_2025__Positive Regulation of Substrate Adhesion-Dependent Cell Spreading (GO:1900026),-0.4247546494338972,-1.2366077949276302,0.19301470588235295,0.3352649866090032,1.0,4/17,10.60%,P4HB;FERMT2;LIMS2;LIMS1
prerank,Reactome_2022__RNA Polymerase II Transcription Termination R-HSA-73856,-0.32677137246359905,-1.2343470686555191,0.15411558669001751,0.33869885598301924,1.0,28/52,42.38%,WDR33;CPSF6;CPSF7;SRSF2;THOC3;SRSF4;DDX39A;SRRM1;SYMPK;UPF3B;DHX38;LSM10;CSTF2;CSTF2T;PABPN1;CSTF1;LSM11;U2AF1;U2AF1L4;ZNF473;CPSF2;THOC7;NUDT21;CPSF3;SNRPB;SNRPE;CPSF4;RBM8A
prerank,KEGG_2021_Human__Yersinia infection,-0.30643335621998097,-1.2325105716030957,0.12984822934232715,0.34148755014766274,1.0,28/71,22.13%,ITGA4;ITGA5;PIP5K1A;MAP2K1;MAP2K2;ARHGEF1;RAC2;PXN;MYD88;ITGB1;RHOA;IKBKB;CHUK;CASP1;PYCARD;PIK3CD;PIK3CB;ROCK1;ROCK2;ACTR3;CDC42;WASF2;WIPF1;TAB1;RPS6KA6;RPS6KA1;RPS6KA2;RPS6KA3
prerank,WikiPathways_2024_Human__Complement System WP2806,-0.39796411295279827,-1.2324270115692548,0.1978984238178634,0.34122933934895305,1.0,5/23,3.94%,ITGA2;ITGA2B;C3;C5;C4A
prerank,WikiPathways_2024_Human__Photodynamic Therapy Induced AP 1 Survival Signaling WP3611,-0.40217536064701404,-1.2322989423043114,0.1705150976909414,0.34103796295395605,1.0,13/21,32.82%,BAX;MCL1;BAK1;CFLAR;CCNA2;CCNE1;CCND1;RB1;JUNB;JUN;MAP3K5;TP53;MAPK11
prerank,GO_Cellular_Component_2025__Vacuolar Membrane (GO:0005774),0.33785639803578815,1.2322428057796517,0.16400911161731208,0.33535829393365685,1.0,6/38,6.37%,ULK1;SLC36A2;SLC36A1;SLC36A3;SLC36A4;WDFY3
prerank,GO_Biological_Process_2025__Organophosphate Biosynthetic Process (GO:0090407),-0.37325217570870733,-1.2318955355602235,0.19807692307692307,0.34130899725047925,1.0,7/28,8.96%,TPI1;PIP5K1A;PNPO;GK;GK2;GK3;MOCOS
prerank,GO_Molecular_Function_2025__Actin Binding (GO:0003779),0.27634145671011745,1.2312498279800987,0.1070559610705596,0.33660961239037557,1.0,28/95,15.80%,PRKCE;HPCA;NCALD;ABRA;TNNI2;TNNI3;NOL6;PHACTR4;PHACTR2;PHACTR3;PHACTR1;TPM1;TPM2;SORBS1;SPTBN1;CNN2;TNNT2;TNNT3;TMOD1;LMOD3;SYNPO2;SYNPO;SYNPO2L;PDLIM2;PDLIM5;PDLIM1;PRICKLE4;PDLIM7
prerank,KEGG_2021_Human__Prion disease,-0.26336492504975,-1.2310674611358376,0.10236220472440945,0.3424031204529202,1.0,44/172,16.28%,PSMD14;PSMD2;PSMA1;PSMD1;BAX;PSMD11;PSMA4;PSMC4;C5;PSMB1;PSMB4;PSMC3;PSMC1;PSMA7;PSMA8;PSMB6;PSMB5;PSMB7;PSMB2;PSMB3;PSMC6;ADRM1;PSMC5;PSMA3;SOD1;PSMA2;RAC2;PSMD7;PSMD8;PRKACB;PRKACA;PRKACG;PSMA5;HSPA5;UQCRH;UQCRHL;CASP12;CASP9;PIK3CD;PIK3CB;PSMD9;PSMD4;PSMC2;PSMD6
prerank,GO_Biological_Process_2025__Cell Morphogenesis Involved in Neuron Differentiation (GO:0048667),0.3534017384208495,1.230581575010419,0.17584745762711865,0.33731725432015686,1.0,9/31,15.58%,MAPK8IP2;APP;APLP1;APLP2;CTNNA2;BTBD3;UNK;ZDHHC17;CELSR2
prerank,GO_Biological_Process_2025__Intracellular Protein Transmembrane Transport (GO:0065002),-0.41008602627282353,-1.2303824129272054,0.20781527531083482,0.34316577880438537,1.0,8/19,22.25%,PEX10;SEC63;PEX14;HSPA5;SEC61A1;SEC61A2;PEX6;SEC61B
prerank,Reactome_2022__Signaling By NTRKs R-HSA-166520,0.2887231047858184,1.2295304035216814,0.15421686746987953,0.3386421707459665,1.0,16/74,12.12%,RIT2;SH3GL3;SH3GL2;KCNH8;YWHAB;GRIN2B;AP2A2;AP2A1;MAPK1;GRB2;IRS2;IRS1;TPH1;MAPK13;MAPK3;MAPK12
prerank,GO_Biological_Process_2025__Regulation of Sprouting Angiogenesis (GO:1903670),-0.41310183130068984,-1.229366691345671,0.20475319926873858,0.3445198655323757,1.0,5/17,15.10%,CLIC3;ITGA5;PKM;E2F2;PIK3CB
prerank,GO_Biological_Process_2025__Regulation of Glycogen Biosynthetic Process (GO:0005979),0.4221227396868794,1.2272404607511391,0.23110151187904968,0.3420930688855258,1.0,5/15,16.13%,INPP5K;IRS2;IRS1;SORBS1;STK39
prerank,Reactome_2022__TP53 Regulates Transcription Of Genes Involved In G2 Cell Cycle Arrest R-HSA-6804114,-0.4280767831105331,-1.2271070576113772,0.20964749536178107,0.3480423015763202,1.0,7/16,25.84%,BAX;CCNB1;RBL1;RBL2;AURKA;CDK1;PCNA
prerank,GO_Biological_Process_2025__Negative Regulation of Protein Metabolic Process (GO:0051248),0.2737118574969706,1.226024709515262,0.10981308411214953,0.3437909575544513,1.0,18/90,12.35%,PRKCG;PRKCH;EIF4E2;CPEB3;TOB1;EIF4EBP1;LDLR;EPRS1;SF3B3;IGF2BP2;IGF2BP1;IGF2BP3;QKI;PFDN6;SERBP1;MAD2L2;AZIN2;AZIN1
prerank,GO_Molecular_Function_2025__Phosphatidylinositol Bisphosphate Binding (GO:1902936),0.31011794546859994,1.2254405078108803,0.15203426124197003,0.3443756440919177,1.0,21/52,21.66%,LDLRAP1;ATP13A2;SYT7;SNAP91;PICALM;JPH2;KCNH1;CLVS2;RLBP1;CLVS1;PLCZ1;PLCB1;PLCD1;MAPKAP1;SDCBP2;SDCBP;GRAMD2A;WASHC2C;HIP1R;HIP1;FZD7
prerank,GO_Biological_Process_2025__Positive Regulation of Cell Projection Organization (GO:0031346),0.3153258980889939,1.2251064410336392,0.16203703703703703,0.34452522147089054,1.0,8/48,5.18%,PRKCI;STMN2;RIT2;PLXNB2;PLXNB1;PLXNB3;PLXND1;PLXNC1
prerank,Reactome_2022__Cellular Response To Heat Stress R-HSA-3371556,-0.300519893878526,-1.2244382059865344,0.12647554806070826,0.3523381607672698,1.0,23/74,23.52%,HDAC6;SEH1L;CRYAB;HSPB8;DNAJC7;HSPA9;DNAJB6;DNAJB1;VCP;BAG4;BAG3;BAG5;NUP85;SEC13;HSPA5;NUP210;HSBP1;NUP93;NUP43;NDC1;NUP133;NUP205;NUP50
prerank,WikiPathways_2024_Human__Development Of Ureteric Derived Collecting System WP5053,-0.3797519983567452,-1.223424604754097,0.17832167832167833,0.35376256044330395,1.0,7/25,17.52%,GATA3;ITGA8;EYA1;SIX2;ITGB1;CCND1;WNT11
prerank,GO_Biological_Process_2025__Lipid Translocation (GO:0034204),0.3759231536207536,1.222601846149689,0.1788793103448276,0.34844576709892566,1.0,15/22,23.13%,VDAC2;ATP8B2;ATP8B4;ATP8A2;ATP11C;ATP11B;ATP8B1;ATP8B3;ATP10B;ATP10A;ATP10D;ATP9A;ATP11A;ATP9B;ATP8A1
prerank,KEGG_2021_Human__Nicotinate and nicotinamide metabolism,-0.43039972400731835,-1.2224785475120732,0.19776119402985073,0.35504501106702113,1.0,6/16,14.77%,PNP;NADK2;AOX1;NMRK1;NMRK2;NT5C2
prerank,GO_Biological_Process_2025__Cellular Respiration (GO:0045333),0.29881577781221286,1.222260908464174,0.145933014354067,0.34859273885688863,1.0,21/57,28.08%,COX7A2;ETFRF1;PPARGC1A;NDUFB5;NDUFA12;BLOC1S1;COX7C;COX5B;NDUFS2;NDUFS7;CYCS;NDUFB11;UQCRQ;HCCS;NR4A3;NDUFS8;NDUFA10;NDUFA13;SDHA;NDUFA8;SDHC
prerank,GO_Biological_Process_2025__Sensory Perception of Light Stimulus (GO:0050953),0.32109723988745487,1.2222599799550384,0.15604395604395604,0.3481696699918224,1.0,6/43,5.29%,GUCA1B;GUCA1C;TH;KCNK9;CNGB1;SLC24A1
prerank,GO_Biological_Process_2025__Positive Regulation of Lipid Metabolic Process (GO:0045834),0.41849716676692655,1.2213459242662572,0.19956616052060738,0.3493707504594117,1.0,10/16,27.29%,CLSTN3;SORBS1;EEF1A2;PPARG;PPARD;PPARA;NR1H3;MTOR;CREB1;CREBL2
prerank,WikiPathways_2024_Human__IL2 Signaling WP49,-0.43424478569775476,-1.2208391470062763,0.20257826887661143,0.35746804174376884,1.0,11/16,27.77%,MAP2K1;MAP2K2;RPS6;STAT5B;STAT5A;SOCS3;CISH;RPS6KB2;RPS6KB1;GAB2;SHC1
prerank,WikiPathways_2024_Human__MAPK Cascade WP422,0.39072002759247426,1.2206149978594016,0.1838074398249453,0.3502367068993646,1.0,9/19,19.63%,MAPK1;GRB2;RRAS;SIPA1;MAPK10;MAPK3;MAPK12;PLCB3;MAP2K4
prerank,GO_Biological_Process_2025__Regulation of Proteolysis (GO:0030162),-0.3807568027630915,-1.2205617670615285,0.18267419962335216,0.3575534282184405,1.0,10/24,22.48%,HDAC6;BAK1;CLN3;RNF139;IST1;PLK1;CASP8;HDAC2;PARL;DNAJC1
prerank,Reactome_2022__Plasma Lipoprotein Clearance R-HSA-8964043,-0.38988075477057,-1.218765154099817,0.19694072657743786,0.3603453789700253,1.0,5/23,5.78%,CES3;SCARB1;PCSK9;LIPC;NPC2
prerank,GO_Biological_Process_2025__Regulation of T Cell Differentiation (GO:0045580),-0.39377012804684813,-1.2182462255577178,0.19769673704414586,0.3608916864248365,1.0,7/22,28.10%,GATA3;SOD1;METTL3;SMARCD3;SMARCD2;CLPTM1;SMARCE1
prerank,GO_Biological_Process_2025__Positive Regulation of Cell Junction Assembly (GO:1901890),-0.39959443090833713,-1.2177397441716102,0.19384057971014493,0.36137360375914446,1.0,8/20,17.43%,NLGN1;NLGN3;NLGN2;AGXT;FERMT2;LIMS1;ROCK1;WNT7A
prerank,GO_Biological_Process_2025__Cytoplasmic Translational Initiation (GO:0002183),0.33880138010488675,1.2175968857652875,0.17209302325581396,0.3550545102804139,1.0,17/32,37.85%,EIF3L;EIF3M;EIF2B3;EIF2S3;EIF2S3B;EIF4B;EIF3K;EIF3I;EIF3H;EIF3E;EIF2B5;NCBP1;MCTS2;MCTS1;EIF3B;SLBP;NCBP2
prerank,GO_Biological_Process_2025__Sulfur Compound Transport (GO:0072348),-0.4149021100962674,-1.2168394076406475,0.18938053097345134,0.3625710282562302,1.0,10/18,25.13%,SLC26A11;SLC27A1;SLC13A1;SLC13A4;SLC19A2;SLC19A3;NHERF1;RACGAP1;SLC5A6;MGST1
prerank,KEGG_2021_Human__Apoptosis,-0.2969018781797689,-1.2164607715078566,0.14310051107325383,0.3628788020976557,1.0,22/77,15.10%,BCL2A1;BAX;MCL1;BAK1;BOK;CTSV;CTSL;MAP2K1;MAP2K2;CTSF;CTSW;CTSD;IKBKB;CHUK;CASP6;CFLAR;CASP12;CASP8;CASP9;CASP2;PIK3CD;PIK3CB
prerank,GO_Molecular_Function_2025__Ubiquitin-Like Protein Conjugating Enzyme Activity (GO:0061650),0.40004593562755864,1.216451397221847,0.17960088691796008,0.3566275813534878,1.0,7/19,17.74%,UBE2W;UBE2B;UBE2N;UBE2NL;BIRC6;UBE2C;UBE2S
prerank,WikiPathways_2024_Human__Epithelial To Mesenchymal Transition In Colorectal Cancer WP4239,-0.28815638440138536,-1.215974363371424,0.1407528641571195,0.36331480812239486,1.0,31/88,20.76%,ITGA5;MAP2K1;MAP2K2;TWIST1;TWIST2;HIF1A;TUSC3;PIK3CD;PIK3CB;SUZ12;FZD5;WNT9B;WNT7A;WNT8B;WNT8A;WNT7B;WNT5A;WNT2B;WNT4;WNT5B;WNT11;WNT3A;WNT10A;WNT2;WNT9A;WNT10B;NR2C2;LRP6;OCLN;EED;WNT6
prerank,WikiPathways_2024_Human__Endochondral Ossification With Skeletal Dysplasias WP4808,-0.3973208543150985,-1.215305335412138,0.1967799642218247,0.36365456383540223,1.0,8/20,13.46%,CTSV;SCIN;SOX9;SOX6;SOX5;TIMP3;CAB39;PRKACA
prerank,WikiPathways_2024_Human__Endochondral Ossification WP474,-0.3973208543150985,-1.215305335412138,0.1967799642218247,0.36365456383540223,1.0,8/20,13.46%,CTSV;SCIN;SOX9;SOX6;SOX5;TIMP3;CAB39;PRKACA
prerank,GO_Cellular_Component_2025__Endocytic Vesicle (GO:0030139),-0.28241747430940284,-1.2139559249606429,0.13651315789473684,0.36563328282459273,1.0,28/104,19.62%,PDIA3;NLGN3;CD36;SCARB1;SCARB2;ITGAV;HBB;HBA1;CTSL;DPP4;MYO6;SPHK1;HSP90B1;PLD4;SMOX;PRKCSH;RAB11A;MTSS1;ANXA11;WNT7A;WNT7B;WNT5A;WNT4;WNT5B;WNT3A;SFTPB;STAM2;CUBN
prerank,GO_Biological_Process_2025__Enzyme-Linked Receptor Protein Signaling Pathway (GO:0007167),-0.3489025336516534,-1.2136379822069963,0.17790262172284643,0.3657813116649116,1.0,16/34,27.78%,ROS1;DOK2;DOK6;DOK4;FRS2;DOK1;DOK5;DOK3;MTSS1;PIK3CB;RAPGEF1;ACVR2A;ACVR1B;NPR1;SHC4;SHC3
prerank,GO_Biological_Process_2025__Cellular Response to Glucose Starvation (GO:0042149),0.35481561091262137,1.213256930664178,0.19294605809128632,0.36200438395323187,1.0,7/28,11.17%,YWHAZ;YWHAG;CPEB4;SIRT1;PICK1;ATG14;SH3GLB1
prerank,GO_Biological_Process_2025__Cellular Response to Insulin Stimulus (GO:0032869),0.2991993109429857,1.212883403564748,0.14645308924485126,0.3622770389892245,1.0,13/59,11.18%,PRKCZ;PRKCI;SYAP1;CPEB2;INPP5K;EPRS1;PARP1;GRB2;IRS2;IRS1;IRS4;CPEB1;SORBS1
prerank,GO_Biological_Process_2025__Positive Regulation of Secretion by Cell (GO:1903532),0.3620929096220221,1.21255686535358,0.1956043956043956,0.3624262412196788,1.0,5/26,5.84%,SLC12A2;ATP13A2;BAIAP3;CADPS2;GRK2
prerank,GO_Biological_Process_2025__Peptidyl-Serine Phosphorylation (GO:0018105),0.317826031577544,1.2113775238660924,0.17467248908296942,0.36399226851000405,1.0,10/43,12.15%,PRKCA;PRKCE;ULK1;GRK2;MAPK1;TTBK2;SRPK2;MAPK13;MAPK12;MAPK8
prerank,WikiPathways_2024_Human__lncRNA In Canonical Wnt Signaling And Colorectal Cancer WP4258,-0.31318303836204864,-1.2101597831047088,0.17452006980802792,0.3718023496161058,1.0,22/56,20.76%,CTBP2;CTBP1;SOX17;CCND3;CCND1;CCND2;CSNK1A1L;SFRP4;FZD5;WNT7A;WNT7B;WNT5A;WNT2B;WNT4;WNT5B;WNT11;WNT3A;WNT10A;WNT2;WNT10B;LRP6;WNT6
prerank,WikiPathways_2024_Human__Glycerophospholipid Biosynthetic Pathway WP2533,-0.36750035271011455,-1.2086720924597643,0.21245421245421245,0.3741042597284045,1.0,12/27,20.60%,PIP5K1A;GK;MOGAT3;PIK3CG;PIK3CD;PIK3CB;GPD1;GPAM;GPAT2;CRLS1;CEPT1;CHPT1
prerank,WikiPathways_2024_Human__Pleural Mesothelioma WP5087,-0.25579190468549073,-1.2086181581841149,0.08668730650154799,0.3737792849425298,1.0,65/200,22.13%,ITGA3;ITGAV;ITGA2;ITGA4;ITGA1;ITGA6;BAX;MCL1;BAK1;CTBP2;CTBP1;SLC2A1;SLC3A2;HGF;MST1;MAP2K1;MAP2K2;ATG13;SOX17;SLC7A5;HIF1A;ITGB2;ITGB1;ITGB4;CASP1;PIK3CG;PIK3CD;PIK3CB;KIF23;CCND3;CCNE1;CCND1;CCND2;SUZ12;CSNK1A1L;SFRP4;FZD5;WNT7A;WNT7B;WNT5A;WNT2B;WNT4;WNT5B;WNT11;WNT3A;WNT10A;WNT2;WNT10B;SAV1;RPS6;MINK1;TNIK;LRP6;EED;BARD1;WNT6;MAP3K4;MAP3K3;MAP3K2;LATS1;RPS6KA5;RPS6KB2;RPS6KA1;RPS6KB1;RPS6KA3
prerank,KEGG_2021_Human__Glioma,0.32464002606553405,1.2084194653561264,0.18120805369127516,0.3688658811461549,1.0,16/42,17.75%,PRKCA;PRKCB;PRKCG;EGF;MAPK1;GRB2;MAPK3;PTEN;GADD45G;GADD45A;GADD45B;PDGFB;PDGFA;PLCG1;PLCG2;POLK
prerank,KEGG_2021_Human__Adherens junction,0.34526079532995796,1.2074472315106923,0.20634920634920634,0.3702014601626531,1.0,8/31,12.16%,CTNNA1;CTNNA2;MAPK1;SMAD4;CTNND1;SORBS1;MAPK3;NLK
prerank,Reactome_2022__Pre-NOTCH Expression And Processing R-HSA-1912422,0.3500849889590009,1.2068537117700238,0.21136363636363636,0.37084000574500176,1.0,6/30,14.98%,PRKCI;ATP2A2;ATP2A1;H2AZ1;H2AZ2;ATP2A3
prerank,GO_Biological_Process_2025__Synapse Assembly (GO:0007416),0.34070053847683757,1.206840203153159,0.1859903381642512,0.3704206093790538,1.0,10/31,7.74%,SPOCK2;LGI2;GRID2;PLXNB2;PLXNB1;PLXNB3;PLXND1;PLXNC1;NRXN2;CLSTN3
prerank,KEGG_2021_Human__Glucagon signaling pathway,-0.2917736021970801,-1.2067491805344435,0.1606837606837607,0.3768080063252886,1.0,26/78,19.49%,PFKFB1;SLC2A1;SLC2A2;ACACB;PKM;FBP1;FBP2;PCK1;PCK2;GYS2;GYS1;PFKP;PFKM;PFKL;PHKA2;PHKA1;PRKACB;PRKACA;PRKACG;PYGM;PYGB;PYGL;PPP4C;CPT1A;CPT1C;CPT1B
prerank,GO_Biological_Process_2025__Regulation of Telomere Maintenance via Telomerase (GO:0032210),0.3600645422433505,1.2064108717909108,0.16864608076009502,0.3707173803305929,1.0,7/25,19.45%,SMG6;DKC1;SMG5;NAT10;CCT4;TNKS2;TNKS
prerank,"GO_Molecular_Function_2025__RNA Endonuclease Activity, Producing 5'-Phosphomonoesters (GO:0016891)",-0.419708022204494,-1.2060630083443058,0.2224231464737794,0.3776136448166353,1.0,5/16,16.66%,PRORP;EXO1;PYDC1;FEN1;DICER1
prerank,WikiPathways_2024_Human__15Q25 Copy Number Variation WP5408,0.3578700847424241,1.204537591292263,0.17943107221006566,0.3738002645342609,1.0,4/25,4.06%,HOMER2;SH3GL3;EGF;SYNJ1
prerank,Reactome_2022__Signaling By SCF-KIT R-HSA-1433557,0.3935197457507913,1.2043450007771241,0.19727891156462585,0.3736747330450856,1.0,4/18,11.29%,PRKCA;GRB2;GRAP;GRAP2
prerank,KEGG_2021_Human__Human T-cell leukemia virus 1 infection,-0.27946655508883556,-1.203908365388993,0.12721417069243157,0.3811989434208896,1.0,44/106,26.15%,ITGAL;BAX;SLC2A1;KAT5;FDPS;MAP2K1;MAP2K2;E2F2;ITGB2;PRKACB;PRKACA;PRKACG;IKBKB;CHUK;ATR;PIK3CD;PIK3CB;CCND3;CCNA1;CCNA2;CCNE2;CCNE1;CCND1;CCND2;CCNB2;CHEK2;ADCY9;STAT5B;STAT5A;GPS2;BUB3;ZFP36;MAP3K3;ANAPC7;RB1;CANX;ANAPC5;CDC23;NFKB2;NFKB1;RELB;RELA;PIK3CA;ESPL1
prerank,GO_Biological_Process_2025__Glutamine Family Amino Acid Metabolic Process (GO:0009064),0.4064261064978383,1.2038933618322316,0.24507658643326038,0.37404209903202484,1.0,6/16,10.68%,PRODH;GRID2;GRID1;SLC38A1;ATAT1;ALDH4A1
prerank,GO_Biological_Process_2025__Positive Regulation of Lamellipodium Assembly (GO:0010592),-0.4037568830834584,-1.2026526993241122,0.23616236162361623,0.38304010319559934,1.0,9/19,29.37%,AVIL;RAC2;ACTR3;CDC42;WASF2;OCLN;FSCN1;PIK3CA;TWF2
prerank,GO_Biological_Process_2025__Organelle Fission (GO:0048285),-0.4286242722140199,-1.2026335691769547,0.24090121317157712,0.38263646375057325,1.0,3/16,3.83%,GDAP1;PEX11G;TMCC1
prerank,KEGG_2021_Human__Endometrial cancer,0.3390416075430105,1.2024193182798142,0.21621621621621623,0.37626741592247537,1.0,13/31,17.75%,EGF;CTNNA1;CTNNA2;APC;APC2;MAPK1;GRB2;MAPK3;PTEN;GADD45G;GADD45A;GADD45B;POLK
prerank,KEGG_2021_Human__Longevity regulating pathway,0.2873451565099816,1.2020965411255289,0.15903614457831325,0.3763803727936483,1.0,19/69,16.43%,EIF4E1B;EIF4E;EIF4E2;ULK1;EIF4EBP2;EIF4EBP1;SIRT1;ATG101;ADCY3;IRS2;IRS1;IRS4;PPARGC1A;HSPA2;RB1CC1;PPARG;EHMT1;EHMT2;AKT1S1
prerank,WikiPathways_2024_Human__Endothelin Pathways WP2197,0.4112613737208558,1.2018651056294942,0.22466960352422907,0.37637606772749715,1.0,10/16,21.04%,PRKCA;ATP2A2;MAPK1;GNB5;CNN1;GNAS;GNA15;PLCB1;EDNRA;EDNRB
prerank,WikiPathways_2024_Human__Cardiac Progenitor Differentiation WP2406,0.36531052117768786,1.200770660599057,0.1932059447983015,0.37794322336188574,1.0,9/24,21.25%,ANPEP;TNNI3;TNNT2;TBX5;TBX20;TBXT;LIN28B;LIN28A;ISL1
prerank,KEGG_2021_Human__MicroRNAs in cancer,0.2738389775697156,1.2006728931659092,0.12433862433862433,0.3776942471051385,1.0,28/93,17.72%,PRKCA;PRKCE;PRKCB;PRKCG;STMN1;SIRT1;APC;APC2;IGF2BP1;EFNA5;EFNA2;EFNA3;EFNA4;EFNA1;MAPK1;GRB2;IRS2;IRS1;BMI1;TPM1;MAPK3;EZH2;PTEN;SLC45A3;PDGFB;PDGFA;PLCG1;PLCG2
prerank,GO_Biological_Process_2025__Regulation of Transcription Regulatory Region DNA Binding (GO:2000677),-0.424232988623951,-1.1998979452924898,0.23484848484848486,0.38739764318586284,1.0,4/16,8.50%,GATA1;GATA3;SOX11;TWIST1
prerank,GO_Biological_Process_2025__Actin Filament Bundle Assembly (GO:0051017),-0.39547776573803883,-1.1988164746967969,0.23883495145631067,0.3889561886560857,1.0,11/20,30.95%,PDXP;HSP90B1;ESPN;ESPNL;FSCN3;FSCN2;FSCN1;EZR;BAIAP2L2;BAIAP2;BAIAP2L1
prerank,GO_Cellular_Component_2025__cis-Golgi Network (GO:0005801),-0.31972739406055317,-1.1987996343794454,0.19600725952813067,0.38854512939699415,1.0,27/47,28.93%,BOK;KDELR1;KDELR2;KDELR3;PTGES2;GORASP2;GORASP1;BLZF1;LRPAP1;IFT20;GOLGA8T;GOLGA2;GOLGA8R;GOLGA8Q;GOLGA6A;GOLGA6D;GOLGA8N;GOLGA8H;GOLGA8A;GOLGA8B;GOLGA8O;GOLGA8J;GOLGA8S;GOLGA8K;GOLGA6B;GOLGA8M;GOLGA6C
prerank,GO_Biological_Process_2025__Negative Regulation of Cellular Component Organization (GO:0051129),-0.32734856165752185,-1.1984949926222976,0.18947368421052632,0.3886753641024602,1.0,9/45,8.28%,HDAC6;CRYAB;SNX33;SCAMP5;GBA1;DNAJB8;DNAJB6;DNAJB1;DNAJB2
prerank,KEGG_2021_Human__B cell receptor signaling pathway,0.3392756100948343,1.1981938256143234,0.20554272517321015,0.38174967032264556,1.0,9/31,12.10%,PRKCB;PPP3R1;INPP5D;MAPK1;GRB2;INPPL1;PPP3CB;PPP3CC;MAPK3
prerank,Reactome_2022__Inhibition Of DNA Recombination At Telomere R-HSA-9670095,0.4265598257695308,1.1979541475166806,0.22538293216630198,0.38175638426830383,1.0,9/15,36.75%,POLR2K;H2AZ1;H2AZ2;ATRX;POLR2I;POLR2B;POLR2L;POLR2J;POLR2E
prerank,WikiPathways_2024_Human__PI3K Akt Signaling WP4172,-0.2711027138711726,-1.1973151433779035,0.1285475792988314,0.39042659288655923,1.0,55/131,22.89%,ITGA7;ITGA3;ITGA11;ITGAV;ITGA2;ITGA9;ITGA10;ITGA8;ITGA4;ITGA5;ITGA1;ITGA6;ITGA2B;MCL1;HGF;MAP2K1;MAP2K2;PPP2R5C;PPP2R5D;PCK1;PCK2;HSP90B1;ITGB1;ITGB7;ITGB4;GYS2;GYS1;IKBKB;CHUK;CASP9;PIK3CG;PIK3CD;PIK3CB;CCND3;CCNE2;CCNE1;CCND1;CCND2;RPS6;THBS4;COMP;THBS2;THBS3;THBS1;RPS6KB2;RPS6KB1;PPP2R2A;PPP2R2D;PPP2R2C;PPP2R2B;RBL2;ITGB5;ITGB6;ITGB3;ITGB8
prerank,GO_Biological_Process_2025__Protein Localization (GO:0008104),0.23790591585006332,1.1970462803121595,0.08571428571428572,0.38299420520885424,1.0,55/211,23.04%,NSF;NAPB;NAPG;STXBP1;ULK1;YWHAQ;YWHAH;YWHAB;YWHAZ;YWHAG;GRIN3B;GRID2;CEP250;ITSN1;KIF3A;AP2A1;VPS45;BICD1;ERP29;UNC93B1;CSRP3;PICK1;NIPBL;TNS4;ABHD17A;COG7;HEATR5B;HEATR5A;TIMM17A;TIMM17B;STX3;STX1B;STX1A;STX4;STX2;VPS26C;RIC1;DDX42;CELSR1;RAB1A;ZDHHC15;HOOK3;HOOK1;HOOK2;RAB14;AKTIP;ARL6;FAM91A1;TLK1;NPM1;HAP1;ARF5;MAPRE3;MAPRE1;ATP8B1
prerank,GO_Biological_Process_2025__Cortical Cytoskeleton Organization (GO:0030865),-0.40349946218180116,-1.1966620222792228,0.2335216572504708,0.3911910855381916,1.0,12/19,31.71%,NLGN1;RAC2;ROCK1;ROCK2;KANK1;EPB41L3;EZR;FHOD1;FMNL1;FMNL3;LLGL2;LLGL1
prerank,GO_Molecular_Function_2025__Protein Kinase Binding (GO:0019901),0.23230229256862278,1.1966239920121218,0.08516483516483517,0.38333988272058417,1.0,34/249,9.54%,NSF;SLC12A4;SLC12A2;SLC12A7;SLC12A6;SLC12A5;PKN1;PRKCA;PRKCB;PKN2;PRKCH;MAPK8IP1;MAPK8IP2;YWHAZ;YWHAG;TNNI3;APP;AP2A2;AP2A1;BICD1;SIRT1;ATG101;SNAP91;GRK5;PPP1CB;PICK1;KHDRBS1;PARP1;GRB2;IRS1;PKP2;SPRED1;SPRED3;SPRED2
prerank,GO_Biological_Process_2025__Phosphatidylinositol Phosphate Biosynthetic Process (GO:0046854),0.34785852542766926,1.1963676024154368,0.20084566596194503,0.3833580196222694,1.0,14/28,21.87%,CLSTN1;EFR3B;EFR3A;IP6K1;IP6K2;ITPKC;IP6K3;ITPKA;ITPKB;PI4KA;PIP4K2A;PIK3C3;PIK3R4;PI4KB
prerank,GO_Cellular_Component_2025__Cortical Actin Cytoskeleton (GO:0030864),-0.36825947605985787,-1.1962179777889046,0.23211169284467714,0.39159688233959966,1.0,14/26,31.71%,SLC2A1;GSN;VCL;GYS2;GMFB;GMFG;WDR1;FLOT2;RDX;FZR1;COTL1;FLOT1;LLGL2;LLGL1
prerank,GO_Biological_Process_2025__Positive Regulation of Immune Response (GO:0050778),-0.3613417163292068,-1.1957188928782656,0.21390374331550802,0.3920550387974336,1.0,10/28,19.47%,AKR1C1;ITGAM;KAT5;PSMA7;SPHK2;PCK1;ITGB2;PYCARD;PLSCR1;CPT1A
prerank,GO_Molecular_Function_2025__Exopeptidase Activity (GO:0008238),0.31959784623482446,1.1950216842249077,0.1716937354988399,0.38536340850623624,1.0,8/40,4.51%,ERAP1;ERAP2;TRHDE;ANPEP;LNPEP;DPEP1;DPEP3;DPEP2
prerank,GO_Biological_Process_2025__Regulation of Viral Genome Replication (GO:0045069),0.3453777870124672,1.1946269084070604,0.20649651972157773,0.38567312085737915,1.0,10/28,28.00%,PKN2;PROX1;SRPK2;SRPK1;SLPI;VAPB;CNOT7;N4BP1;FKBP6;PDE12
prerank,GO_Biological_Process_2025__Defense Response to Virus (GO:0051607),0.2892769340118292,1.1942427896774648,0.17223650385604114,0.38590635773041926,1.0,16/63,17.49%,MX2;UBE2W;ZNF395;DDX56;DHX15;BNIP3;BNIP3L;NCK1;AZIN2;RNF185;UBE2N;SETD2;NT5C3A;ZDHHC1;ZDHHC11B;ZDHHC11
prerank,KEGG_2021_Human__Insulin resistance,-0.2886883305822547,-1.1940500083279135,0.1806020066889632,0.39481692992023165,1.0,34/80,22.20%,CD36;SLC2A4;SLC2A1;SLC2A2;ACACB;SLC27A1;SLC27A3;SLC27A2;SLC27A6;SLC27A4;SLC27A5;MLXIP;MLXIPL;PCK1;PCK2;TRIB3;GYS2;GYS1;IKBKB;PIK3CD;PIK3CB;PYGM;PYGB;PYGL;CPT1A;CPT1B;SOCS3;RPS6KB2;RPS6KA6;RPS6KA1;RPS6KA2;RPS6KB1;RPS6KA3;MLX
prerank,Reactome_2022__G1/S-Specific Transcription R-HSA-69205,-0.3975465311676636,-1.193458715320645,0.23118279569892472,0.3954820237855217,1.0,8/20,25.84%,LIN9;CCNA1;CCNE1;CDT1;RBL1;RBL2;CDK1;PCNA
prerank,KEGG_2021_Human__Human immunodeficiency virus 1 infection,0.25655276308416813,1.193107030604745,0.13020833333333334,0.38762024738412276,1.0,22/115,13.71%,GNGT2;GNGT1;GNG5;GNG11;GNG10;PRKCA;PRKCB;PRKCG;PPP3R1;GNAO1;MAPK1;PPP3CB;PPP3CC;MAPK10;MAPK13;MAPK3;MAPK12;MAPK9;MAPK8;GNB5;GNAQ;GNA11
prerank,WikiPathways_2024_Human__Retinoblastoma Gene In Cancer WP2446,-0.3080476660464635,-1.1930196840752136,0.1759581881533101,0.39591075806333675,1.0,22/57,25.84%,SAP30;E2F2;RFC5;CCND3;CCNB1;CCNA2;CCNE2;CCNE1;CCND1;CCNB2;CDT1;RPA1;ANLN;BARD1;RB1;MCM4;MCM7;MCM6;SUV39H1;CDK1;SKP2;PCNA
prerank,WikiPathways_2024_Human__PDGFR Beta Pathway WP3972,0.3950113622482506,1.192780197281992,0.23356009070294784,0.38774723187309285,1.0,7/18,19.63%,PRKCA;PRKCB;GRB2;MAPK3;MAPK8;PLCG1;MAP2K4
prerank,GO_Biological_Process_2025__Negative Regulation of Epithelial Cell Proliferation (GO:0050680),-0.36337446888020125,-1.1923259469717475,0.2340036563071298,0.39676181385011067,1.0,7/29,12.43%,GATA6;GATA3;SOX9;ATP5IF1;NUPR1;SULF1;MTSS1
prerank,GO_Biological_Process_2025__Positive Regulation of Proteasomal Ubiquitin-Dependent Protein Catabolic Process (GO:0032436),0.30452268805525967,1.1922608525730136,0.19103773584905662,0.38827379917332555,1.0,13/51,17.10%,DAB2;HECTD1;SH3RF3;SH3RF2;SIRT1;STUB1;SMAD7;SH3RF1;HSPBP1;ELOB;NKD2;CBFA2T3;PABIR1
prerank,GO_Molecular_Function_2025__Kinase Activity (GO:0016301),-0.299726809059091,-1.1921527082512307,0.1952054794520548,0.39662269454762195,1.0,17/66,14.57%,PDXK;NADK2;GLYCTK;GK;GK2;GK3;PGK2;PGK1;SPHK2;SPHK1;CERKL;PGM2L1;PANK4;TRIB3;NAGK;NMRK1;NMRK2
prerank,Reactome_2022__Cristae Formation R-HSA-8949613,0.38521694354265806,1.1916681136634286,0.21861471861471862,0.38894989718497014,1.0,14/19,36.53%,ATP5PB;ATP5F1A;ATP5PF;ATP5PD;MTX2;ATP5F1C;ATP5MF;APOO;APOOL;SAMM50;ATP5MG;DMAC2L;ATP5F1D;ATP5PO
prerank,GO_Biological_Process_2025__Positive Regulation of Receptor-Mediated Endocytosis (GO:0048260),0.3822502770372034,1.191558337559498,0.23059360730593606,0.3887036687545796,1.0,6/21,7.75%,LDLRAP1;DAB2;EGF;BICD1;DGKD;PICK1
prerank,Reactome_2022__Cell-cell Junction Organization R-HSA-421270,0.39217753313787285,1.1905680266761498,0.22608695652173913,0.39015746511179483,1.0,5/18,21.12%,PRKCI;CTNNA1;JUP;PATJ;PALS1
prerank,Reactome_2022__RNA Polymerase I Transcription Initiation R-HSA-73762,0.3360770071843476,1.1891874457678655,0.2028301886792453,0.3921850877270669,1.0,7/31,12.05%,POLR2K;DPEP3;POLR1B;POLR1A;POLR1D;RRN3;POLR1E
prerank,GO_Biological_Process_2025__Protein Localization to Chromosome (GO:0034502),0.34750750292074856,1.189180997919278,0.20454545454545456,0.3917332143416023,1.0,8/26,21.41%,POLR1B;POLR1A;PARP1;RAD21;ATRX;TNKS2;TNKS;SIRT6
prerank,Reactome_2022__Negative Epigenetic Regulation Of rRNA Expression R-HSA-5250941,0.3290887096487481,1.1886726471756768,0.20481927710843373,0.3922632479751123,1.0,9/37,14.26%,POLR2K;DPEP2;SIRT1;POLR1B;POLR1A;POLR1D;POLR1E;H2AZ1;H2AZ2
prerank,Reactome_2022__SUMOylation Of DNA Damage Response And Repair Proteins R-HSA-3108214,0.3037098213368138,1.1885494877172373,0.18181818181818182,0.3920789345845915,1.0,13/51,15.31%,PMEPA1;XPC;POLR1A;EID3;PARP1;PCGF2;RNF2;RING1;RAD21;NUP214;POM121C;NUP153;POM121
prerank,GO_Biological_Process_2025__Endothelial Cell Migration (GO:0043542),-0.421807591285464,-1.1880741873649272,0.24953445065176907,0.40397093757458324,1.0,6/15,19.33%,DPP4;SOX18;LPXN;RHOA;GIPC1;GLMN
prerank,WikiPathways_2024_Human__DNA Damage Response WP707,-0.33647415470448166,-1.1877640706144392,0.21428571428571427,0.40413204041022105,1.0,13/39,16.47%,BAX;ATR;CASP8;CASP9;CCND3;CCNB1;CCNE2;CCNE1;CCND1;CCND2;CCNB2;CHEK2;FANCD2
prerank,GO_Biological_Process_2025__Modified Amino Acid Catabolic Process (GO:0042219),-0.4164149696811448,-1.1874758118197557,0.24067164179104478,0.4042277964965405,1.0,7/15,18.92%,GOT2;SARDH;GGT5;GGACT;GGT1;GGT7;AGXT2
prerank,KEGG_2021_Human__Amoebiasis,0.33019876585728364,1.1874026697950204,0.21153846153846154,0.3938377368367312,1.0,13/34,17.67%,PRKCA;PRKCB;PRKCG;GNA14;GNAS;GNA15;GNAQ;GNAL;GNA11;PLCB4;PLCB3;PLCB1;PLCB2
prerank,GO_Biological_Process_2025__Regulation of Lysosomal Lumen pH (GO:0035751),0.39591560615282145,1.1872050362596605,0.2398286937901499,0.3937529023944404,1.0,6/18,23.52%,ATP6V1A;OCA2;ATP6V1H;SLC45A2;ATP6V1D;ATP6V0A1
prerank,Reactome_2022__Resolution Of D-loop Structures Thru Holliday Junction Intermediates R-HSA-5693568,-0.4230376606103996,-1.1868923992243732,0.24767225325884543,0.4049136338703514,1.0,7/16,27.93%,KAT5;DNA2;EXO1;BARD1;GEN1;MUS81;RAD50
prerank,WikiPathways_2024_Human__Measles Virus Infection WP4630,-0.3045045753972941,-1.18678018840501,0.1915966386554622,0.4046759973878172,1.0,27/62,28.17%,BAX;BAK1;MYD88;IKBKB;CHUK;RACK1;CASP8;CASP9;PIK3CD;PIK3CB;CCND3;CCNE2;CCNE1;CCND1;CCND2;STAT5B;STAT5A;CASP3;NFKB2;NFKB1;RELA;MSN;PIK3CA;IKBKE;TBK1;JUN;IRAK1
prerank,Reactome_2022__NR1H2 And NR1H3-mediated Signaling R-HSA-9024446,-0.37630404517391314,-1.186546713054421,0.2332089552238806,0.40468379296063195,1.0,8/23,19.72%,UGT1A3;ABCG8;ABCG1;PCK1;ABCA1;GPS2;RXRB;RXRA
prerank,WikiPathways_2024_Human__HDAC6 Interactions In The Central Nervous System WP5426,0.2787840528993609,1.1860465047261863,0.15920398009950248,0.395522666716345,1.0,16/71,12.15%,PRKCE;PRKCZ;ATP13A2;GRIA2;GRIA1;TUBA1C;TUBA3C;TPPP;STUB1;APC;GRK2;MAPK1;SMAD7;CNOT6;MAPK3;MAPK8
prerank,GO_Biological_Process_2025__Negative Regulation of Protein Kinase Activity (GO:0006469),0.32940421894312255,1.1842597362289948,0.2336842105263158,0.39849350976150677,1.0,8/34,17.29%,PKN2;PRKCH;YWHAG;INPP5K;TAF7;GNAQ;AKT1S1;GADD45A
prerank,GO_Biological_Process_2025__Phospholipid Translocation (GO:0045332),0.35561286869474185,1.1841644957360367,0.21846846846846846,0.39821162883924094,1.0,15/24,23.13%,VDAC2;ATP8B2;ATP8B4;ATP8A2;ATP11C;ATP11B;ATP8B1;ATP8B3;ATP10B;ATP10A;ATP10D;ATP9A;ATP11A;ATP9B;ATP8A1
prerank,Reactome_2022__Postmitotic Nuclear Pore Complex (NPC) Reformation R-HSA-9615933,-0.3798730414506017,-1.1837449906018553,0.24208566108007448,0.4097680826060569,1.0,8/24,22.57%,SEH1L;NUP85;SEC13;NUP93;NUP43;NDC1;NUP133;NUP205
prerank,Reactome_2022__Signaling By High-Kinase Activity BRAF Mutants R-HSA-6802948,-0.4089356524229717,-1.1828805535262004,0.26181818181818184,0.41107676354765865,1.0,5/16,11.13%,ITGA2B;MAP2K1;MAP2K2;VCL;PEBP1
prerank,GO_Biological_Process_2025__Actomyosin Structure Organization (GO:0031032),0.29243987159451074,1.1825958888433503,0.1860986547085202,0.4007655621000223,1.0,18/55,15.78%,CSRP2;CSRP3;CSRP1;PHACTR1;TPM1;SORBS1;PDCD10;TNNT2;TNNT1;TNNT3;TMOD1;LMOD3;TMOD2;TMOD3;LMOD1;TMOD4;SYNPO2L;PDLIM1
prerank,Reactome_2022__Regulation Of Actin Dynamics For Phagocytic Cup Formation R-HSA-2029482,0.33855051713649187,1.1824199573404663,0.22566371681415928,0.40063149935225295,1.0,6/30,12.10%,PKN1;NCKIPSD;MAPK1;GRB2;NCK1;MAPK3
prerank,WikiPathways_2024_Human__Endometrial Cancer WP4155,0.337573104579069,1.1811925449465501,0.22245762711864406,0.40255868789752,1.0,13/31,17.75%,EGF;CTNNA1;CTNNA2;APC;APC2;MAPK1;GRB2;MAPK3;PTEN;GADD45G;GADD45A;GADD45B;POLK
prerank,KEGG_2021_Human__Th17 cell differentiation,0.3116767108897527,1.1811753134535825,0.18823529411764706,0.4021317512791533,1.0,16/41,18.09%,PPP3R1;MAPK1;SMAD4;PPP3CB;PPP3CC;MAPK10;MAPK13;MAPK3;MAPK12;MAPK9;MAPK8;RORC;RARA;RORA;PLCG1;TBX21
prerank,WikiPathways_2024_Human__Pancreatic Adenocarcinoma Pathway WP4263,-0.33002096035146933,-1.1810373713742732,0.19710669077757687,0.41422423142897735,1.0,24/43,28.48%,BAX;BAK1;MAP2K1;MAP2K2;RAC2;E2F2;PEBP1;RHOA;IKBKB;CHUK;CASP9;PIK3CD;PIK3CB;CCND1;CDC42;RPS6KB2;RPS6KB1;RB1;NFKB1;RELA;PIK3CA;PAK3;PAK1;PAK2
prerank,GO_Biological_Process_2025__Transcription Initiation-Coupled Chromatin Remodeling (GO:0045815),0.33855508741359913,1.180780494383406,0.21896162528216703,0.402449607679451,1.0,11/29,29.61%,MEN1;PRMT3;TRMT112;KMT2A;RBBP5;KDM1B;WDR5;NOC2L;KAT2B;SIRT7;OGG1
prerank,GO_Molecular_Function_2025__Ion Channel Regulator Activity (GO:0099106),0.2954804872751156,1.1804240678582374,0.18984547461368653,0.40267467199708296,1.0,26/49,29.30%,KCNIP1;KCNIP4;KCNIP3;KCNIP2;YWHAH;LRRC26;NRXN2;PKP2;SNTA1;PDE4B;ATP2B4;MICU1;DPP10;DPP6;MICU3;MICU2;CABP5;CABP2;CABP4;CABP1;YWHAE;CACNB1;CACNB3;SGK1;CACNG4;CACNG8
prerank,WikiPathways_2024_Human__Hepatocyte Growth Factor Receptor Signaling WP313,-0.3816268234329225,-1.1804058263069108,0.2392857142857143,0.41502633403798167,1.0,6/21,11.57%,ITGA1;HGF;MAP2K1;MAP2K2;PXN;ITGB1
prerank,GO_Molecular_Function_2025__Calcium Channel Regulator Activity (GO:0005246),0.34103359917242665,1.180264659487701,0.1965065502183406,0.4025145735927319,1.0,17/30,31.20%,TNNI3;NRXN2;PDE4B;MICU1;MICU3;MICU2;CABP5;CABP2;CABP4;CABP1;YWHAE;CACNB1;CACNB3;SGK1;CACNG4;CACNG8;ITPR1
prerank,GO_Biological_Process_2025__Intrinsic Apoptotic Signaling Pathway by P53 Class Mediator (GO:0072332),-0.3743283568975302,-1.1800540988942287,0.23861566484517305,0.4152339080268331,1.0,11/23,30.88%,BOK;PPP2R5C;CASP6;PYCARD;PPP1R13B;TP53BP2;PDK2;DDIT4;CDIP1;TP53;TP73
prerank,KEGG_2021_Human__Folate biosynthesis,-0.36714352067047595,-1.1799087915666147,0.25622775800711745,0.41507109290589195,1.0,8/25,12.97%,AKR1B10;AKR1C3;AKR1B1;PAH;MOCOS;CBR1;PCBD2;PCBD1
prerank,Reactome_2022__Cell-Cell Communication R-HSA-1500931,0.3062164504285642,1.1795528927138037,0.2072892938496583,0.40332763432912727,1.0,11/44,11.49%,PRKCI;CTNNA1;GRB2;RSU1;JUP;NCK2;NCK1;SPTBN1;KIRREL1;KIRREL2;KIRREL3
prerank,GO_Molecular_Function_2025__Ubiquitin Binding (GO:0043130),-0.31832600617076257,-1.1794324537117142,0.2111692844677138,0.4155663397518063,1.0,17/48,27.60%,PLAA;DNAJB2;UBXN1;DDI2;TOM1;TOM1L1;OTUB1;OTUB2;SQSTM1;GGA3;BUB3;UCHL1;UBE2L6;RNFT1;UBXN2A;NSFL1C;UBXN2B
prerank,GO_Biological_Process_2025__Activation of GTPase Activity (GO:0090630),-0.39871519269141825,-1.1790475487413248,0.23431734317343172,0.4158608895452923,1.0,4/18,12.41%,PIP5K1A;SLC27A4;ARHGAP42;MTSS2
prerank,KEGG_2021_Human__Tight junction,0.26767384762673607,1.179021679416479,0.1922141119221411,0.4038687716816875,1.0,10/84,4.00%,PRKCE;PRKCZ;PRKCI;IGSF5;TUBA1C;TUBA1B;TUBA3E;TUBA1A;TUBA3C;TUBA3D
prerank,WikiPathways_2024_Human__Urotensin II Mediated Signaling WP5158,-0.3480596509666892,-1.1789996223377468,0.22482014388489208,0.4155025506984309,1.0,16/30,26.15%,BAX;RHOA;TRPC4;PRKACA;IKBKB;CHUK;ABCA1;CASP9;CCNE1;CASP3;FSCN1;CDK1;NFKB1;RELA;PCNA;ESPL1
prerank,GO_Biological_Process_2025__Peptidyl-Threonine Phosphorylation (GO:0018107),0.3517496529170718,1.1785003715492635,0.2210065645514223,0.4044112463008418,1.0,7/24,19.45%,PRKCA;MAPK1;CDK10;MAPK8;NLK;STK39;TNKS
prerank,"GO_Biological_Process_2025__Negative Regulation of Gene Expression, Epigenetic (GO:0045814)",0.30541810251626267,1.1783987574393957,0.21767241379310345,0.40414031174497794,1.0,18/43,26.62%,SIRT1;SMYD5;ZNF91;H2AZ1;H2AZ2;SMARCA1;EZH2;KMT2D;SUV39H2;EZH1;USP7;EPC1;SIRT6;UBR2;SIRT2;BAZ2A;CBX1;SIRT7
prerank,GO_Biological_Process_2025__Sensory Organ Development (GO:0007423),0.3033054050837619,1.1779956626763437,0.19817767653758542,0.4045099706347873,1.0,24/49,22.16%,MAB21L1;MAB21L2;SIPA1L3;OLIG1;NEUROD2;OLIG2;NEUROG3;NEUROG2;ATOH7;NEUROD6;OLIG3;NEUROG1;BHLHE22;ATOH1;NEUROD1;BHLHE23;SALL2;MEIS2;PBX2;MEIS1;PBX1;PBX3;PBX4;MEIS3
prerank,Reactome_2022__Syndecan Interactions R-HSA-3000170,-0.413055630612041,-1.177742029707031,0.2513562386980108,0.4175428992048587,1.0,8/16,22.88%,ITGAV;ITGA2;ITGA6;ITGB1;ITGB4;THBS1;ITGB5;ITGB3
prerank,GO_Biological_Process_2025__Import Into the Mitochondrion (GO:0170036),0.33725612889345796,1.1773718412493148,0.22654462242562928,0.4053032270367799,1.0,21/30,36.21%,TOMM40;TOMM40L;SMDT1;TOMM70;TIMM17A;TIMM17B;DNLZ;MICU1;MICU3;MICU2;TOMM20L;TOMM20;MAIP1;TIMM23B;TIMM23;TIMM21;ITPR1;SFXN2;TIMM50;MCU;TIMM44
prerank,GO_Biological_Process_2025__tRNA Methylation (GO:0030488),0.35906286733587683,1.1772919996572482,0.25219298245614036,0.4050129310371144,1.0,10/23,29.53%,TRMT5;TRDMT1;FTSJ1;TRMT112;NSUN2;METTL6;MTO1;TRMO;METTL1;BCDIN3D
prerank,WikiPathways_2024_Human__Exercise Induced Circadian Regulation WP410,-0.3523017493966319,-1.1770762654256788,0.2074074074074074,0.4183551243665726,1.0,4/29,3.77%,PER2;PER1;UGP2;PSMA4
prerank,GO_Molecular_Function_2025__Signaling Receptor Complex Adaptor Activity (GO:0030159),0.3444151006085353,1.1769570529372684,0.24885844748858446,0.40514163977417006,1.0,7/29,15.91%,LDLRAP1;IRS1;SORBS1;NCK2;NCK1;GNB5;LGALS12
prerank,GO_Biological_Process_2025__Nucleophagy (GO:0044804),-0.4006417357227707,-1.1766283924746503,0.2696629213483146,0.4187581352968943,1.0,6/18,12.25%,ATG13;ATG3;ATG4A;ATG4B;ATG9B;ATG9A
prerank,GO_Cellular_Component_2025__Spindle Microtubule (GO:0005876),0.3226714537030231,1.1764609801328076,0.20842572062084258,0.4056507463809174,1.0,11/33,24.18%,PAFAH1B1;KIF3A;TUBG1;KIF3B;RMDN2;RMDN1;RMDN3;KIFAP3;MAPRE1;BIRC5;CSNK1D
prerank,Reactome_2022__CREB1 Phosphorylation Thru NMDA Receptor-Mediated Activation Of RAS Signaling R-HSA-442742,0.40318474726395304,1.1752974397988296,0.2719665271966527,0.4074582256587676,1.0,6/15,20.69%,GRIN2B;GRIN2D;MAPK1;MAPK3;MPP2;MPP3
prerank,KEGG_2021_Human__Hippo signaling pathway,0.260216806377481,1.175082403137935,0.13970588235294118,0.4073688592947373,1.0,37/102,24.98%,PRKCZ;PRKCI;YWHAQ;YWHAH;YWHAB;YWHAZ;YWHAG;CTNNA1;CTNNA2;WWC1;APC;APC2;PPP1CB;SMAD7;SMAD4;NKD2;NKD1;PATJ;PALS1;FZD7;FZD1;FZD10;FZD9;FZD2;FZD8;FZD3;BIRC2;BIRC5;BIRC3;CSNK1D;CSNK1E;RASSF2;RASSF6;RASSF1;RASSF4;YWHAE;WNT16
prerank,WikiPathways_2024_Human__Genes Controlling Nephrogenesis WP4823,-0.39610612330375294,-1.174801206112329,0.24456521739130435,0.4220190366676617,1.0,5/19,11.57%,CD36;ITGA3;ITGA8;EYA1;ITGB1
prerank,GO_Biological_Process_2025__Nucleotide-Excision Repair (GO:0006289),0.3280213475314336,1.174408229016003,0.19012345679012346,0.40824286763688356,1.0,14/35,29.61%,SIRT1;XPC;POLR1B;POLR1A;POLK;USP7;NTHL1;RNF111;CETN2;GTF2H3;POLR2I;HUS1;HUS1B;OGG1
prerank,GO_Biological_Process_2025__Positive Regulation of Lamellipodium Organization (GO:1902745),-0.37261492626212706,-1.1738021977755155,0.23431734317343172,0.42351414129171583,1.0,9/24,25.50%,VIL1;AVIL;RAC2;ACTR3;CDC42;WASF2;OCLN;FSCN1;PIK3CA
prerank,GO_Biological_Process_2025__Regulation of Primary Metabolic Process (GO:0080090),0.2780439959762177,1.1730233171226208,0.18863636363636363,0.4104801710775968,1.0,16/68,15.42%,MBNL1;MBNL3;MBNL2;PTBP3;PTBP1;PTBP2;LDLR;SF3B3;KHDRBS1;RRP1B;IRS2;EDF1;HNRNPLL;TRRAP;NR1D1;NR1D2
prerank,Reactome_2022__Late SARS-CoV-2 Infection Events R-HSA-9772573,-0.3346438628724193,-1.1729701770140766,0.2357142857142857,0.42476012075864655,1.0,9/35,12.05%,DDOST;MOGAT2;MOGAT1;PRKCSH;RPN1;RPN2;FUT8;TUSC3;MAGT1
prerank,GO_Biological_Process_2025__Intracellular Iron Ion Homeostasis (GO:0006879),0.3327016309767811,1.1718025756481816,0.22850678733031674,0.4123695507893444,1.0,5/32,8.74%,ATP6V1A;ATP13A2;PICALM;SLC22A17;SMAD4
prerank,GO_Biological_Process_2025__Positive Regulation of miRNA Transcription (GO:1902895),-0.3930886860824959,-1.171292492464824,0.25892857142857145,0.42774816894669776,1.0,3/18,10.23%,GATA2;GATA3;HIF1A
prerank,GO_Biological_Process_2025__Negative Regulation of Hydrolase Activity (GO:0051346),0.3963851447503369,1.1712308784473915,0.2595078299776286,0.41302104072509416,1.0,4/17,12.75%,EPPIN;PLXNB3;RRP1B;ARL2
prerank,GO_Biological_Process_2025__tRNA Modification (GO:0006400),0.29850604634388495,1.170801353849337,0.20657276995305165,0.41337222224034975,1.0,18/49,29.53%,PUS10;TRDMT1;SSB;FTSJ1;TRMT112;NSUN2;NAT10;ALKBH8;DTWD2;DUS4L;METTL6;MTO1;TRMO;CTU2;CDKAL1;THG1L;METTL1;BCDIN3D
prerank,KEGG_2021_Human__Th1 and Th2 cell differentiation,0.3174786442335795,1.1704948110681426,0.20681818181818182,0.41352572971400053,1.0,14/36,22.62%,PPP3R1;MAPK1;PPP3CB;PPP3CC;MAPK10;MAPK13;MAPK3;MAPK12;MAPK9;MAPK8;PLCG1;TBX21;NFKBIB;NFKBIA
prerank,GO_Biological_Process_2025__Modulation by Host of Viral Genome Replication (GO:0044827),0.3758789306265512,1.1704660215925247,0.28205128205128205,0.4131206380055405,1.0,11/19,33.19%,DDX56;EEF1A1;PIK3C3;EIF2AK4;TBC1D20;VAPB;VAPA;ZC3H12A;FMR1;YTHDC2;TMEM41B
prerank,Reactome_2022__SLC Transporter Disorders R-HSA-5619102,0.27608537978165437,1.1704317830074202,0.20631067961165048,0.4127177280484776,1.0,20/72,15.31%,SLC12A3;SLC12A1;SLC12A6;SLC5A2;SLC5A5;SLC20A2;SLC24A5;SLC36A2;SLC24A1;SLC17A8;SLC17A5;SLC22A12;SLC22A5;SLC26A2;SLC4A4;SLC4A1;NUP214;POM121C;NUP153;POM121
prerank,GO_Biological_Process_2025__Endoplasmic Reticulum to Golgi Vesicle-Mediated Transport (GO:0006888),-0.28045205239077353,-1.1702715949842746,0.16326530612244897,0.42933534370719795,1.0,48/91,39.75%,STX5;ARCN1;SEC13;TMED6;ERGIC2;SEC16A;SEC16B;BCAP29;BCAP31;COPE;NRBP1;COPB2;YIPF5;YIPF7;SEC22C;SEC22A;PTGES2;KLHL12;COPB1;LMAN1L;YIF1B;YIF1A;SURF4;VAMP7;GOLGA2;RABGGTB;HYOU1;TRAPPC4;TEX261;RABGGTA;ATL2;SEC24D;SCFD1;ERGIC3;GOSR1;CTAGE9;CTAGE8;MIA3;CTAGE6;CTAGE15;CTAGE1;SEC24B;SEC24A;SEC31A;TMED4;LMAN2;LMAN2L;LMAN1
prerank,GO_Biological_Process_2025__ERAD Pathway (GO:0036503),-0.2973241756745184,-1.1697841295549172,0.2003610108303249,0.4298684972665079,1.0,14/58,14.08%,TOR1A;RNF139;RCN3;CCDC47;PSMC6;DNAJB12;DNAJB2;VCP;HSP90B1;SYVN1;RNF145;STT3B;UBQLN2;HSPA5
prerank,GO_Molecular_Function_2025__Cation Binding (GO:0043169),-0.32045747770169697,-1.1695995686907183,0.22324723247232472,0.42975043590377454,1.0,11/43,14.36%,ACHE;SCARB2;GLDC;RPEL1;RPE;FBP1;ACSS2;ANXA13;APRT;HMGCLL1;HMGCL
prerank,WikiPathways_2024_Human__IL18 Signaling WP4754,0.32693570974745234,1.1694035571051833,0.25057471264367814,0.4142867241293438,1.0,9/32,12.14%,SLC12A3;PRKCA;PRKCB;GRIN2B;PARP1;MAPK1;IMP3;MAPK3;MAPK9
prerank,WikiPathways_2024_Human__Modulators Of TCR Signaling And T Cell Activation WP5072,0.33568713974788944,1.169035078710487,0.22413793103448276,0.41451058500672305,1.0,13/31,27.88%,SH2D1A;DGKZ;DGKA;PCBP2;GRB2;GRAP2;GNA13;ELOB;PLCG1;NFKBIA;UBASH3A;RNF7;TRAF6
prerank,GO_Biological_Process_2025__Sensory Perception of Sound (GO:0007605),-0.31868056602725153,-1.1688829679811605,0.2175379426644182,0.43070661052988507,1.0,17/45,22.72%,ALDH7A1;CLIC5;EPS8L2;SOD1;EYA1;MYO7B;ESPNL;USH1G;CRYM;WDR1;LHFPL5;LHFPL3;LRP2;MARVELD2;TMC1;TMC2;MYO7A
prerank,Reactome_2022__EPHB-mediated Forward Signaling R-HSA-3928662,0.36872942394428215,1.1680917158605586,0.26,0.4159123646261693,1.0,3/20,4.26%,PKN1;GRIN2B;ITSN1
prerank,GO_Biological_Process_2025__Regulation of Protein Phosphorylation (GO:0001932),0.28261221516986756,1.167851671649607,0.18544600938967137,0.415921942492119,1.0,23/65,26.81%,PKN1;PELI2;MEN1;INPP5K;REPS1;SIRT1;PLXNB2;EFNA1;ATG14;MUSK;TARDBP;PROM2;NSD1;PDGFA;TBX1;AKTIP;NPM1;ARRB1;IBTK;NOP53;ZC3H12A;PPP1R15B;KDM4D
prerank,GO_Biological_Process_2025__Regulation of T Cell Receptor Signaling Pathway (GO:0050856),0.37398042180968516,1.1678061763938294,0.2452431289640592,0.4155320118580968,1.0,5/19,11.24%,SH2D1A;DGKZ;KCNN4;SLA2;NCK1
prerank,WikiPathways_2024_Human__IL11 Signaling WP2332,-0.38189582701850644,-1.1676452584334467,0.25089605734767023,0.4327641505997107,1.0,10/21,25.35%,ITGA2;MAP2K1;MAP2K2;IKBKB;CHUK;RPS6;SOCS3;RPS6KA1;RPS6KB1;RELA
prerank,GO_Biological_Process_2025__Oxidative Phosphorylation (GO:0006119),0.300211856519116,1.1664388717264187,0.2331002331002331,0.417880842389263,1.0,30/46,42.97%,ATP5PB;NDUFB5;NDUFA12;ATP5PF;NDUFS2;NDUFS7;NDUFB11;NDUFS8;ATP5PD;NDUFA10;NDUFA13;SDHA;NDUFA8;SDHC;ATP5F1C;ATP5MF;SDHD;NDUFA6;ATP5MG;ATP5F1D;ATP5PO;NDUFAB1;NDUFA11;NDUFB3;NDUFS6;NDUFV1;NDUFB7;NDUFB10;ATP5F1B;NDUFB4
prerank,GO_Biological_Process_2025__Cytoskeleton-Dependent Cytokinesis (GO:0061640),-0.30798084315681,-1.1656723117988748,0.20781527531083482,0.4362621739554471,1.0,16/53,22.69%,USP8;SNX33;IST1;VPS4A;DHDDS;RHOA;RHOC;RHOB;PLK1;KIF23;ROCK1;ROCK2;ANLN;NOX5;RACGAP1;EXOC8
prerank,WikiPathways_2024_Human__Nucleotide Binding Oligomerization Domain NOD Pathway WP1433,-0.3894142008828884,-1.1653271077185756,0.24818840579710144,0.43647704657756475,1.0,9/19,20.58%,IKBKB;CHUK;CASP1;CASP5;CASP8;CASP9;PYCARD;COPS6;CASP7
prerank,GO_Cellular_Component_2025__Azurophil Granule Membrane (GO:0035577),-0.32903044002851684,-1.165271093715706,0.24394463667820068,0.43611294606251505,1.0,10/36,17.81%,GAA;PRCP;DDOST;MANBA;DNAJC5;PSEN1;MAGT1;TOM1;ACP3;VAMP1
prerank,GO_Biological_Process_2025__Positive Regulation of Intracellular Transport (GO:0032388),0.3438961074842834,1.165103732927328,0.24489795918367346,0.4199276685925366,1.0,6/26,15.65%,DAB2;ATP2A1;EHD2;PDCD10;DYNC1H1;VPS11
prerank,GO_Molecular_Function_2025__mRNA 5'-UTR Binding (GO:0048027),-0.39973214655456635,-1.1647152440369395,0.2684310018903592,0.436774456342218,1.0,4/18,10.28%,SHMT1;DNAJC5;RPS7;RPL26
prerank,GO_Biological_Process_2025__Positive Regulation of Endothelial Cell Proliferation (GO:0001938),0.34644949030053407,1.1646749331492323,0.24680851063829787,0.4202730834602191,1.0,7/27,9.36%,PRKCA;LRG1;EGF;SIRT1;PLXNB3;CLSTN1;PROX1
prerank,GO_Biological_Process_2025__Regulation of Synapse Assembly (GO:0051963),-0.3822461172371191,-1.1646259426866752,0.2531194295900178,0.4364914617030965,1.0,4/21,1.17%,NLGN1;NLGN3;NLGN4X;NLGN2
prerank,GO_Cellular_Component_2025__Golgi Cisterna (GO:0031985),-0.32481127761911516,-1.1644952816415903,0.2188679245283019,0.4363426768399982,1.0,24/38,38.67%,RAB21;GOLGA8T;GOLGA2;GOLGA8R;GOLGA8Q;GOLGA6A;GOLGA6D;GOLGA8N;GOLGA8H;GOLGA8A;GOLGA8B;GOLGA8O;GOLGA8J;GOLGA8S;GOLGA8K;GOLGA6B;GOLGA8M;GOLGA6C;TMEM115;LLGL1;GOSR1;GCNT1;XYLT1;GCC1
prerank,Reactome_2022__Paradoxical Activation Of RAF Signaling By Kinase Inactive BRAF R-HSA-6802955,-0.39436886790212256,-1.1641436820828392,0.2692307692307692,0.4365612031584989,1.0,5/18,11.13%,ITGA2B;MAP2K1;MAP2K2;VCL;PEBP1
prerank,GO_Biological_Process_2025__Aerobic Electron Transport Chain (GO:0019646),0.30289900224900007,1.1631592481188744,0.23148148148148148,0.42273921975918843,1.0,25/45,42.97%,COX7A2;NDUFB5;COX7C;COX5B;NDUFS2;NDUFS7;CYCS;UQCRQ;NDUFS8;NDUFA10;SDHA;NDUFA8;SDHC;SDHD;NDUFA6;COX4I1;COX4I2;COX6A2;NDUFAB1;NDUFB3;NDUFS6;NDUFV1;NDUFB7;NDUFB10;NDUFB4
prerank,WikiPathways_2024_Human__Hippo YAP Signaling WP4537,-0.3943742210230568,-1.1631525616318388,0.24007561436672967,0.4381201550569041,1.0,7/17,30.29%,MST1;SAV1;MINK1;TNIK;LATS1;YAP1;WWTR1
prerank,Reactome_2022__Recycling Pathway Of L1 R-HSA-437239,0.38202739078599873,1.1626333886225286,0.25055432372505543,0.42333386786340116,1.0,6/19,16.94%,SH3GL2;AP2A2;AP2A1;MAPK1;NUMB;AP2S1
prerank,GO_Cellular_Component_2025__Tight Junction (GO:0070160),0.3417451230936139,1.1624141750358026,0.25462962962962965,0.4233313419464504,1.0,3/27,1.31%,PRKCZ;PRKCI;IGSF5
prerank,GO_Biological_Process_2025__Regulation of Apoptotic Process (GO:0042981),-0.23218917272915568,-1.161516916190906,0.10980966325036604,0.44099363967525185,1.0,107/337,25.54%,DHRS2;GATA1;GATA6;ITGA6;PRDX2;BCL2L10;BCL2A1;BAX;MCL1;BAK1;BOK;AGXT;PCSK9;HSPB2;CRYAB;HSPB6;KAT5;GZMA;CLN3;SCIN;SLC27A4;DNAJC3;HSPA9;SOX9;SOX8;SOX4;TENT5B;SPHK2;SPHK1;CERKL;NUPR1;VCP;SOD1;HSP90B1;FIGNL1;PSEN1;SIX4;ITGB1;BAG4;BAG3;ARHGAP10;CTSD;RHOB;TXNDC5;ANXA5;ANXA4;ANXA1;PLK1;HTR2B;HSPA5;RACK1;RBM5;CASP6;CFLAR;CASP8;CASP9;PYCARD;CASP2;APIP;TMBIM6;LAMTOR5;CCND2;WNK3;DSTYK;SFRP4;WNT5A;WNT10B;SAV1;RPS6;SQSTM1;HDAC2;SPDEF;NAA35;SMPD1;RPL15;ING4;RSL1D1;SOCS2;SOCS3;CTNNBL1;COMP;THBS1;LRP8;LRP2;BARD1;PPIA;DNAJA3;LATS1;RPS6KA1;RPS6KA2;RPS6KB1;RPS6KA3;PPIF;IKZF3;MORF4L2;MORF4L1;PARK7;FAM162A;KIF14;CDK1;HIGD1A;ZBTB7A;TPT1;DMAP1;NFKB1;RELA;RPS3
prerank,GO_Biological_Process_2025__Positive Regulation of Neuron Differentiation (GO:0045666),0.37049410548274847,1.1614891198298398,0.2505307855626327,0.424783022765698,1.0,7/21,12.51%,APP;KCTD11;PROX1;NEUROD2;NEUROG1;ATOH1;NEUROD1
prerank,GO_Molecular_Function_2025__miRNA Binding (GO:0035198),0.39149077012134004,1.1614361665109876,0.2543103448275862,0.42439794641386397,1.0,7/16,18.47%,DDX56;QKI;PUM1;PUM2;ZNF346;YBX1;LIN28A
prerank,GO_Biological_Process_2025__Plasma Membrane Organization (GO:0007009),0.3055453057749047,1.1605925464736278,0.2106430155210643,0.4255407995037569,1.0,10/41,17.17%,NSF;SYT7;SYT12;EHD2;FNBP1L;MICALL1;SPTBN1;STX4;STX2;ARV1
prerank,GO_Biological_Process_2025__Antigen Receptor-Mediated Signaling Pathway (GO:0050851),0.32662685013124504,1.1604497905293267,0.24700239808153476,0.4253526403668804,1.0,10/35,17.72%,PRKCB;INPP5D;CLSTN1;KHDRBS1;EIF2B3;SLA2;PDE4B;UBE2N;PLCG1;PLCG2
prerank,Reactome_2022__Ribosomal Scanning And Start Codon Recognition R-HSA-72702,-0.31211325440974685,-1.160126316804025,0.2395104895104895,0.44334742456866477,1.0,31/51,33.66%,RPS7;RPS28;RPS8;RPS16;RPS17;RPS24;RPS15;RPS6;RPS5;EIF3J;RPS14;EIF4H;RPS15A;EIF1AX;RPS29;RPS9;RPS11;EIF3F;RPS21;RPS3;EIF2S2;RPSA;FAU;RPS12;RPS25;EIF5;RPS2;RPS23;RPS4Y2;RPS4X;RPS4Y1
prerank,GO_Biological_Process_2025__Cellular Response to BMP Stimulus (GO:0071773),0.3871533699037048,1.1596577466041698,0.25934065934065936,0.42643588306367375,1.0,7/17,22.00%,SMAD4;MAPK3;PPARG;SCX;SFRP1;AMHR2;ACVRL1
prerank,GO_Biological_Process_2025__ERBB Signaling Pathway (GO:0038127),0.35406659934501916,1.1595223118438223,0.2688888888888889,0.4261949239325931,1.0,10/23,17.70%,EGF;STUB1;MAPK1;GRB2;ADAM17;NCK2;MAPK3;BCAR3;PLCG1;PLCE1
prerank,GO_Biological_Process_2025__Regulation of Cell Cycle Phase Transition (GO:1901987),0.3737438458066722,1.1589812423363284,0.26018099547511314,0.42675812938328334,1.0,7/20,15.66%,MLF1;XPC;DBF4B;DBF4;CDK10;ATP2B4;TFAP4
prerank,GO_Biological_Process_2025__tRNA Processing (GO:0008033),0.32569497573931583,1.1586990235689063,0.21252796420581654,0.42681884076483795,1.0,15/35,30.95%,TRDMT1;SSB;FTSJ1;NSUN2;TSEN54;FARS2;KARS1;DTWD2;METTL6;FAM98A;FAM98B;THG1L;METTL1;ZBTB8OS;RTRAF
prerank,WikiPathways_2024_Human__Ectoderm Differentiation WP2858,-0.2885518923095672,-1.158388020053145,0.20725388601036268,0.4464738287067943,1.0,18/67,20.00%,MYORG;NLGN1;HDAC6;GATA6;CTBP1;ABCC4;GLB1;SOX2;PGM1;SIX6;VAX2;ARHGAP10;ARHGAP15;FZD5;C1GALT1;CAP2;NR2F2;SOCS2
prerank,GO_Biological_Process_2025__Regulation of Receptor-Mediated Endocytosis (GO:0048259),0.364847071523594,1.158109418052087,0.2638580931263858,0.42752016048984887,1.0,4/20,5.22%,LDLRAP1;BICD1;SNAP91;PICALM
prerank,Reactome_2022__Diseases Of Mitotic Cell Cycle R-HSA-9675126,-0.35305445760328025,-1.1574078320146706,0.2743682310469314,0.4480339037425103,1.0,12/25,25.76%,E2F2;CCND3;CCNE2;CCNE1;CCND1;CCND2;ANAPC7;RB1;ANAPC5;CDC23;SKP2;FZR1
prerank,WikiPathways_2024_Human__Vitamin B12 Metabolism WP1533,-0.36387540607746566,-1.1573555478700046,0.2865384615384615,0.4476661477555274,1.0,6/25,8.99%,SHMT2;SCARB1;HBB;HBA1;MTHFR;SOD1
prerank,GO_Biological_Process_2025__Negative Regulation of Protein Binding (GO:0032091),-0.363337273471382,-1.1571617408801955,0.24903474903474904,0.4475854979759907,1.0,12/24,25.88%,ITGA4;BAX;DNAJB2;PEX14;RACK1;CARD16;CARD18;ROCK1;ZFPM1;AURKA;LRPAP1;SYMPK
prerank,GO_Molecular_Function_2025__Growth Factor Receptor Binding (GO:0070851),-0.3527603047381474,-1.1569148111458734,0.2433392539964476,0.44761981340869206,1.0,11/27,19.33%,ITGA5;KLB;KL;SNX2;FRS2;FRS3;PSEN1;PYCARD;PLSCR1;NHERF1;GLMN
prerank,Reactome_2022__MAP2K And MAPK Activation R-HSA-5674135,-0.3915294314557734,-1.1558701874837432,0.273224043715847,0.44926427257147594,1.0,5/18,11.13%,ITGA2B;MAP2K1;MAP2K2;VCL;PEBP1
prerank,WikiPathways_2024_Human__Adipogenesis WP236,-0.2845382085811657,-1.1557096517666061,0.2235494880546075,0.4491229535011533,1.0,25/72,22.66%,GATA2;GATA3;SLC2A4;LPL;TWIST1;PCK1;PCK2;HIF1A;EPAS1;AGPAT2;TRIB3;SFRP4;WNT5B;WNT10B;STAT5B;STAT5A;STAT6;GTF3A;RXRG;RXRA;SOCS3;SOCS1;RBL1;RBL2;RB1
prerank,KEGG_2021_Human__Pathways of neurodegeneration,0.22096960250920106,1.155562921451502,0.09433962264150944,0.4320019642072208,1.0,86/295,21.76%,PRKCA;PRKCB;PRKCG;ATP2A2;ATP2A1;PPP3R1;ULK2;ULK1;GRIA2;GRIA1;GRIN2B;GRIN2A;GRIN2D;GRIA3;GRIN2C;GRIA4;COX7A1;COX7A2;COX7A2L;TUBA1C;TUBA1B;TUBA3E;TUBA1A;TUBA3C;TUBA3D;APP;ATG101;APC;APC2;TOMM40;TOMM40L;APAF1;DNAH9;DNAH8;ATP5PB;MAPK1;PPP3CB;PPP3CC;ATG14;ATP5F1A;SLC25A31;MAPK10;MAPK13;MAPK3;MAPK12;MAPK9;MAPK8;NDUFB5;GNAQ;DNAH7;NDUFA12;STX1A;DNAL1;ATP2A3;PLCB4;RB1CC1;ATP5PF;TARDBP;RAB1A;VDAC2;COX7C;COX5B;PLCB3;PLCB1;PLCB2;PLCG1;PIK3C3;NDUFS2;PIK3R4;TRAP1;NDUFS7;CALML4;CYCS;NDUFB11;EIF2S1;UQCRQ;DNALI1;HIP1;GRIN1;FZD7;FZD1;FZD10;FZD9;FZD2;FZD8;FZD3
prerank,GO_Biological_Process_2025__Regulation of Macroautophagy (GO:0016241),0.2698077427723112,1.155273389106404,0.19861431870669746,0.4321123476212363,1.0,22/79,19.17%,ATP6V1A;PRKCA;ATP13A2;ULK1;ATP6V0E1;ATP6V0E2;ATP6V1B2;SIRT1;ATP6V1E1;ATP6V1E2;ATG14;BNIP3;BNIP3L;SH3GLB1;MAPK8;ATP6V1H;SUPT5H;ATP6V1C1;ATP6V1C2;TBC1D25;PIK3C3;PIK3R4
prerank,Reactome_2022__Response To Elevated Platelet Cytosolic Ca2+ R-HSA-76005,-0.30693739485540505,-1.1546328276102213,0.21833333333333332,0.45086409326077276,1.0,16/54,14.08%,TMX3;CD36;ITGA2B;CD109;TOR4A;ABCC4;QSOX1;SCCPDH;CTSW;VCL;FERMT3;SOD1;TIMP3;SGPP2;ANXA5;HSPA5
prerank,GO_Biological_Process_2025__Cellular Response to Metal Ion (GO:0071248),0.3050163495023874,1.1541173538113996,0.2161520190023753,0.43391231930394286,1.0,17/44,20.68%,SLC12A2;HPCA;ATP13A2;MINDY4;DPEP1;KCNH1;SLC41A1;BNIP3;NEUROD2;ITPKC;ITPKA;ITPKB;MICU1;PLCG2;MICU3;MICU2;MPP2
prerank,GO_Biological_Process_2025__mRNA Transcription (GO:0009299),0.3283625698798072,1.1540829381576498,0.23529411764705882,0.43349718754212296,1.0,9/31,18.99%,TAF7;PPARG;RARA;THRA;NR1H3;VDR;NR1H2;TAF13;TAF3
prerank,GO_Biological_Process_2025__Negative Regulation of Intracellular Steroid Hormone Receptor Signaling Pathway (GO:0033144),0.3739971834569077,1.1540435151267017,0.24235294117647058,0.4330903624251431,1.0,8/19,21.69%,DAB2;SIRT1;CLOCK;ZNF366;VPS11;TCF21;ISL1;SFRP1
prerank,WikiPathways_2024_Human__Thyroid Hormones And Peripheral Downstream Signaling Effects WP4746,-0.3053197930122972,-1.1537615538359767,0.24734982332155478,0.4521782066259742,1.0,18/54,22.88%,TG;SLC16A10;SLC16A2;ITGAV;KLB;DUOXA2;MAP2K1;FRS2;SLCO1C1;PRKACA;AQP7;CASP9;WNT4;RPS6;RXRA;RPS6KA6;RPS6KB1;ITGB3
prerank,GO_Molecular_Function_2025__1-Acylglycerol-3-Phosphate O-acyltransferase Activity (GO:0003841),-0.41623301926687384,-1.1537240694594715,0.28776978417266186,0.4517613586210605,1.0,8/15,27.29%,AGPAT1;AGPAT2;MBOAT7;GPAT2;CRLS1;AGPAT4;AGPAT3;LPCAT3
prerank,GO_Biological_Process_2025__Modulation of Excitatory Postsynaptic Potential (GO:0098815),-0.3878869873883838,-1.1535674392443234,0.26881720430107525,0.45160830989487366,1.0,4/19,1.17%,NLGN1;NLGN3;NLGN4X;NLGN2
prerank,GO_Biological_Process_2025__Regulation of Calcium-Mediated Signaling (GO:0050848),0.4024794494133675,1.1535591604377609,0.2679738562091503,0.4335832006026064,1.0,7/15,22.58%,PRKCA;RIT2;SLA2;NEUROD2;PLCG2;NMUR2;NMUR1
prerank,KEGG_2021_Human__Chagas disease,0.29560166420609635,1.153554974395751,0.228287841191067,0.43311568021851343,1.0,18/50,17.67%,GNAO1;MAPK1;MAPK10;MAPK13;MAPK3;MAPK12;MAPK9;MAPK8;GNA14;GNAS;GNA15;GNAQ;GNAL;GNA11;PLCB4;PLCB3;PLCB1;PLCB2
prerank,GO_Molecular_Function_2025__Kinesin Binding (GO:0019894),0.38773497246850697,1.1534935930191386,0.2701525054466231,0.4327634332858616,1.0,4/17,10.62%,MAPK8IP1;MAPK8IP2;CLSTN1;TTBK2
prerank,GO_Biological_Process_2025__+ Reg of Transmembrane Receptor Prot Serine/Threonine Kinase Sgnlng Pway (GO:0090100),0.3099495748273881,1.1531756683046102,0.23787528868360278,0.4329641767775765,1.0,5/41,3.32%,DAB2;MEN1;KIAA0319;LRG1;ADISSP
prerank,KEGG_2021_Human__Legionellosis,-0.3223742685528146,-1.1531226014980467,0.25359712230215825,0.4520262244038799,1.0,17/37,26.25%,ITGAM;C3;VCP;MYD88;ITGB2;CASP1;CASP8;CASP9;PYCARD;CASP3;CASP7;SEC22B;HBS1L;NFKB2;NFKB1;RELA;HSF1
prerank,GO_Biological_Process_2025__Cellular Response to Heat (GO:0034605),-0.35967752143789977,-1.1526736965505295,0.2753623188405797,0.4524673607052989,1.0,8/26,20.20%,HDAC6;DNAJB1;VCP;BAG3;EEF1D;HSBP1L1;HSBP1;THBS1
prerank,Reactome_2022__Major Pathway Of rRNA Processing In Nucleolus And Cytosol R-HSA-6791226,0.239920788961409,1.1523760539371322,0.15288220551378445,0.43410468356098364,1.0,36/145,19.33%,DDX47;PES1;SNU13;WDR36;BOP1;UTP4;HEATR1;WDR12;FBL;RIOK2;PWP2;RCL1;DDX56;MTREX;RRP1B;PDCD11;FTSJ3;BYSL;NOL6;TBL3;UTP15;NOL9;RBM28;UTP20;NOP58;PNO1;RRP36;LTV1;RSL24D1;IMP4;NOB1;NOC4L;BMS1;UTP6;DDX52;DHX37
prerank,GO_Biological_Process_2025__Mitophagy (GO:0000423),-0.34112157165891804,-1.152143417928639,0.2402135231316726,0.4530626789152779,1.0,8/31,12.25%,HDAC6;NIPSNAP2;NIPSNAP1;ATG13;ATG4A;ATG4B;ATG9B;ATG9A
prerank,GO_Cellular_Component_2025__Sarcolemma (GO:0042383),-0.3388038210152825,-1.1511535292691304,0.27617328519855594,0.4546432546209321,1.0,9/30,13.74%,SLC2A5;SLC2A4;SLC2A1;PGM5;VCL;ITGB1;ANXA5;ANXA8L1;AQP4
prerank,GO_Biological_Process_2025__Regulation of Protein Localization to Nucleus (GO:1900180),0.32902630265707855,1.1509415661128004,0.2643171806167401,0.43658228418251444,1.0,6/30,9.62%,ATP13A2;YWHAZ;APP;CTNNA1;BYSL;PPP3CB
prerank,GO_Molecular_Function_2025__Sterol Transfer Activity (GO:0120015),-0.3835783244292119,-1.1509398014709875,0.2857142857142857,0.45459756066223217,1.0,7/19,20.67%,MTTP;NPC2;ABCG8;ABCG1;OSBPL9;STARD4;STARD5
prerank,GO_Molecular_Function_2025__Nuclear Thyroid Hormone Receptor Binding (GO:0046966),0.3746336505274097,1.1509095076600202,0.2623655913978495,0.4361678616682064,1.0,5/18,17.82%,TACC1;GTF2B;TAF7;NSD1;MED24
prerank,"KEGG_2021_Human__Parathyroid hormone synthesis, secretion and action",0.2746159133584242,1.1508527263218822,0.22871046228710462,0.43581054455954876,1.0,28/63,27.17%,PRKCA;PRKCB;PRKCG;ADCY3;MAPK1;PDE4B;MAPK3;GNAS;GNAQ;GNA13;GNA11;ARHGEF11;PLCB4;VDR;PLCB3;PLCB1;PLCB2;TRPV5;ARRB2;ARRB1;NR4A2;CREB3L2;ATF6B;CREB3L4;CREB3;CREB3L3;CREB1;CREB3L1
prerank,Reactome_2022__HSF1 Activation R-HSA-3371511,-0.3741134122073828,-1.1504289313153726,0.2536231884057971,0.4552040883015169,1.0,4/21,8.93%,HDAC6;DNAJB6;DNAJB1;VCP
prerank,GO_Biological_Process_2025__Positive Regulation of TORC1 Signaling (GO:1904263),-0.3254196424869535,-1.1477165715474353,0.24870466321243523,0.46028301478844313,1.0,13/36,27.45%,SEH1L;SLC38A9;SEC13;WDR24;LAMTOR5;OTUB1;RRAGC;RRAGD;RPS6KB1;LAMTOR4;TBK1;PIP4P1;WDR59
prerank,WikiPathways_2024_Human__G1 To S Cell Cycle Control WP45,-0.3105176135810963,-1.1476933822657487,0.24361158432708688,0.45983951252844946,1.0,19/46,26.53%,E2F2;POLA2;CCND3;CCNB1;CCNA1;CCNE2;CCNE1;CCND1;CCND2;CCNG2;RPA1;RB1;MCM4;MCM7;MCM2;MCM6;CDK1;PCNA;CCNH
prerank,GO_Biological_Process_2025__Positive Regulation of Protein Modification by Small Protein Conjugation or Removal (GO:1903322),0.2980850446821036,1.1470885858700026,0.25389755011135856,0.4428855514297174,1.0,28/47,38.26%,FBXO33;STUB1;FAM107A;HSPBP1;TBC1D7;NDFIP1;NDFIP2;DCUN1D3;BIRC2;XIAP;BIRC7;BIRC3;RASSF1;ZC3H12A;TRAF6;WFS1;GSK3B;GSK3A;LAPTM5;UBB;FBXW7;HUWE1;KDM1A;DCUN1D5;DCUN1D2;DCUN1D1;DCUN1D4;PINK1
prerank,GO_Biological_Process_2025__Positive Regulation of Response to Stimulus (GO:0048584),-0.33235883153017004,-1.1467376917534753,0.26970227670753066,0.46135094141757826,1.0,8/35,10.35%,AKR1C1;GATA3;PSMA7;UCHL5;EYA2;EYA1;EYA4;EYA3
prerank,GO_Molecular_Function_2025__Protein Kinase C Binding (GO:0005080),0.35808650289174165,1.1465885616192133,0.251685393258427,0.44336903402520794,1.0,7/22,9.28%,PKN1;PRKCB;YWHAG;GRK5;PICK1;IRS1;PKP2
prerank,GO_Biological_Process_2025__Positive Regulation of Apoptotic Signaling Pathway (GO:2001235),-0.35596474504746434,-1.1462825457496355,0.24319419237749546,0.4618167445108125,1.0,10/24,21.25%,BAX;BOK;AGXT;NUPR1;RACK1;BCAP31;PYCARD;WNT5A;NHERF1;TPD52L1
prerank,Reactome_2022__Signaling By MET R-HSA-6806834,0.3109244185129781,1.146275588296087,0.22167487684729065,0.44353361165653293,1.0,8/35,12.02%,SPINT1;SPINT2;SH3GL3;SH3GL2;EPS15;GRB2;SH3GL1;TNS4
prerank,GO_Biological_Process_2025__Regulation of Actin Nucleation (GO:0051125),-0.3859425087044067,-1.1458113564129786,0.295668549905838,0.4623579917210244,1.0,3/18,5.85%,VIL1;GSN;SCIN
prerank,GO_Biological_Process_2025__Response to Hydrogen Peroxide (GO:0042542),-0.3773214983249326,-1.1451909578686497,0.27155963302752295,0.46317581015052633,1.0,10/20,25.54%,HDAC6;HBB;HBA1;SOD1;RHOB;SETX;PPIF;PARK7;RELA;RPS3
prerank,Reactome_2022__Translation Initiation Complex Formation R-HSA-72649,-0.30750537870205136,-1.145074673731696,0.24521739130434783,0.4629375166527471,1.0,25/50,27.96%,RPS7;RPS28;RPS8;RPS16;RPS17;RPS24;RPS15;RPS6;RPS5;EIF3J;RPS14;EIF4H;RPS15A;EIF1AX;RPS29;RPS9;RPS11;EIF3F;RPS21;RPS3;EIF2S2;RPSA;FAU;RPS12;RPS25
prerank,Reactome_2022__Signaling By FGFR1 In Disease R-HSA-5655302,-0.41340091985320515,-1.1444234043369335,0.30401529636711283,0.4638110955472432,1.0,8/15,25.50%,FRS2;BAG4;CPSF6;LRRFIP1;STAT5B;STAT5A;GAB2;PIK3CA
prerank,GO_Biological_Process_2025__Membrane Organization (GO:0061024),0.2453452418373745,1.144384980666733,0.19402985074626866,0.4469605403621181,1.0,18/120,12.33%,SYNGR1;SYNGR2;PRKCI;NAPG;ATP2C1;GRIN3B;SYNJ1;OCRL;SYNJ2;PICALM;FNBP1L;PICK1;SPAST;EXOC5;SH3GLB2;SH3GLB1;SPTBN1;AZIN2
prerank,KEGG_2021_Human__Butanoate metabolism,-0.4046805417593671,-1.1442271462290277,0.28044280442804426,0.46374197191081445,1.0,10/16,18.31%,ACADS;ECHS1;L2HGDH;ACAT1;HMGCLL1;HMGCL;OXCT2;OXCT1;HADHA;ALDH5A1
prerank,GO_Biological_Process_2025__Negative Regulation of Response to Stimulus (GO:0048585),0.3584646352178811,1.1441880152941677,0.25943396226415094,0.44688147970250375,1.0,9/22,25.90%,AMBP;INPP5D;SIRT1;DDAH1;NR1H3;NR1H2;KLF7;KLF4;UBASH3B
prerank,GO_Biological_Process_2025__Regulation of Rho Protein Signal Transduction (GO:0035023),0.30580368901752236,1.1439151783884567,0.24561403508771928,0.4469361178932941,1.0,22/39,29.07%,STMN1;RIT2;ABRA;REPS1;PLXNB1;PDCD10;ARHGEF18;ARHGEF3;ARHGEF28;SYNPO2L;ARHGDIB;ARHGDIA;DOCK8;ARRB1;DOCK10;DOCK11;DOCK7;DOCK9;FXR1;KCTD13;TNFAIP1;KCTD10
prerank,Reactome_2022__Visual Phototransduction R-HSA-2187338,-0.29393157365491596,-1.1438383849943121,0.21180555555555555,0.4640189138614237,1.0,25/59,22.72%,AKR1B10;AKR1C4;AKR1C3;AKR1C1;CYP4V2;PNLIP;LPL;AWAT2;ABCA4;GRK4;GRK1;RDH8;GPC1;GPC6;GPC2;GPC4;LRP8;LRP2;LRP10;LRP12;PLB1;RPE65;BCO2;BCO1;MYO7A
prerank,GO_Biological_Process_2025__Positive Regulation of Cell Migration (GO:0030335),-0.26196483219783057,-1.1434094530447256,0.19516129032258064,0.4644044479625944,1.0,36/127,18.11%,SCARB1;HDAC6;GATA3;ITGAX;ITGA6;AGXT;PLAA;VIL1;SOX9;ARHGEF2;SPHK1;TWIST1;TWIST2;FERMT2;FERMT3;FERMT1;SMOX;HIF1A;RAB11A;ITGB1;RHOC;RHOB;ANXA3;PLPP3;HSPA5;RACK1;GFUS;CASP8;PIK3CG;PIK3CB;ROCK2;WNT5A;WNT5B;WASHC1;FAM89B;CDC42
prerank,GO_Biological_Process_2025__Regulation of Cellular Localization (GO:0060341),-0.3154145426720255,-1.1433835184743186,0.24772313296903462,0.463973602811597,1.0,16/42,22.88%,USP8;GSN;DNAJB6;DNAJB2;PLEKHM2;VPS4A;RACK1;FKBP1A;MMD2;MMD;PARD6A;PARD6B;PARD6G;RSL1D1;PPM1F;ITGB3
prerank,GO_Biological_Process_2025__Aortic Valve Morphogenesis (GO:0003180),-0.3944801106228106,-1.1432593036878955,0.3030852994555354,0.4637776542562847,1.0,6/17,16.38%,GATA3;SOX9;TWIST1;RHOA;ROCK1;ROCK2
prerank,GO_Molecular_Function_2025__Nuclear Estrogen Receptor Binding (GO:0030331),0.35508447848147495,1.1432498374930744,0.2951945080091533,0.44785035671386475,1.0,9/22,30.40%,TACC1;ZNF366;PPARGC1B;NSD1;DDX54;ISL1;DCAF1;NKX3-1;ESR1
prerank,WikiPathways_2024_Human__Spinal Cord Injury WP2431,-0.32691088809992674,-1.1431718193442741,0.26037735849056604,0.4634770702961321,1.0,16/37,20.57%,ROS1;C5;SOX9;RHOA;RHOC;RHOB;ANXA1;AQP1;AQP4;FKBP1A;CCND1;CCNG1;ROCK2;CDC42;ZFP36;CASP3
prerank,WikiPathways_2024_Human__Disruption Of Postsynaptic Signaling By CNV WP4875,-0.3797948432773608,-1.1429361139646093,0.2759226713532513,0.4634881397749406,1.0,4/20,1.17%,NLGN1;NLGN3;NLGN4X;NLGN2
prerank,Reactome_2022__SARS-CoV-2 Infection R-HSA-9694516,-0.24750195841994604,-1.1429355473898717,0.18335901386748846,0.46300622045328,1.0,64/170,28.19%,DDOST;SEH1L;CTSL;MOGAT2;MOGAT1;RPS7;STING1;VCP;RPS28;PRKCSH;RPN1;RPS8;RPN2;RPS16;FUT8;NUP85;TUSC3;MAGT1;SEC13;RPS17;RPS24;IKBKB;CHUK;GPC1;GPC6;GPC2;GPC4;SMN1;RPS15;ISCU;RPS6;RPS5;VPS33B;NUP210;NUP93;RPS14;NUP43;NDC1;NUP133;RPS15A;RPS29;TAB1;NUP205;RB1;SEC23A;RPS9;NUP50;RPS11;GEMIN2;CANX;CNBP;RPS21;RPS3;GPC5;GPC3;RPSA;IKBKE;TBK1;FAU;RPS12;DAD1;RPS25;IRAK1;IRAK2
prerank,WikiPathways_2024_Human__Androgen Receptor Signaling WP138,-0.31306530449043,-1.1425279963153874,0.25396825396825395,0.4634177568676421,1.0,19/45,28.10%,PRDX1;KAT5;TGFB1I1;RHOA;RHOB;RACK1;DSTN;CCNE1;CCND1;ROCK1;ROCK2;CDC42;NR2C2;ZNF318;RB1;PARK7;RELA;JUN;SMARCE1
prerank,"GO_Biological_Process_2025__Regulation of mRNA Splicing, via Spliceosome (GO:0048024)",0.27881049586490736,1.1424910958960552,0.22843822843822845,0.4489079756001026,1.0,13/63,13.86%,CELF6;CELF5;PTBP1;PCBP4;NOVA1;QKI;KHDRBS2;KHDRBS1;KHDRBS3;SRPK2;RBFOX3;RBFOX1;RBFOX2
prerank,Reactome_2022__Transport Of Mature mRNA Derived From An Intron-Containing Transcript R-HSA-159236,-0.2988930642677887,-1.1423525717902598,0.24593128390596744,0.46328277979345467,1.0,17/56,26.74%,SEH1L;NUP85;SEC13;SRSF2;THOC3;NUP210;NUP93;NUP43;NDC1;NUP133;NUP205;NUP50;SRSF4;DDX39A;SRRM1;UPF3B;DHX38
prerank,Reactome_2022__Phospholipid Metabolism R-HSA-1483257,-0.25288358788071363,-1.1422559851666336,0.19040247678018576,0.4630012204544057,1.0,46/137,20.99%,ACHE;PIP5K1A;DGAT1;LIPI;LIPH;PLA1A;PLA2G3;DGAT2;DGAT2L6;AWAT2;RUFY1;PLD4;PLD3;AGPAT1;AGPAT2;PRKCSH;HADHB;GPCPD1;MTMR14;PIK3CG;PIK3C2B;PIK3C2G;PIK3CB;PIK3C2A;HADHA;CHEK2;GPD1;GPD1L;MBOAT7;GPAM;GPAT2;CRLS1;CEPT1;CHPT1;MTMR7;MTMR1;MTMR2;MTM1;MTMR4;SBF2;MTMR3;MTMR9;SBF1;MTMR10;MTMR6;MTMR12
prerank,KEGG_2021_Human__Hepatitis B,0.2685464106300264,1.141390530078949,0.1820580474934037,0.45067114516520584,1.0,16/72,12.15%,PRKCA;PRKCB;PRKCG;YWHAQ;YWHAB;YWHAZ;APAF1;MAPK1;GRB2;SMAD4;MAPK10;MAPK13;MAPK3;MAPK12;MAPK9;MAPK8
prerank,GO_Biological_Process_2025__Glutamate Metabolic Process (GO:0006536),0.38960426503895396,1.1409477473082157,0.28665207877461707,0.4511275797151087,1.0,4/16,3.29%,GAD1;PRODH;GRID2;GRID1
prerank,GO_Molecular_Function_2025__Sequence-Specific DNA Binding (GO:0043565),0.21289483935917541,1.140810119459055,0.11818181818181818,0.4509069089651887,1.0,145/359,30.76%,NPAS2;ARNT2;KCNH8;MBNL2;DPEP3;DPEP2;SCRT1;SCRT2;POLR1B;CLOCK;BMAL1;SMG6;UPF2;SMAD4;PROX1;KMT2B;PPARGC1A;NEUROD2;OLIG2;NEUROG2;ATOH7;OLIG3;NEUROG1;BHLHE22;ATOH1;NEUROD1;BHLHE23;ONECUT2;ONECUT3;ONECUT1;ZNF385D;PPARG;RARB;RORB;PPARD;RORC;NR1D1;RARA;NR1D2;PPARA;RORA;NR1I2;TFAP4;SMG5;ETF1;KMT2A;POLRMT;TBX15;TBX2;TBX6;TBX19;TBX5;TBX20;TBXT;TBX1;TBX21;EOMES;TBX3;LIN28B;YBX1;YY1;SCX;TCF21;FIGLA;HAND2;NFAT5;PTF1A;ISL2;ISL1;FOXD2;MEIS2;TGIF2;TGIF1;PBX1;PKNOX2;PBX4;TGIF2LY;TGIF2LX;PKNOX1;MEIS3;NR4A2;NR4A1;CBFB;SP8;SP9;KLF6;KLF4;KLF16;KLF3;KLF5;KLF2;KLF13;KLF12;KDM5B;ATF6B;CREB3L4;CREM;CREB1;ATF6;CREB3L1;BHLHE40;HES2;HEY1;HES5;HEY2;HES7;HES6;BHLHE41;FOXB1;BPTF;NRL;MAFA;MAFB;MAFF;MAF;MAFK;MAFG;BHLHA15;NKX6-3;NKX3-1;NKX3-2;NKX6-2;NKX2-3;NKX2-5;NKX2-8;ZSCAN5A;PLAGL2;ZNF444;ZKSCAN2;ZNF174;ZSCAN1;ZNF274;OVOL2;ZSCAN29;NR3C2;ESRRB;NR3C1;ESR1;ESRRG;ESRRA;THAP1;FLII;FOXA2;ZNF597;ZNF423
prerank,GO_Biological_Process_2025__Positive Regulation of Tumor Necrosis Factor Production (GO:0032760),-0.36761575529156776,-1.1401932616256985,0.29908256880733947,0.4662381550900831,1.0,9/22,20.20%,LPL;ARHGEF2;SPHK2;TWIST1;PSEN1;PYCARD;FZD5;WNT5A;THBS1
prerank,GO_Biological_Process_2025__Positive Regulation of Tumor Necrosis Factor Superfamily Cytokine Production (GO:1903557),-0.36761575529156776,-1.1401932616256985,0.29908256880733947,0.4662381550900831,1.0,9/22,20.20%,LPL;ARHGEF2;SPHK2;TWIST1;PSEN1;PYCARD;FZD5;WNT5A;THBS1
prerank,Reactome_2022__RAF Activation R-HSA-5673000,-0.3893292524692903,-1.1398482754482895,0.3016453382084095,0.4664818437044515,1.0,4/17,6.97%,MAP2K1;MAP2K2;PPP2R5C;PPP2R5D
prerank,GO_Biological_Process_2025__Macroautophagy (GO:0016236),-0.2569120144756709,-1.1398140550420124,0.20525451559934318,0.4660781327358713,1.0,28/114,20.93%,PLAA;NIPSNAP2;NIPSNAP1;ACBD5;CLN3;ATG13;ATG3;ATG4A;ATG4B;STING1;VCP;UFC1;ZFYVE1;ZFYVE26;VPS4A;ATG9B;ATG9A;TOM1;MTMR14;PGAM5;SPG11;SQSTM1;VPS33B;STAM2;STAM;ATG16L2;ATG16L1;MTMR3
prerank,KEGG_2021_Human__Melanoma,-0.3455307202023771,-1.1395944854477624,0.27124773960216997,0.4660536269494927,1.0,9/27,16.05%,BAX;BAK1;HGF;MAP2K1;MAP2K2;E2F2;PIK3CD;PIK3CB;CCND1
prerank,WikiPathways_2024_Human__Ovarian Infertility WP34,0.36302285045398247,1.139444533099989,0.26371308016877637,0.45323030744233256,1.0,11/20,30.38%,FSHR;LHCGR;DAZL;VDR;FIGLA;TSC1;MTOR;CREB1;FMR1;PGR;ESR2
prerank,Reactome_2022__Synthesis Of Substrates In N-glycan Biosythesis R-HSA-446219,-0.3365568147654192,-1.1394107621221554,0.2753623188405797,0.4659730364918105,1.0,14/29,26.70%,GLB1;GNPNAT1;DHDDS;NAGK;GFUS;SLC35A1;PMM1;PMM2;SLC35C1;GMDS;NANP;DPM3;GMPPB;NUS1
prerank,GO_Biological_Process_2025__Cellular Component Disassembly (GO:0022411),-0.3875566958682246,-1.139356373736215,0.30174081237911027,0.4656206373260786,1.0,3/18,5.83%,TPSAB1;CTSV;GSN
prerank,GO_Biological_Process_2025__Mitotic Nuclear Division (GO:0140014),0.3674466551449519,1.1382504242817775,0.2603036876355748,0.4552186123176566,1.0,11/19,36.02%,SPAST;TUBG1;KIF3B;UBE2C;UBE2S;NDE1;PPP1CC;WAPL;CLASP2;CHMP2A;CTDP1
prerank,GO_Biological_Process_2025__Regulation of Cell Migration (GO:0030334),0.2347021774477419,1.138178832659126,0.1792717086834734,0.4548679007380975,1.0,43/166,19.02%,PKN1;PRKCA;DAB2;SH3RF2;RTN4;LGR6;EGF;LDLRAD4;DPEP1;CTNNA2;PLXNB2;PLXNB1;PLXNB3;PLXND1;PLXNC1;NF1;FAM107A;CLSTN1;PHACTR1;SMAD7;OGT;ADAM17;TTBK2;TPM1;NUMB;PDCD10;FSHB;GTPBP4;STX4;NKD1;SYNPO2;RORA;MAPK15;EZH2;PTEN;PDGFB;PDGFA;FUZ;RICTOR;TBX5;ADAM10;SDCBP;DACH1
prerank,GO_Biological_Process_2025__Microautophagy (GO:0016237),-0.3926603980762702,-1.1375488929120174,0.31053604436229204,0.46887101890671734,1.0,6/17,12.25%,ATG13;ATG4A;ATG4B;VPS4A;ATG9B;ATG9A
prerank,GO_Biological_Process_2025__Cellular Response to Tumor Necrosis Factor (GO:0071356),-0.33215609472377294,-1.1375118943197546,0.25892857142857145,0.46846226237687977,1.0,19/35,32.91%,GATA3;CHI3L1;GBA1;ARHGEF2;LIMS1;BAG4;IKBKB;CHUK;PYCARD;ZFP36;CACTIN;RELA;RPS3;TXNDC17;TP53;ATL1;GBP2;GBP1;EIF5AL1
prerank,WikiPathways_2024_Human__TGF Beta Receptor Signaling In Skeletal Dysplasias WP4816,0.3510890701967414,1.1371884068538087,0.2579185520361991,0.45591004371252364,1.0,5/22,12.14%,EGF;SMAD7;SMAD4;MAPK3;MAPK9
prerank,WikiPathways_2024_Human__TGF Beta Receptor Signaling WP560,0.3510890701967414,1.1371884068538087,0.2579185520361991,0.45591004371252364,1.0,5/22,12.14%,EGF;SMAD7;SMAD4;MAPK3;MAPK9
prerank,GO_Biological_Process_2025__Telomere Maintenance via Telomerase (GO:0007004),0.39503574097761524,1.136802810591397,0.2853881278538813,0.4557374104051317,1.0,4/15,17.19%,GAR1;POLR1A;DKC1;NHP2
prerank,GO_Biological_Process_2025__RNA-templated DNA Biosynthetic Process (GO:0006278),0.39503574097761524,1.136802810591397,0.2853881278538813,0.4557374104051317,1.0,4/15,17.19%,GAR1;POLR1A;DKC1;NHP2
prerank,GO_Biological_Process_2025__Positive Regulation of MAP Kinase Activity (GO:0043406),0.39090590711988504,1.136759304203477,0.3114406779661017,0.45533534427726585,1.0,6/16,17.53%,PKN1;DIRAS2;PDCD10;EZH2;PDGFB;PDGFA
prerank,WikiPathways_2024_Human__22Q11 2 Copy Number Variation Syndrome WP4657,0.27845343260072136,1.1363012452627916,0.23873873873873874,0.45580825818654025,1.0,19/59,22.53%,PRODH;RTN4;GLUD1;BMAL1;PPP1CB;RANBP1;ALDH4A1;CDC45;LZTR1;PI4KA;RORC;KPNB1;TBX1;DROSHA;HAND2;NPRL3;XPO1;SNAP29;ESS2
prerank,WikiPathways_2024_Human__Neural Crest Differentiation WP2064,-0.31079388166782257,-1.1362256292161979,0.2646048109965636,0.4707004755476509,1.0,11/43,17.85%,HDAC6;CTBP2;SOX10;SOX9;SOX5;TWIST1;ITGB1;RHOB;WNT8A;WNT3A;HDAC2
prerank,WikiPathways_2024_Human__Apoptosis Related Network Due To Altered Notch3 Ovarian Cancer WP2864,0.3493494477795619,1.1349979749921055,0.2785388127853881,0.45806597253412457,1.0,6/24,8.82%,PKN1;APP;CTNNA1;MAPK1;SMAD7;SERBP1
prerank,GO_Biological_Process_2025__Regulation of Protein Localization (GO:0032880),-0.2886826341327662,-1.1344412855349235,0.2739495798319328,0.47410220791881846,1.0,18/61,18.02%,KCNAB2;USP8;TOR1A;ABCA2;DNAJB6;DNAJB2;VCP;PLEKHM2;VPS4A;RAB11A;CTSD;RACK1;FKBP1A;GPC1;GPC2;MMD2;MMD;PTGES2
prerank,"GO_Biological_Process_2025__Nuclear-Transcribed mRNA Catabolic Process, Deadenylation-Dependent Decay (GO:0000288)",0.3307392187300506,1.1341352129225672,0.273972602739726,0.4593451962774627,1.0,11/26,28.00%,CNOT3;CNOT6L;CNOT6;NT5C3B;DCPS;PATL2;PATL1;CNOT7;CNOT8;CNOT4;PDE12
prerank,GO_Biological_Process_2025__Axonal Transport (GO:0098930),0.3411521150972676,1.133833607572643,0.2894736842105263,0.4595346152265346,1.0,6/23,14.80%,PAFAH1B1;KIF3A;SPAST;DYNC1H1;KIF3B;BLOC1S1
prerank,WikiPathways_2024_Human__N Glycan Biosynthesis WP5153,-0.2975720127840807,-1.133822268332362,0.26678765880217786,0.47488136451295804,1.0,9/49,13.96%,GPI;DDOST;MPI;STT3B;RPN1;RPN2;FUT8;TUSC3;MPDU1
prerank,WikiPathways_2024_Human__VEGFA VEGFR2 Signaling WP3888,-0.23622398940212652,-1.1337682260767437,0.17784711388455537,0.4745247766525746,1.0,82/237,26.06%,P4HB;PNP;CLIC1;GATA2;ITGAV;PRDX2;PRDX6;PGD;PSMD11;SLC2A14;KL;ACACB;HBD;MAP2K1;MAP2K2;MYO6;PGK1;RCN1;PDIA6;SDF2L1;VCL;SLC25A11;SSR3;SLC7A1;FRS2;DOK1;RPL26;GRSF1;LARP7;PXN;RAB11A;DNAJB4;ITGB1;RPLP2;RHOA;RHOC;TRPC1;TXNDC5;ANXA1;RPL7;ACOT9;RACK1;GPC1;PSMD4;CFL1;GIPC1;CCND1;ROCK1;ROCK2;LRRFIP2;TBCA;RPS6;SSR4;CDC42;STAT6;KANK1;STAM;WASF1;OCLN;TRIP4;ASCC3;EPB41;RPS6KA5;RPS6KB1;RPL13A;ITGB5;ITGB3;RPL18A;CAPZB;EEA1;FSCN1;RPS11;SARS1;EIF3F;GAB1;PLOD3;NFKB1;RELA;EZR;PIK3CA;ACP1;RAPGEF1
prerank,Reactome_2022__NoRC Negatively Regulates rRNA Expression R-HSA-427413,0.3176719660624597,1.133008813430231,0.2930232558139535,0.4608107591799914,1.0,8/34,14.26%,POLR2K;DPEP2;POLR1B;POLR1A;POLR1D;POLR1E;H2AZ1;H2AZ2
prerank,GO_Molecular_Function_2025__Double-Stranded DNA Binding (GO:0003690),0.21560830840078843,1.1326457652617483,0.12654320987654322,0.4610743496245512,1.0,131/319,30.83%,MEN1;NPAS2;ARNT2;KCNH8;MBNL2;SCRT1;SCRT2;CLOCK;BMAL1;PROX1;PURA;NEUROD2;OLIG2;NEUROG2;ATOH7;OLIG3;NEUROG1;BHLHE22;ATOH1;NEUROD1;BHLHE23;HMGB3;ONECUT2;ONECUT3;ONECUT1;ZNF385D;PPARG;RARB;RORB;PPARD;RORC;NR1D1;RARA;NR1D2;NR1I2;TFAP4;TARDBP;TBX15;TBX2;TBX6;TBX19;TBX20;TBXT;TBX1;TBX21;EOMES;TBX3;LIN28B;YBX1;YY1;TCF21;FIGLA;HAND2;NFAT5;PTF1A;ISL2;ISL1;NTHL1;FOXD2;MEIS2;TGIF2;TGIF1;PBX1;PKNOX2;TGIF2LY;TGIF2LX;PKNOX1;MEIS3;NR4A2;NR4A1;SMC3;MSH6;SP8;SP9;KLF6;KLF4;KLF16;KLF3;KLF5;KLF2;KLF13;KLF12;KDM5B;ATF6B;CREB3L4;CREM;CREB1;ATF6;CREB3L1;BHLHE40;HES2;HEY1;HES5;HEY2;HES7;HES6;BHLHE41;FOXB1;NRL;MAFA;MAFF;MAF;MAFG;BHLHA15;NKX6-3;NKX3-1;NKX3-2;NKX6-2;NKX2-3;NKX2-5;NKX2-8;ZSCAN5A;ZNF444;ZKSCAN2;ZNF174;ZSCAN1;ZNF274;OVOL2;ZSCAN29;MSH2;MRE11;NR3C2;ESRRB;NR3C1;ESR1;ESRRG;ESRRA;FLII;FOXA2;ZNF597;ZNF445
prerank,GO_Biological_Process_2025__Antimicrobial Humoral Response (GO:0019730),-0.3621939752518925,-1.1324592872333288,0.2702205882352941,0.47682275036982524,1.0,6/22,11.89%,TOR2A;PGLYRP1;PGLYRP4;PGLYRP3;LYZ;RPL30
prerank,GO_Biological_Process_2025__Sensory Perception of Mechanical Stimulus (GO:0050954),-0.3122263305392611,-1.1322805267232747,0.2622673434856176,0.4767235264668462,1.0,14/42,20.39%,ALDH7A1;CLIC5;EPS8L2;SOD1;EYA1;MYO7B;ESPNL;USH1G;CRYM;WDR1;LHFPL5;LHFPL3;LRP2;MARVELD2
prerank,GO_Biological_Process_2025__Mitotic G2 DNA Damage Checkpoint Signaling (GO:0007095),-0.40696783346834925,-1.1322053658109683,0.3193430656934307,0.4764096706410521,1.0,7/15,32.40%,CLSPN;PLK1;CDK1;ZNF367;FZR1;CDK5RAP3;DTL
prerank,KEGG_2021_Human__HIF-1 signaling pathway,0.29043868618842444,1.1317019580821555,0.2422907488986784,0.4625731094584287,1.0,9/51,6.41%,PRKCA;PRKCB;PRKCG;EIF4E1B;EIF4E;EIF4E2;EGF;EIF4EBP1;ARNT
prerank,GO_Biological_Process_2025__Cellular Response to Alcohol (GO:0097306),-0.3331269982476722,-1.1315076351578943,0.2643884892086331,0.47735454677440337,1.0,6/33,10.09%,AKR1C3;AKR1C2;CES1;CFTR;SPHK2;SMOX
prerank,GO_Biological_Process_2025__Regulation of Intracellular Transport (GO:0032386),0.3297127638532942,1.1313089876415479,0.2743764172335601,0.46285564465838974,1.0,9/29,15.24%,MX2;TMEM53;ATP13A2;INPP5F;WWC1;MAPK1;MAPK3;DYNC1H1;NUP214
prerank,GO_Biological_Process_2025__Positive Regulation of Canonical Wnt Signaling Pathway (GO:0090263),0.2842545045704975,1.1305324973414472,0.24622030237580994,0.46395808056342147,1.0,21/51,25.32%,LGR5;LGR4;LGR6;EGF;UBE2B;BMAL1;TMEM198;JUP;RNF146;UBR5;TNKS2;TNKS;WNK2;SFRP2;SFRP1;FZD9;XIAP;CSNK1D;CSNK1E;TBL1XR1;TBL1X
prerank,GO_Biological_Process_2025__Mitochondrial Membrane Organization (GO:0007006),-0.3719822416435209,-1.129738497170318,0.29541284403669726,0.48065954681719425,1.0,8/21,23.93%,BAK1;HSPA9;DNAJC11;CIBAR1;GHITM;SPG7;PPIF;LETM1
prerank,Reactome_2022__COPI-mediated Anterograde Transport R-HSA-6807878,0.27502788782514725,1.1295262541515803,0.23024830699774265,0.46562435257141416,1.0,5/61,3.09%,NSF;ANK1;NAPG;DYNLL1;DYNLL2
prerank,GO_Biological_Process_2025__Mitotic Spindle Organization (GO:0007052),0.29613702679901066,1.129086751798737,0.29694323144104806,0.4660234648841515,1.0,15/40,24.01%,STMN1;PMEPA1;CCDC66;SPAST;INTS13;TUBG1;DYNC1H1;CKAP5;KIF3B;RMDN1;KPNB1;TNKS;BIRC5;SMC3;SBDS
prerank,GO_Biological_Process_2025__Blood Vessel Morphogenesis (GO:0048514),0.387439184797727,1.128719350316032,0.31063829787234043,0.4662669020867091,1.0,5/16,9.36%,TNNI3;NF1;EFNB2;SMAD7;PROX1
prerank,WikiPathways_2024_Human__Mitochondrial Immune Response To SARS CoV 2 WP5038,-0.3906836092498754,-1.1286865944409898,0.3007380073800738,0.4824336344571428,1.0,8/17,30.20%,CTSL;STING1;CGAS;NFKB2;NFKB1;IKBKE;TBK1;PHB2
prerank,KEGG_2021_Human__Amyotrophic lateral sclerosis,-0.2329524271665931,-1.1286094276588943,0.1638846737481032,0.48210324858318987,1.0,53/236,16.69%,PSMD14;PSMD2;HDAC6;PSMA1;PSMD1;SEH1L;BAX;PSMD11;PSMA4;PSMC4;PSMB1;PSMB4;PSMC3;PSMC1;ATG13;PSMA7;PSMA8;PSMB6;PSMB5;PSMB7;PSMB2;PSMB3;RAE1;PSMC6;ADRM1;PSMC5;PSMA3;VCP;SOD1;PSMA2;PSMD7;NUP85;PSMD8;SEC13;ANXA7;ANXA11;UBQLN2;UBQLN4;UBQLN3;PSMA5;HSPA5;UQCRH;UQCRHL;SETX;CASP1;CASP12;CASP9;PSMD9;PSMD4;PSMC2;SPG11;PSMD6;PFN4
prerank,GO_Biological_Process_2025__intra-Golgi Vesicle-Mediated Transport (GO:0006891),0.3304967728879164,1.1285073750575145,0.2597402597402597,0.46623944639767456,1.0,4/26,12.27%,NSF;NAPG;TRAPPC10;COG7
prerank,GO_Biological_Process_2025__Aminoglycan Biosynthetic Process (GO:0006023),0.3451135100115905,1.1283769377952797,0.3031674208144796,0.4660068219098287,1.0,5/22,11.99%,EXT2;B3GNT6;HS3ST3B1;HS3ST2;HS3ST3A1
prerank,GO_Biological_Process_2025__Protein Autophosphorylation (GO:0046777),0.2838854322035984,1.128062547114885,0.2529002320185615,0.4661894207776517,1.0,10/51,16.13%,PKN1;PKN2;ULK2;ULK1;GRK5;RIOK2;MAPK3;MUSK;MAPK15;STK39
prerank,GO_Biological_Process_2025__Heterochromatin Formation (GO:0031507),0.3189462587978028,1.1279319068960674,0.271523178807947,0.4659385045722591,1.0,12/30,26.22%,SIRT1;H2AZ1;H2AZ2;SMARCA1;EZH2;KMT2D;EZH1;UBR5;UBR2;SIRT2;BAZ2A;CBX1
prerank,GO_Biological_Process_2025__Fat Cell Differentiation (GO:0045444),-0.32684469522257303,-1.1276881025437273,0.2820976491862568,0.4834843863118142,1.0,10/33,17.51%,PER2;GATA2;CTBP2;CTBP1;PSMB8;SOX8;SLC39A13;TMEM120B;TMEM120A;WNT5B
prerank,GO_Biological_Process_2025__Actin Filament Organization (GO:0007015),0.25884814087381885,1.126616389554376,0.21921182266009853,0.46816190742414715,1.0,31/83,21.43%,NOL6;INPPL1;PROX1;ENAH;EVL;TPM3;TPM4;TPM1;TPM2;MAD2L2;CNN2;TAGLN3;TAGLN2;CNN1;TMOD1;LMOD3;TMOD2;TMOD3;LMOD1;TMOD4;SAMD14;PPP1R9B;PPP1R9A;FAT1;TRPV4;TRPV3;GAS2L1;PLS1;PLS3;HIP1R;HIP1
prerank,GO_Biological_Process_2025__Mitotic Cell Cycle Phase Transition (GO:0044772),-0.27744761208539565,-1.1265009714219274,0.2306368330464716,0.4855916398651476,1.0,35/77,26.61%,BCAT1;PLK1;CCNI2;CCND3;CCNB1;CCNO;CCNA1;CCNA2;CCNJL;CCNE2;CCNJ;CCNE1;CCND1;CCNI;CCNP;CCND2;CCNG1;CCNF;CCNG2;CCNB2;CHEK2;ZNF324;TPD52L1;LATS1;RPS6KB1;PPP2R2D;CUL5;CUL4B;AURKA;CDK1;CDC23;CCNY;FBXL7;FBXL15;ACVR1B
prerank,Reactome_2022__Cyclin A/B1/B2 Associated Events During G2/M Transition R-HSA-69273,-0.38279551464925565,-1.126388119167297,0.3113879003558719,0.48532341170365145,1.0,10/20,27.15%,PLK1;CCNB1;CCNA1;CCNA2;CCNB2;PPP2R2A;CDK1;CCNH;PPP2CB;PPP2CA
prerank,GO_Biological_Process_2025__Regulation of Cell-Matrix Adhesion (GO:0001952),-0.34790134387904176,-1.125798478844127,0.29366602687140114,0.486102809270139,1.0,9/27,20.20%,CD36;NEXMIF;VCL;RHOA;PIK3CB;ROCK1;ROCK2;MINK1;THBS1
prerank,GO_Biological_Process_2025__Lipid Droplet Organization (GO:0034389),0.3436146709143073,1.125604143866412,0.26593406593406593,0.4697628573236011,1.0,4/23,3.56%,CDS2;CIDEC;CIDEB;CIDEA
prerank,GO_Biological_Process_2025__Regulation of Defense Response (GO:0031347),-0.32716035499332996,-1.1255508215740493,0.2931937172774869,0.48613648421217603,1.0,16/33,25.68%,GATA6;MYD88;ANXA1;CASP1;CASP8;PYCARD;CASP4;WNT5A;LETMD1;GGT1;LRP8;PARK7;CELF1;PTGES;RELA;FBXL2
prerank,Reactome_2022__Defective TPR May Confer Susceptibility Towards Thyroid Papillary Carcinoma (TPC) R-HSA-5619107,-0.34273718687625676,-1.124891243060417,0.289568345323741,0.48703447396463057,1.0,10/27,23.52%,SEH1L;NUP85;SEC13;NUP210;NUP93;NUP43;NDC1;NUP133;NUP205;NUP50
prerank,WikiPathways_2024_Human__Polycystic Kidney Disease Pathway WP2571,-0.28650961498688776,-1.1247581915652167,0.25838926174496646,0.4868162350675166,1.0,22/59,17.58%,CFTR;MAP2K2;PRKACG;IKBKB;CCND1;SFRP4;FZD5;WNT9B;WNT7A;WNT8B;WNT8A;WNT7B;WNT5A;WNT2B;WNT4;WNT5B;WNT11;WNT3A;WNT10A;WNT2;WNT9A;WNT10B
prerank,GO_Biological_Process_2025__Regulation of Proteasomal Protein Catabolic Process (GO:0061136),-0.31840417593683934,-1.124170574796995,0.2786885245901639,0.48760377782484216,1.0,12/38,19.33%,PSMD14;PSMC3;PSMC6;PSMC5;UCHL5;NUPR1;OPHN1;UBQLN4;PSMC2;GNA12;USP14;GLMN
prerank,KEGG_2021_Human__Kaposi sarcoma-associated herpesvirus infection,0.258307619346191,1.1241526364838283,0.24754901960784315,0.4723718462542626,1.0,17/86,12.67%,GNGT2;GNGT1;GNG5;GNG11;GNG10;PPP3R1;MAPK1;PPP3CB;PPP3CC;ATG14;MAPK10;MAPK13;MAPK3;MAPK12;MAPK9;MAPK8;GNB5
prerank,GO_Biological_Process_2025__Chordate Embryonic Development (GO:0043009),-0.3226695534624385,-1.1235158428455498,0.2990990990990991,0.4885807249359097,1.0,10/37,17.52%,ALDH1A2;GATA3;SOX8;SULF2;SULF1;SIX4;FUT8;WNT7B;WNT5A;WNT11
prerank,WikiPathways_2024_Human__Ciliopathies WP4803,0.24836816874758302,1.1234422493058196,0.2144638403990025,0.4733848820018352,1.0,41/93,35.73%,CNGB1;CNGA1;OCRL;DYNC2H1;TTBK2;CCDC40;DNAAF6;CILK1;TMEM67;PDE6D;DNAL1;IFT140;ZMYND10;PIK3R4;BBS5;ARL6;DNAAF3;AK7;RSPH9;TMEM138;ODAD4;RSPH1;CFAP410;DNAAF5;IFT52;IFT172;CEP104;ZNF423;TULP1;RSPH4A;DNAI1;DNAI2;IFT57;CEP164;WDR19;TMEM216;TMEM17;TOPORS;DNAH6;CEP78;WDR35
prerank,GO_Biological_Process_2025__Response to Cytokine (GO:0034097),-0.29362848491410454,-1.1231492668853171,0.2607204116638079,0.4888600468390996,1.0,25/52,28.41%,SHMT2;ALDH1A2;DDOST;MCL1;CHI3L1;SPHK1;TIMP3;TIMP2;TMEM102;MYD88;RHOA;CASP8;PLSCR1;SMPD1;CASP3;DNAJA3;NUB1;REL;RELB;RELA;IKBKE;IRAK1;IRAK3;IRAK2;ASAH2
prerank,WikiPathways_2024_Human__Thyroxine Thyroid Hormone Production WP1981,0.39027097173528275,1.1225358946131798,0.2966101694915254,0.4748161413945884,1.0,5/15,12.10%,PRKCA;SLC5A5;TSHR;MAPK1;MAPK3
prerank,KEGG_2021_Human__Platelet activation,0.2699165465310708,1.1208803804946448,0.26139088729016785,0.47784096895329975,1.0,18/58,17.72%,PRKCZ;PRKCI;ADCY3;PPP1CB;GUCY1B1;MAPK1;MAPK13;MAPK3;MAPK12;GNAS;GNAQ;GNA13;ARHGEF12;PLCB4;PLCB3;PLCB1;PLCB2;PLCG2
prerank,GO_Biological_Process_2025__Regulation of RNA Splicing (GO:0043484),0.26548929499345597,1.1207649698252422,0.2565789473684211,0.4775669034593865,1.0,14/71,12.79%,MBNL1;MBNL3;MBNL2;SLC38A2;PTBP3;PTBP1;PTBP2;SF3B3;QKI;KHDRBS1;RRP1B;HABP4;SRPK2;HNRNPLL
prerank,GO_Biological_Process_2025__Post-Transcriptional Regulation of Gene Expression (GO:0010608),0.3038009554775771,1.1204521074469902,0.2695035460992908,0.47772760689102794,1.0,12/37,19.15%,EIF4E;GCN1;APP;PKP3;ATG14;PUM1;PUM2;MSI2;ZNF385A;PUM3;NAT10;GIGYF2
prerank,"GO_Biological_Process_2025__Mitochondrial Electron Transport, NADH to Ubiquinone (GO:0006120)",0.32771983715395064,1.1191287974285034,0.3203463203463203,0.4801150173695678,1.0,16/26,44.74%,NDUFB5;NDUFS2;NDUFS7;NDUFS8;NDUFA10;NDUFA8;NDUFA6;NDUFAB1;NDUFB3;NDUFS6;NDUFV1;NDUFB7;NDUFB10;NDUFB4;NDUFB9;NDUFA2
prerank,GO_Biological_Process_2025__Positive Regulation of Intrinsic Apoptotic Signaling Pathway (GO:2001244),-0.3673405631995861,-1.1191196458066932,0.3132969034608379,0.4972101020516295,1.0,7/20,18.72%,BOK;RPS7;NUPR1;SOD1;RACK1;BCAP31;NHERF1
prerank,GO_Biological_Process_2025__Erythrocyte Differentiation (GO:0030218),-0.3372576531829202,-1.118793142249645,0.2916666666666667,0.4974227723394303,1.0,10/29,26.92%,GATA1;HSPA9;ATP5IF1;RPS14;CASP3;ZFPM1;RACGAP1;IKZF1;FLVCR1;CDK5RAP3
prerank,GO_Biological_Process_2025__Positive Regulation of Protein-Containing Complex Assembly (GO:0031334),-0.3059478933002595,-1.1187520928140282,0.26791808873720135,0.4970088137225346,1.0,11/48,14.34%,CD36;HDAC6;BAX;BAK1;PSMC6;FERMT2;FERMT1;VCP;MYD88;RHOC;RACK1
prerank,GO_Cellular_Component_2025__U5 snRNP (GO:0005682),0.3760849703060758,1.1178987901350212,0.32142857142857145,0.48229713248279493,1.0,16/16,62.46%,SNRNP200;TXNL4A;TXNL4B;SNRPD2;SNRPD3;TSSC4;SNRNP40;SNRPG;SNRPF;PRPF18;PRPF6;SNRPE;SNRPB;CD2BP2;PRPF8;DDX23
prerank,KEGG_2021_Human__Systemic lupus erythematosus,-0.38576479651768886,-1.1175251882269774,0.31444241316270566,0.49915889427389204,1.0,4/17,3.94%,C3;C5;C4B;C4A
prerank,GO_Molecular_Function_2025__GTPase Regulator Activity (GO:0030695),0.2231695921115127,1.1173752080910777,0.20402298850574713,0.48294578964372864,1.0,57/201,21.50%,TBC1D16;RGS9BP;EGF;CPEB2;ARHGAP39;OCRL;REPS1;ITSN1;PLXNB1;IPO5;NF1;FAM13B;FAM13A;RANBP1;EIF2B3;SIPA1L3;RAP1GAP2;SIPA1L1;SIPA1L2;SIPA1;RAP1GAP;MADD;GNB5;GNAQ;GNA13;TBC1D7;ARHGEF11;ARHGEF12;ARHGEF18;ARHGEF3;ARHGEF28;PDE6D;RCC1L;RIC1;DENND6B;DENND6A;PLCD4;PLCB1;PLCG1;PLCE1;TBC1D25;CCDC88C;CCDC88A;GAPVD1;DOCK4;DOCK8;DOCK5;LARS1;IQSEC2;CYTH3;ARFGEF2;CYTH2;ARFGEF1;TBC1D20;IPO7;STXBP5;STXBP5L
prerank,KEGG_2021_Human__Ether lipid metabolism,-0.3577084047406593,-1.1173431737828898,0.3052434456928839,0.49904105366788054,1.0,10/24,22.14%,UGT8;PLA2G3;PLD4;PLD3;PLPP2;PLPP3;PLPP1;CEPT1;CHPT1;PLB1
prerank,KEGG_2021_Human__Huntington disease,0.2234894945914387,1.1169910722913912,0.16521739130434782,0.4833083234579168,1.0,81/210,28.40%,ULK2;ULK1;GRIA2;GRIA1;GRIN2B;GRIA3;GRIA4;COX7A1;COX7A2;COX7A2L;TUBA1C;TUBA1B;TUBA3E;TUBA1A;TUBA3C;TUBA3D;POLR2K;AP2A2;AP2A1;ATG101;APAF1;DNAH9;RCOR1;DNAH8;ATP5PB;ATG14;PPARGC1A;ATP5F1A;SLC25A31;MAPK10;MAPK9;MAPK8;NDUFB5;GNAQ;DNAH7;NDUFA12;STX1A;DNAL1;PLCB4;RB1CC1;PPARG;ATP5PF;VDAC2;AP2S1;COX7C;COX5B;PLCB3;PLCB1;PLCB2;PIK3C3;NDUFS2;PIK3R4;NDUFS7;CYCS;NDUFB11;UQCRQ;DNALI1;HIP1;GRIN1;HAP1;COX6B2;NDUFS8;DNAL4;ATP5PD;NDUFA10;NDUFA13;MTOR;DNAH3;SDHA;CREB3L2;CREB3L4;CREB3;CREB3L3;CREB1;CREB3L1;NDUFA8;NRBF2;DCTN6;SDHC;NRF1;TUBB4B
prerank,WikiPathways_2024_Human__Th17 Cell Differentiation Pathway WP5130,-0.3345827382352104,-1.1168145308225976,0.2892857142857143,0.4996738999533237,1.0,10/29,20.01%,PER1;NFIL3;GATA3;RUNX1;HIF1A;IKBKB;STAT5A;STAT6;RXRA;SOCS3
prerank,Reactome_2022__Complex I Biogenesis R-HSA-6799198,0.2926752540621365,1.116385112227082,0.278372591006424,0.4841264460234055,1.0,26/42,44.74%,NDUFB5;NDUFA12;NDUFS2;NDUFS7;NDUFB11;NDUFS8;NDUFA10;NDUFA13;NUBPL;NDUFA8;NDUFA6;COA1;TMEM186;NDUFAF4;NDUFAB1;NDUFA11;NDUFB3;NDUFS6;NDUFV1;NDUFB7;NDUFB10;NDUFB4;NDUFAF3;NDUFB9;TIMMDC1;NDUFA2
prerank,Reactome_2022__Endosomal Sorting Complex Required For Transport (ESCRT) R-HSA-917729,-0.3440610979952965,-1.115494432319483,0.28256880733944956,0.5020423854044213,1.0,8/24,31.89%,VPS4A;STAM2;STAM;VPS4B;UBA52;MVB12A;VTA1;VPS37A
prerank,GO_Biological_Process_2025__Telomere Maintenance via Telomere Lengthening (GO:0010833),0.36994965557140597,1.1152753297808147,0.31096196868008946,0.486058766770329,1.0,4/17,17.19%,GAR1;POLR1A;DKC1;NHP2
prerank,Reactome_2022__Intra-Golgi And Retrograde Golgi-to-ER Traffic R-HSA-6811442,0.24064193653054966,1.1150905692124926,0.22193877551020408,0.48594418738171097,1.0,19/125,13.49%,PAFAH1B1;NSF;NAPG;DYNLL1;DYNLL2;KIF3A;VPS45;BICD2;BICD1;ALPP;MAN1C1;MAN1A2;MAN1A1;RAB30;GALNT2;COG7;DYNC1H1;KIF3C;KIF3B
prerank,GO_Biological_Process_2025__Negative Regulation of Innate Immune Response (GO:0045824),0.34333107177820676,1.1142543616629599,0.296551724137931,0.4871761046488139,1.0,9/23,32.47%,EIF4E2;YWHAZ;PARP1;ZDHHC18;GIGYF2;CNOT7;LYAR;ATG5;LONP1
prerank,GO_Biological_Process_2025__Negative Regulation of Protein Phosphorylation (GO:0001933),0.2806708953034467,1.113852905963242,0.26157407407407407,0.4875462915997431,1.0,18/50,26.31%,PKN2;MEN1;YWHAG;INPP5K;DGKQ;ATG14;TAF7;GNAQ;TARDBP;AKT1S1;PTEN;SFRP2;SFRP1;IBTK;RASSF2;SIRT2;ZC3H12A;PPP1R15B
prerank,GO_Biological_Process_2025__Cellular Response to Hormone Stimulus (GO:0032870),-0.30252706158024767,-1.1125985403515386,0.2926391382405745,0.5079253701435437,1.0,4/44,0.39%,AKR1C4;AKR1C3;AKR1C2;AKR1C1
prerank,GO_Molecular_Function_2025__Lysophosphatidic Acid Acyltransferase Activity (GO:0042171),-0.38794897215764945,-1.112362972452012,0.3148479427549195,0.5079385605051429,1.0,9/17,27.29%,AGPAT1;AGPAT2;ABHD8;MBOAT7;GPAT2;CRLS1;AGPAT4;AGPAT3;LPCAT3
prerank,GO_Biological_Process_2025__Neurogenesis (GO:0022008),0.32860414030003915,1.1121997954735474,0.27802690582959644,0.4906696987392093,1.0,11/27,22.21%,SPOCK1;BTBD3;BTBD6;BTBD2;FTSJ1;NEUROD1;NDUFS2;PALS1;HAP1;TRAK2;TRAK1
prerank,KEGG_2021_Human__Alzheimer disease,-0.22817776379177598,-1.11117356116334,0.21084337349397592,0.5101000832618744,1.0,64/240,17.58%,PSMD14;MME;PSMD2;PSMA1;PSMD1;PSMD11;PSMA4;PSMC4;LPL;PSMB1;PSMB4;PSMC3;PSMC1;MAP2K1;MAP2K2;ATG13;PSMA7;PSMA8;PSMB6;PSMB5;PSMB7;PSMB2;PSMB3;PSMC6;ADRM1;PSMC5;PSMA3;PSMA2;PSEN2;PSEN1;PSMD7;HSD17B10;PSMD8;IKBKB;CHUK;PSMA5;UQCRH;UQCRHL;CASP12;CASP8;CASP9;PIK3CD;PIK3CB;PSMD9;PSMD4;PSMC2;PSMD6;CSNK1A1L;FZD5;WNT9B;WNT7A;WNT8B;WNT8A;WNT7B;WNT5A;WNT2B;WNT4;WNT5B;WNT11;WNT3A;WNT10A;WNT2;WNT9A;WNT10B
prerank,GO_Biological_Process_2025__Release of Sequestered Calcium Ion Into Cytosol (GO:0051209),0.3304417832157751,1.1109126807895717,0.2863741339491917,0.49294772299726314,1.0,18/27,31.26%,PLCB4;PLCB3;PLCH2;PLCB1;PLCH1;PLCL2;PLCB2;PLCL1;PLCG1;PLCE1;PLCG2;IBTK;ITPR1;ITPR3;RYR2;ITPR2;RYR3;RYR1
prerank,GO_Biological_Process_2025__Regulation of Cellular Component Size (GO:0032535),0.3255230375547765,1.110334696512291,0.2767857142857143,0.49371317882376986,1.0,4/27,5.22%,DNAJC16;ATP13A2;KCNK6;PICALM
prerank,GO_Molecular_Function_2025__Cholesterol Binding (GO:0015485),-0.31636092832355195,-1.1094005999045993,0.304421768707483,0.5135421311004805,1.0,10/33,20.67%,SCARB2;NPC2;SULT2B1;ABCG1;SLC38A9;ANXA6;STARD3NL;STARD3;STARD4;STARD5
prerank,WikiPathways_2024_Human__Cancer Pathways WP5434,-0.231352717562732,-1.1091781674054095,0.21351766513056836,0.5135289358462083,1.0,68/239,18.21%,GSTO1;GSTT2;GSTT2B;GSTO2;ITGA3;ITGAV;ITGA2;ITGA6;ITGA2B;BAX;BAK1;CTBP2;CTBP1;SLC2A1;HGF;MST1;RUNX1;MAP2K1;MAP2K2;ARHGEF1;HSP90B1;RAC2;HIF1A;EPAS1;E2F2;ITGB1;RHOA;PRKACB;PRKACA;PRKACG;IKBKB;CHUK;CASP8;CASP9;PIK3CD;PIK3CB;CCND3;CCNA1;CCNA2;CCNE2;CCNE1;CCND1;CCND2;FH;ROCK1;ROCK2;ADCY9;GNA12;FZD5;WNT9B;WNT7A;WNT8B;WNT8A;WNT7B;WNT5A;WNT2B;WNT4;WNT5B;WNT11;WNT3A;WNT10A;WNT2;WNT9A;WNT10B;HDAC2;STAT5B;STAT5A;STAT6
prerank,GO_Biological_Process_2025__Spindle Assembly (GO:0051225),0.3041698067147868,1.1090461919674464,0.29603729603729606,0.495885519352714,1.0,13/35,24.18%,TUBGCP6;PMEPA1;CCDC66;KIF3B;KPNB1;TUBGCP4;TNKS;MAPRE2;MAPRE3;MAPRE1;BIRC5;SMC3;CSNK1D
prerank,GO_Biological_Process_2025__Macromolecule Modification (GO:0043412),-0.311534842322124,-1.1088750311008702,0.30935251798561153,0.5136608456469651,1.0,17/36,31.85%,MAN2B1;ERO1A;MANBA;QPCT;RPN2;PHKA2;ICMT;MSRA;SLC35A1;UBE2L6;SERP1;PLOD2;FBXL2;RABGGTB;UBA52;NEDD8;RABGGTA
prerank,"Reactome_2022__Cell Cycle, Mitotic R-HSA-69278",-0.2220376821691856,-1.1084732849420265,0.20208023774145617,0.5140706589873467,1.0,99/313,26.53%,PSMD14;PSMD2;PSMA1;SEH1L;PSMD11;PSMA4;PSMC4;PSMB1;PSMB4;PSMC3;PSMC1;PSMA7;PSMB9;PSMA8;PSMB6;PSMB5;PSMB11;PSMB8;PSMB7;PSMB10;PPP2R5C;PPP2R5D;IST1;PSMB2;PSMB3;LIN9;PSMC6;PSMC5;PSMA3;VPS4A;PSMA2;PSMD7;E2F2;RFC5;GINS2;NUP85;PSMD8;SEC13;POLA2;PLK1;PSMA5;SLC19A1;GMNN;DNA2;FEN1;PSMD9;KIF23;PSMD4;PSMC2;CCND3;CCNB1;CCNA1;CCNA2;CCNE2;CCNE1;CCND1;CCND2;CCNB2;PSMD6;CDT1;VRK2;VRK1;GORASP2;GORASP1;MCM8;NUP210;BUB3;NUP93;NUP43;NDC1;NUP133;MCPH1;PPP2R2A;PPP2R2D;CCP110;ANAPC7;NUP205;RBL1;RBL2;RB1;MCM4;AURKA;MCM7;PSMD13;MCM6;NUP50;NME7;BLZF1;CDK1;ANAPC5;CDC23;FBXL7;FBXL18;SKP2;FZR1;PCNA;ESPL1;ANKLE2;CCNH
prerank,GO_Biological_Process_2025__Regulation of Interleukin-8 Production (GO:0032677),-0.3619576854836481,-1.107780732433599,0.3039568345323741,0.5150714094247963,1.0,9/20,25.35%,CHI3L1;MYD88;ANXA4;ANXA1;PYCARD;LAMTOR5;CACTIN;PARK7;RELA
prerank,GO_Biological_Process_2025__Regulation of Angiogenesis (GO:0045765),-0.2678881500616488,-1.1062759479138928,0.28888888888888886,0.5179685460558842,1.0,26/81,20.20%,CD36;GATA2;GATA6;ITGAX;CHI3L1;HSPB6;RUNX1;YJEFN3;NAXE;PGK1;SPHK1;TWIST1;HIF1A;SULF1;ITGB1;RHOB;ANXA3;PIK3CG;ROCK1;ROCK2;WNK1;WNT5A;THBS4;THBS2;ISM1;THBS1
prerank,"Reactome_2022__Respiratory Electron Transport, ATP Synthesis By Chemiosmotic Coupling, Heat Production By Uncoupling Proteins R-HSA-163200",0.2565023616212643,1.1060800507185087,0.24772727272727274,0.5017624892932415,1.0,36/78,36.86%,COX7A2L;ATP5PB;ATP5F1A;NDUFB5;NDUFA12;ATP5PF;COX7C;COX5B;LRPPRC;NDUFS2;TRAP1;NDUFS7;CYCS;NDUFB11;UQCRQ;NDUFS8;ATP5PD;NDUFA10;NDUFA13;SCO1;NUBPL;SDHA;NDUFA8;ATP5F1C;ATP5MF;SDHD;NDUFA6;ATP5MG;COX4I1;COA1;TMEM186;DMAC2L;NDUFAF4;ATP5F1D;ATP5PO;NDUFAB1
prerank,GO_Biological_Process_2025__Regulation of Protein Catabolic Process (GO:0042176),0.2525254704556305,1.1048389311355076,0.25735294117647056,0.5039209947762816,1.0,14/75,15.65%,NSF;PRKCA;PRKCG;ATP13A2;SF3B3;RHBDF1;MAD2L2;AZIN2;AZIN1;EEF1A1;EEF1A2;NKD1;RIC1;VPS11
prerank,KEGG_2021_Human__Melanogenesis,0.2612127101186428,1.1044563238413567,0.2635294117647059,0.5042415597894512,1.0,30/69,27.17%,PRKCA;PRKCB;PRKCG;GNAO1;ADCY3;MAPK1;MAPK3;GNAS;GNAQ;PLCB4;PLCB3;PLCB1;PLCB2;CALML4;EDNRB;FZD7;FZD1;FZD10;FZD9;FZD2;FZD8;FZD3;CALML5;WNT16;CREB3L2;CREB3L4;CREB3;CREB3L3;CREB1;CREB3L1
prerank,WikiPathways_2024_Human__Angiopoietin Like Protein 8 Regulatory Pathway WP3915,-0.2616449755777602,-1.1042352311752883,0.2888146911519199,0.5220419873836109,1.0,31/86,22.13%,SLC16A2;SLC2A4;SLC2A1;LPL;MAP2K1;MAP2K2;FBP1;MLXIPL;ABCG8;PCK1;SLCO1C1;GYS1;PIK3CG;PIK3C2G;PIK3CD;PIK3CB;PIK3C2A;MINK1;CAP1;RXRA;MAP3K4;MAP3K3;MAP3K2;RPS6KA4;RPS6KA5;RPS6KB2;RPS6KA6;RPS6KA1;RPS6KA2;RPS6KB1;RPS6KA3
prerank,WikiPathways_2024_Human__Kit Receptor Signaling WP304,0.3160539189430882,1.1038673739004266,0.2951219512195122,0.5051074104724359,1.0,7/32,12.15%,PRKCA;PRKCB;INPP5D;MAPK1;GRB2;MAPK3;MAPK8
prerank,GO_Molecular_Function_2025__Kinase Binding (GO:0019900),0.21746877098562553,1.103830769902237,0.19473684210526315,0.504671052435368,1.0,30/225,9.54%,NSF;SLC12A4;SLC12A2;SLC12A7;SLC12A6;SLC12A5;PRKCA;PKN2;MAPK8IP2;ATP1A4;YWHAZ;TNNI3;AP2A2;AP2A1;WWC1;WWC3;WWC2;BICD1;STUB1;ATG101;SNAP91;DGKQ;DGKD;DGKH;PPP1CB;PARP1;GRB2;SPRED1;SPRED3;SPRED2
prerank,Reactome_2022__Amyloid Fiber Formation R-HSA-977225,0.3270844228527645,1.1033405647450816,0.3054298642533937,0.5052302376266236,1.0,4/25,8.34%,CALB1;TGFBI;APP;ITM2B
prerank,GO_Biological_Process_2025__Negative Regulation of ERK1 and ERK2 Cascade (GO:0070373),0.35424118773135194,1.1032725286896679,0.30666666666666664,0.5048689661779285,1.0,4/19,9.54%,SMAD4;SPRED1;SPRED3;SPRED2
prerank,Reactome_2022__Late Endosomal Microautophagy R-HSA-9615710,-0.3521573193136648,-1.103182310711738,0.3054545454545455,0.52383256611388,1.0,2/21,5.00%,HDAC6;CFTR
prerank,WikiPathways_2024_Human__Mechanoreg And Pathology Of YAP TAZ Hippo And Non Hippo Mechs WP4534,-0.3334313512697987,-1.1031715410707514,0.3293103448275862,0.5233318351536098,1.0,16/28,30.29%,MST1;ITGB2;ITGB1;ITGB7;ITGB4;SAV1;LATS1;ITGB5;ITGB6;ITGB3;ITGB8;PAK3;PAK1;PAK2;YAP1;WWTR1
prerank,Reactome_2022__Polymerase Switching On C-strand Of Telomere R-HSA-174411,-0.3884592224784224,-1.103067279440448,0.302,0.5230772894756575,1.0,4/15,14.10%,RFC5;POLA2;CHTF18;SLC19A1
prerank,GO_Molecular_Function_2025__Histone Reader Activity (GO:0140566),0.37028388850321725,1.1030221034192966,0.3200883002207506,0.5049207881033563,1.0,11/16,46.22%,DNAJC2;BRD4;BRDT;YEATS2;THAP7;MSL3;BRD1;STK38;SPNS1;TONSL;BRD2
prerank,GO_Biological_Process_2025__Regulation of Plasma Membrane Bounded Cell Projection Organization (GO:0120035),0.3788367124969137,1.102168737467749,0.32964601769911506,0.5063498196624664,1.0,12/15,35.58%,NCS1;APP;CTNNA2;PTEN;TBR1;CCDC88A;MBOAT1;VPS35;GSK3B;GSK3A;BRSK2;BRSK1
prerank,GO_Biological_Process_2025__Positive Regulation of Interleukin-6 Production (GO:0032755),-0.3581540402613519,-1.1021039630026053,0.30350877192982456,0.5247220751733543,1.0,7/21,17.48%,LPL;ARHGEF2;SPHK2;TWIST1;MYD88;PYCARD;WNT5A
prerank,Reactome_2022__Factors Involved In Megakaryocyte Development And Platelet Production R-HSA-983231,-0.27147735597707856,-1.1017857509626716,0.2946127946127946,0.524965905044537,1.0,9/71,4.64%,GATA2;GATA1;GATA6;GATA3;KIF11;HBD;HBG1;HBE1;HBG2
prerank,Reactome_2022__TP53 Regulates Metabolic Genes R-HSA-5628897,0.2800544789013023,1.1017250823537912,0.27571115973741794,0.5068161138110551,1.0,6/51,3.52%,YWHAQ;YWHAH;YWHAB;YWHAZ;YWHAG;COX7A2L
prerank,GO_Biological_Process_2025__Positive Regulation of Endothelial Cell Migration (GO:0010595),-0.2982580800202807,-1.1014189259859128,0.3107638888888889,0.5253172130542957,1.0,17/46,23.34%,SCARB1;GATA2;GATA3;AGXT;HIF1A;RHOB;ANXA3;PLPP3;GFUS;PIK3CG;PIK3CB;ROCK2;WNT5A;STAT5A;THBS1;ITGB3;GNPDA1
prerank,Reactome_2022__Synthesis Of PIPs At Plasma Membrane R-HSA-1660499,0.29894207232339975,1.100665774110822,0.3054892601431981,0.5085717127865672,1.0,8/34,9.11%,SYNJ1;INPP5D;INPP5K;INPP5J;OCRL;SYNJ2;CLSTN1;INPPL1
prerank,WikiPathways_2024_Human__Sterol Regulatory Element Binding Proteins SREBP Signaling WP1982,-0.3057755470633981,-1.1005948539839394,0.30864197530864196,0.5266581127292482,1.0,7/44,6.98%,ACLY;SCARB1;MDH1;LPL;FDPS;DBI;RNF139
prerank,KEGG_2021_Human__RNA transport,0.23830963782918682,1.1002211206436197,0.24603174603174602,0.509025709804468,1.0,30/125,22.42%,EIF4E1B;EIF4E;EIF4E2;EIF4EBP3;EIF4EBP2;EIF4EBP1;PNN;TACC3;UPF2;EIF2B3;EIF1;EEF1A1;EEF1A2;EIF2S3;POP1;NUP214;POM121C;POM121L2;NUP153;POM121;KPNB1;TARDBP;EIF4B;POP5;NMD3;EIF2S1;XPO1;EIF3I;EIF3H;EIF3E
prerank,GO_Molecular_Function_2025__Voltage-Gated Calcium Channel Activity (GO:0005245),0.34170172692315054,1.0995891267521891,0.31877729257641924,0.509898151191192,1.0,13/21,33.66%,NCS1;ENTHD1;TRPV1;CACNB1;CACNB2;CACNB4;CACNB3;CACNG4;CACNG2;CACNG3;CACNG8;RYR1;OPRM1
prerank,GO_Biological_Process_2025__Regulation of DNA Biosynthetic Process (GO:2000278),0.37263044776365917,1.0991230749935121,0.31648351648351647,0.5104111971240485,1.0,6/16,19.45%,SMG6;SMG5;PDGFB;PDGFA;DACH1;TNKS
prerank,Reactome_2022__Regulation Of PTEN Gene Transcription R-HSA-8943724,0.293644737497295,1.098663975347443,0.2976190476190476,0.5109572323071708,1.0,11/40,16.53%,DPEP3;MECOM;RCOR1;MAPK1;RNF2;RING1;MAPK3;MAF1;PPARG;EZH2;PTEN
prerank,GO_Biological_Process_2025__Positive Regulation of Stem Cell Population Maintenance (GO:1902459),-0.3344422608967821,-1.098063639454777,0.3182674199623352,0.53182093004044,1.0,10/28,31.84%,DPF2;SAP30L;SAP30;HDAC2;ING1;SMARCE1;ARID4A;ARID4B;BCL7C;BCL7B
prerank,Reactome_2022__Base Excision Repair R-HSA-73884,0.32305465511500736,1.0971751615080907,0.32264957264957267,0.5137999822476423,1.0,6/27,14.26%,LRIG3;POLR1B;POLR1A;PARP1;H2AZ1;H2AZ2
prerank,Reactome_2022__Signaling By RAF1 Mutants R-HSA-9656223,-0.3832499028219013,-1.0971506649964329,0.3466424682395644,0.5333938771074578,1.0,4/16,8.69%,ITGA2B;MAP2K1;MAP2K2;VCL
prerank,GO_Biological_Process_2025__Intracellular Signaling Cassette (GO:0141124),0.2216239478594818,1.0968257907645438,0.21195652173913043,0.5140596564555551,1.0,43/183,19.63%,PKN1;PRKCA;MAPK8IP2;MEN1;RIT2;NCALD;MINDY4;REPS1;APP;STUB1;DGKH;PPP1CB;NF1;CLSTN1;GUCY1B1;MAPK1;SMAD7;SMAD4;IRS1;ATG14;CNOT6;ADAM17;PDE4B;DDAH1;MAPK3;MAPK12;MKRN2;GNA15;ARHGEF18;SAMD14;PPP1R9B;PPP1R9A;PTEN;ZDHHC9;PLCD4;PLCG1;PLCE1;PLCG2;PLCD1;CCDC88C;CCDC88A;PIK3R4;MAP2K4
prerank,GO_Biological_Process_2025__Positive Regulation of Cell Motility (GO:2000147),0.258665074594385,1.096625944859888,0.2637889688249401,0.5140462936103295,1.0,23/78,18.71%,PKN1;PRKCA;DAB2;SPOCK2;SH3RF2;LGR6;EGF;FAM107A;NTN1;CLSTN1;ADAM17;NUMB;PDCD10;FSHB;STX4;SYNPO2;RORA;EZH2;PDGFB;PDGFA;RICTOR;ADAM10;SDCBP
prerank,GO_Biological_Process_2025__Mesenchymal Cell Differentiation (GO:0048762),-0.34479334916576637,-1.0958736138839316,0.3230769230769231,0.5357866866713591,1.0,11/24,25.65%,SOX9;HIF1A;LIMS1;HTR2B;ROCK1;ROCK2;WNT5A;WNT4;LRP6;DLG5;FBXL17
prerank,WikiPathways_2024_Human__S1P Receptor Signal Transduction WP26,0.36443862013128847,1.0956164452106072,0.3411513859275053,0.5157296560204024,1.0,8/16,19.59%,MAPK1;MAPK3;MAPK12;PLCB3;PLCB1;PLCB2;MAPK4;MAPK6
prerank,GO_Biological_Process_2025__Positive Regulation of Endocytosis (GO:0045807),-0.31585343427096313,-1.0954499108000006,0.3224043715846995,0.536270370728899,1.0,12/33,19.86%,NLGN1;GATA2;C3;TOR1A;CLN3;SPACA3;ABCA7;CAMK1D;PYCARD;RAB21;CDC42;SMPD1
prerank,GO_Biological_Process_2025__Protein Localization to Cilium (GO:0061512),0.3204935785519715,1.095163871468859,0.30403800475059384,0.5161998926768218,1.0,14/26,35.73%,MICALL1;MAPK15;IFT140;ARL6;ATP6V1D;ODAD4;CSNK1D;ZNF423;TULP2;TULP1;TULP3;WDR19;CEP78;WDR35
prerank,KEGG_2021_Human__Pathways in cancer,-0.22761563730427087,-1.0951375397752352,0.2381679389312977,0.5364045250910939,1.0,68/242,18.21%,GSTO1;GSTT2;GSTT2B;GSTO2;ITGA3;ITGAV;ITGA2;ITGA6;ITGA2B;BAX;BAK1;CTBP2;CTBP1;SLC2A1;HGF;RUNX1;MAP2K1;MAP2K2;ARHGEF1;HSP90B1;RAC2;HIF1A;EPAS1;E2F2;ITGB1;RHOA;PRKACB;PRKACA;PRKACG;IKBKB;CHUK;CASP8;CASP9;PIK3CD;PIK3CB;CCND3;CCNA1;CCNA2;CCNE2;CCNE1;CCND1;CCND2;FH;ROCK1;ROCK2;ADCY9;GNA12;FZD5;WNT9B;WNT7A;WNT8B;WNT8A;WNT7B;WNT5A;WNT2B;WNT4;WNT5B;WNT11;WNT3A;WNT10A;WNT2;WNT9A;WNT10B;HDAC2;CDC42;STAT5B;STAT5A;STAT6
prerank,GO_Biological_Process_2025__Cellular Component Assembly (GO:0022607),-0.2398053107466841,-1.0942784707199718,0.271875,0.5378587154584161,1.0,40/153,20.50%,NLGN1;NLGN3;NLGN4Y;NLGN4X;NLGN2;SLC2A1;GK2;VIL1;GSN;SCIN;QSOX1;SOX9;DNAJB12;DNAJB14;SLC7A9;LPXN;OPHN1;MYO7B;ESPN;ESPNL;MTSS2;RHOA;PEX14;GAS8;HACD1;ANKS4B;PFN4;WNT7A;WNT5A;WNT3A;VAMP3;CDC42;GORASP2;NHERF1;NHERF2;PARD6B;WASF3;WASF1;OCLN;SH3BP1
prerank,Reactome_2022__Ovarian Tumor Domain Proteases R-HSA-5689896,-0.3722040786695368,-1.094033533905318,0.31464737793851716,0.5378892505869123,1.0,10/18,34.05%,VCP;RHOA;OTUB1;OTUB2;CDK1;YOD1;OTUD3;UBA52;TP53;PROC
prerank,WikiPathways_2024_Human__RAC1 PAK1 P38 MMP2 Pathway WP3303,0.29753951849188137,1.0938516617752831,0.28640776699029125,0.518625150782585,1.0,10/38,12.15%,STMN1;EIF4EBP1;MAPK1;GRB2;NCK1;MAPK13;MAPK3;MAPK12;MAPK9;MAPK8
prerank,GO_Biological_Process_2025__Protein Dephosphorylation (GO:0006470),-0.3081338853660501,-1.0935414215049089,0.3296500920810313,0.5384981067484739,1.0,17/38,27.15%,PDXP;PHPT1;PLPP6;MTMR7;MTM1;MTMR3;SBF1;MTMR6;PPM1B;PPM1F;PPM1E;PPM1A;PPM1M;PPP2R2A;ZNF367;PPP2CB;PPP2CA
prerank,"Reactome_2022__BMAL1:CLOCK,NPAS2 Activates Circadian Gene Expression R-HSA-1368108",0.35821907973450573,1.0934740644061292,0.32489451476793246,0.5189394992831327,1.0,4/19,6.40%,BMAL2;NPAS2;CLOCK;BMAL1
prerank,GO_Biological_Process_2025__Protein Transmembrane Import Into Intracellular Organelle (GO:0044743),0.3154682672220273,1.0926277849091384,0.3218390804597701,0.5204188198914055,1.0,13/27,29.10%,TOMM40;TOMM40L;TOMM70;TIMM17A;TIMM17B;DNLZ;HSPD1;TOMM20L;TOMM20;PEX16;TIMM23B;TIMM23;TIMM21
prerank,KEGG_2021_Human__mTOR signaling pathway,0.23613384576574095,1.092253907881607,0.25,0.5207329915456388,1.0,35/119,21.76%,ATP6V1A;PRKCA;PRKCB;PRKCG;EIF4E1B;EIF4E;EIF4E2;ULK2;ULK1;EIF4EBP1;ATP6V1B2;ATP6V1E1;ATP6V1E2;MAPK1;GRB2;IRS1;MAPK3;CLIP1;TBC1D7;ATP6V1H;AKT1S1;PTEN;ATP6V1C1;ATP6V1C2;EIF4B;RICTOR;MAPKAP1;NPRL3;FZD7;FZD1;FZD10;FZD9;FZD2;FZD8;FZD3
prerank,KEGG_2021_Human__Breast cancer,-0.2648853400564403,-1.0919374981299796,0.3127147766323024,0.5416131767032816,1.0,36/81,27.78%,BAX;BAK1;MAP2K1;MAP2K2;E2F2;PIK3CD;PIK3CB;CCND1;CSNK1A1L;FZD5;WNT9B;WNT7A;WNT8B;WNT8A;WNT7B;WNT5A;WNT2B;WNT4;WNT5B;WNT11;WNT3A;WNT10A;WNT2;WNT9A;WNT10B;LRP6;WNT6;RPS6KB2;RPS6KB1;RB1;NFKB2;PIK3CA;JUN;SHC4;SHC1;SHC3
prerank,GO_Biological_Process_2025__Positive Regulation of Viral Genome Replication (GO:0045070),0.3454745733502406,1.0914949332521886,0.3576158940397351,0.5219055138220953,1.0,7/20,28.00%,PKN2;SRPK2;SRPK1;VAPB;CNOT7;FKBP6;PDE12
prerank,GO_Biological_Process_2025__Positive Regulation of Signal Transduction (GO:0009967),-0.2503242320724001,-1.0911499231580173,0.2912621359223301,0.5428297698805754,1.0,27/110,17.48%,MYORG;NLGN1;NLGN3;NLGN2;GATA3;ITGAV;ITGA5;SLC2A4;C3;SNX5;UCHL5;HSP90B1;HIF1A;AGPAT1;AGPAT2;LIMS2;LIMS1;SULF2;SULF1;ITGB1;PLPP3;GAS8;CIBAR1;POGLUT1;DSTYK;WNT7A;WNT5A
prerank,WikiPathways_2024_Human__Genetic Causes Of Porto Sinusoidal Vascular Disease WP5269,0.35341389766681586,1.0907568713871563,0.3148558758314856,0.523089154115833,1.0,8/19,24.01%,MAPK1;KCNN3;NCF4;MAPK3;EIF6;EFL1;IBTK;SBDS
prerank,Reactome_2022__Non-integrin membrane-ECM Interactions R-HSA-3000171,-0.35228748094396756,-1.0904270568388001,0.33636363636363636,0.5439469948164651,1.0,5/21,11.59%,ITGAV;ITGA2;ITGA6;ITGB1;ITGB4
prerank,GO_Biological_Process_2025__Positive Regulation of Nitric Oxide Biosynthetic Process (GO:0045429),-0.3764902594289069,-1.0900623534920049,0.3540925266903915,0.5437626444455858,1.0,3/16,5.79%,CD36;HBB;ASL
prerank,GO_Biological_Process_2025__Positive Regulation of Nitric Oxide Metabolic Process (GO:1904407),-0.3764902594289069,-1.0900623534920049,0.3540925266903915,0.5437626444455858,1.0,3/16,5.79%,CD36;HBB;ASL
prerank,WikiPathways_2024_Human__Clock Controlled Autophagy In Bone Metabolism WP5205,0.3017655449646228,1.0896223165706767,0.30434782608695654,0.5251198520410053,1.0,20/37,29.25%,NPAS2;ULK1;ATG101;CLOCK;BMAL1;EFNB2;SMAD4;RB1CC1;RORB;NR1D2;PIK3C3;TRAP1;WNT16;SP7;MTOR;BHLHE40;BHLHE41;ATG4C;TRAF6;ATG5
prerank,GO_Biological_Process_2025__RNA Processing (GO:0006396),0.2183580324883641,1.0895757531664274,0.22969187675070027,0.5247093713115693,1.0,40/212,18.47%,PRKCA;DDX47;PES1;WDR36;MBNL1;BICD1;DDX27;FBL;SF3B3;KHSRP;NOVA1;ADAD2;MTREX;BYSL;NOL6;DHX15;NOP2;DKC1;PPARGC1A;UTP15;SSB;INTS13;UTP20;WDR55;SRPK2;NOP58;NSUN2;PPP1R9B;RRP36;TARDBP;TSEN54;WDR74;DDX54;FARS2;IMP4;NOB1;NOC4L;KARS1;LIN28B;LIN28A
prerank,WikiPathways_2024_Human__MET In Type 1 Papillary Renal Cell Carcinoma WP4205,-0.32832268841701695,-1.0889104591837369,0.3192982456140351,0.5458410864021381,1.0,14/29,28.48%,HGF;MAP2K1;MAP2K2;PIK3CD;PIK3CB;CDC42;RPL11;GAB1;PIK3CA;RAPGEF1;JUN;PAK3;PAK1;PAK2
prerank,GO_Biological_Process_2025__Non-Motile Cilium Assembly (GO:1905515),0.3531382600779772,1.0887497258729306,0.3511111111111111,0.5259828623794419,1.0,9/20,34.23%,CEP250;FUZ;CSNK1D;IFT57;ENKD1;TOGARAM1;TMEM80;TMEM216;TMEM17
prerank,GO_Molecular_Function_2025__Cis-Regulatory Region Sequence-Specific DNA Binding (GO:0000987),0.19916615244339678,1.088678817933079,0.19256756756756757,0.5256315546969025,1.0,182/438,30.81%,KCNIP3;BMAL2;NPAS2;ARNT2;PASD1;KCNH8;ZNF395;SLC2A4RG;SCRT1;SCRT2;CLOCK;BMAL1;NTN1;NTN3;MECOM;SMAD4;RREB1;PROX2;PROX1;ZNF710;ZNF366;ZNF865;ZNF662;ZNF212;ZNF667;ZNF671;ZNF347;ZNF497;ZNF665;ZNF160;NEUROG3;H2AZ1;ONECUT2;ONECUT3;ONECUT1;PPARG;RARB;RORB;PPARD;RORC;NR1D1;RARA;NR1D2;THRA;PPARA;NR1H3;RORA;VDR;NR1H2;NR1I2;TFAP4;NSD1;ZNF775;MGA;TBX15;TBX4;TBX2;TBX6;TBX19;TBX10;TBX5;TBX20;TBX22;TBXT;TBX1;TBR1;TBX21;EOMES;TBX3;ZNF341;DACH2;DACH1;YY1;HAND1;ZNF219;NFAT5;ZNF335;ISL2;ISL1;HINFP;FOXD2;MEIS2;TGIF1;SOX21;NR4A2;NR4A3;NR4A1;PRRX1;SP8;KLF9;SP9;SP5;KLF6;SP7;KLF7;KLF8;KLF4;KLF16;KLF3;KLF5;KLF2;SP6;KLF13;KLF1;KLF12;EBF4;EBF1;EBF3;ATF6B;CREB3L4;CREM;CREB3L3;CREB1;ATF6;BHLHE40;HES2;HEY1;HES5;HEY2;HES7;HES3;HEYL;HES6;BHLHE41;HELT;FOXB1;BPTF;NRL;MAFA;MAFB;MAFF;MAF;MAFK;MAFG;NRF1;NKX6-3;NKX3-1;NKX2-6;NKX1-1;NKX3-2;NKX2-2;NKX6-2;NKX2-1;NKX1-2;NKX6-1;NKX2-3;NKX2-5;NKX2-8;NKX2-4;OGG1;ZSCAN5A;ZNF18;ZNF444;ZNF496;ZKSCAN2;ZSCAN32;ZSCAN5B;ZNF446;ZNF174;ZSCAN1;REST;ZNF131;PLAGL1;ZNF274;ZNF202;PLAG1;OVOL2;ZSCAN29;ZSCAN5C;OVOL3;ZSCAN18;PGR;ESRRB;ESR2;NR3C1;ESR1;THAP1;FOXA2;ZNF597;ZNF423;ZNF211;ZBTB39
prerank,Reactome_2022__Epigenetic Regulation Of Gene Expression R-HSA-212165,0.2683720816478408,1.0885725120118601,0.3132530120481928,0.5253467983725156,1.0,14/61,17.92%,POLR2K;DPEP3;DPEP2;SIRT1;POLR1B;DDX56;POLR1A;POLR1D;POLR1E;H2AZ1;H2AZ2;EZH2;EHMT2;BAZ1B
prerank,GO_Biological_Process_2025__Negative Regulation of Apoptotic Process (GO:0043066),-0.22613385045684142,-1.0882363231654553,0.258751902587519,0.5467982136743752,1.0,74/229,25.50%,DHRS2;GATA2;GATA1;GATA6;GATA3;ITGA5;PRDX2;BCL2L10;BCL2A1;MCL1;HSPB2;CRYAB;HSPB6;CLN3;PLA2G3;DNAJC3;HSPA9;SOX9;SOX8;TENT5B;SPHK1;CERKL;NUPR1;SOD1;HSP90B1;FIGNL1;PSEN1;SIX4;ITGB1;BAG4;BAG3;ARHGAP10;TXNDC5;ANXA5;ANXA4;ANXA1;PLK1;HTR2B;HSPA5;CFLAR;CASP2;APIP;TMBIM6;LAMTOR5;CCND2;WNK3;DSTYK;NRBP2;WNT5A;HDAC2;NAA35;RPL15;SOCS2;SOCS3;COMP;THBS1;LRP2;BARD1;PTRH2;DNAJA3;RPS6KA1;RPS6KB1;RPS6KA3;RB1;PPIF;PARK7;KIF14;CDK1;HIGD1A;TPT1;PDK4;NFKB1;RELA;PIK3CA
prerank,GO_Biological_Process_2025__Cellular Response to Osmotic Stress (GO:0071470),0.3552310904926372,1.0880855261709665,0.32426778242677823,0.5259713676630524,1.0,8/19,21.22%,SLC12A6;MINDY4;NLK;STK39;TRPV4;TRPV3;NFAT5;RCSD1
prerank,GO_Biological_Process_2025__Epigenetic Regulation of Gene Expression (GO:0040029),0.300244781906989,1.087866078664423,0.31057268722466963,0.5259018290228195,1.0,13/35,24.44%,APP;SMYD5;RNF2;EHMT1;EZH2;SUV39H2;EHMT2;MSL2;ZNF335;EPC1;SIRT6;KMT2E;SIRT2
prerank,GO_Biological_Process_2025__Ribosome Disassembly (GO:0032790),0.3091441755851469,1.0873883531246802,0.3157894736842105,0.5264289066138185,1.0,8/31,20.58%,EIF4E2;GCN1;NEMF;GFM2;SKIC2;MTIF2;GIGYF2;UFSP2
prerank,GO_Biological_Process_2025__Cellular Response to Amino Acid Stimulus (GO:0071230),0.3212515732810974,1.0872997457909843,0.3347826086956522,0.5261144718426146,1.0,9/27,25.95%,CPEB3;CPEB4;IPO5;CPEB1;MAT2A;LARS1;UBR1;UBR2;MTOR
prerank,GO_Biological_Process_2025__Positive Regulation of Vasculature Development (GO:1904018),-0.2946856804851672,-1.086878177123562,0.32299270072992703,0.5492715799090833,1.0,12/45,13.12%,GATA2;GATA6;ITGAX;CHI3L1;HSPB6;RUNX1;SPHK1;TWIST1;HIF1A;ITGB1;RHOB;ANXA3
prerank,GO_Biological_Process_2025__Base-Excision Repair (GO:0006284),0.3328872686369416,1.0868390897073792,0.3234624145785877,0.5265758797989774,1.0,8/23,29.61%,LRIG3;POLR1B;POLR1A;POLK;NTHL1;LRIG1;USP47;OGG1
prerank,GO_Biological_Process_2025__Response to Peptide Hormone (GO:0043434),-0.33695679757852437,-1.0866102286858168,0.3508137432188065,0.5493012801170456,1.0,9/24,19.55%,KHK;SLC2A1;PCK1;ROCK1;ROCK2;STAT5B;STAT5A;STAT6;SLC24A4
prerank,GO_Biological_Process_2025__Negative Regulation of Proteolysis (GO:0045861),-0.37381425602835106,-1.0855456715478577,0.35384615384615387,0.5511955286642581,1.0,4/16,9.05%,HDAC6;CLN3;TIMP3;TIMP2
prerank,GO_Biological_Process_2025__Positive Regulation of Myoblast Differentiation (GO:0045663),-0.3415936590137635,-1.085297406976235,0.35727109515260325,0.5512215608076215,1.0,5/24,19.27%,KAT5;DPF3;SOX4;SMARCD3;SMARCD2
prerank,GO_Biological_Process_2025__Intracellular Glucose Homeostasis (GO:0001678),0.3652584432018225,1.085209643102401,0.36343115124153497,0.529691490538083,1.0,8/18,18.98%,PRKCA;SIRT1;OGT;PPARGC1A;NR1D1;LIN28A;HOOK3;HOOK2
prerank,GO_Biological_Process_2025__Learning (GO:0007612),-0.3488810063412815,-1.084512954284597,0.3467600700525394,0.5524485843398492,1.0,5/22,9.71%,NLGN3;NLGN4Y;NLGN4X;CLN3;ATAD1
prerank,Reactome_2022__trans-Golgi Network Vesicle Budding R-HSA-199992,0.27427791542680136,1.0833729760288093,0.30324074074074076,0.5332953136460615,1.0,11/50,14.80%,HOMER2;SH3D19;SH3GL2;OCRL;APP;PICALM;CLVS2;CLVS1;PUM1;STX4;BLOC1S1
prerank,KEGG_2021_Human__Ovarian steroidogenesis,-0.37401094183017486,-1.0831970663328738,0.3693181818181818,0.5548102455537651,1.0,7/16,16.53%,AKR1C3;SCARB1;CYP19A1;PRKACB;PRKACA;PRKACG;ADCY9
prerank,GO_Biological_Process_2025__Positive Regulation of Organelle Organization (GO:0010638),-0.30079584822206606,-1.0831859026689603,0.35507246376811596,0.5542935519814405,1.0,10/43,14.92%,BAX;BAK1;BOK;LNPK;STX18;TOM1;ANXA2;ANXA1;PGAM5;PYCARD
prerank,GO_Biological_Process_2025__Translation (GO:0006412),-0.2297028849404196,-1.0828434389191526,0.2690513219284603,0.5545004055828509,1.0,84/191,33.77%,RPS7;RPL8;RPL26L1;RPL26;RPS28;RPS8;RPS16;RPL27A;RPL35;RPL30;RPLP2;RPS26;RPS17;RPS24;EEF1B2;EEF1D;RPS18;RPL23;RPL7;RACK1;RPL18;RPS15;RPS6;RPS5;RPL19;RPL11;HARS1;RPL29;RPS14;RPL15;RPL7A;MRPL3;MRPS24;RPS15A;MRPL45;RPL31;RPS29;RPS6KB2;RPL13A;RPLP0;RPL18A;RPS9;RPS11;SARS1;HBS1L;RPL14;MRPL14;RPL12;RPS21;RPS3;RPL9;RPL6;RPSA;RPSA2;GTPBP1;RPL4;MRPL41;FAU;RPS12;RPS25;RPLP1;MRPL47;RWDD1;RPL27;UBA52;RRBP1;COPS5;MRPL16;EEF1G;MTG1;VTA1;RPS2;MRPL15;MRPL20;EIF5AL1;EIF5A2;MRPS17;RPS23;MRPS35;GARS1;RPS4Y2;RPS4X;RPS4Y1;MRPL36
prerank,GO_Molecular_Function_2025__Acetyltransferase Activity (GO:0016407),-0.3703545427695313,-1.0820235272944194,0.3595706618962433,0.5558579995830404,1.0,4/17,10.19%,KAT5;KAT6A;SPHK1;DBT
prerank,GO_Biological_Process_2025__Vesicle-Mediated Transport Between Endosomal Compartments (GO:0098927),0.3473930055048136,1.0818949025369766,0.354978354978355,0.5361069206733949,1.0,11/19,34.60%,ATG14;WDR81;PIK3C3;HOOK3;HOOK1;HOOK2;PIK3R4;STX8;WDR91;BECN1;RAB7A
prerank,WikiPathways_2024_Human__mBDNF And proBDNF Regulation Of GABA Neurotransmission WP4829,0.36600205182558854,1.0816888515597296,0.3582089552238806,0.5360267695889752,1.0,3/16,4.48%,SLC12A5;AP2A2;AP2A1
prerank,GO_Biological_Process_2025__Intrinsic Apoptotic Signaling Pathway (GO:0097193),-0.2724873839467445,-1.081295260891734,0.31066176470588236,0.5569937634672318,1.0,14/65,16.24%,BCL2L10;BCL2A1;BAX;MCL1;BAK1;BOK;ERO1A;TRIB3;CASP6;CASP9;PYCARD;CASP4;CASP2;CHEK2
prerank,GO_Biological_Process_2025__mRNA Destabilization (GO:0061157),0.29603499168647635,1.0811618418693367,0.33796296296296297,0.5367391800678374,1.0,16/37,28.91%,CPEB3;KHSRP;CNOT6;PUM1;PUM2;TARDBP;NT5C3B;DCPS;GIGYF2;CNOT7;CNOT8;ZC3H12A;ZC3H12D;PDE12;FXR1;FXR2
prerank,Reactome_2022__E2F Mediated Regulation Of DNA Replication R-HSA-113510,-0.3631105504216466,-1.0805065382346593,0.3339587242026266,0.5583402704841658,1.0,7/17,27.15%,POLA2;CCNB1;MCM8;RB1;CDK1;PPP2CB;PPP2CA
prerank,GO_Molecular_Function_2025__Sterol Binding (GO:0032934),-0.2993723573735709,-1.0804948498352138,0.31141868512110726,0.5578287462464051,1.0,25/41,37.23%,SCARB2;NPC2;SULT2B1;ABCG1;SMOX;SLC38A9;ANXA6;OSBPL9;STARD3NL;STARD3;STARD4;STARD5;PTCH1;NPC1L1;EPHX1;OSBPL10;OSBPL2;OSBPL11;OSBPL8;OSBPL6;OSBPL1A;OSBP;OSBPL7;NINJ2;CD163L1
prerank,GO_Biological_Process_2025__Establishment or Maintenance of Apical/Basal Cell Polarity (GO:0035088),0.37142401982127093,1.0796109882309957,0.3653444676409186,0.5397908369768566,1.0,2/15,0.48%,PRKCZ;PRKCI
prerank,WikiPathways_2024_Human__Gastrin Signaling WP4659,0.2607146722634535,1.0794953145478825,0.3026634382566586,0.5395253092362403,1.0,23/65,23.40%,PRKCA;PRKCE;PRKCH;EIF4EBP1;HDC;MAPK1;GRB2;IRS1;MAPK3;MAPK9;MAPK8;GNAQ;ARHGEF28;PPARG;PLCG1;ARRB2;ARRB1;NFKBIA;BIRC2;BIRC5;BIRC3;SLC9A1;SLC9A3
prerank,WikiPathways_2024_Human__Prostaglandin And Leukotriene Metabolism In Senescence WP5321,0.36446419401740326,1.0788929236971934,0.34968017057569295,0.5404129025939574,1.0,6/16,17.62%,DPEP2;SIRT1;ADCY3;GNAS;GNAQ;PLCB1
prerank,GO_Molecular_Function_2025__Protein Serine/Threonine/Tyrosine Kinase Activity (GO:0004712),0.3587180404330549,1.078835465738888,0.3588621444201313,0.5400338999639348,1.0,2/16,0.44%,PRKCA;PRKCG
prerank,WikiPathways_2024_Human__Endoderm Differentiation WP2853,0.25544060175827604,1.0787855526503747,0.32160804020100503,0.5396215473900439,1.0,26/72,22.98%,DAB2;CEP250;APP;WWC1;APC;TRERF1;SMAD4;DIP2A;DDAH1;NLK;MAD2L2;CEBPZ;ONECUT1;EZH2;CRTC1;PLCH1;TBX21;EOMES;LRPPRC;UBR5;CTR9;SFRP1;PBX1;PBX3;SOX21;ATP8B2
prerank,KEGG_2021_Human__Proximal tubule bicarbonate reclamation,0.3310180350609061,1.07866472136921,0.3672055427251732,0.5393780994132705,1.0,4/22,5.05%,ATP1A4;ATP1A2;GLUD2;GLUD1
prerank,GO_Biological_Process_2025__Peptidyl-Serine Modification (GO:0018209),0.27970783729063764,1.07839229331505,0.32967032967032966,0.5394589204009504,1.0,11/46,12.15%,PRKCA;PRKCE;ULK1;GRK2;MAPK1;TTBK2;GALNT2;SRPK2;MAPK13;MAPK12;MAPK8
prerank,GO_Biological_Process_2025__Response to Steroid Hormone (GO:0048545),0.33413442224483403,1.0779067577055945,0.33995584988962474,0.5400670152171505,1.0,3/23,1.77%,ATP1A4;ATP1A2;TFPI
prerank,GO_Biological_Process_2025__Epidermal Growth Factor Receptor Signaling Pathway (GO:0007173),0.3361619600758061,1.0774863119599278,0.3325942350332594,0.5405096042403985,1.0,9/21,17.70%,EGF;MAPK1;GRB2;ADAM17;NCK2;MAPK3;BCAR3;PLCG1;PLCE1
prerank,KEGG_2021_Human__Progesterone-mediated oocyte maturation,0.26117478686437934,1.0773034480854213,0.31058823529411766,0.5404150774202594,1.0,14/60,13.58%,CPEB2;CPEB3;CPEB4;ADCY3;MAPK1;CPEB1;MAPK10;MAPK13;MAPK3;MAPK12;MAPK9;MAPK8;MAD2L2;CDC27
prerank,GO_Biological_Process_2025__RNA Splicing (GO:0008380),0.25614522554137475,1.077102094059892,0.2976190476190476,0.5403404145956584,1.0,13/69,19.56%,DDX47;MBNL1;SF3B3;KHSRP;NOVA1;DHX15;PPARGC1A;SRPK2;DBR1;PPP1R9B;TARDBP;SMNDC1;SRPK1
prerank,GO_Molecular_Function_2025__Copper Ion Binding (GO:0005507),0.3625615275636483,1.0770073335873032,0.33905579399141633,0.5400081225122085,1.0,3/16,5.47%,ATP7A;ATP13A2;MOXD1
prerank,Reactome_2022__Sensory Perception R-HSA-9709957,-0.24453242422277918,-1.0765199639050858,0.29901960784313725,0.5665544476723251,1.0,50/118,26.04%,AKR1B10;AKR1C4;AKR1C3;AKR1C1;CYP4V2;CLIC5;CTBP2;PNLIP;LPL;EPS8L2;GSN;AWAT2;DNAJC5;ABCA4;MYO15A;GRK4;GRK1;ESPN;ESPNL;RDH8;GPC1;GPC6;GPC2;GPC4;USH1G;LHFPL5;LRP8;LRP2;LRP10;LRP12;TMC1;TMC2;EPB41L1;EPB41L3;PLB1;RPE65;BCO2;BCO1;MYO7A;CAPZB;FSCN2;SCNN1A;SCNN1B;SCNN1G;SCNN1D;RDX;MSN;EZR;GPC5;GPC3
prerank,WikiPathways_2024_Human__DNA IR Damage And Cellular Response Via ATR WP4016,-0.30114170080056474,-1.0761044636380719,0.34375,0.5670256755290589,1.0,20/41,33.87%,CLSPN;PLK1;ATR;EXO1;CLK2;FEN1;CHEK2;FANCD2;RPA1;BARD1;MCPH1;MCM2;CDK1;PCNA;RAD50;RECQL4;TP53;PPM1D;FANCI;SP1
prerank,GO_Biological_Process_2025__Nucleus Organization (GO:0006997),-0.31892869046880196,-1.0747309300278574,0.35714285714285715,0.5697140678764788,1.0,8/32,24.02%,SEH1L;TOR1A;VPS4A;NUP93;NDC1;NUP133;NUP205;VPS4B
prerank,GO_Biological_Process_2025__Negative Regulation of Cell Population Proliferation (GO:0008285),-0.23309197924845468,-1.0746984581345211,0.2981366459627329,0.5692420621177177,1.0,39/168,20.20%,PER2;DHRS2;ALDH1A2;SLC16A2;GATA2;GATA3;ITGA1;CTBP2;CTBP1;MAP2K1;SCIN;ATG13;PPP2R5C;RNF139;SOX9;SOX11;SULT2B1;TENT5B;DNAJB2;NUPR2;NUPR1;TRIB1;TGFB1I1;MTSS1;PLPP1;NUDT6;RBM5;GAS8;SFRP4;WNT5A;WNT9A;SAV1;KANK2;NHERF1;GLMN;ZNF503;ING4;ING1;THBS1
prerank,GO_Biological_Process_2025__Response to Glucose (GO:0009749),-0.3355964993923352,-1.0744369986887987,0.3527336860670194,0.5693110217544208,1.0,10/26,20.20%,KHK;LPL;SOX4;PCK1;PCK2;GYS2;PFKL;RACK1;SELENOT;THBS1
prerank,GO_Biological_Process_2025__Axoneme Assembly (GO:0035082),0.31028238419961585,1.0741007093236317,0.3160270880361174,0.5461222148952852,1.0,16/27,35.16%,CCDC40;DNAAF6;TTLL8;CFAP91;DNAI4;DNAAF3;MAPRE2;RSPH9;TTC12;RSPH1;RSPH4A;RSPH6A;DNAAF10;TOGARAM1;LRRC23;LRGUK
prerank,Reactome_2022__MyD88 Cascade Initiated On Plasma Membrane R-HSA-975871,0.2666087370615004,1.074004892585117,0.3317972350230415,0.5458241998248663,1.0,11/53,13.50%,PELI3;PELI1;PELI2;KCNH8;APP;MAPK1;MAPK10;MAPK3;MAPK9;MAPK8;UBE2N
prerank,WikiPathways_2024_Human__Affected Pathways In Duchenne Muscular Dystrophy WP5356,0.3074552600764595,1.073560484044719,0.33405639913232105,0.5463686268322746,1.0,15/30,31.26%,ATP2A1;TNNI1;SGCA;DTNA;SMAD4;SNTB1;SCX;NFKBIA;TOMM20;CACNB1;CACNB2;ITPR1;ITPR3;ITPR2;RYR1
prerank,GO_Biological_Process_2025__Regulation of Peptidyl-Tyrosine Phosphorylation (GO:0050730),0.352890947980667,1.0734337240127083,0.34513274336283184,0.5460937991968787,1.0,7/17,25.50%,DGKQ;EFNA5;EFNA1;PDGFA;SFRP2;SFRP1;CNOT7
prerank,GO_Biological_Process_2025__Cellular Response to Retinoic Acid (GO:0071300),-0.32304160585798347,-1.072514009010703,0.35495495495495494,0.5732999928818305,1.0,12/29,20.76%,SOX9;WNT9B;WNT8B;WNT7B;WNT5A;WNT5B;WNT11;WNT3A;WNT2;WNT9A;WNT10B;WNT6
prerank,GO_Biological_Process_2025__Negative Regulation of Autophagy (GO:0010507),-0.30432783369345656,-1.0724725022047348,0.34525939177101966,0.5728543795740406,1.0,18/36,34.68%,MCL1;QSOX1;NUPR1;DAPL1;NRBP2;WNK1;WASHC1;LZTS1;MTMR9;RRAGC;RRAGD;PIK3CA;GOLGA2;SLTM;LEPROT;RUBCN;MAGEA3;MAGEA6
prerank,GO_Biological_Process_2025__Negative Regulation of Macroautophagy (GO:0016242),-0.3447205715766903,-1.0723187276426802,0.34189723320158105,0.5726594886682612,1.0,9/22,21.30%,HDAC6;QSOX1;NUPR1;PPTC7;UBQLN4;NRBP2;LZTS1;MTM1;SEC22B
prerank,GO_Molecular_Function_2025__N-acyltransferase Activity (GO:0016410),-0.37038700180637496,-1.071865326168173,0.3572744014732965,0.5732044072823348,1.0,8/16,28.25%,TLCD3B;KAT5;SAT2;SMARCE1;CERS2;CERS3;CERS4;CERS6
prerank,WikiPathways_2024_Human__Wnt Signaling WP428,0.2535850834217647,1.0717766474843893,0.3308641975308642,0.5493173990078607,1.0,26/70,21.76%,PRKCA;PRKCB;PRKCG;PPP3R1;APC;PPP3CB;PPP3CC;MAPK9;MAPK8;NLK;NKD2;NKD1;PLCB4;PLCB3;PLCB1;PLCB2;FZD7;SFRP2;SFRP5;SFRP1;FZD1;FZD10;FZD9;FZD2;FZD8;FZD3
prerank,GO_Biological_Process_2025__Defense Response to Bacterium (GO:0042742),-0.2798295113756116,-1.0712307153830527,0.3368237347294939,0.5741086278631593,1.0,15/58,14.96%,PGLYRP2;PGLYRP1;PGLYRP4;PGLYRP3;LYZ;LYZL6;LALBA;LYZL4;MYD88;RPL30;ANXA3;NAGK;CASP1;PYCARD;CASP4
prerank,WikiPathways_2024_Human__Serotonin HTR1 Group And FOS Pathway WP722,0.329457399029279,1.069691250674398,0.37012987012987014,0.5536391511813094,1.0,7/22,13.68%,GNAO1;MAPK1;HTR1E;HTR1F;HTR1B;MAPK3;GNAQ
prerank,GO_Cellular_Component_2025__Early Endosome Membrane (GO:0031901),0.2545793000373698,1.0693555654327729,0.3221957040572792,0.5538517147967272,1.0,13/69,10.88%,ATP13A3;ATP7A;ATP13A4;GRIA1;BAIAP3;PMEPA1;LDLRAD4;INPP5F;APP;WASHC5;LAMP5;KCNH1;DOP1B
prerank,Reactome_2022__Metabolism Of Non-Coding RNA R-HSA-194441,-0.2988254861248142,-1.0692316860269382,0.34177215189873417,0.5782485150827827,1.0,16/42,30.36%,SEH1L;LIN9;NUP85;SEC13;SMN1;NUP210;NUP93;NUP43;NDC1;NUP133;NUP205;NUP50;GEMIN2;PRMT5;NUP58;PHAX
prerank,GO_Biological_Process_2025__Regulation of Endocytosis (GO:0030100),-0.30377565192058475,-1.069129925351976,0.36787564766839376,0.577945384078195,1.0,13/37,20.87%,SCARB1;ITGAV;SNX33;SCAMP5;SPHK1;RUFY1;ZFYVE16;RUFY2;OPHN1;ROCK1;LETMD1;SMPD1;MTMR2
prerank,GO_Cellular_Component_2025__Brush Border Membrane (GO:0031526),0.3118645473937236,1.0686594241131548,0.38789237668161436,0.5549601958196742,1.0,8/26,13.70%,SLC20A2;MINDY4;SLC17A3;SLC17A4;SLC22A12;SLC22A5;MFSD10;GNA13
prerank,GO_Biological_Process_2025__Positive Regulation of Inflammatory Response (GO:0050729),-0.31144916106870574,-1.0686295923946145,0.3467600700525394,0.5785724114795551,1.0,10/33,17.48%,AGXT;LPL;PLA2G3;NUPR1;CASP1;CASP12;CASP5;PYCARD;CASP4;WNT5A
prerank,Reactome_2022__Toll Like Receptor 7/8 (TLR7/8) Cascade R-HSA-168181,0.26515790868078387,1.067186844447698,0.3663594470046083,0.5568581988265255,1.0,11/54,13.50%,PELI3;PELI1;PELI2;KCNH8;APP;MAPK1;MAPK10;MAPK3;MAPK9;MAPK8;UBE2N
prerank,Reactome_2022__MyD88 Dependent Cascade Initiated On Endosome R-HSA-975155,0.26515790868078387,1.067186844447698,0.3663594470046083,0.5568581988265255,1.0,11/54,13.50%,PELI3;PELI1;PELI2;KCNH8;APP;MAPK1;MAPK10;MAPK3;MAPK9;MAPK8;UBE2N
prerank,Reactome_2022__TRAF6 Mediated Induction Of NFkB And MAP Kinases Upon TLR7/8 Or 9 Activation R-HSA-975138,0.26515790868078387,1.067186844447698,0.3663594470046083,0.5568581988265255,1.0,11/54,13.50%,PELI3;PELI1;PELI2;KCNH8;APP;MAPK1;MAPK10;MAPK3;MAPK9;MAPK8;UBE2N
prerank,GO_Biological_Process_2025__Anterograde Axonal Transport (GO:0008089),0.3319711897575573,1.0669583249053374,0.36343115124153497,0.5568517925557966,1.0,6/20,22.18%,KIF3A;SPAST;KIF3B;BLOC1S1;MPP2;HAP1
prerank,WikiPathways_2024_Human__Phosphoinositides Metabolism WP4971,0.27954988235286643,1.0655965826717828,0.3516483516483517,0.5594179185214005,1.0,19/44,19.17%,INPP5D;OCRL;PLCB4;PTEN;PLCB3;PLCD4;PLCZ1;PLCH2;PLCB1;PLCH1;PLCD3;PLCB2;PLCG1;PLCE1;PLCG2;PLCD1;PIP4K2A;PIK3C3;PIK3R4
prerank,Reactome_2022__Peptide Ligand-Binding Receptors R-HSA-375276,-0.2967854305805652,-1.065148297101679,0.3625,0.5863323045865637,1.0,5/43,3.92%,ECE1;KEL;AGXT;C3;C5
prerank,GO_Biological_Process_2025__Regulation of Blood Circulation (GO:1903522),-0.37635251182850854,-1.0650518185142812,0.39215686274509803,0.5860198182925472,1.0,4/15,3.07%,PER2;ECE1;AGXT;HSPB7
prerank,GO_Biological_Process_2025__Pigment Biosynthetic Process (GO:0046148),0.3632069580262619,1.0640661206153246,0.3466666666666667,0.5626008882770815,1.0,3/17,5.07%,OCA2;HMBS;COX15
prerank,GO_Biological_Process_2025__Negative Regulation of Inflammatory Response (GO:0050728),0.2882909491226367,1.0640460863544592,0.35280898876404493,0.5621120800151524,1.0,19/38,31.98%,RHBDF2;TNFAIP8L2;MKRN2;GNAS;PPARG;PPARD;NR1D1;PPARA;NR1H3;RORA;NR1H2;PLCG1;ISL1;KLF4;CYLD;FXR1;VPS35;SAA2;SMPDL3B
prerank,GO_Cellular_Component_2025__Late Endosome Membrane (GO:0031902),0.2552206364018162,1.063941346816272,0.3302325581395349,0.5618403887350586,1.0,6/62,3.35%,ATP13A3;ATP13A4;ATP13A2;ATP13A5;KCNK6;BAIAP3
prerank,GO_Cellular_Component_2025__Endoplasmic reticulum-Golgi Intermediate Compartment Membrane (GO:0033116),-0.31329684704414834,-1.0638813790775425,0.36316695352839934,0.5882176939512382,1.0,10/30,21.47%,STX5;KDELR1;MOGAT1;STING1;MCFD2;PLPP3;GORASP1;SEC22B;SEC14L3;SEC14L2
prerank,Reactome_2022__RHOC GTPase Cycle R-HSA-9013106,0.2813000318061889,1.063540781327841,0.35714285714285715,0.5621892016308039,1.0,10/40,15.83%,PKN3;PKN1;PKN2;ARHGAP39;JUP;STOM;ARHGEF11;ARHGEF12;ARHGEF28;ARHGDIA
prerank,GO_Biological_Process_2025__Cellular Response to Ketone (GO:1901655),-0.32634548313476763,-1.0628748741532603,0.3726235741444867,0.5899688859234691,1.0,6/27,8.87%,AKR1C3;AKR1C2;CFTR;SPHK2;PCK1;PCK2
prerank,Reactome_2022__GAG Synthesis Requires Tetrasaccharide Linker Sequence R-HSA-1971475,-0.36657344762419314,-1.0625115026343976,0.3719626168224299,0.5902845931423324,1.0,6/17,26.04%,GPC1;GPC6;GPC2;GPC4;GPC5;GPC3
prerank,GO_Biological_Process_2025__Regulation of Epithelial to Mesenchymal Transition (GO:0010717),0.27058758082153195,1.0613245138501295,0.3574660633484163,0.5667689614246547,1.0,17/49,21.69%,DAB2;LRG1;LDLRAD4;EFNA1;QKI;SMAD7;SMAD4;SPRED1;SPRED3;SPRED2;MAD2L2;EZH2;PTEN;TBX5;SDCBP;SFRP2;SFRP1
prerank,WikiPathways_2024_Human__Methionine De Novo And Salvage Pathway WP3580,-0.3608754518719625,-1.0605960183443706,0.36678832116788324,0.5942347657988445,1.0,8/17,19.31%,MTAP;IL4I1;ADI1;MSRB2;MSRA;APIP;SRM;MRI1
prerank,GO_Biological_Process_2025__Spliceosomal snRNP Assembly (GO:0000387),-0.33585496292193,-1.0603899400156642,0.3739130434782609,0.5941803977364609,1.0,14/24,41.71%,LIN9;PRPF3;SMN1;GEMIN2;SART3;PRMT5;PRMT7;PRPF19;PRPF8;DDX20;CD2BP2;SNRPB;SNRPE;PRPF6
prerank,GO_Molecular_Function_2025__Carboxy-Lyase Activity (GO:0016831),0.3322455694138502,1.060310367058109,0.3810623556581986,0.5686213286557434,1.0,4/20,12.35%,GAD2;GAD1;AZIN2;AZIN1
prerank,GO_Biological_Process_2025__Negative Regulation of Protein Serine/Threonine Kinase Activity (GO:0071901),0.3354524373857666,1.0602707673998375,0.3618421052631579,0.5681612504038902,1.0,6/21,17.29%,PRKCH;MEN1;INPP5K;TFAP4;PTEN;GADD45A
prerank,Reactome_2022__Processing Of Intronless Pre-mRNAs R-HSA-77595,-0.3586465377788344,-1.0600035643045713,0.3930635838150289,0.594531253556168,1.0,8/18,29.06%,WDR33;CPSF6;CPSF7;SYMPK;CSTF2;CSTF2T;PABPN1;CSTF1
prerank,GO_Biological_Process_2025__Protein Localization to Nucleus (GO:0034504),0.24163249403602927,1.059828539621471,0.3382352941176471,0.5686343666649604,1.0,24/85,21.41%,HEATR1;IPO5;RANBP6;RPF2;RRS1;INTS13;ARL2;IPO13;NUP214;POM121C;NPAP1;POM121L2;NUP153;POM121;KPNB1;KPNA1;KPNA5;KPNA6;EIF4ENIF1;IPO4;TAF3;IPO7;NPM1;SIRT6
prerank,GO_Biological_Process_2025__Cell-Cell Junction Organization (GO:0045216),-0.34752738825282853,-1.0591795116735137,0.37954939341421146,0.5959409185339379,1.0,10/21,25.76%,NLGN4X;NLGN2;LIMS2;LIMS1;PARD6A;PARD6B;MARVELD2;OCLN;FSCN1;FZR1
prerank,Reactome_2022__SUMO E3 Ligases SUMOylate Target Proteins R-HSA-3108232,0.23150458432933502,1.0590866765392817,0.31958762886597936,0.5698979224736359,1.0,24/111,15.50%,PMEPA1;XPC;POLR1A;EID3;PARP1;PCGF2;RNF2;RING1;PPARGC1A;NOP58;RAD21;NUP214;POM121C;NUP153;POM121;PPARG;RARA;THRA;PPARA;NR1H3;RORA;VDR;NR1H2;NR1I2
prerank,GO_Biological_Process_2025__Antiviral Innate Immune Response (GO:0140374),0.30590125533949514,1.0587239262835677,0.37616822429906543,0.5702199837192877,1.0,11/27,28.00%,UBE2W;DHX15;NCK1;UBE2N;ZDHHC1;ZDHHC11B;ZDHHC11;NMBR;SENP7;TRAF6;PDE12
prerank,GO_Biological_Process_2025__Regulation of Tumor Necrosis Factor-Mediated Signaling Pathway (GO:0010803),-0.31396797540961724,-1.058070191953966,0.3747680890538033,0.5980521696612259,1.0,10/28,18.67%,SPHK1;IKBKB;CASP1;CARD16;CASP8;PYCARD;PYDC1;CASP4;DICER1;GPS2
prerank,GO_Molecular_Function_2025__Phosphatase Binding (GO:0019902),0.25777607621538506,1.05785581574583,0.345372460496614,0.571755005438738,1.0,13/61,13.58%,ANK1;PPP3R1;SH3RF2;KIF3A;POLR1B;MAPK1;CTNND1;SPRED1;JUP;KCNN4;MAPK3;MAPK8;CDC27
prerank,GO_Biological_Process_2025__B Cell Differentiation (GO:0030183),-0.35462519826368516,-1.0575935758025308,0.38727272727272727,0.5986708389099058,1.0,8/20,24.81%,ITGA4;SLC39A7;SYVN1;ITGB1;AQP8;GPS2;TPD52;ZBTB7A
prerank,Reactome_2022__Signaling By NOTCH2 R-HSA-1980145,-0.35151036036889777,-1.0571268697557883,0.3879003558718861,0.5992247556286876,1.0,10/21,33.57%,MIB1;PSEN2;PSEN1;APH1A;APH1B;UBA52;DLL4;JAG2;DLL1;JAG1
prerank,GO_Biological_Process_2025__Positive Regulation of Carbohydrate Metabolic Process (GO:0045913),0.33052607300916187,1.0568390099532277,0.375,0.573554761142159,1.0,7/20,17.52%,EGF;APP;IRS2;IRS1;SLC4A4;SLC45A3;PDGFB
prerank,GO_Biological_Process_2025__Response to Epidermal Growth Factor (GO:0070849),0.36016504996824533,1.056019696834545,0.3801295896328294,0.5750080683913534,1.0,6/16,17.69%,SYAP1;INPP5K;MAPK1;MAPK3;EEF1A1;PLCG1
prerank,GO_Biological_Process_2025__Regulation of Actin Polymerization or Depolymerization (GO:0008064),0.3720767778957661,1.0557259406748278,0.37748344370860926,0.5751335531058663,1.0,9/15,31.42%,HAX1;GBA2;FCHSD1;FCHSD2;ARHGAP28;ARHGAP18;ARHGAP40;NAA80;BRK1
prerank,GO_Biological_Process_2025__Regulation of Lipid Biosynthetic Process (GO:0046890),-0.34699203590811334,-1.0555067990370037,0.38022813688212925,0.6025544657186989,1.0,4/20,8.86%,C3;AVIL;MLXIPL;PCK1
prerank,WikiPathways_2024_Human__IL5 Signaling WP127,-0.35404029058417646,-1.055234288030051,0.400359066427289,0.6026416230851632,1.0,11/18,27.77%,MAP2K1;MAP2K2;PIK3CG;RPS6;STAT5B;STAT5A;RPS6KB2;RPS6KA1;RPS6KB1;JUN;SHC1
prerank,GO_Biological_Process_2025__Rho Protein Signal Transduction (GO:0007266),-0.32646736261764814,-1.0549098825857293,0.3942652329749104,0.6028706662214331,1.0,10/26,16.61%,EPS8L1;EPS8L2;EPS8L3;ARHGEF1;RHOA;RHOB;ARHGAP27;ROCK1;ROCK2;GNA12
prerank,GO_Biological_Process_2025__Response to Estradiol (GO:0032355),-0.3453105227482975,-1.0547765184282858,0.37105751391465674,0.6026220044509966,1.0,6/21,20.00%,CYP19A1;KAT5;WNT8B;STAT5B;ZNF703;SOCS2
prerank,GO_Cellular_Component_2025__Early Endosome (GO:0005769),0.2157216196466279,1.054476983274899,0.32727272727272727,0.5775385225085432,1.0,26/165,10.88%,LDLRAP1;ATP13A3;ATP7A;ATP13A4;KIAA0319;TBC1D16;LNPEP;SH3GL2;GRIA1;BAIAP3;PMEPA1;LDLRAD4;INPP5F;OCRL;EHD2;EHD3;APP;PICALM;HPS3;LDLR;WASHC5;MAPK1;LAMP5;KCNH1;MICALL1;DOP1B
prerank,GO_Molecular_Function_2025__ATPase Binding (GO:0051117),0.28418138072927945,1.0542483587498834,0.36961451247165533,0.5775530214593061,1.0,9/39,15.49%,ANK1;SNU13;ZNHIT6;FBL;ATP6V1E1;SNTA1;NOP58;NKD2;NR1H2
prerank,GO_Cellular_Component_2025__Lytic Vacuole Membrane (GO:0098852),-0.22357585661187174,-1.0539126085439976,0.33073322932917315,0.6041123443935922,1.0,35/195,13.82%,GAA;ECE1;SCARB1;SCARB2;SEH1L;SLC26A11;PCSK9;SLC15A3;SLC2A8;SLC2A6;ABCC10;CFTR;SLC46A3;SLC29A3;CLN3;DPP4;TMEM192;MYO6;GBA1;DNAJC5;ENPEP;ABCA5;SPHK2;PLEKHM2;ZFYVE26;PLEKHF1;VASN;PRKCSH;SLC38A9;CTSD;SEC13;ANXA6;ANXA2;SLC35F6;WDR24
prerank,Reactome_2022__RND3 GTPase Cycle R-HSA-9696264,0.3234043305688349,1.0538999966381235,0.4067415730337079,0.5778381227956478,1.0,10/22,29.06%,HOMER2;PICALM;CKB;TMOD3;CCDC88A;NISCH;CKAP4;ANKRD26;KCTD13;TNFAIP1
prerank,Reactome_2022__Signaling By NOTCH3 R-HSA-9012852,0.29331619487306804,1.053885534054893,0.3476297968397291,0.577322165883647,1.0,13/34,27.41%,EGF;WWC1;PLXND1;TACC3;YBX1;ADAM10;PBX1;KAT2B;KAT2A;HEY1;HES5;HEY2;HEYL
prerank,Reactome_2022__Golgi Associated Vesicle Biogenesis R-HSA-432722,0.28419657640202906,1.0534866078763907,0.37383177570093457,0.5776789788602982,1.0,5/39,5.22%,HOMER2;SH3D19;SH3GL2;OCRL;PICALM
prerank,GO_Cellular_Component_2025__Cortical Cytoskeleton (GO:0030863),-0.30361195755941606,-1.0532917093168472,0.4031141868512111,0.6050392024816672,1.0,16/33,31.71%,SLC2A1;GSN;GYS2;TRPC4;GMFB;GMFG;WDR1;EPB41;FLOT2;RDX;EZR;FZR1;COTL1;FLOT1;LLGL2;LLGL1
prerank,KEGG_2021_Human__Thyroid cancer,-0.3479771884563451,-1.0530753696683524,0.37294332723948814,0.6049694852352814,1.0,8/21,19.72%,BAX;BAK1;MAP2K1;MAP2K2;CCND1;RXRG;RXRB;RXRA
prerank,KEGG_2021_Human__Neutrophil extracellular trap formation,-0.2740221264510203,-1.052983769084,0.3684210526315789,0.6046491023335475,1.0,15/56,15.10%,HDAC6;ITGAL;ITGAM;ITGA2B;C3;C5;MAP2K1;MAP2K2;RAC2;ITGB2;AQP9;CASP1;CASP4;PIK3CD;PIK3CB
prerank,GO_Biological_Process_2025__Non-Canonical Wnt Signaling Pathway (GO:0035567),0.2884924309118323,1.0528472668947766,0.3511111111111111,0.578554740846974,1.0,16/33,21.75%,NLK;FRZB;TMEM67;CELSR2;CELSR1;CELSR3;CCDC88C;FZD7;SFRP2;SFRP5;SFRP1;FZD1;FZD10;FZD9;FZD2;FZD8
prerank,KEGG_2021_Human__Thyroid hormone signaling pathway,0.23907571553060672,1.0516066388307503,0.34660421545667447,0.5808868647080617,1.0,23/90,17.82%,PRKCA;PRKCB;PRKCG;ATP2A2;ATP1A4;ATP2A1;ATP1A2;MAPK1;MAPK3;ATP2A3;PLCB4;THRA;PLCB3;PLCD4;PLCZ1;PLCB1;PLCD3;PLCB2;PLCG1;PLCE1;PLCG2;PLCD1;MED24
prerank,GO_Biological_Process_2025__Membrane Fusion (GO:0061025),0.33883739802387525,1.05133412395287,0.40130151843817785,0.5809815797279227,1.0,2/18,1.15%,NSF;NAPG
prerank,Reactome_2022__NGF-stimulated Transcription R-HSA-9031628,0.3234886953178322,1.051046531366886,0.35560344827586204,0.5811119972034915,1.0,11/22,35.53%,SH3GL3;KCNH8;TPH1;CREB1;SGK1;REST;ID2;ID3;ID1;ID4;CDK5
prerank,KEGG_2021_Human__Renin secretion,0.28002534375727794,1.0510067068643498,0.37583892617449666,0.5806559691378369,1.0,23/42,36.84%,PPP3R1;GUCY1B1;PPP3CB;PPP3CC;GNAS;GNAQ;PLCB4;PLCB3;PLCB1;PLCB2;CALML4;EDNRA;CALML5;CREB1;PPP3R2;ITPR1;ITPR3;ITPR2;CALM2;CALML6;CALML3;CALM3;CALM1
prerank,GO_Cellular_Component_2025__Motile Cilium (GO:0031514),0.27384023021103787,1.0509084563363738,0.3798076923076923,0.5803461560106655,1.0,20/44,31.37%,PAFAH1B1;SPA17;DNAH9;DYNC2H1;DNAH7;CFAP91;ENKUR;DNAI4;DNALI1;AK8;RSPH9;ODAD4;DNAH3;IQUB;RSPH1;CFAP20;DNAAF5;IFT52;RSPH4A;CFAP45
prerank,GO_Biological_Process_2025__Positive Regulation of Lymphocyte Differentiation (GO:0045621),-0.3568798299243429,-1.0508107636816142,0.3900184842883549,0.6092531159979732,1.0,4/17,19.27%,GATA3;XRCC6;SMARCD3;SMARCD2
prerank,GO_Biological_Process_2025__Endomembrane System Organization (GO:0010256),-0.2301437541231734,-1.0507528587709345,0.3349673202614379,0.6088293868310641,1.0,54/147,28.93%,AKR1B10;USP8;TMCC1;SNX33;TOR1A;TOR1B;PLEKHF2;LNPK;PLEKHM2;PLEKHF1;VPS4A;DYM;BAG5;TANGO2;ANXA8L1;TMED6;SEC16A;SEC16B;SEC61A1;SQSTM1;PTGES2;CDC42;VPS33B;GORASP2;GORASP1;NHERF1;NUP93;OBSL1;EXOC8;LYSMD3;SERP1;BLZF1;COG8;SURF4;UBXN2A;NSFL1C;UBXN2B;GOLGA8T;GOLGA2;GOLGA8R;GOLGA8Q;GOLGA6A;GOLGA6D;GOLGA8N;GOLGA8H;GOLGA8A;GOLGA8B;GOLGA8O;GOLGA8J;GOLGA8S;GOLGA8K;GOLGA6B;GOLGA8M;GOLGA6C
prerank,KEGG_2021_Human__Wnt signaling pathway,0.23144832648835012,1.0507263926931165,0.344559585492228,0.5802263450615885,1.0,34/103,21.76%,PRKCA;PRKCB;PRKCG;PPP3R1;LGR5;LGR4;LGR6;APC;APC2;SMAD4;PPP3CB;PPP3CC;MAPK10;MAPK9;MAPK8;NLK;NKD2;NKD1;PLCB4;PPARD;PRICKLE4;PLCB3;PLCB1;PLCB2;FZD7;SFRP2;SFRP5;SFRP1;FZD1;FZD10;FZD9;FZD2;FZD8;FZD3
prerank,WikiPathways_2024_Human__Oxidative Damage Response WP3941,-0.3514224840162846,-1.050218832339984,0.39713774597495527,0.6094882410139422,1.0,9/19,25.84%,BAK1;C5;C4B;BAG4;CASP9;CDC42;CASP3;NFKB1;PCNA
prerank,GO_Biological_Process_2025__Positive Regulation of Protein Modification Process (GO:0031401),0.29062626943199615,1.0500176094835654,0.381057268722467,0.5814556483612802,1.0,12/36,19.85%,PKN1;PELI2;REPS1;SIRT1;BMAL1;ATG14;MUSK;PROM2;TBX1;PIK3C3;AKTIP;TXN2
prerank,GO_Biological_Process_2025__Intracellular Lipid Transport (GO:0032365),-0.3649241731318378,-1.0499606496998037,0.38589981447124305,0.6095589412794867,1.0,5/16,19.49%,CPT2;NPC2;SGPP1;CPT1A;CPT1B
prerank,Reactome_2022__M Phase R-HSA-68886,-0.21819176798347065,-1.0496070289621715,0.3215926493108729,0.6097928619041231,1.0,67/224,25.02%,PSMD14;PSMD2;PSMA1;SEH1L;PSMD11;PSMA4;PSMC4;PSMB1;PSMB4;PSMC3;PSMC1;PSMA7;PSMB9;PSMA8;PSMB6;PSMB5;PSMB11;PSMB8;PSMB7;PSMB10;PPP2R5C;PPP2R5D;IST1;PSMB2;PSMB3;PSMC6;PSMC5;PSMA3;VPS4A;PSMA2;PSMD7;NUP85;PSMD8;SEC13;PLK1;PSMA5;PSMD9;KIF23;PSMD4;PSMC2;CCNB1;CCNB2;PSMD6;VRK2;VRK1;GORASP2;GORASP1;NUP210;BUB3;NUP93;NUP43;NDC1;NUP133;MCPH1;PPP2R2A;PPP2R2D;CCP110;ANAPC7;NUP205;RB1;PSMD13;NUP50;NME7;BLZF1;CDK1;ANAPC5;CDC23
prerank,GO_Biological_Process_2025__Negative Regulation of Response to External Stimulus (GO:0032102),0.25496413349634856,1.0495336064330918,0.357630979498861,0.5821196520289494,1.0,16/58,17.37%,YWHAZ;GRID2;INPP5F;CTNNA2;PCBP2;PARP1;TNFAIP8L2;PPARG;PPARD;NR1D1;PPARA;NR1H3;RORA;NR1H2;PTEN;ZDHHC18
prerank,GO_Biological_Process_2025__Positive Regulation of Lipid Biosynthetic Process (GO:0046889),-0.3311460503932254,-1.049104937867188,0.39365671641791045,0.6104088239976393,1.0,5/25,8.86%,SCARB1;KAT5;SLC27A1;MLXIPL;PCK1
prerank,GO_Biological_Process_2025__Piecemeal Microautophagy of the Nucleus (GO:0034727),-0.37569664342612336,-1.0488459545281652,0.4132841328413284,0.6105052342356472,1.0,5/15,12.25%,ATG13;ATG4A;ATG4B;ATG9B;ATG9A
prerank,"Reactome_2022__mRNA Activation Upon Binding Of Cap-Binding Complex And eIFs, Subsequent Binding To 43S R-HSA-72662",-0.28045244386965906,-1.04859388427004,0.36660929432013767,0.6105421545640227,1.0,25/51,27.96%,RPS7;RPS28;RPS8;RPS16;RPS17;RPS24;RPS15;RPS6;RPS5;EIF3J;RPS14;EIF4H;RPS15A;EIF1AX;RPS29;RPS9;RPS11;EIF3F;RPS21;RPS3;EIF2S2;RPSA;FAU;RPS12;RPS25
prerank,GO_Biological_Process_2025__Regulation of Wound Healing (GO:0061041),-0.3697756197571198,-1.0484761135778666,0.40391459074733094,0.6102426598463518,1.0,6/15,20.41%,CD109;VIL1;ITGB1;ANXA1;KANK1;OCLN
prerank,Reactome_2022__Adaptive Immune System R-HSA-1280218,-0.20753553353427664,-1.047412622629145,0.3213166144200627,0.6121842413401303,1.0,110/338,25.76%,PSMD14;PDIA3;CD36;PSMD2;PSMA1;ITGAV;ITGAL;ITGA4;KIF11;PSMD11;PSMA4;PSMC4;C3;XDH;PSMB1;CTSV;CTSL;ZNRF2;PSMB4;PSMC3;PSMC1;PSMA7;PSMB9;PSMA8;PSMB6;PSMB5;PSMB11;PSMB8;PSMB7;PSMB10;PPP2R5C;PPP2R5D;PSMB2;PSMB3;PSMC6;CTSF;PSMC5;PSMA3;PSMA2;DZIP3;PSMD7;TRIB3;MYD88;ITGB2;ITGB1;ITGB7;CTSD;PSMD8;TRPC1;SEC13;FBXL19;PRKACB;PRKACG;IKBKB;CHUK;BLMH;PSMA5;HSPA5;FKBP1A;PIK3CB;PSMD9;SEC61A1;SEC61A2;KIF23;PSMD4;PSMC2;CCNF;PSMD6;UBE2G2;VAMP3;KLHL5;CDC42;AP1G1;ORAI2;ORAI1;GLMN;SOCS3;SOCS1;SEC22B;SEC14L3;SEC14L2;PPIA;UBE2L6;RACGAP1;SEC61B;ANAPC7;SEC23A;CUL5;ITGB5;PSMD13;CAPZB;CANX;AHCYL1;DET1;ANAPC5;CDC23;NFKB1;REL;RELA;PIK3CA;FBXL7;FBXL18;FBXL15;FBXL13;FBXL22;FBXL20;SKP2;FBXL5;FBXL3;FZR1
prerank,GO_Biological_Process_2025__Protein Targeting to Vacuole (GO:0006623),-0.33071745128671864,-1.0466624226689534,0.41681901279707495,0.6133941433599474,1.0,5/23,19.04%,SCARB2;ZFYVE16;VPS4A;SQSTM1;GGA3
prerank,GO_Biological_Process_2025__Nucleobase-Containing Compound Metabolic Process (GO:0006139),-0.3382502942475,-1.0466526433812848,0.4092526690391459,0.6128531478414355,1.0,8/22,19.82%,PRPS2;ATIC;EXD2;MTAP;GDA;UPP1;SLC29A1;FPGS
prerank,Reactome_2022__Amino Acids Regulate mTORC1 R-HSA-9639288,0.2750382266563394,1.0461692196710843,0.4097222222222222,0.589642283235643,1.0,9/43,16.70%,ATP6V1A;ATP6V0E1;ATP6V0E2;ATP6V1B2;ATP6V1E1;ATP6V1E2;ATP6V1H;ATP6V1C1;ATP6V1C2
prerank,GO_Biological_Process_2025__Regulation of ERK1 and ERK2 Cascade (GO:0070372),0.2516963056589981,1.044449574015751,0.3657957244655582,0.5933440857627794,1.0,20/62,22.32%,PRKCA;PRKCZ;FSHR;YWHAZ;APP;SMAD4;SPRED1;SPRED3;SPRED2;RRAS;MAPK3;TNFAIP8L3;ZDHHC17;LGALS9;PDGFB;PDGFA;HAND2;WNK2;ARRB2;ARRB1
prerank,GO_Biological_Process_2025__Positive Regulation of Cell Development (GO:0010720),0.3365932600567436,1.0441229349458852,0.4054621848739496,0.593581405162555,1.0,4/20,13.92%,NUMBL;NUMB;RASSF10;LMOD3
prerank,KEGG_2021_Human__Osteoclast differentiation,0.2684231704061518,1.0440375313940518,0.37772397094430993,0.5932322663157925,1.0,12/48,12.15%,PPP3R1;MAPK1;GRB2;PPP3CB;PPP3CC;NCF4;MAPK10;MAPK13;MAPK3;MAPK12;MAPK9;MAPK8
prerank,Reactome_2022__Signaling By TGF-beta Receptor Complex R-HSA-170834,0.26595996767537716,1.0438391860588345,0.3870192307692308,0.5931524666647278,1.0,9/50,8.74%,PRKCZ;MEN1;PMEPA1;STUB1;PPP1CB;PARP1;MAPK1;SMAD7;SMAD4
prerank,GO_Biological_Process_2025__Positive Regulation of Ubiquitin-Dependent Protein Catabolic Process (GO:2000060),0.25508637443932364,1.0438329833437103,0.3804100227790433,0.5926090530088235,1.0,14/60,17.10%,DAB2;HECTD1;SH3RF3;SH3RF2;SIRT1;STUB1;SMAD7;SH3RF1;HSPBP1;ELOB;NKD2;CBFA2T3;PTEN;PABIR1
prerank,WikiPathways_2024_Human__Sleep Regulation WP3591,0.3484073488829252,1.0437918554848185,0.3995584988962472,0.5921532631800115,1.0,5/16,9.50%,NPAS2;TH;GRIN2A;DLAT;BTBD9
prerank,WikiPathways_2024_Human__Vitamin D Receptor Pathway WP2877,-0.2775338307477707,-1.0436741922909438,0.38341968911917096,0.6194851736878103,1.0,18/51,19.72%,ITGAM;G6PD;SLC2A4;KL;CREG2;SULT2A1;SULT1C2;TIMP3;TIMP2;HIF1A;STS;CASP14;CASP5;CCNE1;CCND1;STAM;CLPTM1L;RXRA
prerank,GO_Molecular_Function_2025__Sequence-Specific Double-Stranded DNA Binding (GO:1990837),0.19479578237371792,1.0433316192762718,0.32459016393442625,0.592692931919305,1.0,152/367,30.85%,MEN1;NPAS2;ARNT2;KCNH2;KCNH8;MBNL2;DPEP2;SCRT1;SCRT2;FOXN1;CLOCK;BMAL1;SMAD4;PROX1;CDC45;NEUROD2;OLIG2;NEUROG2;ATOH7;OLIG3;NEUROG1;BHLHE22;ATOH1;NEUROD1;BHLHE23;TAF7;GRWD1;ONECUT2;ONECUT3;ONECUT1;ZNF385D;PPARG;RARB;RORB;PPARD;RORC;NR1D1;RARA;NR1D2;THRA;NR1H3;NR1I2;TFAP4;KMT2D;SUV39H2;RBBP5;MTERF3;TBX15;TBX2;TBX6;TBX19;TBX20;TBXT;TBX1;TBX21;EOMES;TBX3;LIN28B;YBX1;YY1;HAND1;TCF21;FIGLA;HAND2;NFAT5;PTF1A;ZNF335;ISL2;ISL1;HINFP;KIF2C;FOXD2;MEIS2;TGIF2;TGIF1;PBX1;PKNOX2;TGIF2LY;TGIF2LX;PKNOX1;MEIS3;NR4A2;NR4A1;MCM10;HSPD1;TBL1XR1;TBL1X;BRD4;SP8;SP9;KLF6;KLF4;KLF16;KLF3;KLF5;KLF2;KLF13;KLF1;KLF12;KDM5A;KDM5B;CREB3L2;ATF6B;CREB3L4;CREM;CREB3L3;CREB1;ATF6;CREB3L1;BHLHE40;HES2;HEY1;HES5;HEY2;HES7;HES6;BHLHE41;FOXB1;NRL;MAFA;MAFF;MAF;MAFK;MAFG;BHLHA15;NKX6-3;NKX3-1;NKX3-2;NKX6-2;NKX2-1;NKX2-3;NKX2-5;NKX2-8;ZSCAN5A;ZNF444;ZKSCAN2;ZNF174;ZSCAN1;REST;ZNF274;OVOL2;ZSCAN29;NR3C2;ESRRB;NR3C1;ESR1;ESRRG;ESRRA;FLII;FOXA2;ZNF597;GABPB2
prerank,GO_Biological_Process_2025__Macromolecule Glycosylation (GO:0043413),-0.32413119270079804,-1.0432746443776488,0.3865979381443299,0.6199273708894457,1.0,10/26,28.74%,DDOST;GALNTL5;PMM2;FUT10;SERP1;GMPPB;NUS1;DAD1;ALG3;GOLGA2
prerank,GO_Biological_Process_2025__Negative Regulation of Stem Cell Population Maintenance (GO:1902455),-0.36647828182588893,-1.0431956460835383,0.4306049822064057,0.6195495333076869,1.0,5/16,19.94%,SAP30L;SAP30;WNT9B;HDAC2;ING1
prerank,GO_Molecular_Function_2025__Protein Phosphatase Binding (GO:0019903),0.24859128626916097,1.0427552858307818,0.3546099290780142,0.5935211651258968,1.0,16/70,17.10%,ANK1;SH3RF2;GRIN3A;ADISSP;KIF3A;POLR1B;PHACTR4;PPP3CB;JUP;KCNN4;MAPK8;ATP2B4;CDC27;PPP1R9B;SMG5;PABIR1
prerank,WikiPathways_2024_Human__Nanoparticle Mediated Activation Of Receptor Signaling WP2643,-0.35822590295386714,-1.0424182693414188,0.39783001808318263,0.6208706981184565,1.0,6/17,15.09%,ITGA1;MAP2K1;MAP2K2;PXN;ITGB1;PIK3CD
prerank,Reactome_2022__MAPK Targets/ Nuclear Events Mediated By MAP Kinases R-HSA-450282,0.3305580076456006,1.0417030921120471,0.3712984054669704,0.5955081744320744,1.0,6/21,12.15%,KCNH8;MAPK1;MAPK10;MAPK3;MAPK9;MAPK8
prerank,Reactome_2022__SUMOylation R-HSA-2990846,0.22475430928063822,1.0415016448095704,0.36159600997506236,0.5954475042774997,1.0,24/115,15.50%,PMEPA1;XPC;POLR1A;EID3;PARP1;PCGF2;RNF2;RING1;PPARGC1A;NOP58;RAD21;NUP214;POM121C;NUP153;POM121;PPARG;RARA;THRA;PPARA;NR1H3;RORA;VDR;NR1H2;NR1I2
prerank,GO_Biological_Process_2025__miRNA Processing (GO:0035196),0.33696256153636217,1.0409677178862893,0.40292275574112735,0.5962002583371876,1.0,15/19,42.34%,PUS10;PUM1;PUM2;LIN28B;LIN28A;DROSHA;BCDIN3D;NCBP1;AGO2;NCBP2;SPOUT1;SRSF3;PRKRA;TARBP2;DGCR8
prerank,GO_Biological_Process_2025__Extracellular Matrix Organization (GO:0030198),0.2550814736461069,1.0401961555467125,0.3744292237442922,0.5975576685071521,1.0,8/54,6.78%,ATP7A;SPINT1;SPOCK2;POSTN;TGFBI;APP;APLP1;NF1
prerank,GO_Biological_Process_2025__Regulation of Cellular Component Organization (GO:0051128),-0.2509205164166979,-1.0400882946107906,0.39297658862876256,0.6259913995069653,1.0,27/88,26.52%,CD36;AGXT;SLC2A10;ROS1;SPHK1;RUFY1;ZFYVE16;RUFY2;BAG5;OPHN1;EPHX2;ROCK1;ROCK2;WNT5A;WNT3A;ING4;SOCS2;CISH;CHPT1;LATS1;AURKA;PARK7;KIF14;ERMN;RAPGEF1;CCNL1;CCNL2
prerank,WikiPathways_2024_Human__Translation Inhibitors In Chronically Activated PDGFRA Cells WP4566,0.29244672147079914,1.0391946102833143,0.36682242990654207,0.5993905341301367,1.0,8/32,12.15%,PRKCA;EIF4E;EIF4EBP1;MAPK1;MAPK10;MAPK3;MAPK9;MAPK8
prerank,GO_Biological_Process_2025__Protein Polymerization (GO:0051258),0.30255744013784985,1.0386210092715764,0.38028169014084506,0.6002805130756735,1.0,10/28,20.33%,TPPP;TPPP3;TPPP2;FAM107A;WASHC5;CKAP5;UBE2C;UBE2S;TRPV4;ARL6
prerank,Reactome_2022__Processing Of Capped Intronless Pre-mRNA R-HSA-75067,-0.3216845774788205,-1.038335233483802,0.40394973070017953,0.6296699208932405,1.0,17/27,42.17%,WDR33;CPSF6;CPSF7;SYMPK;LSM10;CSTF2;CSTF2T;PABPN1;CSTF1;LSM11;ZNF473;CPSF2;NUDT21;CPSF3;SNRPB;SNRPE;CPSF4
prerank,GO_Biological_Process_2025__Aortic Valve Development (GO:0003176),-0.35604588418823874,-1.0374737000068421,0.4118705035971223,0.6311477426093602,1.0,5/17,16.38%,GATA3;SOX9;TWIST1;ROCK1;ROCK2
prerank,GO_Cellular_Component_2025__Lysosomal Membrane (GO:0005765),-0.2165839923073783,-1.0368817693033658,0.3561430793157076,0.6320271579118522,1.0,42/235,13.82%,GAA;ECE1;SCARB1;SCARB2;PRCP;DDOST;SEH1L;SLC26A11;PCSK9;SLC15A3;SLC2A8;SLC2A6;ABCC10;CFTR;SLC46A3;SLC29A3;CLN3;DPP4;TMEM192;MANBA;MYO6;GBA1;DNAJC5;ENPEP;ABCA5;ABCA2;SPHK2;PLEKHM2;ZFYVE26;PLEKHF1;VASN;PSEN1;PRKCSH;MAGT1;SLC38A9;TOM1;CTSD;SEC13;ANXA6;ANXA2;SLC35F6;WDR24
prerank,Reactome_2022__Budding And Maturation Of HIV Virion R-HSA-162588,-0.3351234003656307,-1.0368343998834928,0.3974121996303142,0.6315677074970709,1.0,20/20,66.58%,VPS4A;PPIA;VPS4B;UBA52;MVB12A;VTA1;VPS37A;SGIP1;VPS28;CHMP2B;UBC;VPS37C;VPS37B;VPS37D;CHMP5;UBAP1;CHMP4B;CHMP6;CHMP2A;UBB
prerank,GO_Molecular_Function_2025__Transcription Cis-Regulatory Region Binding (GO:0000976),-0.20942359570344948,-1.0364701114092818,0.36077844311377244,0.631923915364093,1.0,145/310,36.65%,PER2;PER1;PER3;NFIL3;GATA1;GATA6;GATA3;TRPS1;RUNX1;HSD17B4;SOX10;SOX9;SOX12;SOX2;SOX18;SOX11;SOX6;SOX17;SOX4;SOX13;SOX5;SOX7;MLXIP;MLXIPL;TWIST1;FERD3L;TWIST2;XRCC6;HIF3A;SIM2;HIF1A;EPAS1;NPAS3;E2F2;ENO1;BARX2;BARHL2;BARHL1;BARX1;SETX;STOX2;ZNF785;ZNF764;STAT6;DRAP1;ZNF513;NR2C2;RXRB;RXRA;ELL3;ELL;ELL2;KLF17;RBL1;RBL2;RB1;ZNF639;PARK7;SUV39H1;ZBTB5;NFKB1;RELA;RPS3;HSF1;HSF2;JUND;JUN;ASH2L;TCF12;BBX;GATA5;SIX1;YAP1;YY2;TP53;TP73;TP63;MSX2;MSX1;ARID4A;ARID5A;ARID5B;ARID4B;GBX2;GBX1;NOTCH4;AHR;AHRR;MIA3;ZNF875;ZNF560;ZNF337;ZNF557;ZNF559;ZNF846;ZNF169;ZNF589;ZNF705B;ZNF529;ZNF439;ZNF705G;ZNF80;ZNF25;ZNF674;ZNF248;ZFP90;ZNF554;ZNF440;ZNF620;ZNF343;ZNF619;ZNF177;ZNF19;ZNF891;ZNF566;ZFP69;ZNF596;ZNF491;ZNF705A;ZNF10;ZNF133;ZNF558;ZNF35;ZFP69B;ZNF599;ZNF582;ZNF404;ZNF69;ZNF555;ZNF705D;ZNF550;ZNF614;ZFP37;ZNF124;ZNF425;ZNF70;ZNF669;ZNF684;ZNF266;ZNF556;ZNF77;ZNF749;ATF3;FOSL2;FOS
prerank,GO_Molecular_Function_2025__Hsp90 Protein Binding (GO:0051879),0.31896842156194216,1.0364365056636287,0.3836477987421384,0.6049544544176777,1.0,4/23,6.40%,SLC12A2;NPAS2;STUB1;BMAL1
prerank,GO_Biological_Process_2025__Regulation of Epithelial Cell Migration (GO:0010632),0.34269055881444166,1.0362562411723755,0.4,0.6048812855040405,1.0,8/17,19.84%,PRKCE;RTN4;MCC;RREB1;EVL;PLCG1;PLCG2;DOCK5
prerank,Reactome_2022__NEP/NS2 Interacts With Cellular Export Machinery R-HSA-168333,-0.30763532747428163,-1.0362388577127122,0.3877917414721723,0.6319194012014232,1.0,10/31,23.52%,SEH1L;NUP85;SEC13;NUP210;NUP93;NUP43;NDC1;NUP133;NUP205;NUP50
prerank,GO_Biological_Process_2025__Negative Regulation of Canonical NF-kappaB Signal Transduction (GO:0043124),-0.3199746786294529,-1.03619739286587,0.42142857142857143,0.6314530708592846,1.0,12/26,28.19%,PER1;CASP8;PYCARD;PYDC1;DNAJA3;PPM1B;PPM1A;CACTIN;RIOK3;IRAK1;IRAK3;IRAK2
prerank,GO_Biological_Process_2025__Negative Regulation of Intrinsic Apoptotic Signaling Pathway (GO:2001243),-0.3108491521083478,-1.035795353601208,0.4028021015761821,0.631864339290176,1.0,13/29,32.26%,ARHGEF2;SYVN1;ENO1;BAG5;NME5;TMBIM6;PPIA;PPIF;PARK7;TPT1;HYOU1;TMEM161A;SOD2
prerank,GO_Biological_Process_2025__Positive Regulation of Protein Secretion (GO:0050714),-0.31395625055982146,-1.035491153806237,0.3979416809605489,0.6319724673144396,1.0,5/27,8.12%,ACHE;NLGN2;ACSL4;SOX4;ABCG1
prerank,GO_Biological_Process_2025__Positive Regulation of Stress Fiber Assembly (GO:0051496),0.32689104003767183,1.0351579571259713,0.3969957081545064,0.6070312223167373,1.0,7/20,21.69%,PKN1;SORBS3;EVL;TPM1;SYNPO2L;CCDC88A;SFRP1
prerank,WikiPathways_2024_Human__Prolactin Signaling WP2037,-0.28063126747094785,-1.0347397621587215,0.4024604569420035,0.6332010304225544,1.0,26/44,28.47%,MAP2K1;MAP2K2;PXN;ITGB1;CTSD;PIK3CG;PIK3CB;RPS6;STAT5B;STAT5A;SOCS2;SOCS3;CISH;SOCS1;CASP3;PPIA;RPS6KA2;RPS6KB1;GAB2;NFKB1;RELA;PIK3CA;PPIB;JUN;SHC1;PAK1
prerank,WikiPathways_2024_Human__Influence Of Laminopathies On Wnt Signaling WP4844,-0.3398689803672573,-1.0345160873018064,0.40186915887850466,0.6331543673162332,1.0,6/20,17.58%,SLC2A4;ICMT;CCND1;DICER1;CSNK1A1L;WNT10B
prerank,GO_Biological_Process_2025__Gene Expression (GO:0010467),-0.21163815497874003,-1.0345104823950855,0.3667180277349769,0.6326005256388536,1.0,91/263,29.49%,DUOXA2;ABCC6;GZMK;GZMA;RPS7;RPL8;CIAO2A;RPL26;RPS28;HNRNPH3;HNRNPF;RPS8;RPS16;RPL27A;RPL35;RPL30;NUP85;RPLP2;RPS26;DNAJB11;RPS17;RPS24;IKBKB;RPS18;RPL23;RPL7;SETX;RBM6;RBM5;CASP1;CASP5;CASP8;CASP9;CASP4;RPL18;FKBP1A;FKBP1B;RPS15;YTHDC1;RPS6;RPS5;RPL19;THOC3;RPL11;HARS1;RPL29;RPS14;RPL15;RPL7A;MRPL3;CASP3;CASP7;NUP133;RPS15A;RRAGC;RPL31;RPS29;RPS6KB2;RPL13A;RPLP0;AEN;ISG20L2;RPL18A;RPS9;RPS11;SARS1;HBS1L;RPL14;DDX39A;RPL12;RPS21;CELF2;RPS3;RPL9;EXOSC2;POLR3A;RPL6;RPSA;RPL4;MRPL41;FAU;ATXN1;RPS12;RPS25;RPLP1;PABPN1;RPL27;UBA52;RRBP1;CIAO1;COPS5
prerank,Reactome_2022__FCGR3A-mediated IL10 Synthesis R-HSA-9664323,0.3527013175528267,1.0344714790518323,0.424507658643326,0.6081988428776952,1.0,9/16,31.24%,PRKCA;PRKAR2A;PRKAR1B;PLCG1;PLCG2;CREB1;ITPR1;ITPR3;ITPR2
prerank,WikiPathways_2024_Human__Androgen Receptor Network In Prostate Cancer WP2263,-0.26572169667194573,-1.0343580876356566,0.36787564766839376,0.632373547471476,1.0,25/64,28.47%,BAX;ABCC4;HGF;HSD17B4;MAP2K1;MAP2K2;PXN;PLK1;ATR;CASP8;CASP9;CCND1;CHEK2;SMARCD3;SMARCD2;CASP3;BARD1;RB1;GAB1;CDK1;PIK3CA;RAPGEF1;JUN;RAD50;PAK1
prerank,KEGG_2021_Human__Pyrimidine metabolism,-0.3099113337306408,-1.034071386937048,0.4126984126984127,0.6324889063274012,1.0,8/33,14.77%,PNP;CAD;DPYS;ENTPD6;ENTPD5;UPP1;UPP2;NT5C2
prerank,Reactome_2022__Chromatin Modifying Enzymes R-HSA-3247509,0.2144470536706894,1.0340221235301068,0.3385416666666667,0.6087662914760484,1.0,49/154,27.21%,DPEP3;CLOCK;PRMT3;MECOM;SMYD2;SMYD3;RCOR1;OGT;KMT2B;H2AZ1;H2AZ2;TRRAP;EHMT1;KMT2C;KMT2A;ASH1L;SETD2;EZH2;SETDB2;NSD1;SETD1A;KMT2D;NSD3;SUV39H2;SETDB1;SETD1B;NSD2;EHMT2;RBBP5;MSL2;EPC1;KDM1B;KMT2E;WDR5;KDM4C;SETD3;MSL1;TBL1XR1;TBL1X;KAT2B;KAT2A;KDM4A;KDM4D;KDM4B;KDM5A;KDM5C;KDM5B;KDM5D;ELP3
prerank,GO_Cellular_Component_2025__Membrane Raft (GO:0045121),-0.2715528096703958,-1.0338776006102548,0.4154929577464789,0.6323776737464243,1.0,17/58,16.59%,CD36;ITGAM;CLN3;PGK1;VCL;SLC7A8;PSEN1;SULF1;ITGB2;ITGB1;CTSD;ANXA13;ANXA2;PLPP3;PLPP1;GPC1;PLSCR1
prerank,GO_Biological_Process_2025__Lytic Vacuole Organization (GO:0080171),-0.32131874432888774,-1.0337622221638472,0.4010989010989011,0.6320772070758858,1.0,8/24,22.73%,GAA;CLN3;GBA1;ZFYVE26;ACP2;SPG11;MYO7A;MFSD8
prerank,GO_Biological_Process_2025__Cellular Response to Nitrogen Compound (GO:1901699),0.23654694582802352,1.0328314370431946,0.37410071942446044,0.6110932014352435,1.0,11/82,4.82%,SLC5A5;MINDY4;HCN4;HCN2;HCN1;HCN3;TSHR;GRIN2A;INPP5K;APP;CTNNA1
prerank,GO_Biological_Process_2025__Integrated Stress Response Signaling (GO:0140467),0.3263059205938831,1.0327571396233721,0.41685144124168516,0.6107245090303511,1.0,9/21,37.08%,GCN1;EIF2AK4;EIF2S1;CREB3L4;MAFB;MAF;RPAP2;EIF2AK1;EIF2AK3
prerank,GO_Biological_Process_2025__Positive Regulation of Insulin Secretion (GO:0032024),0.32565723206581004,1.0324828227798182,0.38876889848812096,0.6107863001263468,1.0,5/19,9.62%,PRKCA;GRID1;BAIAP3;IRS2;PPP3CB
prerank,GO_Molecular_Function_2025__Single-Stranded DNA Helicase Activity (GO:0017116),-0.34061107331672696,-1.03213070371279,0.4146341463414634,0.6355217736972008,1.0,6/18,23.43%,RFC5;DNA2;MCM8;MCM4;MCM7;MCM6
prerank,Reactome_2022__Resolution Of Abasic Sites (AP Sites) R-HSA-73933,0.31261679862187935,1.032066887685905,0.41409691629955947,0.6112702019979336,1.0,4/25,8.46%,LRIG3;POLR1B;POLR1A;PARP1
prerank,GO_Molecular_Function_2025__Metallopeptidase Activity (GO:0008237),-0.2701932162374736,-1.0317539710550347,0.4115586690017513,0.6358457957868957,1.0,5/56,0.74%,PSMD14;ECEL1;ECE1;KEL;MMEL1
prerank,GO_Biological_Process_2025__Negative Regulation of Receptor-Mediated Endocytosis (GO:0048261),-0.3599083452899515,-1.031227301188778,0.4171322160148976,0.6365584818153683,1.0,7/16,25.36%,ITGAV;PCSK9;ANXA2;UBQLN2;MTMR2;ITGB3;LRPAP1
prerank,GO_Cellular_Component_2025__trans-Golgi Network Membrane (GO:0032588),0.24305292469959508,1.0309688382840247,0.3818615751789976,0.6134857310743019,1.0,14/65,15.21%,ATP7A;ATP2C2;LGR5;LGR6;SLC24A5;BAIAP3;HTR7;APP;PICK1;CLVS2;CLVS1;COG7;GNAS;RIC1
prerank,KEGG_2021_Human__Regulation of lipolysis in adipocytes,0.2901184166469292,1.030913006927876,0.40748898678414097,0.613069030648603,1.0,8/31,15.18%,TSHR;ADCY3;IRS2;IRS1;IRS4;TSHB;GNAS;ABHD5
prerank,Reactome_2022__Transport To Golgi And Subsequent Modification R-HSA-948021,0.22553670801592954,1.030767616442107,0.3871794871794872,0.6128651614302848,1.0,20/119,14.84%,NSF;ANK1;NAPG;DYNLL1;DYNLL2;GRIA1;MANEA;MAN1C1;MAN1A2;MAN1A1;TRAPPC10;PPP6R1;PPP6R3;SPTBN1;COG7;DYNC1H1;LHB;MGAT4A;MGAT4B;MGAT4C
prerank,GO_Biological_Process_2025__Negative Regulation of Telomere Maintenance via Telomere Lengthening (GO:1904357),0.35744966830750946,1.0306767642788903,0.4246575342465753,0.6124937996083201,1.0,4/15,19.45%,PARP1;NAT10;TNKS2;TNKS
prerank,GO_Biological_Process_2025__Cellular Response to Acid Chemical (GO:0071229),0.3330947866031396,1.0305477214662324,0.4089935760171306,0.6122703730157374,1.0,4/20,10.84%,CPEB3;CPEB4;IPO5;CPEB1
prerank,GO_Biological_Process_2025__Negative Regulation of Protein Modification Process (GO:0031400),0.3070001910400382,1.0300333187253965,0.43537414965986393,0.6129954906406551,1.0,4/25,5.02%,MEN1;INPP5K;TPPP;SIRT1
prerank,GO_Cellular_Component_2025__P-body (GO:0000932),0.25810518258648113,1.029828967429086,0.41007194244604317,0.6129332960452216,1.0,18/50,25.89%,EIF4E;EIF4E2;CNOT3;IGF2BP2;IGF2BP1;IGF2BP3;BTBD2;PUM1;EIF4ENIF1;DCPS;LIN28A;PATL2;PATL1;MEX3A;CNOT7;CNOT8;ZC3H12A;ZC3H12D
prerank,GO_Biological_Process_2025__Positive Regulation of Cell-Substrate Adhesion (GO:0010811),-0.3136608638913059,-1.028544365970254,0.40310077519379844,0.6424736233886577,1.0,7/27,18.11%,P4HB;CD36;FERMT2;LIMS2;LIMS1;HACD1;CDC42
prerank,Reactome_2022__SUMOylation Of Ubiquitinylation Proteins R-HSA-3232142,-0.3143406487990323,-1.0284621592030365,0.4197761194029851,0.6420922780574054,1.0,10/29,23.52%,SEH1L;NUP85;SEC13;NUP210;NUP93;NUP43;NDC1;NUP133;NUP205;NUP50
prerank,GO_Molecular_Function_2025__Protein Phosphatase Regulator Activity (GO:0019888),0.2644507009039206,1.0283420488966923,0.40877598152424943,0.6159796991532083,1.0,29/49,39.40%,PPP3R1;YWHAB;PHACTR4;PPP6R1;PPP6R3;PPP6R2;PPP4R3B;PPP4R3C;PPP4R3A;PPP1R9B;PABIR1;B3GAT3;PPP1R15A;PPP1R15B;RNF7;DMPK;PPP3R2;PPME1;PPP2R5E;PPP2R5A;PPP2R5B;CALM2;CALM3;CALM1;EIF2AK2;PPP2R1A;PPP4R1;PPP2R1B;CNEP1R1
prerank,GO_Biological_Process_2025__Cilium Assembly (GO:0060271),0.217446692888087,1.0277693728118256,0.39097744360902253,0.6168034064784211,1.0,55/134,34.30%,DYNLL1;CEP250;OCRL;EHD2;EHD3;KIF3A;FNBP1L;CCDC66;DYNC2H1;ATAT1;MICALL1;TTBK2;CCDC40;CILK1;KIF3B;TMEM67;IFT140;RAB1A;ZMYND10;TTLL8;FUZ;BBS5;ARL6;NUDCD3;DNAAF3;KIF24;SNAP29;MAPRE2;ATP6V1D;RSPH9;TMEM138;IFT70B;CSNK1D;IQUB;RSPH1;ACTR2;CFAP20;IFT52;IFT172;RSPH4A;RSPH6A;DNAI2;IFT57;ATP6V0D1;ENKD1;CEP164;CFAP43;WDR19;TOGARAM1;TMEM80;TMEM216;TMEM17;DZIP1L;RILPL1;RILPL2
prerank,GO_Molecular_Function_2025__Phosphatidylinositol Kinase Activity (GO:0052742),-0.3587140719224895,-1.027366838885155,0.40860215053763443,0.6441496369958537,1.0,6/16,15.12%,PIP5K1A;PIK3CG;PIK3C2B;PIK3C2G;PIK3CB;PIK3C2A
prerank,KEGG_2021_Human__Lysine degradation,-0.2766215705182598,-1.0267505434727373,0.4160839160839161,0.6450778890623784,1.0,8/48,8.71%,ALDH7A1;ALDH1B1;ALDH3A2;ALDH9A1;GCDH;DHTKD1;ECHS1;ALDH2
prerank,GO_Biological_Process_2025__Electron Transport Chain (GO:0022900),-0.35896438698396216,-1.0265441551296073,0.41467889908256883,0.6450373407033543,1.0,3/15,10.26%,DHRS2;ETFB;ETFDH
prerank,KEGG_2021_Human__Non-small cell lung cancer,0.27566344085427263,1.0260925453443972,0.41496598639455784,0.6203141446295588,1.0,14/41,17.75%,PRKCA;PRKCB;PRKCG;EGF;MAPK1;GRB2;MAPK3;RARB;GADD45G;GADD45A;GADD45B;PLCG1;PLCG2;POLK
prerank,Reactome_2022__Export Of Viral Ribonucleoproteins From Nucleus R-HSA-168274,-0.2998668397822957,-1.0257861718530796,0.413854351687389,0.646281446586617,1.0,10/32,23.52%,SEH1L;NUP85;SEC13;NUP210;NUP93;NUP43;NDC1;NUP133;NUP205;NUP50
prerank,GO_Biological_Process_2025__Regulation of Protein Localization to Cell Surface (GO:2000008),-0.3527206379226373,-1.0246371197078286,0.41379310344827586,0.6485615640012732,1.0,4/18,8.00%,KCNAB2;SNX33;TOR1A;ABCA7
prerank,GO_Biological_Process_2025__Glucose Homeostasis (GO:0042593),0.2702348189900327,1.0244858636177847,0.41797752808988764,0.6236364667247604,1.0,14/44,18.98%,ADISSP;INPP5K;SIRT1;SLC37A4;IRS1;PPARGC1A;G6PC1;G6PC2;NEUROD1;PPARG;NR1D1;CRTC2;HOOK3;HOOK2
prerank,GO_Cellular_Component_2025__Plasma Membrane Raft (GO:0044853),-0.30303904709288865,-1.0242691553640102,0.42985611510791366,0.6488988160413689,1.0,13/33,20.33%,CD36;SCARB1;HDAC6;ITGAM;CLN3;SMOX;ITGB2;PLPP2;PLPP1;ADTRP;ORAI1;LRP8;LRP6
prerank,GO_Molecular_Function_2025__Nuclease Activity (GO:0004518),-0.3090772921756346,-1.0242524976304859,0.4203935599284436,0.6483477144363515,1.0,9/29,25.38%,EXOG;DNA2;EXO1;FEN1;PLSCR1;DDX1;ISG20L2;REXO5;MUS81
prerank,GO_Molecular_Function_2025__Endopeptidase Regulator Activity (GO:0061135),-0.3137110674896275,-1.0241155037592764,0.4235500878734622,0.6481179990789658,1.0,8/27,17.03%,PSMD14;PZP;ABCA2;ADRM1;UCHL5;SGPP2;ROCK2;USP14
prerank,Reactome_2022__Biosynthesis Of N-glycan Precursor (Dolichol LLO) And Transfer To Protein R-HSA-446193,-0.2803100779107332,-1.0240460461001837,0.40185185185185185,0.6477145234999325,1.0,27/42,40.34%,GLB1;GNPNAT1;DHDDS;NAGK;MPDU1;GFUS;SLC35A1;PMM1;PMM2;SLC35C1;GMDS;NANP;DPM3;GMPPB;NUS1;ALG3;SRD5A3;DPM1;AMDHD2;DOLK;CMAS;PGM3;GMPPA;ALG10B;ALG9;NANS;ALG1
prerank,GO_Biological_Process_2025__Regulation of Fibroblast Growth Factor Receptor Signaling Pathway (GO:0040036),-0.3579739382634586,-1.023432452332185,0.43130434782608695,0.6486257378671297,1.0,6/15,20.20%,SULF2;SULF1;ITGB1;GPC1;DSTYK;THBS1
prerank,GO_Biological_Process_2025__Tricarboxylic Acid Cycle (GO:0006099),0.32162219510940665,1.022732138525974,0.41139240506329117,0.6274222379422166,1.0,7/20,16.52%,CS;LDLR;DLAT;IDH3B;OGDH;OGDHL;IDH3A
prerank,Reactome_2022__Signaling By ERBB4 R-HSA-1236394,0.3065765961956682,1.0224146783559265,0.43333333333333335,0.6276640895460683,1.0,4/25,10.36%,STMN1;EGF;GRB2;ADAM17
prerank,GO_Biological_Process_2025__Autophagosome Organization (GO:1905037),0.2615028641574351,1.0223872018031022,0.413716814159292,0.6271670818176129,1.0,6/47,5.12%,DNAJC16;ATP2A2;ATP13A2;ULK2;ULK1;ATG101
prerank,GO_Biological_Process_2025__Regulation of Interferon-Beta Production (GO:0032648),-0.3457074948236462,-1.0212931774294383,0.42193308550185876,0.6533377087676058,1.0,10/18,30.69%,STING1;PYCARD;PPM1B;CACTIN;RIOK3;REL;RELB;POLR3A;TBK1;FLOT1
prerank,"GO_Molecular_Function_2025__Phosphatidylinositol-3,4,5-Trisphosphate Binding (GO:0005547)",-0.3555674346248885,-1.0212796313933992,0.4192982456140351,0.6527867192025198,1.0,9/17,24.36%,FERMT2;ZFYVE1;ZFYVE16;MYO1G;ANXA8L1;ARHGAP9;PTGES2;RACGAP1;GAB2
prerank,Reactome_2022__Transport Of Mature Transcript To Cytoplasm R-HSA-72202,-0.25987257853702966,-1.021148615497742,0.4362657091561939,0.6525556885712842,1.0,19/64,26.74%,SEH1L;NUP85;WDR33;SEC13;SRSF2;THOC3;NUP210;NUP93;NUP43;NDC1;NUP133;NUP205;NUP50;SRSF4;DDX39A;SRRM1;SYMPK;UPF3B;DHX38
prerank,GO_Biological_Process_2025__Negative Regulation of Defense Response (GO:0031348),0.26157134828008366,1.0206385159986266,0.41418764302059496,0.6309606976975195,1.0,23/48,32.47%,YWHAZ;PCBP2;PARP1;TNFAIP8L2;PPARG;PPARD;NR1D1;PPARA;NR1H3;RORA;NR1H2;ZDHHC18;ISL1;KLF4;CYLD;FXR1;LYAR;VPS35;ATG5;SAA2;SMPDL3B;C1QBP;LONP1
prerank,Reactome_2022__P75 NTR Receptor-Mediated Signaling R-HSA-193704,0.26462030644981893,1.0203654786344403,0.4014251781472684,0.6310478437879453,1.0,11/43,15.83%,PRKCI;RTN4;ITSN1;ADAM17;MAPK8;GNA13;ARHGEF11;ARHGEF12;ARHGEF18;ARHGEF3;ARHGDIA
prerank,GO_Molecular_Function_2025__Manganese Ion Binding (GO:0030145),-0.300711010399205,-1.0184880786025385,0.42123893805309737,0.6585794007634467,1.0,10/31,15.05%,MOGAT2;MOGAT1;EXD2;PCK1;PCK2;IMPA1;FAM20C;GALNT3;HMGCL;FEN1
prerank,GO_Biological_Process_2025__Positive Regulation of Gene Expression (GO:0010628),-0.21409541189904288,-1.0182327021352635,0.40342679127725856,0.658615540079895,1.0,76/223,28.39%,CD36;GATA2;ITGAX;AGXT;SLC2A10;TOR2A;MAP2K1;MAP2K2;GSN;SCAMP5;RPS7;SOX9;SOX11;SRY;TENT5B;TWIST1;SOD1;SMOX;PSEN1;HIF1A;RPL26;AGPAT1;AGPAT2;LIMS1;PRKCSH;MYD88;HTR2B;RPL23;METTL3;SEC16B;MBIP;SETX;PIK3CG;PIK3CB;EPHX2;ADTRP;LAMTOR5;ROCK1;ROCK2;PLSCR1;TTBK1;SFRP4;WNT5A;WNT3A;RPL11;GLMN;SLC24A3;ALKBH1;THBS1;LRP3;OCLN;WNT6;NOX5;EPB41L4B;PPM1F;RPS6KB1;MYOM1;ITGB8;PARK7;CELF1;RELA;RDX;MSN;EZR;SAMD4A;RPS3;UPF3A;UPF3B;RBM22;BPNT1;FER1L6;PDCD5;OTUD6B;TENT4A;TENT4B;GATA5
prerank,GO_Biological_Process_2025__Positive Regulation of Telomere Maintenance (GO:0032206),0.2833693525166682,1.0179869278128912,0.3853658536585366,0.6364091852416912,1.0,12/33,26.37%,MAPK1;MAPK3;NFRKB;MAPK15;ATRX;YY1;TNKS2;TNKS;SIRT6;INO80C;KLF4;NVL
prerank,GO_Biological_Process_2025__Glycosaminoglycan Metabolic Process (GO:0030203),-0.33464235850630963,-1.0178977858139984,0.4375,0.6588535534920074,1.0,7/20,17.26%,GUSB;HEXA;HEXB;GNS;GALNT5;IDS;SGSH
prerank,GO_Biological_Process_2025__Skeletal Muscle Tissue Development (GO:0007519),-0.32525203244925593,-1.017747952156318,0.447463768115942,0.6586379876028395,1.0,6/23,17.15%,MYORG;SVIL;SIX4;ANHX;CFLAR;VRK3
prerank,WikiPathways_2024_Human__NRP1 Triggered Signaling In Pancreatic Cancer WP5144,-0.35114214933569865,-1.0171941249405667,0.4309090909090909,0.6594139095862733,1.0,10/17,25.35%,HGF;MAP2K1;MAP2K2;CCNE2;CCNE1;NFKB2;NFKB1;REL;RELB;RELA
prerank,KEGG_2021_Human__Pancreatic cancer,-0.2917276136233478,-1.017076990107415,0.4352517985611511,0.6591191069561964,1.0,18/38,25.50%,BAX;BAK1;MAP2K1;RAC2;E2F2;IKBKB;CHUK;CASP9;PIK3CD;PIK3CB;CCND1;CDC42;RPS6KB2;RPS6KB1;RB1;NFKB1;RELA;PIK3CA
prerank,GO_Biological_Process_2025__Regulation of Proteasomal Ubiquitin-Dependent Protein Catabolic Process (GO:0032434),0.23949574482441832,1.0170614975513488,0.4090909090909091,0.6380962056381057,1.0,26/75,26.28%,DAB2;HECTD1;SH3RF3;SH3RF2;SIRT1;STUB1;SMAD7;OGT;SH3RF1;HSPBP1;ELOB;NKD2;CBFA2T3;PABIR1;DESI2;USP7;TLK2;XPO1;SIRT6;EIF3H;CSNK1D;CSNK1E;SIRT2;NOP53;N4BP1;RYBP
prerank,GO_Biological_Process_2025__Mismatch Repair (GO:0006298),0.34201872052265153,1.0169413962858476,0.43991416309012876,0.6378454999340301,1.0,6/16,24.16%,XPC;POLR1B;POLR1A;SETD2;LRIG1;MSH6
prerank,GO_Cellular_Component_2025__Platelet Alpha Granule Lumen (GO:0031093),-0.33607655914507584,-1.0165489599238244,0.4573502722323049,0.6598533089891246,1.0,5/19,8.77%,A2M;TOR4A;QSOX1;SCCPDH;FERMT3
prerank,WikiPathways_2024_Human__Nanoparticle Triggered Autophagic Cell Death WP2509,0.34504773618276563,1.0163279193721964,0.4201312910284464,0.6387291903882322,1.0,4/16,11.17%,ULK2;ULK1;ATG14;SH3GLB1
prerank,GO_Biological_Process_2025__Regulation of Cytokine Production Involved in Inflammatory Response (GO:1900015),-0.3168094413119632,-1.0161478299459277,0.44363636363636366,0.6602048636814644,1.0,11/26,25.35%,PER1;PLD4;PLD3;HIF1A;MYD88;IKBKB;PYCARD;ZFP36;CHID1;NFKB1;RELA
prerank,Reactome_2022__SUMOylation Of DNA Replication Proteins R-HSA-4615885,-0.29952759101699766,-1.0159162742082368,0.4584837545126354,0.6601652171691426,1.0,12/33,25.84%,SEH1L;NUP85;SEC13;NUP210;NUP93;NUP43;NDC1;NUP133;NUP205;AURKA;NUP50;PCNA
prerank,WikiPathways_2024_Human__Osteoarthritic Chondrocyte Hypertrophy WP5373,-0.32440376027398193,-1.015637879129382,0.42883211678832117,0.6602419154240605,1.0,12/24,27.50%,GANC;SOX9;P4HTM;HIF1A;EPAS1;NFKB1;RELB;RELA;PIK3CA;JUNB;JUND;JUN
prerank,GO_Molecular_Function_2025__Zinc Ion Transmembrane Transporter Activity (GO:0005385),-0.3595422283204792,-1.0155740957029342,0.4147727272727273,0.6598012715291593,1.0,4/15,15.61%,SLC39A7;SLC30A7;SLC30A4;SLC39A13
prerank,GO_Biological_Process_2025__Positive Regulation of Protein Kinase Activity (GO:0045860),-0.28550544709356274,-1.0155428871988896,0.4149908592321755,0.659285876650642,1.0,9/37,17.18%,MAP2K1;MAP2K2;XRCC6;CLSPN;TOM1L1;RHOA;CAB39;MMD2;MMD
prerank,GO_Biological_Process_2025__Regulation of Metal Ion Transport (GO:0010959),-0.36103774448331183,-1.0154397580455015,0.4372623574144487,0.6589675804098192,1.0,9/15,26.12%,PER1;TMX1;WNK1;ORAI1;EPB41;NKAIN3;NKAIN2;NKAIN4;NKAIN1
prerank,GO_Cellular_Component_2025__Cytoplasmic Vesicle Membrane (GO:0030659),-0.21343210603622056,-1.015419673417667,0.3996815286624204,0.6584458849459999,1.0,50/211,19.32%,ALDH3B1;ECE1;CD36;SCARB1;SCARB2;ITGAX;SLC15A3;SLC2A3;SLC2A4;SNX2;TOR1A;CFTR;ZNRF2;ABCA3;ABCA2;ABCA4;ABCG4;STING1;PLEKHM2;PLEKHF1;VPS4A;DOK3;SMOX;RAB11A;MYD88;ITGB1;ARHGAP10;SLC30A4;TOM1;GGA2;CTSD;RHOA;RHOB;AQP2;AQP5;AQP6;SLC39A13;ORMDL3;WNT7A;WNT7B;WNT5A;WNT4;WNT5B;WNT3A;VAMP5;VPS33B;AP1G1;GGA1;GGA3;FRMPD3
prerank,GO_Biological_Process_2025__Regulation of Immune Response (GO:0050776),0.303172805379805,1.015388493922564,0.42272727272727273,0.6404922363645233,1.0,12/25,25.85%,AMBP;ERAP1;SH2D1A;INPP5D;INPPL1;SLA2;PPP1R9B;BIRC2;XIAP;BIRC3;GPR108;N4BP1
prerank,GO_Biological_Process_2025__Regulation of Mitotic Cell Cycle (GO:0007346),0.23717518195031195,1.014674463684302,0.4320388349514563,0.6417345019561294,1.0,7/71,5.43%,PRKCA;PKN2;EIF4E;EIF4EBP1;APP;SIRT1;XPC
prerank,GO_Biological_Process_2025__Regulation of Nervous System Development (GO:0051960),0.2975141999459192,1.0145909193113438,0.43237250554323725,0.6413677412934787,1.0,17/29,29.40%,LGI4;BMAL1;SIRT2;BHLHE40;HES2;HEY1;HES5;HEY2;HES7;HES3;HEYL;HES6;BHLHE41;HELT;DOCK7;FXR1;NKX6-2
prerank,Reactome_2022__Degradation Of Extracellular Matrix R-HSA-1474228,-0.3031679033477089,-1.0144908542377227,0.44912280701754387,0.6601381267577006,1.0,6/32,12.44%,TPSAB1;CTSV;CTSL;TIMP2;PSEN1;CTSD
prerank,Reactome_2022__mRNA Splicing - Minor Pathway R-HSA-72165,0.2732251927346746,1.0138402476035329,0.4088785046728972,0.6426341401604236,1.0,18/40,38.05%,POLR2K;SF3B3;DDX42;YBX1;SNRNP200;SF3B5;TXNL4A;POLR2I;NCBP1;SNRPD2;RNPC3;POLR2B;SNRPD3;POLR2L;POLR2J;POLR2E;NCBP2;ZMAT5
prerank,Reactome_2022__Potential Therapeutics For SARS R-HSA-9679191,0.26433125516339184,1.0135539217743348,0.46462264150943394,0.6427402734533109,1.0,8/46,11.24%,ATP1A4;ATP1A2;AP2A2;AP2A1;DPEP3;RCOR1;GRB2;NCK1
prerank,Reactome_2022__RUNX1 Regulates Genes Involved In Megakaryocyte Differentiation And Platelet Function R-HSA-8936459,0.29767281087085823,1.0135425590446359,0.4179431072210066,0.6421979954129331,1.0,14/26,25.41%,KMT2B;H2AZ1;H2AZ2;KMT2C;KMT2A;SETD1A;KMT2D;SETD1B;RBBP5;KMT2E;NR4A3;CBFB;WDR5;KAT2B
prerank,GO_Molecular_Function_2025__Protein Serine/Threonine Kinase Activity (GO:0004674),0.20156431650561657,1.0133382117257217,0.42492917847025496,0.642103819968294,1.0,26/211,12.16%,PKN3;PKN1;PRKCA;PRKCE;PRKCB;PKN2;PRKCG;PRKCZ;PRKCH;PRKCI;ULK2;ULK1;GRK5;GRK2;MAPK1;TTBK2;CDK10;SRPK2;MAPK13;MAPK3;CILK1;MAPK12;SRPK3;MAPK9;MAPK8;NLK
prerank,GO_Biological_Process_2025__Positive Regulation of Protein Phosphorylation (GO:0001934),0.24074012637374706,1.012895587238598,0.4147465437788018,0.6426218199696795,1.0,19/72,19.85%,PKN1;PELI2;EGF;REPS1;SIRT1;DGKQ;EFNA5;EFNA1;MAPK1;ATG14;MAD2L2;PDCD10;MUSK;PROM2;PDGFB;PDGFA;TBX1;AKTIP;TXN2
prerank,GO_Biological_Process_2025__Notch Signaling Pathway (GO:0007219),-0.3179123828173862,-1.012320874831232,0.4169611307420495,0.6648497227938845,1.0,13/23,34.84%,GALNT11;MIB1;PSEN2;PSEN1;GMDS;APH1A;APH1B;NOTCH4;DLL4;JAG2;DLL1;JAG1;CFAP58
prerank,Reactome_2022__Signaling By Nuclear Receptors R-HSA-9006931,0.21579063614164232,1.012283843016754,0.4319371727748691,0.6435171824178731,1.0,25/134,15.49%,GNGT2;GNGT1;GNG5;GNG11;GNG10;PRKCZ;KCNH8;EGF;PMEPA1;POLR2K;KCTD6;DLAT;MAPK1;MAPK3;GNB5;GNAT3;H2AZ1;H2AZ2;RAD21;FASN;RARB;PPARD;RARA;NR1H3;NR1H2
prerank,GO_Biological_Process_2025__Positive Regulation of Cell Adhesion (GO:0045785),0.2815819176964862,1.0110765051764827,0.41935483870967744,0.6458707530795127,1.0,10/34,17.52%,PRKCA;YWHAG;RSU1;PKP3;PKP1;TPM1;ARL2;STX3;STX4;PDGFB
prerank,Reactome_2022__SUMOylation Of SUMOylation Proteins R-HSA-4085377,-0.3026643484770404,-1.0110010636773683,0.4664246823956443,0.6675164768322684,1.0,10/30,23.52%,SEH1L;NUP85;SEC13;NUP210;NUP93;NUP43;NDC1;NUP133;NUP205;NUP50
prerank,GO_Biological_Process_2025__Insulin Receptor Signaling Pathway (GO:0008286),0.2952441080030065,1.0105546004728665,0.42289719626168226,0.6465388603376889,1.0,6/28,16.09%,GRB2;IRS2;IRS1;IRS4;SORBS1;BCAR3
prerank,KEGG_2021_Human__Type II diabetes mellitus,-0.299415806443626,-1.010538869728241,0.44404332129963897,0.6680330343731198,1.0,13/30,20.06%,HK1;SLC2A4;SLC2A2;ABCC8;PKM;PKLR;IKBKB;PIK3CD;PIK3CB;SOCS2;SOCS3;SOCS1;SOCS4
prerank,GO_Cellular_Component_2025__Recycling Endosome Membrane (GO:0055038),0.2674435319429109,1.0103786803244421,0.43612334801762115,0.6463813596601974,1.0,10/40,11.91%,ATP13A3;ATP13A4;GRIA1;BAIAP3;EHD2;EHD3;SLC36A2;LAMP5;MICALL1;LZTR1
prerank,GO_Biological_Process_2025__Positive Regulation of Viral Process (GO:0048524),0.28330630882685864,1.0097133690127322,0.42663656884875845,0.6474008359099558,1.0,12/31,29.25%,PKN2;SRPK2;KPNA6;SRPK1;TBC1D20;VAPB;CNOT7;FKBP6;PDE12;CLEC4G;CD209;ATG5
prerank,Reactome_2022__Nuclear Envelope Breakdown R-HSA-2980766,-0.2813726358382039,-1.0094027436058,0.4467713787085515,0.6701100140567969,1.0,16/43,24.51%,SEH1L;NUP85;SEC13;PLK1;CCNB1;CCNB2;VRK2;VRK1;NUP210;NUP93;NUP43;NDC1;NUP133;NUP205;NUP50;CDK1
prerank,WikiPathways_2024_Human__3Q29 Copy Number Variation Syndrome WP4906,0.2855855565186819,1.009049801196497,0.4369565217391304,0.6485211235390922,1.0,6/30,13.50%,DYNLL1;DYNLL2;GRIA1;SIRT1;DYNC2H1;UBE2N
prerank,Reactome_2022__VxPx Cargo-Targeting To Cilium R-HSA-5620916,0.34304876581693,1.0086217618909095,0.4570815450643777,0.6490142929760134,1.0,3/16,10.90%,CNGB1;CNGA4;EXOC5
prerank,Reactome_2022__mTORC1-mediated Signaling R-HSA-166208,0.3231768684822808,1.008112647266444,0.44813278008298757,0.6496478150459744,1.0,3/20,3.86%,EIF4E;YWHAB;EIF4EBP1
prerank,Reactome_2022__Recruitment And ATM-mediated Phosphorylation Of Repair And Signal Proteins At DNA Double Strand Breaks R-HSA-5693565,-0.31201547578963174,-1.0079838913495662,0.46714031971580816,0.6729728234548598,1.0,6/25,11.11%,KAT5;EYA2;EYA1;EYA4;EYA3;UBXN1
prerank,WikiPathways_2024_Human__AGE RAGE Pathway WP2324,0.2747836234875968,1.0079353968446463,0.45348837209302323,0.6495170764481172,1.0,9/35,12.15%,PRKCA;PRKCB;PRKCZ;ALPL;MAPK1;IRS1;MAPK3;MAPK9;MAPK8
prerank,GO_Biological_Process_2025__Negative Regulation of Protein Localization (GO:1903828),0.30434701993570085,1.0069862404987782,0.42332613390928725,0.6513671900850113,1.0,5/24,10.62%,YWHAZ;APP;CTNNA1;PICALM;TTBK2
prerank,GO_Biological_Process_2025__Epithelial to Mesenchymal Transition (GO:0001837),-0.3342200998512259,-1.0061374772044935,0.4485294117647059,0.6768946866128736,1.0,7/20,17.50%,SOX9;HIF1A;LIMS1;ROCK1;ROCK2;WNT5A;WNT4
prerank,Reactome_2022__Translation R-HSA-72766,-0.20924939543082702,-1.0058661136882225,0.4332344213649852,0.6769307919039514,1.0,98/235,33.77%,DDOST;RPS7;RPL8;SSR3;RPL26L1;RPL26;RPS28;RPN1;PPA2;PPA1;RPS8;RPN2;RPS16;RPL27A;RPL35;RPL30;SPCS2;RPLP2;RPS17;RPS24;EEF1B2;EEF1D;SSR1;RPL23;RPL7;RPL18;SEC61A1;SEC61A2;SSR2;RPS15;SEC11C;SEC11A;RPS6;RPS5;EIF3J;SSR4;RPL19;RPL11;HARS1;RPL29;RPS14;RPL15;RPL7A;MRPL3;MRPS24;EIF4H;RPS15A;MRPL45;RPL31;EIF1AX;RPS29;CARS1;SEC61B;RPL13A;RPLP0;RPL18A;RPS9;RPS11;SARS1;EIF3F;RPL14;MRPL14;RPL12;RPS21;RPS3;RPL9;EIF2S2;RPL6;RPSA;RPL4;MRPL41;FAU;RPS12;RPS25;RPLP1;MRPL47;RPL27;UBA52;PARS2;MRPL16;TRAM1;DARS2;EIF5;EEF1G;AIMP1;SEC61G;RPS2;MRPL15;MRPL20;MRPS17;RPS23;MRPS35;SARS2;GARS1;RPS4Y2;RPS4X;RPS4Y1;MRPL36
prerank,GO_Biological_Process_2025__Cellular Response to Interleukin-1 (GO:0071347),-0.3042949842882768,-1.0057470651929539,0.42752293577981654,0.6766432157343365,1.0,18/30,32.82%,SOX9;HIF1A;MYD88;IKBKB;PYCARD;RPS6KA4;RPS6KA5;CACTIN;NFKB1;RELA;IRAK1;IRAK3;IRAK2;RC3H1;ATL1;GBP2;GBP1;MAPK11
prerank,GO_Cellular_Component_2025__Vesicle Coat (GO:0030120),0.28101433363198325,1.005455234992631,0.42538975501113585,0.6546810779616761,1.0,6/33,11.80%,CIDEB;ENTHD1;MYCBPAP;EPN1;EPN2;EPN3
prerank,KEGG_2021_Human__Measles,-0.2579476410321428,-1.0051274598163034,0.4468802698145025,0.6775173214907475,1.0,26/62,28.17%,BAX;BAK1;MYD88;IKBKB;CHUK;RACK1;CASP8;CASP9;PIK3CD;PIK3CB;CCND3;CCNE2;CCNE1;CCND1;CCND2;STAT5B;STAT5A;CASP3;NFKB1;RELA;MSN;PIK3CA;IKBKE;TBK1;JUN;IRAK1
prerank,GO_Biological_Process_2025__Male Meiotic Nuclear Division (GO:0007140),0.3289528714409687,1.0049218257869796,0.43844492440604754,0.6554361970382203,1.0,6/17,25.40%,KCTD19;ZNF541;SLC25A31;HSPA2;UBR2;BRDT
prerank,WikiPathways_2024_Human__TCA Cycle Aka Krebs Or Citric Acid Cycle WP78,0.34410353766459384,1.0048652979445032,0.4588477366255144,0.6549928735590421,1.0,9/16,31.43%,CS;IDH3B;OGDH;ACO2;IDH3A;SDHA;SDHC;DLD;SDHD
prerank,GO_Molecular_Function_2025__GTPase Activator Activity (GO:0005096),0.22673999442574305,1.0042909186017914,0.44358974358974357,0.6558710383225378,1.0,27/95,22.32%,TBC1D16;RGS9BP;ARHGAP39;OCRL;REPS1;PLXNB1;NF1;FAM13B;FAM13A;RANBP1;SIPA1L3;RAP1GAP2;SIPA1L1;SIPA1L2;SIPA1;RAP1GAP;GNB5;GNAQ;TBC1D7;PLCB1;TBC1D25;LARS1;ARFGEF1;TBC1D20;STXBP5;STXBP5L;ARRB1
prerank,GO_Biological_Process_2025__Protein-Containing Complex Organization (GO:0043933),-0.2506701546616263,-1.004242164666483,0.4707846410684474,0.6790800383622498,1.0,23/75,22.90%,SEH1L;SLC2A1;VIL1;SOX9;DNAJB12;DNAJB14;SLC7A9;LPXN;PEX14;HACD1;ANKS4B;VAMP3;NHERF1;NHERF2;PARD6B;WASF3;WASF1;OCLN;WIPF1;NDC1;NUP133;NUP205;CHCHD10
prerank,Reactome_2022__Negative Regulation Of PI3K/AKT Network R-HSA-199418,-0.27962130425882153,-1.004088383087821,0.44404973357015987,0.6788439633857409,1.0,9/40,11.54%,KLB;KL;PIP5K1A;PPP2R5C;PPP2R5D;FRS2;RAC2;TRIB3;MYD88
prerank,Reactome_2022__Vpr-mediated Nuclear Import Of PICs R-HSA-180910,-0.30315467763618364,-1.003808604944645,0.4500907441016334,0.678357361226153,1.0,10/29,23.52%,SEH1L;NUP85;SEC13;NUP210;NUP93;NUP43;NDC1;NUP133;NUP205;NUP50
prerank,Reactome_2022__Interactions Of Vpr With Host Cellular Proteins R-HSA-176033,-0.30315467763618364,-1.003808604944645,0.4500907441016334,0.678357361226153,1.0,10/29,23.52%,SEH1L;NUP85;SEC13;NUP210;NUP93;NUP43;NDC1;NUP133;NUP205;NUP50
prerank,GO_Biological_Process_2025__Regulation of Canonical Wnt Signaling Pathway (GO:0060828),0.2183249543245552,1.0034443459380504,0.46116504854368934,0.6573842013159358,1.0,37/114,25.32%,DAB2;LGR5;LGR4;LGR6;EGF;UBE2B;APP;MCC;BMAL1;TMEM198;SMAD4;JUP;MAD2L2;GNAQ;FRZB;NKD2;NKD1;FRMD8;FUZ;CCDC88C;RNF146;SCYL2;UBR5;TNKS2;TNKS;WNK2;FZD7;SFRP2;SFRP5;SFRP1;FZD9;XIAP;MLLT3;CSNK1D;CSNK1E;TBL1XR1;TBL1X
prerank,GO_Biological_Process_2025__Regulation of Cell Cycle Process (GO:0010564),-0.24284731039649893,-1.0033706127119557,0.4590443686006826,0.67880869843789,1.0,33/84,34.05%,PDXP;KIF11;DPF1;DPF3;DPF2;SOX9;ZFYVE26;RAB11A;SIX3;PLK1;RPL23;CDC42;SMARCD3;SMARCD2;RACGAP1;PPP2R2A;PPP2R2D;CCP110;OBSL1;AURKA;TXLNG;CCNL1;CCNL2;PRMT5;SMARCE1;UVRAG;ZWILCH;BCL7C;BCL7B;PRPF40A;CDK11A;CDK11B;PROC
prerank,WikiPathways_2024_Human__Cardiomyocyte Signaling Converging On Titin WP5344,-0.35055773560694914,-1.0032893273744314,0.44587155963302755,0.6784273241274508,1.0,6/15,13.47%,CRYAB;MAP2K1;MAP2K2;PRKACB;PRKACA;PRKACG
prerank,GO_Biological_Process_2025__Positive Regulation of Biosynthetic Process (GO:0009891),-0.26101811326952334,-1.0028033225211919,0.4697754749568221,0.67902326316954,1.0,13/50,18.92%,CD36;HBB;RUNX1;ASL;MLXIPL;PCK1;PPTC7;PAOX;HIF1A;PIK3CB;WNT4;HDAC2;AGXT2
prerank,GO_Biological_Process_2025__Regulation of Gluconeogenesis (GO:0006111),0.3402285651406655,1.002751832438255,0.4503311258278146,0.6584661044172653,1.0,9/16,26.62%,SIRT1;DGKQ;OGT;PPARGC1A;USP7;SIRT6;KAT2A;GNMT;SIRT7
prerank,GO_Biological_Process_2025__Regulation of G1/S Transition of Mitotic Cell Cycle (GO:2000045),-0.2534516196732218,-1.0022565909673746,0.44293015332197616,0.6797892718711761,1.0,26/66,34.05%,DPF1;DPF3;DPF2;CCND3;CCNE2;CCNE1;CCND1;CCND2;KANK2;SMARCD3;SMARCD2;RBL1;RBL2;RB1;KIF14;RDX;CCNH;LSM10;PPP2CA;SMARCE1;CRLF3;BCL7C;BCL7B;LSM11;RRM1;PROC
prerank,GO_Cellular_Component_2025__Cytoplasmic Side of Plasma Membrane (GO:0009898),0.2525041578659966,1.0020602349351553,0.45,0.6595391993073036,1.0,7/56,4.48%,ANK1;LDLRAP1;KCNIP1;TH;SYAP1;AP2A2;AP2A1
prerank,GO_Biological_Process_2025__Positive Regulation of Multicellular Organismal Process (GO:0051240),-0.2153595350464224,-1.002052011273199,0.4519230769230769,0.6797132530749826,1.0,43/181,19.94%,PER2;ACHE;CD36;ITGAX;AGXT;DPF2;LPL;CPT2;SCAMP5;ACSL1;PLA2G3;SAP30L;SAP30;SOX9;SOX8;SOX11;SOX6;SOX5;ABCA7;TWIST1;FERMT2;SOD1;SMOX;EPAS1;AGPAT1;AGPAT2;TGFB1I1;ENO1;SIX4;HTR2B;YBX2;PIK3CG;ROCK1;ADIPOR1;WNT5A;TAPT1;LETMD1;HDAC2;STAT6;GLMN;ZNF703;NR2C2;ING1
prerank,Reactome_2022__Regulation Of HSF1-mediated Heat Shock Response R-HSA-3371453,-0.2562044841761282,-1.0019038106455347,0.46063651591289784,0.6794930789316879,1.0,19/60,23.52%,SEH1L;DNAJC7;HSPA9;DNAJB6;DNAJB1;BAG4;BAG3;BAG5;NUP85;SEC13;HSPA5;NUP210;HSBP1;NUP93;NUP43;NDC1;NUP133;NUP205;NUP50
prerank,GO_Molecular_Function_2025__SH3 Domain Binding (GO:0017124),-0.3163162547391737,-1.0016596016091477,0.45195729537366547,0.6795187493311006,1.0,9/23,21.27%,RUFY1;RUFY2;ESPN;ARHGAP27;CASP9;PLSCR1;WASF2;SOCS4;WIPF1
prerank,GO_Cellular_Component_2025__Condensed Chromosome (GO:0000793),0.2927588018840539,1.0015411608864173,0.4501108647450111,0.6602446709165211,1.0,9/28,30.37%,NOL6;EID3;RRS1;TUBG1;LRPPRC;KIFAP3;BRD4;NCAPD3;ESRRB
prerank,GO_Biological_Process_2025__Regulation of miRNA Transcription (GO:1902893),-0.3030518284030683,-1.001478502003134,0.4352517985611511,0.679373865612924,1.0,5/29,10.23%,GATA2;GATA3;SOX9;TWIST1;HIF1A
prerank,KEGG_2021_Human__Fc gamma R-mediated phagocytosis,-0.2623696857465852,-1.0013909193920139,0.44482758620689655,0.6789927449769249,1.0,21/53,22.12%,PIP5K1A;MAP2K1;GSN;SCIN;SPHK2;SPHK1;RAC2;PLPP2;PLPP3;PLPP1;PIK3CD;PIK3CB;CFL1;CFL2;ACTR3;CDC42;WASF3;WASF1;WASF2;RPS6KB2;RPS6KB1
prerank,GO_Biological_Process_2025__Regulation of Microtubule-Based Process (GO:0032886),0.2946500377723332,1.0009512538388954,0.42437923250564336,0.661093693192372,1.0,5/28,7.80%,BICD2;BICD1;TPPP;FAM107A;EFNA5
prerank,GO_Cellular_Component_2025__Cell Projection Membrane (GO:0031253),0.24292465323997442,1.0008054758933493,0.44208037825059104,0.6608675835114175,1.0,9/59,7.19%,SLC12A2;SLC20A2;MINDY4;CNGB1;CNGA4;SLC17A3;SLC17A4;SLC22A12;SLC22A5
prerank,GO_Biological_Process_2025__Regulation of BMP Signaling Pathway (GO:0030510),-0.29824617309722773,-1.0005311859422452,0.4533333333333333,0.6804994334516966,1.0,11/31,25.67%,ITGA3;PCSK6;SOX11;SULF1;NGLY1;SFRP4;TWSG1;LRP2;MTMR4;SPART;FBXL15
prerank,GO_Biological_Process_2025__Mitochondrion Organization (GO:0007005),0.23171755647475367,1.0000925001952785,0.4469135802469136,0.6620351063087092,1.0,8/82,3.52%,PRKCA;ATP7A;ATP2A1;HAX1;LRIG3;COX7A1;COX7A2;COX7A2L
prerank,GO_Biological_Process_2025__Positive Regulation of RNA Biosynthetic Process (GO:1902680),0.18772267762216185,0.9997951176104358,0.48024316109422494,0.6622024988000635,1.0,107/323,27.36%,BMAL2;NPAS2;ARNT2;KCNH2;KCNH8;YWHAH;EGF;TNNI2;INPP5K;DPEP3;DPEP2;PICALM;XPC;CLOCK;BMAL1;SF3B3;FUBP3;MECOM;ZNF541;TRERF1;SMAD4;RREB1;PPP3CB;OGT;KMT2B;PPARGC1A;EDF1;MAD2L2;NEUROG3;NEUROD1;TAF7;NFRKB;ARHGEF11;TRRAP;MSANTD1;DNAJC2;PPARG;RORB;PPARD;RORC;NR1D1;RARA;NR1D2;PPARA;NR1H3;RORA;NR1H2;NR1I2;TFAP4;SMARCA1;KMT2A;NSD1;NSD3;PDGFB;PLCB1;USP21;MED24;TBX5;TBX1;TBX21;EOMES;KARS1;YY1;SCX;NMD3;MSL2;EDRF1;EPC1;EPC2;NPM1;FZD7;SFRP1;FZD1;FZD2;HINFP;ACVRL1;PBX4;INO80C;MAPRE3;KMT2E;MLLT1;MLLT3;WDR5;DEAF1;KDM8;SF3B5;SETD3;MSL1;ACVR1;TBL1XR1;TBL1X;BRD4;KAT2B;KAT2A;KLF6;KLF4;KLF2;KLF1;RYBP;YAF2;EBF3;KDM5A;CREB3L2;CREB3L4;CREB1;CREBL2;HES5
prerank,WikiPathways_2024_Human__Thymic Stromal Lymphopoietin TSLP Signaling WP2203,-0.33648064653940213,-0.998879978548455,0.4470802919708029,0.6839915781856161,1.0,11/18,25.35%,MAP2K1;MAP2K2;RPS6;STAT5B;STAT5A;STAT6;GAB2;NFKB2;NFKB1;RELB;RELA
prerank,GO_Biological_Process_2025__Negative Regulation of Protein Catabolic Process (GO:0042177),0.288306239196412,0.9984048245283864,0.4703389830508475,0.6651246993787795,1.0,6/29,15.21%,PRKCG;SF3B3;MAD2L2;AZIN2;AZIN1;RIC1
prerank,GO_Molecular_Function_2025__Ubiquitin-Like Protein Conjugating Enzyme Binding (GO:0044390),0.32818696102184064,0.9976185513503217,0.448559670781893,0.6664854984845566,1.0,11/18,37.60%,RNF5;RNF185;PPARA;MARCHF6;DCUN1D3;TRAF6;ARIH1;DCUN1D5;DCUN1D2;DCUN1D1;DCUN1D4
prerank,GO_Biological_Process_2025__Negative Regulation of mRNA Catabolic Process (GO:1902373),-0.309706664626056,-0.9971227562306899,0.45112781954887216,0.6877469748494794,1.0,5/25,7.91%,NOCT;TENT5A;TENT5C;TENT5D;TENT5B
prerank,GO_Biological_Process_2025__Positive Regulation of Cell Population Proliferation (GO:0008284),0.2025858872241146,0.997089406265927,0.47435897435897434,0.6671747208002596,1.0,55/171,25.75%,PKN1;PRKCH;PRKCI;MINDY4;TSHR;EGF;SIRT1;GRK5;EFNB2;IRS2;IRS1;NOP2;PROX1;CNOT6L;CNOT6;ADAM17;DBF4B;SRPK2;PDCD10;FSHB;RASSF10;STX3;STX4;RARA;MAPK15;BCAR3;EZH2;KMT2D;PTEN;PDGFB;PDGFA;TBX2;TBX20;TBX1;TBX3;ADAM10;SDCBP;MVD;SCX;NPM1;SIRT6;SFRP2;SFRP1;FZD9;MEIS2;MEIS1;MEIS3;NR4A3;BIRC5;TSC22D1;KDM4C;CNOT7;CNOT8;FAM98A;FAM98B
prerank,GO_Biological_Process_2025__Negative Regulation of Oxidative Stress-Induced Intrinsic Apoptotic Signaling Pathway (GO:1902176),-0.3486062703535515,-0.9968141220682728,0.4351687388987567,0.6879460733833344,1.0,6/16,23.60%,HIF1A;BAG5;RACK1;NME5;PPIA;PARK7
prerank,GO_Biological_Process_2025__Regulation of Steroid Metabolic Process (GO:0019218),-0.3593872565495981,-0.996762529250581,0.45506692160611856,0.6874988274391755,1.0,3/15,8.12%,UGT1A8;UGT1A1;ABCG1
prerank,GO_Biological_Process_2025__Negative Regulation of Cell Differentiation (GO:0045596),0.2152452718995243,0.9966716695267558,0.4583333333333333,0.6676317106413532,1.0,38/121,22.62%,MEN1;TMEM53;RTN4;CHADL;LDLRAD4;SIRT1;PTBP1;BMAL1;CSRP3;CSRP1;EFNA1;SMAD7;PKP2;SPRED1;SPRED3;SPRED2;MAD2L2;PTGR3;PPARG;RORB;PPARA;NR1H3;RORA;NR1H2;RUNX1T1;PTEN;TBX5;TBX1;TBX3;EIF2AK4;TCF23;CTR9;IPO7;SFRP2;SFRP1;MEIS2;MEIS1;NFKBIA
prerank,WikiPathways_2024_Human__Senescence Associated Secretory Phenotype SASP WP3391,0.2745856975269445,0.9960978820873232,0.4423529411764706,0.6685192424074116,1.0,11/35,20.53%,H3-3A;MAPK1;MAPK3;CDC27;H2AZ1;H2AZ2;UBE2C;EHMT1;EHMT2;UBE2S;CDC16
prerank,GO_Biological_Process_2025__Mitotic Cytokinesis (GO:0000281),-0.2833432821587475,-0.9955664112130592,0.44833625218914186,0.6898237613357789,1.0,12/37,22.69%,USP8;SNX33;DHDDS;RHOC;RHOB;PLK1;KIF23;ROCK1;ROCK2;ANLN;RACGAP1;EXOC8
prerank,GO_Biological_Process_2025__mRNA Transport (GO:0051028),0.2725286732066004,0.9953964836373633,0.45751633986928103,0.6697453086836186,1.0,20/38,40.47%,EIF4E;SMG6;UPF2;QKI;NUP214;SMG5;XPO1;FXR1;FMR1;FXR2;THOC2;NCBP1;NUP88;RBM15B;SLBP;UPF1;NCBP2;SMG1;NUP160;SRSF3
prerank,GO_Biological_Process_2025__Positive Regulation of Intracellular Signal Transduction (GO:1902533),-0.20656913870014937,-0.9953542369466786,0.4924698795180723,0.6898001950802979,1.0,70/245,21.94%,MYORG;AKR1C3;AKR1C2;NLGN1;CD36;GATA3;ITGAV;BAX;BOK;CHI3L1;CTBP2;AGXT;TOR2A;SOX2;SOX11;SPHK1;FERMT2;NUPR1;VCP;MOCOS;SOD1;RUNDC3A;BTBD10;LIMS1;SLCO3A1;MYD88;ITGB1;SLC38A9;WDFY1;RHOA;RHOC;SEC13;PLPP3;IKBKB;CHUK;WDR24;HTR2B;SLC19A1;RPL23;RACK1;BCAP31;CASP1;CFLAR;CARD16;CASP8;PYCARD;FKBP1A;PIK3CG;RPS15;ADTRP;LAMTOR5;ROCK1;ROCK2;TSPYL5;WNT5A;WNT4;GPS2;NHERF1;TWSG1;NUP93;RXRB;RXRA;THBS1;MAP3K3;DDX1;RRAGD;PPIA;FRMD6;PPM1A;TAB1
prerank,GO_Cellular_Component_2025__Actin Filament (GO:0005884),0.27758700786053625,0.9952139158794517,0.4444444444444444,0.6696452580417653,1.0,11/34,21.22%,PKN1;TPM3;TPM4;TPM1;TPM2;TMOD1;LMOD1;GAS2L1;PLS1;PLS3;RCSD1
prerank,GO_Molecular_Function_2025__Phosphatase Activator Activity (GO:0019211),-0.32518596052973736,-0.9938145478420887,0.4737827715355805,0.6929744612241333,1.0,4/20,9.86%,ITGA1;PPP2R5C;PPP2R5D;FRS2
prerank,GO_Biological_Process_2025__Negative Regulation of Double-Strand Break Repair (GO:2000780),-0.3501813962570452,-0.9937155780130791,0.46823956442831216,0.692622487786004,1.0,7/16,26.25%,KAT5;TWIST1;PLK1;UBQLN4;OTUB1;CGAS;HSF1
prerank,WikiPathways_2024_Human__Physico Chemical Features And Toxicity Associated Pathways WP3680,0.270340774748881,0.993394483148103,0.45598194130925507,0.6734709604362388,1.0,15/35,21.76%,GRIA1;APC;MAPK1;GRB2;NCK1;MAPK8;PLCG1;MAP2K4;FZD7;FZD1;FZD10;FZD9;FZD2;FZD8;FZD3
prerank,GO_Biological_Process_2025__Negative Regulation of Gene Expression (GO:0010629),0.19903343605033444,0.9931436443496444,0.4702702702702703,0.6735247752711261,1.0,53/214,22.00%,PRKCH;ATP2B1;EIF4E2;SH3GL2;LGR4;CPEB3;CIDEA;SYT12;TOB1;EIF4EBP1;APP;SIRT1;PICALM;DGKQ;PTBP3;PTBP1;PTBP2;ERP29;EPRS1;IGF2BP2;IGF2BP1;IGF2BP3;QKI;SMYD5;SERBP1;DIP2A;PDCD10;PUM1;ATP2B4;PPARG;LGALS9;TARDBP;EZH2;SETDB2;SUV39H2;SETDB1;EIF4ENIF1;PDGFB;NDFIP1;NDFIP2;YBX1;LIN28A;ADAM10;YY1;GIGYF2;HAND2;EPC1;ENC1;SIRT6;SFRP2;SFRP1;HINFP;ACVRL1
prerank,GO_Biological_Process_2025__Apoptotic Process (GO:0006915),-0.23058465606236142,-0.9929555392543749,0.4745484400656814,0.6939178034106284,1.0,32/109,21.57%,BCL2L10;BAX;BAK1;BOK;DPF1;DPF2;GZMA;LALBA;PXMP2;MYD88;ITGB2;DHDDS;RHOB;TRPC5;CASP6;CFLAR;CASP12;CASP5;CASP8;CASP9;PYCARD;CASP4;CASP2;PLSCR1;GLMN;BRAT1;CASP3;CASP7;ERCC2;NOX5;RRAGC;PPIA
prerank,GO_Biological_Process_2025__Regulation of Glycolytic Process (GO:0006110),-0.31048736395239035,-0.9926080945674611,0.47330960854092524,0.6941574667530327,1.0,6/25,10.23%,SLC2A6;FBP1;MLXIPL;NUPR1;PSEN1;HIF1A
prerank,Reactome_2022__SARS-CoV Infections R-HSA-9679506,-0.20920465678799055,-0.9923723977871913,0.47392638036809814,0.6941626512617785,1.0,74/213,28.19%,DDOST;ITGA4;SEH1L;CTSL;MOGAT2;MOGAT1;SAP30L;SAP30;RPS7;STING1;VCP;RPS28;PRKCSH;RPN1;RPS8;RPN2;RPS16;ITGB1;FUT8;NUP85;TUSC3;MAGT1;SEC13;RPS17;RPS24;IKBKB;CHUK;FKBP1A;GPC1;GPC6;GPC2;GPC4;SMN1;RPS15;MTA1;MTA2;ROCK1;ROCK2;ISCU;RPS6;RPS5;HDAC2;VPS33B;NUP210;NUP93;RPS14;NUP43;NDC1;NUP133;RPS15A;RPS29;TAB1;NUP205;RB1;SEC23A;RPS9;NUP50;RPS11;GEMIN2;CANX;CNBP;RPS21;RPS3;GPC5;GPC3;RPSA;IKBKE;TBK1;FAU;RPS12;DAD1;RPS25;IRAK1;IRAK2
prerank,Reactome_2022__Sensory Processing Of Sound R-HSA-9659379,-0.2669717345792598,-0.9922211176383774,0.475177304964539,0.6939454948269009,1.0,20/44,25.44%,CLIC5;CTBP2;EPS8L2;GSN;DNAJC5;MYO15A;ESPN;ESPNL;USH1G;LHFPL5;TMC1;TMC2;EPB41L1;EPB41L3;MYO7A;CAPZB;FSCN2;RDX;MSN;EZR
prerank,GO_Biological_Process_2025__Regulation of Neuron Apoptotic Process (GO:0043523),-0.2508491161396652,-0.9920486896072408,0.4618249534450652,0.6937809763870018,1.0,18/63,16.45%,BAX;MCL1;PCSK9;CLN3;PLA2G3;NUPR1;SOD1;SIX4;CASP6;CASP14;CFLAR;CASP12;CASP5;CASP8;CASP9;CASP4;CASP2;NRBP2
prerank,Reactome_2022__tRNA Aminoacylation R-HSA-379724,0.2622686255695851,0.9920307799461076,0.4601366742596811,0.6757832917269805,1.0,19/39,37.00%,EPRS1;TARS2;DTD1;YARS1;IARS1;FARS2;KARS1;LARS1;RARS1;MARS1;VARS1;MARS2;NARS2;AARS1;FARSA;WARS2;AIMP2;EARS2;LARS2
prerank,GO_Biological_Process_2025__Negative Regulation of Cell Growth (GO:0030308),0.2556409945806292,0.9916302556757928,0.4672686230248307,0.676169723426208,1.0,14/49,22.00%,KIAA0319;RTN4;ULK2;ULK1;SMAD4;DIP2B;SIPA1;FRZB;IP6K2;PPP1R9B;SFRP2;SFRP1;DCUN1D3;ACVRL1
prerank,GO_Cellular_Component_2025__Protein Serine/Threonine Phosphatase Complex (GO:0008287),0.2975871228700364,0.9911156330131059,0.4845814977973568,0.6769064368401251,1.0,7/24,15.03%,PPP3R1;PPP3CB;PPP3CC;PPP4R3B;PPP4R3C;PPP4R3A;NKD1
prerank,GO_Biological_Process_2025__Small GTPase-mediated Signal Transduction (GO:0007264),-0.23961746489775101,-0.9907989757876243,0.466893039049236,0.6963101454536821,1.0,22/88,16.61%,USP8;EPS8L1;EPS8L2;EPS8L3;ARHGEF1;RUNDC3A;DOK2;DOK1;DOK3;PRKCSH;RHOA;RHOB;NUCB2;NUCB1;ARHGAP12;ARHGAP15;ARHGAP27;ARHGAP9;CCNA2;ROCK1;ROCK2;GNA12
prerank,GO_Biological_Process_2025__Negative Regulation of Intracellular Signal Transduction (GO:1902532),0.21296288040351577,0.9904944879948197,0.47229551451187335,0.677880820894291,1.0,31/141,16.53%,SH3GL2;PMEPA1;LDLRAD4;INPP5K;WWC1;WWC3;WWC2;SIRT1;STUB1;DGKG;DGKD;BMAL1;NF1;SMAD7;CTNND1;SPRED1;SPRED2;SLA2;PRKAR2A;TNFAIP8L1;MKRN2;TBC1D7;PPARG;NR1D1;PPARA;RORA;PRKAR1B;STRIP1;EZH2;AKT1S1;PTEN
prerank,WikiPathways_2024_Human__P53 Transcriptional Gene Network WP4963,0.25874235503615983,0.9903773032110019,0.48358862144420134,0.6776113029441937,1.0,11/43,17.75%,ULK2;ULK1;XPC;APAF1;PERP;ALDH4A1;ZMAT3;AKT1S1;PTEN;GADD45A;POLK
prerank,GO_Biological_Process_2025__Positive Regulation of Transcription by RNA Polymerase I (GO:0045943),0.3144251819198272,0.9901762432518977,0.45336225596529284,0.6775730258717197,1.0,10/20,29.57%,HEATR1;DDX56;UTP15;PWP1;BAZ1B;MARS1;MTOR;SIRT7;LYAR;DEK
prerank,GO_Biological_Process_2025__Positive Regulation of Actin Filament Bundle Assembly (GO:0032233),0.2971716433958233,0.9900621915352804,0.48558758314855877,0.6772616110318905,1.0,9/24,21.69%,PKN1;SORBS3;EVL;TPM1;SYNPO2;SYNPO;SYNPO2L;CCDC88A;SFRP1
prerank,Reactome_2022__Disassembly Of Destruction Complex And Recruitment Of AXIN To Membrane R-HSA-4641262,-0.33022563170569375,-0.9899474751899779,0.4666666666666667,0.6978029279551842,1.0,8/20,27.15%,PPP2R5C;PPP2R5D;WNT8B;WNT8A;WNT3A;LRP6;PPP2CB;PPP2CA
prerank,GO_Molecular_Function_2025__Kinase Activator Activity (GO:0019209),0.31637481296500947,0.9898052383280063,0.4730941704035874,0.6772924274739381,1.0,4/20,13.36%,MAPK8IP2;DBF4B;MADD;EEF1A1
prerank,GO_Biological_Process_2025__Regulation of Cytokinesis (GO:0032465),-0.27566085985255473,-0.9889536990132356,0.4785714285714286,0.6996558329491425,1.0,17/39,24.78%,PDXP;SVIL;ZFYVE26;VPS4A;ZFYVE19;RAB11A;DHDDS;RHOA;PLK1;KIF23;GIPC1;CDC42;RACGAP1;CCP110;AURKA;KIF14;ZNF367
prerank,GO_Cellular_Component_2025__Microtubule Cytoskeleton (GO:0015630),0.19883007321710794,0.9887946571930414,0.46742209631728043,0.6792332902562138,1.0,66/196,28.40%,MX2;PRKCI;GUCA1B;TUBA1C;TUBA1B;TUBA3E;TUBA1A;TUBA3C;TUBA3D;SYNJ1;OCRL;KIF3A;TPPP;TPPP3;TPPP2;MAPK1;CCDC66;SPAST;KATNB1;DYNC2H1;TTBK2;MAPK3;TUBG1;CLIP1;MAD2L2;ARL2;DYNC1H1;CKAP5;KIF3C;KIF3B;CDC27;TTLL8;TTLL6;DPP9;CCT4;LRPPRC;PIK3R4;GAS2L1;TUBGCP4;KIFAP3;NISCH;ARL6;DNALI1;KIF24;KIF2C;AK9;MAPRE2;MAPRE3;MAPRE1;TBCC;BIRC5;TMEM138;CSNK1D;RASSF1;SIRT2;PCIF1;KLF4;CBX1;CYLD;AFG2B;KATNAL2;FKBP6;MAST2;BUD31;TUBGCP3;TUBB4B
prerank,GO_Molecular_Function_2025__Peptidase Activator Activity (GO:0016504),-0.32605857473030686,-0.9880809366871146,0.46689895470383275,0.7012505026828113,1.0,9/20,34.01%,PSMD14;VCP;ROCK2;APH1A;APH1B;CASP8AP2;CLPX;DMWD;WDR20
prerank,GO_Biological_Process_2025__Negative Regulation of Organelle Assembly (GO:1902116),0.32728835020186264,0.9880462952465715,0.4694736842105263,0.6805001956716149,1.0,8/19,25.42%,FEZ2;SMAD4;CDK10;TBC1D7;KIF24;CEP97;KAT2B;KAT2A
prerank,GO_Biological_Process_2025__Regulation of Innate Immune Response (GO:0045088),0.27343115386855477,0.9878572340052864,0.4611872146118721,0.680426772984113,1.0,17/36,32.60%,ERAP1;YWHAZ;SH2D1B;PARP1;RNF185;ZDHHC18;ZDHHC4;POLR3D;BIRC2;XIAP;BIRC3;N4BP1;LYAR;ATG5;POLR3B;LONP1;DHX9
prerank,GO_Biological_Process_2025__T Cell Receptor Signaling Pathway (GO:0050852),0.2924203254086768,0.9875970843609337,0.4735632183908046,0.6804894915840938,1.0,8/28,17.72%,INPP5D;CLSTN1;KHDRBS1;EIF2B3;PDE4B;UBE2N;PLCG1;PLCG2
prerank,GO_Biological_Process_2025__Metaphase Chromosome Alignment (GO:0051310),-0.3081215117972562,-0.9874751147836464,0.46823956442831216,0.7021268156578193,1.0,8/25,25.02%,SEH1L;VPS4A;RAB11A;GMNN;CCNB1;VPS4B;KIF14;CDC23
prerank,KEGG_2021_Human__Renal cell carcinoma,-0.2791674860713763,-0.9868815172940423,0.48201438848920863,0.7029672327811856,1.0,17/39,28.48%,SLC2A1;HGF;MAP2K1;MAP2K2;HIF1A;EPAS1;PIK3CD;PIK3CB;FH;CDC42;GAB1;PIK3CA;RAPGEF1;JUN;PAK3;PAK1;PAK2
prerank,GO_Biological_Process_2025__Negative Regulation of Cytokine-Mediated Signaling Pathway (GO:0001960),0.2865463693383938,0.9867790015420116,0.4627906976744186,0.6819804812351108,1.0,11/30,26.35%,PELI3;EIF4E2;PPARG;NR1H3;NR1H2;GIGYF2;XIAP;BIRC7;NAIP;CNOT7;CYLD
prerank,WikiPathways_2024_Human__IL4 Signaling WP395,-0.287796797179111,-0.9859799415367134,0.46221441124780316,0.7045863939829804,1.0,16/31,27.77%,DOK2;IKBKB;CHUK;PIK3CD;STAT5B;STAT5A;STAT6;SOCS3;SOCS5;SOCS1;RPS6KB1;GAB2;NFKB1;RELA;PIK3CA;SHC1
prerank,Reactome_2022__Glycosaminoglycan Metabolism R-HSA-1630316,0.23107785573970324,0.9855029543309718,0.49029126213592233,0.6846283554479883,1.0,20/73,17.02%,HS3ST5;SLC26A2;SLC26A1;HS3ST4;HS3ST3B1;HS3ST2;HS3ST3A1;NDST3;CHST1;CHST3;CHST6;CHST5;CHST7;CHST2;HS6ST1;HS6ST3;HS6ST2;UST;PAPSS2;PAPSS1
prerank,KEGG_2021_Human__Prolactin signaling pathway,-0.26443244986707193,-0.9851137524239245,0.48300536672629696,0.7061913703370247,1.0,23/45,27.78%,SLC2A2;GALT;MAP2K1;MAP2K2;PIK3CD;PIK3CB;CCND1;CCND2;STAT5B;STAT5A;SOCS2;SOCS3;SOCS5;SOCS6;CISH;SOCS1;SOCS4;NFKB1;RELA;PIK3CA;SHC4;SHC1;SHC3
prerank,Reactome_2022__Toll Like Receptor 9 (TLR9) Cascade R-HSA-168138,0.2422533656545426,0.9846069731056291,0.5046948356807511,0.6862479465743849,1.0,11/58,13.50%,PELI3;PELI1;PELI2;KCNH8;APP;MAPK1;MAPK10;MAPK3;MAPK9;MAPK8;UBE2N
prerank,Reactome_2022__Negative Regulation Of MAPK Pathway R-HSA-5675221,-0.3174137400315321,-0.9845863480310211,0.5009242144177449,0.7068446812788411,1.0,5/22,11.13%,MAP2K1;MAP2K2;PPP2R5C;PPP2R5D;PEBP1
prerank,GO_Biological_Process_2025__Establishment of Mitotic Spindle Orientation (GO:0000132),0.32277023925068254,0.9845341177368502,0.485838779956427,0.685830563189312,1.0,3/18,9.11%,PAFAH1B1;CCDC66;INPPL1
prerank,Reactome_2022__DNA Double Strand Break Response R-HSA-5693606,-0.30317261231220244,-0.9830584766111007,0.5026548672566372,0.7099709472821919,1.0,6/26,11.11%,KAT5;EYA2;EYA1;EYA4;EYA3;UBXN1
prerank,GO_Molecular_Function_2025__Phosphoric Ester Hydrolase Activity (GO:0042578),-0.3033525250378738,-0.9830371865280737,0.4786476868327402,0.7094350137405203,1.0,10/26,25.93%,PUDP;LHPP;ARMT1;PRUNE1;PANK4;EPHX2;SBF1;PHOSPHO2;PHOSPHO1;PTPMT1
prerank,GO_Biological_Process_2025__Positive Regulation of TOR Signaling (GO:0032008),-0.27111441562473926,-0.9829824679932402,0.4845890410958904,0.7089715066575673,1.0,14/42,27.45%,SEH1L;SLC38A9;SEC13;WDR24;LAMTOR5;OTUB1;RRAGC;RRAGD;RPS6KB1;LAMTOR4;PIK3CA;TBK1;PIP4P1;WDR59
prerank,Reactome_2022__SARS-CoV-2 Activates/Modulates Innate And Adaptive Immune Responses R-HSA-9705671,-0.25683728212986084,-0.9829092358548278,0.4906621392190153,0.7085475520700601,1.0,22/55,30.00%,SEH1L;STING1;NUP85;SEC13;IKBKB;CHUK;NUP210;NUP93;NUP43;NDC1;NUP133;TAB1;NUP205;SEC23A;NUP50;CNBP;IKBKE;TBK1;IRAK1;IRAK2;NUP58;SIKE1
prerank,GO_Biological_Process_2025__Regulation of Interleukin-2 Production (GO:0032663),0.31909598388295407,0.9827319073662929,0.4760820045558087,0.689843813870125,1.0,6/19,18.09%,PRKCA;HOMER2;PDE4B;SPTBN1;PLCG2;TBX21
prerank,GO_Cellular_Component_2025__Ciliary Membrane (GO:0060170),0.3039837379064429,0.9825934869927463,0.46336206896551724,0.6895872194714086,1.0,2/20,2.52%,CNGB1;CNGA4
prerank,GO_Biological_Process_2025__Regulation of Cell Development (GO:0060284),-0.2936894336050817,-0.9818787699167855,0.46017699115044247,0.7104335730810559,1.0,5/31,13.09%,PER2;KAT6B;KAT6A;PRUNE1;ANXA2
prerank,WikiPathways_2024_Human__Zinc Homeostasis WP3529,-0.33968609141081446,-0.9813897228705553,0.46153846153846156,0.7109684652764238,1.0,4/16,15.61%,SLC39A7;SLC30A7;SLC30A4;SLC39A13
prerank,GO_Biological_Process_2025__Translational Elongation (GO:0006414),0.25664739574519,0.9808845223818312,0.4783599088838269,0.6932960315594143,1.0,7/40,13.37%,EIF4E2;GCN1;NEMF;GFM2;SKIC2;EEF1A1;EEF1A2
prerank,WikiPathways_2024_Human__Non Small Cell Lung Cancer WP4255,0.2607789855315359,0.9807803976800453,0.5034642032332564,0.6929842360629638,1.0,14/43,17.75%,PRKCA;PRKCB;PRKCG;EGF;MAPK1;GRB2;MAPK3;RARB;GADD45G;GADD45A;GADD45B;PLCG1;PLCG2;POLK
prerank,GO_Biological_Process_2025__Cellular Response to Reactive Oxygen Species (GO:0034614),0.2742511874323209,0.9803370368558392,0.4858490566037736,0.6935411933526173,1.0,7/33,12.15%,AMBP;MINDY4;SIRT1;TPM1;MAPK13;MAPK9;MAPK8
prerank,WikiPathways_2024_Human__Neurodegeneration W Brain Fe Accumulation NBIA Subtypes Pathway WP4577,0.28368714666925676,0.9795276486471678,0.5075921908893709,0.6949685091651089,1.0,8/32,19.17%,ATP13A2;ULK1;ATG101;ATG14;RB1CC1;AKT1S1;PIK3C3;PIK3R4
prerank,GO_Biological_Process_2025__Regulation of Small Molecule Metabolic Process (GO:0062012),0.3099792061996005,0.9794589290697392,0.4810924369747899,0.6945614804134318,1.0,7/20,17.17%,SIRT1;DGKQ;LDLR;RORC;PPARA;RORA;ARV1
prerank,Reactome_2022__Mitophagy R-HSA-5205647,0.3121389130295959,0.9790767321236463,0.4773218142548596,0.6949485851755456,1.0,11/19,38.26%,ULK1;TOMM40;TOMM70;MTERF3;TOMM20;ATG5;CSNK2B;UBB;TOMM22;CSNK2A2;PINK1
prerank,GO_Molecular_Function_2025__Phosphatidylinositol Phosphate Binding (GO:1901981),-0.24865292835676306,-0.9790526842553143,0.5,0.7160518188071787,1.0,13/66,14.51%,SNX11;SAP30L;FERMT2;ZFYVE1;ZFYVE16;ZFYVE26;PLEKHF1;ZFYVE28;MYO1G;ZFYVE19;TOM1;ANXA8L1;ARHGAP9
prerank,GO_Molecular_Function_2025__Phosphatidylinositol Binding (GO:0035091),-0.24395102229688198,-0.9779677541997507,0.5017006802721088,0.718128368972476,1.0,10/69,9.19%,SCARB1;SNX11;SNX2;SNX5;SNX33;PLEKHF2;SCIN;ZFYVE1;ZFYVE16;PLEKHF1
prerank,GO_Molecular_Function_2025__Acetylglucosaminyltransferase Activity (GO:0008375),0.2749179093083751,0.9777932847995255,0.5,0.6975339832004293,1.0,8/32,14.84%,EXT2;OGT;B3GNT6;EXTL1;MGAT4A;MGAT4B;MGAT4D;MGAT4C
prerank,GO_Biological_Process_2025__Positive Regulation of Wnt Signaling Pathway (GO:0030177),0.2350978591768114,0.9775901160648256,0.48009367681498827,0.6974413164236726,1.0,24/64,25.81%,LGR5;LGR4;LGR6;EGF;UBE2B;BMAL1;TMEM198;JUP;NKD1;ATP6V1C2;RNF146;UBR5;TNKS2;TNKS;WNK2;SFRP2;SFRP1;FZD9;XIAP;CSNK1D;CSNK1E;TBL1XR1;TBL1X;CRBN
prerank,GO_Biological_Process_2025__Protein Import Into Nucleus (GO:0006606),0.24045733576132075,0.9769387917650643,0.47477064220183485,0.6984821312715908,1.0,18/59,21.41%,IPO5;RANBP6;IPO13;NUP214;POM121C;NPAP1;POM121L2;NUP153;POM121;KPNB1;KPNA1;KPNA5;KPNA6;EIF4ENIF1;IPO4;IPO7;NPM1;SIRT6
prerank,GO_Biological_Process_2025__Regulation of Cytokine Production (GO:0001817),-0.2508748853009629,-0.9766386902511301,0.5008431703204047,0.7207836409705252,1.0,20/59,22.06%,PER1;GATA3;AGXT;SCAMP5;UFC1;SOD1;PLD4;PLD3;AGPAT1;AGPAT2;ANXA1;HTR2B;CASP8;PIK3CG;GLMN;TWSG1;CASP3;NOX5;RPS6KA4;RPS6KA5
prerank,Reactome_2022__Telomere C-strand (Lagging Strand) Synthesis R-HSA-174417,-0.31476130427819105,-0.9765201727061138,0.4952919020715631,0.7204706996093595,1.0,6/21,15.05%,RFC5;POLA2;CHTF18;SLC19A1;DNA2;FEN1
prerank,KEGG_2021_Human__Estrogen signaling pathway,0.22904895792466778,0.9762821130169007,0.5209302325581395,0.6995335523894043,1.0,31/72,31.60%,GNAO1;GABBR1;ADCY3;MAPK1;GRB2;GABBR2;MAPK3;GNAS;GNAQ;HSPA2;PLCB4;RARA;PLCB3;PLCB1;PLCB2;CALML4;CALML5;CREB3L2;ATF6B;CREB3L4;CREB3;CREB3L3;CREB1;CREB3L1;PGR;ESR2;ESR1;ITPR1;ITPR3;ITPR2;FKBP5
prerank,Reactome_2022__Transcriptional Regulation Of White Adipocyte Differentiation R-HSA-381340,-0.2513298759002657,-0.9762703355823207,0.4919786096256685,0.7204727016437967,1.0,21/58,33.05%,CD36;SLC2A4;LPL;LIN9;PCK1;MED28;CCND3;MED17;WNT10B;SMARCD3;RXRA;NR2F2;MED8;NFKB1;RELA;MED19;MED27;MED23;MED22;MED11;PLIN1
prerank,GO_Biological_Process_2025__NLS-bearing Protein Import Into Nucleus (GO:0006607),-0.3439357090639583,-0.9759400311959919,0.47833935018050544,0.720670293938879,1.0,6/16,16.78%,RGPD3;RGPD5;RGPD4;RGPD1;RGPD8;RGPD2
prerank,GO_Biological_Process_2025__Nuclear Transport (GO:0051169),-0.2921593880961737,-0.975702098181857,0.51183970856102,0.7206509985478483,1.0,10/31,23.52%,SEH1L;NUP85;SEC13;NUP210;NUP93;NUP43;NDC1;NUP133;NUP205;NUP50
prerank,KEGG_2021_Human__Toxoplasmosis,0.24880510995443184,0.9756711138102664,0.49445676274944567,0.7005717838187442,1.0,17/45,22.93%,GNAO1;LDLR;MAPK1;MAPK10;MAPK13;MAPK3;MAPK12;MAPK9;MAPK8;HSPA2;CYCS;NFKBIB;NFKBIA;BIRC2;XIAP;BIRC7;BIRC3
prerank,GO_Biological_Process_2025__Regulation of Autophagy (GO:0010506),0.2107919657113129,0.9755806718546706,0.5128205128205128,0.7001994733505912,1.0,29/130,19.17%,ATP6V1A;PRKCA;ATP13A2;EIF4E;HAX1;ULK2;ULK1;ATP6V0E1;ATP6V0E2;ATP6V1B2;ATG101;ATP6V1E1;ATP6V1E2;ATG14;BNIP3;SH3GLB1;MAPK8;EEF1A1;EEF1A2;ATP6V1H;RB1CC1;MAPK15;SETD2;ATP6V1C1;ATP6V1C2;ACER2;PIP4K2A;PIK3C3;PIK3R4
prerank,GO_Biological_Process_2025__Autophagy of Mitochondrion (GO:0000422),-0.27227093512495326,-0.9751678745651826,0.4855072463768116,0.7214112979121886,1.0,8/39,12.25%,NIPSNAP2;NIPSNAP1;ATG13;ATG3;ATG4A;ATG4B;ATG9B;ATG9A
prerank,KEGG_2021_Human__Leukocyte transendothelial migration,0.24883133792862036,0.974953062604429,0.48306997742663654,0.7012391832325636,1.0,10/45,12.12%,PRKCA;PRKCB;PRKCG;CTNNA1;CTNNA2;CTNND1;NCF4;SIPA1;MAPK13;MAPK12
prerank,GO_Biological_Process_2025__Wound Healing (GO:0042060),0.268362166462249,0.9745527920347045,0.492600422832981,0.7016645016997541,1.0,5/34,6.78%,PKN1;SYT7;LRG1;SYT12;NF1
prerank,GO_Biological_Process_2025__Regulation of Chromosome Organization (GO:0033044),0.28560835322848555,0.9744436154763553,0.4801762114537445,0.7013291661666565,1.0,7/25,22.50%,SMG6;EID3;NFRKB;SMG5;YY1;YLPM1;INO80C
prerank,WikiPathways_2024_Human__Selenium Metabolism And Selenoproteins WP28,-0.2992757612804713,-0.9742133844785679,0.4891696750902527,0.723068266266736,1.0,15/26,36.65%,SELENBP1;RPL30;MSRB1;SELENOT;TRNAU1AP;SARS1;NFKB1;RELA;JUN;SARS2;SP1;CTH;SEPHS1;SEPHS2;FOS
prerank,Reactome_2022__RET Signaling R-HSA-8853659,0.2813565456853506,0.9741462805484412,0.4896551724137931,0.7014336892271424,1.0,11/31,18.21%,PRKCA;CLSTN1;GRB2;IRS2;RAP1GAP;PDLIM7;PLCG1;GFRA1;GFRA3;GFRA4;GFRA2
prerank,"GO_Biological_Process_2025__Wnt Signaling Pathway, Planar Cell Polarity Pathway (GO:0060071)",-0.3296809858383575,-0.9736313686254019,0.4944029850746269,0.7238885141982685,1.0,10/18,28.26%,PRICKLE2;RHOA;WNT7A;WNT7B;WNT5A;WNT11;CDC42;VANGL1;VANGL2;DAAM1
prerank,GO_Biological_Process_2025__Negative Regulation of Cell Motility (GO:2000146),0.2356862514832951,0.972455655989747,0.51010101010101,0.7051326643293411,1.0,17/62,21.69%,SPINT2;SPOCK3;LDLRAD4;DPEP1;PLXNB3;NF1;SMAD7;OGT;TPM1;GTPBP4;MAPK15;PTEN;FUZ;TBX5;DACH1;SFRP2;SFRP1
prerank,WikiPathways_2024_Human__Regucalcin In Proximal Tubule Epithelial Kidney Cells WP4838,-0.3272524258197625,-0.9722218560536177,0.48990825688073397,0.7266251231230451,1.0,6/18,14.91%,BAX;BAK1;RGN;SEC16B;CASP8;CASP9
prerank,GO_Molecular_Function_2025__Protein Kinase Activator Activity (GO:0030295),-0.2644553395324374,-0.9712066272162554,0.4956521739130435,0.7285629307403552,1.0,13/47,17.62%,MAP2K1;MAP2K2;ATG13;FERMT2;FAM20A;CAB39L;CAB39;CCND3;CCND1;CCND2;WNK1;WNT11;SAV1
prerank,Reactome_2022__Cargo Trafficking To Periciliary Membrane R-HSA-5620920,0.2720917301723703,0.9711215361295712,0.5220417633410673,0.7079842211185298,1.0,8/33,20.87%,CNGB1;CNGA4;EXOC5;PDE6D;CCT4;BBS5;ARL6;EXOC6
prerank,GO_Biological_Process_2025__Negative Regulation of Protein Secretion (GO:0050709),0.31715001300624035,0.9709174989126867,0.5,0.7079166752735307,1.0,5/20,15.46%,ERP29;IRS1;RHBDF2;RHBDF1;NR1H3
prerank,GO_Molecular_Function_2025__UDP-galactosyltransferase Activity (GO:0035250),-0.3303983200932348,-0.9708114167260917,0.5083798882681564,0.7289103294548308,1.0,1/19,0.91%,UGT8
prerank,Reactome_2022__Nuclear Import Of Rev Protein R-HSA-180746,-0.2902065653792367,-0.9707603189231637,0.5,0.7284199532707324,1.0,10/30,23.52%,SEH1L;NUP85;SEC13;NUP210;NUP93;NUP43;NDC1;NUP133;NUP205;NUP50
prerank,WikiPathways_2024_Human__PI3K AKT mTOR Signaling And Therapeutic In Prostate Cancer WP3844,0.301903666385646,0.9707261941164906,0.5010615711252654,0.70780583873015,1.0,6/22,18.32%,ULK1;EIF4EBP1;RB1CC1;PTEN;RICTOR;MAPKAP1
prerank,GO_Molecular_Function_2025__ATP Binding (GO:0005524),-0.20955712258339054,-0.9702441350095142,0.5285714285714286,0.7290847067990864,1.0,65/175,30.70%,PDXK;ACLY;KHK;PRPS2;PRPS1L1;ABCC6;PGK2;PGK1;ABCA2;ABCA12;ABCG8;ABCG1;SPHK1;HSP90B1;VPS4A;TRIB1;PFKM;PFKL;PLK1;PRKACB;HSPA5;CAPRIN1;MOV10L1;ATP7B;NT5C2;WNK3;WNK4;WNK1;MINK1;PYGL;HARS1;PEX6;SEC14L3;SEC14L2;LATS1;CARS1;RPS6KA4;RPS6KA5;KCNJ1;MCM6;MTPAP;KIF14;RTEL1;PDK3;PDK2;PDK4;TBCK;ACVR1B;KCNJ8;KCNJ11;MKNK2;PPIP5K2;PPIP5K1;UHMK1;GUK1;HASPIN;IRAK3;MAP3K5;MAP3K6;TWF2;TWF1;PI4K2A;DARS2;CLPX;BMPR1B
prerank,GO_Cellular_Component_2025__Endosome Membrane (GO:0010008),-0.20308367855468987,-0.9699591762751975,0.5301391035548686,0.7291919002178279,1.0,40/226,13.18%,PDIA3;ECE1;SCARB2;BOK;PCSK9;SLC15A3;SNX2;CFTR;SLC29A3;CLN3;SCAMP5;SCAMP1;SCAMP2;SCAMP3;SCAMP4;DNAJC5;ABCG4;SPHK1;PLEKHM2;RUFY1;ZFYVE16;PLEKHF1;ZFYVE28;PLD3;VPS4A;RAB11A;MYD88;ITGB1;ARHGAP10;SLC30A4;ATG9B;ATG9A;TOM1;GGA2;CTSD;RHOB;ANXA6;ANXA2;ANXA1;ANXA8L1
prerank,GO_Biological_Process_2025__mRNA Catabolic Process (GO:0006402),-0.2808924485125858,-0.9699362535083376,0.5148342059336823,0.72865910558765,1.0,32/32,72.02%,RIDA;DHX34;ZFP36;EXOSC2;XRN1;RC3H1;POLR2G;EXOSC3;PNPT1;DXO;LSM6;YTHDF2;XRN2;SUPV3L1;LSM14B;CNOT10;EXOSC4;EXOSC9;SND1;DIS3L2;RNASEH1;LSM2;LSM5;DCP2;METTL16;HSPA1A;HSPA1B;EXOSC10;UPF1;EXOSC5;SKIC3;PDE12
prerank,KEGG_2021_Human__Cushing syndrome,0.2191153602144963,0.9698483814167351,0.491725768321513,0.7094195288468165,1.0,41/93,27.17%,MEN1;KCNK2;KCNK3;APC;APC2;ARNT;ADCY3;LDLR;CRHR1;MAPK1;MAPK3;ARMC5;GNAS;GNAQ;GNA11;PLCB4;KMT2A;KMT2D;RBBP5;PLCB3;PLCB1;PLCB2;FZD7;FZD1;FZD10;FZD9;FZD2;FZD8;FZD3;PBX1;NR4A1;WDR5;WDR5B;WNT16;CREB3L2;ATF6B;CREB3L4;CREB3;CREB3L3;CREB1;CREB3L1
prerank,GO_Biological_Process_2025__Regulation of Programmed Cell Death (GO:0043067),0.21553818306364492,0.9696506881197604,0.55470737913486,0.7093038495402056,1.0,32/99,22.94%,HAX1;RTN4;CIDEC;CIDEB;CIDEA;SIRT1;APAF1;MECOM;KHDRBS1;BNIP3;BNIP3L;MADD;TOMM70;TRRAP;ZDHHC17;FASN;DDX42;LGALS1;TARDBP;AKT1S1;DPP8;DPP9;LCMT1;EPC1;EPC2;HIP1R;HIP1;BIRC2;XIAP;BIRC7;BIRC3;NAIP
prerank,GO_Biological_Process_2025__Positive Regulation of Response to Biotic Stimulus (GO:0002833),0.339256032179836,0.9693225873204946,0.48322147651006714,0.7095224891879559,1.0,5/15,19.30%,PRKCA;SH2D1B;RNF185;ZDHHC4;POLR3D
prerank,GO_Biological_Process_2025__Protein Destabilization (GO:0031648),-0.29384260889113845,-0.9687976770454002,0.5090252707581228,0.7308413360459137,1.0,10/27,25.75%,ISOC2;GSN;RNF139;SOX17;PLK1;DAZAP2;GGA3;MTMR1;DERL1;FBXL3
prerank,GO_Biological_Process_2025__Protein Localization to Cell Junction (GO:1902414),-0.3328881339794756,-0.9685907171024297,0.5061728395061729,0.7307428603042969,1.0,3/17,8.76%,NLGN1;NLGN2;FERMT2
prerank,KEGG_2021_Human__C-type lectin receptor signaling pathway,0.2416151146024633,0.9682528312002634,0.5084337349397591,0.7115510498897641,1.0,25/55,31.24%,PPP3R1;MAPK1;RRAS;PPP3CB;PPP3CC;MAPK10;MAPK13;MAPK3;MAPK12;MAPK9;MAPK8;ARHGEF12;PLCG2;CALML4;NFKBIA;CALML5;CYLD;CLEC6A;CLEC4D;CLEC4M;CD209;PPP3R2;ITPR1;ITPR3;ITPR2
prerank,GO_Biological_Process_2025__Regulation of Nitric Oxide Biosynthetic Process (GO:0045428),0.29277619262379667,0.9681768391560278,0.49782608695652175,0.711116285047081,1.0,6/22,13.33%,NOS1AP;APP;KHSRP;DDAH2;DDAH1;ATP2B4
prerank,GO_Cellular_Component_2025__Acrosomal Vesicle (GO:0001669),-0.2851007184389629,-0.9681705883734688,0.5035211267605634,0.7311797620145988,1.0,7/29,10.11%,PCSK4;CFAP65;SPACA5;LYZL6;SPACA3;LYZL4;IL4I1
prerank,GO_Biological_Process_2025__Response to Amino Acid (GO:0043200),0.3074216374886705,0.9679784336043283,0.5192307692307693,0.7110390050636363,1.0,4/21,10.84%,CPEB3;CPEB4;IPO5;CPEB1
prerank,KEGG_2021_Human__NOD-like receptor signaling pathway,0.22620060118867408,0.9678056711665965,0.5260545905707196,0.7108971286105346,1.0,23/69,22.94%,PKN1;PKN2;MAPK1;MAPK10;MAPK13;MAPK3;MAPK12;MAPK9;MAPK8;PLCB4;VDAC2;PLCB3;PLCB1;PLCB2;TRPV2;TXN2;NFKBIB;NFKBIA;BIRC2;XIAP;NLRC4;BIRC3;NAIP
prerank,"GO_Molecular_Function_2025__Phosphatidylinositol-4,5-Bisphosphate Binding (GO:0005546)",0.25888310417326726,0.96760079472944,0.5056433408577878,0.7108201605773429,1.0,17/41,23.39%,LDLRAP1;SYT7;SNAP91;PICALM;JPH2;PLCZ1;PLCB1;PLCD1;MAPKAP1;SDCBP2;SDCBP;GRAMD2A;WASHC2C;HIP1R;HIP1;FZD7;SLC9A1
prerank,GO_Biological_Process_2025__Cell Junction Assembly (GO:0034329),-0.27667570097785765,-0.9672314090727169,0.49733570159857904,0.7328741905876487,1.0,4/36,2.41%,NLGN1;NLGN3;NLGN2;ITGA6
prerank,GO_Biological_Process_2025__G2/M Transition of Mitotic Cell Cycle (GO:0000086),-0.3040007395686408,-0.9670303197476252,0.5054347826086957,0.7321458601581532,1.0,11/25,25.67%,PLK1;CCNB1;CCNA2;CHEK2;TPD52L1;LATS1;AURKA;CDK1;CCNY;FBXL7;FBXL15
prerank,GO_Biological_Process_2025__Cell Cycle G2/M Phase Transition (GO:0044839),-0.3040007395686408,-0.9670303197476252,0.5054347826086957,0.7321458601581532,1.0,11/25,25.67%,PLK1;CCNB1;CCNA2;CHEK2;TPD52L1;LATS1;AURKA;CDK1;CCNY;FBXL7;FBXL15
prerank,GO_Biological_Process_2025__Cellular Response to Mechanical Stimulus (GO:0071260),0.28256086579158707,0.9669405405094204,0.5142857142857142,0.7119326598533096,1.0,10/28,19.63%,KCNK4;MINDY4;HABP4;BNIP3;MAPK3;MAPK8;CNN2;FASN;GADD45A;MAP2K4
prerank,GO_Biological_Process_2025__Regulation of Protein Serine/Threonine Kinase Activity (GO:0071900),-0.2737635110527876,-0.9669271801565851,0.511265164644714,0.7317885454484553,1.0,12/36,20.54%,MAP2K1;MAP2K2;TRIB2;TRIB1;TRIB3;RHOA;CAB39;PYCARD;CCNE2;CCNG1;LRP6;GTF2H1
prerank,GO_Biological_Process_2025__Positive Regulation of Ossification (GO:0045778),-0.3233528666355435,-0.9655154896735813,0.5100548446069469,0.7346358613627254,1.0,8/19,21.16%,KL;SOX11;TENT5A;WNT5A;WNT4;RXRB;RXRA;PTRH2
prerank,GO_Biological_Process_2025__GPI Anchor Metabolic Process (GO:0006505),0.31435395154128926,0.9648561149066017,0.4989561586638831,0.7159957782164587,1.0,3/18,12.72%,PGAP2;PIGO;PIGL
prerank,GO_Biological_Process_2025__GPI Anchor Biosynthetic Process (GO:0006506),0.31435395154128926,0.9648561149066017,0.4989561586638831,0.7159957782164587,1.0,3/18,12.72%,PGAP2;PIGO;PIGL
prerank,Reactome_2022__Sensory Processing Of Sound By Inner Hair Cells Of Cochlea R-HSA-9662360,-0.26228698471427264,-0.9642342518805009,0.5230496453900709,0.7372133268502866,1.0,19/42,25.44%,CLIC5;CTBP2;EPS8L2;DNAJC5;MYO15A;ESPN;ESPNL;USH1G;LHFPL5;TMC1;TMC2;EPB41L1;EPB41L3;MYO7A;CAPZB;FSCN2;RDX;MSN;EZR
prerank,GO_Biological_Process_2025__Regulation of Lamellipodium Assembly (GO:0010591),-0.30740348791162875,-0.9634518363925649,0.5233812949640287,0.738453612080733,1.0,10/23,29.38%,AVIL;RAC2;ACTR3;CDC42;WASF2;OCLN;FSCN1;PIK3CA;TWF2;TWF1
prerank,GO_Biological_Process_2025__Nuclear Receptor-Mediated Signaling Pathway (GO:0141193),0.2942869082236513,0.9632210422233263,0.5070422535211268,0.7193964016264709,1.0,12/25,32.47%,PPARG;RARB;RARA;THRA;PPARA;VDR;TBX1;NR3C2;PGR;NR3C1;ESR1;LONP1
prerank,WikiPathways_2024_Human__IL1 Signaling WP195,0.2647770242910657,0.9632010421411038,0.501187648456057,0.7188385346906226,1.0,8/33,13.50%,PRKCZ;PELI1;PELI2;MAPK1;MAPK3;MAPK9;MAPK8;UBE2N
prerank,"GO_Molecular_Function_2025__DNA-binding Transcription Activator Activity, RNA Polymerase II-specific (GO:0001228)",-0.207385408121502,-0.9631495803315099,0.5258358662613982,0.7386158466859744,1.0,23/165,11.46%,GATA1;GATA3;RUNX1;HSD17B4;SOX10;SOX9;SOX15;SOX12;SOX2;SOX18;SOX11;SOX14;SOX17;SOX30;SOX4;SRY;SOX3;SOX7;MLXIP;HIF1A;E2F2;HLF;SIX3
prerank,GO_Biological_Process_2025__Phosphatidylinositol Dephosphorylation (GO:0046856),-0.31985992709441846,-0.9628876123802962,0.5222222222222223,0.7386725989222377,1.0,13/20,27.42%,MTMR7;MTMR1;MTMR2;MTM1;MTMR4;MTMR11;MTMR3;MTMR9;MTMR10;MTMR6;MTMR12;PIP4P2;PIP4P1
prerank,GO_Biological_Process_2025__Positive Regulation of Nervous System Development (GO:0051962),-0.31314522514394527,-0.9626023458613295,0.5,0.7387684971327781,1.0,3/21,1.17%,NLGN1;NLGN3;NLGN2
prerank,Reactome_2022__COPI-dependent Golgi-to-ER Retrograde Traffic R-HSA-6811434,-0.26313822394179787,-0.9625953720314225,0.5130890052356021,0.7381807090941293,1.0,13/43,22.23%,KIF11;KDELR1;KDELR2;KDELR3;ARCN1;STX18;KIF23;COPE;COPB2;PTGES2;SEC22B;COPB1;RACGAP1
prerank,GO_Biological_Process_2025__Smoothened Signaling Pathway (GO:0007224),-0.3215882490308529,-0.961969821762887,0.525328330206379,0.739072912816098,1.0,8/19,28.55%,SMOX;GPC2;TMEM231;DISP1;DISP3;PTCH1;PTCHD1;DISP2
prerank,Reactome_2022__Regulation Of Beta-Cell Development R-HSA-186712,0.30623703382585665,0.9613845014095262,0.5224215246636771,0.7228746409396429,1.0,11/20,30.68%,NEUROG3;NEUROD1;ONECUT3;ONECUT1;PTF1A;KAT2B;KAT2A;MAFA;NKX2-2;NKX6-1;FOXA2
prerank,GO_Cellular_Component_2025__ER to Golgi Transport Vesicle Membrane (GO:0012507),-0.29716796488269864,-0.9611948637886556,0.5261194029850746,0.7403166832913055,1.0,9/27,22.71%,STX5;MCFD2;SEC13;SEC16A;SEC16B;KLHL12;SEC22B;SEC23A;SEC23B
prerank,Reactome_2022__PI3K Cascade R-HSA-109704,-0.3326001966913835,-0.9605321627205546,0.5249500998003992,0.74133999444733,1.0,5/16,15.10%,KLB;KL;FRS2;TRIB3;PIK3CB
prerank,GO_Cellular_Component_2025__Cul3-RING Ubiquitin Ligase Complex (GO:0031463),0.3040850414607948,0.9605285617225605,0.5157894736842106,0.724366690599068,1.0,11/21,31.45%,SPOP;KLHL11;LZTR1;KLHL20;ZSWIM8;KLHL25;ENC1;KCTD13;TNFAIP1;KCTD10;KLHL18
prerank,Reactome_2022__MHC Class II Antigen Presentation R-HSA-2132295,0.2321294720304859,0.960390958396479,0.5450643776824035,0.724160820779405,1.0,10/59,13.49%,SH3GL2;DYNLL1;DYNLL2;KIF3A;AP2A2;AP2A1;IFI30;DYNC1H1;KIF3C;KIF3B
prerank,GO_Biological_Process_2025__Cellular Response to Calcium Ion (GO:0071277),-0.289859168118621,-0.9599496614612936,0.5179856115107914,0.7421721415210321,1.0,3/28,1.63%,AKR1C3;NLGN1;CLIC4
prerank,GO_Molecular_Function_2025__Guanyl-Nucleotide Exchange Factor Activity (GO:0005085),0.21428724873183283,0.9590801300060647,0.5409429280397022,0.726905210914499,1.0,39/103,28.21%,EGF;ITSN1;EIF2B3;MADD;GNA13;ARHGEF11;ARHGEF12;ARHGEF18;ARHGEF3;ARHGEF28;RCC1L;RIC1;DENND6B;DENND6A;PLCD4;PLCG1;PLCE1;CCDC88C;CCDC88A;GAPVD1;DOCK4;DOCK8;DOCK5;IQSEC2;CYTH3;ARFGEF2;CYTH2;ARFGEF1;RASGEF1B;THG1L;EIF2B5;RAP1GDS1;DOCK10;DOCK11;DOCK7;DOCK9;DOCK3;RIC8A;RIC8B
prerank,GO_Biological_Process_2025__Regulation of Signal Transduction by P53 Class Mediator (GO:1901796),0.24979603829534147,0.958960278308972,0.5446009389671361,0.7266213606784497,1.0,7/40,9.18%,MLF1;BOP1;SIRT1;SMYD2;RPF2;NOP2;RRS1
prerank,GO_Biological_Process_2025__Circulatory System Development (GO:0072359),0.23425740154340546,0.9585149909855711,0.5325301204819277,0.7271998519993232,1.0,25/63,27.37%,TH;TNNI3;NF1;SMYD4;PKP2;PDLIM2;PDLIM5;PDLIM1;PRICKLE4;PDLIM7;PTEN;PDGFB;TBX5;TBX1;HAND1;TCF21;HAND2;ISL1;ACVRL1;POPDC2;POPDC3;KAT2B;KAT2A;HEY1;HEY2
prerank,GO_Biological_Process_2025__Regulation of Cholesterol Metabolic Process (GO:0090181),-0.33645254578449624,-0.9584785530792362,0.5365853658536586,0.7451556830464218,1.0,7/16,21.47%,CES1;ABCG1;AQP8;EPHX2;STARD4;ACADVL;SEC14L2
prerank,Reactome_2022__Oncogenic MAPK Signaling R-HSA-6802957,0.25608140010302394,0.9572780729435607,0.5424836601307189,0.7297298440513127,1.0,9/39,12.10%,YWHAB;PPP1CB;NF1;QKI;MAPK1;SPRED1;SPRED3;SPRED2;MAPK3
prerank,GO_Biological_Process_2025__Phosphatidylcholine Metabolic Process (GO:0046470),-0.28934663425711793,-0.9568929267291343,0.5133214920071048,0.7484575343516656,1.0,10/27,27.68%,LIPC;PNLIPRP2;PLA2G3;DBI;MBOAT7;CEPT1;CHPT1;PLB1;LPCAT3;ABHD3
prerank,GO_Biological_Process_2025__Positive Regulation of mRNA Catabolic Process (GO:0061014),0.27875679152760496,0.9565867223599376,0.5121951219512195,0.7308527927558944,1.0,12/30,28.91%,CPEB3;TOB1;KHSRP;QKI;PUM1;EIF4ENIF1;GIGYF2;CNOT7;CNOT8;ZC3H12A;FXR1;FXR2
prerank,WikiPathways_2024_Human__Smith Magenis And Potocki Lupski Syndrome Copy Number Variation WP5381,-0.22294858397399195,-0.956012411389384,0.5353535353535354,0.7500453562170635,1.0,19/102,19.60%,SHMT1;PER1;USP8;BAX;ATG13;FERD3L;MYO15A;PCK1;COPS3;COPS4;MYD88;RHOA;WDR26;GAS8;CFL2;ROCK1;PARD6B;TOM1L2;COPS6
prerank,GO_Biological_Process_2025__RNA Stabilization (GO:0043489),-0.29192673252852963,-0.9559784909367111,0.5217391304347826,0.749519842108499,1.0,5/27,7.91%,NOCT;TENT5A;TENT5C;TENT5D;TENT5B
prerank,WikiPathways_2024_Human__Chromosomal And Microsatellite Instability In Colorectal Cancer WP4216,0.26365445301243473,0.9552285072076132,0.5315315315315315,0.7335636637553208,1.0,13/36,17.75%,APC;APC2;NTN1;MAPK1;SMAD4;MAPK10;MAPK3;MAPK9;MAPK8;GADD45G;GADD45A;GADD45B;POLK
prerank,GO_Cellular_Component_2025__Rough Endoplasmic Reticulum (GO:0005791),-0.3297443723410806,-0.954909506508798,0.5009276437847866,0.7514545073293041,1.0,4/17,10.88%,TMCC1;PKM;PSEN1;RPN1
prerank,Reactome_2022__Cytosolic tRNA Aminoacylation R-HSA-379716,0.28997923487046584,0.9546319909990444,0.525,0.7344992416137841,1.0,11/22,34.85%,EPRS1;YARS1;IARS1;KARS1;LARS1;RARS1;MARS1;VARS1;AARS1;FARSA;AIMP2
prerank,Reactome_2022__Cell Junction Organization R-HSA-446728,-0.2829827215553059,-0.9544511730077428,0.5462633451957295,0.7519926415212929,1.0,9/31,18.76%,ITGA6;FERMT2;LIMS2;LIMS1;ITGB1;ITGB4;PARD6A;PARD6B;PARD6G
prerank,GO_Cellular_Component_2025__Mitochondrial Ribosome (GO:0005761),0.31596984235777925,0.9533348136488405,0.5052854122621564,0.7371480728753249,1.0,18/18,68.47%,MRPL32;MRPL9;MRPL51;MRPL40;MRPL39;MRPS14;MRPL49;MRPL18;MRPL43;MRPL13;MRPL37;MTG2;MRPS22;MRPL35;MRPS34;MRPL48;MRPL20;MTG1
prerank,KEGG_2021_Human__Citrate cycle (TCA cycle),-0.29533903074207757,-0.9522414302145237,0.5279850746268657,0.7568005386888298,1.0,5/25,9.70%,ACLY;MDH1;PCK1;PCK2;SUCLA2
prerank,GO_Molecular_Function_2025__Transcription Coactivator Binding (GO:0001223),-0.2925037227113568,-0.951451216629184,0.541958041958042,0.7580953377429981,1.0,7/25,18.21%,GATA6;RUNX1;HIF1A;EPAS1;DHDDS;RPL23;STAT6
prerank,GO_Biological_Process_2025__DNA Replication Initiation (GO:0006270),0.32351206186504977,0.9512004449281458,0.5520833333333334,0.7418284573784654,1.0,8/16,34.62%,CDC45;PURA;NOC3L;PRIM1;MCM10;MCM3;ORC4;PRIM2
prerank,WikiPathways_2024_Human__Mitochondrial Complex IV Assembly WP4922,0.31414757305513075,0.9511286554025714,0.5299145299145299,0.7414150842164465,1.0,4/17,17.54%,COX7A2;COX15;COX7C;COX5B
prerank,GO_Biological_Process_2025__Regulation of Neurogenesis (GO:0050767),0.2588536834556142,0.9510931125553987,0.5472527472527473,0.7409184304867344,1.0,20/38,29.95%,NUMBL;BMAL1;NUMB;RASSF10;HOOK3;ZNF335;BHLHE40;HES2;HEY1;HES5;HEY2;HES7;HES3;HEYL;HES6;BHLHE41;HELT;DOCK7;FXR1;REST
prerank,GO_Biological_Process_2025__Synaptic Vesicle Recycling (GO:0036465),0.30750608516835143,0.9507853362656392,0.5350877192982456,0.7410559229835874,1.0,3/19,4.15%,SYT7;SYNJ1;SYNJ2
prerank,GO_Biological_Process_2025__Regulation of DNA Metabolic Process (GO:0051052),0.2240346228102585,0.9506117045424772,0.5800970873786407,0.7408781660048368,1.0,21/73,26.62%,SF3B3;SMG6;EID3;TAF7;NFRKB;UBE2N;TRRAP;SMG5;KPNA1;EHMT2;PDGFA;YY1;YLPM1;ACVRL1;INO80C;SMC3;SF3B5;BAZ1A;KAT2B;KAT2A;SIRT7
prerank,Reactome_2022__Circadian Clock R-HSA-400253,0.24459658288672467,0.9500648370793521,0.5415730337078651,0.741616466069782,1.0,24/47,27.43%,BMAL2;NPAS2;SIRT1;CLOCK;BMAL1;PPP1CB;PPARGC1A;NR1D1;PPARA;RORA;CRTC2;CRTC1;CRTC3;ELOVL3;CSNK1D;CSNK1E;HELZ2;TBL1XR1;TBL1X;PPP1CC;CREM;CREB1;BHLHE40;BHLHE41
prerank,"Reactome_2022__PI5P, PP2A And IER3 Regulate PI3K/AKT Signaling R-HSA-6811558",-0.26763227836879816,-0.9497534826177016,0.5178571428571429,0.7615985907893126,1.0,8/38,11.54%,KLB;KL;PIP5K1A;PPP2R5C;PPP2R5D;FRS2;RAC2;MYD88
prerank,GO_Biological_Process_2025__Ribosome Assembly (GO:0042255),0.25951771448218963,0.9493782338854192,0.5217391304347826,0.7427977302124441,1.0,13/35,25.46%,PWP2;MPV17L;NOP2;RRS1;MDN1;BRIX1;MTERF3;EIF6;DHX37;NPM1;EFL1;SBDS;NOP53
prerank,Reactome_2022__Formation Of Incision Complex In GG-NER R-HSA-5696395,0.2728451155868093,0.9481667210234355,0.5317073170731708,0.7452211990181906,1.0,12/31,33.45%,XPC;POLR1B;POLR1A;PARP1;UBE2N;RNF111;CETN2;MNAT1;GTF2H3;UBE2I;UBE2V2;UBB
prerank,GO_Biological_Process_2025__Regulation of Small GTPase Mediated Signal Transduction (GO:0051056),-0.23240348541907746,-0.9481010132138603,0.5420098846787479,0.7650245046620833,1.0,21/77,20.50%,ITGAV;EPS8L1;EPS8L2;EPS8L3;PLEKHG6;ARHGEF2;ARHGEF1;ARHGAP23;OPHN1;ARHGAP10;ARHGAP12;ARHGAP15;ARHGAP27;ARHGAP9;WNK1;SQSTM1;KANK2;KANK1;ARHGAP44;ARHGAP17;SH3BP1
prerank,GO_Molecular_Function_2025__Peptidase Inhibitor Activity (GO:0030414),-0.3281717027841941,-0.9479094436883341,0.5319926873857403,0.7648749874487262,1.0,12/18,32.35%,PZP;A2ML1;UCHL5;TIMP2;SGPP2;USP14;THBS1;PARK7;GPC3;RECK;GBP5;GBP2
prerank,GO_Biological_Process_2025__Regulation of Vesicle-Mediated Transport (GO:0060627),-0.2530379388757103,-0.9479017388893568,0.5602836879432624,0.7642781004651013,1.0,12/51,11.75%,MAP2K1;MAP2K2;PLA2G3;DNAJC5;RNF139;SPHK1;RUFY1;ZFYVE16;RUFY2;PRKCSH;RAB11A;OPHN1
prerank,GO_Molecular_Function_2025__G Protein-Coupled Receptor Binding (GO:0001664),0.22213345165881293,0.9473528887341506,0.5883838383838383,0.7466335381872239,1.0,28/72,24.98%,HOMER2;GNAO1;APP;BICD1;STUB1;GRK2;PICK1;GPHB5;GNAZ;GNA14;GNA15;GNAT3;GNAQ;GNAL;GNA11;ARHGEF11;ARHGEF12;SDCBP;CCDC88C;FZD7;SFRP1;FZD1;ARR3;ARRB2;ARRB1;REEP2;REEP1;WNT16
prerank,GO_Biological_Process_2025__Organelle Fusion (GO:0048284),0.29063490068582126,0.9472355180404098,0.5283842794759825,0.7463253548207266,1.0,8/22,16.76%,CIDEC;CIDEB;CIDEA;STX3;STX4;RCC1L;VPS11;TRABD
prerank,Reactome_2022__Asparagine N-linked Glycosylation R-HSA-446203,-0.20102006562948715,-0.9471974904409812,0.5943396226415094,0.765465339912626,1.0,40/195,18.02%,PDIA3;DDOST;PSMC1;STX5;KDELR1;KDELR2;KDELR3;GLB1;MOGAT2;MOGAT3;MOGAT1;RNF139;VCP;ARCN1;SYVN1;MCFD2;PRKCSH;RPN1;UBXN1;RPN2;GNPNAT1;FUT8;TUSC3;MAGT1;DHDDS;SEC13;NGLY1;NAGK;MPDU1;SEC16A;SEC16B;GFUS;SLC35A1;COPE;COPB2;PMM1;PMM2;SEC22C;SEC22A;PTGES2
prerank,KEGG_2021_Human__Transcriptional misregulation in cancer,0.21468230371789196,0.9469591994899342,0.5766423357664233,0.7464136505084221,1.0,29/85,23.54%,MEN1;ARNT2;SPINT1;GRIA3;BAIAP3;MLF1;H3-3A;BMI1;JUP;PPARG;RARA;PROM1;KMT2A;NSD2;RUNX1T1;SLC45A3;GADD45G;GADD45A;GADD45B;PDGFA;POLK;MEIS1;PBX1;PBX3;NR4A3;BIRC2;BIRC3;MLLT1;MLLT3
prerank,GO_Cellular_Component_2025__Coated Vesicle (GO:0030135),0.2300196634023968,0.9467368577340033,0.5796766743648961,0.7463470212714709,1.0,9/61,12.69%,DAB2;HAX1;OCRL;SNAP91;PICALM;CLVS2;CLVS1;EPN3;NUMB
prerank,GO_Molecular_Function_2025__Zinc Ion Binding (GO:0008270),0.19421920250037453,0.9466331013835017,0.6135693215339233,0.7459904086121323,1.0,41/172,18.56%,CALB1;ATP13A2;LVRN;ERAP1;ERAP2;TRHDE;ANPEP;LNPEP;GRIN2B;GRIN2A;MSRB3;DPEP1;POLR1B;ALPP;TIMM13;EPRS1;CSRP1;POLR1A;PARP1;RNF2;GTF2B;KMT2B;ZNF212;ZNF91;ZNF208;SLC4A8;PITRM1;CLIP1;PPARG;KPNB1;KMT2A;NSD1;SUV39H2;ZDHHC15;ZDHHC20;USP21;RICTOR;BAZ1B;ALKBH8;ADAMDEC1;ADAM30
prerank,Reactome_2022__Diseases Associated With Glycosaminoglycan Metabolism R-HSA-3560782,-0.29920817606082906,-0.946494433732497,0.5459459459459459,0.7665085069449651,1.0,6/23,15.24%,HEXA;HEXB;GPC1;GPC6;GPC2;GPC4
prerank,WikiPathways_2024_Human__Envelope Proteins And Potential Roles In EDMD Physiopathology WP4535,0.32055261711679117,0.9463444571090474,0.5010482180293501,0.7461116787287365,1.0,5/16,12.10%,ADCY3;MAPK1;GRB2;SMAD4;MAPK3
prerank,Reactome_2022__SARS-CoV-2-host Interactions R-HSA-9705683,-0.21880617610186426,-0.9461730367334443,0.6108374384236454,0.7667079246562105,1.0,53/114,33.66%,SEH1L;RPS7;STING1;RPS28;RPS8;RPS16;NUP85;SEC13;RPS17;RPS24;IKBKB;CHUK;SMN1;RPS15;RPS6;RPS5;VPS33B;NUP210;NUP93;RPS14;NUP43;NDC1;NUP133;RPS15A;RPS29;TAB1;NUP205;SEC23A;RPS9;NUP50;RPS11;GEMIN2;CNBP;RPS21;RPS3;RPSA;IKBKE;TBK1;FAU;RPS12;RPS25;IRAK1;IRAK2;NUP58;SIKE1;UVRAG;RPS2;KPNA2;SEC24D;RPS23;RPS4Y2;RPS4X;RPS4Y1
prerank,WikiPathways_2024_Human__Nephrotic Syndrome WP4758,-0.3067367464571117,-0.9460457336002078,0.5283018867924528,0.7664222748692662,1.0,7/22,20.51%,SCARB2;ITGA3;ITGB4;PMM2;ANLN;CUBN;PTPRO
prerank,GO_Biological_Process_2025__Cellular Response to Decreased Oxygen Levels (GO:0036294),0.2504424411135026,0.9454000214601626,0.5336225596529284,0.7478105863636958,1.0,12/44,16.35%,MINDY4;RTN4;CPEB2;CPEB4;SIRT1;PICK1;CPEB1;BNIP3;BNIP3L;PPARG;RORA;SUV39H2
prerank,WikiPathways_2024_Human__LDL Influence On CD14 And TLR4 WP5272,0.33197036484924763,0.9452092776031493,0.5246636771300448,0.7476846134589,1.0,8/15,27.17%,MAPK13;MAPK12;CREB3L2;CREB3L4;CREB3;CREB3L3;CREB1;CREB3L1
prerank,Reactome_2022__RAB GEFs Exchange GTP For GDP On RABs R-HSA-8876198,0.23552832110812338,0.9447325845635525,0.5542725173210161,0.7482274462121632,1.0,26/53,39.87%,ULK1;TRAPPC10;MADD;RIC1;DENND6B;DENND6A;RAB1A;RAB14;GAPVD1;TRAPPC5;YWHAE;TRAPPC6B;TRAPPC6A;TRAPPC3;RAB7A;RAB3GAP2;TRAPPC1;TRAPPC13;TRAPPC8;MON1A;MON1B;RIN1;RIN3;RIN2;RINL;HPS1
prerank,GO_Biological_Process_2025__Regulation of Actin Cytoskeleton Organization (GO:0032956),0.24496074458881656,0.9446329956946449,0.5381263616557734,0.7478762229426636,1.0,13/47,21.72%,PKN1;HAX1;FAM107A;EFNA5;INPPL1;SLC4A2;CDK10;CELSR1;PDGFA;RICTOR;CCDC88A;HIP1R;FZD10
prerank,Reactome_2022__MyD88:MAL(TIRAP) Cascade Initiated On Plasma Membrane R-HSA-166058,0.23278874701361,0.9443744536234661,0.5783410138248848,0.7479472066635469,1.0,11/57,13.50%,PELI3;PELI1;PELI2;KCNH8;APP;MAPK1;MAPK10;MAPK3;MAPK9;MAPK8;UBE2N
prerank,GO_Cellular_Component_2025__Caveola (GO:0005901),-0.29229002276492516,-0.9443059384325148,0.5397111913357401,0.7700803027435169,1.0,15/28,28.52%,CD36;SCARB1;HDAC6;CLN3;SMOX;PLPP2;PLPP1;ADTRP;LRP8;LRP6;FLOT2;FZR1;MYOF;ASAH2;PTCH1
prerank,Reactome_2022__PPARA Activates Gene Expression R-HSA-1989781,-0.22863476391511545,-0.9440080829244346,0.5831932773109244,0.7701775427331786,1.0,19/82,19.72%,UGT1A9;CD36;CYP4A11;AGXT;CPT2;SLC27A1;ACSL1;SULT2A1;LIN9;MED28;TRIB3;ABCA1;ARHGAP9;MED17;GPS2;SMARCD3;CPT1A;RXRB;RXRA
prerank,GO_Biological_Process_2025__Regulation of Epidermal Growth Factor Receptor Signaling Pathway (GO:0042058),0.32219565240227804,0.9437930580002514,0.5440860215053763,0.7487432861254026,1.0,8/16,22.18%,SH3GL2;DGKD;RHBDF2;RHBDF1;CCDC88A;HIP1R;HIP1;HAP1
prerank,GO_Biological_Process_2025__Chromatin Remodeling (GO:0006338),0.19731376540418522,0.9437865784456816,0.5978552278820375,0.748159745981191,1.0,56/161,26.89%,PKN1;DPEP3;DPEP2;SIRT1;PRMT3;DDX56;PCGF6;PCGF2;RNF2;PCGF1;RING1;NIPBL;SRPK2;NFRKB;TRRAP;SMARCA1;EHMT1;SETD2;SUV39H2;EHMT2;EZH1;PRMT8;BAZ1B;ATRX;YY1;UBR5;NFAT5;MSL2;ZNF335;NPM1;NPM2;NPM3;SIRT6;INO80C;KMT2E;SIRT2;KDM4C;HCFC2;BAZ2A;BRD4;CECR2;BAZ1A;BRDT;KAT2B;KAT2A;RYBP;SIRT7;KDM4A;KDM4D;KDM4B;KDM5A;KDM5C;KDM4E;KDM4F;KDM5B;KDM5D
prerank,GO_Molecular_Function_2025__Nucleobase-Containing Compound Kinase Activity (GO:0019205),0.3243258807928629,0.9436690065228046,0.535483870967742,0.7478633128769384,1.0,7/15,22.41%,NOL9;AK6;AK4;AK7;AK9;AK5;AK8
prerank,GO_Biological_Process_2025__Positive Regulation of Protein Catabolic Process (GO:0045732),-0.24521115977349262,-0.9436406687926208,0.5364963503649635,0.7704597809548582,1.0,8/54,8.93%,PCSK9;SNX33;PSMC3;STX5;PSMC6;PSMC5;NUPR1;VCP
prerank,GO_Molecular_Function_2025__Transition Metal Ion Binding (GO:0046914),-0.19464247531353376,-0.9434171665263155,0.5962373371924746,0.7703744568899765,1.0,50/232,16.80%,PDXK;ECE1;SORD;DPP3;KAT6A;DPF3;LACTB2;GALT;RGN;DPYS;AOX1;MOGAT2;MOGAT1;DNAJC24;CPA2;SAP30L;QPCT;QPCTL;ENPEP;ARHGEF2;EXD2;PEX10;PCK1;PCK2;SOD1;TIMP2;ZFYVE1;IMPA1;LIMS1;FAM20C;LTA4H;GALNT3;GDA;WDFY1;FBXL19;MSRB1;MSRB2;BBOX1;MTARC1;HMGCL;ATP7B;RNPEP;FEN1;GPC1;ZNF184;ZNF84;APIP;PLSCR1;D2HGDH;SCD5
prerank,GO_Biological_Process_2025__Positive Regulation of Cell Differentiation (GO:0045597),-0.20932195463074607,-0.9431840834541094,0.5831960461285008,0.7703262410811399,1.0,31/133,19.54%,CD36;AGXT;KAT5;DPF1;DPF3;LPL;PLA2G3;NOCT;SOX9;SOX11;SOX6;SOX4;SOX5;SULT1E1;TENT5A;ARHGEF2;TWIST1;FERMT2;TGFB1I1;RHOA;GPC1;CHEK2;MMD2;MMD;WNT7B;WNT4;WDFY2;SMARCD3;SMARCD2;ZNF703;ZFP36
prerank,Reactome_2022__DNA Strand Elongation R-HSA-69190,-0.2818845416415912,-0.942719362812912,0.5418994413407822,0.7708365773553382,1.0,11/28,25.84%,RFC5;GINS2;POLA2;SLC19A1;DNA2;FEN1;MCM8;MCM4;MCM7;MCM6;PCNA
prerank,Reactome_2022__Rev-mediated Nuclear Export Of HIV RNA R-HSA-165054,-0.27893497113759463,-0.9426370203818639,0.5541516245487365,0.7704225642113538,1.0,10/31,23.52%,SEH1L;NUP85;SEC13;NUP210;NUP93;NUP43;NDC1;NUP133;NUP205;NUP50
prerank,GO_Molecular_Function_2025__Lysine-Acetylated Histone Binding (GO:0070577),0.31245755972331524,0.942406737425792,0.5274725274725275,0.7503713028362612,1.0,6/16,25.40%,KMT2A;MLLT1;MLLT3;BAZ2A;BRD4;BRDT
prerank,GO_Biological_Process_2025__+ Reg of Phosphatidylinositol 3-Kinase/Prot Kinase B Signal Transduction (GO:0051897),-0.2508302137102009,-0.9423712116511298,0.5565371024734982,0.7704358970029405,1.0,6/53,2.80%,MYORG;AKR1C3;AKR1C2;GATA3;CHI3L1;AGXT
prerank,GO_Biological_Process_2025__Replication Fork Processing (GO:0031297),-0.28465439372680434,-0.9423233741545867,0.5508771929824562,0.7699404870682744,1.0,9/28,27.93%,EXD2;DNA2;EXO1;BARD1;GEN1;RTEL1;MUS81;PCNA;RAD50
prerank,KEGG_2021_Human__Toll-like receptor signaling pathway,-0.28120359446084925,-0.9422814681155923,0.5628227194492255,0.7694213185671752,1.0,16/31,28.17%,MAP2K1;MAP2K2;MYD88;IKBKB;CHUK;CASP8;PIK3CD;PIK3CB;TAB1;NFKB1;RELA;PIK3CA;IKBKE;TBK1;JUN;IRAK1
prerank,Reactome_2022__Regulation Of Lipid Metabolism By PPARalpha R-HSA-400206,-0.22787174607406058,-0.9416846800552691,0.5801011804384486,0.7703264249155046,1.0,19/84,19.72%,UGT1A9;CD36;CYP4A11;AGXT;CPT2;SLC27A1;ACSL1;SULT2A1;LIN9;MED28;TRIB3;ABCA1;ARHGAP9;MED17;GPS2;SMARCD3;CPT1A;RXRB;RXRA
prerank,GO_Biological_Process_2025__Regulation of Mitotic Cell Cycle Phase Transition (GO:1901990),-0.25020416242880467,-0.9414601109929529,0.5512367491166078,0.7702914923012921,1.0,21/53,32.10%,DPF1;DPF3;DPF2;PLK1;ANLN;SMARCD3;SMARCD2;ERCC2;AURKA;KIF14;ZNF367;CDC23;DDB1;MAD2L1BP;CCNH;PPP2CA;SMARCE1;ERCC3;BCL7C;BCL7B;CDK3
prerank,GO_Biological_Process_2025__Positive Regulation of Proteolysis (GO:0045862),-0.286864880155698,-0.9414513868273181,0.5493716337522442,0.7697019732698402,1.0,8/27,17.85%,BAK1;SNX33;IST1;RCN3;ATP5IF1;PLK1;CASP8;HDAC2
prerank,GO_Biological_Process_2025__Positive Regulation of Macromolecule Biosynthetic Process (GO:0010557),-0.20670633243264597,-0.9410182189275352,0.6066350710900474,0.7701498196858185,1.0,50/158,25.54%,CD36;GATA2;ITGAX;SLC2A10;TOR2A;MAP2K1;MAP2K2;GSN;RPS7;SOX9;SOX11;SRY;TWIST1;SMOX;PSEN1;HIF1A;LIMS1;MYD88;RPL23;SEC16B;MBIP;PIK3CB;EPHX2;ADTRP;LAMTOR5;ROCK1;ROCK2;PLSCR1;TTBK1;SFRP4;WNT5A;WNT3A;RPL11;SLC24A3;LRP3;OCLN;WNT6;PTRH2;EPB41L4B;PPM1F;MYOM1;ITGB8;PARK7;CELF1;NFKB1;RELA;RDX;MSN;EZR;RPS3
prerank,GO_Biological_Process_2025__Positive Regulation of Cold-Induced Thermogenesis (GO:0120162),0.2493982397635484,0.9408957051741776,0.5671296296296297,0.7534847355191413,1.0,16/44,18.78%,TSHR;ALPL;LDLR;CNOT3;OGT;PPARGC1A;PPARGC1B;DYNC1H1;GNAS;DBH;THRA;EHMT1;GADD45G;ELOVL3;ELOVL6;TRPV2
prerank,GO_Biological_Process_2025__Rescue of Stalled Ribosome (GO:0072344),0.280381338095347,0.9408602569776985,0.5379464285714286,0.7529626902043485,1.0,6/25,20.58%,EIF4E2;GCN1;NEMF;SKIC2;GIGYF2;UFSP2
prerank,WikiPathways_2024_Human__Cholesterol Metab With Bloch And Kandutsch Russell Pathways WP4718,-0.3127024686028789,-0.9407803339094531,0.5298372513562387,0.7700913781799323,1.0,5/21,8.12%,FDPS;ACSL1;ACSL4;ACSL3;ABCG1
prerank,Reactome_2022__Signaling By BRAF And RAF1 Fusions R-HSA-6802952,-0.2753997522768818,-0.9404510321352695,0.5468164794007491,0.7702708854316327,1.0,6/32,11.13%,ITGA2B;MAP2K1;MAP2K2;VCL;ESRP1;PEBP1
prerank,GO_Biological_Process_2025__Positive Regulation of Macromolecule Metabolic Process (GO:0010604),0.32981420841147413,0.940215204145194,0.5486935866983373,0.7539482769030241,1.0,6/15,15.49%,NSF;INPP5F;APP;MAPK8;NR1H3;NR1H2
prerank,GO_Biological_Process_2025__Negative Regulation of Notch Signaling Pathway (GO:0045746),-0.3242818794188167,-0.9401553454863173,0.5698324022346368,0.7703366593858665,1.0,8/16,34.48%,GATA2;METTL3;ZBTB7A;CHAC1;CDK3;DLL4;DLL1;MAGEA1
prerank,GO_Molecular_Function_2025__Calcium Channel Activity (GO:0005262),0.2311362091632082,0.9399545772742937,0.5768321513002365,0.7539831471938991,1.0,26/61,31.93%,NCS1;SLC24A5;GRIN3B;NALF1;NALF2;SLC24A1;ENTHD1;TMCO1;TRPV2;TRPV6;TRPV4;TRPV5;TRPV3;TRPV1;CACNB1;CACNB2;CACNB4;CACNB3;CACNG4;CACNG2;CACNG3;CACNG8;TRPA1;RYR2;RYR1;CACHD1
prerank,Reactome_2022__Mitochondrial Translation R-HSA-5368287,0.21812009361724366,0.9395609915081068,0.5721518987341773,0.7543488490023976,1.0,23/71,33.88%,MRPS9;PTCD3;GFM2;MTIF2;MRPS16;MRPS5;MRPL24;MRPS10;MRPL32;MRPS31;MRPL52;MRPL23;MRPL4;MRPS33;MRPS15;MRPL54;MRPL9;MRPL12;MTRF1L;MTFMT;MRPS7;MRPS11;MRPL51
prerank,GO_Biological_Process_2025__Regulation of Extrinsic Apoptotic Signaling Pathway (GO:2001236),0.2899198841131836,0.9394645940009843,0.5479744136460555,0.7539940025281775,1.0,7/23,14.67%,PKN2;PELI3;APP;SH3RF1;MADD;BIRC6;STX4
prerank,Reactome_2022__IRS-mediated Signaling R-HSA-112399,-0.3238978118600953,-0.9392996757316521,0.5465587044534413,0.7717597599669809,1.0,5/17,15.10%,KLB;KL;FRS2;TRIB3;PIK3CB
prerank,WikiPathways_2024_Human__Glycerolipids And Glycerophospholipids WP4722,0.3133839250663776,0.9391740443496299,0.5340659340659341,0.7540964478090638,1.0,4/17,9.04%,CDS1;DGKZ;CDIPT;PCYT2
prerank,WikiPathways_2024_Human__TAR Syndrome WP5362,-0.28667411920998415,-0.9385094603020352,0.5451197053406999,0.7730558664288723,1.0,9/26,25.51%,ITGA10;CFTR;ITGB1;MTA1;HDAC2;NHERF1;PEX11B;NFKB1;DDIT4
prerank,GO_Molecular_Function_2025__GDP Binding (GO:0019003),0.2932674502978585,0.9379740518927727,0.5697940503432495,0.7564047421682611,1.0,3/21,9.58%,RIT2;DIRAS2;RRAS
prerank,GO_Biological_Process_2025__Regulation of Oxidative Stress-Induced Intrinsic Apoptotic Signaling Pathway (GO:1902175),-0.33770762686806605,-0.9379097439856744,0.5528756957328386,0.7739100986963657,1.0,6/15,23.60%,P4HB;SOD1;BAG5;NME5;PPIA;PARK7
prerank,Reactome_2022__Costimulation By CD28 Family R-HSA-388841,0.29204937063065695,0.9376490215508745,0.5522388059701493,0.7566276463106628,1.0,6/23,18.32%,PKN1;PKN2;GRB2;GRAP2;RICTOR;MAPKAP1
prerank,WikiPathways_2024_Human__SARS CoV 2 Nsp1 Inhibits Translation Initiation In Host Cell WP5027,0.3079473507574355,0.9373779279398495,0.5389755011135857,0.7567178283107507,1.0,6/16,22.42%,EIF1;EIF2S3;EIF2S1;EIF3I;EIF3H;EIF3E
prerank,GO_Biological_Process_2025__Mitochondrial Gene Expression (GO:0140053),0.21484267877759022,0.9373640110000842,0.5594936708860759,0.7561456731888642,1.0,28/76,37.00%,MRPS9;PTCD3;GFM2;QRSL1;POLRMT;MTERF3;MRPS16;MRPS5;MRPL24;MRPS10;MRPL32;MRPS31;MRPL52;MRPL23;MRPL4;MRPS33;MRPS15;MRPL54;MRPL9;MRPL12;MTERF4;MRPS7;MRPS11;MRPL51;FASTKD1;MRPS2;MRPS26;LARS2
prerank,KEGG_2021_Human__Hepatitis C,0.2327796542394066,0.9373076400020288,0.5938967136150235,0.7556697280207528,1.0,11/63,8.63%,MX2;YWHAQ;YWHAH;YWHAB;YWHAZ;YWHAG;EGF;LDLR;APAF1;MAPK1;GRB2
prerank,Reactome_2022__Transport Of Ribonucleoproteins Into Host Nucleus R-HSA-168271,-0.27643075748566615,-0.9365663408967894,0.5670840787119857,0.7765502205375633,1.0,10/32,23.52%,SEH1L;NUP85;SEC13;NUP210;NUP93;NUP43;NDC1;NUP133;NUP205;NUP50
prerank,GO_Biological_Process_2025__Response to Lipopolysaccharide (GO:0032496),-0.24145617672764091,-0.9365370742030156,0.5606326889279437,0.7759964227697174,1.0,21/56,28.18%,SCARB1;PLAA;NOCT;TRIB1;MYD88;RHOA;CASP1;CARD16;PYCARD;WNT5A;ZFP36;CASP7;LIAS;PPM1E;RPS6KA3;CACTIN;NFKB1;RELA;PABPN1;IRAK1;IRAK3
prerank,GO_Biological_Process_2025__tRNA Metabolic Process (GO:0006399),0.3231218225070695,0.9364527830776233,0.5478260869565217,0.757152791836658,1.0,7/16,26.60%,DTD1;SSB;FARS2;KARS1;BRF1;GTF3C1;THG1L
prerank,Reactome_2022__Deadenylation-dependent mRNA Decay R-HSA-429914,0.23882497870370561,0.9356243835078575,0.5865168539325842,0.7585993773441476,1.0,14/45,30.73%,EIF4E;CNOT3;CNOT6L;CNOT6;SKIC2;NT5C3B;EIF4B;DCPS;PATL1;CNOT7;CNOT8;CNOT4;EDC3;SKIC3
prerank,Reactome_2022__NR1H3 And NR1H2 Regulate Gene Expression Linked To Cholesterol Transport And Efflux R-HSA-9029569,-0.31298041674941185,-0.9356222472440459,0.5506445672191529,0.7776302513213175,1.0,6/18,19.72%,ABCG8;ABCG1;ABCA1;GPS2;RXRB;RXRA
prerank,Reactome_2022__DNA Double-Strand Break Repair R-HSA-5693532,-0.22920939044958294,-0.9348605011502205,0.5750421585160203,0.7788266379016126,1.0,16/77,16.24%,KAT5;XRCC6;CLSPN;EYA2;EYA1;EYA4;EYA3;RFC5;UBXN1;SLC19A1;DNA2;EXO1;FEN1;CCNA1;CCNA2;CHEK2
prerank,GO_Biological_Process_2025__Cellular Response to Transforming Growth Factor Beta Stimulus (GO:0071560),0.24512131690225186,0.9348153232828017,0.5508274231678487,0.7599566581726055,1.0,9/43,13.13%,DAB2;WFIKKN2;WFIKKN1;LRG1;SIRT1;SMAD7;SMAD4;NLK;FSHB
prerank,GO_Biological_Process_2025__Positive Regulation of Phosphorylation (GO:0042327),0.25759222625691675,0.9343694999596015,0.5615212527964206,0.7603968259145882,1.0,13/37,22.32%,PKN1;PELI2;EGF;REPS1;SIRT1;ATG14;MUSK;PROM2;TBX1;SDCBP;AKTIP;FZD7;ARRB1
prerank,Reactome_2022__FGFR2 Mutant Receptor Activation R-HSA-1839126,0.32990876232002697,0.9335014531214826,0.5373134328358209,0.7612661100123692,1.0,8/15,37.85%,POLR2K;POLR2I;NCBP1;POLR2B;POLR2L;POLR2J;POLR2E;NCBP2
prerank,Reactome_2022__Signaling By FGFR2 IIIa TM R-HSA-8851708,0.32990876232002697,0.9335014531214826,0.5373134328358209,0.7612661100123692,1.0,8/15,37.85%,POLR2K;POLR2I;NCBP1;POLR2B;POLR2L;POLR2J;POLR2E;NCBP2
prerank,KEGG_2021_Human__Sphingolipid signaling pathway,-0.22603649327666156,-0.93317269779886,0.5942760942760943,0.7823235938236547,1.0,43/80,30.97%,BAX;ABCC1;MAP2K1;MAP2K2;PPP2R5C;PPP2R5D;SPHK2;SPHK1;RAC2;CTSD;RHOA;SGPP1;SGPP2;DEGS1;DEGS2;PIK3CD;PIK3CB;ROCK1;ROCK2;GNA12;SMPD1;PPP2R2A;PPP2R2D;PPP2R2C;PPP2R2B;GAB2;NFKB1;RELA;PIK3CA;PPP2CB;PPP2CA;CERS5;CERS2;CERS3;CERS4;CERS6;ASAH2;MAP3K5;ADORA3;ADORA1;TP53;PLD1;PLD2
prerank,GO_Biological_Process_2025__Protein Monoubiquitination (GO:0006513),0.3077034802508136,0.9331191650128164,0.5560253699788583,0.7615504179882133,1.0,5/18,24.87%,UBE2W;STUB1;UBE2N;MSL2;ZC4H2
prerank,GO_Biological_Process_2025__Positive Regulation of ATP-dependent Activity (GO:0032781),-0.3230604768610532,-0.933064803177238,0.5616197183098591,0.7819737433475983,1.0,6/18,16.59%,RGN;DNAJC24;DNAJB1;DNAJB2;DNAJB11;PLSCR1
prerank,GO_Biological_Process_2025__Positive Regulation of Transforming Growth Factor Beta Receptor Signaling Pathway (GO:0030511),0.2996148322334975,0.9310882251804984,0.5206971677559913,0.765325560980968,1.0,3/19,8.74%,MEN1;LRG1;SMAD4
prerank,GO_Biological_Process_2025__Positive Regulation of Cellular Response to Transforming Growth Factor Beta Stimulus (GO:1903846),0.2996148322334975,0.9310882251804984,0.5206971677559913,0.765325560980968,1.0,3/19,8.74%,MEN1;LRG1;SMAD4
prerank,WikiPathways_2024_Human__Cholesterol Biosynthesis Pathway In Hepatocytes WP5329,-0.3122074309815911,-0.9309320817795869,0.5766423357664233,0.7863709908980482,1.0,6/20,14.30%,FDPS;ACSL1;ACSL3;ABCG1;PLPP6;ABCA1
prerank,Reactome_2022__RHOBTB GTPase Cycle R-HSA-9706574,-0.2899178089193871,-0.9309077595329278,0.5593525179856115,0.7858163515134587,1.0,7/25,25.07%,MYO6;COPS4;CPSF7;ROCK1;ROCK2;TXNL1;SRRM1
prerank,GO_Biological_Process_2025__Regulation of Cell Population Proliferation (GO:0042127),-0.18711510116680005,-0.9302498989756361,0.6545718432510885,0.7867363020418752,1.0,64/308,20.20%,DHRS2;AKR1C3;AKR1C2;ALDH1A2;GATA3;ITGAX;ITGAV;ITGA1;BOK;CTBP2;CTBP1;AGXT;BNC1;RUNX1;MAP2K1;DPP4;SCIN;ATG13;PPP2R5C;RNF139;SOX9;SOX4;SULT2B1;MLXIPL;TENT5B;DNAJB2;ARHGEF2;NUPR2;NUPR1;XRCC6;LIMS1;TGFB1I1;SIX4;SIX3;ANHX;RHOA;PLPP1;SLC35F6;NUDT6;HTR2B;SSR1;RPL23;RBM5;GAS8;CCND2;TSPYL5;SFRP4;WNT3A;WNT2;WNT9A;SAV1;RPS6;HDAC2;STAT5B;STAT5A;STAT6;KANK2;NHERF1;GLMN;ZNF703;ZNF503;ING4;ING1;THBS1
prerank,Reactome_2022__Infection With Mycobacterium Tuberculosis R-HSA-9635486,0.31626996985594075,0.9295460007426756,0.5509355509355509,0.7679560684277653,1.0,5/15,15.72%,MAPK1;MAPK3;ATP6V1H;KPNB1;KPNA1
prerank,Reactome_2022__Response Of Mtb To Phagocytosis R-HSA-9637690,0.31626996985594075,0.9295460007426756,0.5509355509355509,0.7679560684277653,1.0,5/15,15.72%,MAPK1;MAPK3;ATP6V1H;KPNB1;KPNA1
prerank,WikiPathways_2024_Human__CAMKK2 Pathway WP4874,-0.24524070103773576,-0.9294414662204871,0.5716814159292035,0.788063456903264,1.0,15/55,17.83%,HK1;GALNT9;SLC2A4;SLC2A1;CYB5R3;PCK2;HIF1A;SLCO3A1;FAM20C;AQP1;ABCA1;CCNE1;CCND1;RPS6;SQSTM1
prerank,WikiPathways_2024_Human__Proteoglycan Biosynthesis WP4784,0.3102498648734739,0.9293216730441689,0.5711159737417943,0.7679187270745743,1.0,4/16,17.01%,EXT2;SLC26A2;CHST3;PAPSS2
prerank,GO_Molecular_Function_2025__Phosphatidylinositol-4-Phosphate Binding (GO:0070273),-0.31931489062681406,-0.929006889037456,0.5575868372943327,0.7885122189955819,1.0,2/16,9.19%,SAP30L;PLEKHF1
prerank,Reactome_2022__Diseases Associated With N-glycosylation Of Proteins R-HSA-3781860,-0.3195056430376768,-0.9275710449690675,0.5693160813308688,0.7913061494364985,1.0,3/17,13.96%,GLB1;MOGAT2;MPDU1
prerank,GO_Biological_Process_2025__Cellular Response to Oxygen-Containing Compound (GO:1901701),0.18892340931033014,0.9266485553727314,0.6855524079320113,0.77394055509414,1.0,40/175,18.88%,SLC5A5;AMBP;KCNK4;MINDY4;HCN4;HCN2;HCN1;HCN3;TSHR;GRIN2A;SSTR2;INPP5K;APP;DPEP1;SLC38A2;DGKQ;GUCY1B1;IRS1;TPM1;PDE4B;MAPK9;MAPK8;MAT2A;ATP2B4;GNAS;IP6K2;H2AZ1;RORB;RORC;NR1D1;RARA;NR1H3;RORA;CRTC2;CRTC1;CRTC3;PDGFB;TBX1;TRPV1;SBNO2
prerank,GO_Biological_Process_2025__Response to Reactive Oxygen Species (GO:0000302),-0.29637397838265933,-0.9262978497918531,0.5414462081128748,0.7937029012984501,1.0,6/25,13.67%,HBB;HBA1;PEX10;SOD1;HIF1A;PEX14
prerank,GO_Biological_Process_2025__Positive Regulation of Protein Binding (GO:0032092),-0.31664346498231966,-0.926014172976717,0.5308880308880309,0.7937728298460346,1.0,12/16,41.99%,STING1;TRIB3;RPL11;EPB41;PPP2CB;PPP2CA;FLOT1;ADD1;ADD2;TAF1;HIPK2;IDE
prerank,GO_Biological_Process_2025__Positive Regulation of Cytokinesis (GO:0032467),0.29874844197635897,0.9257738370415816,0.564935064935065,0.7754907921565252,1.0,2/18,0.43%,PRKCE;PKN2
prerank,Reactome_2022__RHO GTPases Activate WASPs And WAVEs R-HSA-5663213,0.2798346946904412,0.924986912449857,0.565410199556541,0.776837813875033,1.0,5/24,12.10%,NCKIPSD;MAPK1;GRB2;NCK1;MAPK3
prerank,WikiPathways_2024_Human__Leptin Signaling WP2034,-0.24464364629309876,-0.9249503709023165,0.5875,0.7957363204164263,1.0,22/49,27.77%,ACACB;MAP2K1;MAP2K2;RHOA;IKBKB;CHUK;CFL2;ROCK1;ROCK2;RPS6;CDC42;STAT5B;SOCS2;SOCS3;CISH;RPS6KA1;RPS6KB1;NFKB1;REL;RELA;PRKAA2;SHC1
prerank,WikiPathways_2024_Human__Amyotrophic Lateral Sclerosis ALS WP2447,0.2993203226678094,0.9249385227896559,0.5642701525054467,0.7763488682618945,1.0,5/21,9.63%,GRIA1;TOMM40;APAF1;PPP3CB;PPP3CC
prerank,GO_Biological_Process_2025__Regulation of MAP Kinase Activity (GO:0043405),-0.2968160232992466,-0.9247462937923867,0.5628415300546448,0.7956036592198075,1.0,8/22,21.32%,AGXT;TRIB2;TRIB1;TRIB3;PIK3CG;THBS1;TPD52L1;UCHL1
prerank,GO_Biological_Process_2025__Positive Regulation of Notch Signaling Pathway (GO:0045747),0.3060170524306103,0.9240386321970999,0.5738396624472574,0.7779316672938266,1.0,3/17,12.76%,PRKCI;EPN2;PDCD10
prerank,WikiPathways_2024_Human__PDGF Pathway WP2526,0.29248166070991555,0.9237067917521159,0.5681293302540416,0.7781471798124701,1.0,9/21,22.62%,MAPK1;GRB2;MAPK3;MAPK8;PDGFB;PDGFA;PLCG1;MAP2K4;NFKBIA
prerank,WikiPathways_2024_Human__Sphingolipid Metabolism In Senescence WP5121,0.3236818677259707,0.9235266707924004,0.5607064017660044,0.7779629796987881,1.0,2/15,0.42%,PRKCA;PRKCB
prerank,GO_Biological_Process_2025__Myelination (GO:0042552),0.2783063263711447,0.9232089193765058,0.5560439560439561,0.7781489285200055,1.0,4/23,6.78%,LGI4;SELENOI;TPPP;NF1
prerank,GO_Molecular_Function_2025__Protein Kinase Inhibitor Activity (GO:0004860),0.2503323207699653,0.9225554483227146,0.5756207674943566,0.7791745104178103,1.0,6/38,11.24%,PRKCH;MAPK8IP1;YWHAB;SPRED1;SPRED2;NCK1
prerank,Reactome_2022__Calnexin/calreticulin Cycle R-HSA-901042,-0.31325023147533043,-0.9224806591052923,0.5825602968460112,0.8004386550712386,1.0,4/17,10.75%,PDIA3;RNF139;SYVN1;PRKCSH
prerank,GO_Biological_Process_2025__Positive Regulation of Neuron Projection Development (GO:0010976),-0.2579710368408117,-0.9214010853473875,0.5993031358885017,0.8024100001095185,1.0,13/41,20.28%,SCARB2;ITGA6;AVIL;PLA2G3;CAMK1D;PLPPR5;CAPRIN1;CAPRIN2;SETX;GPC2;WNT5A;LRP8;VLDLR
prerank,Reactome_2022__Cell Cycle R-HSA-1640170,-0.18234982502344255,-0.921129797402117,0.7097701149425287,0.8024319331807787,1.0,106/380,25.84%,PSMD14;PSMD2;PSMA1;SEH1L;PSMD11;KAT5;RSF1;PSMA4;PSMC4;PSMB1;PSMB4;PSMC3;PSMC1;PSMA7;PSMB9;PSMA8;PSMB6;PSMB5;PSMB11;PSMB8;PSMB7;PSMB10;PPP2R5C;PPP2R5D;IST1;PSMB2;PSMB3;LIN9;PSMC6;PSMC5;PSMA3;CLSPN;VPS4A;PSMA2;PSMD7;E2F2;RFC5;GINS2;NUP85;PSMD8;SEC13;POLA2;PLK1;CHTF18;PSMA5;SLC19A1;GMNN;DNA2;EXO1;CARD16;FEN1;PSMD9;KIF23;PSMD4;PSMC2;CCND3;CCNB1;CCNA1;CCNA2;CCNE2;CCNE1;CCND1;CCND2;CCNB2;CHEK2;PSMD6;CDT1;VRK2;VRK1;GORASP2;GORASP1;MCM8;NUP210;BUB3;NUP93;NUP43;BARD1;NDC1;NUP133;MCPH1;PPP2R2A;PPP2R2D;CCP110;ANAPC7;NUP205;RBL1;RBL2;RB1;MCM4;AURKA;MCM7;PSMD13;MCM6;NUP50;NME7;POLR2C;BLZF1;CDK1;RTEL1;ANAPC5;CDC23;FBXL7;FBXL18;SKP2;FZR1;PCNA
prerank,GO_Biological_Process_2025__Protein Modification by Small Protein Conjugation (GO:0032446),0.19001423735149492,0.9210425930103016,0.6910994764397905,0.7821932790543432,1.0,62/164,33.45%,SH3RF3;SH3RF2;UBE2B;PDZRN3;SIRT1;STUB1;AREL1;EID3;FBXO25;FBXO32;SPSB4;SH3RF1;LZTR1;NEUROD2;MKRN1;MKRN2;MKRN3;UBE2N;CDC27;BIRC6;STX1A;UBE2C;KLHL20;VPS11;MARCHF6;CDC16;MSL2;USP7;ZSWIM8;KLHL25;ENC1;DCUN1D3;ARRB2;ARRB1;FBXO9;RNF111;BIRC7;UBR3;UBR1;UBR2;CRBN;CNOT4;RNF7;KCTD13;TNFAIP1;KCTD10;UBE2I;CUL1;ARIH1;FBXO11;FBXO10;KLHL18;UFM1;NFX1;ZMIZ1;ZMIZ2;UBE2V2;RNF34;CUL2;UBA3;DDRGK1;UBB
prerank,GO_Biological_Process_2025__Positive Regulation of Mitotic Cell Cycle Phase Transition (GO:1901992),-0.25369085608468556,-0.9209516097955714,0.6052631578947368,0.8022676709468752,1.0,27/43,40.56%,RAB11A;CCND3;CCNB1;CCNE2;CCNE1;CCND1;CCND2;ANAPC7;RB1;VPS4B;CDK1;ANAPC5;CDC23;RDX;ESPL1;LSM10;PHB2;DTL;LSM11;RRM1;RAD51C;RRM2;RRM2B;CPSF3;DLGAP5;CDC20;CUL3
prerank,GO_Biological_Process_2025__Regulation of Phosphatidylinositol 3-Kinase/Protein Kinase B Signal Transduction (GO:0051896),-0.22123689013428532,-0.920511829780049,0.6245901639344262,0.8027096262073907,1.0,18/87,16.96%,MYORG;AKR1C3;AKR1C2;GATA3;CHI3L1;AGXT;PIP5K1A;PIK3IP1;RCN3;TWIST1;FERMT2;BTBD10;ITGB1;RACK1;PIK3CG;PIK3CB;ADTRP;TSPYL5
prerank,GO_Biological_Process_2025__Cell-Cell Adhesion via Plasma-Membrane Adhesion Molecules (GO:0098742),-0.2531724787234293,-0.9201169575535528,0.612736660929432,0.8030234590620675,1.0,8/45,16.15%,NLGN1;ITGAL;ITGAM;CD164;ITGB2;ITGB1;GPC4;CRB1
prerank,GO_Biological_Process_2025__Nucleotide-Sugar Biosynthetic Process (GO:0009226),-0.3111686199708118,-0.9200636105407373,0.5724907063197026,0.80253761563976,1.0,9/18,26.62%,NAGK;PMM1;PMM2;SLC35C1;GMDS;GNPDA1;GNPDA2;NANP;GMPPB
prerank,GO_Cellular_Component_2025__Late Endosome (GO:0005770),-0.20625712273280583,-0.9199293707193614,0.660377358490566,0.8022549808831213,1.0,32/128,20.90%,SCARB2;HDAC6;PCSK9;CTSL;SLC29A3;CLN3;MAP2K1;MAP2K2;TMEM192;ABCA5;ZFYVE26;BLTP3A;PLD3;VPS4A;RAB11A;SLC30A4;SLC38A9;ATG9A;ANXA6;ANXA2;ANXA8L1;ATP7B;LAMTOR5;SLC31A2;VAMP5;PNKD;VPS33B;SFTPB;STARD3NL;STARD3;MTM1;MTMR4
prerank,Reactome_2022__TNF Signaling R-HSA-75893,-0.31639607487309873,-0.9197906241313913,0.5510204081632653,0.8020107155902747,1.0,6/18,14.90%,BAG4;IKBKB;CHUK;RACK1;CFLAR;CASP8
prerank,Reactome_2022__Signaling By TGFB Family Members R-HSA-9006936,0.22761442981850757,0.9194819282949328,0.6138613861386139,0.7853767877383218,1.0,18/59,22.71%,PRKCZ;MEN1;PMEPA1;STUB1;PPP1CB;PARP1;MAPK1;SMAD7;SMAD4;MAPK3;ARHGEF18;YBX1;XPO1;AMHR2;ACVRL1;TGIF2;TGIF1;RNF111
prerank,GO_Biological_Process_2025__Regulation of Protein-Containing Complex Assembly (GO:0043254),-0.2290007490795187,-0.9188869384372119,0.6214405360134003,0.8035173015556489,1.0,12/68,14.34%,CD36;HDAC6;BAX;BAK1;CRYAB;GSN;GBA1;VCP;RHOC;HSPA5;SEC16A;RACK1
prerank,GO_Biological_Process_2025__Mitochondrial Translation (GO:0032543),0.20950139570797816,0.9188636376506107,0.615,0.7862778444332373,1.0,28/77,37.00%,MRPS9;PTCD3;GFM2;QRSL1;MTIF2;MRPS16;MRPS5;MRPL24;MRPS10;MRPL32;MRPS31;MRPL52;MRPL23;MRPL4;MRPS33;MRPS15;MRPL54;MRPL9;MRPL12;MTRF1;MTRF1L;MRPS7;MRPS11;MRPL51;EARS2;MRPS2;MRPS26;LARS2
prerank,GO_Biological_Process_2025__Negative Regulation of Osteoblast Differentiation (GO:0045668),0.3096669631694222,0.9187871679013876,0.56875,0.7858492821853971,1.0,5/16,16.53%,MEN1;TMEM53;PPARG;RORB;PTEN
prerank,GO_Biological_Process_2025__Regulation of Notch Signaling Pathway (GO:0008593),-0.2575913236338951,-0.9181604633790575,0.5900735294117647,0.8046484445350207,1.0,20/40,34.48%,GALNT11;GATA2;YJEFN3;METTL3;POGLUT1;ZBTB7A;TSPEAR;CHAC1;GATA5;NOTCH2NLC;NOTCH2NLB;TP63;LLGL2;LLGL1;CDK3;DLL4;JAG2;DLL1;JAG1;MAGEA1
prerank,GO_Biological_Process_2025__Protein Modification Process (GO:0036211),0.17732454673642126,0.9178112020083454,0.7596439169139466,0.787593112944595,1.0,60/281,21.41%,PKN3;PKN1;PRKCA;PRKCE;PRKCB;PKN2;PRKCG;PRKCZ;PRKCH;PRKCI;ULK1;YWHAZ;HS3ST5;NTAQ1;TPST1;PXK;PPP1CB;CLSTN1;PICK1;PARP1;MAPK1;OARD1;PPP3CB;PPP3CC;SRPK2;MAPK10;MAPK3;CILK1;MAPK9;MAPK8;NLK;COG7;BIRC6;IP6K3;CHST5;CHST4;MGAT4A;MGAT4B;RARA;STK39;PTEN;F13A1;TGM1;PDGFB;UBE2S;BAZ1B;ADAM10;EIF2AK4;CDC42BPB;PIK3R4;LCMT1;SRPK1;MAPK4;MAPK6;PI3;ARFGEF1;TLK2;TLK1;WNK2;SIRT6
prerank,Reactome_2022__TBC/RABGAPs R-HSA-8854214,0.2977536231527243,0.9176115388688922,0.5810185185185185,0.7874827426624056,1.0,5/19,20.57%,TBC1D16;ULK1;TBC1D7;TBC1D25;TBC1D20
prerank,GO_Biological_Process_2025__Regulation of Interleukin-6 Production (GO:0032675),-0.2754532661550022,-0.9175054495641282,0.5806451612903226,0.8056103472928282,1.0,8/29,17.48%,LPL;GBA1;ARHGEF2;SPHK2;TWIST1;MYD88;PYCARD;WNT5A
prerank,WikiPathways_2024_Human__11P11 2 Copy Number Variation Syndrome WP5348,-0.28217169911986817,-0.9172606604737176,0.5591985428051002,0.805565211137614,1.0,6/25,11.57%,ITGA3;ITGA4;ITGA6;ACCS;ITGB2;ITGB1
prerank,GO_Biological_Process_2025__Positive Regulation of miRNA Metabolic Process (GO:2000630),-0.2882391372777086,-0.9168735964491315,0.5783582089552238,0.8058392089550269,1.0,2/24,2.12%,GATA2;GATA3
prerank,Reactome_2022__COPII-mediated Vesicle Transport R-HSA-204005,0.23528122508168187,0.9163472344891941,0.610705596107056,0.7899594048788988,1.0,6/48,9.87%,NSF;NAPG;GRIA1;TRAPPC10;PPP6R1;PPP6R3
prerank,Reactome_2022__Lysosome Vesicle Biogenesis R-HSA-432720,0.27199822767821397,0.9163337720301716,0.567741935483871,0.7893667626225833,1.0,9/24,26.00%,SH3GL2;APP;CLVS2;CLVS1;BLOC1S1;ARRB1;AP1S3;AP1S1;AP1S2
prerank,GO_Biological_Process_2025__Positive Regulation of Transcription Elongation by RNA Polymerase II (GO:0032968),-0.26513616299922593,-0.9161784314746553,0.5927927927927928,0.8069000389847558,1.0,15/35,35.59%,MED28;CDK13;MED17;ELL3;ELL;ELL2;MED8;CCNT1;MED19;MED27;MED23;MED22;MED11;MED30;MED25
prerank,WikiPathways_2024_Human__Copper Homeostasis WP3286,0.2814320369307928,0.9155367119260065,0.5949656750572082,0.7906608001770004,1.0,8/23,24.54%,ATP7A;APP;APC;ADAM17;PTEN;ADAM10;XIAP;SCO1
prerank,GO_Biological_Process_2025__Protein Targeting to Lysosome (GO:0006622),-0.3192583037924138,-0.9150964959910262,0.587037037037037,0.8088660413434314,1.0,3/16,9.76%,SCARB2;ZFYVE16;VPS4A
prerank,Reactome_2022__Cargo Concentration In ER R-HSA-5694530,-0.3109244180891388,-0.9149570096065298,0.5732600732600732,0.8085358090089644,1.0,12/18,39.75%,STX5;MCFD2;SEC22B;LMAN1L;SEC23A;SEC24D;MIA3;SEC24B;SEC24A;LMAN2;LMAN2L;LMAN1
prerank,GO_Biological_Process_2025__Post-Translational Protein Modification (GO:0043687),0.28670937713166517,0.9146952543925914,0.5598194130925508,0.7921493142539059,1.0,11/22,33.42%,PKN1;TPST1;PARP1;BAZ1B;TNKS2;TNKS;DCAF1;RNF7;SUMF1;UBA3;MAP3K12
prerank,GO_Biological_Process_2025__Response to Ionizing Radiation (GO:0010212),-0.25199341645283996,-0.9138773660379176,0.607773851590106,0.8104710118783574,1.0,12/39,20.70%,KAT5;FIGNL1;EYA1;EYA3;RHOB;EEF1D;CARD16;MTA1;FANCD2;SMPD1;BRAT1;BARD1
prerank,GO_Biological_Process_2025__Negative Regulation of Transport (GO:0051051),-0.2818437922350767,-0.9136245400415552,0.5652173913043478,0.8104355827599494,1.0,4/26,5.95%,ITGAV;CRYAB;SNX33;SCAMP5
prerank,GO_Biological_Process_2025__TOR Signaling (GO:0031929),-0.279352859591497,-0.9132877642105476,0.5933456561922366,0.810649544527571,1.0,12/27,22.56%,GATA3;LAMTOR5;RPS6;RPS6KA4;RPS6KA5;RPS6KB2;RPS6KA6;RPS6KA1;RPS6KA2;RPS6KB1;RPS6KA3;LAMTOR4
prerank,Reactome_2022__Role Of Phospholipids In Phagocytosis R-HSA-2029485,-0.3120399764551735,-0.9128140152218506,0.5863377609108159,0.8111638208146321,1.0,6/17,15.10%,PLD4;PLD3;PRKCSH;PLPP4;PLPP5;PIK3CB
prerank,Reactome_2022__HCMV Late Events R-HSA-9610379,-0.24154835355838788,-0.9127988801076157,0.63016157989228,0.8105750982318404,1.0,13/50,24.72%,SEH1L;HSD17B4;VPS4A;NUP85;SEC13;NUP210;NUP93;NUP43;NDC1;NUP133;NUP205;NUP50;TRMU
prerank,GO_Biological_Process_2025__Cellular Response to Type II Interferon (GO:0071346),-0.31995228917540547,-0.9126733266290703,0.572992700729927,0.8102700902217609,1.0,11/16,32.38%,AQP4;CASP1;WNT5A;RPL13A;GBP4;GBP6;GBP5;GBP7;ATL1;GBP2;GBP1
prerank,GO_Biological_Process_2025__Negative Regulation of Signal Transduction (GO:0009968),0.1927166125887538,0.9126599643224642,0.6916890080428955,0.796485137357568,1.0,24/128,15.40%,PRKCB;PRKCZ;MAPK8IP2;YWHAB;LGR4;INPP5D;INPP5K;KCTD6;KCTD21;PHACTR4;IRS1;INPPL1;CTNND1;SPRED1;SPRED2;NCK1;EPN2;TNS2;NLK;FRZB;NKD2;NKD1;PPARG;NR1D1
prerank,GO_Biological_Process_2025__Negative Regulation of Angiogenesis (GO:0016525),-0.26071841613640645,-0.9121185134511001,0.5947826086956521,0.810939004070867,1.0,13/36,20.20%,CD36;YJEFN3;NAXE;PGK1;E2F2;SULF1;PIK3CB;ROCK1;ROCK2;THBS4;THBS2;ISM1;THBS1
prerank,GO_Biological_Process_2025__Spermatid Development (GO:0007286),-0.2624129040154933,-0.9111026465732778,0.597864768683274,0.8127808010751082,1.0,4/35,7.39%,GALNTL5;CDYL;KAT5;SOX30
prerank,GO_Biological_Process_2025__T Cell Activation (GO:0042110),-0.2717862742620003,-0.9099830411960627,0.6048109965635738,0.8148617259532176,1.0,7/32,15.06%,DDOST;GATA3;DPP4;SOX4;CASP8;FKBP1A;PIK3CG
prerank,Reactome_2022__Nuclear Envelope (NE) Reassembly R-HSA-2995410,0.2274976183626233,0.9090851038541061,0.6266968325791855,0.8046206696317985,1.0,6/53,4.00%,TUBA1C;TUBA1B;TUBA3E;TUBA1A;TUBA3C;TUBA3D
prerank,Reactome_2022__SARS-CoV-1 Infection R-HSA-9678108,-0.28629654325313175,-0.9090660117595343,0.5862068965517241,0.8164240676231158,1.0,4/24,10.75%,CTSL;MOGAT1;VCP;PRKCSH
prerank,GO_Biological_Process_2025__Regulation of Organelle Organization (GO:0033043),0.216236041561827,0.908735339499603,0.6574712643678161,0.8048555760437316,1.0,12/67,15.65%,PKN2;STMN3;ATP13A2;SYT12;EHD3;PLXNB1;MAPK1;ARL6IP1;MAPK3;NFRKB;MAPK15;VPS11
prerank,WikiPathways_2024_Human__Macrophage Stimulating Protein MSP Signaling WP5353,-0.23761067614888493,-0.9086465408937949,0.6254355400696864,0.8167456598805402,1.0,23/50,27.77%,SLC2A1;MST1;MAP2K1;MAP2K2;ITGB1;WNT10B;RPS6;CPT1A;SOCS3;SOCS1;OCLN;RPS6KA4;RPS6KA5;RPS6KA1;RPS6KB1;RPS6KA3;GAB1;NFKB1;RELA;PCNA;PRKAA2;JUN;SHC1
prerank,GO_Cellular_Component_2025__Nuclear Membrane (GO:0031965),0.1918629040494456,0.9084517652719885,0.6935483870967742,0.8049335824071637,1.0,37/132,23.19%,PKN1;NOS1AP;GUCA1B;TMEM53;SH3D19;MINDY4;SIRT1;GRK5;IPO5;RNF123;SPAST;HABP4;GTF3C3;MFSD10;CUEDC2;RAP1GAP2;RBMX2;PUM2;GTPBP4;DNAJC2;POM121C;NUP153;POM121;RB1CC1;KPNB1;SDCBP;TAF3;DHX37;TNKS;TBC1D20;XPO1;EPC1;AK9;NR4A1;ATP11B;TMEM38A;TMEM38B
prerank,GO_Molecular_Function_2025__ADP Binding (GO:0043531),-0.32638441993407236,-0.9083171005334872,0.5822306238185255,0.8169221997065931,1.0,4/15,8.12%,MYO6;PGK2;PGK1;ABCG1
prerank,Reactome_2022__Rab Regulation Of Trafficking R-HSA-9007101,0.2182654791360663,0.9080371860412173,0.6730310262529833,0.8053295348998578,1.0,18/66,26.45%,TBC1D16;ULK1;TRAPPC10;MADD;TBC1D7;RIC1;DENND6B;DENND6A;RAB1A;TBC1D25;RAB14;GAPVD1;TBC1D20;TRAPPC5;YWHAE;TSC1;TRAPPC6B;TRAPPC6A
prerank,GO_Biological_Process_2025__Regulation of Lipid Storage (GO:0010883),-0.31379374725288167,-0.907933309739542,0.5909090909090909,0.8171717316567296,1.0,3/17,4.25%,ITGAV;C3;LPL
prerank,GO_Biological_Process_2025__Establishment of Mitotic Spindle Localization (GO:0040001),0.2845161800768631,0.9077734442769396,0.610989010989011,0.8053599022423611,1.0,6/21,22.65%,PAFAH1B1;CCDC66;INPPL1;KPNB1;NDE1;MAPRE1
prerank,GO_Biological_Process_2025__Regulation of Catabolic Process (GO:0009894),-0.24360107874559042,-0.9075767566519491,0.6302816901408451,0.8173753015904572,1.0,11/47,22.21%,SCARB2;HDAC6;BOK;NUPR1;TRIB3;ITGB1;WDR24;CHEK2;GLMN;LATS1;NUB1
prerank,Reactome_2022__FCGR3A-mediated Phagocytosis R-HSA-9664422,0.27235770824632805,0.907287183094274,0.5816554809843401,0.8058726894658309,1.0,5/25,12.10%,NCKIPSD;MAPK1;GRB2;NCK1;MAPK3
prerank,WikiPathways_2024_Human__Autophagy WP4923,0.28966787279393635,0.9072459636795538,0.5925155925155925,0.8053524968861491,1.0,7/22,19.17%,ULK1;ATG101;ATG14;RB1CC1;AKT1S1;PIK3C3;PIK3R4
prerank,GO_Biological_Process_2025__Tight Junction Assembly (GO:0120192),0.31108505637936773,0.9065677807689376,0.5905172413793104,0.8063584081041042,1.0,4/15,20.88%,PKN2;ARL2;MPP7;PATJ
prerank,Reactome_2022__RAC3 GTPase Cycle R-HSA-9013423,0.23595274581295306,0.9055809958521382,0.6402714932126696,0.8081148070173075,1.0,4/43,4.14%,PKN1;PKN2;ARHGAP39;OCRL
prerank,Reactome_2022__Senescence-Associated Secretory Phenotype (SASP) R-HSA-2559582,0.25198882121632427,0.9050439864986023,0.6173120728929385,0.8087621618855203,1.0,10/33,20.53%,MAPK1;MAPK3;CDC27;H2AZ1;H2AZ2;UBE2C;EHMT1;EHMT2;UBE2S;CDC16
prerank,GO_Biological_Process_2025__Response to Gamma Radiation (GO:0010332),-0.3142898990904273,-0.9049185503787501,0.5851851851851851,0.8229316294625754,1.0,5/16,16.96%,CRYAB;XRCC6;RPL26;FANCD2;TSPYL5
prerank,Reactome_2022__Insertion Of Tail-Anchored Proteins Into Endoplasmic Reticulum Membrane R-HSA-9609523,-0.3057482096636551,-0.9044327560674145,0.5572232645403377,0.823467698257142,1.0,7/17,27.31%,ALDH3A2;STX5;SEC61B;SERP1;CYB5A;GET1;OTOF
prerank,GO_Biological_Process_2025__Cellular Response to Glucose Stimulus (GO:0071333),-0.3197850144234634,-0.9041705686390001,0.6166365280289331,0.823445513875364,1.0,6/16,18.88%,SOX4;MLXIPL;PCK1;PCK2;RACK1;SELENOT
prerank,GO_Biological_Process_2025__Regulation of Organelle Assembly (GO:1902115),-0.2622268082259162,-0.9037795682182035,0.6132596685082873,0.8237249348637862,1.0,16/35,28.67%,GSN;ATG3;TBC1D19;RAB11A;STX18;UBQLN2;MCIDAS;CHEK2;STAM;MTMR3;DYNLT2B;RDX;MSN;EZR;DYNC2LI1;IFT20
prerank,GO_Biological_Process_2025__DNA Replication Checkpoint Signaling (GO:0000076),-0.31983620943259544,-0.903778903584749,0.5888689407540395,0.8230985280692129,1.0,3/15,16.83%,CLSPN;DNA2;CDT1
prerank,GO_Molecular_Function_2025__Methyltransferase Activity (GO:0008168),0.2672773541449022,0.9035206667599179,0.6167023554603854,0.8117289519760372,1.0,8/27,19.41%,PRMT3;HEMK1;EHMT1;PRMT8;EEF1AKMT1;MEPCE;HENMT1;LCMT1
prerank,"GO_Molecular_Function_2025__Acyltransferase Activity, Transferring Groups Other Than Amino-Acyl Groups (GO:0016747)",-0.2425299303414455,-0.903518252664402,0.6258278145695364,0.8230649877387485,1.0,8/48,10.19%,KAT5;KAT6A;DGAT2L6;ELOVL7;ELOVL1;SPHK1;OSGEPL1;DBT
prerank,WikiPathways_2024_Human__Overlap Between Signal Transduction Pathways LMNA Laminopathies WP4879,-0.2744949079421035,-0.903392169170836,0.6173752310536045,0.8227134399084207,1.0,7/27,17.58%,MAOA;MAOB;ICMT;DICER1;CSNK1A1L;WNT7B;WNT10B
prerank,GO_Molecular_Function_2025__Acetylation-Dependent Protein Binding (GO:0140033),0.29555051958887935,0.9032983821162378,0.6070640176600441,0.8116560758160334,1.0,6/17,25.40%,KMT2A;MLLT1;MLLT3;BAZ2A;BRD4;BRDT
prerank,GO_Biological_Process_2025__Cellular Response to Molecule of Bacterial Origin (GO:0071219),-0.24838548185021403,-0.9032605966066928,0.6286764705882353,0.8223905691668297,1.0,14/40,25.35%,PLAA;MYD88;RHOA;CASP1;CARD16;PYCARD;FZD5;WNT5A;ZFP36;CASP7;PPM1E;CACTIN;NFKB1;RELA
prerank,GO_Biological_Process_2025__Lysosome Organization (GO:0007040),-0.2689153672548214,-0.9027603600990518,0.6120218579234973,0.8229660437098945,1.0,6/29,16.21%,GAA;CLN3;GBA1;ZFYVE26;ACP2;SPG11
prerank,GO_Biological_Process_2025__GPI Anchored Protein Biosynthesis (GO:0180046),0.2789504416992871,0.902710318759379,0.6098081023454158,0.812437162948256,1.0,3/22,12.72%,PGAP2;PIGO;PIGL
prerank,Reactome_2022__Cytoprotection By HMOX1 R-HSA-9707564,-0.2566024885480682,-0.902079032300562,0.6203208556149733,0.8239258355069652,1.0,8/33,19.72%,HBA1;ABCC1;LIN9;BLVRB;SURF1;HM13;SMARCD3;RXRA
prerank,Reactome_2022__ER To Golgi Anterograde Transport R-HSA-199977,0.2018044996351387,0.9011181482319325,0.6923076923076923,0.8156058060264015,1.0,12/100,12.87%,NSF;ANK1;NAPG;DYNLL1;DYNLL2;GRIA1;TRAPPC10;PPP6R1;PPP6R3;SPTBN1;COG7;DYNC1H1
prerank,GO_Biological_Process_2025__Positive Regulation of Cell Division (GO:0051781),0.2891665240487885,0.9006567549171398,0.5938189845474614,0.8161322519015013,1.0,2/19,0.43%,PRKCE;PKN2
prerank,Reactome_2022__TGF-beta Receptor Signaling Activates SMADs R-HSA-2173789,-0.2813095212518191,-0.9005245759349544,0.6039426523297491,0.8269093382167135,1.0,10/24,22.89%,ITGAV;ITGA8;UCHL5;ITGB1;FKBP1A;MTMR4;ITGB5;ITGB6;ITGB3;ITGB8
prerank,GO_Biological_Process_2025__Protein Localization to Golgi Apparatus (GO:0034067),0.28284281079570295,0.8997442415198683,0.6267605633802817,0.8176560695748374,1.0,6/20,26.24%,BICD2;COG7;ZDHHC15;GAK;CSNK1D;ARFRP1
prerank,GO_Biological_Process_2025__Glycosaminoglycan Biosynthetic Process (GO:0006024),0.2959865832395121,0.8996501401567566,0.5755555555555556,0.8172588354675665,1.0,4/17,11.99%,EXT2;HS3ST3B1;HS3ST2;HS3ST3A1
prerank,Reactome_2022__NOD1/2 Signaling Pathway R-HSA-168638,-0.29898633724917123,-0.8990852161452869,0.6015473887814313,0.8296891805514793,1.0,7/20,14.97%,IKBKB;CHUK;CASP1;CASP8;CASP9;CASP4;CASP2
prerank,GO_Biological_Process_2025__Regulation of Multicellular Organismal Development (GO:2000026),-0.24657334858102886,-0.8990675135311854,0.6316666666666667,0.8290969290585566,1.0,5/44,8.88%,GATA3;KAT6B;KAT6A;SOX17;UCHL5
prerank,WikiPathways_2024_Human__NF1 Copy Number Variation Syndrome WP5366,-0.23721055361160498,-0.8986240213932657,0.6614853195164075,0.8294574360521718,1.0,12/51,16.63%,PER1;MCL1;RAB11A;RFC5;RHOA;ATR;CFL1;CCNA2;CCNE2;CCNE1;ROCK2;SUZ12
prerank,GO_Biological_Process_2025__Positive Regulation of Proteasomal Protein Catabolic Process (GO:1901800),-0.2236564107774794,-0.8985611859280419,0.648936170212766,0.8289673083627729,1.0,16/68,15.72%,TMX1;PSMC3;PSMC6;DNAJB2;PSMC5;NUPR1;VCP;TRIB2;TRIB1;TRIB3;PLK1;UBQLN2;RACK1;BCAP31;CARD16;PSMC2
prerank,GO_Biological_Process_2025__Regulation of Intracellular Estrogen Receptor Signaling Pathway (GO:0033146),0.2745569982231228,0.898533643545457,0.6281512605042017,0.8192730089317826,1.0,6/22,21.25%,PKN1;ZNF366;VPS11;KMT2D;UFSP2;ISL1
prerank,Reactome_2022__Downstream Signal Transduction R-HSA-186763,0.29214430719321843,0.8983128949496135,0.6075388026607539,0.8191446257514318,1.0,6/19,17.69%,GRB2;NCK2;NCK1;PDGFB;PDGFA;PLCG1
prerank,GO_Biological_Process_2025__Negative Regulation of miRNA Metabolic Process (GO:2000629),0.3141172696798722,0.8979464477081598,0.6017130620985011,0.8193366372624226,1.0,7/16,17.52%,QKI;ZNF512B;PPARG;PPARD;RARA;PPARA;PDGFB
prerank,GO_Biological_Process_2025__Regulation of Mitotic Nuclear Division (GO:0007088),-0.2936370149766741,-0.8978397129881692,0.5722326454033771,0.8300048820344252,1.0,6/20,22.81%,PDXP;TOM1L1;CCNB1;TOM1L2;OBSL1;AURKA
prerank,Reactome_2022__HDACs Deacetylate Histones R-HSA-3214815,-0.2944245450788887,-0.8977810694553503,0.6316793893129771,0.8295103080795496,1.0,6/20,18.67%,SAP30L;SAP30;MTA1;MTA2;HDAC2;GPS2
prerank,GO_Cellular_Component_2025__Bicellular Tight Junction (GO:0005923),-0.28717086807317804,-0.8977377373701477,0.5960144927536232,0.8289899097799746,1.0,9/23,22.32%,WNK3;WNK4;PARD6A;PARD6B;OCEL1;MARVELD2;OCLN;SH3BP1;TBCD
prerank,GO_Molecular_Function_2025__Damaged DNA Binding (GO:0003684),0.2591178657618402,0.8970317149677842,0.618510158013544,0.820909060554388,1.0,7/29,21.64%,XPC;POLR1B;POLR1A;PARP1;POLK;SIRT6;NTHL1
prerank,GO_Biological_Process_2025__Mononuclear Cell Differentiation (GO:1903131),-0.31927755302790434,-0.8968887710694334,0.5902255639097744,0.8303314611363463,1.0,7/15,25.34%,GATA3;CFLAR;CASP8;CDC42;SOCS1;IKZF1;RELB
prerank,WikiPathways_2024_Human__Breast Cancer Pathway WP4262,-0.21623734285412344,-0.8968411132144068,0.6553480475382003,0.8298234722429062,1.0,35/87,28.37%,BAX;BAK1;MAP2K1;MAP2K2;E2F2;ATR;PIK3CD;CCND1;CSNK1A1L;SFRP4;FZD5;WNT7A;WNT7B;WNT5A;WNT2B;WNT4;WNT5B;WNT11;WNT3A;WNT10A;WNT2;WNT10B;LRP6;WNT6;RPS6KB2;RPS6KB1;RB1;NFKB2;PIK3CA;JUN;SHC4;SHC1;SHC3;RAD50;SKP1
prerank,GO_Biological_Process_2025__RNA Polymerase II Preinitiation Complex Assembly (GO:0051123),-0.23866478206489997,-0.896753437752108,0.6592844974446337,0.8294195649642062,1.0,25/53,32.20%,MED28;MED17;GTF2A1;MED8;TAF8;TAF10;TAF5;MED19;TAF11L14;TAF11L3;TAF11L11;TAF11L8;TAF11L4;TAF11L12;TAF11L9;TAF11L10;TAF11L2;TAF11L13;TAF11L7;TAF11;TAF11L6;MED27;MED23;MED22;MED11
prerank,GO_Biological_Process_2025__B Cell Activation (GO:0042113),-0.2699736676931481,-0.8958544739005034,0.6256590509666081,0.8308515039593242,1.0,11/29,24.81%,ITGA4;C3;SLC39A7;SLC7A8;ITGB1;AQP8;CASP8;GPS2;TPD52;AKAP17A;ZBTB7A
prerank,GO_Molecular_Function_2025__Double-Stranded RNA Binding (GO:0003725),0.23803518654024058,0.8951714414779118,0.651219512195122,0.8246782329395972,1.0,28/42,42.34%,TUBA1B;MBNL1;ADAD2;DHX15;ZNF346;EIF4B;HSPD1;ACTN1;TUBB4B;AGO2;DHX9;APTX;EIF2AK2;DUS2;DHX33;STRBP;STAU1;ADARB1;ADARB2;ZFR2;ILF3;ADAR;PRKRA;TARBP2;STAU2;ZFR;ADAD1;DGCR8
prerank,GO_Biological_Process_2025__Response to Calcium Ion (GO:0051592),0.23132738003865413,0.8951165182854042,0.6433408577878104,0.8241723897419292,1.0,14/49,19.21%,HPCA;KCNIP2;DPEP1;KCNH1;NEUROD2;TNNT2;ITPKC;ITPKA;ITPKB;MICU1;PLCG2;TRPV6;MICU3;MICU2
prerank,GO_Biological_Process_2025__mRNA 3'-End Processing (GO:0031124),-0.27989492028271995,-0.895032706765493,0.6028368794326241,0.8320987226525423,1.0,15/24,42.35%,CPSF6;CPSF7;TENT2;SSU72;LSM10;CSTF2;TENT4B;LSM11;ZNF473;CPSF2;NUDT21;CPSF3;RPRD1A;RPRD1B;RPRD2
prerank,GO_Biological_Process_2025__Vesicle Organization (GO:0016050),-0.24871692332448492,-0.8949453996533862,0.6236162361623616,0.8316824887768568,1.0,6/41,9.19%,USP8;SNX11;SNX33;PLEKHF2;ZFYVE16;PLEKHF1
prerank,GO_Biological_Process_2025__SCF-dependent Proteasomal Ubiquitin-Dependent Protein Catabolic Process (GO:0031146),-0.2775055763953071,-0.8948778752979428,0.590566037735849,0.8312160517976863,1.0,13/25,28.37%,CCNF;CUL5;KIF14;FBXL7;FBXL17;FBXL6;FBXL15;FBXL2;FBXL13;FBXL20;FBXL5;FBXL3;SKP1
prerank,GO_Cellular_Component_2025__Anaphase-Promoting Complex (GO:0005680),0.3042697598114288,0.8944830461263981,0.5849056603773585,0.8250293669109041,1.0,5/15,20.53%,MAD2L2;CDC27;UBE2C;UBE2S;CDC16
prerank,GO_Biological_Process_2025__Negative Regulation of Neuron Apoptotic Process (GO:0043524),0.24725742296101838,0.8943324893905885,0.6130434782608696,0.8247553052988115,1.0,3/34,3.43%,PRKCG;PRKCI;CPEB4
prerank,Reactome_2022__FLT3 Signaling R-HSA-9607240,0.3030222326806735,0.8932586019681066,0.6331877729257642,0.8266483221784373,1.0,4/16,12.63%,GRB2;SLA2;GRAP2;SEPSECS
prerank,GO_Biological_Process_2025__Positive Regulation of Developmental Process (GO:0051094),-0.20181653904848798,-0.8929375678382793,0.6716417910447762,0.8350727641593052,1.0,29/128,24.38%,NLGN1;DPF1;DPF3;DPF2;LPL;VIL1;SAP30L;SAP30;SOX9;SOX8;SOX6;SOX5;PSEN1;PGAM5;WNT5A;TAPT1;HDAC2;SMARCD3;SMARCD2;ZNF703;NR2C2;ING1;LRP8;VLDLR;RPS6KA1;RPS6KA3;AURKA;PHLDB1;PHLDB2
prerank,GO_Molecular_Function_2025__Ubiquitin-Like Protein Ligase Binding (GO:0044389),-0.19453867567232117,-0.8928279915432795,0.7070063694267515,0.8347032837703634,1.0,53/161,27.50%,PER1;HDAC6;PSMD1;TPI1;PACRG;SCAMP3;HSPA9;DNAJB2;PSMA3;VCL;VCP;DBT;HIF1A;TRIB2;TRIB1;TRIB3;UBXN1;BAG4;BAG5;PRKACB;HSPA5;RPL23;DAZAP2;CASP8;TMBIM6;CCNB1;OTUB1;CHEK2;FZD5;WASHC1;SQSTM1;RPL11;HM13;STAM;GLMN;TRIP4;UCHL1;RB1;CUL5;CUL4B;GNPDA1;BLZF1;SPART;DET1;DERL1;RELA;ACVR1B;TCP1;CDK5RAP3;IKBKE;FAU;YOD1;JUN
prerank,GO_Biological_Process_2025__Negative Regulation of Cell Cycle Process (GO:0010948),-0.315810397871482,-0.8927606970230112,0.6177024482109228,0.8342329302416382,1.0,4/15,19.06%,VPS4A;ZFYVE19;TOM1L1;TOM1L2
prerank,Reactome_2022__Signaling By FGFR R-HSA-190236,-0.2409230339679872,-0.8920368105349633,0.6436170212765957,0.8352997404094528,1.0,8/45,11.84%,KLB;KL;FRS2;FRS3;ESRP2;HNRNPF;ESRP1;GALNT3
prerank,GO_Molecular_Function_2025__Cadherin Binding (GO:0045296),-0.19059886666773204,-0.8915201002680094,0.7317073170731707,0.8358869448255737,1.0,43/188,19.97%,USP8;CLIC1;ITGA6;PRDX1;SNX2;SNX5;SLC3A2;ATIC;EPS8L1;EPS8L2;STX5;PKM;PSMB6;IST1;DNAJB1;PAICS;VCL;EFHD2;VASN;ENO1;MB21D2;ITGB1;BAG3;PFKP;RPS26;TRPC4;ANXA2;ANXA1;EEF1D;HSPA5;RACK1;TXNDC9;GIPC1;CCNB2;LRRFIP1;PDXDC1;ANLN;NHERF2;WASF2;RPL29;RPL15;RPL7A;RSL1D1
prerank,GO_Molecular_Function_2025__Histone Deacetylase Binding (GO:0042826),0.22285118557454497,0.8910678312078673,0.6739130434782609,0.8311489810383907,1.0,10/59,15.70%,PKN1;PKN2;YWHAB;KCTD21;SMYD4;ZMYND15;NIPBL;MAPK8;TFAP4;SMG5
prerank,GO_Biological_Process_2025__Mitotic DNA Damage Checkpoint Signaling (GO:0044773),-0.2626500996459834,-0.8910656907302218,0.6203866432337434,0.8363356434769734,1.0,14/34,32.40%,CLSPN;PLK1;CCND1;CHEK2;FANCD2;SDE2;CDK1;ZNF367;MUS81;FZR1;CDK5RAP3;TP53;WAC;DTL
prerank,GO_Biological_Process_2025__Positive Regulation of DNA Repair (GO:0045739),-0.23378388862876687,-0.8908178011391199,0.6386986301369864,0.8362928892368103,1.0,8/53,10.35%,DPF1;DPF3;DPF2;UCHL5;EYA2;EYA1;EYA4;EYA3
prerank,KEGG_2021_Human__Ubiquitin mediated proteolysis,0.21116926606560169,0.8907163888730569,0.6949152542372882,0.8313092036606125,1.0,32/78,36.25%,UBE2W;UBE2B;STUB1;UBE2N;UBE2NL;CDC27;BIRC6;ELOB;UBE2C;UBE2S;UBR5;CDC16;UBE3C;UBE4A;BIRC2;XIAP;BIRC7;BIRC3;RNF7;TRAF6;ANAPC2;UBE2I;CUL1;CUL2;UBA3;UBB;FBXW7;UBE2G1;ANAPC10;VHL;HUWE1;CUL4A
prerank,GO_Biological_Process_2025__Regulation of Protein Modification Process (GO:0031399),0.30106244418978995,0.8904123720452372,0.6318082788671024,0.8313988965060686,1.0,5/17,26.81%,PLXNB2;ATG14;ACER2;NOP53;KDM4D
prerank,Reactome_2022__Selective Autophagy R-HSA-9663891,0.23342112644268304,0.8896923822946424,0.6543478260869565,0.8324588469884069,1.0,8/42,13.50%,ULK1;DYNLL1;DYNLL2;TOMM40;CETN1;DYNC1H1;TOMM70;UBE2N
prerank,GO_Biological_Process_2025__Blood Circulation (GO:0008015),0.27236051229803415,0.8887155581806393,0.6130536130536131,0.8340015811968858,1.0,4/23,8.41%,HCN4;TNNI3;HTR7;GUCY1B1
prerank,GO_Biological_Process_2025__Establishment of Protein Localization to Extracellular Region (GO:0035592),0.2722999819020225,0.8883229027784605,0.6091954022988506,0.8342523574949162,1.0,4/22,13.65%,PDIA4;ZNF395;CLSTN3;GNAS
prerank,Reactome_2022__Gap-filling DNA Repair Synthesis And Ligation In GG-NER R-HSA-5696397,0.2824039610734134,0.8879443997414987,0.6242299794661191,0.834432680889663,1.0,3/20,8.24%,LRIG3;POLR1B;POLR1A
prerank,GO_Biological_Process_2025__Positive Regulation of Cell Growth (GO:0030307),0.22907225891253108,0.8877334072923289,0.6658823529411765,0.8342430012655783,1.0,15/48,27.26%,LGI1;ITSN2;NTN1;ADAM17;PABIR1;RICTOR;MAPKAP1;ADAM10;SDCBP;SFRP2;SFRP1;RIMS1;RIMS2;MTOR;DERL2
prerank,KEGG_2021_Human__Signaling pathways regulating pluripotency of stem cells,0.20555661227765398,0.8876136421969845,0.727735368956743,0.8338769916694649,1.0,27/85,22.07%,APC;APC2;MAPK1;GRB2;SMAD4;PCGF6;BMI1;PCGF2;PCGF5;PCGF1;MAPK13;MAPK3;MAPK12;NEUROG1;ONECUT1;SETDB1;TBX3;HAND1;ISL1;FZD7;FZD1;FZD10;FZD9;FZD2;FZD8;FZD3;MEIS1
prerank,Reactome_2022__MicroRNA (miRNA) Biogenesis R-HSA-203927,0.30279206229651123,0.8875736781770622,0.6093023255813953,0.8333282331213291,1.0,14/19,44.43%,POLR2K;DROSHA;POLR2I;BCDIN3D;AGO2;POLR2B;POLR2L;POLR2J;POLR2E;PRKRA;TARBP2;DGCR8;POLR2F;POLR2A
prerank,KEGG_2021_Human__Neurotrophin signaling pathway,-0.21889939672702846,-0.8870716368688261,0.658578856152513,0.8442457758103037,1.0,30/72,28.96%,BAX;MAP2K1;MAP2K2;FRS2;PSEN2;PSEN1;RHOA;IKBKB;PIK3CD;PIK3CB;CDC42;MAP3K3;RPS6KA5;RPS6KA6;RPS6KA1;RPS6KA2;RPS6KA3;GAB1;NFKB1;RELA;PIK3CA;RAPGEF1;JUN;SHC4;SHC1;SHC3;IRAK1;IRAK3;IRAK2;MAP3K5
prerank,GO_Biological_Process_2025__Negative Regulation of RNA Biosynthetic Process (GO:1902679),0.17015095200386357,0.886638070862132,0.8240740740740741,0.8348428382318668,1.0,98/257,30.48%,MEN1;PASD1;TSHZ3;YWHAQ;INPP5K;DPEP3;DPEP2;SIRT1;KCTD15;KCTD1;CLOCK;BMAL1;MECOM;ZMYND15;KHDRBS1;RCOR1;ZNF541;MIDEAS;TRERF1;PARP1;JPH2;SMAD4;PCGF6;RING1;PROX1;ZNF706;TAF7;RBFOX2;PPARG;RORB;PPARD;NR1D1;RARA;NR1D2;THRA;VDR;NR1H2;NR1I2;TFAP4;EHMT1;EZH2;SETDB2;SUV39H2;RUNX1T1;CBFA2T2;CBFA2T3;MTERF3;PDGFB;PLCB1;TBX2;TBX20;TBX22;TBR1;TBX21;TBX3;SBNO2;DACH1;HAND1;ZNF219;PHC3;EPC1;SFRP2;SFRP1;HINFP;BIRC5;ATP8B1;TSC22D4;DEAF1;KDM8;SIRT2;NDUFA13;LOXL2;CNOT7;KLF4;YAF2;KDM4A;KDM5C;CREB3L1;BHLHE40;HEY1;HEY2;HEYL;BHLHE41;TRAF6;RRP8;GCLC;PDCD4;UBE2I;NKX3-1;NKX6-2;NKX2-1;NKX2-5;HNRNPK;ZNF174;REST;CIR1;NR3C1;THAP7
prerank,GO_Biological_Process_2025__Regulation of Cell Cycle (GO:0051726),0.17552865152652022,0.8862755077349415,0.8186666666666667,0.8350322458435513,1.0,56/204,25.46%,MX2;PRKCA;MEN1;PES1;BOP1;SIRT1;WDR12;GRK5;BMAL1;IPO5;MECOM;KHDRBS1;PHACTR4;PROX1;INTS13;SIPA1;MADD;CDK10;SRPK2;MAPK12;NFRKB;PUM1;CDC27;TRRAP;PPP1R9B;RARA;TARDBP;TGM1;GADD45G;GADD45A;GADD45B;TBX3;SDCBP;YY1;CDC16;EPC1;EPC2;IPO7;SFRP1;FZD9;DCUN1D3;INO80C;NR4A1;BIRC2;XIAP;BIRC7;BIRC3;WDR5;TSC22D2;RASSF1;SIRT2;YWHAE;TSC1;KAT2B;KAT2A;NOP53
prerank,GO_Cellular_Component_2025__Spindle (GO:0005819),0.19088811646834597,0.8860456006224784,0.7168367346938775,0.8349202389697495,1.0,57/120,37.89%,DYNLL1;KIF3A;TPPP;TACC3;MAPK1;CCDC66;KATNB1;ATAT1;TUBG1;MAD2L2;CKAP5;KIF3B;RMDN2;RMDN1;RMDN3;CDC27;HSPA2;KIFAP3;CDC16;DNALI1;KIF2C;MAPRE1;BIRC5;WDR5;CSNK1D;SIRT2;TBL1XR1;TBL1X;KAT2B;KAT2A;CBX1;CYLD;WAPL;AFG2B;KATNAL2;TUBGCP3;TUBB4B;CDC7;DNAAF5;TADA3;YEATS2;RTRAF;NUMA1;TADA2A;FBXO5;CLASP2;DZIP1L;BUB1B;CIAO2B;CTDP1;AFG2A;CALM2;CALM3;CALM1;DCUN1D5;CSNK1A1;NEDD9
prerank,GO_Biological_Process_2025__Chromatin Organization (GO:0006325),0.179228467988205,0.8859968934860919,0.8169398907103825,0.8344004022849626,1.0,57/177,26.89%,PKN1;DPEP3;DPEP2;SIRT1;PRMT3;PCBP2;DDX56;MECOM;EID3;PCGF6;PCGF2;RNF2;PCGF1;RING1;NIPBL;NFRKB;GRWD1;H2AZ1;H2AZ2;SMARCA1;EHMT1;EZH2;SETDB2;SUV39H2;SETDB1;EZH1;PRMT8;BAZ1B;ATRX;YY1;SRPK1;EPC1;NPM1;NPM2;NPM3;SIRT6;INO80C;KDM4C;HCFC2;LOXL2;BAZ2A;BRD4;CECR2;BAZ1A;BRDT;KAT2B;KAT2A;RYBP;KDM4A;KDM4D;KDM4B;KDM5A;KDM5C;KDM4E;KDM4F;KDM5B;KDM5D
prerank,GO_Biological_Process_2025__Positive Regulation of Protein Localization (GO:1903829),0.21837884876796904,0.8859930771420009,0.6894977168949772,0.8337777306366454,1.0,9/56,9.62%,RTN4;SYT12;CEP250;BICD1;TMEM35A;CTNND1;PKP3;PKP1;PPP3CB
prerank,Reactome_2022__Cellular Senescence R-HSA-2559583,0.20994702128471152,0.8855352166023467,0.72,0.8341846413831095,1.0,20/70,20.84%,MAPK1;RNF2;RING1;MAPK10;MAPK3;MAPK9;MAPK8;CDC27;H2AZ1;H2AZ2;UBE2C;ETF1;EHMT1;EZH2;EHMT2;UBE2S;MAP2K4;TXN2;CDC16;PHC3
prerank,GO_Biological_Process_2025__Epidermis Development (GO:0008544),0.250344720318086,0.8848688959625483,0.6550976138828634,0.8350777312192533,1.0,4/29,5.27%,ATP2C1;ATP2A2;SPINT1;FOXN1
prerank,GO_Biological_Process_2025__Visual System Development (GO:0150063),-0.27422377698889194,-0.8842081023006478,0.6523297491039427,0.8501189081607504,1.0,5/25,11.49%,ITGAM;C3;SOX2;SIX3;SIX6
prerank,KEGG_2021_Human__Pathogenic Escherichia coli infection,-0.20663548799272963,-0.8841944312087144,0.7325038880248833,0.8495117375584347,1.0,39/97,28.48%,BAX;BAK1;MYO6;ARHGEF2;ARHGEF1;MYO1G;MYD88;ITGB1;RHOA;IKBKB;CHUK;CASP1;CASP8;CASP9;PYCARD;CASP4;TMBIM6;ROCK1;ROCK2;GNA12;ACTR3;CDC42;WASF3;WASF1;WASF2;OCLN;CASP3;CASP7;WIPF1;TAB1;NFKB1;RELA;EZR;RPS3;JUN;IRAK1;PAK3;PAK1;PAK2
prerank,Reactome_2022__Transport Of Mature mRNA Derived From An Intronless Transcript R-HSA-159231,-0.2512171510181823,-0.8841636298766391,0.6678832116788321,0.8489478146339524,1.0,12/36,25.88%,SEH1L;NUP85;WDR33;SEC13;NUP210;NUP93;NUP43;NDC1;NUP133;NUP205;NUP50;SYMPK
prerank,GO_Biological_Process_2025__Regulation of Release of Sequestered Calcium Ion Into Cytosol (GO:0051279),-0.28063875972304014,-0.8835977538718867,0.6348920863309353,0.8496098216746031,1.0,6/23,15.01%,GSTO1;CLIC2;DHRS7C;TRPC1;FKBP1A;FKBP1B
prerank,GO_Biological_Process_2025__Ras Protein Signal Transduction (GO:0007265),0.2562058218000515,0.8831329667187433,0.6689655172413793,0.8384414341667611,1.0,7/30,11.29%,RIT2;NF1;NTN1;GRB2;RRAS;GRAP;GRAP2
prerank,Reactome_2022__HSP90 Chaperone Cycle For Steroid Hormone Receptors (SHR) In Presence Of Ligand R-HSA-3371497,0.25178508360903307,0.8831314374577709,0.6777041942604857,0.8378125125673018,1.0,4/31,14.09%,DYNLL1;DYNLL2;DYNC1H1;HSPA2
prerank,GO_Biological_Process_2025__Positive Regulation of Bone Mineralization (GO:0030501),0.28988027077162287,0.8830402475056198,0.6236323851203501,0.8374070777437358,1.0,2/17,1.60%,ATP2B1;SLC20A2
prerank,GO_Biological_Process_2025__Positive Regulation of Cell Cycle Process (GO:0090068),0.2188378008366187,0.8829701014447736,0.6764705882352942,0.8369481403426895,1.0,11/53,18.74%,PRKCE;PKN2;EGF;RANBP1;SPAST;DBF4B;DBF4;DYNC1H1;RAD21;PDGFB;ATRX
prerank,GO_Biological_Process_2025__Plasma Membrane Bounded Cell Projection Morphogenesis (GO:0120039),0.2649080156771684,0.8828372889660102,0.632183908045977,0.836615781026387,1.0,3/23,5.14%,PKN1;ATP7A;PLXNB1
prerank,KEGG_2021_Human__Lipid and atherosclerosis,-0.20735621640122864,-0.8827865821415402,0.7063758389261745,0.8508111250131928,1.0,28/100,20.58%,CD36;BAX;ERO1A;MIB1;ABCG1;ARHGEF1;HSP90B1;MYD88;RHOA;IKBKB;CHUK;HSPA5;ABCA1;CASP1;CASP6;CASP8;CASP9;PYCARD;PIK3CD;PIK3CB;ROCK2;CDC42;RXRG;RXRB;RXRA;VLDLR;CASP3;CASP7
prerank,GO_Biological_Process_2025__Positive Regulation of G1/S Transition of Mitotic Cell Cycle (GO:1900087),-0.29492906890306736,-0.8810940590030886,0.6263157894736842,0.8540641956963562,1.0,9/19,33.97%,CCND3;CCNE2;CCNE1;CCND1;CCND2;RDX;LSM10;LSM11;RRM1
prerank,GO_Biological_Process_2025__Negative Regulation of Response to Endoplasmic Reticulum Stress (GO:1903573),-0.2846221312169945,-0.8809772858595198,0.6441281138790036,0.8536902369717312,1.0,8/21,27.58%,SYVN1;UBXN1;RACK1;TMBIM6;USP14;PARK7;LPCAT3;UBXN2A
prerank,KEGG_2021_Human__Colorectal cancer,0.23504434609003308,0.8809707529040351,0.6939252336448598,0.8402333082996079,1.0,14/42,17.75%,EGF;APC;APC2;MAPK1;GRB2;SMAD4;MAPK10;MAPK3;MAPK9;MAPK8;GADD45G;GADD45A;GADD45B;POLK
prerank,KEGG_2021_Human__Autophagy,-0.20698679536537332,-0.8808323185379047,0.7246621621621622,0.8533985307449001,1.0,28/96,22.12%,CTSL;MAP2K1;MAP2K2;ATG13;ATG3;ATG4A;ATG4B;ZFYVE1;HIF1A;ATG9B;ATG9A;CTSD;PRKACB;PRKACA;PRKACG;MTMR14;CFLAR;PIK3CD;PIK3CB;SQSTM1;ATG16L2;ATG16L1;MTMR4;MTMR3;RRAGC;RRAGD;RPS6KB2;RPS6KB1
prerank,GO_Cellular_Component_2025__Mitochondrial Inner Membrane (GO:0005743),0.16819767719882506,0.8805612799021718,0.8709677419354839,0.8405435001988474,1.0,101/280,33.48%,CDS2;AMBP;KCNK9;PRODH;COX7A1;COX7A2;COX7A2L;APP;SLC9B2;COX15;MRPS9;PTCD3;SLC22A14;TOMM40;TIMM13;IMMP2L;CKMT1A;CKMT2;GPD2;ATP5PB;SLC25A3;ATP5F1A;SLC41A3;SMDT1;NDUFB5;TIMM17A;TIMM17B;NDUFA12;ATPAF1;RCC1L;ATP5PF;COQ2;MICU1;CHDH;TIMM22;COX7C;COX5B;SLC25A19;MRPS16;NDUFS2;MRPS5;MICU3;MICU2;TRAP1;AIFM1;NDUFS7;CYCS;NDUFB11;MRPL24;MRPS10;UQCRQ;HCCS;MRPL32;MRPS31;COX6B2;MRPL52;NDUFS8;MRPL23;ATP5PD;NDUFA10;IMMP1L;NDUFA13;MRPL4;SCO1;TAFAZZIN;HSPD1;SLC25A29;MRPS33;MAIP1;COX10;SDHA;TIMM23;NDUFA8;ATPAF2;SDHC;MRPS15;MRPL54;MRPL9;TMEM65;TIMM21;TMEM70;MRPL12;COQ7;ATP5F1C;ATP5MF;SDHD;APOO;APOOL;DHODH;NDUFA6;SFXN2;ATP5MG;ATP5MGL;AGK;MRPS7;MRPS11;COX4I1;COX4I2;COA1;TIMM50;TMEM186
prerank,WikiPathways_2024_Human__ATM Signaling In Development And Disease WP3878,-0.2714433466965148,-0.8804469670934694,0.6436363636363637,0.8536325527280659,1.0,10/27,32.82%,G6PD;KAT5;ATR;CHEK2;NFKB1;PPP2CA;RAD50;TP53;PPM1D;MAPK11
prerank,Reactome_2022__Resolution Of Sister Chromatid Cohesion R-HSA-2500257,0.21621934081283414,0.8803870750025027,0.7,0.8403052898515251,1.0,16/60,23.60%,PAFAH1B1;DYNLL1;DYNLL2;PMEPA1;PDS5B;PDS5A;CLIP1;DYNC1H1;CKAP5;RAD21;NDE1;XPO1;KIF2C;MAPRE1;BIRC5;SMC3
prerank,GO_Biological_Process_2025__Positive Regulation of Protein Serine/Threonine Kinase Activity (GO:0071902),0.2695917978724452,0.8803559042929597,0.6221719457013575,0.8397321828717602,1.0,8/24,17.53%,SYAP1;SIRT1;DIRAS2;PROX1;PDCD10;EZH2;PDGFB;PDGFA
prerank,Reactome_2022__PINK1-PRKN Mediated Mitophagy R-HSA-5205685,0.2994804774600249,0.8800355311935162,0.6094808126410836,0.8398324657138873,1.0,8/15,38.26%,TOMM40;TOMM70;MTERF3;TOMM20;ATG5;UBB;TOMM22;PINK1
prerank,GO_Biological_Process_2025__Protein Transport (GO:0015031),-0.18982155190294614,-0.8798492597427529,0.747588424437299,0.8543744203972582,1.0,38/178,20.28%,AKR1B10;CD36;HDAC6;SNX33;MTTP;STX5;SCAMP5;SCAMP1;SCAMP2;SCAMP3;SCAMP4;MYO6;HSPA9;RCN3;ABCA12;ABCG1;ARHGEF2;RUFY1;HSP90B1;ARCN1;TSNARE1;RAB11A;TANGO2;TOM1;GGA2;SEC13;TMED6;RAB21;COPB2;VAMP5;VPS33B;GGA1;GGA3;ARRDC5;SEL1L;LRP2;LRP1B;VLDLR
prerank,Reactome_2022__Mitotic Prophase R-HSA-68875,-0.22075836060077414,-0.8797061176328584,0.7080536912751678,0.8540755052135014,1.0,26/65,29.17%,SEH1L;NUP85;SEC13;PLK1;CCNB1;CCNB2;VRK2;VRK1;GORASP2;GORASP1;NUP210;NUP93;NUP43;NDC1;NUP133;MCPH1;PPP2R2D;NUP205;RB1;NUP50;BLZF1;CDK1;PPP2CB;PPP2CA;GOLGA2;NUP58
prerank,GO_Biological_Process_2025__Cellular Response to UV (GO:0034644),0.23334135966647124,0.879698242162983,0.6956521739130435,0.8399174587916235,1.0,11/45,21.36%,OPN3;MINDY4;SIRT1;XPC;PARP1;MAPK13;POLK;EIF2AK4;YY1;EIF2S1;NPM1
prerank,Reactome_2022__Aggrephagy R-HSA-9646399,0.2854123090049767,0.8795389435848624,0.6332622601279317,0.8396300029229983,1.0,5/19,13.50%,DYNLL1;DYNLL2;CETN1;DYNC1H1;UBE2N
prerank,WikiPathways_2024_Human__T Cell Activation SARS CoV 2 WP5098,-0.2575004026742935,-0.8795322006109979,0.6441281138790036,0.853841129108951,1.0,8/32,16.05%,BAX;MAP2K1;MAP2K2;MYD88;IKBKB;CHUK;PIK3CD;CCND1
prerank,GO_Biological_Process_2025__Positive Regulation of Canonical NF-kappaB Signal Transduction (GO:0043123),0.20437595029056005,0.8793565542539876,0.7038961038961039,0.8394277995541141,1.0,22/81,23.23%,PRKCB;PELI1;PELI2;ATP2C1;SLC20A1;DDX56;PARP1;DHX15;UBE2N;ZDHHC13;ZDHHC17;RORA;LGALS1;LGALS9;NDFIP1;NDFIP2;NFAT5;UNC5CL;BIRC2;XIAP;BIRC3;VAPA
prerank,GO_Biological_Process_2025__Negative Regulation of Ubiquitin-Dependent Protein Catabolic Process (GO:2000059),-0.2671073199148903,-0.8792123752368403,0.6329113924050633,0.8539006639701178,1.0,7/28,18.32%,RPS7;UCHL5;UBXN1;RPL23;GIPC1;USP14;RPL11
prerank,Reactome_2022__RHO GTPase Cycle R-HSA-9012999,0.1723119731827666,0.8789802743182213,0.804093567251462,0.8396606035372427,1.0,40/234,14.22%,PKN3;PKN1;PKN2;STMN2;HOMER2;ARHGAP39;TUBA1B;OCRL;REPS1;ITSN2;ITSN1;PLXNB1;PLXND1;PICALM;FNBP1L;FNBP1;TRIP10;FAM13B;FAM13A;CKB;GRB2;JUP;SLC4A7;TPM3;TPM4;SH3RF1;NCF4;NCK2;NCK1;SPTBN1;STOM;GNA13;MSI2;TMOD3;ARHGEF11;ARHGEF12;ARHGEF18;ARHGEF3;ARHGEF28;ZNF512B
prerank,GO_Biological_Process_2025__Regulation of Substrate Adhesion-Dependent Cell Spreading (GO:1900024),-0.2708528898796341,-0.8787085323244457,0.6100178890876565,0.8543828002469952,1.0,6/26,18.56%,P4HB;FERMT2;LIMS2;LIMS1;CDC42;KANK1
prerank,GO_Biological_Process_2025__Regulation of Dendritic Spine Morphogenesis (GO:0061001),-0.2979432496074277,-0.8783514214430429,0.6376811594202898,0.8545684286821161,1.0,6/18,20.47%,NLGN1;CAPRIN1;CAPRIN2;LZTS3;LRP8;ARHGAP44
prerank,GO_Biological_Process_2025__Regulation of Receptor Signaling Pathway via JAK-STAT (GO:0046425),-0.2780864318026253,-0.8774030667805708,0.6394052044609665,0.8560372939831448,1.0,16/22,43.50%,OCIAD2;OCIAD1;SOCS2;SOCS3;CISH;SOCS1;CRLF3;LEPROT;GBP7;NF2;WDR48;PIGU;EP300;TTF2;HGS;DOT1L
prerank,GO_Biological_Process_2025__Mitochondrial Transport (GO:0006839),0.2591171806565465,0.8772449079587313,0.6652452025586354,0.8428892786501776,1.0,12/26,32.38%,TOMM40;TIMM13;SLC25A31;BNIP3;TOMM70;TIMM22;NDUFA13;TOMM20;TIMM8B;MTX2;SAMM50;AGK
prerank,GO_Biological_Process_2025__Regulation of NLRP3 Inflammasome Complex Assembly (GO:1900225),0.27151431923968367,0.8762437533959333,0.6473429951690821,0.8444741114750406,1.0,6/21,17.72%,KCNK6;KCNK13;MAPK8;ZDHHC1;ZDHHC12;PLCG2
prerank,GO_Biological_Process_2025__mRNA Splice Site Recognition (GO:0006376),0.2872009502862018,0.8759093584589878,0.6458333333333334,0.8446222486701885,1.0,2/18,3.59%,CELF6;CELF5
prerank,WikiPathways_2024_Human__Parkinson 39 S Disease Pathway WP2371,-0.26512606475117684,-0.8754887052753242,0.6732142857142858,0.8596546925612072,1.0,12/27,23.60%,CASP6;CASP9;CASP2;CCNE2;CCNE1;UBE2G2;DDC;CASP3;CASP7;UCHL1;UBE2L6;PARK7
prerank,Reactome_2022__RHOD GTPase Cycle R-HSA-9013405,-0.26336737548364814,-0.8751702776723455,0.6293577981651376,0.8597662402961921,1.0,15/28,33.20%,HINT2;EFHD2;MOSPD2;ARHGAP12;VRK2;VAMP3;ARHGAP17;RACGAP1;CAPZB;VANGL1;GOLGA8R;ARHGAP35;DIAPH1;DIAPH2;PIK3R2
prerank,GO_Cellular_Component_2025__Phagocytic Vesicle (GO:0045335),-0.2326353508581071,-0.8751668185665231,0.6532846715328468,0.8591396373324537,1.0,9/51,13.17%,PDIA3;CD36;ITGAV;PGLYRP1;PLD4;RAC2;RAB11A;ANXA3;ANXA11
prerank,GO_Biological_Process_2025__Negative Regulation of Cytokine Production (GO:0001818),0.20663115899594614,0.8751042703232821,0.7226277372262774,0.8457951197839514,1.0,22/72,26.39%,PRKCA;HOMER2;ATP2B1;LGR4;CIDEA;SYT12;DDX56;QKI;CUEDC2;RARA;PPARA;LGALS9C;LGALS9;TBX21;NMBR;ARRB1;NFKBIA;KLF4;N4BP1;ZC3H12A;CYLD;NCKAP1L
prerank,GO_Biological_Process_2025__Epithelial Tube Morphogenesis (GO:0060562),-0.30049468940111934,-0.8749986473330515,0.6457242582897034,0.858871724383113,1.0,4/17,12.68%,GATA3;SOX17;MTSS1;RHOB
prerank,Reactome_2022__TRP Channels R-HSA-3295583,0.2939294786033725,0.8749234544068973,0.6552462526766595,0.8455549501620463,1.0,6/17,18.83%,TRPV2;TRPV6;TRPV4;TRPV5;TRPV3;TRPV1
prerank,WikiPathways_2024_Human__Familial Partial Lipodystrophy WP5102,-0.2848003715302056,-0.8747123278945843,0.6345454545454545,0.858884108703996,1.0,3/21,4.25%,GATA2;GATA3;LPL
prerank,WikiPathways_2024_Human__Perturbations Host Cell Autophagy Induced By SARS CoV 2 Prots WP4936,-0.25080534379154373,-0.8744948965702695,0.654054054054054,0.8587453576799781,1.0,9/32,22.12%,PKM;ATG13;ATG3;ATG4A;ATG9A;RPS6;SQSTM1;ATG16L1;RPS6KB1
prerank,GO_Biological_Process_2025__Cognition (GO:0050890),-0.2769867036101785,-0.8743406161711395,0.6405109489051095,0.8584710363525756,1.0,5/24,12.05%,CBR3;MOGAT3;LINS1;TUSC3;MAGT1
prerank,GO_Biological_Process_2025__Regulation of Protein Ubiquitination (GO:0031396),0.2073091029230112,0.8734992268044439,0.7363636363636363,0.8481448159585364,1.0,21/69,26.62%,PRKCG;SH3RF2;FBXO33;STUB1;PRMT3;FAM107A;OGT;HSPBP1;TBC1D7;GTPBP4;NDFIP1;NDFIP2;ARRB2;ARRB1;BIRC2;XIAP;BIRC7;BIRC3;RASSF1;N4BP1;SIRT7
prerank,Reactome_2022__Apoptotic Execution Phase R-HSA-75153,-0.26910952452857845,-0.8731564727764389,0.6513761467889908,0.8604400413899895,1.0,9/25,20.58%,GSN;CLSPN;BCAP31;CASP6;CASP8;ROCK1;OCLN;CASP3;CASP7
prerank,GO_Biological_Process_2025__Positive Regulation of Wound Healing (GO:0090303),-0.29689805001626496,-0.8729186019393035,0.6292335115864528,0.8603288949400243,1.0,7/18,20.41%,FERMT2;FERMT1;ITGB1;ANXA1;KANK1;THBS1;OCLN
prerank,GO_Cellular_Component_2025__Phagocytic Vesicle Membrane (GO:0030670),0.2633586265246016,0.872785531493428,0.6462167689161554,0.8490695160373343,1.0,3/26,4.42%,ATP7A;ATP6V0E1;ATP6V0E2
prerank,Reactome_2022__Pre-NOTCH Transcription And Translation R-HSA-1912408,0.2898009199485796,0.8720162262400714,0.6696230598669624,0.8500687553412803,1.0,6/18,25.42%,PRKCI;H2AZ1;H2AZ2;SIRT6;KAT2B;KAT2A
prerank,GO_Biological_Process_2025__Regulation of Focal Adhesion Assembly (GO:0051893),-0.27049486251416976,-0.8713200912929743,0.6579925650557621,0.863215563450157,1.0,9/26,24.38%,VCL;FERMT2;LIMS1;RHOA;ROCK1;ROCK2;THBS1;PPM1F;PHLDB2
prerank,Reactome_2022__Mitochondrial Translation Termination R-HSA-5419276,0.20559853629883176,0.8710864145480705,0.7372448979591837,0.8514591327896676,1.0,21/66,33.88%,MRPS9;PTCD3;GFM2;MRPS16;MRPS5;MRPL24;MRPS10;MRPL32;MRPS31;MRPL52;MRPL23;MRPL4;MRPS33;MRPS15;MRPL54;MRPL9;MRPL12;MTRF1L;MRPS7;MRPS11;MRPL51
prerank,GO_Biological_Process_2025__Striated Muscle Tissue Development (GO:0014706),-0.2829311098716585,-0.8709031378919393,0.6511627906976745,0.8635317975831658,1.0,5/22,17.15%,SVIL;PGM5;SIX4;CFLAR;VRK3
prerank,GO_Biological_Process_2025__Positive Regulation of Defense Response (GO:0031349),-0.24897657160765482,-0.8708460576266297,0.6799307958477508,0.8630154439362585,1.0,11/35,19.47%,AGXT;KAT5;LPL;CASP1;CASP12;CASP5;PYCARD;CASP4;PLSCR1;WNT5A;CPT1A
prerank,GO_Biological_Process_2025__Regulation of Neuron Differentiation (GO:0045664),-0.24537095574749285,-0.8702140642996141,0.6660617059891107,0.8638008650936333,1.0,10/37,17.18%,NLGN1;SOX2;SOX11;SOX3;ARHGEF2;SIX3;RHOA;ROCK1;MMD2;MMD
prerank,GO_Biological_Process_2025__Negative Regulation of Cellular Process (GO:0048523),-0.17903564443383715,-0.8696252089793409,0.8310077519379845,0.8644559913162102,1.0,65/258,22.88%,DHRS2;ALDH1A2;GATA3;ITGAV;ITGA1;CTBP2;CTBP1;CRYAB;HPGD;CD164;MAP2K1;SCIN;ATG13;PPP2R5C;RNF139;SOX17;FBP1;SULT2B1;TENT5C;TENT5B;DNAJB2;SPHK2;PSMC5;TWIST1;NUPR2;NUPR1;PEPD;TGFB1I1;LPXN;ENO1;RHOB;ANXA6;PLPP1;NUDT6;GMNC;GMNN;MCIDAS;RACK1;CAPRIN2;RBM5;GAS8;SUZ12;CDT1;TSPYL2;SFRP4;WNT9A;SAV1;VAMP3;KANK2;SUSD2;NHERF1;GLMN;ZNF503;ING4;ING1;THBS1;BARD1;PPP1R13B;TP53BP2;DNAJA3;FRMD5;RPS6KA2;RBL1;RB1;ITGB3
prerank,WikiPathways_2024_Human__Transcription Factor Regulation In Adipogenesis WP3599,0.2970972778685158,0.8688593957178818,0.6133909287257019,0.8556728935835941,1.0,5/15,15.34%,IRS2;IRS1;PPARGC1A;MAPK8;PPARG
prerank,GO_Molecular_Function_2025__RNA Nuclease Activity (GO:0004540),0.22453999272923325,0.8681228347691718,0.6746411483253588,0.8565618035419088,1.0,15/46,28.00%,RCL1;SMG6;CNOT6;NOB1;DCPS;CNOT7;RNASET2;NYNRIN;ZC3H12B;KHNYN;N4BP1;ZC3H12C;ZC3H12A;ZC3H12D;PDE12
prerank,GO_Biological_Process_2025__Regulation of Cytosolic Calcium Ion Concentration (GO:0051480),0.2740321884293634,0.8680184381646421,0.6632443531827515,0.8561568734182363,1.0,4/19,13.33%,ATP2B3;ATP2B1;SLC35G1;ATP2B4
prerank,KEGG_2021_Human__Non-alcoholic fatty liver disease,0.1934002389079449,0.8678765238933656,0.7482014388489209,0.8558381485035245,1.0,27/94,24.45%,COX7A1;COX7A2;COX7A2L;IRS2;IRS1;MAPK10;MAPK13;MAPK12;MAPK9;MAPK8;NDUFB5;NDUFA12;PPARG;PPARA;NR1H3;COX7C;COX5B;NDUFS2;NDUFS7;CYCS;NDUFB11;EIF2S1;UQCRQ;COX6B2;NDUFS8;NDUFA10;NDUFA13
prerank,Reactome_2022__Transcriptional Regulation Of Granulopoiesis R-HSA-9616222,-0.291044514017303,-0.8675461491041446,0.6279491833030852,0.8683069546276325,1.0,2/18,5.35%,GATA2;RUNX1
prerank,KEGG_2021_Human__Leishmaniasis,-0.27265841940638746,-0.8667563952521699,0.6532399299474606,0.8694190908438606,1.0,6/25,11.57%,ITGAM;ITGA4;C3;MYD88;ITGB2;ITGB1
prerank,GO_Biological_Process_2025__Establishment or Maintenance of Epithelial Cell Apical/Basal Polarity (GO:0045197),-0.2821541003188357,-0.8664934764082689,0.6553030303030303,0.8693605822866417,1.0,14/23,26.96%,OPHN1;RHOA;CRB1;WDR1;CDC42;NHERF1;PARD6A;PARD6B;PARD6G;SH3BP1;DLG5;MSN;EZR;PARD3B
prerank,GO_Biological_Process_2025__Regulation of Mitophagy (GO:1901524),0.2970429814106623,0.866427255292973,0.6581740976645435,0.8583594057331757,1.0,2/15,5.11%,FBXL4;STUB1
prerank,Reactome_2022__Signaling By CSF3 (G-CSF) R-HSA-9674555,-0.30558061431626843,-0.8662194130699674,0.6493506493506493,0.8693402657963897,1.0,8/15,29.24%,STAT5B;STAT5A;SOCS3;SOCS1;CUL5;GAB2;SHC1;UBA52
prerank,GO_Biological_Process_2025__RNA Biosynthetic Process (GO:0032774),0.19678533159146486,0.8656990035707971,0.7444168734491315,0.8593399699806611,1.0,35/87,35.28%,MLF1;BICD1;FUBP3;NOVA1;ADAD2;SMAD4;DKC1;GTF2B;MKRN2;TAF7;PWP1;DDX54;TAF13;SCX;EPC1;PRIM1;NFKBIB;NR4A2;BRF1;BAZ2A;PPP5C;CREB3L4;CREBL2;TFIP11;NKX2-8;HNRNPK;THAP1;MPHOSPH10;TAF1B;EXOSC5;ZCCHC8;TBPL1;TOPORS;PRIM2;EXOSC7
prerank,Reactome_2022__Toll-like Receptor Cascades R-HSA-168898,-0.21523950978917297,-0.8655619029881614,0.7115384615384616,0.8701583828678012,1.0,33/74,28.37%,CD36;ITGAM;CTSV;CTSL;MAP2K1;PPP2R5D;HSP90B1;MYD88;ITGB2;IKBKB;CHUK;CASP8;USP14;VRK3;SOCS1;TAB1;RPS6KA5;RPS6KA1;RPS6KA2;RPS6KA3;EEA1;NFKB2;NFKB1;RELA;IKBKE;TBK1;PPP2CB;PPP2CA;JUN;IRAK1;IRAK3;IRAK2;SKP1
prerank,GO_Biological_Process_2025__Positive Regulation of Telomere Maintenance via Telomere Lengthening (GO:1904358),0.2954146735004271,0.8648630936224421,0.6498800959232613,0.8605794804942362,1.0,4/16,19.45%,DKC1;CCT4;TNKS2;TNKS
prerank,GO_Cellular_Component_2025__Actin Cytoskeleton (GO:0015629),-0.1859779011245815,-0.8647902096284042,0.7904761904761904,0.8711590118414841,1.0,52/181,25.97%,CLIC5;CLIC4;PDXP;SLC2A1;VIL1;VILL;GSN;SVIL;SCIN;AVIL;MYO6;MYO15A;FERMT3;MYO1G;RAC2;LPXN;ARSJ;OPHN1;NUP85;GYS2;MYO7B;MTSS2;MTSS1;BARX2;ANXA1;MSRB1;GMFB;GMFG;DSTN;CFL2;USH1G;ACTR3;WDR1;ANLN;NHERF1;WASF1;WASF2;WIPF1;NDC1;DNAJA3;MYO7A;CAPZB;FSCN3;FSCN2;FSCN1;PHLDB2;SCNN1D;FLOT2;RDX;EZR;FZR1;COTL1
prerank,WikiPathways_2024_Human__DNA Mismatch Repair WP531,-0.29186652044871353,-0.8637897208065215,0.6774193548387096,0.8727069198294722,1.0,10/18,40.23%,RFC5;EXO1;RPA1;PCNA;RFC3;POLE;POLD2;POLD1;POLE4;MLH1
prerank,Reactome_2022__Mitochondrial Translation Initiation R-HSA-5368286,0.20628349986080227,0.8628232796834053,0.7588832487309645,0.8643139452292238,1.0,21/65,33.88%,MRPS9;PTCD3;MTIF2;MRPS16;MRPS5;MRPL24;MRPS10;MRPL32;MRPS31;MRPL52;MRPL23;MRPL4;MRPS33;MRPS15;MRPL54;MRPL9;MRPL12;MTFMT;MRPS7;MRPS11;MRPL51
prerank,WikiPathways_2024_Human__15Q11Q13 Copy Number Variation WP5407,0.2399710207472787,0.8627507004123098,0.7124463519313304,0.8638504380036868,1.0,7/34,19.03%,STXBP1;APP;EID3;STX1B;STX1A;APBA2;CDC42BPB
prerank,GO_Biological_Process_2025__Positive Regulation of Epithelial Cell Migration (GO:0010634),-0.28768558697273716,-0.8623571869301727,0.6785046728971963,0.875120614428608,1.0,5/18,10.80%,HDAC6;VIL1;SOX9;HIF1A;RAB11A
prerank,GO_Biological_Process_2025__Membraneless Organelle Assembly (GO:0140694),0.20189833679247451,0.8619956398145162,0.7389162561576355,0.8648977083759359,1.0,28/77,30.60%,CDS2;TUBGCP6;BICD1;DYNC1H1;TMOD1;LMOD3;TMOD2;TMOD3;LMOD1;TMOD4;EIF4ENIF1;TUBGCP4;DHX37;TNKS;EIF2S1;NPM1;MAPRE2;MAPRE3;MAPRE1;PATL2;PATL1;CSNK1D;SUGT1;TUBGCP3;FXR1;FMR1;EDC3;FLII
prerank,GO_Biological_Process_2025__Regulation of mRNA Metabolic Process (GO:1903311),0.300673746716912,0.8617316857333099,0.6226415094339622,0.8648222417349593,1.0,15/15,69.98%,SRPK2;SRPK3;SRPK1;NCBP1;DHX9;KAT8;SUPT6H;MAGOHB;RBM8A;CDK11B;CDK11A;IWS1;SAFB2;SLTM;SAFB
prerank,Reactome_2022__Transport Of Mature mRNAs Derived From Intronless Transcripts R-HSA-159234,-0.2438510457877094,-0.8615440101509102,0.7036363636363636,0.8762804503589882,1.0,12/37,25.88%,SEH1L;NUP85;WDR33;SEC13;NUP210;NUP93;NUP43;NDC1;NUP133;NUP205;NUP50;SYMPK
prerank,GO_Molecular_Function_2025__TBP-class Protein Binding (GO:0017025),0.279942213009298,0.8609084112769119,0.6548463356973995,0.865950705143221,1.0,9/18,35.34%,GTF2B;THRA;TAF13;YEATS2;NR3C2;NR3C1;ESR1;TAF1B;RUVBL1
prerank,GO_Biological_Process_2025__Regulation of Myelination (GO:0031641),0.29307737103665293,0.8605444922929779,0.6428571428571429,0.8660933655181029,1.0,3/15,7.99%,LGI4;TPPP;QKI
prerank,GO_Biological_Process_2025__Positive Regulation of Small GTPase Mediated Signal Transduction (GO:0051057),0.2928848693299831,0.8601502017255683,0.6396588486140725,0.866340593428629,1.0,7/16,22.63%,RTN4;PLXNB1;PICALM;ARHGEF3;SYNPO2L;ARRB1;MAPRE2
prerank,KEGG_2021_Human__Phagosome,-0.20894021442192998,-0.858738399373613,0.7483443708609272,0.881803220168008,1.0,26/79,25.15%,CD36;SCARB1;ITGAV;ITGA2;ITGAM;ITGA5;C3;CTSL;ITGB2;ITGB1;STX18;SEC61A1;SEC61A2;VAMP3;THBS4;COMP;THBS2;THBS3;THBS1;SEC22B;SEC61B;ITGB5;ITGB3;EEA1;CANX;ATP6V1F
prerank,WikiPathways_2024_Human__17Q12 Copy Number Variation Syndrome WP5287,-0.24465004818221392,-0.8587275823208702,0.7041742286751361,0.8811928806355848,1.0,11/38,25.72%,DHRS11;GGNBP2;LYZL6;ARHGAP23;RPL23;STARD3;MRPL45;IKZF3;LIG3;ASIC2;FBXL20
prerank,GO_Biological_Process_2025__Actin Filament Bundle Organization (GO:0061572),-0.29109433293177017,-0.8581429532500537,0.6429942418426103,0.881817362012211,1.0,9/18,30.95%,ESPN;ESPNL;FSCN3;FSCN2;FSCN1;EZR;BAIAP2L2;BAIAP2;BAIAP2L1
prerank,GO_Biological_Process_2025__Regulation of Actin Filament Bundle Assembly (GO:0032231),-0.30505525486162527,-0.8578132114979761,0.6536312849162011,0.8818626036440808,1.0,5/15,18.11%,VIL1;MTSS1;ROCK1;ROCK2;CDC42
prerank,Reactome_2022__RUNX1 Interacts With Co-Factors Whose Precise Effect On RUNX1 Targets Is Not Known R-HSA-8939243,0.2597551601308699,0.8576360638557626,0.7015590200445434,0.8710194939659099,1.0,14/25,38.66%,PCGF5;RNF2;RING1;PHC3;CBFB;RYBP;YAF2;CSNK2B;ARID1A;ARID1B;CSNK2A2;PHC1;PHC2;SCMH1
prerank,GO_Biological_Process_2025__Regulation of Fat Cell Differentiation (GO:0045598),0.2248245963640257,0.8571584731925351,0.722707423580786,0.8713533636453551,1.0,20/45,27.29%,SYAP1;SIRT1;BMAL1;FRZB;ZNF385A;PTGR3;PPARG;PPARD;RORC;NR1D1;RORA;RUNX1T1;SIRT6;SFRP2;SFRP1;ANKRD26;SIRT2;ZC3H12A;CREB1;CREBL2
prerank,GO_Biological_Process_2025__Hemopoiesis (GO:0030097),-0.22972170030888162,-0.8568673859571465,0.7346221441124781,0.8832377825639914,1.0,10/50,18.23%,KAT6A;CD164;RUNX1;YJEFN3;PLD4;CDK13;WNT5A;WNT2B;WNT10B;FUT10
prerank,GO_Cellular_Component_2025__Transcription Factor TFIID Complex (GO:0005669),-0.24076677736382665,-0.8556333663676123,0.6913793103448276,0.885120044992817,1.0,18/40,29.66%,GTF2A1;TAF8;TAF10;TAF5;ERCC3;TAF11L14;TAF11L3;TAF11L11;TAF11L8;TAF11L4;TAF11L12;TAF11L9;TAF11L10;TAF11L2;TAF11L13;TAF11L7;TAF11;TAF11L6
prerank,Reactome_2022__Insulin Processing R-HSA-264876,-0.29715912105555115,-0.8550913826783825,0.6235521235521235,0.8855959539696394,1.0,3/16,10.31%,ERO1A;ERO1B;SLC30A7
prerank,Reactome_2022__IRS-related Events Triggered By IGF1R R-HSA-2428928,-0.2893687180983239,-0.8546136104523449,0.6593186372745491,0.8859722453425872,1.0,5/18,15.10%,KLB;KL;FRS2;TRIB3;PIK3CB
prerank,GO_Molecular_Function_2025__Regulatory RNA Binding (GO:0061980),0.2574566834712738,0.854594309680244,0.6917808219178082,0.876112280857133,1.0,7/25,18.47%,DDX56;QKI;PUM1;PUM2;ZNF346;YBX1;LIN28A
prerank,GO_Biological_Process_2025__Positive Regulation of NF-kappaB Transcription Factor Activity (GO:0051092),0.23271351975600524,0.8545911122484536,0.7194570135746606,0.8754786663533619,1.0,3/38,0.48%,PRKCZ;PRKCH;PRKCI
prerank,Reactome_2022__RND2 GTPase Cycle R-HSA-9696270,-0.2724163944256537,-0.8544181322654766,0.6915077989601387,0.8857353131816025,1.0,4/22,9.88%,ALDH3A2;BLTP3B;FRS2;FRS3
prerank,WikiPathways_2024_Human__Joubert Syndrome WP4656,0.23519696057098746,0.854098703939049,0.689156626506024,0.8758973140981344,1.0,17/35,34.23%,CETN1;PARP1;ARL2;TMEM67;PDE6D;BBS5;ARR3;TMEM138;CEP97;CETN2;MTOR;MRE11;CEP104;ZNF423;CEP164;TMEM216;TMEM17
prerank,GO_Biological_Process_2025__Positive Regulation of Hydrolase Activity (GO:0051345),-0.23090189530580327,-0.8540430247729566,0.7085514834205934,0.8859140323347153,1.0,11/43,16.76%,ITGA6;GBA3;RGS10;RCN3;LIMS1;ITGB1;RHOA;RHOC;RACK1;ROCK1;RGPD1
prerank,GO_Biological_Process_2025__Double-Strand Break Repair via Nonhomologous End Joining (GO:0006303),-0.279508636473774,-0.8539754056649679,0.6880733944954128,0.8854274353314401,1.0,3/20,13.34%,PSMD14;XRCC6;PLK1
prerank,GO_Biological_Process_2025__Phosphatidylserine Metabolic Process (GO:0006658),-0.3050533391237017,-0.85382150665969,0.6959847036328872,0.8850862648684047,1.0,2/16,6.25%,PLA1A;PLA2G3
prerank,GO_Molecular_Function_2025__Ubiquitin Protein Ligase Binding (GO:0031625),-0.18777829948074884,-0.8535591359514006,0.7976973684210527,0.8850205649582272,1.0,49/153,27.50%,PER1;HDAC6;PSMD1;TPI1;PACRG;SCAMP3;HSPA9;DNAJB2;PSMA3;VCL;VCP;DBT;HIF1A;TRIB2;TRIB1;TRIB3;UBXN1;BAG4;BAG5;PRKACB;HSPA5;RPL23;DAZAP2;CASP8;TMBIM6;OTUB1;CHEK2;FZD5;WASHC1;SQSTM1;RPL11;HM13;GLMN;UCHL1;RB1;CUL5;CUL4B;GNPDA1;BLZF1;SPART;DET1;DERL1;RELA;ACVR1B;TCP1;IKBKE;FAU;YOD1;JUN
prerank,GO_Biological_Process_2025__Platelet Dense Granule Organization (GO:0060155),0.2845589732689578,0.8534100225018534,0.6877729257641921,0.8767695813205948,1.0,7/16,34.67%,HPS3;BLOC1S1;AP1S3;AP1S1;AP1S2;AP1B1;BLOC1S2
prerank,GO_Biological_Process_2025__Response to UV (GO:0009411),0.21766664331522237,0.853385584180973,0.7405660377358491,0.8761869443684509,1.0,17/57,25.85%,MEN1;MINDY4;SDF4;UBE2B;PARP1;MAPK13;MAPK8;POLK;EIF2AK4;YY1;EIF2S1;NPM1;SIRT6;DCUN1D3;MSH6;NOC2L;N4BP1
prerank,WikiPathways_2024_Human__Pathways Affected In Adenoid Cystic Carcinoma WP3651,-0.24398731040574861,-0.8530831067713002,0.691358024691358,0.8853658396831944,1.0,3/35,5.64%,CTBP1;KAT6A;MAP2K2
prerank,GO_Biological_Process_2025__Protein Complex Oligomerization (GO:0051259),-0.21937358740831261,-0.8529535509164243,0.7342419080068143,0.8850066651954547,1.0,10/58,15.93%,SHMT2;AKR1C1;BOK;STING1;MOSPD2;PYCARD;CPSF6;CPSF7;TMEM120B;TMEM120A
prerank,WikiPathways_2024_Human__EPO Receptor Signaling WP581,-0.30330869084958095,-0.8527593975584309,0.6428571428571429,0.88474637125164,1.0,9/15,27.77%,MAP2K1;MAP2K2;PIK3CG;STAT5B;STAT5A;CISH;SOCS1;PDK1;SHC1
prerank,GO_Biological_Process_2025__Cellular Response to Growth Factor Stimulus (GO:0071363),-0.21408506399101188,-0.8524076858925532,0.7486725663716814,0.8848382470330897,1.0,27/69,29.37%,VIL1;SOX9;SOX6;SOX5;SPHK1;LIMS1;MTSS2;ANXA1;RACK1;DSTYK;WNT7A;WNT5A;WNT4;WNT10A;WNT2;STAT5B;ZFP36;LRP2;RPS6KB1;RAPGEF1;ACVR2A;ACVR1C;ACVR1B;PDCD5;SHC1;EHD1;TWF2
prerank,GO_Biological_Process_2025__Positive Regulation of Growth (GO:0045927),0.228232185903595,0.8520222175970295,0.7073170731707317,0.8784290934228498,1.0,20/41,38.22%,LGI1;ADAM17;PABIR1;PLCB1;RICTOR;MAPKAP1;ADAM10;SDCBP;SFRP2;SFRP1;MTOR;DERL2;CIB1;NCBP1;WFS1;DDX49;ZPR1;CSNK2A2;CSNK2A3;CRK
prerank,Reactome_2022__Transport Of SLBP Independent Mature mRNA R-HSA-159227,-0.25597132307508025,-0.8519450022112055,0.6947565543071161,0.8851561702664362,1.0,10/30,23.52%,SEH1L;NUP85;SEC13;NUP210;NUP93;NUP43;NDC1;NUP133;NUP205;NUP50
prerank,Reactome_2022__Mitochondrial Translation Elongation R-HSA-5389840,0.20215943027796934,0.8518254314081108,0.7844611528822055,0.8781936049742736,1.0,66/66,79.94%,MRPS9;PTCD3;MRPS16;MRPS5;MRPL24;MRPS10;MRPL32;MRPS31;MRPL52;MRPL23;MRPL4;MRPS33;MRPS15;MRPL54;MRPL9;MRPL12;MRPS7;MRPS11;MRPL51;MRPS2;MRPS26;GFM1;OXA1L;CHCHD1;MRPS18B;MRPS18A;MRPL40;MRPS23;TUFM;MRPS25;MRPL39;MRPS27;MRPS14;TSFM;MRPL49;MRPL18;GADD45GIP1;MRPL38;MRPL50;MRPL43;ERAL1;MRPL19;MRPL58;MRPL13;MRPL37;MRPL46;MRPL44;MRPS22;MRPL35;MRPS34;MRPS30;MRPL21;MRPL11;MRPL48;MRPL36;MRPS35;MRPS17;MRPL20;MRPL15;MRPL16;MRPL47;MRPL41;MRPL14;MRPL45;MRPS24;MRPL3
prerank,GO_Biological_Process_2025__Regulation of Inflammatory Response (GO:0050727),-0.21124115548976014,-0.8518031662785628,0.757679180887372,0.8848168980605788,1.0,24/74,25.68%,GATA3;AGXT;LPL;GBA1;SPHK1;MYD88;ANXA1;CASP1;CASP12;CASP5;PYCARD;CASP4;WNT5A;LETMD1;VAMP3;GGT1;GPS2;RB1;PARK7;CELF1;PTGES;NFKB1;RELA;FBXL2
prerank,GO_Biological_Process_2025__Regulation of Cell-Substrate Adhesion (GO:0010810),0.2570661461075901,0.8513253435470015,0.6891891891891891,0.8785841756753018,1.0,8/25,21.66%,SPOCK1;NF1;RSU1;PKP2;ARL2;PDGFB;WASHC2C;FZD7
prerank,Reactome_2022__Retrograde Transport At Trans-Golgi-Network R-HSA-6811440,0.23185244104280583,0.8509887809737561,0.7156398104265402,0.8786435423945018,1.0,2/37,1.15%,NSF;NAPG
prerank,GO_Biological_Process_2025__Establishment of Spindle Orientation (GO:0051294),0.26729504679393234,0.8506503036196871,0.7075892857142857,0.8786979157973405,1.0,3/21,9.11%,PAFAH1B1;CCDC66;INPPL1
prerank,Reactome_2022__Signaling By Non-Receptor Tyrosine Kinases R-HSA-9006927,0.26649699225384127,0.8495546112854482,0.7171492204899778,0.8803514925606636,1.0,4/21,8.03%,EGF;KHDRBS2;KHDRBS1;KHDRBS3
prerank,GO_Biological_Process_2025__Negative Regulation of Canonical Wnt Signaling Pathway (GO:0090090),0.20924399375613376,0.8492662930886914,0.7469586374695864,0.880291034971804,1.0,15/57,21.69%,DAB2;APP;MCC;SMAD4;MAD2L2;FRZB;NKD2;NKD1;FRMD8;FUZ;CCDC88C;SCYL2;SFRP2;SFRP5;SFRP1
prerank,GO_Biological_Process_2025__Glycolipid Biosynthetic Process (GO:0009247),-0.25952997567758374,-0.8489363780432942,0.697508896797153,0.8902135629402717,1.0,3/27,8.47%,UGT8;SCCPDH;CERK
prerank,GO_Biological_Process_2025__Positive Regulation of DNA Recombination (GO:0045911),0.24864646363330645,0.8486813336769862,0.70042194092827,0.8808891962130243,1.0,6/28,21.28%,PELI1;PARP1;MAD2L2;TRRAP;EPC1;EPC2
prerank,Reactome_2022__Processing Of DNA Double-Strand Break Ends R-HSA-5693607,-0.24686080435684407,-0.8486068319776008,0.7456140350877193,0.8902535616077467,1.0,9/35,20.70%,KAT5;CLSPN;RFC5;DNA2;EXO1;CCNA1;CCNA2;PPP4C;BARD1
prerank,GO_Biological_Process_2025__DNA-templated Transcription Initiation (GO:0006352),0.21762705356521228,0.8479655906174691,0.7609756097560976,0.8818102147243514,1.0,10/45,18.86%,POLR3H;GTF2B;PPARGC1A;CRCP;RRN3;POLR1E;TAF7;ELOB;POLRMT;TAF13
prerank,GO_Molecular_Function_2025__Ion Channel Inhibitor Activity (GO:0008200),-0.26555930138065004,-0.8479471117550379,0.6853526220614828,0.8910686969714932,1.0,6/22,16.44%,PCSK9;CFTR;PHPT1;RACK1;FKBP1B;WNK4
prerank,Reactome_2022__Fcgamma Receptor (FCGR) Dependent Phagocytosis R-HSA-2029480,0.21956340304362926,0.8477202178093368,0.7215777262180975,0.8816559385157633,1.0,7/47,12.10%,PKN1;PRKCE;NCKIPSD;MAPK1;GRB2;NCK1;MAPK3
prerank,GO_Biological_Process_2025__Muscle Organ Development (GO:0007517),-0.2661692922622615,-0.846968435149664,0.6948853615520282,0.8924287205130998,1.0,3/24,7.36%,ITGA7;ITGA11;SOX6
prerank,Reactome_2022__RND1 GTPase Cycle R-HSA-9696273,0.26417158587887296,0.8468977418748036,0.6740576496674058,0.8827590853383382,1.0,2/20,1.25%,STMN2;HOMER2
prerank,GO_Biological_Process_2025__Regulation of Ras Protein Signal Transduction (GO:0046578),0.2756978399610083,0.8467944337628448,0.6652360515021459,0.882322819392614,1.0,12/18,36.66%,PICALM;LZTR1;MAPKAP1;STAMBP;SYDE2;SYDE1;SPRY4;SPRY2;SPRY3;SPRY1;SYNGAP1;RASAL3
prerank,"GO_Biological_Process_2025__Nuclear-Transcribed mRNA Catabolic Process, Nonsense-Mediated Decay (GO:0000184)",0.2526737426807645,0.8465304069901479,0.7124463519313304,0.8822164782129136,1.0,9/26,31.12%,SMG6;UPF2;SKIC2;GSPT1;SMG5;EIF3E;ZC3H12A;SKIC3;NCBP1
prerank,GO_Cellular_Component_2025__Golgi Membrane (GO:0000139),-0.17175075657127298,-0.8462959248295415,0.8956521739130435,0.8932186279621561,1.0,60/309,19.36%,SCARB2;GALNT6;GALNT15;GALNT11;GALNT9;PCSK4;SLC2A1;CLN3;STX5;KDELR1;KDELR2;KDELR3;SCAMP5;MOGAT2;MOGAT3;MOGAT1;QSOX2;QSOX1;LALBA;ABCA6;ABCA12;STING1;PLD3;ARCN1;RAB11A;FAM20C;FUT8;CHPF2;CHPF;GALNT8;GALNT12;GALNT10;GALNT14;GALNT3;GALNT5;GALNT18;ATG9B;ATG9A;SLC35B4;GLG1;ATP7B;PYCARD;SLC35A1;SLC35A3;SLC35A2;SLC39A13;COPE;RGPD1;MMD2;COPB2;HPD;PTGES2;CDC42;AP1G1;AP1G2;GORASP2;GORASP1;SLC35B1;C1GALT1;C1GALT1C1
prerank,GO_Biological_Process_2025__Regulation of Protein Import Into Nucleus (GO:0042306),0.26784462752710275,0.8460860900793283,0.69593147751606,0.8824742822793404,1.0,10/23,31.57%,YWHAB;IPO5;JUP;UBR5;SIRT6;NFKBIA;CABP1;ZC3H12A;CHP2;UFM1
prerank,Reactome_2022__Unfolded Protein Response (UPR) R-HSA-381119,-0.21658445275433938,-0.8454872916578402,0.7387543252595156,0.894245969228109,1.0,17/61,29.26%,KDELR3;DNAJC3;PDIA6;HSP90B1;SYVN1;DNAJB11;SSR1;HSPA5;TSPYL2;ACADVL;SERP1;YIF1A;EXOSC2;EIF2S2;SHC1;EXTL3;HYOU1
prerank,GO_Biological_Process_2025__Protein Acetylation (GO:0006473),-0.27267564264539546,-0.8445510132886642,0.6845018450184502,0.8955250171371136,1.0,3/21,8.46%,KAT5;KAT6A;SPHK1
prerank,GO_Biological_Process_2025__Positive Regulation of Response to External Stimulus (GO:0032103),-0.23355265889515686,-0.8440618440715925,0.725,0.8958615772565683,1.0,15/41,23.37%,AGXT;KAT5;LPL;CASP1;CASP12;CASP5;PYCARD;CASP4;PLSCR1;WNT5A;CPT1A;THBS1;PPM1F;THBD;RIOK3
prerank,WikiPathways_2024_Human__2Q11 2 Copy Number Variation Syndrome WP5221,0.27142415418205146,0.8436368163027196,0.7026378896882494,0.8868260910272205,1.0,7/20,25.23%,PLXNB2;MAPK1;MAPK3;STARD7;SNRNP200;CNNM3;CNNM4
prerank,GO_Biological_Process_2025__Response to Type II Interferon (GO:0034341),-0.26883224155774843,-0.8433031288184062,0.6794425087108014,0.896751396782096,1.0,13/22,32.38%,AQP4;CASP1;WNT5A;DNAJA3;NUB1;RPL13A;GBP4;GBP6;GBP5;GBP7;ATL1;GBP2;GBP1
prerank,GO_Biological_Process_2025__Embryonic Organ Development (GO:0048568),0.22549810087015562,0.8429918390398301,0.7309523809523809,0.8874931469537771,1.0,17/40,30.37%,NEUROD1;RARB;KMT2A;PDGFB;PDGFA;TBX4;TBX2;HAND1;PBX2;PBX1;PBX3;PBX4;HEY1;HEY2;NKX2-6;NKX2-5;ESRRB
prerank,GO_Biological_Process_2025__Positive Regulation of Organelle Assembly (GO:1902117),0.23649763016424208,0.842955205137457,0.744874715261959,0.886920458225984,1.0,8/32,18.95%,CNOT6L;CNOT6;SH3GLB1;DYNC1H1;FUZ;PIP4K2A;SDCBP;CCDC88A
prerank,GO_Biological_Process_2025__Regulation of Bone Mineralization (GO:0030500),-0.27260386812615356,-0.842877326700305,0.6845878136200717,0.8969372141296921,1.0,9/22,26.58%,KL;TENT5A;TWIST1;WNT4;RXRB;RXRA;PTRH2;TXLNG;ACVR2A
prerank,GO_Biological_Process_2025__Cilium-Dependent Cell Motility (GO:0060285),0.2685272166930171,0.8428009722210847,0.7046979865771812,0.8866086495043112,1.0,4/19,14.10%,DNAH9;DNAH8;DYNC2H1;DNAH7
prerank,Reactome_2022__TAK1-dependent IKK And NF-kappa-B Activation R-HSA-445989,-0.2775037168510109,-0.8423249014666957,0.6804308797127468,0.8974264756601622,1.0,12/21,30.87%,IKBKB;CHUK;CASP8;USP14;TAB1;NFKB2;NFKB1;RELA;IRAK1;IRAK2;UBA52;TP53
prerank,WikiPathways_2024_Human__Neovascularization Processes WP4331,0.28671529722619143,0.8422107212811576,0.6978260869565217,0.8872064170493126,1.0,6/16,22.00%,MAPK1;MAPK3;MAPK9;MAPK8;PDGFB;ACVRL1
prerank,KEGG_2021_Human__Tuberculosis,-0.20982633034470619,-0.841727199349658,0.7648054145516074,0.8979720295439317,1.0,13/76,14.91%,ITGAX;ITGAM;BAX;C3;HSPA9;SPHK2;SPHK1;MYD88;ITGB2;CTSD;RHOA;CASP8;CASP9
prerank,GO_Biological_Process_2025__Regulation of Androgen Receptor Signaling Pathway (GO:0060765),0.28239605076206153,0.8417219061887456,0.6535796766743649,0.8875452622964212,1.0,7/17,27.41%,PKN1;SIRT1;TCF21;SFRP1;KDM4C;KDM5D;HEYL
prerank,GO_Biological_Process_2025__Negative Regulation of Small GTPase Mediated Signal Transduction (GO:0051058),0.23775050313159612,0.8417190253965694,0.7225950782997763,0.8869103227566864,1.0,2/31,0.51%,STMN1;STMN3
prerank,KEGG_2021_Human__Mismatch repair,-0.2920165015931213,-0.8414480093764161,0.6692307692307692,0.8978865825807137,1.0,9/17,40.23%,RFC5;EXO1;RPA1;PCNA;SSBP1;RFC3;POLD2;POLD1;MLH1
prerank,GO_Cellular_Component_2025__Mitochondrial Membrane (GO:0031966),-0.16561201592834057,-0.8412436728869627,0.9288824383164006,0.8976311827934113,1.0,41/395,10.53%,SHMT2;GDAP1;SLC25A42;BCL2L10;BCL2A1;BAX;MCL1;BAK1;BOK;HINT2;GCAT;CYB5R3;ACACB;ALDH18A1;FOXRED1;MPV17L2;SQOR;CPT2;NIPSNAP2;SLC29A3;GK2;ACSL1;ACSL4;ACSL3;SFXN1;SFXN3;DNAJC30;HSPA9;STING1;L2HGDH;EXD2;SLC25A11;COQ5;EFHD1;PPTC7;ATAD1;RAC2;MAOA;MAOB;ETFDH;MPC2
prerank,GO_Biological_Process_2025__Regulation of Epithelial Cell Proliferation (GO:0050678),-0.24609829460017157,-0.8407040369692799,0.7218181818181818,0.8980572355408709,1.0,6/33,12.92%,SOX9;NUPR1;LIMS1;SIX4;MTSS1;SGPP2
prerank,GO_Biological_Process_2025__Nucleic Acid Catabolic Process (GO:0141188),0.2542586029495825,0.8401488786456219,0.7078891257995735,0.889440467211387,1.0,25/25,74.65%,MTREX;RNASET2;NCBP1;EXOSC5;PPP1R8;EXOSC7;REXO4;EXOSC10;EXOSC1;DFFB;RNASEH1;EXOSC9;EXOSC4;RNASEH2A;EXOSC6;SUPV3L1;XRN2;PNPT1;EXOSC3;TREX2;TREX1;DIS3;RNASEH2B;EXOSC2;MUS81
prerank,GO_Biological_Process_2025__Positive Regulation of DNA-binding Transcription Factor Activity (GO:0051091),0.1988298833200756,0.840085420009711,0.7681498829039812,0.888926161692003,1.0,16/74,17.72%,PRKCZ;PRKCH;PRKCI;CLOCK;JUP;PPARGC1A;NEUROD2;NEUROG2;NEUROG1;NEUROD1;UBE2N;RORA;LGALS9;CRTC2;CRTC1;PLCG2
prerank,GO_Biological_Process_2025__Signal Transduction in Response to DNA Damage (GO:0042770),-0.2354761969792239,-0.839652769145512,0.6947935368043088,0.8994844494983636,1.0,8/39,16.24%,KAT5;MYO6;PPP2R5C;CLSPN;RPL26;CASP9;CASP2;CHEK2
prerank,GO_Biological_Process_2025__Regulation of Sodium Ion Transport (GO:0002028),0.2823504167623023,0.839576587111707,0.6923076923076923,0.8892942569095759,1.0,5/17,13.33%,ATP1A4;YWHAH;PKP2;SNTA1;ATP2B4
prerank,GO_Biological_Process_2025__Positive Regulation of Biomineral Tissue Development (GO:0070169),0.2661504753770186,0.8393632025814564,0.6890380313199105,0.8890750084314623,1.0,2/20,1.60%,ATP2B1;SLC20A2
prerank,GO_Biological_Process_2025__Regulation of Monoatomic Ion Transmembrane Transporter Activity (GO:0032412),-0.2783143441579179,-0.8391199784338212,0.6832412523020258,0.899951979844568,1.0,3/19,8.45%,NLGN1;NLGN2;SPHK2
prerank,GO_Biological_Process_2025__Positive Regulation of Protein Ubiquitination (GO:0031398),0.21281789663333164,0.8390875939867837,0.7601713062098501,0.8890050895346494,1.0,21/47,33.89%,FBXO33;STUB1;FAM107A;SPSB4;HSPBP1;TBC1D7;NDFIP1;NDFIP2;FANCM;BIRC2;XIAP;BIRC7;BIRC3;RASSF1;TRAF6;WFS1;GSK3B;GSK3A;LAPTM5;UBB;FBXW7
prerank,GO_Cellular_Component_2025__9+2 Motile Cilium (GO:0097729),0.1990724016649945,0.8388706920570724,0.7875,0.8887630203131832,1.0,30/69,35.61%,CLXN;ATP1A4;TPPP2;TACR2;DNAH9;DNAH8;DYNC2H1;EFCAB6;ATP2B4;DNAH7;TTLL8;ENKUR;DNALI1;AK8;RSPH9;ODAD4;DNAH3;IQUB;RSPH1;CFAP20;RSPH4A;RSPH6A;CFAP45;DNAI2;LRRC23;DRC3;DNAH6;CFAP126;TSSK3;TSSK6
prerank,GO_Biological_Process_2025__Regulation of Centrosome Duplication (GO:0010824),0.2891054548055862,0.8384423992473653,0.6834381551362684,0.8889765501519638,1.0,5/16,26.40%,SIRT1;TMEM67;NAT10;NPM1;XRCC3
prerank,GO_Biological_Process_2025__Mitochondrial Respiratory Chain Complex Assembly (GO:0033108),0.20602456779015718,0.8383750860653794,0.7869565217391304,0.8884792532366979,1.0,22/56,36.56%,COX7A1;COX7A2;COX7A2L;ATPAF1;NDUFS2;AIFM1;NDUFS7;NDUFS8;NDUFA13;SCO1;NUBPL;ATPAF2;TIMM21;TMEM70;SAMM50;NDUFA6;COA1;TMEM186;NDUFAF4;COA6;ATP5F1D;BCS1L
prerank,GO_Biological_Process_2025__Regulation of Metabolic Process (GO:0019222),-0.2780219508761209,-0.8381362732074467,0.7037735849056603,0.9012897747239451,1.0,7/19,24.92%,RAC2;PARL;CHCHD2;BCO2;PDK3;PDK2;PDK4
prerank,GO_Biological_Process_2025__Positive Regulation of Protein Transport (GO:0051222),-0.26238114338751767,-0.8374661604288725,0.7010869565217391,0.9019707228311045,1.0,5/26,14.34%,ACHE;CLN3;ACSL3;ANXA13;RACK1
prerank,KEGG_2021_Human__Necroptosis,-0.22320653720113748,-0.8374609884703367,0.7495590828924162,0.9013455293049607,1.0,16/50,21.57%,BAX;VPS4A;PGAM5;CASP1;CFLAR;CASP8;PYCARD;SQSTM1;STAT5B;STAT5A;STAT6;PYGM;PYGB;PYGL;SMPD1;PPIA
prerank,GO_Molecular_Function_2025__Exonuclease Activity (GO:0004527),-0.24535099646228298,-0.8370903046941488,0.725314183123878,0.9014388791649269,1.0,10/33,27.93%,EXD2;EXOG;NME5;EXO1;FEN1;ISG20L2;REXO5;NME7;EXOSC2;RAD50
prerank,WikiPathways_2024_Human__Hair Follicle Development Cytodifferentiation Stage 3 Of 3 WP2840,0.23134897124440734,0.8369470100061688,0.7178841309823678,0.8906942099161236,1.0,14/35,27.74%,LGR5;FOXN1;PERP;SMAD4;ADAM17;GTPBP4;PROM1;SFRP1;FZD1;LRIG1;KLK5;KLK14;KLK7;KLK4
prerank,GO_Biological_Process_2025__RNA Destabilization (GO:0050779),-0.282373629584751,-0.8368029720156038,0.7148217636022514,0.901375695965522,1.0,4/18,16.38%,RIDA;METTL3;ROCK1;ROCK2
prerank,Reactome_2022__Transport Of SLBP Dependant Mature mRNA R-HSA-159230,-0.24797442830240887,-0.8339409991794825,0.7217068645640075,0.9065591850163522,1.0,10/31,23.52%,SEH1L;NUP85;SEC13;NUP210;NUP93;NUP43;NDC1;NUP133;NUP205;NUP50
prerank,Reactome_2022__Lagging Strand Synthesis R-HSA-69186,-0.2836889028909256,-0.8337513809165539,0.6931818181818182,0.9062829843941894,1.0,5/17,15.05%,RFC5;POLA2;SLC19A1;DNA2;FEN1
prerank,GO_Cellular_Component_2025__Transport Vesicle Membrane (GO:0030658),0.24579890676070865,0.8336686953115522,0.7534562211981567,0.896447908358967,1.0,6/27,16.81%,SLC18A3;GRIA1;SLC17A7;SLC18A1;RASSF9;RAB1A
prerank,WikiPathways_2024_Human__Prion Disease Pathway WP3995,-0.2935784791264395,-0.8332003600546204,0.687382297551789,0.9067393176390348,1.0,5/16,20.57%,PDIA3;HSP90B1;HSPA5;RXRA;CASP3
prerank,GO_Molecular_Function_2025__DNA-binding Transcription Factor Binding (GO:0140297),0.1691381702952304,0.8329680253578506,0.8885941644562334,0.897167036927297,1.0,61/167,27.43%,PASD1;EIF4E;KCNH8;YWHAZ;SIRT1;DGKQ;BMAL1;PARP1;GTF2B;PPARGC1A;PURA;PURB;MAPK3;NLK;MAD2L2;NEUROD1;TAF7;RBFOX2;PPARG;PPARA;SMARCA1;SETD1A;RUNX1T1;CRTC2;CRTC1;CRTC3;TBX6;TBX5;TBX20;TBXT;EOMES;TBX3;YY1;BBS5;HAND1;SCX;TCF21;TCF23;FIGLA;HAND2;ISL1;NPM1;PBX2;PBX1;PRRX1;SIRT2;NOC2L;FIZ1;KAT2B;KAT2A;CNOT7;KLF4;EBF4;CREB3L4;CREM;CREB1;BHLHE40;HEY1;HEY2;HES6;BHLHE41
prerank,"Reactome_2022__Cell Death Signaling Via NRAGE, NRIF And NADE R-HSA-204998",0.23574766014542597,0.8328786740777758,0.7450110864745011,0.8966965706939748,1.0,7/30,14.02%,ITSN1;MAPK8;GNA13;ARHGEF11;ARHGEF12;ARHGEF18;ARHGEF3
prerank,GO_Biological_Process_2025__Regulation of Postsynapse Organization (GO:0099175),0.2830449822578916,0.8326906001956152,0.6769911504424779,0.8964181883987231,1.0,7/15,31.92%,APP;SIPA1L1;PDLIM5;ZDHHC15;PPFIA2;VPS35;SRCIN1
prerank,GO_Biological_Process_2025__Cytokine-Mediated Signaling Pathway (GO:0019221),-0.2212850773910539,-0.832580358703633,0.7478559176672385,0.9073769686726466,1.0,24/49,28.19%,P4HB;LIMS1;MYD88;IKBKB;CHUK;PYCARD;ADIPOR1;STAT5B;STAT5A;STAT6;SOCS2;SOCS3;SOCS5;CISH;SOCS1;SOCS4;LRP8;RPS6KA4;RPS6KA5;RELA;TXNDC17;IRAK1;IRAK3;IRAK2
prerank,GO_Biological_Process_2025__DNA-templated DNA Replication Maintenance of Fidelity (GO:0045005),-0.26110770678684325,-0.8325072313898401,0.706959706959707,0.9068910693217868,1.0,6/24,25.84%,EXD2;MCM8;GEN1;RTEL1;MUS81;PCNA
prerank,GO_Biological_Process_2025__Negative Regulation of Cell Migration (GO:0030336),0.19390990322658835,0.8323231405842052,0.8304668304668305,0.8965211550452861,1.0,20/77,22.00%,LDLRAD4;DPEP1;PLXNB3;MCC;NF1;SMAD7;EVL;OGT;TPM1;GTPBP4;MAPK15;ARHGDIB;PTEN;FUZ;TBX5;DACH1;DDX18;SFRP2;SFRP1;ACVRL1
prerank,Reactome_2022__NOTCH1 Intracellular Domain Regulates Transcription R-HSA-2122947,-0.25368697839259174,-0.8313683265729468,0.7372262773722628,0.9084925820207723,1.0,25/25,74.72%,HDAC6;HIF1A;HDAC2;SKP1;UBA52;HDAC9;TLE3;RBX1;CREBBP;EP300;SNW1;UBC;RBPJ;HDAC11;FBXW7;UBB;CUL1;HEYL;HEY2;HES5;HEY1;KAT2A;KAT2B;TBL1X;TBL1XR1
prerank,GO_Biological_Process_2025__Cellular Response to Oxidative Stress (GO:0034599),-0.21061576358026873,-0.8310293626953557,0.785472972972973,0.9085076549192127,1.0,18/68,25.54%,DHRS2;ALDH3B1;PRDX2;MOGAT3;PEX10;HIF1A;ERMP1;MSRA;PEX14;SETX;VRK2;HM13;CHCHD2;PPIA;SRXN1;PARK7;PDK2;RPS3
prerank,WikiPathways_2024_Human__4 Hydroxytamoxifen DEX And Retinoic Acids Regulation Of P27 WP3879,0.27288172292760565,0.8310034064026887,0.702928870292887,0.89834743522345,1.0,4/18,12.10%,EIF4E;EIF4EBP1;MAPK1;MAPK3
prerank,Reactome_2022__tRNA Processing In Nucleus R-HSA-6784531,-0.2316369112687583,-0.8305434210265199,0.7431693989071039,0.9087838159179896,1.0,12/44,23.52%,SEH1L;NUP85;SEC13;PYDC1;NUP210;NUP93;NUP43;DDX1;NDC1;NUP133;NUP205;NUP50
prerank,GO_Biological_Process_2025__Regulation of Tumor Necrosis Factor Production (GO:0032680),-0.24416923690986203,-0.8299413308482748,0.7518115942028986,0.9093382079992509,1.0,12/33,22.67%,LPL;ARHGEF2;SPHK2;TWIST1;PSEN1;PYCARD;DICER1;FZD5;WNT5A;ZFP36;THBS1;CACTIN
prerank,KEGG_2021_Human__TNF signaling pathway,-0.22308361767134016,-0.8295542722558136,0.7901023890784983,0.9094827159337063,1.0,20/49,27.50%,MAP2K1;BAG4;IKBKB;CHUK;PGAM5;CFLAR;CASP8;PIK3CD;PIK3CB;SOCS3;CASP3;CASP7;TAB1;RPS6KA4;RPS6KA5;NFKB1;RELA;PIK3CA;JUNB;JUN
prerank,GO_Biological_Process_2025__Positive Regulation of Cellular Process (GO:0048522),0.16130705847798557,0.8295363525806992,0.9394812680115274,0.9005675091431354,1.0,60/249,22.16%,PKN1;PRKCA;SPOCK2;TSHR;LGI1;EGF;APP;TPPP;SIRT1;GRK5;CSRP3;NTN1;EFNB2;QKI;IRS2;IRS1;NOP2;PKP3;PROX1;CNOT6L;CNOT6;ADAM17;BNIP3;DBF4B;TPM1;SRPK2;MAPK8;NEUROD1;NEUROD4;PDCD10;DYNC1H1;FSHB;STX3;STX4;RARA;MAPK15;BCAR3;EZH2;KMT2D;PTEN;ACER2;TGM1;PABIR1;PDGFB;PDGFA;RICTOR;TBX1;TBX3;MAPKAP1;ADAM10;SDCBP;MVD;SCX;ISL1;NPM1;SFRP2;SFRP1;MEIS2;MEIS1;MEIS3
prerank,GO_Biological_Process_2025__Cilium Organization (GO:0044782),0.17978481979075256,0.8292627190525331,0.8666666666666667,0.9004620616793357,1.0,48/118,35.73%,CEP250;OCRL;EHD2;EHD3;KIF3A;FNBP1L;CCDC66;DYNC2H1;ATAT1;MICALL1;TTBK2;CILK1;KIF3B;TMEM67;IFT140;RAB1A;FUZ;BBS5;KIFAP3;ARL6;NUDCD3;ARMC2;KIF24;SNAP29;ATP6V1D;TMEM138;TTC17;IFT70B;IQUB;ACTR2;CFAP20;IFT52;IFT172;DNAI2;IFT57;ATP6V0D1;CEP164;CFAP43;WDR19;TOGARAM1;TMEM216;TMEM17;DZIP1L;RILPL1;RILPL2;CFAP126;CEP78;WDR35
prerank,GO_Biological_Process_2025__Mitochondrial RNA Metabolic Process (GO:0000959),0.27911415458951405,0.8289556201941983,0.6892778993435449,0.9004237998259752,1.0,10/17,40.61%,POLRMT;MTERF3;MRPL12;MTERF4;FASTKD1;MYG1;EARS2;NSUN4;TWNK;TRMT10C
prerank,GO_Biological_Process_2025__DNA Replication (GO:0006260),-0.22549551925178196,-0.828722401806826,0.7360861759425493,0.9105172263674213,1.0,20/45,39.35%,RFC5;POLA2;SLC19A1;DNA2;FEN1;MCM8;MCM4;MCM7;MCM6;CDK1;RECQL4;SSBP1;RFC3;POLE;POLD2;TREX1;POLD1;ORC5;MCMBP;POLE4
prerank,GO_Biological_Process_2025__Protein K48-linked Ubiquitination (GO:0070936),0.2213521050301865,0.8287151648034331,0.7548387096774194,0.9002324766417079,1.0,20/42,35.67%,PELI1;UBE2B;RNF5;CDC27;UBE2C;MARCHF6;RNF146;UBR5;CDC16;UBE3C;FBXO9;UBR4;ANAPC2;CUL1;RNF34;RFFL;UBE2G1;TOPORS;ANAPC10;HUWE1
prerank,GO_Molecular_Function_2025__2-Oxoglutarate-Dependent Dioxygenase Activity (GO:0016706),0.2465311876007744,0.8286870243877199,0.7307692307692307,0.8996517353008903,1.0,11/26,26.89%,HSPBAP1;KDM8;KDM4C;KDM4A;KDM4D;KDM4B;KDM5A;KDM5C;KDM4E;KDM5B;KDM5D
prerank,GO_Biological_Process_2025__Embryonic Organ Morphogenesis (GO:0048562),0.2870522384703533,0.8283017163504479,0.6895833333333333,0.8997710097816907,1.0,6/15,19.88%,NIPBL;NEUROD1;FUZ;TBX20;TBX1;TCF21
prerank,Reactome_2022__IGF1R Signaling Cascade R-HSA-2428924,-0.27581733579101386,-0.8277959265975813,0.6842105263157895,0.9110226147679751,1.0,5/19,15.10%,KLB;KL;FRS2;TRIB3;PIK3CB
prerank,Reactome_2022__Signaling By Type 1 Insulin-like Growth Factor 1 Receptor (IGF1R) R-HSA-2404192,-0.27581733579101386,-0.8277959265975813,0.6842105263157895,0.9110226147679751,1.0,5/19,15.10%,KLB;KL;FRS2;TRIB3;PIK3CB
prerank,GO_Biological_Process_2025__Positive Regulation of Cellular Component Biogenesis (GO:0044089),-0.22880745187300408,-0.8274872021855819,0.7241992882562278,0.9109817092273949,1.0,9/45,14.34%,BAX;BAK1;VIL1;VCP;VPS4A;STX18;MTSS1;RHOC;RACK1
prerank,GO_Biological_Process_2025__Cellular Response to Cytokine Stimulus (GO:0071345),-0.19615091311469784,-0.8273220461430947,0.8245315161839863,0.9106571148348293,1.0,27/91,20.23%,GATA3;CHI3L1;GBA1;SOX9;ARHGEF2;HIF1A;BAG4;RHOA;IKBKB;CHUK;AQP4;CASP1;PYCARD;WNK1;UBE2G2;WNT5A;STAT5B;STAT5A;STAT6;ZFP36;SOCS2;SOCS3;SOCS5;CISH;SOCS1;SOCS4;LRP8
prerank,Reactome_2022__Abortive Elongation Of HIV-1 Transcript In Absence Of Tat R-HSA-167242,0.26177609280019065,0.8272598599782658,0.7186858316221766,0.9010654851278992,1.0,15/21,44.43%,POLR2K;SUPT5H;POLR2I;NELFB;NCBP1;POLR2B;POLR2L;CTDP1;POLR2J;POLR2E;NCBP2;NELFA;POLR2F;SUPT4H1;POLR2A
prerank,WikiPathways_2024_Human__Mesodermal Commitment Pathway WP2857,0.19179507951599561,0.827207982976472,0.8201970443349754,0.9005283294987445,1.0,31/81,27.38%,SCHIP1;CEP250;EXT2;CSRP2;TRERF1;SMAD4;DIP2A;DDAH1;NLK;RARB;SETD2;CRTC1;PLCH1;TBX6;TBX1;EOMES;TBX3;CCDC88A;UBR5;HAND1;FZD8;MEIS1;PBX1;PBX3;SOX21;ATP8B2;ACVR1;KLF4;KLF5;BHLHE40;HES7
prerank,Reactome_2022__Activated NOTCH1 Transmits Signal To Nucleus R-HSA-2122948,-0.26698225792065,-0.8271921622896238,0.7074010327022375,0.9102631846845481,1.0,11/22,33.57%,MIB1;PSEN2;PSEN1;APH1A;APH1B;UBA52;DLL4;DNER;JAG2;DLL1;JAG1
prerank,GO_Biological_Process_2025__Mitotic Metaphase Chromosome Alignment (GO:0007080),-0.2503720854394401,-0.8270756857140633,0.7237762237762237,0.90985786445015,1.0,8/27,25.02%,SEH1L;VPS4A;RAB11A;CCNB1;CDT1;VPS4B;KIF14;CDC23
prerank,GO_Biological_Process_2025__Vesicle Coating (GO:0006901),0.25504190877156646,0.8269461555574691,0.7387580299785867,0.9003566810816048,1.0,9/23,37.88%,TRAPPC10;TRAPPC5;CSNK1D;TRAPPC6B;TRAPPC6A;TRAPPC3;TRAPPC1;TRAPPC13;TRAPPC8
prerank,GO_Biological_Process_2025__Cellular Response to Lipid (GO:0071396),-0.18764813656281934,-0.8266494773742311,0.8294701986754967,0.9100269508630008,1.0,36/112,25.42%,AKR1C3;KAT5;LPL;PLAA;CFTR;SOX9;SPHK2;MYD88;RHOA;CASP1;CARD16;PYCARD;ADTRP;ROCK2;WNT9B;WNT8B;WNT7B;WNT5A;WNT5B;WNT11;WNT3A;WNT2;WNT9A;WNT10B;ZNF703;ZFP36;CASP7;WNT6;PPM1E;CACTIN;PDK3;PDK4;MGST1;NFKB1;RELA;MSN
prerank,Reactome_2022__Respiratory Electron Transport R-HSA-611105,0.1995055577034713,0.8266094290582005,0.8183962264150944,0.9003536232874334,1.0,24/66,33.48%,COX7A2L;NDUFB5;NDUFA12;COX7C;COX5B;LRPPRC;NDUFS2;TRAP1;NDUFS7;CYCS;NDUFB11;UQCRQ;NDUFS8;NDUFA10;NDUFA13;SCO1;NUBPL;SDHA;NDUFA8;SDHD;NDUFA6;COX4I1;COA1;TMEM186
prerank,WikiPathways_2024_Human__Melanoma WP4685,-0.23561829053647204,-0.8263590780340682,0.7831541218637993,0.9099730747716179,1.0,9/39,16.05%,BAX;BAK1;MAP2K1;MAP2K2;VCL;E2F2;PIK3CD;PIK3CB;CCND1
prerank,Reactome_2022__Signaling By Erythropoietin R-HSA-9006335,0.2809131258448413,0.8259077184279869,0.6784922394678492,0.9010401494554523,1.0,5/16,17.72%,CLSTN1;GRB2;IRS2;PLCG1;PLCG2
prerank,KEGG_2021_Human__Prostate cancer,-0.22123861146834445,-0.8251448749902093,0.7967625899280576,0.9116534668176725,1.0,12/48,16.05%,MAP2K1;MAP2K2;HSP90B1;E2F2;IKBKB;CHUK;CASP9;PIK3CD;PIK3CB;CCNE2;CCNE1;CCND1
prerank,GO_Cellular_Component_2025__Multivesicular Body (GO:0005771),-0.2550899552991815,-0.8243134456833529,0.7106227106227107,0.9125991134347919,1.0,3/25,10.80%,HDAC6;CTSL;RAB11A
prerank,WikiPathways_2024_Human__BDNF TrkB Signaling WP3676,0.2742082415169642,0.8239532637070853,0.7111597374179431,0.9040681451769802,1.0,8/17,27.14%,EIF4EBP1;MAPK1;GRB2;PLCG1;GRIN1;TSC1;MTOR;CREB1
prerank,Reactome_2022__Heparan Sulfate/Heparin (HS-GAG) Metabolism R-HSA-1638091,-0.23433131538219687,-0.8234960523178464,0.7793594306049823,0.9134996241833454,1.0,9/38,17.26%,GUSB;GLB1L;GLB1;IDS;GPC1;GPC6;GPC2;GPC4;SGSH
prerank,WikiPathways_2024_Human__Burn Wound Healing WP5055,-0.2785396986682167,-0.8234926411760292,0.6672694394213382,0.912872887042483,1.0,3/18,5.29%,ACHE;BAX;HGF
prerank,Reactome_2022__Constitutive Signaling By Aberrant PI3K In Cancer R-HSA-2219530,0.2582239272505049,0.8233929063805642,0.7399103139013453,0.9044769062827009,1.0,5/22,8.86%,EGF;CLSTN1;GRB2;IRS2;IRS1
prerank,GO_Biological_Process_2025__Regulation of Toll-Like Receptor Signaling Pathway (GO:0034121),-0.293777063716305,-0.8223565909068576,0.7001934235976789,0.9143553080360545,1.0,7/15,28.18%,CD36;HSP90B1;IKBKB;GPS2;CACTIN;OTUD4;IRAK3
prerank,KEGG_2021_Human__IL-17 signaling pathway,0.22982345288952488,0.822255838696141,0.7893518518518519,0.9059002470959355,1.0,10/35,19.59%,MAPK1;MAPK10;MAPK13;MAPK3;MAPK12;MAPK9;MAPK8;MAPK15;MAPK4;MAPK6
prerank,WikiPathways_2024_Human__TNF Alpha Signaling WP231,-0.22083946938267396,-0.822201333441059,0.7669565217391304,0.9140218782413813,1.0,21/47,28.96%,PSMD2;BAX;PLK1;IKBKB;CHUK;CFLAR;CASP8;CASP9;PYGL;CASP3;CASP7;MAP3K3;TAB1;NFKB2;NFKB1;REL;TBK1;PPP2CA;JUN;SKP1;MAP3K5
prerank,GO_Molecular_Function_2025__Core Promoter Sequence-Specific DNA Binding (GO:0001046),0.25500191806498335,0.8221145927739423,0.7047619047619048,0.9055221758136935,1.0,10/23,33.91%,JPH2;GTF2B;RRN3;H2AZ1;NPM1;BAZ2A;NR3C1;AGO2;TAF1B;TBPL1
prerank,GO_Biological_Process_2025__Negative Regulation of Viral Process (GO:0048525),0.27029888557565207,0.8219775224432846,0.7381489841986456,0.9051209148785896,1.0,7/18,25.85%,PROX1;SRPK2;SRPK1;SLPI;ARK2N;VAPB;N4BP1
prerank,WikiPathways_2024_Human__Host Pathogen Interaction Of Human CoVs Autophagy WP4863,-0.280225223051922,-0.8215469687254118,0.7196969696969697,0.9146448219710994,1.0,4/17,9.11%,ATG13;ATG3;ATG4A;ZFYVE1
prerank,WikiPathways_2024_Human__Estrogen Signaling WP712,0.2742770643340032,0.8207397441524094,0.7089715536105032,0.9067557269882804,1.0,4/17,13.65%,GNGT1;MAPK1;MAPK9;GNAS
prerank,Reactome_2022__SUMOylation Of Chromatin Organization Proteins R-HSA-4551638,-0.23028162930594034,-0.8205115365587036,0.7460595446584939,0.9159806952577345,1.0,12/38,23.52%,SEH1L;NUP85;SEC13;SUZ12;HDAC2;NUP210;NUP93;NUP43;NDC1;NUP133;NUP205;NUP50
prerank,WikiPathways_2024_Human__RANKL RANK Signaling WP2018,-0.2520563031879236,-0.8193808000701097,0.7279279279279279,0.9175030276254632,1.0,12/25,27.50%,MAP2K1;IKBKB;CHUK;SQSTM1;CDC42;TAB1;GAB2;NFKB2;NFKB1;RELB;RELA;JUN
prerank,WikiPathways_2024_Human__MicroRNAs In Cardiomyocyte Hypertrophy WP1544,-0.22573011022313577,-0.8189618354533833,0.7811934900542495,0.9176749140441431,1.0,18/45,26.98%,MAP2K1;MAP2K2;RHOA;IKBKB;CHUK;PIK3CG;PIK3CD;PIK3CB;ROCK1;ROCK2;WNT5A;WNT3A;CISH;LRP6;TAB1;NFKB1;PIK3CA;IKBKE
prerank,WikiPathways_2024_Human__Catabolism Of Skeletal Muscle In Cachexia WP5474,-0.2735232984308337,-0.818303152338795,0.7467166979362101,0.9182705905620461,1.0,9/19,26.58%,IKBKB;CHUK;PDK1;NFKB2;NFKB1;REL;RELB;RELA;ACVR2A
prerank,GO_Biological_Process_2025__Regulation of Cyclin-Dependent Protein Serine/Threonine Kinase Activity (GO:0000079),0.23331833354738357,0.8181853385972963,0.738359201773836,0.9107973890297705,1.0,6/28,17.29%,MEN1;PROX1;GTPBP4;TFAP4;PTEN;GADD45A
prerank,GO_Biological_Process_2025__Regulation of Actin Filament-Based Process (GO:0032970),0.2161985809164022,0.8179055678082061,0.7839080459770115,0.9107057391309895,1.0,12/44,21.72%,PKN1;FAM107A;EFNA5;SLC4A2;CDK10;CNN2;CELSR1;PDGFA;RICTOR;CCDC88A;HIP1R;FZD10
prerank,Reactome_2022__Attenuation Phase R-HSA-3371568,-0.2750734543286737,-0.8177778261565788,0.711864406779661,0.9185922910445107,1.0,2/19,8.25%,DNAJB6;DNAJB1
prerank,GO_Biological_Process_2025__Regulation of Cellular Senescence (GO:2000772),0.27157891913089,0.8170144706821579,0.7326086956521739,0.9116897552501736,1.0,6/18,21.41%,SIRT1;BMAL1;PTEN;TBX2;YBX1;SIRT6
prerank,GO_Biological_Process_2025__Aerobic Respiration (GO:0009060),0.20089148973327772,0.8167596432440001,0.822429906542056,0.9115140836051162,1.0,22/59,31.83%,CS;LDLR;DLAT;IDH3B;OGDH;OGDHL;NDUFB5;NDUFA12;BLOC1S1;IDH3A;NDUFS2;NDUFS7;NDUFB11;NDUFS8;NDUFA10;NDUFA13;SDHA;NDUFA8;SDHC;ATP5F1C;SDHD;NDUFA6
prerank,Reactome_2022__Stimuli-sensing Channels R-HSA-2672351,-0.20146783588003853,-0.8162169714049525,0.7922948073701842,0.9209238194214108,1.0,21/71,24.65%,CLIC2;TTYH2;TTYH1;TTYH3;TRPC5;TRPC4;TRPC1;FKBP1B;WNK3;WNK4;WNK1;CLCNKA;CLCNKB;ASIC2;SCNN1A;ASIC4;SCNN1B;ASIC3;SCNN1G;SCNN1D;ASIC1
prerank,Reactome_2022__Death Receptor Signaling R-HSA-73887,0.20266317437095463,0.8158185958625582,0.8120300751879699,0.912565444938558,1.0,13/57,15.83%,PRKCI;RTN4;ITSN1;ADAM17;MADD;MAPK8;GNA13;ARHGEF11;ARHGEF12;ARHGEF18;ARHGEF3;FASN;ARHGDIA
prerank,Reactome_2022__Diseases Of Programmed Cell Death R-HSA-9645723,-0.2613902670466752,-0.8154763805477014,0.7352941176470589,0.9216278838041753,1.0,6/22,20.44%,PRDX2;PRDX1;POLA2;CASP8;SUZ12;EED
prerank,GO_Molecular_Function_2025__Basal RNA Polymerase II Transcription Machinery Binding (GO:0001099),0.23522801505834903,0.8140566151929769,0.7762237762237763,0.9151142998450587,1.0,10/27,32.60%,SMYD2;GTF2B;CTR9;PCF11;RECQL5;ESRRB;RTRAF;AGO2;CDC73;DHX9
prerank,WikiPathways_2024_Human__IL26 Signaling WP5347,0.28017229468729,0.8140304757880794,0.7318181818181818,0.9145182830764659,1.0,5/15,15.39%,MAPK1;MAPK3;MAPK9;MAPK8;RORC
prerank,GO_Biological_Process_2025__snRNA 3'-End Processing (GO:0034472),-0.2907720420283234,-0.8136801452984324,0.7307692307692307,0.9243198640512097,1.0,16/16,70.99%,INTS2;USB1;INTS5;INTS14;EXOSC3;INTS12;INTS6;INTS8;EXOSC6;EXOSC4;EXOSC9;INTS1;INTS9;EXOSC7;EXOSC5;INTS7
prerank,Reactome_2022__RAC1 GTPase Cycle R-HSA-9013149,-0.19750949813150698,-0.8135395958006648,0.8218954248366013,0.9239409325859852,1.0,25/79,22.23%,PLEKHG6;ARHGAP23;FERMT2;PRKCSH;ITGB1;ARHGAP42;OPHN1;ARHGAP10;DHDDS;ARHGAP12;ARHGAP15;ARHGAP27;ARHGAP9;VRK2;VAMP3;CDC42;PARD6A;WASF3;WASF1;WASF2;ARHGAP44;ARHGAP17;SH3BP1;WIPF1;RACGAP1
prerank,Reactome_2022__Interactions Of Rev With Host Cellular Proteins R-HSA-177243,-0.2385967663424688,-0.8135234480417272,0.7727272727272727,0.9233361868346271,1.0,10/33,23.52%,SEH1L;NUP85;SEC13;NUP210;NUP93;NUP43;NDC1;NUP133;NUP205;NUP50
prerank,GO_Biological_Process_2025__Protein Quality Control for Misfolded or Incompletely Synthesized Proteins (GO:0006515),-0.2722225688815425,-0.8129723106136352,0.7342007434944238,0.923703288755865,1.0,3/19,8.93%,HDAC6;PEX10;VCP
prerank,GO_Biological_Process_2025__Endosome Organization (GO:0007032),-0.22445622815119204,-0.8129057918413536,0.7678244972577697,0.9232035664293924,1.0,8/43,18.41%,USP8;TMCC1;SNX33;PLEKHF2;PLEKHF1;ANXA8L1;SQSTM1;VPS33B
prerank,Reactome_2022__RHOA GTPase Cycle R-HSA-8980692,-0.1977524933095588,-0.8127253517197117,0.7979966611018364,0.9228988371915912,1.0,18/76,17.99%,ACBD5;STX5;PLEKHG6;ARHGEF2;ARHGEF1;ARHGAP23;PRKCSH;ARHGAP42;OPHN1;ARHGAP10;DHDDS;RHOA;BCAP31;ARHGAP9;ROCK1;ROCK2;VAMP3;ANLN
prerank,GO_Biological_Process_2025__Regulation of Fatty Acid Biosynthetic Process (GO:0042304),0.2841576286755557,0.8123595383989983,0.6877551020408164,0.91693176823543,1.0,8/15,25.41%,NR1H3;NR1H2;SLC45A3;EIF6;KLHL25;UBR4;SIRT2;KAT2B
prerank,GO_Biological_Process_2025__Regulation of Arp2/3 Complex-Mediated Actin Nucleation (GO:0034315),0.2404689014359183,0.8107902395785106,0.7711111111111111,0.9192021107570176,1.0,6/25,21.20%,CTNNA2;PICK1;WASHC5;FCHSD2;WASHC2C;WASHC2A
prerank,WikiPathways_2024_Human__Embryonic Stem Cell Pluripotency Pathways WP3931,-0.21667005496026528,-0.8103604965007273,0.776595744680851,0.9265701988527418,1.0,18/50,20.76%,MAP2K1;MAP2K2;PIK3CD;FZD5;WNT9B;WNT7A;WNT7B;WNT5A;WNT2B;WNT4;WNT5B;WNT11;WNT3A;WNT10A;WNT2;WNT10B;LRP6;WNT6
prerank,GO_Biological_Process_2025__Negative Regulation of Transcription by RNA Polymerase II (GO:0000122),0.14999640883170026,0.8103013559455937,0.9963503649635036,0.919416609887505,1.0,150/414,30.81%,DAB2;KCNIP3;MEN1;KCNH8;YWHAZ;CPEB3;APP;DPEP3;DPEP2;SCRT1;SCRT2;WWC1;WWC3;WWC2;SIRT1;EFNA1;SMYD2;PARP1;JPH2;SMAD7;SMAD4;PCGF2;RNF2;PCGF1;RREB1;CTNND1;PROX1;OGT;ZNF366;TENM2;NIPBL;SLA2;NCK1;PURA;PURB;MAD2L2;NEUROG3;TAF7;PPARG;RARB;PPARD;RORC;NR1D1;RARA;NR1D2;THRA;PPARA;NR1H3;VDR;NR1H2;NR1I2;ETF1;SUPT5H;EHMT1;EZH2;NSD1;SUV39H2;EHMT2;EZH1;GADD45A;TBX2;TBX6;TBX20;TBX22;TBXT;TBX21;EOMES;TBX3;SDCBP;TAF3;DACH1;YY1;JAZF1;HAND1;TCF21;TCF23;ZNF219;CTR9;EDNRB;ISL1;EPC1;SIRT6;MEIS2;TGIF2;TGIF1;TGIF2LY;TGIF2LX;SOX21;NFKBIA;NR4A2;NR4A3;CBFB;WDR5;TSC22D4;DEAF1;DCAF1;SIRT2;NOC2L;HCFC2;LOXL2;TBL1XR1;TBL1X;KAT2B;KAT2A;NOP53;KLF7;KLF8;KLF4;KLF2;KLF12;SIRT7;ATN1;CREM;BHLHE40;HEY1;HES5;HEY2;BHLHE41;TRAF6;BPTF;MAFB;MAFF;MAF;MAFK;MAFG;LYAR;UBE2I;NKX6-3;NKX3-1;NKX2-1;NKX6-1;NKX2-5;PEG3;ZNF174;REST;ZNF131;PLAGL1;ZNF274;ZNF202;CIR1;TADA3;COQ7;YEATS2;ESR2;NR3C1;ESR1;THAP7;THAP1;FOXA2;ZBTB39
prerank,GO_Biological_Process_2025__Negative Regulation of DNA-binding Transcription Factor Activity (GO:0043433),0.20135984746901103,0.8099459052053045,0.8287037037037037,0.919351665581874,1.0,26/56,34.18%,MEN1;SIRT1;RNF2;PROX1;MAD2L2;TBX6;TBXT;EOMES;EIF2AK4;TAF3;HAND1;USP7;PBX1;ARRB2;ARRB1;NFKBIA;ZC3H12A;CYLD;BHLHE40;HEYL;ESR1;FOXA2;LONP1;ID2;ID3;ID1
prerank,GO_Molecular_Function_2025__Adenyl Ribonucleotide Binding (GO:0032559),-0.1704758262402697,-0.8096543529568194,0.9143302180685359,0.927254199580633,1.0,67/199,29.38%,PDXK;ACLY;KHK;PRPS2;PRPS1L1;ABCC6;MYO6;PGK2;PGK1;FBP1;ABCA2;ABCA12;ABCG8;ABCG1;STING1;SPHK1;HSP90B1;VPS4A;TRIB1;PFKM;PFKL;ACSS2;PLK1;PRKACB;APRT;HSPA5;SLC19A1;CAPRIN1;MOV10L1;ATP7B;NT5C2;WNK3;WNK4;WNK1;MINK1;PYGL;HARS1;PEX6;SEC14L3;SEC14L2;LATS1;CARS1;RPS6KA4;RPS6KA5;KCNJ1;MCM6;MTPAP;KIF14;RTEL1;PDK3;PDK2;PDK4;TBCK;ACVR1B;KCNJ8;KCNJ11;MKNK2;PPIP5K2;PPIP5K1;UHMK1;GUK1;HASPIN;IRAK3;MAP3K5;MAP3K6;TWF2;TWF1
prerank,Reactome_2022__ATF4 Activates Genes In Response To Endoplasmic Reticulum Stress R-HSA-380994,0.26888381525152183,0.8081852397146767,0.7399577167019028,0.9219047018267846,1.0,17/18,63.45%,KHSRP;ATF6;EXOSC5;EXOSC7;NFYB;EXOSC1;DCP2;EXOSC9;EXOSC4;EXOSC6;CEBPB;HERPUD1;NFYC;NFYA;EXOSC3;ATF3;DIS3
prerank,Reactome_2022__HDR Thru Homologous Recombination (HRR) R-HSA-5685942,-0.22538363674938744,-0.808181631223688,0.7769784172661871,0.9293483746048288,1.0,18/40,37.37%,KAT5;RFC5;SLC19A1;DNA2;EXO1;BARD1;GEN1;RTEL1;MUS81;PCNA;RAD50;UBA52;RFC3;POLE;RAD51C;SLX1A;POLD2;POLD1
prerank,GO_Biological_Process_2025__Ventricular Septum Development (GO:0003281),0.2666839440086367,0.8079113623894172,0.7631578947368421,0.9217316225316291,1.0,4/16,9.36%,HECTD1;SMAD7;SMAD4;PROX1
prerank,GO_Molecular_Function_2025__pre-mRNA Binding (GO:0036002),0.2583589039768258,0.807638673005651,0.7700650759219089,0.9215353102810462,1.0,2/21,5.57%,CELF5;PTBP1
prerank,WikiPathways_2024_Human__Markers Of Kidney Cell Lineage WP5236,0.24517671368097121,0.807475725999789,0.7574370709382151,0.9211805401024319,1.0,9/23,22.08%,KCTD1;NTN1;NPHS2;NPHS1;RARB;RARA;TCF21;SFRP1;PBX1
prerank,WikiPathways_2024_Human__1P36 Copy Number Variation Syndrome WP5345,0.20603795611629358,0.8072560186574798,0.7913669064748201,0.9209372201687256,1.0,6/50,11.00%,PRKCZ;GRIK2;SDF4;NADK;SMAD4;INTS13
prerank,Reactome_2022__Resolution Of AP Sites Via Multiple-Nucleotide Patch Replacement Pathway R-HSA-110373,0.266082209941398,0.8070234484041383,0.75,0.9207340615036123,1.0,3/18,8.46%,POLR1B;POLR1A;PARP1
prerank,Reactome_2022__RNA Polymerase II Transcribes snRNA Genes R-HSA-6807505,0.19416695372603043,0.8061846475704452,0.8364928909952607,0.9215658598856971,1.0,63/63,80.72%,POLR2K;GTF2B;INTS13;NABP1;SUPT5H;TAF13;PCF11;CCNT2;POLR2I;INTS7;NCBP1;POLR2B;SNAPC1;INTS3;POLR2L;POLR2J;RPAP2;POLR2E;NCBP2;INTS9;GTF2E2;ICE1;TAF6;POLR2F;INTS1;SUPT4H1;POLR2A;GTF2A2;POU2F1;CCNK;TAF9;INTS10;POLR2H;INTS8;INTS6;GTF2F1;RPRD2;GTF2F2;CDK9;CDK7;RPRD1B;RPRD1A;POU2F2;INTS12;GTF2E1;INTS11;POLR2G;INTS14;PHAX;SRRT;INTS5;TAF11;TAF5;CCNT1;TAF8;POLR2C;SSU72;INTS2;ELL2;ELL;ELL3;INTS4;GTF2A1
prerank,Reactome_2022__Signaling By FGFR1 R-HSA-5654736,0.24872170477144231,0.805664508243099,0.7692307692307693,0.9217960910428508,1.0,5/22,12.10%,MAPK1;GRB2;SPRED1;SPRED2;MAPK3
prerank,GO_Biological_Process_2025__Mitotic Sister Chromatid Segregation (GO:0000070),-0.21213373207965025,-0.8052739312851357,0.8108581436077058,0.9339180928317241,1.0,9/55,16.24%,SEH1L;KIF11;VPS4A;RAB11A;RHOA;PLK1;KIF23;CCNB1;CHEK2
prerank,GO_Biological_Process_2025__Inner Mitochondrial Membrane Organization (GO:0007007),0.23735718427770242,0.805123866723275,0.7465437788018433,0.9220454830228427,1.0,12/27,31.82%,TIMM13;TOMM70;TIMM22;SLC25A46;NDUFA13;TAFAZZIN;TIMM8B;MAIP1;MTX2;APOO;APOOL;SAMM50
prerank,Reactome_2022__Mitotic Spindle Checkpoint R-HSA-69618,0.19627772822654033,0.8049557173468206,0.8149882903981265,0.921670032327823,1.0,15/62,22.88%,PAFAH1B1;DYNLL1;DYNLL2;CLIP1;DYNC1H1;CKAP5;CDC27;UBE2C;UBE2S;NDE1;CDC16;XPO1;KIF2C;MAPRE1;BIRC5
prerank,Reactome_2022__PI3K/AKT Signaling In Cancer R-HSA-2219528,0.22394538770973565,0.8048512538305319,0.7707423580786026,0.9212211792148537,1.0,11/38,18.32%,EGF;CLSTN1;GRB2;IRS2;IRS1;AKT1S1;PTEN;PDGFB;PDGFA;RICTOR;MAPKAP1
prerank,Reactome_2022__Mitochondrial Calcium Ion Transport R-HSA-8949215,0.2686367783746561,0.8047354138427788,0.7424242424242424,0.9207838341231583,1.0,5/18,19.21%,SMDT1;MICU1;VDAC2;MICU3;MICU2
prerank,WikiPathways_2024_Human__Monoamine Transport WP727,0.2655882570335247,0.804734469422366,0.7638603696098563,0.9201473905343679,1.0,5/18,14.66%,TH;TPH2;FBXO32;DBH;STX1A
prerank,GO_Biological_Process_2025__Autophagosome Assembly (GO:0000045),-0.21609128727682864,-0.8036054770100753,0.7981132075471699,0.9362330532936569,1.0,9/47,13.52%,ATG13;ATG3;ATG4A;ATG4B;STING1;ATG9B;ATG9A;TOM1;UBQLN2
prerank,GO_Biological_Process_2025__Regulation of Osteoblast Differentiation (GO:0045667),-0.22589221185142822,-0.8029825316286847,0.7846975088967971,0.9367194066750545,1.0,7/37,8.76%,NOCT;SOX9;SOX11;TENT5A;TWIST1;TWIST2;FERMT2
prerank,GO_Molecular_Function_2025__Methylation-Dependent Protein Binding (GO:0140034),-0.22813644688644688,-0.8027230355439858,0.805607476635514,0.9365479633163404,1.0,36/36,77.29%,CDY1;CDYL;SUZ12;ING4;ING1;CBX3;JMJD7;PHF2;TDRD3;ZMYND11;ZZZ3;ING3;ZMYND8;MPHOSPH8;SPNS1;PHF20L1;ING5;SGF29;MTF2;PHF1;PHF19;PYGO1;L3MBTL3;L3MBTL1;MSL3;GLYR1;FMR1;BPTF;RRP8;NCAPD3;CBX1;MSH6;KDM8;WDR5;SETD5;KMT2E
prerank,Reactome_2022__Viral Messenger RNA Synthesis R-HSA-168325,-0.2197679853478561,-0.8021708057354057,0.8078291814946619,0.9368974258200174,1.0,11/43,23.95%,SEH1L;NUP85;SEC13;NUP210;NUP93;NUP43;NDC1;NUP133;NUP205;NUP50;POLR2C
prerank,GO_Molecular_Function_2025__Cytokine Receptor Binding (GO:0005126),0.274790228709094,0.8021381129034074,0.7435344827586207,0.9240653421331745,1.0,3/15,9.54%,ERAP1;SPRED1;SPRED2
prerank,WikiPathways_2024_Human__Cohesin Complex Cornelia De Lange Syndrome WP5117,0.24337707845755402,0.8014238535934461,0.7422222222222222,0.9246714121847852,1.0,14/24,35.04%,APC;PDS5B;PDS5A;NIPBL;RAD21;REC8;SMC3;SMC1B;WAPL;MAU2;STAG2;PPP2R5E;PPP2R5A;PPP2R5B
prerank,Reactome_2022__Signaling By ALK Fusions And Activated Point Mutants R-HSA-9725370,-0.22086984028434603,-0.8013516169117699,0.7864583333333334,0.9377322899392719,1.0,15/40,29.30%,BCL2A1;ATIC;VCL;FRS2;FRS3;RPS6;SQSTM1;STAT5A;PPM1B;CARS1;MSN;PIK3CA;SHC1;SKP1;RRBP1
prerank,GO_Biological_Process_2025__Positive Regulation of ERK1 and ERK2 Cascade (GO:0070374),-0.22815892762267242,-0.8011812754263843,0.7902946273830156,0.9373878007820697,1.0,10/39,16.43%,CD36;CHI3L1;MAP2K1;FERMT2;MOCOS;HTR2A;HTR2C;HTR2B;PYCARD;DSTYK
prerank,KEGG_2021_Human__N-Glycan biosynthesis,-0.21472957368786508,-0.8005483138884841,0.8065693430656934,0.9378182840324122,1.0,6/42,12.04%,DDOST;STT3B;RPN1;RPN2;FUT8;TUSC3
prerank,GO_Biological_Process_2025__Sterol Transport (GO:0015918),0.25645193765424956,0.8004158800916968,0.780373831775701,0.9257504436894354,1.0,8/19,23.23%,LDLRAP1;LDLR;ARV1;GRAMD1C;GRAMD1A;GRAMD1B;VAPB;VAPA
prerank,Reactome_2022__MTOR Signaling R-HSA-165159,-0.24050223872267024,-0.7991637806301242,0.7788461538461539,0.9396009589240469,1.0,11/29,22.56%,SLC38A9;CAB39L;CAB39;FKBP1A;LAMTOR5;RPS6;RRAGC;RRAGD;PPM1A;RPS6KB1;LAMTOR4
prerank,GO_Biological_Process_2025__Cellular Response to Virus (GO:0098586),-0.2793368147347465,-0.7990503646853848,0.7265774378585086,0.9391675788282351,1.0,5/16,23.37%,BAX;HIF1A;CHUK;PTGES2;RIOK3
prerank,KEGG_2021_Human__Antigen processing and presentation,-0.24438443441616275,-0.7982344271978146,0.7661141804788214,0.9399576220455926,1.0,2/27,5.08%,PDIA3;CTSL
prerank,GO_Biological_Process_2025__Cellular Response to Ionizing Radiation (GO:0071479),-0.2344826621287506,-0.7978770567534337,0.7777777777777778,0.9399319233628383,1.0,7/32,16.96%,CRYAB;XRCC6;FIGNL1;RPL26;RHOB;EEF1D;TSPYL5
prerank,GO_Molecular_Function_2025__Phosphoric Diester Hydrolase Activity (GO:0008081),-0.2454938656145124,-0.7978591706630334,0.7612208258527827,0.9393253566426865,1.0,5/26,13.41%,PDIA3;PLD4;PLD3;PRKCSH;GPCPD1
prerank,Reactome_2022__Mitochondrial tRNA Aminoacylation R-HSA-379726,0.2555713664762768,0.7978036136552558,0.7712418300653595,0.9295208070452339,1.0,9/20,37.00%,TARS2;DTD1;FARS2;KARS1;MARS2;NARS2;WARS2;EARS2;LARS2
prerank,KEGG_2021_Human__Shigellosis,-0.17709901081930013,-0.7977085141355077,0.8960396039603961,0.9389716334898142,1.0,40/139,25.50%,HK1;ITGA5;BAX;C3;ARHGEF2;STING1;VCL;PXN;MYD88;ITGB1;RHOA;IKBKB;CHUK;CASP1;PYCARD;CASP4;PIK3CD;PIK3CB;ROCK1;ROCK2;PFN4;ACTR3;SQSTM1;CDC42;GLMN;WASF1;WASF2;ATG16L1;RRAGC;RRAGD;TAB1;RPS6KA5;RPS6KB2;RPS6KB1;CGAS;MYL9;CBX3;NFKB1;RELA;PIK3CA
prerank,GO_Biological_Process_2025__Apical Junction Assembly (GO:0043297),-0.2649355090250113,-0.7962524481942345,0.7466666666666667,0.9408679494954971,1.0,8/19,22.32%,VCL;RHOA;RHOC;WDR1;OCEL1;MARVELD2;OCLN;TBCD
prerank,Reactome_2022__Regulation Of TP53 Degradation R-HSA-6804757,-0.248393056571885,-0.7961311511410091,0.7675276752767528,0.9404183649940581,1.0,10/25,30.87%,PPP2R5C;CCNA1;CCNA2;CCNG1;CHEK2;CDK1;PPP2CB;PPP2CA;UBA52;TP53
prerank,WikiPathways_2024_Human__T Cell Antigen Receptor TCR Pathway During Staph A. Infection WP3863,0.24592786112542087,0.7950256259581661,0.7763440860215054,0.9335252527489385,1.0,9/23,22.62%,GRB2;RRAS;NCK1;GRAP2;MAPK3;MAPK9;PLCG1;AHSA1;NFKBIA
prerank,GO_Biological_Process_2025__Regulation of Double-Strand Break Repair via Homologous Recombination (GO:0010569),0.20960194216884923,0.7941845686497762,0.8265765765765766,0.9342794490376346,1.0,10/43,21.41%,PELI1;POLR1B;PARP1;MAD2L2;TRRAP;SETD2;POLK;EPC1;EPC2;SIRT6
prerank,GO_Biological_Process_2025__Negative Regulation of Wnt Signaling Pathway (GO:0030178),0.19092903359396407,0.7941731806102029,0.8432835820895522,0.9336530187442622,1.0,16/64,21.69%,DAB2;APP;MCC;SMAD4;NLK;MAD2L2;FRZB;NKD2;NKD1;FRMD8;FUZ;CCDC88C;SCYL2;SFRP2;SFRP5;SFRP1
prerank,GO_Cellular_Component_2025__Core Mediator Complex (GO:0070847),-0.2592141344791594,-0.794140952971089,0.7704918032786885,0.9431377204680301,1.0,10/21,35.59%,MED28;MED17;MED8;MED19;MED27;MED23;MED22;MED11;MED30;MED25
prerank,GO_Molecular_Function_2025__Methylated Histone Binding (GO:0035064),-0.22808422980086976,-0.7941328144428642,0.7925925925925926,0.942515175630132,1.0,34/34,77.29%,CDY1;CDYL;SUZ12;ING4;ING1;CBX3;JMJD7;PHF2;TDRD3;ZMYND11;ZZZ3;ING3;ZMYND8;MPHOSPH8;SPNS1;ING5;SGF29;MTF2;PHF1;PHF19;PYGO1;L3MBTL1;MSL3;GLYR1;FMR1;BPTF;RRP8;NCAPD3;CBX1;MSH6;KDM8;WDR5;SETD5;KMT2E
prerank,Reactome_2022__Regulation Of TP53 Expression And Degradation R-HSA-6806003,-0.24563764992532777,-0.7940149596524724,0.7757352941176471,0.9420720961086811,1.0,11/26,32.39%,PPP2R5C;CCNA1;CCNA2;CCNG1;CHEK2;CDK1;PPP2CB;PPP2CA;UBA52;TP53;PRDM1
prerank,GO_Biological_Process_2025__Cellular Response to Light Stimulus (GO:0071482),0.2154911021493888,0.7937512999900476,0.8266666666666667,0.9336580386164006,1.0,13/39,26.98%,OPN3;OPN4;MINDY4;PARP1;MAPK13;POLK;EIF2AK4;YY1;EIF2S1;NPM1;NOC2L;N4BP1;RNF7
prerank,GO_Biological_Process_2025__Cellular Response to Hypoxia (GO:0071456),-0.2160180712569899,-0.7935475889265252,0.8128342245989305,0.9422291011219798,1.0,7/43,10.24%,P4HB;GATA6;PGK1;TWIST1;HIF3A;HIF1A;EPAS1
prerank,WikiPathways_2024_Human__MTHFR Deficiency WP4288,-0.2824687286288863,-0.793353827720662,0.7271062271062271,0.9419097932193617,1.0,6/16,20.60%,ALDH7A1;MTHFR;CASP9;NDUFAF7;CASP3;CHPT1
prerank,"GO_Biological_Process_2025__Retrograde Transport, Endosome to Golgi (GO:0042147)",-0.2030199819374986,-0.793199914098616,0.846830985915493,0.9415331152485933,1.0,12/59,19.03%,SNX2;SNX32;SNX5;STX5;RUFY1;BLTP3B;SLC66A2;RGPD1;WASHC1;VAMP3;PTGES2;GGA1
prerank,GO_Biological_Process_2025__Positive Regulation of Transport (GO:0051050),-0.25051174721544067,-0.7925556626023733,0.7674418604651163,0.9419856574692023,1.0,6/24,13.16%,BAK1;BOK;PLAA;SCIN;ANXA2;ANXA1
prerank,Reactome_2022__Recognition Of DNA Damage By PCNA-containing Replication Complex R-HSA-110314,0.24458321330575214,0.7923134976320685,0.7918454935622318,0.9353179786481437,1.0,3/23,8.24%,UBE2B;POLR1B;POLR1A
prerank,GO_Molecular_Function_2025__Ubiquitin-Like Ligase-Substrate Adaptor Activity (GO:1990756),0.21837828219757055,0.7920940147875214,0.7959641255605381,0.9350255079670894,1.0,12/35,24.84%,FBXL4;SMAD7;KLHL11;SPSB4;KLHL20;SUV39H2;FEM1B;ZSWIM8;KLHL25;FBXO9;DCAF1;KLHDC1
prerank,GO_Biological_Process_2025__Protein Localization to Organelle (GO:0033365),0.17836060669433976,0.7920106358506924,0.9144385026737968,0.9345244473453642,1.0,42/94,35.73%,PKN1;CEP250;BICD2;BICD1;POLR1B;CSRP3;POLR1A;LAMP5;MICALL1;SSB;COG7;IFT140;IPO4;YBX1;ARL6;WASHC2C;WASHC2A;RCSD1;GAK;VAPA;ATP6V1D;CSNK1D;YWHAE;ARFRP1;PPP1R15A;RAP1GDS1;GET3;MARCHF5;VPS35;ZNF423;TULP2;TULP1;TULP3;FKBP8;DHX9;GCC2;DDRGK1;TOPORS;PRKAA1;NUAK2;CEP78;WDR35
prerank,GO_Biological_Process_2025__Protein-Containing Complex Assembly (GO:0065003),0.16014608660124485,0.7917976665044995,0.957983193277311,0.9342414000028103,1.0,51/187,26.78%,MAPK8IP2;NAPG;STXBP1;EPS15;ZNHIT6;COX15;PICALM;NEMF;TMEM35A;PFDN6;LIN7A;GTF2B;PPARGC1A;CCDC40;NCK2;NCK1;DNAAF6;ELOB;DNLZ;TBCEL;FASN;TFAP4;KMT2A;KMT2D;AP2S1;EIF4B;APBA1;TUBGCP4;SLC25A46;KIFAP3;AIFM1;ARL6;PALS2;DNAI4;HIP1R;HIP1;DNAAF3;TRAPPC5;TBCC;GAK;NR4A1;RSPH9;SLC9A1;CSNK1D;HSPD1;RIMS1;ZC3H12A;NCKAP1L;TRAPPC6A;TTC12;SUGT1
prerank,GO_Molecular_Function_2025__RNA Polymerase II-specific DNA-binding Transcription Factor Binding (GO:0061629),0.16773865021203524,0.7914272291874641,0.9236641221374046,0.9341774576107621,1.0,47/131,30.37%,ARNT2;KCNH8;SIRT1;BMAL1;TACC1;TACC2;PDCD11;PARP1;PROX1;JUP;PPARGC1A;MAD2L2;NEUROD1;PPARG;PPARA;NR1I2;SMARCA1;SETD1A;TBX6;TBX5;TBX20;TBXT;EOMES;TBX3;BBS5;HAND1;TCF23;HAND2;ISL1;NPM1;NFKBIA;PRRX1;FIZ1;BAZ2A;KLF4;CREB1;BHLHE40;HEY1;HEY2;HES6;BHLHE41;BUD31;NKX2-1;NKX2-5;REST;TADA3;ESRRB
prerank,GO_Molecular_Function_2025__Protein Phosphatase Activator Activity (GO:0072542),0.26079941818871216,0.7901617932340843,0.7594654788418709,0.9355966246082044,1.0,12/17,36.84%,PHACTR4;PPP4R3B;PPP4R3C;PPP4R3A;B3GAT3;PPP1R15A;PPP2R5E;PPP2R5A;PPP2R5B;CALM2;CALM3;CALM1
prerank,GO_Biological_Process_2025__Regulation of T Cell Activation (GO:0050863),0.26152500336101514,0.7901583638746582,0.7678958785249458,0.9349642648184251,1.0,7/19,28.61%,YWHAG;TNFAIP8L2;TBX21;CCDC88B;HSPD1;KAT2A;CD209
prerank,WikiPathways_2024_Human__TGF Beta Signaling Pathway WP366,-0.19170384489000555,-0.7900824820981719,0.8571428571428571,0.9454136114191574,1.0,33/78,31.63%,ITGA2;MAP2K1;MAP2K2;UCHL5;ZFYVE16;TGFB1I1;ITGB1;ITGB4;RHOA;CCND1;CCNB2;ROCK1;CDC42;PARD6A;THBS1;PPM1A;TAB1;RBL1;RBL2;ITGB3;CDK1;PDK1;JUNB;JUND;JUN;SHC1;SKP1;PAK2;STRAP;COPS5;YAP1;TP53;BTRC
prerank,GO_Biological_Process_2025__Regulation of Ubiquitin Protein Ligase Activity (GO:1904666),-0.28212256068418884,-0.7896371973616804,0.7624309392265194,0.9455144141211556,1.0,7/15,28.37%,RPS7;PLK1;RPL23;RPL11;ZNF367;FZR1;SKP1
prerank,Reactome_2022__Cytosolic Sensors Of Pathogen-Associated DNA R-HSA-1834949,-0.22246584461369562,-0.789531044219528,0.7960992907801419,0.9450695828718193,1.0,14/39,26.99%,STING1;XRCC6;MYD88;IKBKB;CHUK;LRRFIP1;POLR3E;STAT6;CGAS;NFKB2;NFKB1;RELA;POLR3A;TBK1
prerank,GO_Biological_Process_2025__Negative Regulation of Response to Biotic Stimulus (GO:0002832),0.25754580013373957,0.7894422454661802,0.7452631578947368,0.9354971205836277,1.0,3/19,8.46%,YWHAZ;PCBP2;PARP1
prerank,KEGG_2021_Human__NF-kappa B signaling pathway,0.22829821101502965,0.7886063386416665,0.7811059907834101,0.9361897640284126,1.0,14/29,29.21%,PRKCB;PARP1;GADD45G;GADD45A;GADD45B;PLCG1;PLCG2;NFKBIA;BIRC2;XIAP;BIRC3;CYLD;TRAF6;UBE2I
prerank,GO_Biological_Process_2025__Positive Regulation of Cellular Component Organization (GO:0051130),-0.2122772480180388,-0.788598646343408,0.8581687612208259,0.945952101268107,1.0,8/46,14.34%,BAX;BAK1;RUNX1;GBA1;VCP;RHOC;ANXA2;RACK1
prerank,Reactome_2022__MAP Kinase Activation R-HSA-450294,-0.2236275011101864,-0.7882116424776048,0.8112874779541446,0.9453312992514488,1.0,18/38,29.24%,MAP2K1;PPP2R5D;IKBKB;CHUK;VRK3;TAB1;RPS6KA5;RPS6KA1;RPS6KA2;RPS6KA3;NFKB1;PPP2CB;PPP2CA;JUN;IRAK1;IRAK2;SKP1;UBA52
prerank,Reactome_2022__Interleukin-17 Signaling R-HSA-448424,-0.2236275011101864,-0.7882116424776048,0.8112874779541446,0.9453312992514488,1.0,18/38,29.24%,MAP2K1;PPP2R5D;IKBKB;CHUK;VRK3;TAB1;RPS6KA5;RPS6KA1;RPS6KA2;RPS6KA3;NFKB1;PPP2CB;PPP2CA;JUN;IRAK1;IRAK2;SKP1;UBA52
prerank,GO_Cellular_Component_2025__Transcription Factor TFTC Complex (GO:0033276),0.26861580630424853,0.7881410372247788,0.7525354969574036,0.9362966277688516,1.0,16/16,73.19%,TAF7;TRRAP;KAT2A;TADA3;TAF6;TAF5L;TAF9B;TAF9;USP22;TAF4;TAF12;SUPT3H;TAF2;ENY2;TAF5;TAF10
prerank,GO_Biological_Process_2025__Positive Regulation of Double-Strand Break Repair via Homologous Recombination (GO:1905168),0.2377015812572621,0.7879444508480542,0.7857142857142857,0.9359976168581517,1.0,5/25,21.28%,PELI1;PARP1;TRRAP;EPC1;EPC2
prerank,GO_Biological_Process_2025__Regulation of Plasma Membrane Bounded Cell Projection Assembly (GO:0120032),-0.23740319836108031,-0.7875615505558551,0.7872340425531915,0.9457586065000466,1.0,13/30,29.38%,ATG3;TBC1D19;PRKCSH;RAB11A;MCIDAS;CDC42;DYNLT2B;FSCN1;RDX;DYNC2LI1;IFT20;TWF2;TWF1
prerank,GO_Biological_Process_2025__Regulation of Macromolecule Biosynthetic Process (GO:0010556),0.19061548405663123,0.7874804986938427,0.8594104308390023,0.9360531137604918,1.0,23/66,31.38%,TOB1;TOB2;APP;FUBP1;PROX1;STX3;STX1B;TARDBP;SETD2;PDGFA;YBX1;KDM4C;ZC3H12A;KDM4A;KDM4D;KDM4B;KDM4E;KDM4F;TMPRSS4;GNB3;PEG3;COQ7;JADE3
prerank,GO_Biological_Process_2025__Regulation of Transport (GO:0051049),-0.2429876854303697,-0.786761379921445,0.7928571428571428,0.9464266400825432,1.0,14/25,37.22%,MYO6;PRKCSH;RAB11A;TMEM102;POFUT2;SURF4;MUL1;DISP3;LEPROT;PLD2;DYNC1LI1;SCFD1;PRKN;REEP5
prerank,GO_Biological_Process_2025__Negative Regulation of Protein-Containing Complex Assembly (GO:0031333),-0.23522613199607964,-0.786589230792951,0.7954545454545454,0.9460681959741781,1.0,12/30,26.25%,HDAC6;CRYAB;GBA1;HSPA5;PYDC1;CDC42;RPL13A;RIOK3;PARK7;KIF14;FBXL2;HSF1
prerank,GO_Biological_Process_2025__Cellular Response to Chemical Stress (GO:0062197),-0.2056399401361086,-0.7863796837397375,0.854419410745234,0.9457736450190056,1.0,14/59,23.60%,DHRS2;ALDH3B1;PRDX2;MOGAT3;HIF1A;ERMP1;MSRA;SETX;VRK2;HM13;CHCHD2;PPIA;SRXN1;PARK7
prerank,GO_Biological_Process_2025__Positive Regulation of GTPase Activity (GO:0043547),-0.20898337172791648,-0.7852373376488506,0.8266897746967071,0.9469865403530976,1.0,10/48,16.76%,ITGA6;PIP5K1A;SLC27A4;RGS10;LIMS1;ITGB1;ARHGAP42;MTSS2;RACK1;RGPD1
prerank,GO_Biological_Process_2025__Dolichol-Linked Oligosaccharide Biosynthetic Process (GO:0006488),-0.25931641404623657,-0.7852092952447508,0.7575187969924813,0.9464076894519613,1.0,9/18,39.72%,DHDDS;MPDU1;NUS1;ALG3;SRD5A3;DPM1;DOLK;ALG10B;ALG9
prerank,GO_Biological_Process_2025__Response to Interleukin-1 (GO:0070555),-0.23394182779476683,-0.7849667701073556,0.7765765765765765,0.9461948711143868,1.0,17/31,32.82%,CHI3L1;SOX9;HIF1A;MYD88;PYCARD;SMPD1;CACTIN;NFKB1;RELA;IRAK1;IRAK3;IRAK2;RC3H1;ATL1;GBP2;GBP1;MAPK11
prerank,GO_Biological_Process_2025__Lysosomal Transport (GO:0007041),-0.2123971544289662,-0.7848373444328671,0.8286219081272085,0.9457895873286223,1.0,6/47,12.00%,SCARB2;PCSK9;CLN3;ZFYVE16;VPS4A;SLC30A4
prerank,GO_Biological_Process_2025__protein-RNA Complex Assembly (GO:0022618),0.16906686511558494,0.7847765724051315,0.947945205479452,0.9396762208164541,1.0,24/110,23.99%,CELF6;CELF5;BOP1;EIF3L;PWP2;EIF3M;NOP2;RRS1;MDN1;BRIX1;SRPK2;SRPK3;EIF2S3;EIF2S3B;EIF4B;EIF6;SRPK1;SNRNP200;EIF3K;EIF3I;EIF3H;EIF3E;LUC7L;LUC7L2
prerank,WikiPathways_2024_Human__Canonical And Non Canonical Notch Signaling WP3845,-0.27248505326643524,-0.7845366879916373,0.7775831873905429,0.9456087642731672,1.0,9/16,33.57%,PSEN2;PSEN1;CHUK;NOTCH4;DLL4;DNER;JAG2;DLL1;JAG1
prerank,Reactome_2022__Citric Acid (TCA) Cycle And Respiratory Electron Transport R-HSA-1428517,-0.17956955537673475,-0.784375857929962,0.9100346020761245,0.9452549384120204,1.0,28/112,25.18%,SLC16A8;SLC16A1;SLC16A3;PDPR;ADHFE1;L2HGDH;SUCLA2;ETFB;ETFDH;MPC2;PLPP6;SURF1;UQCRH;CCNI;NDUFAF7;MPC1;D2HGDH;HAGH;RXRA;PDP2;SUCLG1;NDUFA5;COQ10B;COQ10A;PDK3;PDK2;PDK4;GSTZ1
prerank,GO_Cellular_Component_2025__Autophagosome Membrane (GO:0000421),0.24461161090788136,0.7842828662088203,0.7818574514038877,0.9398133289781957,1.0,3/22,11.17%,ULK1;WDFY3;SH3GLB1
prerank,Reactome_2022__Constitutive Signaling By NOTCH1 HD+PEST Domain Mutants R-HSA-2894862,-0.22362724766712885,-0.7840525737964205,0.8348294434470377,0.9451817137164146,1.0,14/37,33.57%,HDAC6;MIB1;PSEN2;PSEN1;HDAC2;APH1A;APH1B;SKP1;UBA52;HDAC9;DLL4;JAG2;DLL1;JAG1
prerank,GO_Biological_Process_2025__Regulation of Double-Strand Break Repair (GO:2000779),-0.20295931088836944,-0.7838656976896327,0.8490230905861457,0.9448658872049532,1.0,14/59,25.19%,KAT5;DPF1;DPF3;DPF2;TWIST1;FIGNL1;OTUB1;SMARCD3;SMARCD2;PPP4C;MORF4L2;MORF4L1;RTEL1;DMAP1
prerank,"Reactome_2022__Tristetraprolin (TTP, ZFP36) Binds And Destabilizes mRNA R-HSA-450513",0.270741822716222,0.7838636515156281,0.75,0.9397781516572817,1.0,1/15,2.79%,YWHAB
prerank,GO_Biological_Process_2025__Myeloid Leukocyte Differentiation (GO:0002573),-0.23574217282597704,-0.7835857979036001,0.8021978021978022,0.9446891587522889,1.0,3/30,5.35%,DHRS2;GATA3;RUNX1
prerank,GO_Biological_Process_2025__Transcription Preinitiation Complex Assembly (GO:0070897),-0.20658546713538373,-0.78336149589482,0.8549488054607508,0.9444172736695112,1.0,25/56,32.20%,MED28;MED17;GTF2A1;MED8;TAF8;TAF10;TAF5;MED19;TAF11L14;TAF11L3;TAF11L11;TAF11L8;TAF11L4;TAF11L12;TAF11L9;TAF11L10;TAF11L2;TAF11L13;TAF11L7;TAF11;TAF11L6;MED27;MED23;MED22;MED11
prerank,GO_Biological_Process_2025__Positive Regulation of Double-Strand Break Repair (GO:2000781),-0.20549024984577313,-0.7825915133508122,0.8465804066543438,0.9450168891779058,1.0,4/56,3.57%,KAT5;DPF1;DPF3;DPF2
prerank,GO_Biological_Process_2025__DNA Repair (GO:0006281),0.16032112762602116,0.7823944705230881,0.964769647696477,0.9413932805852353,1.0,47/159,30.27%,MEN1;LRIG3;UBE2B;SIRT1;XPC;POLR1B;POLR1A;EID3;PARP1;PDS5B;PDS5A;MAD2L2;UBE2N;UBE2NL;RAD21;REC8;NABP1;SETD2;NSD2;GADD45A;POLK;FANCM;AKTIP;TOP3A;USP7;NPM1;SIRT6;NTHL1;HINFP;GCNA;LRIG1;RECQL5;MSH6;CSNK1E;CETN2;NOP53;MNAT1;XRCC3;PPP5C;GTF2H3;USP47;FMR1;HUS1;HUS1B;OGG1;MSH2;MRE11
prerank,GO_Biological_Process_2025__Double-Strand Break Repair (GO:0006302),-0.18608373247529447,-0.7823247745772984,0.889267461669506,0.9447870875895544,1.0,20/90,23.16%,PSMD14;KAT5;EXD2;VCP;ZFYVE26;XRCC6;EYA1;EYA3;PLK1;DNA2;SETX;FEN1;CHEK2;MTA1;MCM8;PPP4C;DDX1;GEN1;ACTR8;MORF4L1
prerank,GO_Biological_Process_2025__mRNA Metabolic Process (GO:0016071),0.1882722867296444,0.781797425126556,0.8741418764302059,0.9417191376229391,1.0,7/67,12.81%,PRKCA;PCBP2;PCBP3;DHX15;PPARGC1A;SSB;NSUN2
prerank,GO_Biological_Process_2025__Positive Regulation of DNA-templated Transcription Initiation (GO:2000144),-0.21299925233773997,-0.7813022336936561,0.8481228668941979,0.9457443173451251,1.0,20/48,37.72%,TWIST1;MED28;SETX;MED17;GTF2A1;MED8;TAF8;TAF10;TAF5;JUN;MED19;TAF11;MED27;MED23;MED22;MED11;MED30;MED25;FOSL1;TAF2
prerank,GO_Biological_Process_2025__Regulation of Fibroblast Proliferation (GO:0048145),0.25691072352173305,0.7812661720967353,0.773109243697479,0.9419224199186792,1.0,5/18,21.69%,MINDY4;NF1;PDGFB;PDGFA;SFRP1
prerank,Reactome_2022__Telomere Maintenance R-HSA-157579,0.2001486730996238,0.7812303841539773,0.8373205741626795,0.9413343976808438,1.0,13/50,24.73%,GAR1;POLR2K;POLR1B;POLR1A;DKC1;PPP6R3;H2AZ1;H2AZ2;NHP2;ATRX;PRIM1;LRIG1;NOP10
prerank,GO_Biological_Process_2025__Negative Regulation of Organelle Organization (GO:0010639),0.24028203306078044,0.7811845616751752,0.8169642857142857,0.9407624195780355,1.0,5/23,15.34%,MPV17L;CLSTN3;SLC25A31;BNIP3;PPARG
prerank,GO_Biological_Process_2025__Positive Regulation of Chromosome Organization (GO:2001252),0.22418597306471771,0.7810266263248624,0.8096330275229358,0.9403786128749293,1.0,11/27,32.00%,MAPK1;MAPK3;RAD21;MAPK15;ATRX;SIRT6;KLF4;NVL;NCAPD3;MRE11;PPP1R10
prerank,WikiPathways_2024_Human__DNA Replication WP466,-0.21622096837232202,-0.7809829408952853,0.8218923933209648,0.9456597392186378,1.0,18/36,39.55%,RFC5;POLA2;GMNN;CDT1;RPA1;MCM4;MCM7;MCM2;MCM6;PCNA;UBA52;RFC3;POLE;ORC2;POLD2;POLD1;ORC5;ORC1
prerank,GO_Biological_Process_2025__Regulation of Lipid Metabolic Process (GO:0019216),0.22713753758722305,0.7806962811388815,0.8093126385809313,0.9402320763014662,1.0,9/29,17.72%,CIDEB;IRS2;EDF1;RORC;NR1D1;NR1D2;PPARA;RORA;PLCG2
prerank,GO_Biological_Process_2025__Zinc Ion Transport (GO:0006829),-0.2764232559967391,-0.7804131255007207,0.7673545966228893,0.9459196983611494,1.0,3/15,15.61%,SLC39A7;SLC30A4;SLC39A13
prerank,GO_Biological_Process_2025__Regulation of p38MAPK Cascade (GO:1900744),-0.27593265975752934,-0.7803870915914877,0.7662082514734774,0.9453349534430824,1.0,2/15,8.46%,PER1;SPHK1
prerank,GO_Biological_Process_2025__Telomere Maintenance (GO:0000723),0.2118143678364506,0.7801851370246651,0.8414634146341463,0.940374057740733,1.0,11/34,30.27%,POLR1B;POLR1A;PARP1;MAD2L2;NFRKB;YY1;INO80C;XRCC3;HUS1;HUS1B;MRE11
prerank,Reactome_2022__Regulated Necrosis R-HSA-5218859,-0.22803393948109613,-0.7795634639515236,0.796875,0.9459495036521619,1.0,7/32,14.96%,BAX;BAK1;CASP1;CFLAR;CASP5;CASP8;CASP4
prerank,Reactome_2022__NS1 Mediated Effects On Host Pathways R-HSA-168276,-0.21862016987909716,-0.7788001461701607,0.8395061728395061,0.946522662233512,1.0,10/38,23.52%,SEH1L;NUP85;SEC13;NUP210;NUP93;NUP43;NDC1;NUP133;NUP205;NUP50
prerank,KEGG_2021_Human__Glycosylphosphatidylinositol (GPI)-anchor biosynthesis,0.24882897292356906,0.7787709528502232,0.7802197802197802,0.9418614403751346,1.0,19/19,75.17%,PIGO;PIGL;MPPE1;PIGN;PIGF;PIGA;PIGC;PIGV;PIGQ;PIGW;PIGX;PIGK;PIGS;PIGT;PIGB;PIGU;PGAP1;PIGG;GPAA1
prerank,"Reactome_2022__Nucleotide-binding Domain, Leucine Rich Repeat Containing NLR Signaling Pathways R-HSA-168643",-0.232815582985677,-0.7781165032220057,0.7958015267175572,0.946926884826621,1.0,14/30,28.19%,IKBKB;CHUK;CASP1;CASP8;CASP9;PYCARD;CASP4;CASP2;TAB1;NFKB2;NFKB1;RELA;IRAK1;IRAK2
prerank,WikiPathways_2024_Human__Cytosolic DNA Sensing Pathway WP4655,-0.22409239892339003,-0.7776498380536513,0.8269581056466302,0.9470242353126275,1.0,13/33,26.99%,STING1;IKBKB;CHUK;CASP1;CASP8;PYCARD;POLR3E;CGAS;NFKB1;RELA;POLR3A;IKBKE;TBK1
prerank,GO_Biological_Process_2025__Golgi to Plasma Membrane Transport (GO:0006893),0.21581811921131155,0.7766550037315554,0.8482142857142857,0.9443906490093502,1.0,9/35,21.50%,NSF;EXOC5;SPTBN1;ARFGEF2;EXOC6B;EXOC6;GOLGA7;STXBP5;STXBP5L
prerank,GO_Biological_Process_2025__Protein Localization to Chromatin (GO:0071168),0.25147946864717574,0.7765206904310803,0.7612612612612613,0.9439449511219353,1.0,3/18,14.57%,PARP1;NIPBL;RAD21
prerank,WikiPathways_2024_Human__Kleefstra Syndrome WP5351,0.25083159444940495,0.7758080015560557,0.7866108786610879,0.9444656568212451,1.0,4/20,16.56%,H3-3A;EHMT1;KMT2C;RBBP5
prerank,GO_Biological_Process_2025__Negative Regulation of Macromolecule Biosynthetic Process (GO:0010558),-0.17966604025979682,-0.7756157171340019,0.9169491525423729,0.9495330377887801,1.0,34/105,25.33%,GATA2;AGXT;SLC2A10;PLA2G3;NOCT;DBI;SOX11;SLC7A5;SMOX;PSEN1;HIF1A;ANXA7;RACK1;ROCK2;DICER1;TTBK1;WNT4;HDAC2;ZNF503;SLC24A3;LRP3;OCLN;PTRH2;RBL1;RBL2;RB1;AURKA;ITGB8;PARK7;CNPY2;CELF1;FLOT2;NFKB1;REL
prerank,KEGG_2021_Human__Cytosolic DNA-sensing pathway,-0.23725274563929366,-0.7755713426028744,0.8128544423440454,0.9489714369547594,1.0,12/28,26.99%,STING1;IKBKB;CHUK;CASP1;PYCARD;POLR3E;CGAS;NFKB1;RELA;POLR3A;IKBKE;TBK1
prerank,GO_Biological_Process_2025__Positive Regulation of Protein Localization to Nucleus (GO:1900182),-0.21629747732488047,-0.7753851813013773,0.8223443223443223,0.9486425527403108,1.0,17/43,30.29%,FERMT2;PSEN1;LARP7;BAG3;PLK1;LAMTOR5;ORMDL3;PARK7;CDK1;DMAP1;FZR1;RBM22;CCT3;TCP1;CDK5RAP3;YAP1;WWTR1
prerank,Reactome_2022__Impaired BRCA2 Binding To RAD51 R-HSA-9709570,-0.25997292901292196,-0.7751104694380588,0.7777777777777778,0.9484222860450624,1.0,4/19,14.67%,KAT5;RFC5;DNA2;EXO1
prerank,GO_Biological_Process_2025__Embryonic Limb Morphogenesis (GO:0030326),0.2419769224650558,0.7748690124605541,0.7942477876106194,0.9452487439898142,1.0,6/20,18.11%,MBNL1;NIPBL;TBX4;TBX2;TBX5;TBX3
prerank,Reactome_2022__Macroautophagy R-HSA-1632852,-0.1870790108704054,-0.7747968386494243,0.8986013986013986,0.9482724046953246,1.0,21/83,23.60%,HDAC6;CFTR;ATG13;ATG3;ATG4A;ATG4B;VCP;EPAS1;SLC38A9;ATG9B;ATG9A;MTMR14;PGAM5;LAMTOR5;SQSTM1;ATG16L1;MTMR3;RRAGC;RRAGD;LAMTOR4;PARK7
prerank,GO_Biological_Process_2025__Negative Regulation of Fat Cell Differentiation (GO:0045599),-0.25496751238198917,-0.7745618733293875,0.7985611510791367,0.9480087402214302,1.0,7/19,20.30%,FERMT2;TRIB2;TRIB3;WNT5A;WNT10B;GPS2;LRP3
prerank,Reactome_2022__HDR Thru Homologous Recombination (HRR) Or Single Strand Annealing (SSA) R-HSA-5693567,-0.20192852500277184,-0.7736636617259731,0.8663194444444444,0.9487521763147504,1.0,23/55,37.37%,KAT5;CLSPN;RFC5;SLC19A1;DNA2;EXO1;CCNA1;CCNA2;PPP4C;BARD1;GEN1;RTEL1;MUS81;PCNA;RAD50;UBA52;RFC3;POLE;SUMO2;RAD51C;SLX1A;POLD2;POLD1
prerank,GO_Biological_Process_2025__Negative Regulation of DNA Metabolic Process (GO:0051053),0.2535675690540143,0.7736116113363494,0.8018433179723502,0.9464777922481452,1.0,7/18,30.20%,PDS5A;GTPBP4;DACH1;DFFA;MSH6;WAPL;MSH2
prerank,GO_Biological_Process_2025__U2-type Prespliceosome Assembly (GO:1903241),0.245838312546481,0.7723484731707002,0.8030634573304157,0.9476983686714087,1.0,3/21,15.32%,SF3B3;RBMX2;DDX42
prerank,WikiPathways_2024_Human__ATM Signaling WP2516,-0.25073786718268787,-0.7722102572907246,0.7950963222416813,0.9503566664477421,1.0,10/22,30.88%,CASP2;CCNB1;CCNE1;CHEK2;FANCD2;CDK1;JUN;RAD50;TP53;TP73
prerank,Reactome_2022__Antigen Activates B Cell Receptor Leading To Second Messenger Generation R-HSA-983695,0.26396770890104926,0.7718629305495776,0.7775377969762419,0.9477641863386183,1.0,7/15,31.24%,CLSTN1;GRB2;NCK1;PLCG2;ITPR1;ITPR3;ITPR2
prerank,GO_Biological_Process_2025__Mitotic Spindle Assembly (GO:0090307),-0.2612141322872119,-0.7716779594133397,0.7667304015296367,0.9505311816774499,1.0,5/19,16.24%,KIF11;RAB11A;RHOA;KIF23;CHEK2
prerank,GO_Cellular_Component_2025__Cul4-RING E3 Ubiquitin Ligase Complex (GO:0080008),-0.248353410349481,-0.7703782225922007,0.8003533568904594,0.9518493879977518,1.0,11/23,38.91%,CARD16;GLMN;CUL4B;DET1;DDB1;DTL;WDTC1;DCAF8;DCAF8L1;DCAF8L2;RBX1
prerank,Reactome_2022__Insulin Receptor Signaling Cascade R-HSA-74751,-0.25051784192484905,-0.7701417787486063,0.7823639774859287,0.9515623532759967,1.0,5/21,15.10%,KLB;KL;FRS2;TRIB3;PIK3CB
prerank,GO_Molecular_Function_2025__snRNA Binding (GO:0017069),0.21667823552651072,0.7698214512043614,0.8224719101123595,0.9500854416530182,1.0,3/31,7.33%,SNU13;SF3B3;DDX56
prerank,GO_Biological_Process_2025__Positive Regulation of Exocytosis (GO:0045921),0.25974761168091576,0.7696520360129016,0.7673913043478261,0.9496893930108211,1.0,2/17,4.74%,ATP13A2;CADPS2
prerank,GO_Biological_Process_2025__Negative Regulation of NF-kappaB Transcription Factor Activity (GO:0032088),-0.2440975626211473,-0.7693667292163509,0.7925531914893617,0.9520733802214988,1.0,10/23,29.45%,ANXA4;CHUK;PYCARD;PYDC1;DNAJA3;CACTIN;CDK5RAP3;PPP2CB;IRAK3;ADORA3
prerank,GO_Biological_Process_2025__Heparan Sulfate Proteoglycan Metabolic Process (GO:0030201),-0.2597574724256078,-0.7691200076247516,0.778175313059034,0.9518048930088183,1.0,6/20,17.26%,GLB1;GNS;SULF2;SULF1;GPC1;SGSH
prerank,WikiPathways_2024_Human__White Fat Cell Differentiation WP4149,0.23921655523450366,0.7687924368669065,0.8368794326241135,0.9502581523061797,1.0,13/23,30.76%,CTNNA1;MECOM;PPARG;RARA;NR1H3;RORA;KLF4;KLF5;KLF2;EBF1;CREB1;NR3C1;ZNF423
prerank,GO_Biological_Process_2025__Negative Regulation of Proteolysis Involved in Protein Catabolic Process (GO:1903051),-0.27395910193679074,-0.7685202806924201,0.7717601547388782,0.9520664750917237,1.0,5/15,18.32%,RPS7;OPHN1;RPL23;USP14;RPL11
prerank,GO_Biological_Process_2025__Regulation of Mitochondrion Organization (GO:0010821),-0.26659051970302683,-0.7676163832603733,0.7961335676625659,0.9527420080121342,1.0,17/17,73.40%,TMEM102;SQSTM1;PARL;MUL1;PISD;MTCH2;PRKN;EP300;STOX1;PRMT6;PDE2A;PINK1;SLC30A9;VPS35;MARCHF5;RAP1GDS1;SIRT7
prerank,Reactome_2022__ERK/MAPK Targets R-HSA-198753,-0.273853311749278,-0.7675494565334964,0.799249530956848,0.9522158783359468,1.0,8/15,27.15%,PPP2R5D;VRK3;RPS6KA5;RPS6KA1;RPS6KA2;RPS6KA3;PPP2CB;PPP2CA
prerank,WikiPathways_2024_Human__Type 2 Papillary Renal Cell Carcinoma WP4241,0.23783599085817575,0.7672302083423653,0.8038379530916845,0.9518848542599464,1.0,5/22,17.52%,ARNT2;ARNT;ELOB;SETD2;PDGFB
prerank,GO_Biological_Process_2025__DNA Metabolic Process (GO:0006259),0.15634558161789675,0.7668884923532644,0.9816272965879265,0.9517380007336365,1.0,43/157,30.27%,MEN1;LRIG3;UBE2B;XPC;POLR1B;POLR1A;EID3;PARP1;PDS5B;PDS5A;CDC45;PURA;NFRKB;HMGB3;GRWD1;UBE2N;RAD21;NABP1;GADD45A;POLK;YY1;TOP3A;NOC3L;NPM1;NTHL1;HINFP;PRIM1;INO80C;LRIG1;MCM10;RECQL5;MSH6;CSNK1E;NOP53;MNAT1;XRCC3;GTF2H3;FMR1;HUS1;HUS1B;OGG1;MSH2;MRE11
prerank,GO_Biological_Process_2025__Negative Regulation of Immune System Process (GO:0002683),0.25190583345574385,0.766635597769964,0.810989010989011,0.9514700164203324,1.0,2/19,3.04%,AMBP;LGR4
prerank,Reactome_2022__HDR Thru Single Strand Annealing (SSA) R-HSA-5685938,-0.25104808066324213,-0.7665715186665555,0.7875,0.9529971134790912,1.0,4/21,14.67%,KAT5;RFC5;DNA2;EXO1
prerank,Reactome_2022__Toll Like Receptor 4 (TLR4) Cascade R-HSA-166016,-0.19594271850948275,-0.7663687999558337,0.867595818815331,0.9526617520569264,1.0,30/66,29.24%,CD36;ITGAM;MAP2K1;PPP2R5D;MYD88;ITGB2;IKBKB;CHUK;CASP8;USP14;VRK3;SOCS1;TAB1;RPS6KA5;RPS6KA1;RPS6KA2;RPS6KA3;NFKB2;NFKB1;RELA;IKBKE;TBK1;PPP2CB;PPP2CA;JUN;IRAK1;IRAK3;IRAK2;SKP1;UBA52
prerank,WikiPathways_2024_Human__Toll Like Receptor Signaling WP75,-0.2342427372578625,-0.7657432845292809,0.7918088737201365,0.9529284005636898,1.0,13/27,28.17%,MAP2K1;MAP2K2;MYD88;IKBKB;CHUK;CASP8;TAB1;NFKB1;RELA;IKBKE;TBK1;JUN;IRAK1
prerank,GO_Biological_Process_2025__Positive Regulation of Macroautophagy (GO:0016239),-0.21266650551531452,-0.7651977871907313,0.847972972972973,0.953068818727935,1.0,6/39,13.82%,HSPB8;KAT5;STING1;BAG3;TOM1;WDR24
prerank,GO_Biological_Process_2025__Regulation of mRNA Stability (GO:0043488),0.19737912034255312,0.7650146386284836,0.8558951965065502,0.9531370645048574,1.0,11/49,19.15%,PRKCA;KHSRP;IGF2BP1;PCBP4;QKI;SERBP1;PUM1;PUM2;EIF4ENIF1;YBX1;GIGYF2
prerank,WikiPathways_2024_Human__Primary Ovarian Insufficiency WP5316,-0.1831067231810015,-0.7647300741772682,0.9098639455782312,0.9531502685247119,1.0,8/84,7.28%,TG;CYP19A1;SELENBP1;GALT;BNC1;HSD17B4;ACSL6;SOX8
prerank,GO_Biological_Process_2025__Regulation of Phosphorylation (GO:0042325),-0.21937563128979545,-0.764177229796664,0.8366247755834829,0.9532915352119016,1.0,13/35,26.47%,ITGA6;KCTD20;PSEN1;IKBKB;DHX34;GLMN;SOCS1;THBS1;BARD1;MCM7;PRKRIP1;CCNYL1;ANKLE2
prerank,WikiPathways_2024_Human__8P23 1 Copy Number Variation Syndrome WP5346,-0.24199739757228433,-0.7641584708638697,0.8043875685557587,0.9526993357513763,1.0,8/25,22.80%,SLC2A4;SOX7;CTSD;MSRA;MTMR7;MTMR9;MTMR6;CGAS
prerank,GO_Biological_Process_2025__Positive Regulation of DNA Metabolic Process (GO:0051054),0.1920274560030142,0.7639976387014417,0.9004854368932039,0.9539341540034363,1.0,17/54,26.90%,NPAS2;SIRT1;MAPK1;MAPK3;NFRKB;UBE2N;MAPK15;PDGFB;ATRX;YY1;NPM2;SIRT6;INO80C;BAZ1A;KLF4;NVL;SMOC2
prerank,GO_Biological_Process_2025__Positive Regulation of Signal Transduction by P53 Class Mediator (GO:1901798),-0.27260032080979363,-0.7639344155883668,0.7941176470588235,0.9523830738043231,1.0,5/15,19.92%,RPS7;RPL26;RPL23;RPS15;ING4
prerank,WikiPathways_2024_Human__Interferon Type I Signaling WP585,0.21835108191308017,0.7636971029570674,0.8213507625272332,0.9537299156749094,1.0,4/29,8.86%,EIF4E;EIF4EBP1;IRS2;IRS1
prerank,WikiPathways_2024_Human__Gastric Cancer Network 2 WP2363,0.265859062355717,0.7633489015760982,0.7982832618025751,0.9536093752314448,1.0,4/15,20.75%,BRIX1;CEBPZ;UBE2C;FAM91A1
prerank,GO_Biological_Process_2025__Spliceosomal Complex Assembly (GO:0000245),0.19092920333547087,0.7615441375820182,0.9054945054945055,0.9554485353567175,1.0,12/52,24.49%,CELF6;CELF5;SF3B3;RBMX2;SRPK2;SRPK3;DDX42;SRPK1;SNRNP200;LUC7L;LUC7L2;SF3B5
prerank,GO_Biological_Process_2025__Positive Regulation of Ubiquitin-Protein Transferase Activity (GO:0051443),-0.2664485760227678,-0.7613609062868414,0.799618320610687,0.9554011222559927,1.0,9/15,34.62%,TRIB3;PLK1;ZNF367;FZR1;SKP1;BTRC;RPS2;MAGEA2;MAGEC2
prerank,GO_Biological_Process_2025__Positive Regulation of Kinase Activity (GO:0033674),-0.26025792894900224,-0.7613511618503893,0.7847358121330724,0.9547993318462088,1.0,4/17,17.18%,XRCC6;DSTYK;MMD2;MMD
prerank,GO_Molecular_Function_2025__rRNA Binding (GO:0019843),0.2201311965162889,0.7607130822831921,0.8244444444444444,0.9560152772471581,1.0,12/30,32.91%,PTCD3;DDX56;RPF2;RRS1;RCC1L;NPM1;SBDS;NOP53;UTP23;MTERF4;MRPS7;UTP25
prerank,WikiPathways_2024_Human__Initiation Of Transcription And Translation Elongation HIV1 LTR WP3414,0.2395520441989319,0.7599487664495342,0.8291571753986332,0.956444750013888,1.0,4/21,16.20%,PPP3R1;PPP3CB;PPP3CC;SUPT5H
prerank,GO_Biological_Process_2025__Positive Regulation of Innate Immune Response (GO:0045089),-0.2540523047471876,-0.7597371592577602,0.8345323741007195,0.9564914357955316,1.0,7/19,26.98%,KAT5;STING1;PLSCR1;WNT5A;CPT1A;RIOK3;IKBKE
prerank,GO_Biological_Process_2025__Negative Regulation of Protein Ubiquitination (GO:0031397),0.21989000753750307,0.7591426786213915,0.8421052631578947,0.9568316737475691,1.0,4/29,9.77%,PRKCG;SH3RF2;PRMT3;OGT
prerank,GO_Biological_Process_2025__Cytosolic Transport (GO:0016482),0.18464300758388102,0.7590615902186373,0.9151376146788991,0.95630721829129,1.0,23/63,29.00%,BAIAP3;EHD3;EPS15;AP2A1;DOP1B;HEATR5B;HEATR5A;KLHL20;RIC1;ANKFY1;RAB14;WASHC2C;WASHC2A;RCSD1;MON2;GAK;VTI1A;TMEM87B;TMEM87A;ARFRP1;STX6;STX10;VPS35
prerank,GO_Biological_Process_2025__Regulation of Apoptotic Signaling Pathway (GO:2001233),0.23510292886937023,0.7587286030945605,0.8362445414847162,0.9560963625077259,1.0,8/22,28.02%,MAPK8IP2;MADD;FASN;PPARG;NR4A2;WNT16;CYLD;PPEF2
prerank,WikiPathways_2024_Human__T Cell Receptor Signaling WP69,0.21103360550283984,0.7584687160549692,0.8410138248847926,0.9557915312565579,1.0,7/32,12.15%,MAPK1;GRB2;NCK1;GRAP2;MAPK3;MAPK9;MAPK8
prerank,Reactome_2022__Nuclear Events (Kinase And Transcription Factor Activation) R-HSA-198725,0.2070590111562458,0.7578434134067699,0.8616071428571429,0.9559790061689661,1.0,5/36,12.10%,SH3GL3;KCNH8;MAPK1;TPH1;MAPK3
prerank,GO_Biological_Process_2025__Regulation of Myeloid Cell Differentiation (GO:0045637),0.2592343066160421,0.7576501082622092,0.8084210526315789,0.9556253519169053,1.0,7/15,28.28%,PURB;EIF6;CTR9;MEIS2;MEIS1;CNOT4;MAFB
prerank,GO_Biological_Process_2025__Endoplasmic Reticulum Organization (GO:0007029),-0.20880335342933337,-0.7572161023299143,0.849290780141844,0.9593769085373037,1.0,8/42,15.18%,TMCC1;TOR1B;LNPK;CCDC47;STX18;SEC16A;SEC16B;SEC61A1
prerank,Reactome_2022__Defective Homologous Recombination Repair (HRR) Due To BRCA2 Loss Of Function R-HSA-9701190,-0.24948030101418456,-0.7564521871037588,0.8156996587030717,0.9597737554342808,1.0,4/20,14.67%,KAT5;RFC5;DNA2;EXO1
prerank,GO_Biological_Process_2025__Heme Biosynthetic Process (GO:0006783),0.26174838400890976,0.756211408308815,0.8322295805739515,0.9569340431907439,1.0,2/16,5.07%,HMBS;COX15
prerank,Reactome_2022__Signaling By NOTCH1 R-HSA-1980143,-0.2056838206944287,-0.7556161564022826,0.8650519031141869,0.9602840556223149,1.0,5/44,10.23%,HDAC6;MIB1;PSEN2;PSEN1;HIF1A
prerank,GO_Biological_Process_2025__Positive Regulation of Epithelial to Mesenchymal Transition (GO:0010718),0.2537385018570696,0.7551058843105134,0.8305084745762712,0.9577239628572934,1.0,3/16,8.74%,DAB2;LRG1;SMAD4
prerank,GO_Biological_Process_2025__Protein Secretion (GO:0009306),0.2090437727485651,0.7548678551428628,0.8492822966507177,0.957413843835647,1.0,5/33,13.65%,PDIA4;ZNF395;CLSTN3;NEUROD1;GNAS
prerank,GO_Molecular_Function_2025__NF-kappaB Binding (GO:0051059),-0.2675183727235149,-0.7548304493533938,0.7967914438502673,0.9607177686405989,1.0,6/15,26.92%,ANXA4;HDAC2;TP53BP2;DNAJA3;RELA;CDK5RAP3
prerank,WikiPathways_2024_Human__Mitochondrial Complex I Assembly Model OXPHOS System WP4324,0.20034043498961032,0.7540184132250005,0.8673684210526316,0.9579490667078345,1.0,24/40,44.74%,NDUFB5;NDUFA12;NDUFS2;NDUFB11;NDUFA10;NDUFA13;NUBPL;NDUFA8;TMEM70;NDUFA6;COA1;TMEM186;NDUFAF4;NDUFAB1;NDUFB3;NDUFS6;NDUFV1;NDUFB7;NDUFB10;NDUFB4;NDUFAF3;NDUFB9;TIMMDC1;NDUFA2
prerank,GO_Biological_Process_2025__DNA Damage Response (GO:0006974),0.1474876217278042,0.7528172412754408,0.9920844327176781,0.9588231147714092,1.0,59/224,26.62%,PKN1;MEN1;NPAS2;CIDEB;UBE2B;SIRT1;XPC;LDLR;MTREX;POLR1A;EID3;PARP1;GRB2;OARD1;PDS5B;PDS5A;NIPBL;MAPK3;MAPK12;MAD2L2;PPP4R3B;PPP4R3C;PPP4R3A;ZNF385A;TRRAP;MAPK15;NABP1;RBBP5;ACER2;GADD45A;POLK;USP21;BAZ1B;ALKBH8;YY1;UBR5;TOP3A;NFAT5;MSL2;TLK2;WNK2;NPM1;HINFP;XIAP;LRIG1;MCM10;RECQL5;MSH6;CSNK1E;RASSF1;BRD4;NOP53;MNAT1;ZC3H12A;MTOR;CBX1;PPP1R15A;XRCC3;SIRT7
prerank,GO_Biological_Process_2025__Regulation of Cell Differentiation (GO:0045595),0.16518511276255352,0.7519232990446018,0.958128078817734,0.9593388359362521,1.0,17/111,15.42%,PRKCA;SPOCK2;YWHAH;YWHAG;DPEP3;PTBP1;NF1;QKI;SMYD5;SMAD7;NEUROD1;NEUROD4;NSUN2;MUSK;RORC;NR1D1;NR1D2
prerank,GO_Biological_Process_2025__Cellular Response to Lipopolysaccharide (GO:0071222),-0.20491119856813556,-0.7518901229256207,0.8640429338103757,0.964019743513854,1.0,17/43,28.19%,PLAA;MYD88;RHOA;CASP1;CARD16;PYCARD;WNT5A;ZFP36;CASP7;PPM1E;CACTIN;NFKB1;RELA;PABPN1;IRAK1;IRAK3;IRAK2
prerank,Reactome_2022__Presynaptic Phase Of Homologous DNA Pairing And Strand Exchange R-HSA-5693616,-0.24645224137653796,-0.7517842405525261,0.8151986183074266,0.9635416907093738,1.0,4/21,14.67%,KAT5;RFC5;DNA2;EXO1
prerank,KEGG_2021_Human__Mitophagy,0.1981913257504952,0.7513369704078573,0.8765432098765432,0.9594404278899817,1.0,7/41,12.15%,ULK1;RRAS;BNIP3;BNIP3L;MAPK10;MAPK9;MAPK8
prerank,GO_Molecular_Function_2025__Receptor Tyrosine Kinase Binding (GO:0030971),-0.22694047183426447,-0.7512181890898386,0.8640595903165735,0.963692657668426,1.0,12/30,27.78%,ITGAX;FRS2;FRS3;RACK1;SQSTM1;SOCS5;GAB2;GAB4;PCNA;SHC4;SHC1;SHC3
prerank,GO_Cellular_Component_2025__P Granule (GO:0043186),-0.2656734819888423,-0.7497157076100154,0.7996146435452793,0.9651110795515672,1.0,8/16,38.11%,MOV10L1;TDRD6;PIWIL2;DDX4;CARHSP1;PIWIL4;PIWIL3;PIWIL1
prerank,GO_Biological_Process_2025__Negative Regulation of Catabolic Process (GO:0009895),0.18169184947328115,0.7488816455259655,0.9095127610208816,0.9619168842049745,1.0,8/65,12.35%,PRKCG;EIF4E;CIDEC;CIDEA;SF3B3;MAD2L2;AZIN2;AZIN1
prerank,Reactome_2022__Constitutive Signaling By AKT1 E17K In Cancer R-HSA-5674400,0.2682575046707791,0.7476383329885149,0.8047337278106509,0.9628572877110494,1.0,8/15,32.87%,AKT1S1;RICTOR;MAPKAP1;NR4A1;MTOR;CREB1;GSK3B;GSK3A
prerank,Reactome_2022__Nuclear Signaling By ERBB4 R-HSA-1251985,0.2546779310244124,0.747297464242133,0.7846481876332623,0.9626632099262369,1.0,2/15,10.36%,STMN1;ADAM17
prerank,WikiPathways_2024_Human__B Cell Receptor Signaling WP23,-0.21070842957101388,-0.7472171333409386,0.8568935427574171,0.9678387555614636,1.0,17/39,27.77%,PIP5K1A;MAP2K1;MAP2K2;RAC2;IKBKB;CHUK;PIK3CG;CDC42;RPS6KA1;GAB2;GAB1;NFKB1;REL;RELA;RAPGEF1;JUN;SHC1
prerank,WikiPathways_2024_Human__7Q11 23 Copy Number Variation Syndrome WP4932,-0.19351449943313315,-0.7471215324777842,0.8791208791208791,0.9673478403151373,1.0,15/56,22.66%,HDAC6;ACACB;PKLR;DNAJC30;MLXIPL;RFC5;CHTF18;ABHD11;CFL1;WNT2;SQSTM1;HDAC2;EIF4H;UBE2L6;RB1
prerank,GO_Biological_Process_2025__Phosphatidylinositol 3-Kinase/Protein Kinase B Signal Transduction (GO:0043491),-0.24451785561896394,-0.746584284716955,0.8460111317254174,0.9674128276883506,1.0,9/21,25.50%,GATA3;PIK3CG;PIK3C2B;PIK3C2G;PIK3CB;PIK3C2A;LRP2;GAB2;PIK3CA
prerank,WikiPathways_2024_Human__Notch Signaling WP268,-0.23164981965786657,-0.7465423651968565,0.833641404805915,0.9668461162976278,1.0,4/26,10.17%,CTBP2;CTBP1;PSEN2;PSEN1
prerank,GO_Biological_Process_2025__Sulfur Compound Biosynthetic Process (GO:0044272),-0.20802332477074673,-0.7463520335821842,0.8616236162361623,0.9664665338398001,1.0,10/40,18.38%,AKR1A1;PANK4;GGT6;GGT5;HAGH;GGTLC1;GGTLC2;GGT1;GGT7;GGTLC3
prerank,GO_Biological_Process_2025__Regulation of Protein Localization to Membrane (GO:1905475),-0.240490922395209,-0.7462953585263676,0.8544423440453687,0.9659185659776158,1.0,10/22,26.39%,CLN3;GSN;VPS4A;GPC1;GPC2;SLC5A3;PIK3CA;GPC5;GPC3;VTI1B
prerank,GO_Biological_Process_2025__Protein Targeting to ER (GO:0045047),-0.2533144637909724,-0.745396930204161,0.8270676691729323,0.966428541088571,1.0,3/18,15.18%,SPCS2;SEC63;SEC61A1
prerank,GO_Biological_Process_2025__post-Golgi Vesicle-Mediated Transport (GO:0006892),0.1966852550363394,0.7449663078420563,0.8906605922551253,0.964962794103528,1.0,13/43,21.60%,EPS15;AP2A1;DOP1B;EXOC5;KLHL20;RAB14;ARFGEF2;EXOC6B;EXOC6;GOLGA7;STXBP5;STXBP5L;MON2
prerank,GO_Biological_Process_2025__Regulation of DNA Recombination (GO:0000018),0.2506598652247934,0.7447393497967554,0.8266978922716628,0.9646089757962685,1.0,7/17,30.27%,POLR1B;KPNA1;SETD2;SIRT6;MSH6;MSH2;MRE11
prerank,WikiPathways_2024_Human__G13 Signaling WP524,-0.2279661615347939,-0.7447382769512589,0.8498168498168498,0.9666735771191174,1.0,12/30,22.42%,ARHGEF1;RHOA;PIK3CD;PIK3CB;CFL1;CFL2;ROCK1;ROCK2;CDC42;MAP3K4;RPS6KB1;MYBPH
prerank,GO_Biological_Process_2025__Negative Regulation of Endocytosis (GO:0045806),0.24420930847150438,0.7442408254623818,0.8240343347639485,0.9645829982505375,1.0,5/19,16.05%,SYT12;PICALM;NR1H3;NR1H2;PROM2
prerank,GO_Molecular_Function_2025__Protein Phosphatase 2A Binding (GO:0051721),0.2488096042246948,0.744212914195403,0.815845824411135,0.9639893392894591,1.0,3/16,17.10%,GRIN3A;SMG5;PABIR1
prerank,Reactome_2022__Fanconi Anemia Pathway R-HSA-6783310,0.2464381638757665,0.7433448224294785,0.8300653594771242,0.9644667928701105,1.0,2/17,8.24%,POLR1B;POLR1A
prerank,GO_Biological_Process_2025__Lysosome Localization (GO:0032418),-0.24239029304556065,-0.7425350320429961,0.8555758683729433,0.968825614304613,1.0,4/22,18.41%,HDAC6;PLEKHM2;PIK3CG;VPS33B
prerank,GO_Biological_Process_2025__Double-Strand Break Repair via Homologous Recombination (GO:0000724),0.1797470107945333,0.7418384293915173,0.9368932038834952,0.9656687752826888,1.0,23/64,31.18%,LRIG3;POLR1B;POLR1A;EID3;CDC45;NIPBL;UBE2N;RAD21L1;RAD21;NABP1;ASTE1;YY1;FANCM;TOP3A;EPC1;RECQL5;XRCC3;KDM4D;CDC7;HUS1;HUS1B;MRE11;MCM3
prerank,GO_Biological_Process_2025__Regulation of Developmental Growth (GO:0048638),0.24883591936550528,0.7417833504416385,0.7824175824175824,0.9650969964539514,1.0,5/17,17.62%,APP;LIN7A;NIPBL;MUSK;PLCB1
prerank,KEGG_2021_Human__PD-L1 expression and PD-1 checkpoint pathway in cancer,0.1918668494078492,0.7411102854163945,0.8990610328638498,0.9653018495403902,1.0,8/44,12.12%,PPP3R1;EGF;MAPK1;PPP3CB;PPP3CC;MAPK13;MAPK3;MAPK12
prerank,Reactome_2022__RAC2 GTPase Cycle R-HSA-9013404,0.19510370591477844,0.7409004702144766,0.9285714285714286,0.9649118107392708,1.0,3/44,3.60%,PKN1;PKN2;ARHGAP39
prerank,WikiPathways_2024_Human__Ciliary Landscape WP4352,-0.16173834147182695,-0.7405235295349685,0.9736408566721582,0.9706860604692603,1.0,32/148,23.43%,APMAP;CTBP2;GLA;PSMC4;GLB1;ACSL3;EFHC2;PSMC6;ECHS1;VPS4A;PSMD7;AGPAT2;COPS3;COPS4;PSMD8;WDR26;WNK1;RAB21;HDAC2;MCM8;COPS6;UQCC1;DYNLT2B;NUP133;RB1;EXOC8;MCM4;MCM7;NDUFA5;PSMD13;MCM2;MCM6
prerank,Reactome_2022__HCMV Early Events R-HSA-9609690,0.1922915856484333,0.7403767548881658,0.9205607476635514,0.9649307266639635,1.0,11/52,16.28%,KCNH8;DYNLL1;DYNLL2;IRS1;DYNC1H1;PCSK2;NUP214;POM121C;NUP153;POM121;EZH2
prerank,Reactome_2022__HIV Transcription Initiation R-HSA-167161,0.1937220758391568,0.7400662861313108,0.890818858560794,0.9647175329738593,1.0,43/43,80.72%,POLR2K;GTF2B;TAF7;TAF7L;TAF13;TAF3;MNAT1;GTF2H3;POLR2I;POLR2B;POLR2L;POLR2J;POLR2E;GTF2H4;GTF2E2;TAF6;POLR2F;POLR2A;GTF2A2;TAF9B;TAF9;POLR2H;TAF4;GTF2H2;TAF12;GTF2F1;TAF15;GTF2F2;CDK7;TAF1;TAF1L;TAF2;GTF2E1;POLR2G;TAF11;ERCC3;TAF5;TAF10;CCNH;POLR2C;ERCC2;GTF2H1;GTF2A1
prerank,WikiPathways_2024_Human__Hedgehog Signaling WP4249,-0.22628115237391866,-0.7398579618194575,0.850091407678245,0.9708978242506384,1.0,11/25,28.57%,PRKACB;PRKACA;PRKACG;CCND1;CCND2;CSNK1A1L;CSNK1G1;LRP2;FBXL17;PTCH1;PTCH2
prerank,GO_Biological_Process_2025__Negative Regulation of Smoothened Signaling Pathway (GO:0045879),0.2519232842197532,0.7397908606125804,0.8134490238611713,0.9644626501251228,1.0,2/16,5.70%,KCTD6;KCTD21
prerank,GO_Biological_Process_2025__Regulation of Protein Targeting to Mitochondrion (GO:1903214),-0.22327490193875904,-0.73906191339163,0.852112676056338,0.9712486377075067,1.0,6/27,19.95%,ATG13;ATP5IF1;RAC2;BAG4;FZD5;PARL
prerank,Reactome_2022__Signaling By FGFR4 R-HSA-5654743,-0.2530462857790807,-0.7389659694681496,0.8171428571428572,0.9707509052058769,1.0,8/18,29.24%,KLB;FRS2;FRS3;PIK3CA;PPP2CB;PPP2CA;SHC1;UBA52
prerank,Reactome_2022__Signaling By PDGF R-HSA-186797,-0.23433322467585432,-0.7387574016392515,0.8506375227686703,0.9703744751041976,1.0,10/24,26.06%,PIK3CB;STAT5B;STAT5A;STAT6;THBS4;THBS2;THBS3;THBS1;PIK3CA;RAPGEF1
prerank,Reactome_2022__E3 Ubiquitin Ligases Ubiquitinate Target Proteins R-HSA-8866654,-0.22815935812399657,-0.7377446566121806,0.8698752228163993,0.9710290230092343,1.0,10/27,31.25%,PEX10;VCP;PEX14;DERL1;PCNA;SKIC8;UBA52;RNF181;PEX5;WAC
prerank,GO_Biological_Process_2025__Nucleocytoplasmic Transport (GO:0006913),-0.21433612532551818,-0.7376421023351799,0.8994515539305301,0.9705404548285554,1.0,10/37,23.52%,SEH1L;NUP85;SEC13;NUP210;NUP93;NUP43;NDC1;NUP133;NUP205;NUP50
prerank,GO_Biological_Process_2025__Late Endosome to Vacuole Transport via Multivesicular Body Sorting Pathway (GO:0032511),-0.24073635856913117,-0.736832920428942,0.8419117647058824,0.9709312925235087,1.0,7/20,31.89%,STAM2;STAM;LEPROTL1;LEPROT;MVB12A;VTA1;VPS37A
prerank,Reactome_2022__HATs Acetylate Histones R-HSA-3214847,-0.19011663231264453,-0.7363570695735456,0.911504424778761,0.9708816567672852,1.0,4/64,5.75%,KAT5;KAT6B;KAT6A;KDELR2
prerank,Reactome_2022__SUMOylation Of Transcription Cofactors R-HSA-3899300,0.20776812996901603,0.7363147571393837,0.8637362637362638,0.967980606796203,1.0,4/29,10.13%,PCGF2;RNF2;RING1;PPARGC1A
prerank,KEGG_2021_Human__Salmonella infection,-0.16175870369604464,-0.7344756110046048,0.9760383386581469,0.9725177773444058,1.0,28/140,17.08%,BAX;BAK1;SNX33;MAP2K1;MAP2K2;MYO6;PLEKHM2;HSP90B1;MYD88;RHOA;RHOB;ANXA2;IKBKB;CHUK;CASP1;CASP5;CASP8;PYCARD;CASP4;PIK3CG;PIK3C2B;PIK3C2G;PIK3CD;PIK3CB;PIK3C2A;ROCK2;PFN4;ACTR3
prerank,WikiPathways_2024_Human__TNF Related Weak Inducer Of Apoptosis TWEAK Signaling WP2036,0.23406355890852737,0.7343307891423329,0.8488888888888889,0.9697240174149688,1.0,8/20,22.93%,MAPK1;MAPK3;MAPK9;MAPK8;NFKBIB;NFKBIA;BIRC2;BIRC3
prerank,GO_Biological_Process_2025__Regulation of Protein Kinase Activity (GO:0045859),-0.20091268355175274,-0.7343110864742362,0.8899082568807339,0.9720783930654512,1.0,13/42,24.11%,XRCC6;TRIB2;TRIB1;TRIB3;TSPYL2;MMD2;MMD;NHERF1;PPIA;DNAJA3;PPM1E;RB1;PRKRIP1
prerank,WikiPathways_2024_Human__16P11 2 Proximal Deletion Syndrome WP4949,0.19017379752212313,0.7338505042063972,0.9279279279279279,0.9696316993805779,1.0,11/45,18.22%,CDIPT;MAPK3;PPP4R3B;PPP4R3C;PPP4R3A;PPARG;KMT2C;KMT2D;PTEN;TBX6;CCT4
prerank,WikiPathways_2024_Human__Cell Cycle WP179,-0.17857834368416695,-0.7335642008837457,0.9382303839732888,0.9723500038794162,1.0,31/81,26.53%,E2F2;PLK1;ATR;CCND3;CCNB1;CCNA1;CCNA2;CCNE2;CCNE1;CCND1;CCND2;CCNB2;CHEK2;HDAC2;BUB3;ANAPC7;RBL1;RBL2;RB1;MCM4;MCM7;MCM2;MCM6;CDK1;ANAPC5;CDC23;SKP2;FZR1;PCNA;ESPL1;CCNH
prerank,WikiPathways_2024_Human__Primary Ovarian Insufficiency WP5461,0.17433704675110537,0.7331971077110476,0.9387755102040817,0.9697546718590119,1.0,7/70,8.01%,HAX1;FSHR;LGR4;POLR3H;ELAVL2;DAZL;KHDRBS1
prerank,GO_Biological_Process_2025__Determination of Heart Left/Right Asymmetry (GO:0061371),-0.24444009179081153,-0.7325574924375259,0.8321167883211679,0.972338225850928,1.0,3/18,10.09%,SOX18;SOX17;SMOX
prerank,GO_Biological_Process_2025__Heart Looping (GO:0001947),-0.24444009179081153,-0.7325574924375259,0.8321167883211679,0.972338225850928,1.0,3/18,10.09%,SOX18;SOX17;SMOX
prerank,Reactome_2022__Association Of TriC/CCT With Target Proteins During Biosynthesis R-HSA-390471,-0.23758072567543606,-0.7323548121947729,0.8327137546468402,0.9719712079164906,1.0,8/22,30.87%,SPHK1;CCNE2;CCNE1;FBXL5;FBXL3;CCT3;TCP1;TP53
prerank,GO_Biological_Process_2025__Regulation of Receptor Internalization (GO:0002090),0.22880478394535464,0.7321725024783343,0.8400900900900901,0.9703288245808649,1.0,9/22,22.32%,EGF;PICK1;SDCBP;CD63;ANKRD13B;ANKRD13D;ANKRD13A;ARRB2;ARRB1
prerank,Reactome_2022__RHOG GTPase Cycle R-HSA-9013408,-0.2086626312653934,-0.732087925222647,0.8856655290102389,0.9716660014654237,1.0,13/36,27.69%,SHMT2;STX5;PRKCSH;ITGB1;OPHN1;VRK2;VAMP3;CDC42;NDUFA5;LETM1;DOCK2;ANKLE2;VANGL1
prerank,GO_Biological_Process_2025__Positive Regulation of Fat Cell Differentiation (GO:0045600),0.21423835396341342,0.7320277028530495,0.8670886075949367,0.9698424520713491,1.0,12/28,27.29%,SYAP1;RREB1;FRZB;ZNF385A;PPARG;PPARD;SIRT6;SFRP2;SFRP1;ZC3H12A;CREB1;CREBL2
prerank,KEGG_2021_Human__Basal transcription factors,0.1934966796427752,0.7312350718765536,0.8875,0.9700522648109238,1.0,38/38,80.73%,GTF2B;TAF7;TAF7L;TAF13;TAF3;MNAT1;GTF2H3;TBPL1;GTF2H4;GTF2E2;TAF6;TAF5L;GTF2A2;TAF9B;TAF9;TAF4;TAF4B;GTF2H2C;GTF2H2;TAF12;GTF2F1;TAF15;GTF2F2;CDK7;TAF1;TAF1L;TAF2;GTF2E1;TAF11;ERCC3;TAF5;TAF10;CCNH;TAF8;ERCC2;GTF2H1;GTF2A1;GTF2A1L
prerank,Reactome_2022__Transcriptional Regulation By VENTX R-HSA-8853884,0.2336247684164079,0.7311957753312872,0.8555304740406321,0.969463431565292,1.0,6/21,20.53%,CDC27;UBE2C;EHMT1;EHMT2;UBE2S;CDC16
prerank,WikiPathways_2024_Human__Hepatitis C And Hepatocellular Carcinoma WP3646,-0.2460702353777159,-0.7307692340573588,0.8294849023090586,0.972612541412347,1.0,10/20,27.50%,HIF1A;E2F2;CASP9;CCND1;CASP3;CASP7;UCHL1;NFKB1;MYOF;JUN
prerank,GO_Biological_Process_2025__Sensory Perception (GO:0007600),-0.2462485192284279,-0.7299171902269616,0.8420074349442379,0.9730139091115838,1.0,2/18,5.13%,UGT2A1;NIPSNAP1
prerank,GO_Biological_Process_2025__Regulation of Wnt Signaling Pathway (GO:0030111),-0.19672136057689552,-0.7298728846436576,0.9065743944636678,0.9724602691941836,1.0,14/46,26.04%,ITGA3;SOX30;HSP90B1;PSEN1;SULF2;SULF1;RACK1;SFRP4;KANK1;ZNF703;CCNYL1;CCNYL1B;CCNY;GPC3
prerank,GO_Biological_Process_2025__Regulation of Non-Canonical NF-kappaB Signal Transduction (GO:1901222),-0.23004215036675404,-0.7291685186668878,0.8485915492957746,0.9726656426273632,1.0,10/23,25.54%,SPHK1;VCP;RHOA;PYCARD;ADIPOR1;PPM1B;PPM1A;RELA;EZR;RPS3
prerank,KEGG_2021_Human__Homologous recombination,-0.24676928358448744,-0.7288957261604493,0.842391304347826,0.9723923950595608,1.0,9/18,37.37%,RPA1;BARD1;MUS81;RAD50;SSBP1;RAD54L;RAD51C;POLD2;POLD1
prerank,GO_Cellular_Component_2025__U2-type Precatalytic Spliceosome (GO:0071005),0.1868505153757514,0.7284915524345704,0.9187358916478555,0.9712228337796639,1.0,19/45,41.03%,SNU13;SF3B3;KCNN4;RBMX2;SNRNP200;ZMAT2;SF3B5;TXNL4A;LSM8;MFAP1;SNRPD2;SNRPD3;SMU1;SART1;PRPF31;SF3A2;CWC27;PRPF38A;SF3B1
prerank,GO_Cellular_Component_2025__Precatalytic Spliceosome (GO:0071011),0.1868505153757514,0.7284915524345704,0.9187358916478555,0.9712228337796639,1.0,19/45,41.03%,SNU13;SF3B3;KCNN4;RBMX2;SNRNP200;ZMAT2;SF3B5;TXNL4A;LSM8;MFAP1;SNRPD2;SNRPD3;SMU1;SART1;PRPF31;SF3A2;CWC27;PRPF38A;SF3B1
prerank,Reactome_2022__Signaling By FGFR2 In Disease R-HSA-5655253,0.2357288244572655,0.7282484856811953,0.832258064516129,0.9708522327803947,1.0,11/21,39.47%,POLR2K;GRB2;PLCG1;POLR2I;NCBP1;POLR2B;POLR2L;POLR2J;POLR2E;NCBP2;HRAS
prerank,Reactome_2022__Toll Like Receptor 3 (TLR3) Cascade R-HSA-168164,-0.19245699536793914,-0.728021605700464,0.9206896551724137,0.9727871766018753,1.0,24/54,29.24%,MAP2K1;PPP2R5D;IKBKB;CHUK;CASP8;USP14;VRK3;TAB1;RPS6KA5;RPS6KA1;RPS6KA2;RPS6KA3;NFKB2;NFKB1;RELA;IKBKE;TBK1;PPP2CB;PPP2CA;JUN;IRAK1;IRAK2;SKP1;UBA52
prerank,WikiPathways_2024_Human__Alstrom Syndrome WP5202,-0.25215387867067984,-0.7245634239523833,0.8565815324165029,0.9760896757494437,1.0,2/16,8.93%,STX5;VCP
prerank,GO_Biological_Process_2025__Positive Regulation of Protein Metabolic Process (GO:0051247),0.1569722041994873,0.7243863822855796,0.9845360824742269,0.9744489756879515,1.0,35/113,29.01%,NSF;CPEB3;APP;STUB1;PLXNB2;PICALM;EFNA3;EFNA1;PERP;OGT;SSB;MAPK8;NKD1;NR1H3;NR1H2;VPS11;STK39;RAB1A;NAT10;EIF6;ISL1;NPM1;EIF3E;ABCB10;DCAF1;NDUFA13;PCIF1;KLF4;KLF2;MTOR;FXR1;FMR1;FXR2;VPS35;RNF41
prerank,GO_Biological_Process_2025__Mitotic G2/M Transition Checkpoint (GO:0044818),-0.22507839650024486,-0.7240726665669823,0.8591304347826086,0.9760441022447096,1.0,8/26,27.93%,CLSPN;PLK1;BARD1;CDK1;ZNF367;FZR1;CDK5RAP3;RAD50
prerank,GO_Biological_Process_2025__Melanosome Organization (GO:0032438),0.2313057928043043,0.7229956171223485,0.8518518518518519,0.9753543822450957,1.0,9/19,40.65%,HPS3;BLOC1S1;AP1S3;AP1S1;AP1S2;AP1B1;BLOC1S2;HPS1;BLOC1S4
prerank,WikiPathways_2024_Human__DYRK1A Involvement Regarding Cell Prolif In Brain Development WP5180,0.18585382909778536,0.722401815577052,0.9095127610208816,0.9753509946993266,1.0,17/46,32.85%,APP;SIRT1;H3-3A;NEUROG2;TFAP4;AKT1S1;HIP1;TSC1;MTOR;EIF2B5;CREB1;HES1;HES5;LATS2;REST;RAD54L2;GSK3B
prerank,GO_Biological_Process_2025__Protein Localization to Lysosome (GO:0061462),0.22907283750223037,0.7217768708884115,0.8730512249443207,0.9753767764444209,1.0,6/20,19.17%,ATP13A2;RTN4;ATG14;MFSD1;PIK3C3;PIK3R4
prerank,GO_Cellular_Component_2025__Mitotic Spindle (GO:0072686),0.16718768453872587,0.7213966445481044,0.9502369668246445,0.9751496834777292,1.0,29/77,34.28%,DYNLL1;TPPP;TACC3;MAPK1;ATAT1;TUBG1;CKAP5;RMDN2;CDC27;CDC16;DNALI1;MAPRE1;WDR5;SIRT2;TBL1XR1;TBL1X;KAT2B;KAT2A;WAPL;TUBB4B;CDC7;DNAAF5;TADA3;YEATS2;RTRAF;NUMA1;TADA2A;CLASP2;DZIP1L
prerank,GO_Biological_Process_2025__Positive Regulation of Transcription Initiation by RNA Polymerase II (GO:0060261),-0.19805111492108796,-0.7212298276904352,0.8877374784110535,0.9786483117226054,1.0,17/43,35.59%,PSMC6;MED28;MED17;GTF2A1;MED8;TAF8;TAF10;TAF5;MED19;TAF11;MED27;MED23;TP53;MED22;MED11;MED30;MED25
prerank,GO_Biological_Process_2025__Regulation of Autophagosome Assembly (GO:2000785),0.23690548749648443,0.7207374973248292,0.8531317494600432,0.9752323601104798,1.0,3/19,11.17%,FEZ2;EFNB1;SH3GLB1
prerank,GO_Biological_Process_2025__Positive Regulation of G2/M Transition of Mitotic Cell Cycle (GO:0010971),-0.2607574701179706,-0.7200837354639127,0.8402903811252269,0.979271744417382,1.0,9/15,39.49%,RAB11A;CCNB1;CCND1;VPS4B;CDK1;DTL;RRM1;RAD51C;RRM2B
prerank,KEGG_2021_Human__Terpenoid backbone biosynthesis,-0.2337218599751893,-0.7199355695870338,0.8676470588235294,0.9788200080021938,1.0,9/20,29.25%,FDPS;ACAT1;DHDDS;ICMT;RCE1;NUS1;IDI2;IDI1;FNTA
prerank,Reactome_2022__TP53 Regulates Transcription Of Cell Death Genes R-HSA-5633008,-0.2278892890188625,-0.7195178061292846,0.8543859649122807,0.9786948785430665,1.0,11/23,31.85%,BAX;CASP1;CASP6;CASP2;PPP1R13B;TP53BP2;RABGGTB;TP53;TP73;TP63;RABGGTA
prerank,Reactome_2022__MyD88-independent TLR4 Cascade R-HSA-166166,-0.19041565685651748,-0.7194682986459396,0.9236111111111112,0.9781326180773078,1.0,24/55,29.24%,MAP2K1;PPP2R5D;IKBKB;CHUK;CASP8;USP14;VRK3;TAB1;RPS6KA5;RPS6KA1;RPS6KA2;RPS6KA3;NFKB2;NFKB1;RELA;IKBKE;TBK1;PPP2CB;PPP2CA;JUN;IRAK1;IRAK2;SKP1;UBA52
prerank,GO_Biological_Process_2025__Regulation of Chromosome Segregation (GO:0051983),0.24531420674168286,0.7190062235531354,0.8394004282655246,0.9763781061169515,1.0,9/16,42.72%,PUM1;PUM2;KIF2C;NCAPD3;NUMA1;BUB1;CSNK2A2;SMC4;CDC6
prerank,KEGG_2021_Human__Cell cycle,-0.1728789474606388,-0.7182442035753517,0.9541734860883797,0.9788440295336163,1.0,31/84,26.53%,E2F2;PLK1;ATR;CCND3;CCNB1;CCNA1;CCNA2;CCNE2;CCNE1;CCND1;CCND2;CCNB2;CHEK2;HDAC2;BUB3;ANAPC7;RBL1;RBL2;RB1;MCM4;MCM7;MCM2;MCM6;CDK1;ANAPC5;CDC23;SKP2;FZR1;PCNA;ESPL1;CCNH
prerank,GO_Biological_Process_2025__Nuclear-Transcribed mRNA Catabolic Process (GO:0000956),0.16904159963226822,0.717599692167995,0.948780487804878,0.9772511099500232,1.0,70/70,83.23%,CNOT3;SMG6;UPF2;CNOT6L;CNOT6;GSPT1;SMG5;NT5C3B;DCPS;EIF3E;PATL2;PATL1;CNOT7;CNOT8;ZC3H12A;CNOT4;PDE12;SKIC3;NCBP1;EXOSC5;EXOSC7;UPF1;NCBP2;SMG1;EXOSC10;SMG9;DCP1B;DCP1A;DCP2;SMG8;DIS3L2;EXOSC9;EXOSC4;CNOT10;EIF4A3;EXOSC6;PELO;CNOT9;XRN2;RNPS1;PYM1;CNOT11;MAGOHB;CTIF;CSDE1;RBM8A;CNOT2;DXO;CNOT1;EXOSC3;DIS3;PAN3;POLR2G;RC3H2;RC3H1;XRN1;TENT4B;UPF3B;UPF3A;EXOSC2;PNRC1;PNRC2;SAMD4B;SAMD4A;HBS1L;MTPAP;TENT2;ZFP36;DHX34;LSM1
prerank,Reactome_2022__EML4 And NUDC In Mitotic Spindle Formation R-HSA-9648025,0.1838609780386682,0.7175122568675785,0.9449760765550239,0.9767050697171713,1.0,3/51,3.09%,PAFAH1B1;DYNLL1;DYNLL2
prerank,GO_Biological_Process_2025__Regulation of DNA Repair (GO:0006282),-0.1728247786660119,-0.7170186463430169,0.949748743718593,0.9795119529586525,1.0,24/86,28.59%,KAT5;DPF1;DPF3;DPF2;UCHL5;EYA2;EYA1;EYA4;EYA3;TADA2B;SMARCD3;SMARCD2;PPP4C;BARD1;ACTR8;MORF4L2;MORF4L1;DMAP1;RPS3;PCNA;TAF10;TAF5;SMARCE1;ENY2
prerank,Reactome_2022__Protein Ubiquitination R-HSA-8852135,0.1975306768795775,0.7170169686092194,0.9181818181818182,0.9765998691757587,1.0,7/35,20.80%,UBE2W;UBE2B;UBE2N;UBE2C;UBE2S;USP7;CTR9
prerank,GO_Molecular_Function_2025__Endopeptidase Activator Activity (GO:0061133),-0.2608624663047417,-0.7166522359698608,0.8289473684210527,0.9792465123416225,1.0,5/15,25.83%,PSMD14;PYCARD;ROCK2;APH1A;APH1B
prerank,Reactome_2022__Unattached Kinetochores Signal Amplification Via A MAD2 Inhibitory Signal R-HSA-141444,0.18386832684555984,0.715858073953104,0.9333333333333333,0.977188691514706,1.0,3/50,3.09%,PAFAH1B1;DYNLL1;DYNLL2
prerank,Reactome_2022__Chromosome Maintenance R-HSA-73886,0.18266134028486894,0.7157257270540026,0.9296482412060302,0.9767003274499215,1.0,14/53,24.73%,GAR1;POLR2K;POLR1B;POLR1A;DKC1;PPP6R3;H2AZ1;H2AZ2;NHP2;ATRX;NPM1;PRIM1;LRIG1;NOP10
prerank,GO_Biological_Process_2025__Regulation of Canonical NF-kappaB Signal Transduction (GO:0043122),-0.16430281207347114,-0.7143490639744053,0.9666666666666667,0.9810466501019719,1.0,39/109,28.64%,PER1;CD36;SPHK2;LIMS1;SLCO3A1;MYD88;RHOA;RHOC;IKBKB;CHUK;HTR2B;CASP1;CFLAR;CARD16;CASP8;PYCARD;PYDC1;FKBP1A;LAMTOR5;WNT5A;SQSTM1;MAP3K3;DDX1;DNAJA3;PPM1N;PPM1B;PPM1A;CACTIN;RIOK3;FLOT2;REL;RELA;IKBKE;TBK1;IRAK1;IRAK3;IRAK2;MUL1;LITAF
prerank,WikiPathways_2024_Human__Interleukin 1 IL 1 Structural Pathway WP2637,-0.22107724150792507,-0.7143182026871274,0.8677966101694915,0.9804682385091583,1.0,14/27,30.04%,MAP2K1;MAP2K2;MYD88;IKBKB;CHUK;MAP3K3;TAB1;RPS6KA5;NFKB1;RELA;MKNK2;IRAK1;IRAK2;SAFB
prerank,WikiPathways_2024_Human__Type I Collagen Synthesis Osteogenesis Imperfecta WP4786,-0.24652008858931374,-0.7136425276912504,0.8522727272727273,0.9805890568389791,1.0,1/18,0.51%,P4HB
prerank,GO_Biological_Process_2025__Regulation of Cell Cycle G1/S Phase Transition (GO:1902806),-0.19090440641119372,-0.712525065593754,0.9221238938053097,0.9811620813628994,1.0,4/48,7.32%,DPF1;DPF3;DPF2;SOX2
prerank,Reactome_2022__Autophagy R-HSA-9612973,-0.16768344932381152,-0.7116194782914145,0.9762308998302207,0.9814786473851963,1.0,21/93,23.60%,HDAC6;CFTR;ATG13;ATG3;ATG4A;ATG4B;VCP;EPAS1;SLC38A9;ATG9B;ATG9A;MTMR14;PGAM5;LAMTOR5;SQSTM1;ATG16L1;MTMR3;RRAGC;RRAGD;LAMTOR4;PARK7
prerank,GO_Molecular_Function_2025__Alpha-Tubulin Binding (GO:0043014),-0.24980773493610603,-0.7107883995588744,0.8451242829827916,0.9816969954109122,1.0,2/16,5.68%,HDAC6;PACRG
prerank,Reactome_2022__Homologous DNA Pairing And Strand Exchange R-HSA-5693579,-0.22989343114396343,-0.7081135431894822,0.8743455497382199,0.9838256520459351,1.0,4/22,14.67%,KAT5;RFC5;DNA2;EXO1
prerank,GO_Biological_Process_2025__Establishment of Protein Localization to Plasma Membrane (GO:0061951),-0.21664624935776655,-0.7078212659841021,0.8878676470588235,0.9834967227875338,1.0,10/27,27.91%,RAB11A;GGA2;VAMP5;GORASP2;GORASP1;GGA1;GGA3;BLZF1;RDX;PREPL
prerank,GO_Biological_Process_2025__Negative Regulation of Biosynthetic Process (GO:0009890),-0.2323622260918194,-0.7072352856963169,0.8634615384615385,0.9834645078989668,1.0,4/20,16.38%,PGP;PGK1;NT5DC2;ROCK2
prerank,GO_Biological_Process_2025__Positive Regulation of Blood Vessel Endothelial Cell Migration (GO:0043536),0.21705932300544942,0.7069982215695114,0.8677130044843049,0.9846422925346081,1.0,5/23,17.69%,PRKCA;SIRT1;ATP5F1A;PDGFB;PLCG1
prerank,GO_Biological_Process_2025__Embryonic Heart Tube Morphogenesis (GO:0003143),-0.2314340009193196,-0.7067950399749892,0.86,0.9832727108021494,1.0,3/19,10.09%,SOX18;SOX17;SMOX
prerank,GO_Cellular_Component_2025__SAGA-type Complex (GO:0070461),0.19848023711770046,0.7059104698846067,0.8924731182795699,0.9850922180134842,1.0,10/33,32.74%,SF3B3;TAF7;TRRAP;WDR5;SF3B5;KAT2B;KAT2A;TADA3;YEATS2;TADA2A
prerank,GO_Cellular_Component_2025__Autophagosome (GO:0005776),-0.18899419398337824,-0.7048287615865029,0.9110320284697508,0.9846453792490338,1.0,12/48,20.74%,CLN3;ATG13;ATG4B;STING1;ZFYVE1;ATG9B;ATG9A;UBQLN4;WASHC1;SQSTM1;ATG16L2;ATG16L1
prerank,GO_Biological_Process_2025__Regulation of Proteolysis Involved in Protein Catabolic Process (GO:1903050),-0.2348364654083948,-0.7047642436249504,0.8756660746003553,0.9840993118040683,1.0,6/19,22.21%,PSMD14;ATP5IF1;UCHL5;USP14;LATS1;NUB1
prerank,KEGG_2021_Human__Cellular senescence,0.15892644254746935,0.704216821530736,0.9794871794871794,0.9861084171121869,1.0,17/85,17.31%,PPP3R1;EIF4EBP1;SIRT1;PPP1CB;MAPK1;RRAS;PPP3CB;PPP3CC;SLC25A31;MAPK13;MAPK3;MAPK12;PTEN;VDAC2;GADD45G;GADD45A;GADD45B
prerank,GO_Biological_Process_2025__Regulation of Transcription Elongation by RNA Polymerase II (GO:0034243),-0.17778662256388908,-0.7035025576944686,0.9468267581475128,0.9847074775792566,1.0,21/63,32.88%,NELFCD;LARP7;MED28;CDK13;MED17;INTS4;ELL3;ELL;ELL2;INTS2;MED8;DMAP1;CCNT1;MED19;INTS5;MED27;MED23;INTS14;MED22;MED11;INTS11
prerank,GO_Cellular_Component_2025__U2 snRNP (GO:0005686),0.2256627056672761,0.7034120796255898,0.867237687366167,0.9862724886183368,1.0,20/20,77.49%,SF3B3;RBMX2;SF3B5;SNRPD2;SNRPD3;SF3A2;SF3B1;HTATSF1;SNRPG;SF3B4;SNRPF;SNRPB2;SF3A1;SNRPE;SNRPB;PHF5A;SNIP1;SNRPA1;SF3A3;SF3B6
prerank,GO_Biological_Process_2025__Post-Transcriptional Gene Silencing (GO:0016441),0.2380984120419034,0.7025578984548031,0.8666666666666667,0.9864168273185123,1.0,9/16,38.06%,PUM1;ELOB;GIGYF2;ZSWIM8;HELZ2;NCBP1;AGO2;NCBP2;HELZ
prerank,KEGG_2021_Human__Fanconi anemia pathway,-0.21247916174466597,-0.7021608009854235,0.896551724137931,0.9854606090290539,1.0,17/27,45.03%,ATR;FANCD2;RPA1;MUS81;FANCL;FANCI;RAD51C;SLX1B;SLX1A;WDR48;POLI;MLH1;ERCC4;RPA4;ERCC1;EME1;EME2
prerank,GO_Biological_Process_2025__Regulation of TOR Signaling (GO:0032006),-0.19011932878146767,-0.7017572657216863,0.9334500875656743,0.9852479251398933,1.0,15/46,26.95%,ROS1;GBA1;SLC38A9;SEC13;WDR24;LAMTOR5;GNA12;RRAGC;RRAGD;RPS6KA1;LAMTOR4;PIK3CA;DDIT4;TBCK;PRKAA2
prerank,GO_Biological_Process_2025__Negative Regulation of Apoptotic Signaling Pathway (GO:2001234),-0.19454467684068033,-0.7013599527351365,0.9293478260869565,0.985039438996983,1.0,12/40,25.35%,ITGAV;ITGA6;BAK1;SLC35F6;CFLAR;TMBIM6;GHITM;THBS1;RB1;PPIF;PARK7;RELA
prerank,GO_Cellular_Component_2025__U2-type Catalytic Step 2 Spliceosome (GO:0071007),0.2048936656757373,0.7009994741301061,0.9162995594713657,0.987236567886573,1.0,26/26,79.57%,CWC15;BUD31;SNRPD2;SNRPD3;XAB2;EFTUD2;SNRNP40;SNRPG;SYF2;DHX8;SNRPF;SNRPB2;PPIL1;SNW1;CDC5L;CRNKL1;SNRPE;SNRPB;PRPF8;CWC22;PRPF19;SNRPA1;RBM22;PPIE;BCAS2;PLRG1
prerank,WikiPathways_2024_Human__Network Map Of SARS CoV 2 Signaling WP5115,-0.16993400857611385,-0.7005391109976861,0.9627118644067797,0.9852164595786874,1.0,15/86,16.13%,ITGA3;HBD;HBB;CTSL;GSN;ATG13;MIB1;HIF1A;MYD88;CTSD;CASP5;CASP8;CASP9;CCNB1;CCNB2
prerank,KEGG_2021_Human__Maturity onset diabetes of the young,-0.2462043970771906,-0.7000862587026155,0.8723404255319149,0.9850351910218972,1.0,2/15,5.89%,SLC2A2;PKLR
prerank,Reactome_2022__Signaling By FGFR In Disease R-HSA-1226099,-0.20950959789513884,-0.6995249456170223,0.889090909090909,0.9849332326483761,1.0,9/30,25.50%,FRS2;BAG4;CPSF6;LRRFIP1;STAT5B;STAT5A;POLR2C;GAB2;PIK3CA
prerank,GO_Molecular_Function_2025__Protein Tyrosine Kinase Binding (GO:1990782),0.19617047171543694,0.6984952037007609,0.9050925925925926,0.9889102074455509,1.0,10/33,25.26%,TOB1;KHDRBS1;NCK2;GRAPL;NCK1;PLCG2;GFRAL;DOCK4;ACVR1;FIZ1
prerank,GO_Biological_Process_2025__Stem Cell Differentiation (GO:0048863),-0.2188047618360736,-0.6980405674110522,0.8920863309352518,0.9856806217699032,1.0,7/24,25.65%,PSMD11;HTR2B;WNT7A;LRP6;ELL3;MEOX1;FBXL17
prerank,GO_Biological_Process_2025__Positive Regulation of Catabolic Process (GO:0009896),-0.16304198026406846,-0.6972186366177595,0.9778156996587031,0.9858708117665932,1.0,29/98,27.58%,KAT5;STX5;ATG13;RNF139;VCP;PLEKHF1;GRSF1;TGFB1I1;PHKA1;BCAP31;PIK3CB;PIK3C2A;ROCK1;ORMDL3;WNT5A;SQSTM1;BARD1;SEC22B;CCNY;RDX;MSN;EZR;GPC3;DDB1;CDK5RAP3;PRKAA2;TBK1;GTPBP1;UBXN2A
prerank,WikiPathways_2024_Human__Endoplasmic Reticulum Stress Response In Coronavirus Infection WP4861,0.20035473352373867,0.6971540690974979,0.8950892857142857,0.9894328689800557,1.0,14/31,37.08%,PPP1CB;MAPK8;PPP1R9A;EIF2S1;PPP1CC;PPP1R15A;PPP1R15B;ATF6;PPP1R10;PPP1R8;MBTPS1;EIF2AK2;EIF2AK1;EIF2AK3
prerank,GO_Biological_Process_2025__Golgi to Plasma Membrane Protein Transport (GO:0043001),0.23089719218617039,0.6970594077543717,0.8908296943231441,0.9888817709611551,1.0,1/18,0.14%,NSF
prerank,Reactome_2022__Activation Of ATR In Response To Replication Stress R-HSA-176187,0.20529944072533132,0.697034593071495,0.9135254988913526,0.988265076119732,1.0,4/27,11.01%,POLR1B;POLR1A;DBF4;CDC45
prerank,Reactome_2022__mRNA Decay By 3 To 5 Exoribonuclease R-HSA-429958,0.2425488180883865,0.6961176028947714,0.8627858627858628,0.9884371108824199,1.0,15/15,75.79%,SKIC2;NT5C3B;DCPS;SKIC3;EXOSC5;EXOSC7;EXOSC1;EXOSC9;EXOSC4;EXOSC6;EXOSC3;DIS3;SKIC8;EXOSC2;HBS1L
prerank,GO_Biological_Process_2025__Cellular Response to Hydrogen Peroxide (GO:0070301),-0.2377243306205287,-0.6957915826290026,0.8738404452690167,0.9866066184475396,1.0,7/17,25.54%,HDAC6;RHOB;SETX;PPIF;PARK7;RELA;RPS3
prerank,GO_Biological_Process_2025__Regulation of DNA-templated Transcription Elongation (GO:0032784),0.201578766731495,0.6954724422485352,0.9013157894736842,0.9883634819611518,1.0,31/31,79.91%,PARP1;INTS13;SUPT5H;SETD5;CCNT2;INTS7;INTS3;SUPT16H;INTS9;ELOA2;SCAF8;INTS1;SUPT4H1;CCNK;TSFM;INTS10;EAF1;WDR82;INTS8;INTS6;ZMYND11;INTS12;INTS11;INTS14;INTS5;CCNT1;DMAP1;INTS2;ELL;ELL3;INTS4
prerank,GO_Biological_Process_2025__Positive Regulation of Intracellular Protein Transport (GO:0090316),0.19709085889556158,0.6952954126940103,0.9356984478935698,0.9878914477151125,1.0,16/32,37.64%,IPO5;JUP;PDCD10;ZDHHC2;UBR5;SIRT6;YWHAE;ZC3H12A;B3GAT3;ANP32B;CHP2;GSK3B;ZPR1;EFCAB7;TMEM30B;TMEM30A
prerank,Reactome_2022__NOTCH3 Activation And Transmission Of Signal To Nucleus R-HSA-9013507,-0.236278056723164,-0.6949731643165354,0.8838028169014085,0.9867255032846812,1.0,10/19,33.57%,MIB1;PSEN2;PSEN1;APH1A;APH1B;UBA52;DLL4;JAG2;DLL1;JAG1
prerank,WikiPathways_2024_Human__Nonalcoholic Fatty Liver Disease WP4396,0.15614885297662906,0.6945768102175007,0.9811764705882353,0.9879059624661661,1.0,24/90,24.45%,COX7A1;COX7A2;COX7A2L;SMAD7;IRS2;IRS1;MAPK9;MAPK8;NDUFB5;NDUFA12;PPARA;NR1H3;COX7C;COX5B;NDUFS2;NDUFS7;CYCS;NDUFB11;EIF2S1;UQCRQ;COX6B2;NDUFS8;NDUFA10;NDUFA13
prerank,Reactome_2022__mRNA Capping R-HSA-72086,0.21034172066230808,0.693757855332001,0.9218009478672986,0.9879491943658673,1.0,13/27,38.90%,POLR2K;SUPT5H;MNAT1;GTF2H3;POLR2I;NCBP1;POLR2B;POLR2L;POLR2J;POLR2E;NCBP2;RNGTT;GTF2H4
prerank,GO_Biological_Process_2025__Positive Regulation of RNA Splicing (GO:0033120),0.21641600424225005,0.6936181067479145,0.8879492600422833,0.9874517668988934,1.0,3/19,12.79%,SLC38A2;HABP4;HNRNPLL
prerank,GO_Molecular_Function_2025__Kinase Inhibitor Activity (GO:0019210),-0.20928379446667933,-0.6933589293231338,0.9049360146252285,0.987596865481124,1.0,11/27,29.02%,DNAJC3;TRIB1;MBIP;GMFB;GMFG;SOCS3;SOCS1;LRP6;PRKRIP1;ANKLE2;PARVA
prerank,GO_Biological_Process_2025__Purine Ribonucleoside Triphosphate Metabolic Process (GO:0009205),0.2300545639016734,0.6928604028749297,0.8910675381263616,0.9875045609455212,1.0,2/19,7.47%,ATP1A2;NADK
prerank,GO_Cellular_Component_2025__Apical Junction Complex (GO:0043296),-0.19422507086857962,-0.692413337560619,0.9241379310344827,0.9878580473999072,1.0,12/38,22.32%,VCL;RHOA;CRB1;WNK3;WNK4;PARD6A;PARD6B;OCEL1;MARVELD2;OCLN;SH3BP1;TBCD
prerank,GO_Biological_Process_2025__Negative Regulation of Cytokine Production Involved in Inflammatory Response (GO:1900016),0.23327829915387674,0.6922291406157455,0.8736616702355461,0.9874081480707874,1.0,6/16,29.18%,PRKCA;CUEDC2;PPARA;NFKBIA;ZC3H12A;PDCD4
prerank,"Reactome_2022__Antigen Presentation: Folding, Assembly, Peptide Loading Of Class I MHC R-HSA-983170",0.23035574785722035,0.6921356073062024,0.8927038626609443,0.9868518272213859,1.0,2/17,2.12%,ERAP1;ERAP2
prerank,GO_Biological_Process_2025__Membrane Protein Proteolysis (GO:0033619),-0.22560934411315547,-0.6920471250526098,0.8781818181818182,0.9875794287802453,1.0,6/20,25.83%,PSEN2;PSEN1;HM13;PARL;APH1A;APH1B
prerank,WikiPathways_2024_Human__Dopaminergic Neurogenesis WP2855,-0.23823838830392896,-0.6916700701459332,0.8615984405458089,0.9872989214363337,1.0,2/16,7.32%,ALDH1A1;SOX2
prerank,GO_Biological_Process_2025__Regulation of Intracellular Steroid Hormone Receptor Signaling Pathway (GO:0033143),0.23199195083747334,0.6911014200292246,0.9098712446351931,0.9870925216619091,1.0,1/17,0.39%,PKN1
prerank,GO_Biological_Process_2025__Negative Regulation of Growth (GO:0045926),-0.18362455290363433,-0.6903482332650923,0.941696113074205,0.9878286526385311,1.0,10/47,19.94%,SOX17;FBP1;DNAJB2;SPHK2;ENO1;RACK1;CAPRIN2;TSPYL2;ING4;ING1
prerank,GO_Biological_Process_2025__Glycoprotein Biosynthetic Process (GO:0009101),-0.19466571676072142,-0.6898093522836214,0.9023972602739726,0.9876570369638615,1.0,2/38,1.82%,DDOST;GALNTL5
prerank,KEGG_2021_Human__RNA degradation,-0.18083756733561834,-0.6897841037804294,0.9459459459459459,0.9870661435662075,1.0,8/53,12.10%,HSPA9;LSM3;ENO2;ENO1;ENO3;PFKP;PFKM;PFKL
prerank,Reactome_2022__Gene Silencing By RNA R-HSA-211000,-0.17575211871196667,-0.6896053305424086,0.9547826086956521,0.9866056996073249,1.0,15/63,23.95%,SEH1L;NUP85;SEC13;MOV10L1;DICER1;TSN;NUP210;NUP93;NUP43;NDC1;NUP133;NUP205;NUP50;TDRD6;POLR2C
prerank,KEGG_2021_Human__Notch signaling pathway,-0.1979064366537734,-0.6889406854286192,0.9071428571428571,0.9865636822854472,1.0,4/36,10.17%,CTBP2;CTBP1;PSEN2;PSEN1
prerank,GO_Cellular_Component_2025__SCF Ubiquitin Ligase Complex (GO:0019005),-0.19431209372600916,-0.6879230389581388,0.9045871559633027,0.9868397847589833,1.0,19/37,34.17%,FBXL19;CCNF;SPSB3;FBXO42;CUL5;FBXL7;FBXL17;FBXL6;FBXL15;FBXL2;FBXL13;FBXL20;FBXL5;FBXL3;SKP1;FBXO45;BTRC;DMAC2;TMEM183A
prerank,Reactome_2022__SUMOylation Of RNA Binding Proteins R-HSA-4570464,0.1857447265375345,0.6878514958797068,0.9507829977628636,0.9891821381371487,1.0,8/38,15.31%,PCGF2;RNF2;RING1;NOP58;NUP214;POM121C;NUP153;POM121
prerank,Reactome_2022__Extension Of Telomeres R-HSA-180786,-0.19528040950271958,-0.6874314852714687,0.9357638888888888,0.9866254015634911,1.0,8/35,15.99%,RFC5;POLA2;CHTF18;SLC19A1;DNA2;FEN1;CCNA1;CCNA2
prerank,Reactome_2022__TP53 Regulates Transcription Of Cell Cycle Genes R-HSA-6791312,-0.19663314488157185,-0.6853542037395581,0.927461139896373,0.9877630776798026,1.0,11/36,25.84%,BAX;CCNB1;CCNA1;CCNA2;CCNE2;CCNE1;RBL1;RBL2;AURKA;CDK1;PCNA
prerank,GO_Biological_Process_2025__Pattern Recognition Receptor Signaling Pathway (GO:0002221),-0.2271595767981852,-0.6848819956107874,0.9046762589928058,0.987582248519283,1.0,8/19,28.17%,STING1;CASP1;PYCARD;RPS6KA3;CGAS;TBK1;CLEC4E;IRAK1
prerank,KEGG_2021_Human__Thermogenesis,0.14260830235176583,0.684869954276967,0.9953703703703703,0.9909987508555274,1.0,41/144,27.30%,COX7A1;COX7A2;COX7A2L;COX15;ADCY3;ATP5PB;GRB2;PPARGC1A;ATP5F1A;MAPK13;MAPK12;NDUFB5;GNAS;NDUFA12;PPARG;ATP5PF;AKT1S1;COX7C;COX5B;NDUFS2;NDUFS7;NDUFB11;UQCRQ;SIRT6;COX6B2;NDUFS8;ATP5PD;NDUFA10;NDUFA13;SLC25A29;TSC1;MTOR;COX10;SDHA;CREB3L2;CREB3L4;CREB3;CREB3L3;CREB1;CREB3L1;NDUFA8
prerank,WikiPathways_2024_Human__IL6 Signaling WP364,-0.23085169037035622,-0.6841759776658052,0.8806818181818182,0.9875830278209723,1.0,10/19,33.20%,MAP2K1;MAP2K2;NR2F6;SOCS3;RPS6KB1;GAB1;JUNB;SHC1;PRDM1;PIK3R2
prerank,Reactome_2022__RNA Pol II CTD Phosphorylation And Interaction With CE R-HSA-77075,0.20578484051674872,0.682303056884412,0.9095127610208816,0.9923963605207206,1.0,25/25,79.48%,POLR2K;SUPT5H;MNAT1;GTF2H3;POLR2I;POLR2B;POLR2L;POLR2J;POLR2E;RNGTT;GTF2H4;POLR2F;POLR2A;POLR2H;RNMT;GTF2H2;GTF2F1;GTF2F2;CDK7;POLR2G;ERCC3;CCNH;POLR2C;ERCC2;GTF2H1
prerank,GO_Biological_Process_2025__Recombinational Repair (GO:0000725),-0.18010311236318266,-0.6797029111472165,0.9479166666666666,0.99068323050231,1.0,5/51,9.39%,PSMD14;KAT5;EXD2;ZFYVE26;XRCC6
prerank,GO_Biological_Process_2025__Plasma Membrane Bounded Cell Projection Assembly (GO:0120031),0.14411840821518593,0.6796239468802642,1.0,0.9938271917815857,1.0,30/132,24.03%,CEP250;INPP5K;OCRL;EHD2;EHD3;KIF3A;FNBP1L;NTN1;CCDC66;DYNC2H1;ATAT1;MICALL1;TTBK2;CILK1;KIF3B;TMEM67;PPP1R9B;IFT140;RAB1A;FUZ;SDCBP;CCDC88A;BBS5;ARL6;NUDCD3;KIF24;SNAP29;ATP6V1D;TMEM138;IFT70B
prerank,GO_Biological_Process_2025__Regulation of Stem Cell Population Maintenance (GO:2000036),-0.1917186169032648,-0.6786560563088666,0.9258589511754068,0.9909447154257547,1.0,6/37,19.94%,DPF2;SAP30L;SAP30;WNT9B;HDAC2;ING1
prerank,GO_Molecular_Function_2025__Myosin Binding (GO:0017022),-0.20937262014796248,-0.677949492483792,0.9326923076923077,0.990911875664348,1.0,6/28,15.69%,GSN;RAB11A;TOM1;RHOA;PYCARD;GIPC1
prerank,WikiPathways_2024_Human__Fas Ligand Pathway And Stress Induction Of Heat Shock Proteins WP314,0.19920682254841776,0.6775566451608561,0.9254385964912281,0.9947750850698851,1.0,7/26,21.80%,APAF1;PARP1;MAPK8;ARHGDIB;MAP2K4;CYCS;DFFA
prerank,Reactome_2022__Activation Of Pre-Replicative Complex R-HSA-68962,0.20169845379353513,0.6773589932044848,0.9247311827956989,0.9942900353043496,1.0,4/26,11.01%,POLR1B;POLR1A;DBF4;CDC45
prerank,Reactome_2022__Transcriptional Regulation By Small RNAs R-HSA-5578749,-0.18806540905343685,-0.6772788200810826,0.9538188277087034,0.9908176550683143,1.0,11/41,23.95%,SEH1L;NUP85;SEC13;NUP210;NUP93;NUP43;NDC1;NUP133;NUP205;NUP50;POLR2C
prerank,GO_Biological_Process_2025__Protein Neddylation (GO:0045116),-0.2328386870899793,-0.6765959857252173,0.8820326678765881,0.990775532047785,1.0,5/16,31.21%,COPS3;COPS4;COPS6;COPS5;NEDD8
prerank,GO_Biological_Process_2025__Secretory Granule Organization (GO:0033363),0.22334671286457264,0.6748170365892661,0.8982683982683982,0.9955800582819195,1.0,7/17,34.67%,HPS3;BLOC1S1;AP1S3;AP1S1;AP1S2;AP1B1;BLOC1S2
prerank,GO_Biological_Process_2025__Regulation of Stem Cell Differentiation (GO:2000736),0.1968921147959673,0.673241106170212,0.9118942731277533,0.9961224910069539,1.0,11/27,30.37%,DPEP3;SMYD5;NSUN2;SETD1A;TCF15;SIRT6;FZD1;SP7;HES5;NELFB;ESRRB
prerank,Reactome_2022__Activation Of Gene Expression By SREBF (SREBP) R-HSA-2426168,-0.20106823762686427,-0.6727642571644351,0.9354838709677419,0.9931464017673081,1.0,7/28,22.31%,ACACB;FDPS;LIN9;GPAM;SMARCD3;RXRA;DHCR7
prerank,GO_Biological_Process_2025__RNA 3'-End Processing (GO:0031123),-0.19600535509792638,-0.6726726501466659,0.9362101313320825,0.9926190683218602,1.0,20/37,42.35%,CPSF6;CPSF7;TENT2;INTS2;REXO5;MTPAP;CSTF2;TENT4A;TENT4B;USB1;INTS5;INTS14;PNPT1;INTS12;TRNT1;NUDT21;CPSF3;RPRD1A;RPRD1B;RPRD2
prerank,Reactome_2022__Translesion Synthesis By POLH R-HSA-110320,-0.23149676197026284,-0.6723112618098237,0.887378640776699,0.9923137271317657,1.0,8/17,35.21%,VCP;RFC5;SLC19A1;PCNA;UBA52;RFC3;UFD1;NPLOC4
prerank,WikiPathways_2024_Human__Glucocorticoid Receptor Pathway WP2880,0.1879357921367406,0.6713960929987991,0.9457547169811321,0.9968066388865482,1.0,11/37,23.88%,CPEB4;SLC26A2;PDE4B;TNS4;STOM;NR1I2;GADD45B;ENC1;BIRC2;BIRC3;TSC22D3
prerank,GO_Biological_Process_2025__Regulation of G2/M Transition of Mitotic Cell Cycle (GO:0010389),-0.21135790868414644,-0.6703408336402445,0.8892857142857142,0.9931418584455356,1.0,13/24,40.07%,RAB11A;CCNB1;CCND1;VPS4B;KIF14;CDK1;CDK3;DTL;RRM1;RAD51C;RRM2B;CDPF1;PKMYT1
prerank,GO_Biological_Process_2025__Protein Stabilization (GO:0050821),-0.15265131256409287,-0.6702956011056485,0.9950166112956811,0.9925664244061725,1.0,34/131,26.82%,PER3;CRYAB;GBA3;DNAAF2;RPS7;SOX17;SOX4;SYVN1;COPS3;BAG4;BAG3;BAG5;PLPP3;RPL23;SEC16A;CHEK2;RAB21;WNT10B;SAV1;RPL11;MCM8;SEL1L;MTMR9;PEX6;DNAJA3;SAXO1;NAA30;PARK7;FLOT2;GET1;PPIB;CCNH;CCT3;TCP1
prerank,GO_Biological_Process_2025__Porphyrin-Containing Compound Biosynthetic Process (GO:0006779),-0.22992297256796013,-0.6699868381664958,0.907608695652174,0.992185086449093,1.0,6/17,26.56%,ATP5IF1;SUCLA2;FECH;CPOX;PPOX;FLVCR1
prerank,GO_Biological_Process_2025__snRNA Metabolic Process (GO:0016073),0.21751575488249458,0.6695696131218747,0.902127659574468,0.9975155359700686,1.0,9/19,38.86%,MTREX;INTS13;MEPCE;INTS7;ZCCHC8;RBM7;INTS3;RPAP2;INTS9
prerank,Reactome_2022__Regulation Of TP53 Activity Thru Acetylation R-HSA-6804758,-0.23347852750006565,-0.6686657204606402,0.9021739130434783,0.9925530940917132,1.0,3/17,17.85%,KAT6A;MTA2;HDAC2
prerank,Reactome_2022__Signaling By FGFR3 R-HSA-5654741,-0.22423001665622183,-0.6671507166779524,0.8952205882352942,0.9930995058089271,1.0,8/18,29.24%,FRS2;FRS3;GALNT3;PIK3CA;PPP2CB;PPP2CA;SHC1;UBA52
prerank,GO_Biological_Process_2025__Stress Granule Assembly (GO:0034063),0.21895223309641265,0.6669685538880603,0.905829596412556,0.9986686922396254,1.0,3/17,20.82%,BICD1;DYNC1H1;EIF2S1
prerank,GO_Biological_Process_2025__Cardiac Muscle Tissue Development (GO:0048738),0.20914758716119736,0.6661306014636953,0.9012875536480687,0.9986222101663523,1.0,8/23,29.46%,CSRP3;SMAD4;TBX2;TBX20;SIRT6;HEY1;HEY2;NKX2-5
prerank,KEGG_2021_Human__Hedgehog signaling pathway,-0.19443338581183145,-0.6661024581280507,0.9537892791127541,0.9932437688111057,1.0,9/32,20.43%,PRKACB;PRKACA;PRKACG;CCND1;CCND2;CSNK1A1L;CSNK1G1;LRP2;HHAT
prerank,GO_Cellular_Component_2025__U12-type Spliceosomal Complex (GO:0005689),0.21998937929875562,0.6652931446206758,0.9197396963123644,0.9985544804741784,1.0,9/18,41.03%,SF3B3;YBX1;SF3B5;SNRPD2;RBM41;RNPC3;SNRPD3;ZMAT5;SF3B1
prerank,Reactome_2022__RHO GTPases Activate Formins R-HSA-5663220,-0.17080409481744427,-0.6651952437286763,0.9808695652173913,0.9932856226510446,1.0,25/64,32.15%,SEH1L;PPP2R5C;PPP2R5D;ITGB1;NUP85;RHOA;RHOC;RHOB;SEC13;PLK1;CDC42;BUB3;NUP43;NUP133;PPP2CB;PPP2CA;DAAM1;DYNC1LI1;DYNC1LI2;DIAPH1;DIAPH2;FMNL1;FMNL3;ZWILCH;MRTFA
prerank,Reactome_2022__Phosphorylation Of APC/C R-HSA-176412,-0.2340621680061608,-0.6649094596344366,0.8814814814814815,0.992875892226753,1.0,6/15,25.02%,PLK1;CCNB1;ANAPC7;CDK1;ANAPC5;CDC23
prerank,GO_Biological_Process_2025__Response to Molecule of Bacterial Origin (GO:0002237),-0.20894024078579923,-0.6640625940385254,0.9106463878326996,0.9928871757629476,1.0,8/22,28.18%,C4B;NOCT;TRIB1;FZD5;LIAS;RPS6KA3;IRAK1;IRAK3
prerank,GO_Cellular_Component_2025__Nuclear Chromosome (GO:0000228),0.1635509523171907,0.663474477651489,0.9707317073170731,0.999158274151795,1.0,16/60,27.05%,NOL6;RRS1;KCNN4;CDC45;TUBG1;NFRKB;H2AZ1;TRRAP;LRPPRC;YY1;KIFAP3;INO80C;BIRC5;BRD4;BAZ1A;NCAPD3
prerank,Reactome_2022__Formation Of TC-NER Pre-Incision Complex R-HSA-6781823,-0.18766251946518092,-0.6631262194400285,0.9565217391304348,0.9929461776869993,1.0,15/42,32.54%,COPS3;COPS4;COPS6;GTF2H1;ERCC2;CUL4B;POLR2C;DDB1;PPIE;CCNH;ERCC3;UBA52;COPS5;POLR2G;PRPF19
prerank,GO_Biological_Process_2025__Negative Regulation of Cellular Response to Growth Factor Stimulus (GO:0090288),-0.20024549710824832,-0.6627173062224805,0.9139784946236559,0.99261799981641,1.0,7/29,20.90%,AGXT;SULF2;SULF1;GPC1;THBS1;LRP2;MTMR4
prerank,GO_Cellular_Component_2025__INO80-type Complex (GO:0097346),-0.21963296567455187,-0.6621279582092742,0.9118165784832452,0.9924058432547755,1.0,2/19,8.88%,KAT5;UCHL5
prerank,GO_Biological_Process_2025__Negative Regulation of Proteasomal Protein Catabolic Process (GO:1901799),-0.19642881882095195,-0.6618899340713801,0.9464944649446494,0.9919869325249614,1.0,7/30,18.32%,UCHL5;UBXN1;BAG5;OPHN1;GIPC1;USP14;RPL11
prerank,Reactome_2022__Synthesis Of PC R-HSA-1483191,-0.21731460018154786,-0.6610783990593513,0.8884826325411335,0.991953839731714,1.0,1/19,1.14%,ACHE
prerank,GO_Biological_Process_2025__Regulation of mRNA Processing (GO:0050684),0.19322787463131808,0.6601964806408013,0.935064935064935,1.0,1.0,4/28,12.13%,QKI;CPEB1;SRPK2;SRPK3
prerank,GO_Biological_Process_2025__Negative Regulation of Protein Modification by Small Protein Conjugation or Removal (GO:1903321),-0.1890637087600761,-0.6601605617253443,0.9518072289156626,0.9919957240332901,1.0,7/33,18.32%,PER2;DNAJB2;UBXN1;BAG5;WNK1;SQSTM1;RPL11
prerank,GO_Cellular_Component_2025__U2-type Spliceosomal Complex (GO:0005684),0.15014512462100182,0.6595322300262162,0.9854014598540146,1.0,1.0,17/84,29.24%,SNU13;SF3B3;DHX15;KCNN4;RBMX2;DDX42;CWC15;SNRNP200;ZMAT2;LUC7L;LUC7L2;SF3B5;TXNL4A;LSM8;BUD31;MFAP1;TFIP11
prerank,GO_Cellular_Component_2025__SAGA Complex (GO:0000124),0.2123328769083911,0.658159215493727,0.9426751592356688,1.0,1.0,7/21,32.74%,SF3B3;TRRAP;SF3B5;KAT2B;KAT2A;TADA3;TADA2A
prerank,KEGG_2021_Human__Nucleotide excision repair,-0.19154462536819447,-0.656856600925724,0.9549393414211439,0.9935895126145133,1.0,21/35,44.38%,RFC5;RPA1;GTF2H1;ERCC2;CUL4B;PCNA;DDB1;CCNH;ERCC3;RFC3;POLE;POLD2;POLD1;RBX1;POLE4;CDK7;ERCC4;RPA4;RAD23A;RAD23B;ERCC1
prerank,GO_Cellular_Component_2025__cullin-RING Ubiquitin Ligase Complex (GO:0031461),0.1458586283315357,0.6558814717745844,0.9951456310679612,1.0,1.0,30/100,29.62%,FBXL4;SPOP;KLHL11;FBXO25;FBXO32;SPSB4;LZTR1;MAD2L2;CDC27;ELOB;UBE2C;KLHL20;FBXL16;UBE2S;CDC16;FEM1B;ZSWIM8;KLHL25;ENC1;FBXO9;DCAF1;KLHDC1;RNF7;FBXW4;USP47;ANAPC2;KCTD13;TNFAIP1;KCTD10;CUL1
prerank,WikiPathways_2024_Human__Notch Signaling WP61,0.18397519103084697,0.6555010202727324,0.9503386004514672,1.0,1.0,14/34,33.89%,NUMBL;RING1;ADAM17;NUMB;MTOR;HES1;HES5;HEY2;HES6;SPEN;CUL1;CIR1;GSK3B;FBXW7
prerank,GO_Biological_Process_2025__Positive Regulation of Binding (GO:0051099),0.18501493845784456,0.6548059236566489,0.9342105263157895,1.0,1.0,10/30,26.81%,STMN1;EGF;EDF1;RARA;AKTIP;TXN2;NMD3;SIRT2;NVL;KDM4D
prerank,Reactome_2022__Signaling By FGFR2 R-HSA-5654738,0.1813473800751527,0.6534383977013551,0.9592760180995475,1.0,1.0,6/38,13.86%,POLR2K;PTBP1;MAPK1;GRB2;MAPK3;RBFOX2
prerank,GO_Biological_Process_2025__Regulation of DNA Binding (GO:0051101),-0.21925867328994877,-0.6533576713295233,0.9066901408450704,0.9951802836795611,1.0,3/19,10.09%,RSF1;GZMA;SMOX
prerank,GO_Biological_Process_2025__Protein Insertion Into ER Membrane (GO:0045048),-0.19905610265885607,-0.6509833920204533,0.9316081330868762,0.9960959220316388,1.0,10/25,30.46%,CCDC47;SEC61A1;WNK1;EMC2;GET1;RAB5IF;EMC7;TRAM2;TRAM1;TRAM1L1
prerank,Reactome_2022__RHOF GTPase Cycle R-HSA-9035034,-0.22366187420750266,-0.6504560906936863,0.9285714285714286,0.9958372732168774,1.0,10/18,33.20%,ARHGAP12;VAMP3;MTMR1;CAPZB;VANGL1;BAIAP2L2;BAIAP2L1;DIAPH1;DIAPH2;PIK3R2
prerank,Reactome_2022__Homology Directed Repair R-HSA-5693538,-0.16781591593314688,-0.6492797026330602,0.9825783972125436,0.9959999367182913,1.0,15/59,25.84%,KAT5;CLSPN;RFC5;SLC19A1;DNA2;EXO1;FEN1;CCNA1;CCNA2;PPP4C;BARD1;GEN1;RTEL1;MUS81;PCNA
prerank,GO_Biological_Process_2025__Endoplasmic Reticulum Unfolded Protein Response (GO:0030968),0.18897561516774752,0.6481370310181381,0.9528301886792453,1.0,1.0,16/29,37.08%,EDEM2;EDEM3;EIF2S1;VAPB;RNF7;ATF6B;CREB3L4;ATF6;CREB3L1;DERL2;DERL3;BHLHA15;WFS1;MBTPS1;RPAP2;EIF2AK3
prerank,GO_Cellular_Component_2025__Sperm Flagellum (GO:0036126),0.16016490277909723,0.6461117694830317,0.9903147699757869,1.0,1.0,7/58,13.33%,CLXN;ATP1A4;TPPP2;TACR2;DNAH8;EFCAB6;ATP2B4
prerank,GO_Molecular_Function_2025__RNA Endonuclease Activity (GO:0004521),0.18387128563223074,0.6460681523007348,0.9493392070484582,1.0,1.0,10/29,25.89%,RCL1;SMG6;NOB1;RNASET2;NYNRIN;ZC3H12B;KHNYN;ZC3H12C;ZC3H12A;ZC3H12D
prerank,GO_Biological_Process_2025__Regulation of Centrosome Cycle (GO:0046605),0.21281699794379716,0.6451395460131436,0.9180327868852459,1.0,1.0,18/18,78.76%,SIRT1;NAT10;NPM1;XRCC3;CHMP2A;CHMP1B;CHMP4B;CHMP5;FBXW5;CHMP2B;CEP131;CDK11B;CDK11A;CCNL2;CCNL1;VPS4B;AURKA;GEN1
prerank,GO_Biological_Process_2025__Negative Regulation of Cell Cycle G1/S Phase Transition (GO:1902807),-0.2123282679956858,-0.6431225047796983,0.9401544401544402,0.9990564016203078,1.0,6/22,22.66%,SOX2;KANK2;SUSD2;RBL1;RBL2;RB1
prerank,Reactome_2022__Aberrant Regulation Of Mitotic Exit In Cancer Due To RB1 Defects R-HSA-9687136,0.2251912755509879,0.6427624357559657,0.897489539748954,1.0,1.0,15/15,77.52%,CDC27;UBE2C;UBE2S;CDC16;ANAPC2;ANAPC10;ANAPC4;UBE2D1;ANAPC1;FZR1;SKP2;CDC23;ANAPC5;RB1;ANAPC7
prerank,WikiPathways_2024_Human__Nucleotide Excision Repair WP4753,-0.18801064329925857,-0.6419595543447552,0.963855421686747,0.9991243354567877,1.0,20/34,44.38%,RFC5;RPA1;GTF2H1;ERCC2;CUL4B;PCNA;DDB1;CCNH;ERCC3;RFC3;POLE;POLD2;POLD1;RBX1;POLE4;CDK7;ERCC4;RAD23A;RAD23B;ERCC1
prerank,GO_Biological_Process_2025__Positive Regulation of Autophagy (GO:0010508),-0.1698272447551787,-0.6416427264283355,0.9679144385026738,0.9987055358939604,1.0,10/53,17.83%,KAT5;ATG13;STING1;PLEKHF1;WDR24;PIK3CB;PIK3C2A;ROCK1;ORMDL3;SQSTM1
prerank,GO_Biological_Process_2025__Positive Regulation of Non-Canonical NF-kappaB Signal Transduction (GO:1901224),-0.22959877668398088,-0.6406494410883459,0.912962962962963,0.9986745863283115,1.0,4/15,14.92%,SPHK1;VCP;RHOA;PYCARD
prerank,Reactome_2022__RNA Polymerase II Pre-transcription Events R-HSA-674695,0.15016907610164382,0.6403885403758226,0.9950980392156863,1.0,1.0,72/73,80.72%,POLR2K;GTF2B;TAF7;TAF7L;ELOB;SUPT5H;TAF13;TAF3;CTR9;MLLT1;MLLT3;MNAT1;CCNT2;GTF2H3;POLR2I;NELFB;NCBP1;CDC73;POLR2B;POLR2L;CTDP1;POLR2J;SUPT16H;POLR2E;NCBP2;GTF2H4;GTF2E2;NELFA;ELOA;ELOA2;TAF6;POLR2F;PAF1;SUPT4H1;POLR2A;GTF2A2;AFF4;CCNK;TAF9B;TAF9;POLR2H;EAF1;TAF4;SUPT6H;GTF2H2;TAF12;GTF2F1;TAF15;GTF2F2;CDK9;CDK7;TAF1;TAF1L;TAF2;SSRP1;ELOC;GTF2E1;IWS1;POLR2G;TAF11;ERCC3;TAF5;TAF10;CCNT1;CCNH;SKIC8;DMAP1;POLR2C;ERCC2;GTF2H1;ELL;GTF2A1
prerank,GO_Biological_Process_2025__Sprouting Angiogenesis (GO:0002040),-0.2224305004221593,-0.6397150149673199,0.9312267657992565,0.9985893040811278,1.0,9/16,35.25%,YJEFN3;NAXE;ADTRP;THBS1;PARVA;RECK;PIK3R3;DLL1;MIA3
prerank,Reactome_2022__Global Genome Nucleotide Excision Repair (GG-NER) R-HSA-5696399,0.15560184594060547,0.6386652762409547,0.9804878048780488,1.0,1.0,14/63,25.47%,LRIG3;XPC;POLR1B;POLR1A;PARP1;NFRKB;UBE2N;POLK;YY1;INO80C;RNF111;LRIG1;CETN2;MNAT1
prerank,GO_Biological_Process_2025__Positive Regulation of Cell Cycle G1/S Phase Transition (GO:1902808),-0.19630616444271934,-0.6385560451882573,0.950354609929078,0.998609538493423,1.0,11/27,33.97%,CCND3;CCNE2;CCNE1;CCND1;CCND2;RDX;LSM10;PHB2;TP63;LSM11;RRM1
prerank,GO_Biological_Process_2025__Telomere Organization (GO:0032200),0.18024268948945488,0.6383477427908604,0.958041958041958,1.0,1.0,9/29,30.27%,POLR1B;POLR1A;PARP1;NFRKB;YY1;INO80C;HUS1;HUS1B;MRE11
prerank,GO_Biological_Process_2025__Regulation of Mitotic Spindle Organization (GO:0060236),0.20020878777239878,0.637753325377191,0.9477124183006536,1.0,1.0,10/21,40.98%,TACC3;DYNC1H1;CEP97;NUMA1;CHMP2A;CHMP6;HSPA1B;HSPA1A;CHMP1B;CHMP4B
prerank,GO_Biological_Process_2025__Negative Regulation of Developmental Process (GO:0051093),0.15665807825138395,0.6376716512324442,0.9765807962529274,1.0,1.0,11/59,18.07%,KIAA0319;GRIN3A;PARP1;OGT;BNIP3;ZNF706;NEUROD2;PPARG;FUZ;TBX2;TBX1
prerank,WikiPathways_2024_Human__Head And Neck Squamous Cell Carcinoma WP4674,-0.17756561156240486,-0.6369723587972603,0.9671532846715328,0.9988925829298536,1.0,16/40,26.95%,CASP8;FKBP1A;PIK3CG;PIK3CB;CCND1;RPS6;RPS6KB2;RB1;GAB1;NFKB2;NFKB1;REL;RELA;PIK3CA;DDIT4;PRKAA2
prerank,GO_Biological_Process_2025__Positive Regulation of T Cell Activation (GO:0050870),-0.18778557807959229,-0.6357705406681703,0.951048951048951,0.9989446316350329,1.0,6/31,19.27%,GATA3;SLC7A1;ANXA1;PYCARD;SMARCD3;SMARCD2
prerank,WikiPathways_2024_Human__miRNA Regulation Of Prostate Cancer Signaling WP3981,-0.21726640992012392,-0.634147765807599,0.9284294234592445,0.9992005584408848,1.0,4/18,16.05%,MAP2K1;MAP2K2;CASP9;CCND1
prerank,GO_Biological_Process_2025__Organelle Assembly (GO:0070925),-0.1323475976891905,-0.6338210398393932,1.0,0.9987693758875497,1.0,36/204,21.53%,HDAC6;GALNT11;ABCC4;GSN;AVIL;PLA2G3;ATG13;ATG3;ATG4A;ATG4B;IST1;STING1;VPS4A;RAB11A;ATG9B;ATG9A;UBQLN2;MCIDAS;CAPRIN1;CIBAR1;CIBAR2;CCNO;WNK3;WNK1;ACTR3;SQSTM1;PTGES2;AP1G1;GORASP2;STAM2;STAM;ATG16L2;ATG16L1;NEK1;DYNLT2B;C2CD3
prerank,GO_Biological_Process_2025__Regulation of Cell Growth (GO:0001558),-0.14533523332547618,-0.6329053997419177,0.9934102141680395,0.9986323357253759,1.0,30/108,28.70%,AGXT;ROS1;SOX17;FBP1;DNAJB2;SPHK2;SPHK1;ENO1;RACK1;CAPRIN2;EPHX2;TSPYL2;CDC42;BRAT1;ING4;ING1;SOCS2;CISH;CHPT1;RPS6KA1;RPS6KA3;RB1;ZNF639;KIF14;EXOSC2;ACVR1B;NPR1;NAIF1;PTCH2;CRLF3
prerank,"GO_Biological_Process_2025__Vesicle Targeting, Rough ER to cis-Golgi (GO:0048207)",-0.22267899965741692,-0.6317374054059757,0.9304511278195489,0.9980578970310949,1.0,15/15,77.78%,KLHL12;TRAPPC4;CUL3;TRAPPC11;PPP6C;TMED10;PREB;TMED2;PDCD6;TRAPPC2L;TRAPPC8;TRAPPC1;TRAPPC3;TRAPPC6A;TRAPPC5
prerank,GO_Biological_Process_2025__COPII Vesicle Coating (GO:0048208),-0.22267899965741692,-0.6317374054059757,0.9304511278195489,0.9980578970310949,1.0,15/15,77.78%,KLHL12;TRAPPC4;CUL3;TRAPPC11;PPP6C;TMED10;PREB;TMED2;PDCD6;TRAPPC2L;TRAPPC8;TRAPPC1;TRAPPC3;TRAPPC6A;TRAPPC5
prerank,GO_Cellular_Component_2025__Spliceosomal snRNP Complex (GO:0097525),0.16128981189597877,0.6308023963353976,0.9785714285714285,1.0,1.0,10/50,27.98%,SNU13;SF3B3;RBMX2;SNRNP200;LUC7L;LUC7L2;SF3B5;TXNL4A;TXNL4B;LSM8
prerank,KEGG_2021_Human__mRNA surveillance pathway,0.14857250599209876,0.6295636334544155,1.0,1.0,1.0,10/70,16.03%,PNN;PPP1CB;SMG6;UPF2;GSPT1;GSPT2;MSI2;SMG5;ETF1;TARDBP
prerank,GO_Biological_Process_2025__Positive Regulation of Nucleocytoplasmic Transport (GO:0046824),0.19320322837023216,0.6285871867906468,0.9548387096774194,1.0,1.0,13/25,37.85%,IPO5;KHDRBS1;JUP;UBR5;SIRT6;YWHAE;ZC3H12A;CHP2;DHX9;GSK3B;ZPR1;EFCAB7;NCBP2
prerank,GO_Biological_Process_2025__Negative Regulation of Cell-Cell Adhesion (GO:0022408),0.20956003260913542,0.6278656825365162,0.9382151029748284,1.0,1.0,4/18,15.45%,SPINT2;MAD2L2;GTPBP4;PPARA
prerank,GO_Biological_Process_2025__mRNA Export From Nucleus (GO:0006406),0.1704592128431191,0.6270811240522102,0.9715536105032823,1.0,1.0,5/39,15.70%,EIF4E;SMG6;UPF2;NUP214;SMG5
prerank,WikiPathways_2024_Human__DNA Repair Pathways Full Network WP4946,-0.1592172375386587,-0.6243913849091408,0.9866220735785953,1.0,1.0,38/69,44.38%,XRCC6;RFC5;ATR;EXO1;FEN1;FANCD2;RPA1;GTF2H1;ERCC2;CUL4B;LIG3;PCNA;DDB1;CCNH;RAD50;ERCC3;FANCL;RFC3;POLE;FANCI;RAD51C;POLD2;POLD1;MGMT;WDR48;POLI;RBX1;POLE4;MLH1;XRCC5;CDK7;LIG4;XRCC1;ERCC4;RAD23A;RAD23B;APEX1;ERCC1
prerank,GO_Biological_Process_2025__Histone mRNA Metabolic Process (GO:0008334),-0.21008267025007146,-0.6242186206247622,0.939622641509434,1.0,1.0,10/19,39.76%,LSM1;TENT2;MTPAP;LSM10;TENT4B;XRN1;LSM11;ZNF473;CPSF2;CPSF3
prerank,Reactome_2022__Nucleotide Excision Repair R-HSA-5696398,0.14571340627145873,0.620794645980677,0.9897435897435898,1.0,1.0,29/82,36.75%,LRIG3;POLR2K;XPC;POLR1B;POLR1A;PARP1;NFRKB;UBE2N;AQR;POLK;YY1;USP7;INO80C;RNF111;LRIG1;CETN2;MNAT1;GTF2H3;POLR2I;UBE2I;UBE2V2;RFC2;UBB;POLR2B;RUVBL1;POLR2L;POLR2J;CUL4A;POLR2E
prerank,GO_Biological_Process_2025__NADH Dehydrogenase Complex Assembly (GO:0010257),-0.1869853613906679,-0.6203341310666094,0.9616788321167883,1.0,1.0,28/28,81.37%,FOXRED1;NDUFAF7;NDUFAF5;NDUFS1;DMAC2;NDUFAF6;NDUFAF1;TMEM126A;TMEM126B;NDUFS4;NDUFC2;NDUFS3;ECSIT;NDUFAF3;OXA1L;NDUFB3;BCS1L;NDUFAF4;TMEM186;COA1;NDUFA6;TMEM70;TIMM21;NUBPL;NDUFA13;NDUFS8;NDUFS7;NDUFS2
prerank,GO_Biological_Process_2025__Mitochondrial Respiratory Chain Complex I Assembly (GO:0032981),-0.1869853613906679,-0.6203341310666094,0.9616788321167883,1.0,1.0,28/28,81.37%,FOXRED1;NDUFAF7;NDUFAF5;NDUFS1;DMAC2;NDUFAF6;NDUFAF1;TMEM126A;TMEM126B;NDUFS4;NDUFC2;NDUFS3;ECSIT;NDUFAF3;OXA1L;NDUFB3;BCS1L;NDUFAF4;TMEM186;COA1;NDUFA6;TMEM70;TIMM21;NUBPL;NDUFA13;NDUFS8;NDUFS7;NDUFS2
prerank,GO_Biological_Process_2025__Regulation of Type I Interferon-Mediated Signaling Pathway (GO:0060338),0.20992612033962443,0.6190454875929141,0.9456521739130435,1.0,1.0,3/16,19.15%,EIF4E2;RNF185;GIGYF2
prerank,"GO_Biological_Process_2025__RNA Splicing, via Transesterification Reactions (GO:0000375)",0.19164257581288818,0.6169987652771719,0.9472527472527472,1.0,1.0,4/22,18.26%,SF3B3;KHSRP;DBR1;SMNDC1
prerank,GO_Biological_Process_2025__Organelle Organization (GO:0006996),-0.12584916177583322,-0.6169894445063147,1.0,1.0,1.0,76/266,28.93%,AKR1B10;KAT6A;TMCC1;SNX11;TOR1B;NIPSNAP2;LNPK;GBA1;PEX10;PLEKHM2;ZFYVE16;PLEKHF1;VPS4A;HSD17B10;DYM;BAG5;ARHGAP10;TANGO2;TMED6;PEX14;GMNN;SEC16A;SEC16B;SEC61A1;LETMD1;PTGES2;TNIK;CDC42;GORASP2;GORASP1;NHERF1;WASF3;WASF1;CLUH;CHCHD2;MTM1;MTMR4;PEX6;PPIA;DNAJA3;OBSL1;RB1;CHCHD10;CAPZB;TDRD6;PARK7;LYSMD3;LETM1;LETM2;VPS4B;PEX11A;PEX11B;BLZF1;TMEM135;COG8;SURF4;UBXN2A;NSFL1C;UBXN2B;GOLGA8T;GOLGA2;GOLGA8R;GOLGA8Q;GOLGA6A;GOLGA6D;GOLGA8N;GOLGA8H;GOLGA8A;GOLGA8B;GOLGA8O;GOLGA8J;GOLGA8S;GOLGA8K;GOLGA6B;GOLGA8M;GOLGA6C
prerank,GO_Biological_Process_2025__Regulation of T Cell Proliferation (GO:0042129),-0.22322871354643464,-0.6158456456553247,0.9360902255639098,1.0,1.0,4/15,19.33%,SLC7A1;IL4I1;ANXA1;GLMN
prerank,Reactome_2022__RMTs Methylate Histone Arginines R-HSA-3214858,0.19047783911962707,0.6146087613839973,0.9725158562367865,1.0,1.0,3/22,14.26%,PRMT3;H2AZ1;H2AZ2
prerank,Reactome_2022__Transcriptional Regulation By TP53 R-HSA-3700989,0.12052421015220437,0.6135063457186309,1.0,1.0,1.0,40/241,20.77%,YWHAQ;YWHAH;YWHAB;YWHAZ;YWHAG;COX7A2L;POLR2K;DPEP3;POLR1B;CNOT3;APAF1;PCBP4;SMYD2;PERP;POLR1A;CNOT6L;CNOT6;BNIP3L;TAF7;TAF7L;ZNF385A;ELOB;FASN;SUPT5H;EHMT1;EHMT2;PTEN;GADD45A;COX7C;COX5B;RICTOR;PIP4K2A;LRPPRC;MAPKAP1;TAF13;TAF3;TXN2;TOP3A;CYCS;USP7
prerank,Reactome_2022__HCMV Infection R-HSA-9609646,-0.15193652280660472,-0.6127554250010913,0.9947460595446584,1.0,1.0,18/70,25.32%,SEH1L;HSD17B4;VPS4A;ITGB1;NUP85;SEC13;SUZ12;GPS2;NUP210;NUP93;EED;NUP43;NDC1;NUP133;NUP205;NUP50;TRMU;NFKB1
prerank,Reactome_2022__Inactivation Of APC/C Via Direct Inhibition Of APC/C Complex R-HSA-141430,0.20749458164738366,0.610609854323513,0.9526748971193416,1.0,1.0,4/16,20.53%,CDC27;UBE2C;UBE2S;CDC16
prerank,GO_Biological_Process_2025__Muscle Cell Differentiation (GO:0042692),-0.20270990755191423,-0.6104367861935437,0.9594843462246777,1.0,1.0,1/20,2.11%,GATA6
prerank,Reactome_2022__Regulation Of TP53 Activity Thru Phosphorylation R-HSA-6804756,-0.15735980134422975,-0.6103880862601578,0.9845626072041166,1.0,1.0,18/60,30.98%,KAT5;RFC5;DNA2;EXO1;CCNA1;CCNA2;CHEK2;BARD1;AURKA;TP53RK;TAF10;PRKAA2;TAF5;RAD50;UBA52;TAF11;TP53;RFC3
prerank,GO_Biological_Process_2025__Regulation of Spindle Assembly (GO:0090169),0.20228991479192068,0.6079414256035782,0.9472573839662447,1.0,1.0,10/17,40.98%,DYNC1H1;CEP97;SENP6;NUMA1;CHMP2A;CHMP6;HSPA1B;HSPA1A;CHMP1B;CHMP4B
prerank,Reactome_2022__APC-Cdc20 Mediated Degradation Of Nek2A R-HSA-179409,0.19479035759168278,0.6041113581255633,0.9530916844349681,1.0,1.0,19/19,80.56%,CDC27;UBE2C;UBE2S;CDC16;ANAPC2;UBB;ANAPC10;BUB1B;ANAPC4;UBC;MAD2L1;UBE2D1;CDC20;ANAPC1;UBA52;CDC23;ANAPC5;ANAPC7;BUB3
prerank,GO_Biological_Process_2025__DNA-templated Transcription Elongation (GO:0006354),0.18213810915758377,0.6030967660745531,0.9700460829493087,1.0,1.0,5/25,20.80%,POLR1D;POLR1E;SUPT5H;SETD2;CTR9
prerank,"GO_Biological_Process_2025__Positive Regulation of DNA-templated Transcription, Elongation (GO:0032786)",-0.17057014351340458,-0.6014359891229508,0.9841269841269841,1.0,1.0,15/40,35.59%,MED28;CDK13;MED17;ELL3;ELL;ELL2;MED8;CCNT1;MED19;MED27;MED23;MED22;MED11;MED30;MED25
prerank,GO_Biological_Process_2025__Negative Regulation of Mitotic Cell Cycle Phase Transition (GO:1901991),0.18575674439871964,0.6013015797086758,0.978401727861771,1.0,1.0,24/24,81.48%,FAM107A;PTEN;DCUN1D3;KLF4;ZC3H12D;CDC73;FBXO5;PDIK1L;WEE1;PINX1;TFDP3;PRMT2;CDK2AP2;JADE1;BRD7;PRKD2;PKMYT1;CDPF1;PROC;CRLF3;RB1;RBL2;RBL1;KANK2
prerank,GO_Biological_Process_2025__Skeletal Muscle Organ Development (GO:0060538),-0.20449610220288772,-0.6012425187782227,0.9585687382297552,1.0,1.0,4/19,17.15%,SVIL;SIX4;CFLAR;VRK3
prerank,GO_Biological_Process_2025__Macromolecule Catabolic Process (GO:0009057),-0.18850264512823361,-0.6001746723176465,0.9494584837545126,1.0,1.0,12/23,34.62%,CHEK2;SQSTM1;CASP3;CASP7;UCHL1;DENND3;UVRAG;MVB12A;PPT1;LAMP2;MAGEA2;MAGEC2
prerank,Reactome_2022__FGFR2 Alternative Splicing R-HSA-6803529,0.19614026473547752,0.5983081627475764,0.9638009049773756,1.0,1.0,2/21,5.57%,POLR2K;PTBP1
prerank,GO_Biological_Process_2025__Positive Regulation of Type I Interferon Production (GO:0032481),-0.1804456960037599,-0.5982406236559605,0.9600694444444444,1.0,1.0,11/30,32.50%,STING1;MYD88;CHUK;CGAS;RIOK3;POLR3A;IKBKE;TBK1;IRAK1;FLOT1;KPNA2
prerank,GO_Biological_Process_2025__Negative Regulation of Cell-Substrate Adhesion (GO:0010812),0.19214083665143683,0.597615032095716,0.9556541019955654,1.0,1.0,2/20,7.80%,SPOCK1;EFNA5
prerank,Reactome_2022__HIV Elongation Arrest And Recovery R-HSA-167287,0.17286132253045447,0.5973104122361459,0.9763948497854077,1.0,1.0,18/30,44.43%,POLR2K;ELOB;SUPT5H;CCNT2;POLR2I;NELFB;POLR2B;POLR2L;CTDP1;POLR2J;SUPT16H;POLR2E;NELFA;ELOA;ELOA2;POLR2F;SUPT4H1;POLR2A
prerank,Reactome_2022__Regulation Of TP53 Activity R-HSA-5633007,-0.13880359474251366,-0.5962362975056829,0.9951298701298701,1.0,1.0,32/107,30.98%,KAT5;KAT6A;PPP2R5C;RFC5;DNA2;EXO1;CCNA1;CCNA2;CCNG1;CHEK2;MTA2;HDAC2;BARD1;PPP1R13B;TP53BP2;AURKA;CDK1;TP53RK;TAF10;PRKAA2;TAF5;PPP2CB;PPP2CA;PRMT5;PIP4P1;RAD50;UBA52;TAF11;TP53;TP73;TP63;RFC3
prerank,GO_Biological_Process_2025__Regulation of Cellular Response to Stress (GO:0080135),-0.1476286036725752,-0.5958439249759667,0.9948006932409013,1.0,1.0,8/74,10.78%,CLN3;DNAJC7;SOX4;DNAJB6;DNAJB1;UCHL5;NUPR1;COPS3
prerank,Reactome_2022__Transcription Of HIV Genome R-HSA-167172,0.1435119829489604,0.5951670524840027,0.9952380952380953,1.0,1.0,63/64,80.72%,POLR2K;GTF2B;TAF7;TAF7L;ELOB;SUPT5H;TAF13;TAF3;MNAT1;CCNT2;GTF2H3;POLR2I;NELFB;NCBP1;POLR2B;POLR2L;CTDP1;POLR2J;SUPT16H;POLR2E;NCBP2;RNGTT;GTF2H4;GTF2E2;NELFA;ELOA;ELOA2;TAF6;POLR2F;SUPT4H1;POLR2A;GTF2A2;CCNK;TAF9B;TAF9;POLR2H;TAF4;RNMT;GTF2H2;TAF12;GTF2F1;TAF15;GTF2F2;CDK9;CDK7;TAF1;TAF1L;TAF2;SSRP1;ELOC;GTF2E1;POLR2G;TAF11;ERCC3;TAF5;TAF10;CCNT1;CCNH;POLR2C;ERCC2;GTF2H1;ELL;GTF2A1
prerank,"GO_Biological_Process_2025__mRNA Cis Splicing, via Spliceosome (GO:0045292)",0.20223820943245427,0.5938994684039092,0.9475982532751092,1.0,1.0,15/15,79.81%,CWC15;DCPS;SNRNP200;CLNS1A;NCBP2;SART1;SRSF3;PRPF39;SRSF7;WBP4;DDX23;SFSWAP;RBM22;CACTIN;SDE2
prerank,Reactome_2022__DNA Damage Bypass R-HSA-73893,0.16419944569660533,0.5938950733801576,0.9800884955752213,1.0,1.0,4/34,12.25%,UBE2B;POLR1B;POLR1A;MAD2L2
prerank,KEGG_2021_Human__RIG-I-like receptor signaling pathway,-0.1818004800224595,-0.5894936555418355,0.971830985915493,1.0,1.0,9/25,26.99%,STING1;PIN1;IKBKB;CHUK;CASP8;NFKB1;RELA;IKBKE;TBK1
prerank,GO_Biological_Process_2025__snRNA Processing (GO:0016180),0.2012334399269073,0.5881070720881068,0.9555084745762712,1.0,1.0,16/16,79.91%,INTS13;MEPCE;INTS7;INTS3;INTS9;INTS1;INTS10;INTS8;INTS6;INTS12;INTS11;INTS14;INTS5;USB1;INTS2;INTS4
prerank,GO_Biological_Process_2025__- Reg of Phosphatidylinositol 3-Kinase/Prot Kinase B Signal Transduction (GO:0051898),0.17080171997650956,0.5859923740650917,0.968609865470852,1.0,1.0,8/27,26.62%,INPP5K;SIRT1;PPARA;PTEN;SFRP5;ARRB2;NOP53;SIRT7
prerank,Reactome_2022__Regulation Of Cholesterol Biosynthesis By SREBP (SREBF) R-HSA-1655829,-0.16679345492187805,-0.5841718401683224,0.9802158273381295,1.0,1.0,8/36,22.70%,ACACB;FDPS;LIN9;GPAM;SMARCD3;RXRA;DHCR7;SEC23A
prerank,Reactome_2022__Gap-filling DNA Repair Synthesis And Ligation In TC-NER R-HSA-6782210,0.14908520013135526,0.5821114075407557,0.9951338199513382,1.0,1.0,4/51,8.24%,LRIG3;POLR2K;POLR1B;POLR1A
prerank,GO_Biological_Process_2025__Endosome Transport via Multivesicular Body Sorting Pathway (GO:0032509),-0.20189885698305135,-0.5816443153743253,0.9570093457943926,1.0,1.0,6/16,31.57%,VCP;VPS4B;LEPROTL1;LEPROT;MVB12A;VTA1
prerank,GO_Biological_Process_2025__Regulation of Smoothened Signaling Pathway (GO:0008589),-0.16950489775540264,-0.5809762587133436,0.9871559633027523,1.0,1.0,10/31,28.57%,UCHL5;VCP;RACK1;GAS8;CIBAR1;DLG5;FBXL17;GPC3;PTCH1;PTCH2
prerank,Reactome_2022__Diseases Of DNA Repair R-HSA-9675135,-0.18112707213713503,-0.5806133097456196,0.977112676056338,1.0,1.0,4/26,14.67%,KAT5;RFC5;DNA2;EXO1
prerank,GO_Molecular_Function_2025__Tau Protein Binding (GO:0048156),-0.1808809740364885,-0.5804233016540052,0.9791666666666666,1.0,1.0,4/25,17.11%,HDAC6;ROCK1;ROCK2;TTBK1
prerank,GO_Biological_Process_2025__DNA Integrity Checkpoint Signaling (GO:0031570),-0.1819737699911784,-0.5796240356605251,0.969147005444646,1.0,1.0,4/26,16.83%,CLSPN;DNA2;CHEK2;CDT1
prerank,WikiPathways_2024_Human__mRNA Processing WP411,0.1296439130574717,0.5793431631135094,1.0,1.0,1.0,7/100,9.43%,SNU13;PTBP1;PTBP2;SF3B3;PCBP2;DHX15;SPOP
prerank,GO_Biological_Process_2025__Regulation of Type II Interferon Production (GO:0032649),-0.1899534367644605,-0.5778529061842522,0.9726277372262774,1.0,1.0,5/20,21.20%,UFC1;SLC7A5;PYCARD;FZD5;ZFPM1
prerank,GO_Biological_Process_2025__Establishment of Protein Localization to Vacuole (GO:0072666),-0.19204844053467382,-0.5762585285025392,0.9662921348314607,1.0,1.0,19/19,80.85%,STAM2;STAM;MVB12A;VPS37A;VPS28;VPS36;HGS;VPS13D;VPS37C;VPS37B;VPS37D;VPS13A;VPS13C;UBAP1;SNF8;VPS25;VPS8;VPS41;PIK3R4
prerank,WikiPathways_2024_Human__Novel Intracellular Components Of RIG I Like Receptor Pathway WP3865,-0.17378744021750592,-0.5761877898094488,0.9753086419753086,1.0,1.0,9/27,26.99%,STING1;PIN1;IKBKB;CHUK;CASP8;NFKB1;RELA;IKBKE;TBK1
prerank,GO_Biological_Process_2025__COPII-coated Vesicle Budding (GO:0090114),-0.16863059146550738,-0.575895537718519,0.9826086956521739,1.0,1.0,31/31,83.21%,SEC13;KLHL12;SEC23A;SEC23B;SURF4;TRAPPC4;SEC24D;MIA3;SEC24B;SEC24A;SEC31B;SEC31A;CUL3;SCAP;TRAPPC11;PPP6C;TMED10;PREB;TMED2;PDCD6;TRAPPC2L;TRAPPC8;TRAPPC1;TRAPPC3;TRAPPC6A;CSNK1D;VAPA;VAPB;TRAPPC5;TBC1D20;RAB1A
prerank,GO_Molecular_Function_2025__3'-5' Exonuclease Activity (GO:0008408),-0.16407254465447002,-0.5736557905828591,0.9890310786106032,1.0,1.0,15/35,37.37%,NOCT;EXD2;NME5;ERI2;NME7;EXOSC2;RAD50;USB1;APLF;DIS3;TREX1;TREX2;EXOSC3;PNPT1;POLD1
prerank,GO_Biological_Process_2025__Regulation of Cilium Assembly (GO:1902017),0.16231906699253268,0.572551883823085,0.981859410430839,1.0,1.0,11/33,26.35%,TBC1D16;CDK10;TBC1D7;MAPK15;IFT140;FUZ;CCDC88A;TBC1D20;KIF24;CEP97;CYLD
prerank,GO_Molecular_Function_2025__Endonuclease Activity (GO:0004519),0.15224177645829057,0.5724619988737651,0.9839080459770115,1.0,1.0,14/40,31.73%,RCL1;SMG6;NOB1;NTHL1;RNASET2;NYNRIN;ZC3H12B;KHNYN;ZC3H12C;ZC3H12A;ZC3H12D;OGG1;MRE11;AGO2
prerank,GO_Biological_Process_2025__Protein-Containing Complex Disassembly (GO:0032984),-0.15187885725860803,-0.5704511604953049,0.9909747292418772,1.0,1.0,17/48,34.11%,CLN3;PEX10;VCP;VPS4A;PEX14;RPL23;VPS33B;MFSD8;VPS4B;VTI1B;VAMP7;PEX5;UVRAG;RUBCNL;EPG5;LAMP2;PEX2
prerank,Reactome_2022__PCNA-Dependent Long Patch Base Excision Repair R-HSA-5651801,0.19311918237390968,0.5692856979684164,0.9652351738241309,1.0,1.0,2/16,8.24%,POLR1B;POLR1A
prerank,GO_Biological_Process_2025__Negative Regulation of G1/S Transition of Mitotic Cell Cycle (GO:2000134),0.18567184643510048,0.5685702495158772,0.975051975051975,1.0,1.0,20/20,81.48%,FAM107A;PTEN;DCUN1D3;KLF4;ZC3H12D;CDC73;WEE1;TFDP3;PRMT2;CDK2AP2;JADE1;BRD7;PRKD2;CDPF1;PROC;CRLF3;RB1;RBL2;RBL1;KANK2
prerank,GO_Biological_Process_2025__Regulatory ncRNA-mediated Gene Silencing (GO:0031047),-0.17214383108049472,-0.5659453013497432,0.9697508896797153,1.0,1.0,26/27,74.85%,MOV10L1;DICER1;ARB2A;CELF1;PIWIL2;PIWIL4;PIWIL3;PIWIL1;TSNAX;ZNFX1;EXD1;MAEL;SND1;NRDE2;TARBP2;PRKRA;HELZ;NCBP2;RBM15;DHX9;AGO2;NCBP1;HNRNPK;FKBP6;CNOT7;HELZ2
prerank,KEGG_2021_Human__Spliceosome,0.12482191672895984,0.565245986420856,1.0,1.0,1.0,102/104,81.90%,SNU13;SF3B3;PCBP1;DHX15;HSPA2;DDX42;AQR;CWC15;U2SURP;SMNDC1;SNRNP200;ZMAT2;SF3B5;TXNL4A;LSM8;BUD31;HNRNPK;THOC2;NCBP1;SNRPD2;SNRPD3;NCBP2;NCBP2L;SART1;PRPF31;SF3A2;PRPF38A;HSPA1L;HSPA6;HSPA1B;HSPA1A;HSPA8;SRSF3;SF3B1;RBM25;LSM5;LSM2;HNRNPM;DHX16;XAB2;EFTUD2;SNRNP40;SNRPG;SLU7;THOC1;SF3B4;SYF2;EIF4A3;DHX8;SNRPF;SNRPA;SNRPB2;SNRPD1;PPIH;U2AF2;PRPF18;SF3A1;SRSF7;SNRNP70;PPIL1;SNW1;MAGOHB;MAGOH;FUS;ISY1;CDC5L;LSM6;RBM8A;CRNKL1;PRPF6;SNRPE;PRPF4;SNRPB;PRPF8;PUF60;PHF5A;DDX23;CCDC12;RBM17;USP39;U2AF1L4;U2AF1;PRPF40A;PRPF40B;ACIN1;PRPF19;SNRPA1;CHERP;SF3A3;RBM22;DHX38;PPIE;BCAS2;SRSF4;TRA2A;SF3B6;PLRG1;CTNNBL1;LSM7;THOC3;SRSF2;SRSF8
prerank,GO_Molecular_Function_2025__Protein Tyrosine Kinase Activity (GO:0004713),0.1652724419937472,0.563330031943343,0.9758771929824561,1.0,1.0,1/26,0.43%,PKN2
prerank,Reactome_2022__mRNA Splicing - Major Pathway R-HSA-72163,0.11826471943455612,0.5617557517875895,1.0,1.0,1.0,9/142,8.50%,SNU13;ELAVL2;POLR2K;PTBP1;SF3B3;PCBP2;PCBP1;MTREX;DHX15
prerank,Reactome_2022__Formation Of RNA Pol II Elongation Complex R-HSA-112382,0.1427118675680203,0.5604952586868501,0.9976744186046511,1.0,1.0,51/52,79.65%,POLR2K;ELOB;SUPT5H;CTR9;MLLT1;MLLT3;MNAT1;CCNT2;GTF2H3;POLR2I;NELFB;NCBP1;CDC73;POLR2B;POLR2L;CTDP1;POLR2J;SUPT16H;POLR2E;NCBP2;GTF2H4;NELFA;ELOA;ELOA2;POLR2F;PAF1;SUPT4H1;POLR2A;AFF4;CCNK;POLR2H;EAF1;SUPT6H;GTF2H2;GTF2F1;GTF2F2;CDK9;CDK7;SSRP1;ELOC;IWS1;POLR2G;ERCC3;CCNT1;CCNH;SKIC8;DMAP1;POLR2C;ERCC2;GTF2H1;ELL
prerank,GO_Molecular_Function_2025__Mannosyltransferase Activity (GO:0000030),0.18910585817060638,0.5595192983994933,0.9560669456066946,1.0,1.0,15/15,81.12%,TMTC3;POMT2;POMT1;ALG2;PIGV;ALG11;ALG12;PIGB;ALG1L2;ALG9;DPY19L3;DPY19L4;DPM1;ALG3;GTDC1
prerank,Reactome_2022__DNA Repair R-HSA-73894,-0.12332047336320028,-0.5582383432797945,1.0,1.0,1.0,53/167,33.76%,KAT5;VCP;XRCC6;CLSPN;EYA2;EYA1;EYA4;EYA3;COPS3;COPS4;RFC5;UBXN1;SLC19A1;DNA2;EXO1;FEN1;CCNA1;CCNA2;CHEK2;FANCD2;PPP4C;COPS6;ELL;GTF2H1;BARD1;ASCC3;ERCC2;GEN1;UBE2L6;ACTR8;CUL4B;POLR2C;RTEL1;MUS81;PCNA;DDB1;PPIE;CCNH;RAD50;ERCC3;UBA52;COPS5;FANCL;TP53;RFC3;POLR2G;POLE;DTL;KPNA2;PRPF19;UFD1;FANCI;INO80E
prerank,KEGG_2021_Human__SNARE interactions in vesicular transport,-0.175509321624505,-0.5579684724865422,0.987037037037037,1.0,1.0,8/24,28.15%,STX5;STX18;VAMP5;VAMP1;VAMP3;SEC22B;VTI1B;VAMP7
prerank,GO_Biological_Process_2025__Iron-Sulfur Cluster Assembly (GO:0016226),-0.182710698128571,-0.5579546168111387,0.9700374531835206,1.0,1.0,10/20,42.18%,HSPA9;ISCU;CIAO1;NFS1;GLRX3;BOLA1;GLRX5;CIAPIN1;ISCA1;NFU1
prerank,GO_Biological_Process_2025__Metallo-Sulfur Cluster Assembly (GO:0031163),-0.182710698128571,-0.5579546168111387,0.9700374531835206,1.0,1.0,10/20,42.18%,HSPA9;ISCU;CIAO1;NFS1;GLRX3;BOLA1;GLRX5;CIAPIN1;ISCA1;NFU1
prerank,GO_Molecular_Function_2025__Ubiquitin-Like Protein Peptidase Activity (GO:0019783),-0.19305034504382232,-0.5577995063945952,0.9834254143646409,1.0,1.0,9/17,37.60%,OTUB1;USP14;YOD1;COPS5;SENP5;SENP2;SENP3;SENP8;OTUD5
prerank,GO_Biological_Process_2025__Transcription Initiation at RNA Polymerase II Promoter (GO:0006367),0.12445398309172255,0.5556045225547991,1.0,1.0,1.0,21/99,26.62%,MEN1;PRMT3;GTF2B;PPARGC1A;TRMT112;TAF7;TAF7L;ELOB;KMT2A;RBBP5;MED24;TAF13;TAF3;MED6;KDM1B;WDR5;NOC2L;KAT2B;MNAT1;MED26;SIRT7
prerank,Reactome_2022__Dual Incision In GG-NER R-HSA-5696400,0.15785181039513893,0.5544406035433682,0.9866071428571429,1.0,1.0,3/31,8.46%,POLR1B;POLR1A;PARP1
prerank,Reactome_2022__mRNA Splicing R-HSA-72172,0.11480418592570363,0.5502594598883697,1.0,1.0,1.0,9/145,8.50%,SNU13;ELAVL2;POLR2K;PTBP1;SF3B3;PCBP2;PCBP1;MTREX;DHX15
prerank,GO_Biological_Process_2025__Positive Regulation of Protein Targeting to Mitochondrion (GO:1903955),-0.17652886913602492,-0.5465931310093386,0.9742647058823529,1.0,1.0,3/21,17.36%,ATG13;RAC2;FZD5
prerank,Reactome_2022__Pausing And Recovery Of Tat-mediated HIV Elongation R-HSA-167238,0.16137769813936023,0.5459012466902539,0.9914529914529915,1.0,1.0,17/28,44.43%,POLR2K;ELOB;SUPT5H;POLR2I;NELFB;POLR2B;POLR2L;CTDP1;POLR2J;SUPT16H;POLR2E;NELFA;ELOA;ELOA2;POLR2F;SUPT4H1;POLR2A
prerank,GO_Biological_Process_2025__Negative Regulation of Type I Interferon Production (GO:0032480),0.172732186507099,0.5440864661447536,0.9851063829787234,1.0,1.0,2/19,7.99%,DDX56;QKI
prerank,Reactome_2022__Translesion Synthesis By Y Family DNA Polymerases Bypasses Lesions On DNA Template R-HSA-110313,-0.16472726356842485,-0.5437716784152404,0.982824427480916,1.0,1.0,14/27,39.35%,VCP;RFC5;SLC19A1;UBE2L6;PCNA;UBA52;RFC3;POLE;UFD1;NPLOC4;POLD2;POLD1;POLI;POLE4
prerank,GO_Biological_Process_2025__Regulation of Cell Division (GO:0051302),-0.14547766675476173,-0.543375183487721,0.9965397923875432,1.0,1.0,7/51,14.55%,PDXP;ZFYVE26;RAB11A;PLK1;HTR2B;RACK1;MBIP
prerank,GO_Biological_Process_2025__Modification-Dependent Protein Catabolic Process (GO:0019941),0.1201160809136161,0.5421048648970188,1.0,1.0,1.0,36/110,31.77%,UBE2B;FBXL4;STUB1;AREL1;KCTD6;KCTD21;RNF123;SPSB4;MKRN2;RNF5;RNF185;UBE2C;UBE2S;NDFIP1;NDFIP2;WDR81;RNF146;UBE3C;KLHL25;ARRB1;ARK2N;RNF111;UBR3;UBR4;KLF1;CNOT4;RNF7;FBXW4;KCTD10;UBE2I;WDR91;ARIH1;FBXO11;FBXO10;RNF34;RFFL
prerank,GO_Biological_Process_2025__Negative Regulation of Cytoplasmic Pattern Recognition Receptor Signaling Pathway (GO:0039532),0.18186537057767663,0.541770299941542,0.9657258064516129,1.0,1.0,2/16,8.46%,PCBP2;PARP1
prerank,GO_Biological_Process_2025__Cellular Response to Estradiol Stimulus (GO:0071392),0.18194851168771017,0.5397637472981605,0.9815573770491803,1.0,1.0,6/16,33.68%,SSTR2;H2AZ1;SFRP1;ESR2;ESR1;SSTR1
prerank,GO_Biological_Process_2025__Protein Sumoylation (GO:0016925),0.17813818417485588,0.5392089624163062,0.9767981438515081,1.0,1.0,17/18,66.66%,EID3;STX1A;UBE2I;ZMIZ1;ZMIZ2;TOPORS;TRPM4;SMC5;RANGAP1;SAE1;SMC6;NSMCE1;UBA2;SUMO2;SUMO4;SENP2;SENP5
prerank,KEGG_2021_Human__TGF-beta signaling pathway,-0.1514911341396427,-0.5376751446418757,0.9950819672131147,1.0,1.0,17/38,33.93%,ZFYVE16;RHOA;ROCK1;THBS1;RPS6KB2;RPS6KB1;RBL1;ACVR2A;ACVR1C;ACVR1B;PPP2CB;PPP2CA;SKP1;BMPR1B;SMURF2;SP1;NODAL
prerank,GO_Biological_Process_2025__Regulation of Embryonic Development (GO:0045995),-0.14505220641347794,-0.5355886531539658,0.9965217391304347,1.0,1.0,11/46,24.51%,SOX17;UCHL5;MBIP;POGLUT1;NR2C2;RPS6KA6;RACGAP1;ACTR8;PHLDB1;PHLDB2;CDK1
prerank,GO_Cellular_Component_2025__H4/H2A Histone Acetyltransferase Complex (GO:0043189),-0.17682674573814622,-0.5309211383746999,0.9944649446494465,1.0,1.0,1/19,3.50%,KAT5
prerank,GO_Cellular_Component_2025__NuA4 Histone Acetyltransferase Complex (GO:0035267),-0.17682674573814622,-0.5309211383746999,0.9944649446494465,1.0,1.0,1/19,3.50%,KAT5
prerank,GO_Biological_Process_2025__Positive Regulation of DNA Biosynthetic Process (GO:2000573),0.15783236061819061,0.527005080042505,0.9861751152073732,1.0,1.0,5/25,19.45%,DKC1;PDGFB;CCT4;TNKS2;TNKS
prerank,GO_Biological_Process_2025__Regulation of DNA Replication (GO:0006275),0.13720088940660508,0.5267645941582079,1.0,1.0,1.0,20/43,38.76%,PDS5A;NFRKB;GTPBP4;EHMT2;YY1;NPM2;ACVRL1;INO80C;SMC3;BAZ1A;WAPL;JADE3;DHX9;FBXO5;RUVBL1;WEE1;CDC25A;DSCC1;JADE2;BRPF3
prerank,GO_Biological_Process_2025__Transcription Elongation by RNA Polymerase II (GO:0006368),-0.16235993597072948,-0.5252028837557723,0.9897260273972602,1.0,1.0,26/26,83.82%,PCID2;ELL3;ELP4;DMAP1;SART3;SKIC8;ERCC3;IWS1;CDK9;GTF2F2;GTF2F1;SUPT6H;EAF1;PBRM1;SUPT4H1;PAF1;ELP2;SUPT16H;CTDP1;ELOF1;GLYR1;CDC73;POLR2I;CTR9;SETD2;SUPT5H
prerank,GO_Biological_Process_2025__Regulation of Transcription Initiation by RNA Polymerase II (GO:0060260),-0.14395161190137348,-0.5246144381186196,0.9948453608247423,1.0,1.0,16/44,35.59%,MED28;MED17;GTF2A1;MED8;TAF8;TAF10;TAF5;MED19;TAF11;MED27;MED23;MED22;PPM1D;MED11;MED30;MED25
prerank,GO_Molecular_Function_2025__Beta-Tubulin Binding (GO:0048487),-0.18703841035464575,-0.5235841410692568,0.9711711711711711,1.0,1.0,5/15,27.37%,PACRG;PEX14;RACGAP1;TBCD;PDCD5
prerank,Reactome_2022__Estrogen-dependent Gene Expression R-HSA-9018519,-0.135386660068113,-0.5208255291274873,1.0,1.0,1.0,8/58,19.30%,GATA3;KAT5;RUNX1;CTSD;CCND1;GPAM;KANK1;GTF2A1
prerank,GO_Biological_Process_2025__Vacuolar Transport (GO:0007034),0.14810293124117097,0.5189654035117343,0.9932279909706546,1.0,1.0,1/30,1.40%,ATP13A2
prerank,GO_Biological_Process_2025__Positive Regulation of Cell Cycle G2/M Phase Transition (GO:1902751),-0.17890455245603015,-0.5164308438685696,0.983271375464684,1.0,1.0,5/18,24.51%,RAB11A;CCNB1;CCND1;VPS4B;CDK1
prerank,GO_Biological_Process_2025__RNA Catabolic Process (GO:0006401),-0.1362570478159376,-0.5163128498913743,0.998165137614679,1.0,1.0,7/53,19.54%,RIDA;GRSF1;DNA2;PYDC1;FEN1;DICER1;ZFP36
prerank,Reactome_2022__Termination Of Translesion DNA Synthesis R-HSA-5656169,0.1623079133716102,0.5162802769026551,0.9897959183673469,1.0,1.0,2/21,8.24%,POLR1B;POLR1A
prerank,Reactome_2022__HIV Life Cycle R-HSA-162587,-0.11646273671592829,-0.5145306705608904,1.0,1.0,1.0,33/123,31.89%,SEH1L;NELFCD;XRCC6;VPS4A;NUP85;SEC13;FEN1;NUP210;GTF2A1;NUP93;ELL;GTF2H1;NUP43;ERCC2;NDC1;NUP133;PPIA;NUP205;NUP50;POLR2C;VPS4B;CCNH;CCNT1;TAF10;TAF5;ERCC3;NUP58;UBA52;TAF11;POLR2G;MVB12A;VTA1;VPS37A
prerank,GO_Biological_Process_2025__Transport Along Microtubule (GO:0010970),-0.1770507167244032,-0.5139072070709332,0.9873646209386282,1.0,1.0,3/16,18.11%,BAG3;SPG11;CDC42
prerank,GO_Biological_Process_2025__Determination of Left/Right Symmetry (GO:0007368),-0.16086947871533377,-0.5121210160053946,0.9910071942446043,1.0,1.0,2/24,10.09%,GALNT11;SMOX
prerank,GO_Molecular_Function_2025__Single-Stranded RNA Binding (GO:0003727),0.1506586168370457,0.5087513182571871,0.9892933618843683,1.0,1.0,17/27,42.23%,PTBP1;AQR;EIF4B;FXR1;FMR1;AGO2;LONP1;DHX9;RBM11;RBM7;PUS1;EXOSC10;STRBP;ADARB2;ZFR2;ILF3;ZFR
prerank,GO_Biological_Process_2025__Membrane Fission (GO:0090148),-0.1457605576562962,-0.5081590900775151,0.9927667269439421,1.0,1.0,6/34,24.02%,TMCC1;VPS4A;STAM2;STAM;EXOC8;VPS4B
prerank,"GO_Molecular_Function_2025__RNA Exonuclease Activity, Producing 5'-Phosphomonoesters (GO:0016896)",-0.15634784294684984,-0.5080072399328696,0.9886792452830189,1.0,1.0,2/25,8.44%,NOCT;EXD2
prerank,Reactome_2022__Formation Of Early Elongation Complex R-HSA-113418,0.1484750625018097,0.5079320319319527,1.0,1.0,1.0,15/30,40.62%,POLR2K;SUPT5H;MNAT1;GTF2H3;POLR2I;NELFB;NCBP1;POLR2B;POLR2L;CTDP1;POLR2J;POLR2E;NCBP2;GTF2H4;NELFA
prerank,GO_Biological_Process_2025__Peptidyl-Lysine Modification (GO:0018205),0.13283861797246926,0.506704225732721,0.9953161592505855,1.0,1.0,16/41,34.45%,SIRT1;EID3;STX1A;BLOC1S1;EEF1AKMT1;SIRT2;LOXL2;KAT2B;SENP7;SENP6;DHPS;UBE2I;ZMIZ1;ZMIZ2;ATPSCKMT;TOPORS
prerank,GO_Biological_Process_2025__Positive Regulation of Protein Import Into Nucleus (GO:0042307),0.179833863455656,0.5066348290102802,0.9868421052631579,1.0,1.0,7/15,36.76%,IPO5;JUP;UBR5;ZC3H12A;CHP2;ZPR1;EFCAB7
prerank,GO_Biological_Process_2025__Autophagosome Maturation (GO:0097352),-0.14510167717649003,-0.5065051427979668,0.9962756052141527,1.0,1.0,12/36,33.36%,CLN3;VCP;VPS4A;VPS33B;MFSD8;VPS4B;VTI1B;VAMP7;UVRAG;RUBCNL;EPG5;LAMP2
prerank,GO_Biological_Process_2025__Negative Regulation of Proteasomal Ubiquitin-Dependent Protein Catabolic Process (GO:0032435),-0.1646753654743156,-0.5040304851700677,0.9907749077490775,1.0,1.0,5/21,23.60%,UCHL5;UBXN1;GIPC1;RPL11;PARK7
prerank,Reactome_2022__PERK Regulates Gene Expression R-HSA-381042,0.15214065134373833,0.49966012761332673,0.9913232104121475,1.0,1.0,22/23,74.22%,KHSRP;EIF2S3;EIF2S1;ATF6;EXOSC5;EXOSC7;EIF2AK3;NFYB;EXOSC1;DCP2;EXOSC9;EXOSC4;EXOSC6;CEBPB;HERPUD1;NFYC;NFYA;EXOSC3;ATF3;DIS3;EIF2S2;EXOSC2
prerank,GO_Biological_Process_2025__mRNA Processing (GO:0006397),0.1008598652103188,0.49838823377036146,1.0,1.0,1.0,166/166,90.10%,PRKCA;SNU13;PNN;SF3B3;NOVA1;MTREX;DHX15;PPARGC1A;KCNN4;RBMX2;NSUN2;DBR1;AQR;CWC15;GPATCH1;SNRNP200;DHX35;ESS2;ZMAT2;SF3B5;PCIF1;TXNL4A;LSM8;BUD31;MFAP1;TFIP11;HNRNPK;NCBP1;SNRPD2;CDC73;ZCCHC8;RBM41;RNPC3;CWF19L1;WDR83;MYG1;SNRPD3;SFPQ;NCBP2;NCBP2L;RNGTT;SMU1;SART1;PRPF31;SF3A2;CWC27;PRPF38A;HSPA8;GCFC2;TRMT10C;PAPOLA;SF3B1;METTL16;LSM5;METTL14;LSM2;PAF1;GPKOW;SCAF11;TRMT61A;HNRNPM;DHX16;XAB2;PRP4K;HTATSF1;EFTUD2;MBLAC1;CASC3;SNRNP40;SNRPG;CWC25;SLU7;SON;SF3B4;SYF2;EIF4A3;CMTR1;UBL5;DHX8;SNRPF;SNRPA;SNRPB2;PRMT9;PPIH;RNMT;RNPS1;U2AF2;BUD13;PRPF18;VIRMA;SF3A1;SRSF7;SNRNP70;RNF113A;PPIL1;SNW1;MAGOHB;CMTR2;KIN;CDC5L;DDX41;LSM6;RBM8A;RPRD2;CRNKL1;RPRD1B;RPRD1A;PRPF6;SNRPE;PRPF4;SNRPB;PRPF8;FRG1;CPSF3;NUDT21;PHF5A;WTAP;FRA10AC1;WBP4;DDX23;SNIP1;USP39;U2AF1L4;U2AF1;CWC22;PRPF40A;PRPF40B;CBLL1;PRPF19;SNRPA1;ZRSR2;SF3A3;TRMT6;TENT4B;CSTF2;PPWD1;RBM22;DHX38;SF1;PPIE;SART3;CWF19L2;BCAS2;CELF1;SRRM1;GEMIN2;DDX39A;SRSF4;TRA2A;CACTIN;SF3B6;TENT2;PLRG1;CTNNBL1;LSM7;YTHDC1;CPSF7;CPSF6;RBM10;RBM5;RBM6;METTL3;PRPF3;HNRNPF;HNRNPH3;LSM3
prerank,GO_Biological_Process_2025__Spindle Assembly Checkpoint Signaling (GO:0071173),0.16760008336083315,0.49551837822965433,0.9855769230769231,1.0,1.0,2/16,12.25%,KCNN4;MAD2L2
prerank,GO_Biological_Process_2025__Mitotic Spindle Checkpoint Signaling (GO:0071174),0.16760008336083315,0.49551837822965433,0.9855769230769231,1.0,1.0,2/16,12.25%,KCNN4;MAD2L2
prerank,GO_Biological_Process_2025__Mitotic Spindle Assembly Checkpoint Signaling (GO:0007094),0.16760008336083315,0.49551837822965433,0.9855769230769231,1.0,1.0,2/16,12.25%,KCNN4;MAD2L2
prerank,GO_Molecular_Function_2025__General Transcription Initiation Factor Binding (GO:0140296),-0.15285403468068395,-0.49480296420125963,0.9915824915824916,1.0,1.0,9/26,30.87%,PSMC5;DRAP1;GTF2A1;ZBTB43;RELA;HSF1;JUN;TAF11;TP53
prerank,Reactome_2022__Metabolism Of Cofactors R-HSA-8978934,-0.17619677541210416,-0.4932388522171911,0.9887218045112782,1.0,1.0,1/15,8.97%,COQ5
prerank,Reactome_2022__DDX58/IFIH1-mediated Induction Of Interferon-Alpha/Beta R-HSA-168928,-0.14400502898232104,-0.4900664062899046,0.9945255474452555,1.0,1.0,11/31,30.00%,IKBKB;CHUK;CASP8;UBE2L6;NFKB2;NFKB1;RELA;IKBKE;TBK1;UBA52;SIKE1
prerank,Reactome_2022__RAB Geranylgeranylation R-HSA-8873719,0.1593266695897495,0.4885263081848159,0.9866071428571429,1.0,1.0,5/18,28.64%,RAB30;RAB1A;RAB14;RAB2B;RAB2A
prerank,Reactome_2022__APC/C:Cdc20 Mediated Degradation Of Cyclin B R-HSA-174048,0.15969842357779274,0.48006104535537064,0.9934354485776805,1.0,1.0,18/18,84.06%,CDC27;UBE2C;UBE2S;CDC16;ANAPC2;UBB;ANAPC10;ANAPC4;UBC;UBE2D1;CDC20;ANAPC1;UBA52;CDC23;ANAPC5;CDK1;ANAPC7;CCNB1
prerank,Reactome_2022__Late Phase Of HIV Life Cycle R-HSA-162599,-0.1095360638269284,-0.47859503361688555,1.0,1.0,1.0,38/117,36.40%,SEH1L;NELFCD;VPS4A;NUP85;SEC13;NUP210;GTF2A1;NUP93;ELL;GTF2H1;NUP43;ERCC2;NDC1;NUP133;PPIA;NUP205;NUP50;POLR2C;VPS4B;CCNH;CCNT1;TAF10;TAF5;ERCC3;NUP58;UBA52;TAF11;POLR2G;MVB12A;VTA1;VPS37A;GTF2E1;ELOC;NMT1;NMT2;NUP54;SSRP1;SGIP1
prerank,GO_Biological_Process_2025__Regulatory ncRNA Processing (GO:0070918),0.145976223136717,0.47784586407339136,1.0,1.0,1.0,24/24,85.44%,PUM1;PUM2;HENMT1;FKBP6;AGO2;SPOUT1;PRKRA;TARBP2;PLD6;SND1;TDRD9;MAEL;EXD1;TSNAX;PIWIL1;PIWIL3;PIWIL4;SNIP1;DDX4;PIWIL2;TDRD6;GPAT2;DICER1;MOV10L1
prerank,Reactome_2022__DNA Damage Recognition In GG-NER R-HSA-5696394,0.1365577438427316,0.47507053303770863,0.9976689976689976,1.0,1.0,6/29,24.70%,XPC;PARP1;NFRKB;YY1;INO80C;CETN2
prerank,"GO_Biological_Process_2025__RNA Splicing, via Transesterification Reactions With Bulged Adenosine as Nucleophile (GO:0000377)",0.10039324543141337,0.474806487064506,1.0,1.0,1.0,126/126,90.10%,SNU13;PNN;SF3B3;NOVA1;MTREX;DHX15;KCNN4;RBMX2;DBR1;CWC15;GPATCH1;SNRNP200;DHX35;ESS2;ZMAT2;SF3B5;TXNL4A;LSM8;BUD31;MFAP1;TFIP11;HNRNPK;NCBP1;SNRPD2;ZCCHC8;RBM41;RNPC3;CWF19L1;WDR83;SNRPD3;NCBP2;NCBP2L;SMU1;SART1;PRPF31;SF3A2;CWC27;PRPF38A;HSPA8;GCFC2;SF3B1;LSM5;METTL14;LSM2;GPKOW;HNRNPM;DHX16;XAB2;PRP4K;HTATSF1;EFTUD2;CASC3;SNRNP40;SNRPG;CWC25;SLU7;SF3B4;SYF2;EIF4A3;UBL5;DHX8;SNRPF;SNRPA;SNRPB2;PPIH;RNPS1;U2AF2;BUD13;SF3A1;SNRNP70;RNF113A;PPIL1;SNW1;MAGOHB;CDC5L;DDX41;LSM6;RBM8A;CRNKL1;PRPF6;SNRPE;PRPF4;SNRPB;PRPF8;FRG1;PHF5A;FRA10AC1;WBP4;DDX23;SNIP1;USP39;U2AF1L4;U2AF1;CWC22;PRPF40A;PRPF40B;PRPF19;SNRPA1;ZRSR2;SF3A3;PPWD1;RBM22;DHX38;SF1;PPIE;SART3;CWF19L2;BCAS2;SRRM1;DDX39A;SRSF4;TRA2A;CACTIN;SF3B6;PLRG1;CTNNBL1;LSM7;YTHDC1;RBM10;RBM5;RBM6;METTL3;PRPF3;HNRNPF;HNRNPH3;LSM3
prerank,Reactome_2022__Formation Of HIV Elongation Complex In Absence Of HIV Tat R-HSA-167152,0.12767893195604219,0.4729661806369666,1.0,1.0,1.0,40/41,79.65%,POLR2K;ELOB;SUPT5H;MNAT1;CCNT2;GTF2H3;POLR2I;NELFB;NCBP1;POLR2B;POLR2L;CTDP1;POLR2J;SUPT16H;POLR2E;NCBP2;GTF2H4;NELFA;ELOA;ELOA2;POLR2F;SUPT4H1;POLR2A;CCNK;POLR2H;GTF2H2;GTF2F1;GTF2F2;CDK9;CDK7;SSRP1;ELOC;POLR2G;ERCC3;CCNT1;CCNH;POLR2C;ERCC2;GTF2H1;ELL
prerank,Reactome_2022__PIWI-interacting RNA (piRNA) Biogenesis R-HSA-5601884,0.14595953823294097,0.47097913484824994,0.9977116704805492,1.0,1.0,23/23,85.44%,POLR2K;HENMT1;FKBP6;POLR2I;POLR2B;POLR2L;POLR2J;POLR2E;PLD6;POLR2F;POLR2A;TDRD9;MAEL;POLR2H;HSP90AA1;PIWIL1;PIWIL4;DDX4;POLR2G;PIWIL2;POLR2C;TDRD6;MOV10L1
prerank,Reactome_2022__Transcription-Coupled Nucleotide Excision Repair (TC-NER) R-HSA-6781827,-0.12200368634139527,-0.4680235989558681,1.0,1.0,1.0,21/62,32.54%,COPS3;COPS4;RFC5;SLC19A1;COPS6;ELL;GTF2H1;ERCC2;CUL4B;POLR2C;PCNA;DDB1;PPIE;CCNH;ERCC3;UBA52;COPS5;RFC3;POLR2G;POLE;PRPF19
prerank,GO_Biological_Process_2025__Negative Regulation of Mitotic Metaphase/Anaphase Transition (GO:0045841),0.1529192287056635,0.46565551222155466,0.9976635514018691,1.0,1.0,2/17,12.25%,KCNN4;MAD2L2
prerank,GO_Biological_Process_2025__Transcription by RNA Polymerase II (GO:0006366),-0.10305759149951972,-0.4645519354579167,1.0,1.0,1.0,35/147,27.13%,NOCT;SOX5;ADRM1;E2F2;PCID2;ANXA2;YBX2;SETX;MED17;DRAP1;GTF2A1;RXRB;RXRA;ELL3;ELL;ELL2;GTF2H1;ERCC2;SSU72;SSU72L1;SSU72L2;SSU72L5;SSU72L3;SSU72L6;SSU72L4;POLR2C;ELP4;DMAP1;NFKB1;TAF8;SKIC8;CCNH;CCNT1;TAF10;TAF5
prerank,Reactome_2022__tRNA Processing R-HSA-72306,0.10393011733070445,0.4576471744554364,1.0,1.0,1.0,13/84,18.35%,EPRS1;TRMT5;TRDMT1;FTSJ1;TRMT112;NSUN2;NUP214;POM121C;NUP153;POM121;TSEN54;POP5;ALKBH8
prerank,Reactome_2022__Formation Of HIV-1 Elongation Complex Containing HIV-1 Tat R-HSA-167200,0.12484689116816582,0.45639239926020914,1.0,1.0,1.0,38/39,79.65%,POLR2K;ELOB;SUPT5H;MNAT1;GTF2H3;POLR2I;NELFB;NCBP1;POLR2B;POLR2L;CTDP1;POLR2J;SUPT16H;POLR2E;NCBP2;GTF2H4;NELFA;ELOA;ELOA2;POLR2F;SUPT4H1;POLR2A;POLR2H;GTF2H2;GTF2F1;GTF2F2;CDK9;CDK7;SSRP1;ELOC;POLR2G;ERCC3;CCNT1;CCNH;POLR2C;ERCC2;GTF2H1;ELL
prerank,Reactome_2022__Dual Incision In TC-NER R-HSA-6782135,0.1168056302385786,0.45521802945392753,1.0,1.0,1.0,49/51,79.48%,POLR2K;POLR1B;POLR1A;AQR;POLK;USP7;MNAT1;GTF2H3;POLR2I;RFC2;UBB;POLR2B;POLR2L;POLR2J;CUL4A;POLR2E;GTF2H4;ZNF830;POLE2;RFC4;POLR2F;POLR2A;XAB2;XPA;POLR2H;UBC;GTF2H2;ERCC1;ERCC4;CDK7;EP300;POLE4;RBX1;POLD1;POLD2;PRPF19;POLE;POLR2G;RFC3;UBA52;ERCC3;CCNH;PPIE;DDB1;PCNA;POLR2C;CUL4B;ERCC2;GTF2H1
prerank,WikiPathways_2024_Human__Nucleotide Excision Repair In Xeroderma Pigmentosum WP5114,0.11937037068394554,0.45479852077444516,1.0,1.0,1.0,43/44,82.26%,XPC;PARP1;H3-3A;POLK;USP7;CETN2;MNAT1;GTF2H3;RFC2;H4C1;CUL4A;GTF2H4;RFC1;POLE2;RFC4;GPS1;XAB2;LIG1;XPA;POLH;GTF2H2C;GTF2H2;ERCC1;RAD23B;RAD23A;ERCC4;XRCC1;CDK7;POLE4;RBX1;POLD1;POLD2;POLE;RFC3;ERCC3;CCNH;DDB1;PCNA;LIG3;CUL4B;ERCC2;GTF2H1;RPA1
prerank,WikiPathways_2024_Human__Base Excision Repair WP4752,0.15054254711593373,0.4513606273240442,0.9978070175438597,1.0,1.0,17/17,84.97%,PARP1;NTHL1;OGG1;POLE2;LIG1;TDG;PNKP;SMUG1;APEX1;XRCC1;POLE4;POLD1;POLD2;POLE;PCNA;LIG3;FEN1
prerank,"GO_Biological_Process_2025__mRNA Splicing, via Spliceosome (GO:0000398)",-0.09889048424655981,-0.4506696963187411,1.0,1.0,1.0,34/154,27.23%,LIN9;LSM3;HNRNPH3;HNRNPF;PRPF3;CDK13;METTL3;RBM6;RBM5;RBM10;SMN1;YTHDC1;LSM7;CTNNBL1;SDE2;PLRG1;DDX1;SF3B6;CACTIN;TRA2A;SRSF4;DDX39A;GEMIN2;SRRM1;CELF4;BCAS2;CWF19L2;SART3;PPIE;SF1;DHX38;RBM22;PPWD1;PRMT5
prerank,GO_Molecular_Function_2025__3'-5'-RNA Exonuclease Activity (GO:0000175),0.13208611640112922,0.44741617858786686,1.0,1.0,1.0,10/26,35.28%,CNOT6L;CNOT6;POLRMT;HELZ2;CNOT7;CNOT8;PDE12;EXOSC5;MYG1;EXOSC7
prerank,KEGG_2021_Human__Base excision repair,0.15052535404294198,0.44406862355840676,0.9978401727861771,1.0,1.0,16/16,84.97%,PARP1;NTHL1;OGG1;POLE2;LIG1;TDG;SMUG1;APEX1;XRCC1;POLE4;POLD1;POLD2;POLE;PCNA;LIG3;FEN1
prerank,GO_Biological_Process_2025__Regulation of Type I Interferon Production (GO:0032479),-0.13167151691991663,-0.43389338072683387,0.9981785063752276,1.0,1.0,14/29,40.56%,STING1;MYD88;CGAS;IKBKE;TBK1;IRAK1;GBP7;KPNA2;UFD1;NPLOC4;OTUD5;RBX1;TRAF3IP1;CUL3
prerank,Reactome_2022__Processing Of Capped Intron-Containing Pre-mRNA R-HSA-72203,-0.09283621354673785,-0.4337501529299723,1.0,1.0,1.0,55/186,34.19%,SEH1L;LSM3;HNRNPF;PRPF3;NUP85;WDR33;SEC13;METTL3;RBM5;CPSF6;CPSF7;SRSF2;THOC3;LSM7;NUP210;NUP93;CTNNBL1;PLRG1;NUP43;NDC1;NUP133;SUGP1;SF3B6;NUP205;NUP50;POLR2C;SRSF4;DDX39A;SRRM1;BCAS2;SYMPK;PPIL6;PPIE;SF1;UPF3B;DHX38;RBM22;PPWD1;CSTF2;CSTF2T;PABPN1;CSTF1;NUP58;SRRT;SF3A3;POLR2G;CHERP;ZRSR2;SNRPA1;PRPF19;PRPF40A;CWC22;U2AF1;U2AF1L4;USP39
prerank,Reactome_2022__RHOBTB2 GTPase Cycle R-HSA-9013418,-0.15204646754610077,-0.43188494547046613,0.99812734082397,1.0,1.0,4/16,29.38%,MYO6;TXNL1;SRRM1;TWF1
prerank,GO_Biological_Process_2025__DNA Recombination (GO:0006310),-0.1346776795889237,-0.4310813161846261,0.9981949458483754,1.0,1.0,10/24,36.94%,XRCC6;EXO1;BARD1;GEN1;RTEL1;RAD50;ENDOG;RAD54L;RAD51C;TREX1
prerank,GO_Biological_Process_2025__Nuclear Membrane Reassembly (GO:0031468),0.14377484018161768,0.4254455316426971,1.0,1.0,1.0,9/17,40.98%,SPAST;SIRT2;REEP4;REEP3;UBE2I;CHMP2A;CHMP6;CHMP1B;CHMP4B
prerank,GO_Biological_Process_2025__Positive Regulation of Establishment of Protein Localization to Mitochondrion (GO:1903749),-0.13542256348431145,-0.42212448932117697,0.9981447124304267,1.0,1.0,3/23,17.36%,ATG13;RAC2;FZD5
prerank,Reactome_2022__TP53 Regulates Transcription Of DNA Repair Genes R-HSA-6796648,-0.11357959258331991,-0.41913134568992877,1.0,0.9997863440741387,1.0,17/49,36.65%,NELFCD;CDK13;FANCD2;ELL;GTF2H1;ERCC2;POLR2C;CCNH;CCNT1;JUN;ERCC3;TP53;POLR2G;FANCI;ELOC;SSRP1;FOS
prerank,GO_Biological_Process_2025__DNA-templated DNA Replication (GO:0006261),0.10946982709263726,0.40535396736065243,1.0,1.0,1.0,39/39,89.10%,POLR1A;CDC45;PURA;NOC3L;PRIM1;MCM10;MCM3;ORC4;RFC2;PRIM2;TWNK;POLE2;RFC4;CDC6;WDR18;PNKP;MCM5;CDK2AP1;POLA1;RPA4;TEFM;ORC6;WDHD1;RRM2B;POLE4;MCMBP;ORC5;POLD1;POLD2;RRM1;POLE;RFC3;SSBP1;MCM7;MCM4;DNA2;SLC19A1;POLA2;RFC5
prerank,GO_Biological_Process_2025__Negative Regulation of Cell-Matrix Adhesion (GO:0001953),0.1388957211426289,0.4017892194944085,0.9978902953586498,1.0,1.0,8/15,40.52%,FAM107A;PTEN;ACVRL1;RCC2;CLASP2;SYNGAP1;ARHGAP6;DMTN
prerank,GO_Cellular_Component_2025__Spliceosomal tri-snRNP Complex (GO:0097526),0.10415158655496323,0.37512301698014094,1.0,0.9998645878442787,1.0,1/31,3.47%,SNU13
prerank,GO_Cellular_Component_2025__U4/U6 X U5 tri-snRNP Complex (GO:0046540),0.10415158655496323,0.37512301698014094,1.0,0.9998645878442787,1.0,1/31,3.47%,SNU13
prerank,GO_Biological_Process_2025__DNA Damage Checkpoint Signaling (GO:0000077),-0.12195104212302015,-0.3535973419551675,1.0,0.9999318864135753,1.0,2/18,16.24%,CLSPN;CHEK2
