Pathway,Database,NES,Direction,FDR q-val,Tag %,Gene %
Collagen Biosynthesis And Modifying Enzymes R-HSA-1650814,Reactome_2022,2.471384596566459,Upregulated,0.0,33/58,18.65%
Collagen Formation R-HSA-1474290,Reactome_2022,2.3246310517696736,Upregulated,0.0,39/79,19.19%
Collagen Fibril Organization (GO:0030199),GO_Biological_Process_2025,2.2692080292157324,Upregulated,0.0005738685682907,20/44,9.73%
Endoplasmic Reticulum Lumen (GO:0005788),GO_Cellular_Component_2025,2.14982904429627,Upregulated,0.0096840320899056,96/252,17.72%
Establishment of Protein Localization to Extracellular Region (GO:0035592),GO_Biological_Process_2025,2.107104562726516,Upregulated,0.0175603781896955,12/37,15.80%
Regulation Of Complement Cascade R-HSA-977606,Reactome_2022,2.0865235658503685,Upregulated,0.0205158013163926,18/32,21.43%
Collagen-Containing Extracellular Matrix (GO:0062023),GO_Cellular_Component_2025,2.0803966812032533,Upregulated,0.0196754937699669,119/321,18.24%
Multivesicular Body (GO:0005771),GO_Cellular_Component_2025,2.0685312327234877,Upregulated,0.0201212666756927,15/39,10.14%
Collagen Chain Trimerization R-HSA-8948216,Reactome_2022,2.0658521316793594,Upregulated,0.0187463732308296,19/36,17.26%
Overview Of Proinflammatory And Profibrotic Mediators WP5095,WikiPathways_2024_Human,2.0575521708619497,Upregulated,0.0189376627535932,35/77,21.76%
Post-translational Modification: Synthesis Of GPI-anchored Proteins R-HSA-163125,Reactome_2022,2.0283412802665746,Upregulated,0.0292672969828258,32/72,21.95%
Extracellular Matrix Organization (GO:0030198),GO_Biological_Process_2025,2.0105896345484773,Upregulated,0.0370862562257867,63/154,21.25%
Complement Cascade R-HSA-166658,Reactome_2022,2.001822008368247,Upregulated,0.0390672063797901,19/39,21.43%
COPI-coated Vesicle Membrane (GO:0030663),GO_Cellular_Component_2025,1.9795022251860104,Upregulated,0.0487583329986993,4/15,4.24%
Complement Activation WP545,WikiPathways_2024_Human,1.976652572012339,Upregulated,0.0468850620293504,14/19,26.77%
Assembly Of Collagen Fibrils And Other Multimeric Structures R-HSA-2022090,Reactome_2022,1.9722426230910857,Upregulated,0.0472903567057057,15/48,8.90%
External Encapsulating Structure Organization (GO:0045229),GO_Biological_Process_2025,1.9715125253510104,Upregulated,0.0449136547123988,39/93,21.86%
N-glycan Processing (GO:0006491),GO_Biological_Process_2025,1.9617606601645,Upregulated,0.048683183543328,8/20,12.57%
Extracellular Structure Organization (GO:0043062),GO_Biological_Process_2025,1.9594625989693784,Upregulated,0.0472535460574108,39/94,21.86%
Response to Unfolded Protein (GO:0006986),GO_Biological_Process_2025,1.945675404990921,Upregulated,0.0531976162805481,20/40,16.58%
Cytokine Activity (GO:0005125),GO_Molecular_Function_2025,1.9437492784054515,Upregulated,0.0520990678783917,51/123,23.44%
miRNA Targets In ECM And Membrane Receptors WP2911,WikiPathways_2024_Human,1.9384794527231624,Upregulated,0.0533697768510354,10/22,9.65%
DNA Strand Elongation R-HSA-69190,Reactome_2022,1.9293440880275587,Upregulated,0.0569626931046815,18/30,18.83%
Deposition Of New CENPA-containing Nucleosomes At Centromere R-HSA-606279,Reactome_2022,1.929161158701064,Upregulated,0.0548044482717621,14/32,16.05%
Regulation of Neuroinflammatory Response (GO:0150077),GO_Biological_Process_2025,1.928936963153128,Upregulated,0.0527844309113788,11/20,20.59%
Lysosomal Lumen (GO:0043202),GO_Cellular_Component_2025,1.9017823172686803,Upregulated,0.0720094693864776,24/76,9.45%
DNA replication,KEGG_2021_Human,1.9002498306741296,Upregulated,0.0705220707255019,18/34,20.45%
Protein digestion and absorption,KEGG_2021_Human,1.8967650103166465,Upregulated,0.0712621789980991,28/77,17.26%
DNA Replication WP466,WikiPathways_2024_Human,1.8927698990883888,Upregulated,0.0723074396046286,21/40,20.45%
Fatty Acid Derivative Biosynthetic Process (GO:1901570),GO_Biological_Process_2025,1.8713221103051565,Upregulated,0.0907573140751747,12/23,17.82%
Type I Collagen Synthesis Osteogenesis Imperfecta WP4786,WikiPathways_2024_Human,1.8619094134542609,Upregulated,0.0971318831555264,15/31,17.72%
Retinoblastoma Gene In Cancer WP2446,WikiPathways_2024_Human,1.861084797541687,Upregulated,0.0950649150159068,32/85,17.52%
Oxidative phosphorylation,KEGG_2021_Human,1.8595114854758703,Upregulated,0.0939057657202969,52/113,26.20%
Chemokine Activity (GO:0008009),GO_Molecular_Function_2025,1.853186637633232,Upregulated,0.0971947691324121,12/26,11.29%
Copper Ion Binding (GO:0005507),GO_Molecular_Function_2025,1.846433166404132,Upregulated,0.1025093225415279,16/37,21.35%
B Cell Mediated Immunity (GO:0019724),GO_Biological_Process_2025,1.8456153938122493,Upregulated,0.1007139337350184,6/15,11.53%
Regulation of Axonogenesis (GO:0050770),GO_Biological_Process_2025,1.8442874107569944,Upregulated,0.0991784475658081,11/35,10.75%
Attenuation Phase R-HSA-3371568,Reactome_2022,1.842839391231313,Upregulated,0.0978596926979936,14/22,22.03%
O-glycosylation Of TSR Domain-Containing Proteins R-HSA-5173214,Reactome_2022,1.8364326611338615,Upregulated,0.1022368926277899,10/36,7.54%
DNA-templated DNA Replication Maintenance of Fidelity (GO:0045005),GO_Biological_Process_2025,1.8254157326541856,Upregulated,0.113238615237963,19/38,21.59%
DNA Mismatch Repair WP531,WikiPathways_2024_Human,1.8214175807397408,Upregulated,0.115515543758614,13/22,20.85%
Extracellular Matrix Organization R-HSA-1474244,Reactome_2022,1.8182028406079105,Upregulated,0.1164338334449816,83/251,17.72%
Platelet Alpha Granule Lumen (GO:0031093),GO_Cellular_Component_2025,1.818009500293177,Upregulated,0.1138662005734018,18/60,10.98%
Regulation of DNA-templated DNA Replication (GO:0090329),GO_Biological_Process_2025,1.8170876566767733,Upregulated,0.1122173900357547,8/17,11.75%
Amino Acid Metabolic Process (GO:0006520),GO_Biological_Process_2025,1.816712485892275,Upregulated,0.110182765111815,14/24,28.19%
fatty-acyl-CoA Metabolic Process (GO:0035337),GO_Biological_Process_2025,1.8150379258864655,Upregulated,0.1095090933142563,7/17,13.22%
Metabolic Pathways Of Fibroblasts WP5312,WikiPathways_2024_Human,1.807697516091468,Upregulated,0.1157321962668815,14/31,18.65%
Diseases Associated With Glycosaminoglycan Metabolism R-HSA-3560782,Reactome_2022,1.806763700400238,Upregulated,0.1145764463377907,17/36,24.46%
Regulation of Mitotic Cell Cycle Spindle Assembly Checkpoint (GO:0090266),GO_Biological_Process_2025,1.8025378262682104,Upregulated,0.1172272945776692,13/20,26.63%
Dengue 2 Interactions With Complement And Coagulation Cascades WP3896,WikiPathways_2024_Human,1.7975805274743684,Upregulated,0.121166609508899,24/49,22.68%
"Defective B4GALT7 Causes EDS, Progeroid Type R-HSA-3560783",Reactome_2022,1.796368668690428,Upregulated,0.120495520853745,7/19,9.45%
Negative Regulation of Endothelial Cell Migration (GO:0010596),GO_Biological_Process_2025,1.7933810100849987,Upregulated,0.1218367114217185,9/32,4.97%
Activation Of Pre-Replicative Complex R-HSA-68962,Reactome_2022,1.7846989729028768,Upregulated,0.1311018985823365,15/31,20.99%
Protein processing in endoplasmic reticulum,KEGG_2021_Human,1.7792793867485956,Upregulated,0.1362619033819147,55/159,17.58%
Negative Regulation of Amide Metabolic Process (GO:0034249),GO_Biological_Process_2025,1.7781598717449645,Upregulated,0.1351460478324606,8/21,7.30%
PKC Gamma Calcium Signaling In Ataxia WP4760,WikiPathways_2024_Human,1.7705564109550802,Upregulated,0.1429547594224162,12/21,26.47%
Single-Stranded DNA Helicase Activity (GO:0017116),GO_Molecular_Function_2025,1.769671360956499,Upregulated,0.1416096201279453,11/21,16.64%
Surfactant Metabolism R-HSA-5683826,Reactome_2022,1.7695052640800388,Upregulated,0.1393758549521895,9/23,11.93%
Negative Regulation of Amyloid Precursor Protein Catabolic Process (GO:1902992),GO_Biological_Process_2025,1.767903079752824,Upregulated,0.1393917025792214,6/17,6.97%
Positive Regulation of Leukocyte Activation (GO:0002696),GO_Biological_Process_2025,1.760852234308357,Upregulated,0.1464512586277874,6/20,8.20%
Basement Membrane (GO:0005604),GO_Cellular_Component_2025,1.7603201277642246,Upregulated,0.1447701059531391,17/42,17.72%
Antimicrobial Humoral Response (GO:0019730),GO_Biological_Process_2025,1.7590346856421064,Upregulated,0.144378852620686,35/80,24.11%
Binding And Uptake Of Ligands By Scavenger Receptors R-HSA-2173782,Reactome_2022,1.7516895935036916,Upregulated,0.152594385015966,11/39,6.89%
Complement And Coagulation Cascades WP558,WikiPathways_2024_Human,1.7516051487675377,Upregulated,0.1503042480620768,25/48,25.37%
HSP90 Chaperone Cycle For Steroid Hormone Receptors (SHR) In Presence Of Ligand R-HSA-3371497,Reactome_2022,1.750195186023482,Upregulated,0.1502432055521083,13/35,11.97%
Rheumatoid arthritis,KEGG_2021_Human,1.7448854443118051,Upregulated,0.1560400807052266,36/75,26.03%
Defective B3GAT3 Causes JDSSDHD R-HSA-3560801,Reactome_2022,1.7443110931281358,Upregulated,0.1545205359141557,7/19,9.45%
Disordered Domain Specific Binding (GO:0097718),GO_Molecular_Function_2025,1.7415396310547753,Upregulated,0.1561850822552359,7/17,7.39%
Diseases Of Glycosylation R-HSA-3781865,Reactome_2022,1.7376847244565714,Upregulated,0.1605210188738365,31/124,13.98%
Proton Motive Force-Driven Mitochondrial ATP Synthesis (GO:0042776),GO_Biological_Process_2025,1.734932609900964,Upregulated,0.1624703898055022,26/51,27.13%
Four-Way Junction DNA Binding (GO:0000400),GO_Molecular_Function_2025,1.732104136210186,Upregulated,0.1646921964435404,7/15,12.89%
Protein Glycosylation (GO:0006486),GO_Biological_Process_2025,1.7320189698121504,Upregulated,0.1625004495876508,45/127,22.65%
Negative Regulation of Amyloid-Beta Formation (GO:1902430),GO_Biological_Process_2025,1.7288065925156473,Upregulated,0.1652859394876189,6/16,6.97%
Inflammatory Response Pathway WP453,WikiPathways_2024_Human,1.7260440978924505,Upregulated,0.1672633002051085,7/28,6.23%
Mismatch repair,KEGG_2021_Human,1.7243942841666768,Upregulated,0.1677876919968358,16/21,32.23%
Central Nervous System Neuron Differentiation (GO:0021953),GO_Biological_Process_2025,1.7216167010229029,Upregulated,0.1701331532426576,16/36,25.60%
Melanosome (GO:0042470),GO_Cellular_Component_2025,1.720324554661507,Upregulated,0.1700029737272089,14/25,27.06%
Mannose type O-glycan biosynthesis,KEGG_2021_Human,1.7201022028248725,Upregulated,0.1681214186411648,13/21,32.91%
Defective B3GALTL Causes PpS R-HSA-5083635,Reactome_2022,1.719953161009631,Upregulated,0.1661894317133507,9/35,7.54%
Diseases Of Metabolism R-HSA-5668914,Reactome_2022,1.7177424134189487,Upregulated,0.1679641565815852,54/210,16.46%
Chemokine Receptor Binding (GO:0042379),GO_Molecular_Function_2025,1.7168759430695066,Upregulated,0.1672189244824854,14/30,15.45%
Immunoglobulin Mediated Immune Response (GO:0016064),GO_Biological_Process_2025,1.7154686419926428,Upregulated,0.167384164415767,7/15,17.20%
Platelet Dense Granule (GO:0042827),GO_Cellular_Component_2025,1.711660621762072,Upregulated,0.1713931077031113,7/17,12.91%
Non-Canonical NF-kappaB Signal Transduction (GO:0038061),GO_Biological_Process_2025,1.7104910017633843,Upregulated,0.1712792723287645,4/24,8.71%
Diseases Associated With O-glycosylation Of Proteins R-HSA-3906995,Reactome_2022,1.7095835735018858,Upregulated,0.17050985442901,11/54,7.54%
Defective B3GALT6 Causes EDSP2 And SEMDJL1 R-HSA-4420332,Reactome_2022,1.7091690745701629,Upregulated,0.169107723161711,7/19,9.45%
O-linked Glycosylation R-HSA-5173105,Reactome_2022,1.705485210306525,Upregulated,0.1726256019132396,31/85,22.65%
Systemic lupus erythematosus,KEGG_2021_Human,1.7038926063299482,Upregulated,0.173021373339647,29/55,25.37%
Reg of Blood Vessel Endothelial Cell Proliferation Inv in Sprouting Angiogenesis (GO:1903587),GO_Biological_Process_2025,1.7009247195775918,Upregulated,0.175690829376415,6/15,12.49%
Golgi Lumen (GO:0005796),GO_Cellular_Component_2025,1.7005918635481214,Upregulated,0.1742360618091957,27/69,23.44%
acetyl-CoA Metabolic Process (GO:0006084),GO_Biological_Process_2025,1.6989363858876794,Upregulated,0.1748186540205574,12/15,37.27%
Mitochondrial Complex IV Assembly WP4922,WikiPathways_2024_Human,1.6989113849626265,Upregulated,0.1729558774704399,15/30,26.58%
Heterophilic Cell-Cell Adhesion via Plasma Membrane Cell Adhesion Molecules (GO:0007157),GO_Biological_Process_2025,1.6966823796371855,Upregulated,0.1746966993212698,8/30,12.52%
Paracetamol ADME R-HSA-9753281,Reactome_2022,1.6943442233251564,Upregulated,0.1764462697950841,12/21,18.94%
Protein O-linked Glycosylation (GO:0006493),GO_Biological_Process_2025,1.692249005621853,Upregulated,0.1780140298837761,31/82,22.65%
Pigment Granule (GO:0048770),GO_Cellular_Component_2025,1.6905220118362172,Upregulated,0.1787690257189336,11/21,22.89%
Chromosome Organization (GO:0051276),GO_Biological_Process_2025,1.685502491537182,Upregulated,0.185205727116912,10/33,9.78%
Antigen processing and presentation,KEGG_2021_Human,1.681057281170091,Upregulated,0.1902198629832164,21/53,21.48%
Cell-Cell Adhesion via Plasma-Membrane Adhesion Molecules (GO:0098742),GO_Biological_Process_2025,1.6785904089832555,Upregulated,0.1922633603340004,40/138,15.89%
Multicellular Organismal-Level Iron Ion Homeostasis (GO:0060586),GO_Biological_Process_2025,1.6770847101313946,Upregulated,0.1927767988030544,7/15,12.49%
Caspase Activation Via Extrinsic Apoptotic Signaling Pathway R-HSA-5357769,Reactome_2022,1.6770362410660815,Upregulated,0.1909448228314591,6/23,5.76%
Establishment of Chromosome Localization (GO:0051303),GO_Biological_Process_2025,1.6759343319573974,Upregulated,0.1908366166876128,7/17,14.23%
Oxidative Stress Response WP408,WikiPathways_2024_Human,1.673129795390846,Upregulated,0.1937558575813349,14/30,23.27%
Negative Regulation of Intrinsic Apoptotic Signaling Pathway in Response to DNA Damage (GO:1902230),GO_Biological_Process_2025,1.6729630727374185,Upregulated,0.1922156215588702,5/23,8.77%
Protein N-linked Glycosylation via Asparagine (GO:0018279),GO_Biological_Process_2025,1.67201684500254,Upregulated,0.1920082248276651,12/36,17.32%
Generation of Neurons (GO:0048699),GO_Biological_Process_2025,1.6714641877338523,Upregulated,0.1913824605977406,52/147,19.52%
MHC Class II Protein Complex Binding (GO:0023026),GO_Molecular_Function_2025,1.6676813757409168,Upregulated,0.1962710952418918,9/17,21.48%
GAG Synthesis Requires Tetrasaccharide Linker Sequence R-HSA-1971475,Reactome_2022,1.666780970030323,Upregulated,0.1960877016262205,13/23,27.45%
Initial Triggering Of Complement R-HSA-166663,Reactome_2022,1.662554883613491,Upregulated,0.201388381100659,11/18,26.77%
Complement and coagulation cascades,KEGG_2021_Human,1.6625257246390626,Upregulated,0.1995888795580143,27/64,21.43%
Positive Regulation of Interleukin-8 Production (GO:0032757),GO_Biological_Process_2025,1.66173829956804,Upregulated,0.199334022693841,12/58,8.71%
Regulation of Vacuole Organization (GO:0044088),GO_Biological_Process_2025,1.6605361085466908,Upregulated,0.1997062617651647,6/20,10.14%
N-glycan Antennae Elongation In medial/trans-Golgi R-HSA-975576,Reactome_2022,1.6603128753853118,Upregulated,0.1983350713807533,14/22,32.57%
Branched-Chain Amino Acid Catabolic Process (GO:0009083),GO_Biological_Process_2025,1.6574695465393288,Upregulated,0.2013372566434646,7/18,18.60%
Branched-chain Amino Acid Catabolism R-HSA-70895,Reactome_2022,1.656697638807541,Upregulated,0.2009113857585752,8/21,18.60%
HSF1-dependent Transactivation R-HSA-3371571,Reactome_2022,1.656155225244638,Upregulated,0.2001960289053438,17/31,23.03%
Platelet Degranulation R-HSA-114608,Reactome_2022,1.65608899858211,Upregulated,0.1985585246285833,29/113,11.44%
Meiotic Recombination R-HSA-912446,Reactome_2022,1.6530681549123063,Upregulated,0.2019385132299565,10/34,12.47%
Vacuolar Lumen (GO:0005775),GO_Cellular_Component_2025,1.6488551703517895,Upregulated,0.2077934683956143,38/138,11.83%
Inflammatory Response (GO:0006954),GO_Biological_Process_2025,1.6485981258840336,Upregulated,0.206477910870995,72/212,23.39%
Malaria,KEGG_2021_Human,1.6477240383177685,Upregulated,0.206308121658228,20/46,20.21%
Activation of Protein Kinase Activity (GO:0032147),GO_Biological_Process_2025,1.6449347139333383,Upregulated,0.2096689964179492,7/42,5.57%
Peptidase Inhibitor Activity (GO:0030414),GO_Molecular_Function_2025,1.638760809560614,Upregulated,0.219049831554866,18/31,30.82%
Wide Pore Channel Activity (GO:0022829),GO_Molecular_Function_2025,1.638334011483552,Upregulated,0.2179636125869939,13/18,29.85%
Development Of Ureteric Derived Collecting System WP5053,WikiPathways_2024_Human,1.6374710044181928,Upregulated,0.2177418031294049,26/56,23.07%
D-mannose Binding (GO:0005537),GO_Molecular_Function_2025,1.6365161206923828,Upregulated,0.2178172805096725,11/16,27.53%
Retinol Metabolic Process (GO:0042572),GO_Biological_Process_2025,1.63458176272427,Upregulated,0.2199046279089399,12/15,27.29%
Regulation Of IGF Transport And Uptake By IGFBPs R-HSA-381426,Reactome_2022,1.631806744657897,Upregulated,0.2231295143826239,33/102,15.80%
Scavenging By Class A Receptors R-HSA-3000480,Reactome_2022,1.6312087575373924,Upregulated,0.2224207804449502,6/18,6.41%
Iron Metabolism Disorders WP5172,WikiPathways_2024_Human,1.629805045695,Upregulated,0.2232459089990891,7/17,9.29%
Burn Wound Healing WP5055,WikiPathways_2024_Human,1.6271332252018609,Upregulated,0.2267328429260005,24/63,23.00%
HS-GAG Degradation R-HSA-2024096,Reactome_2022,1.626304300257963,Upregulated,0.2266259146049832,5/20,8.17%
Neuron Differentiation (GO:0030182),GO_Biological_Process_2025,1.626293208703721,Upregulated,0.224967265773119,44/129,19.18%
Branched-Chain Amino Acid Metabolic Process (GO:0009081),GO_Biological_Process_2025,1.6257477105211553,Upregulated,0.2243483493916177,8/16,18.60%
Electron Transport Chain OXPHOS System In Mitochondria WP111,WikiPathways_2024_Human,1.625434116113745,Upregulated,0.223241249382509,41/88,27.54%
Oxidative Phosphorylation WP623,WikiPathways_2024_Human,1.6253649348290935,Upregulated,0.2217136993969306,24/50,27.54%
Positive Regulation of Macrophage Activation (GO:0043032),GO_Biological_Process_2025,1.621839828767632,Upregulated,0.2267555776756553,4/16,8.20%
Fatty Acid Biosynthesis WP357,WikiPathways_2024_Human,1.621312076396021,Upregulated,0.2260543142919031,13/22,30.31%
G1 To S Cell Cycle Control WP45,WikiPathways_2024_Human,1.6182026177725064,Upregulated,0.229958218125957,20/62,17.18%
Aerobic Electron Transport Chain (GO:0019646),GO_Biological_Process_2025,1.6174595775830765,Upregulated,0.2298220644168204,30/63,27.13%
Regulation of Microtubule Polymerization or Depolymerization (GO:0031110),GO_Biological_Process_2025,1.6166009298761916,Upregulated,0.2298160466461195,10/27,17.83%
Positive Regulation of Cell Cycle G2/M Phase Transition (GO:1902751),GO_Biological_Process_2025,1.6165961106048787,Upregulated,0.2281976237824144,8/20,16.71%
Activation Of Gene Expression By SREBF (SREBP) R-HSA-2426168,Reactome_2022,1.616178898527776,Upregulated,0.2272880706453185,13/41,18.76%
Antibacterial Humoral Response (GO:0019731),GO_Biological_Process_2025,1.6160954290046814,Upregulated,0.2258411928127371,13/27,25.47%
Glucagon-type Ligand Receptors R-HSA-420092,Reactome_2022,1.6147134514779538,Upregulated,0.226854202759579,7/22,12.03%
HSF1 Activation R-HSA-3371511,Reactome_2022,1.6146990703618356,Upregulated,0.2253239904900596,15/26,22.03%
Response To Elevated Platelet Cytosolic Ca2+ R-HSA-76005,Reactome_2022,1.613676062328348,Upregulated,0.2257528678035019,29/118,11.44%
DNA Secondary Structure Binding (GO:0000217),GO_Molecular_Function_2025,1.6106948603554707,Upregulated,0.2300262973715779,13/30,20.63%
Retrograde endocannabinoid signaling,KEGG_2021_Human,1.60913865848917,Upregulated,0.231463532099668,52/121,26.47%
Odontogenesis (GO:0042476),GO_Biological_Process_2025,1.6071295472683202,Upregulated,0.2334726883233897,13/31,21.57%
Metabolism of xenobiotics by cytochrome P450,KEGG_2021_Human,1.6046248129791063,Upregulated,0.2368861041730319,21/45,24.02%
Dendrite Membrane (GO:0032590),GO_Cellular_Component_2025,1.6001136681400698,Upregulated,0.2443434202053028,11/22,31.65%
Chaperone-Mediated Protein Complex Assembly (GO:0051131),GO_Biological_Process_2025,1.6000554593569989,Upregulated,0.2428701799605203,10/20,23.51%
Homophilic Cell Adhesion via Plasma Membrane Adhesion Molecules (GO:0007156),GO_Biological_Process_2025,1.5989826395695177,Upregulated,0.2434506976298697,17/53,13.03%
Endoplasmic Reticulum Tubular Network Organization (GO:0071786),GO_Biological_Process_2025,1.5983444080027276,Upregulated,0.2430351898600428,7/18,9.50%
Negative Regulation of Lipid Catabolic Process (GO:0050995),GO_Biological_Process_2025,1.596087772332332,Upregulated,0.2458695737105495,7/16,20.37%
Condensation Of Prophase Chromosomes R-HSA-2299718,Reactome_2022,1.5957400273619573,Upregulated,0.2448956701076995,11/20,24.11%
Membrane Repolarization (GO:0086009),GO_Biological_Process_2025,1.5945106884094231,Upregulated,0.2456829407000246,8/16,20.98%
Leukotriene Biosynthetic Process (GO:0019370),GO_Biological_Process_2025,1.5927355340025529,Upregulated,0.2479816016090157,8/15,17.57%
Cardiac Muscle Cell Action Potential Involved in Contraction (GO:0086002),GO_Biological_Process_2025,1.5917031590729005,Upregulated,0.2485030234626336,11/32,17.93%
Oxidative Phosphorylation (GO:0006119),GO_Biological_Process_2025,1.5912911086923618,Upregulated,0.2476920108372988,28/58,27.13%
Ventricular Septum Morphogenesis (GO:0060412),GO_Biological_Process_2025,1.5902636959978365,Upregulated,0.2480918838286382,10/28,11.12%
Regulation of Reactive Oxygen Species Biosynthetic Process (GO:1903426),GO_Biological_Process_2025,1.5894535206160805,Upregulated,0.2481330234635611,6/22,11.44%
fatty-acyl-CoA Biosynthetic Process (GO:0046949),GO_Biological_Process_2025,1.5882045444674948,Upregulated,0.2489399858862025,7/24,11.95%
Regulation Of Cholesterol Biosynthesis By SREBP (SREBF) R-HSA-1655829,Reactome_2022,1.5877020115772118,Upregulated,0.2483807503301852,17/54,18.76%
NCAM1 Interactions R-HSA-419037,Reactome_2022,1.5854728720448588,Upregulated,0.2513855462674401,14/33,17.26%
Activation Of ATR In Response To Replication Stress R-HSA-176187,Reactome_2022,1.5842617246209678,Upregulated,0.2525245062496692,11/35,8.73%
Molecules Associated With Elastic Fibres R-HSA-2129379,Reactome_2022,1.5841136204415265,Upregulated,0.2513493090848254,13/27,17.37%
Elastic Fibre Formation R-HSA-1566948,Reactome_2022,1.582979610285496,Upregulated,0.2521999552397563,15/36,17.37%
"Mitochondrial Electron Transport, NADH to Ubiquinone (GO:0006120)",GO_Biological_Process_2025,1.582370005453433,Upregulated,0.2518911688075528,18/33,29.42%
Nuclear Chromosome Segregation (GO:0098813),GO_Biological_Process_2025,1.5816068423184977,Upregulated,0.2520289801758101,6/17,14.23%
Monocarboxylic Acid Binding (GO:0033293),GO_Molecular_Function_2025,1.5812180105617415,Upregulated,0.2514194935920354,7/16,17.53%
Glycosaminoglycan Degradation WP4815,WikiPathways_2024_Human,1.5792102356868127,Upregulated,0.2541906041592387,3/16,5.72%
Mitochondrial ATP Synthesis Coupled Electron Transport (GO:0042775),GO_Biological_Process_2025,1.5785466434278936,Upregulated,0.2540110486110875,30/64,27.13%
Azurophil Granule Membrane (GO:0035577),GO_Cellular_Component_2025,1.577189241309903,Upregulated,0.2552108296902415,16/51,19.04%
Replication Fork Processing (GO:0031297),GO_Biological_Process_2025,1.575681916140156,Upregulated,0.2565045772500505,19/44,21.59%
"Valine, leucine and isoleucine degradation",KEGG_2021_Human,1.571090702850751,Upregulated,0.2641059870304655,16/45,19.74%
Positive Regulation of Vasculature Development (GO:1904018),GO_Biological_Process_2025,1.5701683168186564,Upregulated,0.2646001577024648,14/102,4.93%
Biological Oxidations R-HSA-211859,Reactome_2022,1.5701001048544414,Upregulated,0.2632229325750832,59/157,24.46%
Linoleic acid metabolism,KEGG_2021_Human,1.569447950183914,Upregulated,0.2631235207993565,7/20,12.54%
Complement System WP2806,WikiPathways_2024_Human,1.5682424070678205,Upregulated,0.2639811266860116,33/78,21.74%
Cellular Respiration (GO:0045333),GO_Biological_Process_2025,1.5674726758172095,Upregulated,0.2641435038618066,38/83,27.13%
Cells And Molecules Involved In Acute Inflammatory Response WP4493,WikiPathways_2024_Human,1.5662826840560646,Upregulated,0.2652778014534631,7/16,10.98%
Leucine Isoleucine And Valine Metabolism WP4686,WikiPathways_2024_Human,1.5655390849213895,Upregulated,0.2654032968562491,9/24,19.74%
Post-translational Protein Phosphorylation R-HSA-8957275,Reactome_2022,1.5654673511830537,Upregulated,0.264131539034514,28/91,15.80%
Membrane Depolarization During Action Potential (GO:0086010),GO_Biological_Process_2025,1.56501989474018,Upregulated,0.2636787232126034,5/15,9.52%
Amoebiasis,KEGG_2021_Human,1.5623692375726264,Upregulated,0.2676820677647542,32/82,25.09%
Chromosome Maintenance R-HSA-73886,Reactome_2022,1.5588662023641997,Upregulated,0.2733277993413314,28/94,16.90%
"Glycine, serine and threonine metabolism",KEGG_2021_Human,1.557887323629347,Upregulated,0.273963032697003,14/34,17.14%
Axon Extension (GO:0048675),GO_Biological_Process_2025,1.557456269419208,Upregulated,0.2734815967602632,11/20,23.23%
Regulation of B Cell Activation (GO:0050864),GO_Biological_Process_2025,1.553554533151826,Upregulated,0.2796617769749451,9/23,27.47%
Action Potential (GO:0001508),GO_Biological_Process_2025,1.5532608950635811,Upregulated,0.2788732241001431,24/51,28.13%
Cardiac Muscle Cell Action Potential (GO:0086001),GO_Biological_Process_2025,1.5527363825235487,Upregulated,0.2786146766112719,17/34,28.13%
Positive Regulation of Transforming Growth Factor Beta Receptor Signaling Pathway (GO:0030511),GO_Biological_Process_2025,1.55217465683972,Upregulated,0.2769445566834911,6/23,4.48%
Positive Regulation of Cellular Response to Transforming Growth Factor Beta Stimulus (GO:1903846),GO_Biological_Process_2025,1.55217465683972,Upregulated,0.2769445566834911,6/23,4.48%
Endocytic Vesicle Lumen (GO:0071682),GO_Cellular_Component_2025,1.5503651148262227,Upregulated,0.2794798485592897,6/17,6.89%
Chondroitin Sulfate/Dermatan Sulfate Metabolism R-HSA-1793185,Reactome_2022,1.549684483691928,Upregulated,0.2795948838519078,13/45,15.50%
Positive Regulation of Vascular Endothelial Growth Factor Production (GO:0010575),GO_Biological_Process_2025,1.549165091902062,Upregulated,0.2792566182998866,8/27,10.02%
Cell adhesion molecules,KEGG_2021_Human,1.5485084186949745,Upregulated,0.2791899422350768,40/124,19.55%
Neuron Maturation (GO:0042551),GO_Biological_Process_2025,1.5473833530758017,Upregulated,0.2800536000115461,8/15,31.59%
Triglyceride Metabolism R-HSA-8979227,Reactome_2022,1.5472988420524358,Upregulated,0.2788230373666756,16/30,27.32%
Positive Regulation of G2/M Transition of Mitotic Cell Cycle (GO:0010971),GO_Biological_Process_2025,1.546779905158603,Upregulated,0.2785847805700725,7/18,16.22%
Positive Regulation of Chromosome Segregation (GO:0051984),GO_Biological_Process_2025,1.5463722083690228,Upregulated,0.278056282969406,11/18,24.27%
Complex I Biogenesis R-HSA-6799198,Reactome_2022,1.5447155881659336,Upregulated,0.2801364733842021,27/49,29.42%
Neuron Apoptotic Process (GO:0051402),GO_Biological_Process_2025,1.5444413077490946,Upregulated,0.2793956107092206,6/21,7.29%
Positive Regulation of Transferase Activity (GO:0051347),GO_Biological_Process_2025,1.5444234288764125,Upregulated,0.2780685719192101,17/31,26.09%
Nicotine addiction,KEGG_2021_Human,1.5425071801811658,Upregulated,0.2806425222335847,14/24,31.69%
Meiosis R-HSA-1500620,Reactome_2022,1.5396466158090465,Upregulated,0.2853313147310396,16/60,13.32%
"Oxidoreductase Activity, Acting on the CH-CH Group of Donors, NAD or NADP as Acceptor (GO:0016628)",GO_Molecular_Function_2025,1.5381326770195485,Upregulated,0.2870715732765216,9/17,23.13%
Serine-Type Endopeptidase Inhibitor Activity (GO:0004867),GO_Molecular_Function_2025,1.5375619692166156,Upregulated,0.2869588785125641,17/44,16.65%
"Respiratory Electron Transport, ATP Synthesis By Chemiosmotic Coupling, Heat Production By Uncoupling Proteins R-HSA-163200",Reactome_2022,1.5365988105611073,Upregulated,0.2878018863884072,51/108,29.42%
Primary Alcohol Metabolic Process (GO:0034308),GO_Biological_Process_2025,1.536081382903555,Upregulated,0.2876096624839767,19/31,27.29%
ECM-receptor interaction,KEGG_2021_Human,1.5357491353505743,Upregulated,0.2869464081291887,24/82,12.80%
Positive Regulation of Synapse Assembly (GO:0051965),GO_Biological_Process_2025,1.534545318117009,Upregulated,0.2881235865287017,11/30,15.38%
Cellular Response to Hormone Stimulus (GO:0032870),GO_Biological_Process_2025,1.533456831890492,Upregulated,0.2890896277216062,31/67,27.05%
Metapathway Biotransformation Phase I And II WP702,WikiPathways_2024_Human,1.5324128566568285,Upregulated,0.2899829609143959,47/119,24.07%
Proton Motive Force-Driven ATP Synthesis (GO:0015986),GO_Biological_Process_2025,1.531013211253783,Upregulated,0.2916138253047544,26/57,27.13%
Positive Regulation of Viral Life Cycle (GO:1903902),GO_Biological_Process_2025,1.530616464989606,Upregulated,0.2911330014225244,9/20,22.45%
PPAR Alpha Pathway WP2878,WikiPathways_2024_Human,1.5302680072896095,Upregulated,0.2904600382943705,7/18,12.05%
Multivesicular Body Membrane (GO:0032585),GO_Cellular_Component_2025,1.5286411257340558,Upregulated,0.2927590501135023,6/17,10.14%
G Beta:Gamma Signaling Thru PLC Beta R-HSA-418217,Reactome_2022,1.528400852611031,Upregulated,0.2919368081128269,4/17,8.91%
Antimicrobial Humoral Immune Response Mediated by Antimicrobial Peptide (GO:0061844),GO_Biological_Process_2025,1.5265472801433326,Upregulated,0.2944992677719406,17/62,11.29%
Peroxisome (GO:0005777),GO_Cellular_Component_2025,1.525773633294816,Upregulated,0.2949581504948153,41/124,23.51%
Diseases Of DNA Repair R-HSA-9675135,Reactome_2022,1.5238264188453017,Upregulated,0.2976456434490276,20/50,20.85%
Platelet Alpha Granule (GO:0031091),GO_Cellular_Component_2025,1.5237920608397884,Upregulated,0.2963839865698718,21/82,11.44%
Heparan Sulfate/Heparin (HS-GAG) Metabolism R-HSA-1638091,Reactome_2022,1.5231264049102002,Upregulated,0.2964170813501376,20/47,28.09%
Regulation of Spindle Organization (GO:0090224),GO_Biological_Process_2025,1.5218901389567927,Upregulated,0.2978453711089757,6/17,7.49%
Regulation of lipolysis in adipocytes,KEGG_2021_Human,1.5214131681173122,Upregulated,0.297558403560944,21/51,20.93%
Mitochondrial Complex I Assembly Model OXPHOS System WP4324,WikiPathways_2024_Human,1.5197776942334509,Upregulated,0.3000104683782812,27/48,29.42%
TNFs Bind Their Physiological Receptors R-HSA-5669034,Reactome_2022,1.5187414273121984,Upregulated,0.3008917657584742,12/25,28.65%
Tryptophan Metabolism WP465,WikiPathways_2024_Human,1.5181488419928435,Upregulated,0.30083755445894,20/30,38.19%
Alpha-Amino Acid Catabolic Process (GO:1901606),GO_Biological_Process_2025,1.5179138176775615,Upregulated,0.3000231872880682,10/20,18.60%
Energy Derivation by Oxidation of Organic Compounds (GO:0015980),GO_Biological_Process_2025,1.5178927198445331,Upregulated,0.2987761728850155,19/38,26.76%
Positive Regulation of Cell Cycle Process (GO:0090068),GO_Biological_Process_2025,1.5173137269014767,Upregulated,0.2987022684399796,40/103,24.27%
Establishment of Melanosome Localization (GO:0032401),GO_Biological_Process_2025,1.5158525977427966,Upregulated,0.3007168977599589,5/16,20.05%
Axon Guidance (GO:0007411),GO_Biological_Process_2025,1.5144215200759203,Upregulated,0.3026743317832572,35/138,12.98%
Positive Regulation of Fibroblast Proliferation (GO:0048146),GO_Biological_Process_2025,1.5126323711393734,Upregulated,0.3051891159442698,10/25,10.34%
Oxidative Damage Response WP3941,WikiPathways_2024_Human,1.51182152360222,Upregulated,0.30555246124643,17/40,29.47%
Pigment Granule Transport (GO:0051904),GO_Biological_Process_2025,1.511323648065086,Upregulated,0.3040929543372436,5/15,20.05%
Melanosome Transport (GO:0032402),GO_Biological_Process_2025,1.511323648065086,Upregulated,0.3040929543372436,5/15,20.05%
Sildenafil Treatment WP5294,WikiPathways_2024_Human,1.5105272896246649,Upregulated,0.3046349148606584,8/22,19.39%
Neuron Migration (GO:0001764),GO_Biological_Process_2025,1.5090528334106106,Upregulated,0.3065880969304481,20/53,19.52%
Peripheral Nervous System Development (GO:0007422),GO_Biological_Process_2025,1.5087551474882115,Upregulated,0.3060030156460236,10/19,22.28%
Protein N-linked Glycosylation (GO:0006487),GO_Biological_Process_2025,1.5085666957728066,Upregulated,0.3051898899940091,17/57,17.32%
Glycosaminoglycan degradation,KEGG_2021_Human,1.5072787145163178,Upregulated,0.3066952726203905,3/17,5.72%
Positive Regulation of Epithelial to Mesenchymal Transition (GO:0010718),GO_Biological_Process_2025,1.503812503124312,Upregulated,0.3132622543149812,12/46,15.57%
Fatty Acid Biosynthetic Process (GO:0006633),GO_Biological_Process_2025,1.5037209740116275,Upregulated,0.3121717227002413,18/55,13.10%
Transcription Factor Regulation In Adipogenesis WP3599,WikiPathways_2024_Human,1.5036651827443148,Upregulated,0.3110136241519365,11/22,26.60%
Positive Regulation of Neurogenesis (GO:0050769),GO_Biological_Process_2025,1.5016859105291005,Upregulated,0.3141446425852078,16/61,13.01%
Regulation of D-glucose Transmembrane Transport (GO:0010827),GO_Biological_Process_2025,1.4991634722539675,Upregulated,0.3184144183275065,4/16,4.95%
Regulation of Autophagosome Assembly (GO:2000785),GO_Biological_Process_2025,1.4991039153839705,Upregulated,0.3172967326987402,11/42,12.21%
Sulfotransferase Activity (GO:0008146),GO_Molecular_Function_2025,1.4983440495037383,Upregulated,0.3177045702356055,13/25,22.08%
Glutathione Transferase Activity (GO:0004364),GO_Molecular_Function_2025,1.497519131004331,Upregulated,0.3183473505574383,9/20,22.28%
Mineral absorption,KEGG_2021_Human,1.4953642665243316,Upregulated,0.3218894319969643,14/45,16.69%
Acyl Chain Remodelling Of PE R-HSA-1482839,Reactome_2022,1.4938561388886458,Upregulated,0.3240163207493127,7/22,8.44%
Nitric Oxide Metabolic Process (GO:0046209),GO_Biological_Process_2025,1.4936000695665832,Upregulated,0.3232449211343079,7/22,12.11%
Protein Secretion (GO:0009306),GO_Biological_Process_2025,1.4934796253300904,Upregulated,0.3222584624180161,15/52,20.01%
Regulation of Filopodium Assembly (GO:0051489),GO_Biological_Process_2025,1.491413164306656,Upregulated,0.3257304685179347,14/37,25.00%
Negative Regulation of Lipid Metabolic Process (GO:0045833),GO_Biological_Process_2025,1.4892384881867151,Upregulated,0.3295877855889044,14/25,31.11%
Negative Regulation of Endothelial Cell Proliferation (GO:0001937),GO_Biological_Process_2025,1.4885996101431336,Upregulated,0.3299722195803532,10/34,10.14%
Regulation of Peptidyl-Tyrosine Phosphorylation (GO:0050730),GO_Biological_Process_2025,1.488373903958096,Upregulated,0.3291729896286794,11/41,10.97%
Ventricular Septum Development (GO:0003281),GO_Biological_Process_2025,1.4869291775830162,Upregulated,0.3312481083414331,11/37,11.12%
Respiratory Electron Transport R-HSA-611105,Reactome_2022,1.4827101437596848,Upregulated,0.3400465838440741,42/88,29.42%
Water Transport (GO:0006833),GO_Biological_Process_2025,1.48230384664549,Upregulated,0.3396128102209459,7/16,16.98%
Nitric Oxide Biosynthetic Process (GO:0006809),GO_Biological_Process_2025,1.4805413762891484,Upregulated,0.342521575765933,5/15,12.11%
Presynaptic Function Of Kainate Receptors R-HSA-500657,Reactome_2022,1.477817189137489,Upregulated,0.3477319913746761,4/18,8.91%
Impaired BRCA2 Binding To PALB2 R-HSA-9709603,Reactome_2022,1.4769152050869578,Upregulated,0.3485445557185839,8/24,12.89%
Defective HDR Thru Homologous Recombination (HRR) Due To BRCA1 Loss-Of-Function R-HSA-9701192,Reactome_2022,1.4768000380992783,Upregulated,0.3474560050937413,8/25,12.89%
Regulation of Amyloid-Beta Formation (GO:1902003),GO_Biological_Process_2025,1.475659092098542,Upregulated,0.348932356254572,15/32,26.09%
Positive Regulation of Exocytosis (GO:0045921),GO_Biological_Process_2025,1.475367174398804,Upregulated,0.3483159038414677,15/34,23.39%
Carbohydrate Metabolic Process (GO:0005975),GO_Biological_Process_2025,1.475176043474288,Upregulated,0.3474816532924067,25/67,22.36%
Nuclear Chromosome (GO:0000228),GO_Cellular_Component_2025,1.473942527177103,Upregulated,0.3492201219140212,32/88,23.54%
Negative Regulation of Microtubule Polymerization or Depolymerization (GO:0031111),GO_Biological_Process_2025,1.4731787941279109,Upregulated,0.3497981173651964,9/33,13.13%
Long-Chain Fatty Acid Biosynthetic Process (GO:0042759),GO_Biological_Process_2025,1.4724213442923042,Upregulated,0.3502964950814781,12/18,24.00%
Diabetic cardiomyopathy,KEGG_2021_Human,1.472137063779292,Upregulated,0.3496706394282882,66/178,26.20%
Cardiac Muscle Cell Contraction (GO:0086003),GO_Biological_Process_2025,1.4719008069553257,Upregulated,0.3490898640228811,7/23,13.69%
Cytokine-cytokine receptor interaction,KEGG_2021_Human,1.4709783089011994,Upregulated,0.3499987106906698,63/223,21.77%
Iron Ion Transport (GO:0006826),GO_Biological_Process_2025,1.4697854130126573,Upregulated,0.3517246647879997,4/19,7.32%
Intracellular pH Reduction (GO:0051452),GO_Biological_Process_2025,1.4692960030187552,Upregulated,0.3517197260645354,15/30,30.94%
Regulation of Tissue Remodeling (GO:0034103),GO_Biological_Process_2025,1.469290394537789,Upregulated,0.3504728070734382,10/18,25.61%
Microtubule Cytoskeleton Organization Involved in Mitosis (GO:1902850),GO_Biological_Process_2025,1.4692750090664743,Upregulated,0.3492623331487257,25/57,27.20%
Tryptophan metabolism,KEGG_2021_Human,1.469208093889052,Upregulated,0.3482130687646913,15/38,23.27%
Hsp90 Protein Binding (GO:0051879),GO_Molecular_Function_2025,1.4686416339592796,Upregulated,0.3483666102102521,14/31,23.27%
DNA Biosynthetic Process (GO:0071897),GO_Biological_Process_2025,1.46829252957202,Upregulated,0.3479522741336416,5/16,9.50%
Cysteine and methionine metabolism,KEGG_2021_Human,1.4671589438371313,Upregulated,0.349407428706009,14/42,18.12%
Retinoid Metabolic Process (GO:0001523),GO_Biological_Process_2025,1.465416004214965,Upregulated,0.3524295426683476,29/45,27.29%
Homologous recombination,KEGG_2021_Human,1.464778224352057,Upregulated,0.3528031983496455,16/39,20.61%
Gastric Cancer Network 1 WP2361,WikiPathways_2024_Human,1.464348897000213,Upregulated,0.3525525682508417,7/25,13.55%
Specific Granule Lumen (GO:0035580),GO_Cellular_Component_2025,1.464137296217955,Upregulated,0.3518330606763034,9/52,6.19%
Reg of Mt Outer Membrane Permeabilization Inv in Apoptotic Sgnlng Pway (GO:1901028),GO_Biological_Process_2025,1.464025992977262,Upregulated,0.3508988620813126,9/19,24.07%
COPII Vesicle Coat (GO:0030127),GO_Cellular_Component_2025,1.4632180585545167,Upregulated,0.3516394442628301,6/15,26.73%
Regulation of G2/M Transition of Mitotic Cell Cycle (GO:0010389),GO_Biological_Process_2025,1.4626621946237808,Upregulated,0.3517735711489368,11/31,16.96%
Ovarian Infertility WP34,WikiPathways_2024_Human,1.4602777046740882,Upregulated,0.3561726041373129,11/32,22.84%
Brain Development (GO:0007420),GO_Biological_Process_2025,1.4602770513916026,Upregulated,0.3549640605955276,39/132,18.82%
Transferrin Endocytosis And Recycling R-HSA-917977,Reactome_2022,1.4594639025369591,Upregulated,0.3556924925538908,12/30,22.66%
Congenital Generalized Lipodystrophy WP5101,WikiPathways_2024_Human,1.4593382134838797,Upregulated,0.3547816405021668,10/17,26.83%
Rough Endoplasmic Reticulum (GO:0005791),GO_Cellular_Component_2025,1.4593086922897185,Upregulated,0.3536479543721971,7/25,17.39%
Resolution Of Sister Chromatid Cohesion R-HSA-2500257,Reactome_2022,1.4593039372699983,Upregulated,0.3524698820708049,33/102,18.47%
Negative Regulation of Release of Cytochrome C From Mitochondria (GO:0090201),GO_Biological_Process_2025,1.456389725083859,Upregulated,0.3583530911509214,3/15,3.79%
Protein Transport (GO:0015031),GO_Biological_Process_2025,1.456242875878125,Upregulated,0.3575373341021569,63/285,18.26%
G1/S-Specific Transcription R-HSA-69205,Reactome_2022,1.4562212046665366,Upregulated,0.3563981191997956,12/28,24.27%
Extracellular Vesicles In The Crosstalk Of Cardiac Cells WP4300,WikiPathways_2024_Human,1.455984077921706,Upregulated,0.355751006664053,7/18,13.30%
Smooth Endoplasmic Reticulum (GO:0005790),GO_Cellular_Component_2025,1.455689817077577,Upregulated,0.3552899852425923,8/16,22.62%
Activation Of Kainate Receptors Upon Glutamate Binding R-HSA-451326,Reactome_2022,1.454371536446765,Upregulated,0.3572671628209273,6/25,13.46%
Membrane Depolarization During Cardiac Muscle Cell Action Potential (GO:0086012),GO_Biological_Process_2025,1.4543455020895013,Upregulated,0.3561691749892631,6/16,20.01%
Graft-versus-host disease,KEGG_2021_Human,1.453758577318596,Upregulated,0.3565383527003363,12/25,24.13%
Asthma,KEGG_2021_Human,1.4488287585276185,Upregulated,0.3677534844200509,9/18,22.89%
Cytokines And Inflammatory Response WP530,WikiPathways_2024_Human,1.4485127908956457,Upregulated,0.3673140795036149,10/18,30.74%
miR 509 3P Alteration Of YAP1 ECM Axis WP3967,WikiPathways_2024_Human,1.4482072643243962,Upregulated,0.3668914474806903,7/17,6.89%
Regulation of Neuron Differentiation (GO:0045664),GO_Biological_Process_2025,1.447809128826994,Upregulated,0.3666770240872048,24/59,24.97%
Cell Cycle WP179,WikiPathways_2024_Human,1.447666013199345,Upregulated,0.3658246051563374,30/116,17.80%
DNA Recombination (GO:0006310),GO_Biological_Process_2025,1.4460264302669994,Upregulated,0.3686443395227433,16/39,20.61%
Negative Regulation of Cell Migration (GO:0030336),GO_Biological_Process_2025,1.4432359059332849,Upregulated,0.3742347276387893,38/169,11.76%
Neuron Projection Guidance (GO:0097485),GO_Biological_Process_2025,1.4412815748126648,Upregulated,0.3778760037572796,33/121,15.59%
Mitotic Spindle Organization (GO:0007052),GO_Biological_Process_2025,1.4400501515307575,Upregulated,0.3798545361814887,29/87,22.00%
DNA Replication Initiation (GO:0006270),GO_Biological_Process_2025,1.4393210690328575,Upregulated,0.3804149314642249,13/20,35.08%
Cell cycle,KEGG_2021_Human,1.4387729662473143,Upregulated,0.3805916258324294,31/120,17.80%
Phase I - Functionalization Of Compounds R-HSA-211945,Reactome_2022,1.4377087778013804,Upregulated,0.3820042746497752,27/80,24.02%
Negative Regulation of Cell Motility (GO:2000146),GO_Biological_Process_2025,1.434889215026289,Upregulated,0.3877795420354961,31/130,11.76%
Cytosolic Sulfonation Of Small Molecules R-HSA-156584,Reactome_2022,1.4347278914392487,Upregulated,0.3869766123215424,10/16,24.46%
Presynaptic Phase Of Homologous DNA Pairing And Strand Exchange R-HSA-5693616,Reactome_2022,1.4335806684836558,Upregulated,0.3887020980081189,14/39,17.75%
Dopaminergic Neuron Differentiation (GO:0071542),GO_Biological_Process_2025,1.4330446311675589,Upregulated,0.3888556587344599,6/17,15.59%
Folate biosynthesis,KEGG_2021_Human,1.4322563820430767,Upregulated,0.3896558695279505,11/20,22.60%
Coated Vesicle Membrane (GO:0030662),GO_Cellular_Component_2025,1.431783422770732,Upregulated,0.3896567578693875,20/44,29.44%
Frizzled Binding (GO:0005109),GO_Molecular_Function_2025,1.4296064725835065,Upregulated,0.3939298715163521,11/29,23.44%
Gastric Cancer Network 2 WP2363,WikiPathways_2024_Human,1.4295157171596369,Upregulated,0.3929670641352484,8/26,8.69%
Serine-Type Endopeptidase Activity (GO:0004252),GO_Molecular_Function_2025,1.4284154995945997,Upregulated,0.3946294079863652,33/95,20.59%
Glycoprotein Metabolic Process (GO:0009100),GO_Biological_Process_2025,1.4277075001382271,Upregulated,0.3953289587791389,17/48,22.74%
Phosphatidylcholine Metabolic Process (GO:0046470),GO_Biological_Process_2025,1.4276477051633063,Upregulated,0.3942660213700203,18/50,21.75%
Steroid Metabolic Process (GO:0008202),GO_Biological_Process_2025,1.427435811321028,Upregulated,0.3935538471467798,27/62,24.53%
G0 And Early G1 R-HSA-1538133,Reactome_2022,1.4267203196068603,Upregulated,0.3942581088671021,9/26,17.18%
Selenocompound metabolism,KEGG_2021_Human,1.4259994686402186,Upregulated,0.3949684991656445,10/17,30.72%
Negative Regulation of Cell Development (GO:0010721),GO_Biological_Process_2025,1.4252128803514816,Upregulated,0.3958064575268812,3/21,2.41%
Lytic Vacuole (GO:0000323),GO_Cellular_Component_2025,1.425066043625563,Upregulated,0.3950466551709681,61/219,19.71%
Homologous DNA Pairing And Strand Exchange R-HSA-5693579,Reactome_2022,1.425064377202303,Upregulated,0.3938751201064497,16/42,20.61%
Regulation Of TLR By Endogenous Ligand R-HSA-5686938,Reactome_2022,1.4250011345139009,Upregulated,0.3928284064744942,5/15,11.44%
Defective Homologous Recombination Repair (HRR) Due To BRCA2 Loss Of Function R-HSA-9701190,Reactome_2022,1.4244349177449471,Upregulated,0.3931825586724911,14/40,17.75%
Transcription Of E2F Targets Under Negative Control By P107 (RBL1) And P130 (RBL2) In Complex With HDAC1 R-HSA-1362300,Reactome_2022,1.423650553785305,Upregulated,0.3939497361975622,8/15,32.25%
Cholesterol Metab With Bloch And Kandutsch Russell Pathways WP4718,WikiPathways_2024_Human,1.423142662620395,Upregulated,0.3940648810311249,12/45,18.76%
Negative Regulation of Nervous System Development (GO:0051961),GO_Biological_Process_2025,1.4230333106358282,Upregulated,0.3932020841273129,6/17,20.21%
Positive Regulation of Triglyceride Metabolic Process (GO:0090208),GO_Biological_Process_2025,1.4225521966812058,Upregulated,0.3932707835303972,3/16,5.11%
"Oxidoreductase, Paired Donors, W Incorp or Reduction of O2, NAD(P)H as One Donor, and Incorp of O (GO:0016709)",GO_Molecular_Function_2025,1.420427758182621,Upregulated,0.3975071792049081,10/21,26.35%
Positive Regulation of Amyloid-Beta Formation (GO:1902004),GO_Biological_Process_2025,1.4203006714086048,Upregulated,0.3966745179559628,9/17,26.09%
Oogenesis (GO:0048477),GO_Biological_Process_2025,1.419173842033325,Upregulated,0.3983490316341512,4/17,20.62%
Phase II - Conjugation Of Compounds R-HSA-156580,Reactome_2022,1.4179445052104849,Upregulated,0.4003955853386187,29/71,22.78%
Viral protein interaction with cytokine and cytokine receptor,KEGG_2021_Human,1.4178407699889677,Upregulated,0.3994995989633793,18/78,11.30%
Heparan Sulfate Proteoglycan Metabolic Process (GO:0030201),GO_Biological_Process_2025,1.4173770513701098,Upregulated,0.3994050814307407,11/21,26.15%
Iron Uptake And Transport R-HSA-917937,Reactome_2022,1.4173341931444232,Upregulated,0.3983538349646897,23/57,22.81%
TBC/RABGAPs R-HSA-8854214,Reactome_2022,1.4156490947443554,Upregulated,0.4017556831573044,6/42,6.80%
Fatty acid elongation,KEGG_2021_Human,1.4155293599032823,Upregulated,0.4008980233099619,8/26,16.50%
COPI-dependent Golgi-to-ER Retrograde Traffic R-HSA-6811434,Reactome_2022,1.4153916458612097,Upregulated,0.400096751438676,23/73,22.18%
Urea Cycle And Associated Pathways WP4595,WikiPathways_2024_Human,1.415250785653016,Upregulated,0.3993293778002646,6/23,8.47%
Chemokine-Mediated Signaling Pathway (GO:0070098),GO_Biological_Process_2025,1.4152461021996288,Upregulated,0.3982127643139029,11/37,11.29%
Familial Hyperlipidemia Type 4 WP5111,WikiPathways_2024_Human,1.4148881139926797,Upregulated,0.3979827154025543,5/18,6.05%
Legionellosis,KEGG_2021_Human,1.4148037778587736,Upregulated,0.3970531962756244,17/49,22.18%
Regulation of Organelle Assembly (GO:1902115),GO_Biological_Process_2025,1.414201369618638,Upregulated,0.3975047329388349,14/79,11.75%
Inwardly Rectifying K+ Channels R-HSA-1296065,Reactome_2022,1.414155060688049,Upregulated,0.3965118349267424,7/26,12.63%
Negative Regulation of Cytoskeleton Organization (GO:0051494),GO_Biological_Process_2025,1.412671870937397,Upregulated,0.3994966802337799,5/27,6.72%
Mitotic Prometaphase R-HSA-68877,Reactome_2022,1.4126608147586932,Upregulated,0.3984102516854317,63/182,24.75%
Secretory Granule Lumen (GO:0034774),GO_Cellular_Component_2025,1.4120424242564438,Upregulated,0.3988625661523842,39/271,7.59%
Skeletal System Development (GO:0001501),GO_Biological_Process_2025,1.4113914180022344,Upregulated,0.3994602134390517,41/133,22.22%
Mitotic Spindle Assembly (GO:0090307),GO_Biological_Process_2025,1.411191604645465,Upregulated,0.3988774941330971,18/45,22.00%
Cytokine Cytokine Receptor Interaction WP5473,WikiPathways_2024_Human,1.4111323324975162,Upregulated,0.3979327963129187,57/203,21.77%
Positive Regulation of Adenylate Cyclase Activity (GO:0045762),GO_Biological_Process_2025,1.4089882697057872,Upregulated,0.4023922257118388,8/16,13.21%
Proton Transmembrane Transporter Activity (GO:0015078),GO_Molecular_Function_2025,1.4089055029147477,Upregulated,0.4015374094756579,12/32,21.04%
Endopeptidase Activity (GO:0004175),GO_Molecular_Function_2025,1.40852969484195,Upregulated,0.4013904885546429,75/238,20.76%
Fat-Soluble Vitamin Metabolic Process (GO:0006775),GO_Biological_Process_2025,1.4083671752293678,Upregulated,0.4006720633988803,9/22,15.20%
Carbohydrate Derivative Transport (GO:1901264),GO_Biological_Process_2025,1.4079401386867008,Upregulated,0.40067097987438,6/17,14.31%
Calcium Ion Binding (GO:0005509),GO_Molecular_Function_2025,1.4074441261996131,Upregulated,0.4007795437783715,61/265,14.75%
Regulation of Metaphase/Anaphase Transition of Cell Cycle (GO:1902099),GO_Biological_Process_2025,1.4069772269432772,Upregulated,0.4008758883794708,15/29,32.21%
Gap Junction Trafficking R-HSA-190828,Reactome_2022,1.40679793180145,Upregulated,0.4002315623629708,9/18,22.80%
Vibrio cholerae infection,KEGG_2021_Human,1.406347214210282,Upregulated,0.400301094216715,25/48,31.32%
Unsaturated Fatty Acid Metabolic Process (GO:0033559),GO_Biological_Process_2025,1.4049810955434718,Upregulated,0.4027472691651019,16/39,18.94%
Prostacyclin Signaling Thru Prostacyclin Receptor R-HSA-392851,Reactome_2022,1.4031997241635172,Upregulated,0.4061792625307626,4/16,8.91%
Dopaminergic Neurogenesis WP2855,WikiPathways_2024_Human,1.4025188890611726,Upregulated,0.4068590420724696,9/18,31.84%
Negative Regulation of Myeloid Cell Differentiation (GO:0045638),GO_Biological_Process_2025,1.4021912309456217,Upregulated,0.406642351743077,6/17,14.48%
IRAK4 Deficiency (TLR2/4) R-HSA-5603041,Reactome_2022,1.4017876418571225,Upregulated,0.4066208911832223,5/15,11.44%
Meiotic Synapsis R-HSA-1221632,Reactome_2022,1.401489266819588,Upregulated,0.406269342018914,10/35,13.32%
Diterpenoid Metabolic Process (GO:0016101),GO_Biological_Process_2025,1.4014735691062743,Upregulated,0.4052450874486825,12/21,27.29%
Collagen Catabolic Process (GO:0030574),GO_Biological_Process_2025,1.4012136282949474,Upregulated,0.4048469078539981,11/24,21.25%
Respiratory System Development (GO:0060541),GO_Biological_Process_2025,1.4008547539414182,Upregulated,0.4047287154247705,11/30,21.22%
G Protein-Coupled Peptide Receptor Activity (GO:0008528),GO_Molecular_Function_2025,1.4003809581888702,Upregulated,0.4048364828649199,13/47,18.36%
"Hydrolase Activity, Hydrolyzing O-glycosyl Compounds (GO:0004553)",GO_Molecular_Function_2025,1.3997675327859398,Upregulated,0.4053639751053965,2/19,2.31%
Receptor Ligand Activity (GO:0048018),GO_Molecular_Function_2025,1.399488992889229,Upregulated,0.4049898086784048,77/268,20.37%
Central Nervous System Development (GO:0007417),GO_Biological_Process_2025,1.39946093794613,Upregulated,0.4040206136053182,62/224,19.07%
Voltage-Gated Sodium Channel Activity (GO:0005248),GO_Molecular_Function_2025,1.3991598092911537,Upregulated,0.4037299181477289,6/16,16.71%
Synthesis Of PA R-HSA-1483166,Reactome_2022,1.3991196159907218,Upregulated,0.402795678927113,11/33,15.79%
Amino Acid Catabolic Process (GO:0009063),GO_Biological_Process_2025,1.3969268394111585,Upregulated,0.4073926984277843,8/17,27.47%
Azurophil Granule (GO:0042582),GO_Cellular_Component_2025,1.3967574383265544,Upregulated,0.4067680728400915,33/133,15.46%
PRC2 Methylates Histones And DNA R-HSA-212300,Reactome_2022,1.396678630966455,Upregulated,0.4059237245936278,9/21,24.11%
Positive Regulation of Cell Projection Organization (GO:0031346),GO_Biological_Process_2025,1.396148579869522,Upregulated,0.4062659232224866,30/110,18.50%
Development And Heterogeneity Of The ILC Family WP3893,WikiPathways_2024_Human,1.3955740360315811,Upregulated,0.4067908336940671,2/27,0.51%
Positive Regulation of Intrinsic Apoptotic Signaling Pathway (GO:2001244),GO_Biological_Process_2025,1.3955416173451192,Upregulated,0.4058105009653567,8/36,10.34%
p53 signaling pathway,KEGG_2021_Human,1.395106189911012,Upregulated,0.4058663601447866,15/68,11.33%
Positive Regulation of Release of Sequestered Calcium Ion Into Cytosol (GO:0051281),GO_Biological_Process_2025,1.3950707364363573,Upregulated,0.4049042278040987,7/33,11.28%
Sensory Perception of Sound (GO:0007605),GO_Biological_Process_2025,1.394943637402254,Upregulated,0.4042469314692632,17/73,11.65%
Cell Adhesion Mediator Activity (GO:0098631),GO_Molecular_Function_2025,1.3945253713961374,Upregulated,0.4043258214235791,15/38,15.47%
Metalloexopeptidase Activity (GO:0008235),GO_Molecular_Function_2025,1.3932247010512335,Upregulated,0.4065995785017993,11/42,13.27%
intra-Golgi Vesicle-Mediated Transport (GO:0006891),GO_Biological_Process_2025,1.3930315827357933,Upregulated,0.406081048885918,5/29,8.81%
ECM Proteoglycans R-HSA-3000178,Reactome_2022,1.3928042681330886,Upregulated,0.4056447361819665,15/48,13.88%
Triglyceride Catabolism R-HSA-163560,Reactome_2022,1.3920224052391084,Upregulated,0.4066381155535208,9/18,24.83%
Regulation of Peptidyl-Threonine Phosphorylation (GO:0010799),GO_Biological_Process_2025,1.3908970954441502,Upregulated,0.4085280403035142,1/18,0.01%
Metallocarboxypeptidase Activity (GO:0004181),GO_Molecular_Function_2025,1.3906561350356257,Upregulated,0.4081529832627571,6/18,18.31%
Carbohydrate digestion and absorption,KEGG_2021_Human,1.3904440819555837,Upregulated,0.4077201233363893,9/36,12.95%
Negative Regulation of Microtubule Depolymerization (GO:0007026),GO_Biological_Process_2025,1.3903490861609231,Upregulated,0.4069450798489304,12/21,33.02%
Activation Of G Protein Gated Potassium Channels R-HSA-1296041,Reactome_2022,1.389240189158186,Upregulated,0.4087350608262933,5/22,8.91%
Positive Regulation of Establishment of Protein Localization (GO:1904951),GO_Biological_Process_2025,1.3888297036509445,Upregulated,0.408733305276486,9/31,19.37%
Endopeptidase Regulator Activity (GO:0061135),GO_Molecular_Function_2025,1.3883688405640195,Upregulated,0.4088560371761721,8/41,8.48%
Thyroid hormone synthesis,KEGG_2021_Human,1.3871194060886984,Upregulated,0.4110133678399322,20/65,16.69%
Cellular Response to Xenobiotic Stimulus (GO:0071466),GO_Biological_Process_2025,1.387089916378138,Upregulated,0.4100906779388411,9/22,21.21%
Exocytic Vesicle (GO:0070382),GO_Cellular_Component_2025,1.3865075901508876,Upregulated,0.4105526947520019,8/29,5.32%
Motile Cilium Assembly (GO:0044458),GO_Biological_Process_2025,1.384684817090292,Upregulated,0.41436792842775,9/17,42.10%
Positive Regulation of Embryonic Development (GO:0040019),GO_Biological_Process_2025,1.3839281801894017,Upregulated,0.4153842723395728,6/16,14.13%
Positive Regulation of Angiogenesis (GO:0045766),GO_Biological_Process_2025,1.3833024024061111,Upregulated,0.4160671874144183,14/118,4.93%
Regulation of G0 to G1 Transition (GO:0070316),GO_Biological_Process_2025,1.382974724031436,Upregulated,0.4158486724525061,14/29,31.09%
Kinesins R-HSA-983189,Reactome_2022,1.3819963747822452,Upregulated,0.417547322085016,21/37,33.07%
HS-GAG Biosynthesis R-HSA-2022928,Reactome_2022,1.3819526793873846,Upregulated,0.416651287608731,13/26,28.09%
Lysosome,KEGG_2021_Human,1.381011141484752,Upregulated,0.418074235130271,38/118,24.42%
Other glycan degradation,KEGG_2021_Human,1.3805800864936202,Upregulated,0.4181159821665534,5/16,7.43%
Intrinsic Pathway Of Fibrin Clot Formation R-HSA-140837,Reactome_2022,1.37907016936453,Upregulated,0.4207522361483395,6/18,11.77%
CCR Chemokine Receptor Binding (GO:0048020),GO_Molecular_Function_2025,1.377080404865796,Upregulated,0.4250587234783234,12/25,15.45%
Nervous System Development (GO:0007399),GO_Biological_Process_2025,1.3764367541044706,Upregulated,0.4257812402920377,85/388,14.31%
Granulocyte Chemotaxis (GO:0071621),GO_Biological_Process_2025,1.3732256540599768,Upregulated,0.4332544891000968,11/47,11.28%
Sensory Perception (GO:0007600),GO_Biological_Process_2025,1.3729108840429545,Upregulated,0.4330427104421295,15/34,23.31%
Centromere Complex Assembly (GO:0034508),GO_Biological_Process_2025,1.3716859266200945,Upregulated,0.435282684745959,6/15,12.14%
Negative Regulation of Supramolecular Fiber Organization (GO:1902904),GO_Biological_Process_2025,1.3710662697247904,Upregulated,0.435923900855839,14/72,13.13%
Nicotinamide Salvaging R-HSA-197264,Reactome_2022,1.3707890309832629,Upregulated,0.4356569602608864,7/18,23.61%
Resolution Of D-loop Structures Thru Synthesis-Dependent Strand Annealing (SDSA) R-HSA-5693554,Reactome_2022,1.3694752700391046,Upregulated,0.4382150222033407,8/27,12.89%
Endopeptidase Inhibitor Activity (GO:0004866),GO_Molecular_Function_2025,1.3667632579788895,Upregulated,0.4445294282786388,24/89,16.65%
Retinoid Metabolism And Transport R-HSA-975634,Reactome_2022,1.366024604822537,Upregulated,0.4455855881615796,8/32,8.17%
Triglyceride Metabolic Process (GO:0006641),GO_Biological_Process_2025,1.365978063492421,Upregulated,0.4446655885662833,8/40,7.14%
Galactose metabolism,KEGG_2021_Human,1.365677343056782,Upregulated,0.444489102529886,10/26,19.81%
Positive Regulation of Leukocyte Proliferation (GO:0070665),GO_Biological_Process_2025,1.3648928758676129,Upregulated,0.4455658700018201,3/16,2.53%
Proton Transmembrane Transport (GO:1902600),GO_Biological_Process_2025,1.364393781842528,Upregulated,0.4457848062260782,16/44,20.01%
Cargo Concentration In ER R-HSA-5694530,Reactome_2022,1.3640649894001802,Upregulated,0.4456010278492029,15/28,29.44%
Neural Crest Cell Migration In Cancer WP4565,WikiPathways_2024_Human,1.364032087132956,Upregulated,0.444663902837289,8/41,7.52%
Serine-Type Peptidase Activity (GO:0008236),GO_Molecular_Function_2025,1.363593945465625,Upregulated,0.4447238462181706,37/106,21.34%
Regulation of Vascular Endothelial Growth Factor Production (GO:0010574),GO_Biological_Process_2025,1.363575788909967,Upregulated,0.4437615581606308,8/29,10.02%
Positive Regulation of Amyloid Precursor Protein Catabolic Process (GO:1902993),GO_Biological_Process_2025,1.363034189228436,Upregulated,0.4442017234286082,11/22,26.09%
Cation-Transporting ATPase Complex (GO:0090533),GO_Cellular_Component_2025,1.3621583464614595,Upregulated,0.4455926401934046,11/27,21.07%
Integrated Cancer Pathway WP1971,WikiPathways_2024_Human,1.3619257973741905,Upregulated,0.445273210645942,11/42,14.64%
Kynurenine Pathway And Links To Cell Senescence WP5044,WikiPathways_2024_Human,1.3612971781171703,Upregulated,0.4459581981303785,10/21,26.07%
Regulation of Synapse Assembly (GO:0051963),GO_Biological_Process_2025,1.361170248026754,Upregulated,0.4452740786616968,15/54,15.38%
Metabolism Of Fat-Soluble Vitamins R-HSA-6806667,Reactome_2022,1.3603952691451158,Upregulated,0.4463514826752153,8/35,8.17%
Regulation of Protein Targeting to Membrane (GO:0090313),GO_Biological_Process_2025,1.3597787460592463,Upregulated,0.4470216916295568,11/21,30.06%
Extrafollicular And Follicular B Cell Activation By SARS CoV 2 WP5218,WikiPathways_2024_Human,1.3590597967903075,Upregulated,0.447908921003784,35/67,31.43%
Allograft Rejection WP2328,WikiPathways_2024_Human,1.3577610214896887,Upregulated,0.4504906775751033,27/70,24.13%
Glycosphingolipid Biosynthetic Process (GO:0006688),GO_Biological_Process_2025,1.3564501208294972,Upregulated,0.4530762799269513,11/27,24.55%
Regulation of Lipid Catabolic Process (GO:0050994),GO_Biological_Process_2025,1.3562940281427665,Upregulated,0.4525138986010952,8/21,20.37%
Negative Regulation of Intrinsic Apoptotic Signaling Pathway (GO:2001243),GO_Biological_Process_2025,1.3548638501943857,Upregulated,0.4553742734148112,9/53,5.80%
Positive Regulation of Phosphate Metabolic Process (GO:0045937),GO_Biological_Process_2025,1.3547330674155276,Upregulated,0.4547424878080873,7/22,17.85%
Late Endosome Membrane (GO:0031902),GO_Cellular_Component_2025,1.3545644154255692,Upregulated,0.4542315724404442,24/84,21.48%
Bone Development (GO:0060348),GO_Biological_Process_2025,1.3540069693845505,Upregulated,0.4547775387810511,16/38,24.74%
Positive Regulation of Cell Adhesion Mediated by Integrin (GO:0033630),GO_Biological_Process_2025,1.353971640817432,Upregulated,0.453853563843097,2/16,0.56%
Positive Regulation of Nervous System Development (GO:0051962),GO_Biological_Process_2025,1.3526498389145136,Upregulated,0.45636551049678,14/44,15.38%
Secretory Vesicle (GO:0099503),GO_Cellular_Component_2025,1.3517083529110732,Upregulated,0.4580037492625888,8/31,5.32%
Arginine and proline metabolism,KEGG_2021_Human,1.3507989533530418,Upregulated,0.4595971465960556,16/47,24.66%
Collagen Degradation R-HSA-1442490,Reactome_2022,1.3506648577569886,Upregulated,0.4589470020319986,14/32,20.76%
Regulation of Transport (GO:0051049),GO_Biological_Process_2025,1.3505569586800148,Upregulated,0.4582134225178677,14/42,19.88%
Unattached Kinetochores Signal Amplification Via A MAD2 Inhibitory Signal R-HSA-141444,Reactome_2022,1.349313043138416,Upregulated,0.4604434457680458,27/89,18.47%
Positive Regulation of Calcium Ion Transmembrane Transport (GO:1904427),GO_Biological_Process_2025,1.3493120352046104,Upregulated,0.4594465202953438,10/41,16.35%
Double-Strand Break Repair via Homologous Recombination (GO:0000724),GO_Biological_Process_2025,1.3458374092387724,Upregulated,0.4679022465881151,33/109,20.61%
Estrogen-dependent Gene Expression R-HSA-9018519,Reactome_2022,1.3451107223762533,Upregulated,0.4689479176641543,21/93,13.32%
Regulation of Metabolic Process (GO:0019222),GO_Biological_Process_2025,1.3450327775684607,Upregulated,0.4681450340473626,11/42,7.92%
Autophagosome Assembly (GO:0000045),GO_Biological_Process_2025,1.3449918407268178,Upregulated,0.4672567466248004,16/68,13.90%
Negative Regulation of Cell Growth (GO:0030308),GO_Biological_Process_2025,1.3449887091031334,Upregulated,0.4662688274750036,38/105,23.80%
Glycosaminoglycan Metabolism R-HSA-1630316,Reactome_2022,1.344731971303306,Upregulated,0.4660629953531031,36/107,24.55%
Mesonephric Tubule Development (GO:0072164),GO_Biological_Process_2025,1.3443878973113743,Upregulated,0.4660530110230874,7/15,23.07%
Positive Regulation of Neuron Projection Development (GO:0010976),GO_Biological_Process_2025,1.344386822102637,Upregulated,0.4650666361838265,28/93,19.02%
Ureteric Bud Development (GO:0001657),GO_Biological_Process_2025,1.343649445179021,Upregulated,0.4660954406672323,8/17,23.07%
Endothelial Cell Migration (GO:0043542),GO_Biological_Process_2025,1.3422070666163208,Upregulated,0.4692526938126891,8/38,6.79%
Glutathione Conjugation R-HSA-156590,Reactome_2022,1.3421002966272626,Upregulated,0.4685831391811657,11/30,18.94%
Pluripotent Stem Cell Differentiation Pathway WP2848,WikiPathways_2024_Human,1.342058809526406,Upregulated,0.4676707319580654,10/39,12.83%
DNA IR Damage And Cellular Response Via ATR WP4016,WikiPathways_2024_Human,1.3413948211171525,Upregulated,0.4685309972934439,18/80,13.22%
Response to Endoplasmic Reticulum Stress (GO:0034976),GO_Biological_Process_2025,1.339808715755962,Upregulated,0.4720552231932753,57/187,22.74%
Defective Pyroptosis R-HSA-9710421,Reactome_2022,1.3394861341055335,Upregulated,0.4719044208890515,9/21,24.11%
Transcription Of E2F Targets Under Negative Control By DREAM Complex R-HSA-1362277,Reactome_2022,1.3390008206906838,Upregulated,0.4723227055934772,11/18,37.10%
'De Novo' Post-Translational Protein Folding (GO:0051084),GO_Biological_Process_2025,1.3387413920380815,Upregulated,0.4720207038804744,14/32,27.76%
Liver Development (GO:0001889),GO_Biological_Process_2025,1.3387060144216971,Upregulated,0.4711287227624081,13/27,28.07%
Transport Across Blood-Brain Barrier (GO:0150104),GO_Biological_Process_2025,1.3384787891557144,Upregulated,0.4707892200507615,24/81,20.01%
Hematopoietic cell lineage,KEGG_2021_Human,1.3377713705623988,Upregulated,0.4717289111895572,30/81,22.64%
Positive Regulation of Smoothened Signaling Pathway (GO:0045880),GO_Biological_Process_2025,1.337693062329178,Upregulated,0.4710002462272158,7/21,14.81%
COPII-coated ER to Golgi Transport Vesicle (GO:0030134),GO_Cellular_Component_2025,1.3371630556613443,Upregulated,0.4714259000487222,29/64,32.12%
Cyclin A/B1/B2 Associated Events During G2/M Transition R-HSA-69273,Reactome_2022,1.3370438235096271,Upregulated,0.4707560062216929,8/24,16.90%
Positive Regulation of Tumor Necrosis Factor Production (GO:0032760),GO_Biological_Process_2025,1.3368741072554768,Upregulated,0.47023441264529,15/76,8.71%
Small Cell Lung Cancer WP4658,WikiPathways_2024_Human,1.3363659175852711,Upregulated,0.4707369475318675,19/92,10.64%
Mucosal Immune Response (GO:0002385),GO_Biological_Process_2025,1.3356857588314774,Upregulated,0.4715414393400997,4/15,8.86%
Virus Receptor Activity (GO:0001618),GO_Molecular_Function_2025,1.335671833029052,Upregulated,0.4706051528834425,13/26,24.07%
Ionotropic Glutamate Receptor Complex (GO:0008328),GO_Cellular_Component_2025,1.334970366699313,Upregulated,0.4715122438372332,12/23,30.10%
Regulation of Regulated Secretory Pathway (GO:1903305),GO_Biological_Process_2025,1.3346281768236798,Upregulated,0.4715723969316833,11/32,12.43%
Positive Regulation of Reactive Oxygen Species Metabolic Process (GO:2000379),GO_Biological_Process_2025,1.3345303450540733,Upregulated,0.4708801982341091,15/47,19.26%
Resolution Of AP Sites Via Multiple-Nucleotide Patch Replacement Pathway R-HSA-110373,Reactome_2022,1.3335309980764656,Upregulated,0.4728379570835488,8/24,16.64%
Regulation of Phosphorylation (GO:0042325),GO_Biological_Process_2025,1.331556302880566,Upregulated,0.4772601810878578,17/60,17.18%
Drug ADME R-HSA-9748784,Reactome_2022,1.3314900475114095,Upregulated,0.4764648339187301,21/59,19.21%
Acylglycerol Catabolic Process (GO:0046464),GO_Biological_Process_2025,1.3310718447982552,Upregulated,0.4766204529090284,5/21,6.19%
Negative Regulation of Protein Depolymerization (GO:1901880),GO_Biological_Process_2025,1.3305515682081843,Upregulated,0.4771364262447422,12/24,33.02%
Phospholipase A2 Activity (GO:0004623),GO_Molecular_Function_2025,1.330487157098975,Upregulated,0.4763686449376509,5/22,8.44%
Fatty acyl-CoA Biosynthesis R-HSA-75105,Reactome_2022,1.3300987324055626,Upregulated,0.4763644957945879,11/33,18.76%
Regulation of Catabolic Process (GO:0009894),GO_Biological_Process_2025,1.3298464880852117,Upregulated,0.4760929796297986,24/78,19.99%
Golgi-associated Vesicle (GO:0005798),GO_Cellular_Component_2025,1.3295118707799178,Upregulated,0.4761427681907745,7/43,9.45%
Regulation of Triglyceride Biosynthetic Process (GO:0010866),GO_Biological_Process_2025,1.3293642216545631,Upregulated,0.4755342991277885,3/15,5.11%
Regulation of Wnt Signaling Pathway (GO:0030111),GO_Biological_Process_2025,1.3288855366408991,Upregulated,0.4759862529693424,34/101,24.38%
Gap Junction Trafficking And Regulation R-HSA-157858,Reactome_2022,1.3281685329146151,Upregulated,0.4771260788622851,9/20,22.80%
Positive Regulation of Proteolysis (GO:0045862),GO_Biological_Process_2025,1.3265979569014992,Upregulated,0.4808267107722379,17/49,26.67%
Cellular Response to Chemokine (GO:1990869),GO_Biological_Process_2025,1.326330885714893,Upregulated,0.4806058349562436,11/38,11.29%
Protein K11-linked Ubiquitination (GO:0070979),GO_Biological_Process_2025,1.3260148278452784,Upregulated,0.4805236286712359,8/35,8.69%
Transmitter-Gated Monoatomic Ion Channel Activity (GO:0022824),GO_Molecular_Function_2025,1.3246303426299957,Upregulated,0.4834808731129157,10/24,26.47%
Condensed Nuclear Chromosome (GO:0000794),GO_Cellular_Component_2025,1.3245543998858282,Upregulated,0.4827595902680701,13/26,27.57%
Mitotic Prophase R-HSA-68875,Reactome_2022,1.3232021310337818,Upregulated,0.4855452348808613,32/86,24.63%
Negative Regulation of Protein Polymerization (GO:0032272),GO_Biological_Process_2025,1.3231410967774844,Upregulated,0.4847383403915057,6/28,7.70%
Lipoprotein Particle Binding (GO:0071813),GO_Molecular_Function_2025,1.3229874209460832,Upregulated,0.4842007622224311,6/20,11.44%
G-protein Activation R-HSA-202040,Reactome_2022,1.321834050229316,Upregulated,0.4863805117155096,7/19,25.09%
Postsynaptic Density (GO:0014069),GO_Cellular_Component_2025,1.321581235981134,Upregulated,0.4861455423209089,56/139,30.90%
Negative Regulation of Mitotic Metaphase/Anaphase Transition (GO:0045841),GO_Biological_Process_2025,1.321057550427999,Upregulated,0.4866048186844748,13/28,27.04%
Cellular Response to Estradiol Stimulus (GO:0071392),GO_Biological_Process_2025,1.320462859155628,Upregulated,0.4873030019568247,9/17,31.38%
"Antigen Presentation: Folding, Assembly, Peptide Loading Of Class I MHC R-HSA-983170",Reactome_2022,1.3204092426957703,Upregulated,0.4864954105458614,9/25,22.29%
Regulation of Neurotransmitter Receptor Activity (GO:0099601),GO_Biological_Process_2025,1.3201896864446192,Upregulated,0.4861704620832994,6/15,19.99%
Trans Sulfuration One Carbon Metabolism And Related Pathways WP2525,WikiPathways_2024_Human,1.3200754244822033,Upregulated,0.4855360150947136,21/61,17.14%
Estrogen Metabolic Process (GO:0008210),GO_Biological_Process_2025,1.3198646021471678,Upregulated,0.4851511413604439,9/16,24.02%
Antigen Processing and Presentation of Endogenous Peptide Antigen (GO:0002483),GO_Biological_Process_2025,1.319667639431283,Upregulated,0.4847478832285576,8/17,21.47%
Biosynthesis of unsaturated fatty acids,KEGG_2021_Human,1.3187129888808955,Upregulated,0.4864362222648006,10/25,18.76%
Negative Regulation of Growth (GO:0045926),GO_Biological_Process_2025,1.318093748201585,Upregulated,0.4871946259074867,34/94,23.80%
Xenobiotic Transport (GO:0042908),GO_Biological_Process_2025,1.317575246053287,Upregulated,0.4877262876855138,6/17,9.76%
MHC Class II Antigen Presentation R-HSA-2132295,Reactome_2022,1.317471306808753,Upregulated,0.487079708688922,31/92,22.29%
Impaired BRCA2 Binding To RAD51 R-HSA-9709570,Reactome_2022,1.316336606234341,Upregulated,0.4893410074304443,12/34,17.75%
Thromboxane Signaling Thru TP Receptor R-HSA-428930,Reactome_2022,1.3158601328408763,Upregulated,0.4897919135141432,8/20,25.09%
Aryl Hydrocarbon Receptor Pathway WP2873,WikiPathways_2024_Human,1.3151950959348857,Upregulated,0.4908078988722782,14/38,24.25%
Cellular Response to Unfolded Protein (GO:0034620),GO_Biological_Process_2025,1.3150496593356191,Upregulated,0.4902793943321779,18/58,19.29%
Negative Regulation of Epithelial Cell Proliferation (GO:0050680),GO_Biological_Process_2025,1.3146707187853457,Upregulated,0.4904883943258795,15/63,10.97%
Lung Development (GO:0030324),GO_Biological_Process_2025,1.3142819788112807,Upregulated,0.4907047264219864,3/33,3.45%
Non-alcoholic fatty liver disease,KEGG_2021_Human,1.3141948137655222,Upregulated,0.4900027024377336,54/146,26.20%
Base Excision Repair R-HSA-73884,Reactome_2022,1.3141122547661832,Upregulated,0.4893097898432896,22/52,26.97%
Aspirin ADME R-HSA-9749641,Reactome_2022,1.3140586702981718,Upregulated,0.4885354965300129,7/17,17.27%
ER to Golgi Transport Vesicle Membrane (GO:0012507),GO_Cellular_Component_2025,1.314035827591547,Upregulated,0.4877157434808812,19/45,29.44%
Negative Regulation of Organelle Organization (GO:0010639),GO_Biological_Process_2025,1.313611904607823,Upregulated,0.4879352363066414,10/39,17.04%
Regulation of Mitotic Metaphase/Anaphase Transition (GO:0030071),GO_Biological_Process_2025,1.313109291810013,Upregulated,0.4883932004744937,20/47,27.73%
Regulation of Protein Modification Process (GO:0031399),GO_Biological_Process_2025,1.3115727899791894,Upregulated,0.4917300227382342,5/29,5.74%
Regulation of Interleukin-8 Production (GO:0032677),GO_Biological_Process_2025,1.3111943019724672,Upregulated,0.4918608298755994,12/77,8.71%
Cholesterol Binding (GO:0015485),GO_Molecular_Function_2025,1.3109645826330425,Upregulated,0.4916382065033856,21/48,28.48%
Embryonic Skeletal System Development (GO:0048706),GO_Biological_Process_2025,1.310900376178219,Upregulated,0.4909094904268566,11/32,23.07%
Protein Export From Nucleus (GO:0006611),GO_Biological_Process_2025,1.3106626223339608,Upregulated,0.4907149066698594,5/24,6.44%
Regulation of Plasma Membrane Bounded Cell Projection Assembly (GO:0120032),GO_Biological_Process_2025,1.3102443591321693,Upregulated,0.490972088923205,20/71,22.85%
"Cell Cycle, Mitotic R-HSA-69278",Reactome_2022,1.3077235837669603,Upregulated,0.4971794360817776,147/476,24.87%
Positive Regulation of Cardiac Muscle Hypertrophy (GO:0010613),GO_Biological_Process_2025,1.3073184803727689,Upregulated,0.4973478362931462,3/18,5.69%
Regulation of Epithelial Cell Proliferation (GO:0050678),GO_Biological_Process_2025,1.3066657885246942,Upregulated,0.4982595417211655,14/82,10.97%
Ferroptosis WP4313,WikiPathways_2024_Human,1.3062539962015178,Upregulated,0.4984931390325205,13/58,12.49%
Cellular Response to Amyloid-Beta (GO:1904646),GO_Biological_Process_2025,1.3060229424662115,Upregulated,0.4982348941417132,7/34,11.44%
HDR Thru Single Strand Annealing (SSA) R-HSA-5685938,Reactome_2022,1.305974919620323,Upregulated,0.4974592250692959,13/36,17.75%
Melanosome Localization (GO:0032400),GO_Biological_Process_2025,1.3054799999104525,Upregulated,0.4979673943731722,4/18,11.25%
Male Gamete Generation (GO:0048232),GO_Biological_Process_2025,1.3048872185322726,Upregulated,0.4987147405873527,6/20,11.35%
Neuron Development (GO:0048666),GO_Biological_Process_2025,1.3047167300358942,Upregulated,0.4982658108093563,43/141,24.21%
Porphyrin-Containing Compound Biosynthetic Process (GO:0006779),GO_Biological_Process_2025,1.3035487643574517,Upregulated,0.5006301516880596,5/21,13.26%
Autophagosome Organization (GO:1905037),GO_Biological_Process_2025,1.3030326338840694,Upregulated,0.5011507036973604,15/65,13.06%
Positive Regulation of Calcium Ion Transport (GO:0051928),GO_Biological_Process_2025,1.302531443468382,Upregulated,0.5015606107541538,11/28,19.93%
Positive Regulation of Axonogenesis (GO:0050772),GO_Biological_Process_2025,1.3017305609495715,Upregulated,0.5029570252035386,12/33,17.91%
S Phase R-HSA-69242,Reactome_2022,1.3011586259013816,Upregulated,0.5036672056889472,39/156,17.18%
Sensory Perception of Mechanical Stimulus (GO:0050954),GO_Biological_Process_2025,1.3001425639470927,Upregulated,0.5057379027899356,21/71,19.64%
Regulation of Inflammatory Response to Antigenic Stimulus (GO:0002861),GO_Biological_Process_2025,1.299540905934654,Upregulated,0.5066025332053596,3/18,8.68%
Negative Regulation of Response to Wounding (GO:1903035),GO_Biological_Process_2025,1.299371295404169,Upregulated,0.5061597767212414,7/20,19.15%
Proteolysis (GO:0006508),GO_Biological_Process_2025,1.298311356225704,Upregulated,0.5082764157003764,72/252,20.76%
"Synaptic Transmission, Glutamatergic (GO:0035249)",GO_Biological_Process_2025,1.2982617924955346,Upregulated,0.5074977529928039,13/18,37.44%
Positive Regulation of Tumor Necrosis Factor Superfamily Cytokine Production (GO:1903557),GO_Biological_Process_2025,1.2972267310338923,Upregulated,0.5095524016672901,15/79,8.71%
Retrograde Transport At Trans-Golgi-Network R-HSA-6811440,Reactome_2022,1.2970210198235508,Upregulated,0.5092329258072824,16/45,22.70%
Nucleophagy (GO:0044804),GO_Biological_Process_2025,1.2967972941176271,Upregulated,0.508923740317549,5/22,10.63%
GABA Receptor Activation R-HSA-977443,Reactome_2022,1.2967514063834422,Upregulated,0.5081509681038978,8/43,8.91%
Endoderm Formation (GO:0001706),GO_Biological_Process_2025,1.296019617945969,Upregulated,0.509324576791025,10/34,15.23%
Regulation of Protein Modification by Small Protein Conjugation or Removal (GO:1903320),GO_Biological_Process_2025,1.295682523897069,Upregulated,0.5093888174112251,12/28,26.32%
Epithelial Cell Differentiation (GO:0030855),GO_Biological_Process_2025,1.295605895332014,Upregulated,0.5087314547937491,28/94,21.99%
Cellular Response to Heat (GO:0034605),GO_Biological_Process_2025,1.2954571110060769,Upregulated,0.5082382760610634,17/34,25.41%
Ovarian steroidogenesis,KEGG_2021_Human,1.2950979267211258,Upregulated,0.5083176759874763,16/38,23.59%
Common Pathway Of Fibrin Clot Formation R-HSA-140875,Reactome_2022,1.2937726691280018,Upregulated,0.5112294572796938,6/15,22.68%
Phosphatidylethanolamine Metabolic Process (GO:0046337),GO_Biological_Process_2025,1.293706317720722,Upregulated,0.5105298315990724,8/21,18.62%
Chaperone Cofactor-Dependent Protein Refolding (GO:0051085),GO_Biological_Process_2025,1.2929770215879963,Upregulated,0.5116639195807212,11/21,27.76%
miRNA Regulation Of DNA Damage Response WP1530,WikiPathways_2024_Human,1.2926590411065806,Upregulated,0.5116753122594421,19/67,17.42%
Metabolic Disorders Of Biological Oxidation Enzymes R-HSA-5579029,Reactome_2022,1.2920520818995933,Upregulated,0.5124741127903785,8/26,15.49%
Regulation of Membrane Protein Ectodomain Proteolysis (GO:0051043),GO_Biological_Process_2025,1.2908341505962944,Upregulated,0.5151083124661664,13/25,31.35%
Lung Fibrosis WP3624,WikiPathways_2024_Human,1.2903109619366004,Upregulated,0.5156686481088121,24/56,21.25%
Mitotic Spindle Checkpoint R-HSA-69618,Reactome_2022,1.28891415871768,Upregulated,0.5186441435407629,30/105,18.47%
Spinal Cord Injury WP2431,WikiPathways_2024_Human,1.288732298924908,Upregulated,0.5182583252935173,33/104,19.42%
Sensory Perception of Chemical Stimulus (GO:0007606),GO_Biological_Process_2025,1.2884689343557276,Upregulated,0.5181647294524303,8/19,15.96%
Arachidonic acid metabolism,KEGG_2021_Human,1.2874671598271872,Upregulated,0.5200745632983927,13/47,14.55%
Immune Infiltration In Pancreatic Cancer WP5285,WikiPathways_2024_Human,1.2874146667038795,Upregulated,0.5193421800468757,13/30,23.39%
Proximal tubule bicarbonate reclamation,KEGG_2021_Human,1.2866663489380394,Upregulated,0.5206292161142794,10/21,20.01%
Metabolism Of Cofactors R-HSA-8978934,Reactome_2022,1.286230034081167,Upregulated,0.5209449152924144,5/19,5.40%
RAB Geranylgeranylation R-HSA-8873719,Reactome_2022,1.2861659155960548,Upregulated,0.5202471721443404,10/58,12.43%
Polymerase Switching On C-strand Of Telomere R-HSA-174411,Reactome_2022,1.2856121219095809,Upregulated,0.5209502477706952,8/24,18.73%
Lysosome (GO:0005764),GO_Cellular_Component_2025,1.2848544762927554,Upregulated,0.5222448378842457,121/488,19.71%
Axonogenesis (GO:0007409),GO_Biological_Process_2025,1.2837018317160556,Upregulated,0.5248159812557119,40/176,15.59%
Resolution Of D-loop Structures Thru Holliday Junction Intermediates R-HSA-5693568,Reactome_2022,1.283315693112426,Upregulated,0.525000590624366,12/33,20.61%
Ephrin Receptor Signaling Pathway (GO:0048013),GO_Biological_Process_2025,1.2830839809144168,Upregulated,0.5247600087238738,11/40,12.56%
Hydro-Lyase Activity (GO:0016836),GO_Molecular_Function_2025,1.282557412786975,Upregulated,0.5254422176345375,14/39,20.39%
Glutamate Metabolic Process (GO:0006536),GO_Biological_Process_2025,1.2824567465586287,Upregulated,0.5248221931534796,3/15,2.60%
Regulation of Dendritic Spine Development (GO:0060998),GO_Biological_Process_2025,1.2816273543918613,Upregulated,0.5264077989910726,4/20,10.78%
Oxidation By Cytochrome P450 WP43,WikiPathways_2024_Human,1.2807702271244616,Upregulated,0.5279880660884718,16/38,24.02%
Regulation of Cellular Senescence (GO:2000772),GO_Biological_Process_2025,1.2800059302427391,Upregulated,0.5293228646015026,7/30,11.86%
Matrix Metalloproteinases WP129,WikiPathways_2024_Human,1.2799935218658365,Upregulated,0.5284795122924825,11/25,21.25%
Ascorbate and aldarate metabolism,KEGG_2021_Human,1.279861442686846,Upregulated,0.527948989661673,5/15,15.92%
Salivary secretion,KEGG_2021_Human,1.279033175139168,Upregulated,0.5294167857626202,23/67,23.59%
Intraflagellar Transport Proteins Binding To Dynein WP4532,WikiPathways_2024_Human,1.2788959709821046,Upregulated,0.5289267076253996,7/26,14.77%
Degradation Pathway Of Sphingolipids Including Diseases WP4153,WikiPathways_2024_Human,1.2786492711097637,Upregulated,0.528746717437426,6/16,20.99%
Negative Regulation of Cation Channel Activity (GO:2001258),GO_Biological_Process_2025,1.2785173732319313,Upregulated,0.528275140225291,7/17,12.76%
Fatty Acid Catabolic Process (GO:0009062),GO_Biological_Process_2025,1.278229547215866,Upregulated,0.5282669890526263,25/57,24.58%
Negative Regulation of Blood Vessel Endothelial Cell Migration (GO:0043537),GO_Biological_Process_2025,1.2780845029284134,Upregulated,0.5277920613784669,8/32,9.29%
Asparagine N-linked Glycosylation R-HSA-446203,Reactome_2022,1.278016734219618,Upregulated,0.527117757302246,66/262,18.94%
Vacuolar Acidification (GO:0007035),GO_Biological_Process_2025,1.2778828516624885,Upregulated,0.5266278026033214,13/28,30.94%
Regulation of Release of Cytochrome C From Mitochondria (GO:0090199),GO_Biological_Process_2025,1.2762762479010397,Upregulated,0.530481831781121,5/35,7.29%
DNA-templated DNA Replication (GO:0006261),GO_Biological_Process_2025,1.2760871971583037,Upregulated,0.5301694695039934,18/52,20.99%
G-protein Beta:Gamma Signaling R-HSA-397795,Reactome_2022,1.2757010483581372,Upregulated,0.5303975523112942,5/29,8.91%
Antigen Processing and Presentation of Peptide Antigen via MHC Class I (GO:0002474),GO_Biological_Process_2025,1.2755186501219915,Upregulated,0.5300835273056266,8/18,29.52%
Cellular Response to Radiation (GO:0071478),GO_Biological_Process_2025,1.2755160779187655,Upregulated,0.5292230048299037,12/37,18.17%
Protein Targeting to Lysosome (GO:0006622),GO_Biological_Process_2025,1.2751426276700142,Upregulated,0.5293853011923397,8/22,24.42%
trans-Golgi Network Transport Vesicle (GO:0030140),GO_Cellular_Component_2025,1.2748864541334215,Upregulated,0.5292516936467097,2/15,2.39%
Antigen Activates B Cell Receptor Leading To Second Messenger Generation R-HSA-983695,Reactome_2022,1.27419793931816,Upregulated,0.5302377061475442,5/31,7.35%
Glutamate Receptor Binding (GO:0035254),GO_Molecular_Function_2025,1.2740517030947556,Upregulated,0.529829763510564,7/20,20.44%
Cholesterol Synthesis Disorders WP5193,WikiPathways_2024_Human,1.273657069153497,Upregulated,0.5301397833869518,8/17,34.95%
Regulation of Mitotic Spindle Organization (GO:0060236),GO_Biological_Process_2025,1.2726952259409434,Upregulated,0.532043238352425,9/35,8.96%
Triglyceride Biosynthetic Process (GO:0019432),GO_Biological_Process_2025,1.272130597757846,Upregulated,0.5328146433797348,9/17,27.70%
Cellular Response to Decreased Oxygen Levels (GO:0036294),GO_Biological_Process_2025,1.270869900281011,Upregulated,0.5355544840480518,17/75,13.18%
Citric Acid (TCA) Cycle And Respiratory Electron Transport R-HSA-1428517,Reactome_2022,1.270519823138604,Upregulated,0.5356377038563125,62/152,29.42%
Positive Regulation of Neuron Apoptotic Process (GO:0043525),GO_Biological_Process_2025,1.2701575703662762,Upregulated,0.5358567175999316,10/33,20.59%
Nuclear Steroid Receptor Activity (GO:0003707),GO_Molecular_Function_2025,1.2699421578997885,Upregulated,0.5356092775820277,7/16,21.54%
Reproduction R-HSA-1474165,Reactome_2022,1.2698067501489805,Upregulated,0.5351370530224657,17/75,13.32%
PI3K Akt Signaling WP4172,WikiPathways_2024_Human,1.2693523858330231,Upregulated,0.5355202387549177,46/288,10.64%
Recognition Of DNA Damage By PCNA-containing Replication Complex R-HSA-110314,Reactome_2022,1.2691005436530498,Upregulated,0.535342122677187,10/29,16.64%
TP53 Regulates Transcription Of Cell Death Genes R-HSA-5633008,Reactome_2022,1.268790391873974,Upregulated,0.5354689564595265,7/40,6.69%
HDR Thru Homologous Recombination (HRR) R-HSA-5685942,Reactome_2022,1.2687801406713382,Upregulated,0.5346507020195205,31/65,29.32%
DNA Damage Response WP707,WikiPathways_2024_Human,1.2685547244081807,Upregulated,0.5344267737968669,19/67,17.42%
Regulation of Lysosomal Lumen pH (GO:0035751),GO_Biological_Process_2025,1.268345522851303,Upregulated,0.5341775153230174,12/22,30.94%
Macromolecule Glycosylation (GO:0043413),GO_Biological_Process_2025,1.2682720925092628,Upregulated,0.5335568103326102,13/43,22.36%
Nonalcoholic Fatty Liver Disease WP4396,WikiPathways_2024_Human,1.267489111608905,Upregulated,0.5349725765441998,55/145,26.20%
Retinol metabolism,KEGG_2021_Human,1.266999234677996,Upregulated,0.5355517004857274,24/38,27.29%
Regulation of Centrosome Duplication (GO:0010824),GO_Biological_Process_2025,1.2663522229330904,Upregulated,0.5364981018404308,6/24,12.51%
Heme Biosynthetic Process (GO:0006783),GO_Biological_Process_2025,1.2662887332707398,Upregulated,0.5358286975305235,5/19,13.26%
Regulation Of Insulin Secretion R-HSA-422356,Reactome_2022,1.2662677543226863,Upregulated,0.5350595749157063,24/68,25.09%
Regulation of Non-Canonical Wnt Signaling Pathway (GO:2000050),GO_Biological_Process_2025,1.2653049215340435,Upregulated,0.5370786225481109,8/16,23.44%
Arachidonate Metabolic Process (GO:0019369),GO_Biological_Process_2025,1.264663612090432,Upregulated,0.5380911113704286,15/33,27.62%
Drug metabolism,KEGG_2021_Human,1.264604151211859,Upregulated,0.5374369231299625,27/77,24.02%
Cell Junction Assembly (GO:0034329),GO_Biological_Process_2025,1.2642756229345715,Upregulated,0.5375619368009134,19/91,8.50%
Long-Chain fatty-acyl-CoA Metabolic Process (GO:0035336),GO_Biological_Process_2025,1.2639060576791803,Upregulated,0.537806451921825,6/20,13.22%
"Adrenaline,noradrenaline Inhibits Insulin Secretion R-HSA-400042",Reactome_2022,1.2635477456571131,Upregulated,0.5380165778215606,8/24,24.79%
Regulation of Chemokine Production (GO:0032642),GO_Biological_Process_2025,1.263401457693366,Upregulated,0.537619054515211,9/37,12.49%
GPCR Ligand Binding R-HSA-500792,Reactome_2022,1.2633993597819064,Upregulated,0.5367829824721225,73/284,18.49%
ESR-mediated Signaling R-HSA-8939211,Reactome_2022,1.2633659009379063,Upregulated,0.5360579480264424,29/158,13.32%
Substantia Nigra Development (GO:0021762),GO_Biological_Process_2025,1.263350472893837,Upregulated,0.5352629861193643,12/37,19.60%
Lipoprotein Particle Receptor Binding (GO:0070325),GO_Molecular_Function_2025,1.263234520432283,Upregulated,0.5347787767436458,6/24,8.31%
Various types of N-glycan biosynthesis,KEGG_2021_Human,1.2623782304640037,Upregulated,0.5362948347013724,10/34,17.82%
Glycoprotein Catabolic Process (GO:0006516),GO_Biological_Process_2025,1.262141344098136,Upregulated,0.536120522751909,7/17,16.52%
Intra-Golgi And Retrograde Golgi-to-ER Traffic R-HSA-6811442,Reactome_2022,1.261287736018215,Upregulated,0.5376989076948253,40/168,17.93%
Regulation of Macrophage Activation (GO:0043030),GO_Biological_Process_2025,1.261267642086105,Upregulated,0.5369234580898986,7/29,15.22%
Pigment Biosynthetic Process (GO:0046148),GO_Biological_Process_2025,1.261037504723198,Upregulated,0.5367344161113323,6/21,13.26%
Mesenchyme Development (GO:0060485),GO_Biological_Process_2025,1.2606738347290225,Upregulated,0.5369056144704307,6/18,10.42%
Microtubule Depolymerization (GO:0007019),GO_Biological_Process_2025,1.259582149156807,Upregulated,0.5392032100665785,7/15,31.71%
Uptake And Actions Of Bacterial Toxins R-HSA-5339562,Reactome_2022,1.259404399125461,Upregulated,0.5389166329709886,6/27,5.85%
N-Glycan biosynthesis,KEGG_2021_Human,1.2593009405469848,Upregulated,0.5384098085894382,11/46,16.52%
Epithelium Development (GO:0060429),GO_Biological_Process_2025,1.2586189032451374,Upregulated,0.5394947171853088,50/119,30.41%
SREBF And miR33 In Cholesterol And Lipid Homeostasis WP2011,WikiPathways_2024_Human,1.2584821743213055,Upregulated,0.5390686009417882,6/15,18.76%
Positive Regulation of Organelle Assembly (GO:1902117),GO_Biological_Process_2025,1.2583415484865668,Upregulated,0.5386634348889426,14/60,12.21%
Cell Cycle G2/M Phase Transition (GO:0044839),GO_Biological_Process_2025,1.2581067354012418,Upregulated,0.5385002111718932,15/42,18.47%
Tumor Suppressor Activity Of SMARCB1 WP4204,WikiPathways_2024_Human,1.2577288098250663,Upregulated,0.5387946618794064,7/27,13.01%
Neurogenesis (GO:0022008),GO_Biological_Process_2025,1.2574941641988988,Upregulated,0.5386682528597991,21/53,31.65%
Positive Regulation of Glial Cell Differentiation (GO:0045687),GO_Biological_Process_2025,1.2572353530117466,Upregulated,0.5386073399985295,7/17,24.97%
Neutrophil Chemotaxis (GO:0030593),GO_Biological_Process_2025,1.2571191860216568,Upregulated,0.5381175100442365,7/33,11.28%
Positive Regulation of Amide Metabolic Process (GO:0034250),GO_Biological_Process_2025,1.257050241964284,Upregulated,0.5374850413920372,9/21,26.09%
Ubiquitin Conjugating Enzyme Activity (GO:0061631),GO_Molecular_Function_2025,1.2569456352827462,Upregulated,0.5369517070037493,6/31,8.69%
Acyl Chain Remodelling Of PC R-HSA-1482788,Reactome_2022,1.2567558719399368,Upregulated,0.536704753512172,8/23,21.75%
Positive Regulation of Protein Targeting to Membrane (GO:0090314),GO_Biological_Process_2025,1.2566153133414926,Upregulated,0.5362827620612132,9/18,30.06%
Fluid Transport (GO:0042044),GO_Biological_Process_2025,1.2557182734118877,Upregulated,0.5380430806605073,7/17,19.44%
NRF2 Pathway WP2884,WikiPathways_2024_Human,1.2554250216209175,Upregulated,0.538084254902109,38/115,23.13%
Vascular Transport (GO:0010232),GO_Biological_Process_2025,1.255379860830874,Upregulated,0.5374099003926829,22/79,20.01%
Selenium Micronutrient Network WP15,WikiPathways_2024_Human,1.2543495832553757,Upregulated,0.5395550822480495,26/75,20.80%
Recycling Endosome Membrane (GO:0055038),GO_Cellular_Component_2025,1.2532944099584258,Upregulated,0.5418337024748093,12/63,13.65%
"Oxidoreductase Activity, Acting on the CH-OH Group of Donors, NAD or NADP as Acceptor (GO:0016616)",GO_Molecular_Function_2025,1.2532743309666363,Upregulated,0.5410888882403482,18/57,17.25%
Propanoate metabolism,KEGG_2021_Human,1.25232885642003,Upregulated,0.5431474140880622,16/30,33.70%
Nuclear Receptors Meta Pathway WP2882,WikiPathways_2024_Human,1.2521013984973088,Upregulated,0.5429980153522521,89/260,24.38%
EML4 And NUDC In Mitotic Spindle Formation R-HSA-9648025,Reactome_2022,1.2511989259860683,Upregulated,0.5448461218970148,27/93,18.47%
Mitotic G2 DNA Damage Checkpoint Signaling (GO:0007095),GO_Biological_Process_2025,1.2501247181048265,Upregulated,0.5470134718060993,10/30,17.75%
Metabolism Of Carbohydrates R-HSA-71387,Reactome_2022,1.249760722668654,Upregulated,0.5472150434353876,77/250,24.63%
Intestinal immune network for IgA production,KEGG_2021_Human,1.2490050695988504,Upregulated,0.5486348563553543,14/36,28.55%
Positive Regulation of Lipid Catabolic Process (GO:0050996),GO_Biological_Process_2025,1.2489435644942457,Upregulated,0.548009408276408,7/18,23.67%
Phagosome,KEGG_2021_Human,1.2484326480780807,Upregulated,0.5486985241005999,41/132,22.66%
Negative Regulation of Mitotic Cell Cycle (GO:0045930),GO_Biological_Process_2025,1.2483624004393763,Upregulated,0.5480937797972765,15/29,34.65%
Resolution Of D-Loop Structures R-HSA-5693537,Reactome_2022,1.248025692864064,Upregulated,0.5482418026285661,12/34,20.61%
Response to Glucocorticoid (GO:0051384),GO_Biological_Process_2025,1.247839639631214,Upregulated,0.5479634017266406,6/22,10.56%
Aortic Valve Morphogenesis (GO:0003180),GO_Biological_Process_2025,1.24641752506255,Upregulated,0.5512687179631496,11/37,13.84%
Regulation of Nucleotide-Excision Repair (GO:2000819),GO_Biological_Process_2025,1.2455337169699332,Upregulated,0.5530249916789183,11/24,31.09%
Negative Regulation of Cell Projection Organization (GO:0031345),GO_Biological_Process_2025,1.245490119135323,Upregulated,0.5523418046349822,23/45,30.06%
Sensory Perception of Smell (GO:0007608),GO_Biological_Process_2025,1.2454391352219591,Upregulated,0.5516819072891237,7/18,15.96%
Interleukin Receptor SHC Signaling R-HSA-912526,Reactome_2022,1.244944431247886,Upregulated,0.5522550765151965,3/24,2.53%
EGR2 And SOX10-mediated Initiation Of Schwann Cell Myelination R-HSA-9619665,Reactome_2022,1.244571098747003,Upregulated,0.5525379818844262,10/26,25.61%
Golgi-to-ER Retrograde Transport R-HSA-8856688,Reactome_2022,1.2439334081279956,Upregulated,0.5536284733951633,26/105,17.93%
O-acyltransferase Activity (GO:0008374),GO_Molecular_Function_2025,1.2437913662617657,Upregulated,0.5532346297762797,5/30,3.71%
Negative Regulation of Immune Response (GO:0050777),GO_Biological_Process_2025,1.2437734346952738,Upregulated,0.5524724758106682,11/65,9.08%
Butanoate metabolism,KEGG_2021_Human,1.2434782337671122,Upregulated,0.5525286072447416,11/22,30.24%
Regulation of Fibroblast Proliferation (GO:0048145),GO_Biological_Process_2025,1.2429276482340912,Upregulated,0.5533449114247446,11/43,10.97%
Calcium-Dependent Cell-Cell Adhesion via Plasma Membrane Cell Adhesion Molecules (GO:0016339),GO_Biological_Process_2025,1.242591110424513,Upregulated,0.5535655937706803,8/32,15.89%
Diseases Associated With Glycosylation Precursor Biosynthesis R-HSA-5609975,Reactome_2022,1.2424859095902896,Upregulated,0.5531214880470038,5/15,12.38%
Mitotic Spindle Assembly Checkpoint Signaling (GO:0007094),GO_Biological_Process_2025,1.2424404000679032,Upregulated,0.5508731867978014,12/26,27.04%
Spindle Assembly Checkpoint Signaling (GO:0071173),GO_Biological_Process_2025,1.2424404000679032,Upregulated,0.5508731867978014,12/26,27.04%
Mitotic Spindle Checkpoint Signaling (GO:0071174),GO_Biological_Process_2025,1.2424404000679032,Upregulated,0.5508731867978014,12/26,27.04%
Sodium Channel Activity (GO:0005272),GO_Molecular_Function_2025,1.2423669554683108,Upregulated,0.5503198715908942,10/32,16.71%
Lipid Droplet (GO:0005811),GO_Cellular_Component_2025,1.2422374428118144,Upregulated,0.5499130347962572,22/78,21.24%
Sarcoplasmic Reticulum (GO:0016529),GO_Cellular_Component_2025,1.242104886426223,Upregulated,0.5495282027339288,18/43,23.71%
Alcohol Dehydrogenase (NAD+) Activity (GO:0004022),GO_Molecular_Function_2025,1.2413715231796687,Upregulated,0.550819541320615,11/15,27.88%
Positive Regulation of Macromolecule Biosynthetic Process (GO:0010557),GO_Biological_Process_2025,1.239744929658705,Upregulated,0.5546676107252381,52/309,11.44%
Sister Chromatid Segregation (GO:0000819),GO_Biological_Process_2025,1.2397444248734466,Upregulated,0.5538832901507411,16/35,27.58%
PCNA-Dependent Long Patch Base Excision Repair R-HSA-5651801,Reactome_2022,1.2393416874768095,Upregulated,0.5542265753467079,8/20,20.45%
COPII-coated Vesicle Cargo Loading (GO:0090110),GO_Biological_Process_2025,1.239299624392776,Upregulated,0.5535802445786436,6/16,22.29%
PI3K-Akt signaling pathway,KEGG_2021_Human,1.2390184860297315,Upregulated,0.5535922841521778,46/302,10.64%
Antigen Processing and Presentation of Peptide Antigen via MHC Class II (GO:0002495),GO_Biological_Process_2025,1.23853849524128,Upregulated,0.5541761348178843,6/19,21.48%
Positive Regulation of T Cell Mediated Cytotoxicity (GO:0001916),GO_Biological_Process_2025,1.238304278559252,Upregulated,0.5540369637955193,14/26,26.17%
Heme Metabolic Process (GO:0042168),GO_Biological_Process_2025,1.2379031901502184,Upregulated,0.5544272571733782,9/33,13.26%
Synthesis Of PC R-HSA-1483191,Reactome_2022,1.2377266975383368,Upregulated,0.5541817330171294,11/27,24.99%
Regulation of Extrinsic Apoptotic Signaling Pathway (GO:2001236),GO_Biological_Process_2025,1.2374226091605194,Upregulated,0.5542592459014317,16/60,22.22%
Protein Homotetramerization (GO:0051289),GO_Biological_Process_2025,1.2372854912452846,Upregulated,0.5538796168994011,16/50,21.31%
Asymmetric Synapse (GO:0032279),GO_Cellular_Component_2025,1.2367197656321824,Upregulated,0.5547772050744141,46/114,30.90%
Transport Along Microtubule (GO:0010970),GO_Biological_Process_2025,1.2359004753863456,Upregulated,0.5563599665109401,4/18,8.23%
Pathways in cancer,KEGG_2021_Human,1.2354001995126465,Upregulated,0.557058301150104,84/465,14.01%
GDNF RET Signaling Axis WP4830,WikiPathways_2024_Human,1.235288607754861,Upregulated,0.5566097508403058,5/25,5.03%
Osteoarthritic Chondrocyte Hypertrophy WP5373,WikiPathways_2024_Human,1.2352726510692775,Upregulated,0.5558858898791961,12/45,12.80%
Response to Amyloid-Beta (GO:1904645),GO_Biological_Process_2025,1.235258965829517,Upregulated,0.5551484973692536,16/43,26.39%
Phosphatidylcholine Biosynthetic Process (GO:0006656),GO_Biological_Process_2025,1.2349747153424937,Upregulated,0.5552214215252185,7/18,21.60%
Sulfur Compound Catabolic Process (GO:0044273),GO_Biological_Process_2025,1.234898720985428,Upregulated,0.554649137659743,6/23,14.55%
Nucleoside Phosphate Metabolic Process (GO:0006753),GO_Biological_Process_2025,1.2348126241038806,Upregulated,0.5541212984283181,14/26,33.70%
Ferroptosis,KEGG_2021_Human,1.233791992829352,Upregulated,0.5562106165916755,9/37,12.49%
Transport To Golgi And Subsequent Modification R-HSA-948021,Reactome_2022,1.2337623616537707,Upregulated,0.5555289161624116,44/151,22.77%
Inositol Phosphate Metabolic Process (GO:0043647),GO_Biological_Process_2025,1.2336018500520447,Upregulated,0.5552202111789756,5/21,15.45%
Regulation of Cardiac Muscle Cell Proliferation (GO:0060043),GO_Biological_Process_2025,1.233482030859568,Upregulated,0.554783294227247,12/21,39.76%
Regulation of Stem Cell Proliferation (GO:0072091),GO_Biological_Process_2025,1.233037230679063,Upregulated,0.555327805020811,4/16,9.56%
Recycling Endosome (GO:0055037),GO_Cellular_Component_2025,1.232247999543466,Upregulated,0.55679420718477,42/144,27.02%
Interleukin-4 And Interleukin-13 Signaling R-HSA-6785807,Reactome_2022,1.232217578312448,Upregulated,0.5561234515892978,30/99,20.21%
Antimicrobial Peptides R-HSA-6803157,Reactome_2022,1.2318843412500062,Upregulated,0.5563153340188894,10/32,22.68%
Serotonergic synapse,KEGG_2021_Human,1.229731396335224,Upregulated,0.5618914138479967,18/84,13.48%
Extracellular Matrix Assembly (GO:0085029),GO_Biological_Process_2025,1.2291517779789891,Upregulated,0.562757204504256,10/17,27.66%
Regulation of Cell Migration (GO:0030334),GO_Biological_Process_2025,1.2290442345273422,Upregulated,0.562276657762417,77/429,11.77%
Cellular Response to Hypoxia (GO:0071456),GO_Biological_Process_2025,1.228900079180221,Upregulated,0.5619473271547215,17/74,13.18%
LTF Danger Signal Response Pathway WP4478,WikiPathways_2024_Human,1.22873804131757,Upregulated,0.5616481306944802,7/16,24.21%
Regulation of Protein Targeting to Mitochondrion (GO:1903214),GO_Biological_Process_2025,1.2283641178761118,Upregulated,0.562049367479191,11/35,16.12%
Regulation of Chromosome Segregation (GO:0051983),GO_Biological_Process_2025,1.2282715715327663,Upregulated,0.5615105652804593,11/23,24.27%
Homology Directed Repair R-HSA-5693538,Reactome_2022,1.2282063359165474,Upregulated,0.5609615730626115,44/102,29.32%
NAD Biosynthetic Pathways WP3645,WikiPathways_2024_Human,1.2263833667499815,Upregulated,0.565322967360596,6/21,13.11%
Ion Homeostasis R-HSA-5578775,Reactome_2022,1.225508067762265,Upregulated,0.5672144809239642,17/44,25.66%
"Regulation of Synaptic Transmission, Glutamatergic (GO:0051966)",GO_Biological_Process_2025,1.225195930708666,Upregulated,0.5672841612069527,13/41,20.01%
Transmembrane Receptor Protein Tyrosine Kinase Activity (GO:0004714),GO_Molecular_Function_2025,1.225159114438311,Upregulated,0.5666318771055084,14/49,15.59%
Metal Ion Binding (GO:0046872),GO_Molecular_Function_2025,1.2243835108304697,Upregulated,0.5681657493933143,84/433,15.20%
Interleukin-2 Family Signaling R-HSA-451927,Reactome_2022,1.2243092550564014,Upregulated,0.567635354257672,4/39,2.53%
Chagas disease,KEGG_2021_Human,1.2241097897715238,Upregulated,0.5675217819332201,26/97,20.21%
Cancer Pathways WP5434,WikiPathways_2024_Human,1.223895884867824,Upregulated,0.5673555057445606,81/451,14.01%
Delayed Rectifier Potassium Channel Activity (GO:0005251),GO_Molecular_Function_2025,1.22373853567478,Upregulated,0.5670573314601085,7/17,19.98%
Cellular Response to Nitrogen Compound (GO:1901699),GO_Biological_Process_2025,1.223684666644003,Upregulated,0.5664611432997358,34/146,17.42%
Type I diabetes mellitus,KEGG_2021_Human,1.2230215307709742,Upregulated,0.5677166972386269,13/32,24.13%
Retinoid Binding (GO:0005501),GO_Molecular_Function_2025,1.2228794122078046,Upregulated,0.5673894316854611,5/17,15.49%
Brush Border Membrane (GO:0031526),GO_Cellular_Component_2025,1.2223214184064997,Upregulated,0.5682523638647252,4/31,3.88%
Negative Regulation of Neuron Projection Development (GO:0010977),GO_Biological_Process_2025,1.2216811595581445,Upregulated,0.5694239447976469,23/49,30.06%
Pentose and glucuronate interconversions,KEGG_2021_Human,1.2203741132524295,Upregulated,0.5724670046719933,7/20,15.92%
Apoptosis Modulation By HSP70 WP384,WikiPathways_2024_Human,1.219951302656691,Upregulated,0.5729423976278394,6/19,19.85%
Response to ATP (GO:0033198),GO_Biological_Process_2025,1.218225757473423,Upregulated,0.5773311363783462,7/16,21.84%
Purine Ribonucleoside Triphosphate Metabolic Process (GO:0009205),GO_Biological_Process_2025,1.2181298510772485,Upregulated,0.5768652690178541,4/28,4.21%
Negative Regulation of Apoptotic Signaling Pathway (GO:2001234),GO_Biological_Process_2025,1.2169675166916625,Upregulated,0.5794645439140815,18/70,18.94%
DNA Synthesis Involved in DNA Repair (GO:0000731),GO_Biological_Process_2025,1.2169125818082238,Upregulated,0.5788621321369166,5/25,4.56%
G Beta:Gamma Signaling Thru BTK R-HSA-8964315,Reactome_2022,1.216464599386534,Upregulated,0.5794358484933445,3/15,8.91%
Alstrom Syndrome WP5202,WikiPathways_2024_Human,1.2160103050643063,Upregulated,0.5800793193136234,5/34,6.87%
Focal Adhesion PI3K Akt mTOR Signaling WP3932,WikiPathways_2024_Human,1.215962093222505,Upregulated,0.5794683054816816,40/277,10.05%
Negative Chemotaxis (GO:0050919),GO_Biological_Process_2025,1.215909494942421,Upregulated,0.5788825850803625,7/25,10.56%
Regulation of Extracellular Matrix Organization (GO:1903053),GO_Biological_Process_2025,1.2156521110880776,Upregulated,0.578857243809424,9/23,24.06%
Inositol Phosphate Metabolism R-HSA-1483249,Reactome_2022,1.215648831582051,Upregulated,0.5781106947661071,10/44,15.45%
Neural Crest Cell Migration During Development WP4564,WikiPathways_2024_Human,1.2155182959939257,Upregulated,0.577772897329407,7/38,7.52%
Cell Recruitment (Pro-Inflammatory Response) R-HSA-9664424,Reactome_2022,1.2154499211777516,Upregulated,0.5772103987473791,12/24,31.22%
Network Map Of SARS CoV 2 Signaling WP5115,WikiPathways_2024_Human,1.2152057837701702,Upregulated,0.5771851251140865,26/213,9.33%
Glutathione Metabolism WP100,WikiPathways_2024_Human,1.2146200891365633,Upregulated,0.5780654952452766,6/18,14.55%
Late Endosome (GO:0005770),GO_Cellular_Component_2025,1.214276397428976,Upregulated,0.5783141864853188,48/196,21.61%
Positive Regulation of Muscle Cell Differentiation (GO:0051149),GO_Biological_Process_2025,1.2141770990844167,Upregulated,0.5778331739054898,4/15,10.22%
Mitotic Cytokinesis (GO:0000281),GO_Biological_Process_2025,1.2140490828913966,Upregulated,0.5774860959948311,23/59,25.80%
Lagging Strand Synthesis R-HSA-69186,Reactome_2022,1.2140407140340257,Upregulated,0.5767635236361749,8/19,18.73%
Epithelial Cell Migration (GO:0010631),GO_Biological_Process_2025,1.2138266185603412,Upregulated,0.5766055654739657,4/15,15.65%
Blood Group Systems Biosynthesis R-HSA-9033658,Reactome_2022,1.2128859900925066,Upregulated,0.5786594452414656,6/15,21.03%
Telomere Maintenance R-HSA-157579,Reactome_2022,1.2125003514193684,Upregulated,0.5790518734390918,26/71,26.97%
Phospholipase Activity (GO:0004620),GO_Molecular_Function_2025,1.2119230832997252,Upregulated,0.5799540123942184,16/69,13.10%
Cyclin-Dependent Protein Serine/Threonine Kinase Regulator Activity (GO:0016538),GO_Molecular_Function_2025,1.211617246192699,Upregulated,0.5800749052233485,11/38,20.15%
G Alpha (I) Signaling Events R-HSA-418594,Reactome_2022,1.2110322897206711,Upregulated,0.5810364003439363,56/216,21.74%
Negative Regulation of Cell Adhesion (GO:0007162),GO_Biological_Process_2025,1.2107495613373498,Upregulated,0.58110703740497,14/63,14.22%
alpha-Linolenic acid metabolism,KEGG_2021_Human,1.210528540270946,Upregulated,0.5810242905087557,5/20,8.44%
Integration Of Energy Metabolism R-HSA-163685,Reactome_2022,1.2099096312324793,Upregulated,0.5820722469670739,31/95,25.29%
ADP Signaling Thru P2Y Purinoceptor 1 R-HSA-418592,Reactome_2022,1.2095429267544513,Upregulated,0.5824172311011028,7/21,25.09%
TP53 Regulates Transcription Of Cell Cycle Genes R-HSA-6791312,Reactome_2022,1.2094944394207856,Upregulated,0.5818214789979462,11/47,17.18%
Methionine De Novo And Salvage Pathway WP3580,WikiPathways_2024_Human,1.2092086360709375,Upregulated,0.5818939557336272,7/21,14.71%
African trypanosomiasis,KEGG_2021_Human,1.209107190597822,Upregulated,0.581438376580828,12/33,25.61%
Lipid Metabolism In Senescent Cells WP5149,WikiPathways_2024_Human,1.20894235689342,Upregulated,0.58117099113333,5/19,10.14%
Regulation of Angiogenesis (GO:0045765),GO_Biological_Process_2025,1.2086115841802063,Upregulated,0.581426446465476,33/191,12.49%
"Retrograde Protein Transport, ER to Cytosol (GO:0030970)",GO_Biological_Process_2025,1.2075700789597146,Upregulated,0.5837945307133436,12/18,32.20%
Positive Regulation of Protein Secretion (GO:0050714),GO_Biological_Process_2025,1.2070823740212664,Upregulated,0.5844437310972552,20/66,21.90%
Positive Regulation of Signal Transduction by P53 Class Mediator (GO:1901798),GO_Biological_Process_2025,1.2069987868337069,Upregulated,0.5839758375184427,5/26,8.15%
Regulation Of HSF1-mediated Heat Shock Response R-HSA-3371453,Reactome_2022,1.2058717845470996,Upregulated,0.5865708447255772,16/72,16.58%
Mitochondrial Fusion (GO:0008053),GO_Biological_Process_2025,1.2057511163829544,Upregulated,0.5861904599833714,6/17,15.10%
Regulation of Tumor Necrosis Factor Production (GO:0032680),GO_Biological_Process_2025,1.2046594821488772,Upregulated,0.588657970782704,20/117,9.86%
Mitotic Sister Chromatid Segregation (GO:0000070),GO_Biological_Process_2025,1.204608209395157,Upregulated,0.5880766878248742,38/112,22.11%
Regulation of Release of Sequestered Calcium Ion Into Cytosol (GO:0051279),GO_Biological_Process_2025,1.2042615825403016,Upregulated,0.5883360400170521,8/47,11.28%
Small cell lung cancer,KEGG_2021_Human,1.203624471155929,Upregulated,0.5894814655310188,17/89,10.64%
Carboxypeptidase Activity (GO:0004180),GO_Molecular_Function_2025,1.2030730436433874,Upregulated,0.5903672896290609,7/27,13.27%
Male Meiotic Nuclear Division (GO:0007140),GO_Biological_Process_2025,1.203047947522521,Upregulated,0.5897092081826325,8/30,11.98%
Phosphatidylglycerol Metabolic Process (GO:0046471),GO_Biological_Process_2025,1.2025464458630897,Upregulated,0.5904440445500698,6/19,18.62%
Establishment of Protein Localization to Endoplasmic Reticulum (GO:0072599),GO_Biological_Process_2025,1.2019971533128555,Upregulated,0.5913661863223685,5/16,16.63%
Photodynamic Therapy Induced Unfolded Protein Response WP3613,WikiPathways_2024_Human,1.201901344807086,Upregulated,0.5908982253867563,6/26,5.98%
Cell Cycle Checkpoints R-HSA-69620,Reactome_2022,1.2018553316241465,Upregulated,0.5903017199638796,60/248,17.94%
G Beta:Gamma Signaling Thru PI3Kgamma R-HSA-392451,Reactome_2022,1.201738453232128,Upregulated,0.5898737198343185,4/22,8.91%
Late Endosome to Vacuole Transport via Multivesicular Body Sorting Pathway (GO:0032511),GO_Biological_Process_2025,1.2008530084184323,Upregulated,0.5916720386316872,6/24,16.01%
G Beta:Gamma Signaling Thru CDC42 R-HSA-8964616,Reactome_2022,1.2008406012338793,Upregulated,0.5909849459355029,3/17,8.91%
Pathways Affected In Adenoid Cystic Carcinoma WP3651,WikiPathways_2024_Human,1.2004624303733051,Upregulated,0.591365159602362,24/63,27.57%
Postsynaptic Membrane Organization (GO:0001941),GO_Biological_Process_2025,1.200291438520932,Upregulated,0.5911062874574107,4/15,14.18%
Activation Of Matrix Metalloproteinases R-HSA-1592389,Reactome_2022,1.2002486370573449,Upregulated,0.5904873480409067,12/21,31.45%
Gastric acid secretion,KEGG_2021_Human,1.200165705380961,Upregulated,0.5899910869009594,20/63,23.59%
Prostaglandin And Leukotriene Metabolism In Senescence WP5122,WikiPathways_2024_Human,1.1992644455912602,Upregulated,0.5918460095311393,7/29,10.14%
Post COVID Neuroinflammation WP5485,WikiPathways_2024_Human,1.1990338076327924,Upregulated,0.5917606170704219,9/18,29.11%
Supramolecular Fiber Organization (GO:0097435),GO_Biological_Process_2025,1.1989113077492004,Upregulated,0.5913810888064379,67/282,19.18%
Cell Junction Organization (GO:0034330),GO_Biological_Process_2025,1.1985171183974117,Upregulated,0.591901365801789,19/63,19.18%
Telomere C-strand (Lagging Strand) Synthesis R-HSA-174417,Reactome_2022,1.1980732641356573,Upregulated,0.5925038058294734,10/32,18.73%
EPH-ephrin Mediated Repulsion Of Cells R-HSA-3928665,Reactome_2022,1.1980655891304943,Upregulated,0.5917945767115927,19/44,26.05%
Progeria Associated Lipodystrophy WP5103,WikiPathways_2024_Human,1.1976542317272434,Upregulated,0.5922871504176541,6/19,18.84%
Positive Regulation of Chemokine Production (GO:0032722),GO_Biological_Process_2025,1.1975684937637494,Upregulated,0.5917924901137585,11/46,12.49%
acyl-CoA Metabolic Process (GO:0006637),GO_Biological_Process_2025,1.197510589838606,Upregulated,0.5912506898701752,7/25,17.82%
Metalloendopeptidase Activity (GO:0004222),GO_Molecular_Function_2025,1.1964452260675726,Upregulated,0.593502571563137,26/78,21.25%
Positive Regulation of Insulin Secretion (GO:0032024),GO_Biological_Process_2025,1.1959470436582127,Upregulated,0.594270609425014,11/34,21.74%
Chordate Embryonic Development (GO:0043009),GO_Biological_Process_2025,1.1956807621606975,Upregulated,0.594292215530436,20/59,21.22%
Depolymerisation Of Nuclear Lamina R-HSA-4419969,Reactome_2022,1.195642135589419,Upregulated,0.5936862093349196,7/15,24.58%
Monocarboxylic Acid Metabolic Process (GO:0032787),GO_Biological_Process_2025,1.194516997642933,Upregulated,0.5962522282237898,49/95,29.62%
Hair Follicle Development Cytodifferentiation Stage 3 Of 3 WP2840,WikiPathways_2024_Human,1.1935774898159512,Upregulated,0.5983508448113816,21/68,23.39%
O-linked Glycosylation Of Mucins R-HSA-913709,Reactome_2022,1.1934113078327602,Upregulated,0.598133968472792,15/39,22.65%
Mitotic Cell Cycle Phase Transition (GO:0044772),GO_Biological_Process_2025,1.1923236294657278,Upregulated,0.6004916981883155,32/106,20.54%
TGF Beta In Thyroid Cells For Epithelial Mesenchymal Transition WP3859,WikiPathways_2024_Human,1.1914525600472574,Upregulated,0.6023322413545278,6/17,13.42%
P53 Transcriptional Gene Network WP4963,WikiPathways_2024_Human,1.191444484252555,Upregulated,0.6016295468120085,36/87,30.18%
Aggresome (GO:0016235),GO_Cellular_Component_2025,1.19132636202319,Upregulated,0.6013050171183077,9/31,15.06%
TRP Channels R-HSA-3295583,Reactome_2022,1.1909981239346288,Upregulated,0.6015292404550835,9/19,19.93%
Monocarboxylic Acid Transport (GO:0015718),GO_Biological_Process_2025,1.1906866882602627,Upregulated,0.6016980899963633,22/56,26.46%
Metaphase Chromosome Alignment (GO:0051310),GO_Biological_Process_2025,1.1903871267491002,Upregulated,0.6018117651675811,12/50,14.68%
Adherens Junctions Interactions R-HSA-418990,Reactome_2022,1.1902059233709572,Upregulated,0.6016444262786009,7/25,12.08%
Glucuronosyltransferase Activity (GO:0015020),GO_Molecular_Function_2025,1.189850149457645,Upregulated,0.6019702591755399,5/16,15.49%
Acyl Chain Remodelling Of PS R-HSA-1482801,Reactome_2022,1.1898471956097452,Upregulated,0.6012615254102304,5/18,8.44%
Low-Density Lipoprotein Particle Receptor Binding (GO:0050750),GO_Molecular_Function_2025,1.1894804072192258,Upregulated,0.6016631416359086,4/21,2.42%
Respiratory Tube Development (GO:0030323),GO_Biological_Process_2025,1.1891692403032408,Upregulated,0.6018727380966649,2/25,3.45%
Glycosphingolipid biosynthesis,KEGG_2021_Human,1.189076362787694,Upregulated,0.6014375152674911,14/39,21.03%
Positive Regulation of Receptor Internalization (GO:0002092),GO_Biological_Process_2025,1.18867893358239,Upregulated,0.6018815525456938,1/21,0.01%
Steroid hormone biosynthesis,KEGG_2021_Human,1.188200780646271,Upregulated,0.6026060092173131,13/27,24.02%
Class B/2 (Secretin Family Receptors) R-HSA-373080,Reactome_2022,1.188047568422286,Upregulated,0.6023452624953615,22/64,22.33%
Positive Regulation of Protein Transport (GO:0051222),GO_Biological_Process_2025,1.1875413749764328,Upregulated,0.6031093161938573,20/65,22.04%
Intracellular Trafficking Proteins Involved In CMT Neuropathy WP4856,WikiPathways_2024_Human,1.1872267567580967,Upregulated,0.6033197887897881,8/26,16.16%
IL-17 signaling pathway,KEGG_2021_Human,1.187204318299935,Upregulated,0.6026750725828958,25/81,24.38%
Protein Stabilization (GO:0050821),GO_Biological_Process_2025,1.1869769246853912,Upregulated,0.6026026966036988,29/192,9.14%
ERAD Pathway (GO:0036503),GO_Biological_Process_2025,1.1868369958579783,Upregulated,0.6023130041446164,24/88,17.78%
Pertussis,KEGG_2021_Human,1.186320355276331,Upregulated,0.6031192853443744,24/70,21.76%
Positive Regulation of Apoptotic Signaling Pathway (GO:2001235),GO_Biological_Process_2025,1.1847791102692444,Upregulated,0.6069491509366763,8/63,7.86%
MAP Kinase Kinase Kinase Activity (GO:0004709),GO_Molecular_Function_2025,1.1839354561573845,Upregulated,0.6086676207021054,6/22,16.24%
Bile secretion,KEGG_2021_Human,1.1838248102850055,Upregulated,0.6082659535617448,18/57,20.01%
Positive Regulation of Vacuole Organization (GO:0044090),GO_Biological_Process_2025,1.1834926747183208,Upregulated,0.6085371000729695,8/21,19.71%
Negative Regulation of Phosphate Metabolic Process (GO:0045936),GO_Biological_Process_2025,1.1833437999017573,Upregulated,0.6082717534919714,8/18,23.80%
Modulation by Host of Viral Process (GO:0044788),GO_Biological_Process_2025,1.1828028391566632,Upregulated,0.6091470377297873,2/19,0.74%
G Alpha (Z) Signaling Events R-HSA-418597,Reactome_2022,1.1825509247932164,Upregulated,0.6091685327493149,15/43,24.79%
Olfactory transduction,KEGG_2021_Human,1.1824285813890627,Upregulated,0.6088098566610624,11/42,15.96%
Response to Cholesterol (GO:0070723),GO_Biological_Process_2025,1.181993859025772,Upregulated,0.6094313440889142,5/19,19.04%
Glucose Homeostasis (GO:0042593),GO_Biological_Process_2025,1.1819360252521731,Upregulated,0.608902642424814,27/79,25.29%
Fatty Acid Transport (GO:0015908),GO_Biological_Process_2025,1.1809481433404665,Upregulated,0.6111459748588673,12/29,26.15%
Macrophage Differentiation (GO:0030225),GO_Biological_Process_2025,1.180798924154611,Upregulated,0.6108667423641476,4/23,5.69%
Negative Regulation of Cell Cycle (GO:0045786),GO_Biological_Process_2025,1.179558787717012,Upregulated,0.6138394138660732,15/70,11.75%
Thermogenesis,KEGG_2021_Human,1.179437229753009,Upregulated,0.6134708254291497,72/206,27.13%
GABAergic synapse,KEGG_2021_Human,1.1790251540619987,Upregulated,0.6139658889554139,25/72,24.79%
Positive Regulation of Endocytosis (GO:0045807),GO_Biological_Process_2025,1.1781051091687391,Upregulated,0.6159642188938609,11/76,6.05%
Regulation of Receptor-Mediated Endocytosis (GO:0048259),GO_Biological_Process_2025,1.1766730008436828,Upregulated,0.6195710630102523,9/36,15.21%
Cytokine-Mediated Signaling Pathway (GO:0019221),GO_Biological_Process_2025,1.1763843195326509,Upregulated,0.6197303418175659,31/215,11.29%
Regulation of Synapse Organization (GO:0050807),GO_Biological_Process_2025,1.1755686895448552,Upregulated,0.6215354021378255,12/34,22.69%
FOXA2 Pathway WP5066,WikiPathways_2024_Human,1.175360655642731,Upregulated,0.621413380831917,6/18,18.03%
Formation Of ATP By Chemiosmotic Coupling R-HSA-163210,Reactome_2022,1.175231083018088,Upregulated,0.6210766872862307,5/15,19.14%
Vacuolar Membrane (GO:0005774),GO_Cellular_Component_2025,1.1750389192940294,Upregulated,0.6209436006047292,19/49,30.16%
Cellular Response To Heat Stress R-HSA-3371556,Reactome_2022,1.1745098643070395,Upregulated,0.6218099833344516,20/89,16.58%
Glucagon-like Peptide-1 (GLP1) Regulates Insulin Secretion R-HSA-381676,Reactome_2022,1.1740208718112468,Upregulated,0.6226003420052378,15/37,24.79%
NADH Dehydrogenase Complex Assembly (GO:0010257),GO_Biological_Process_2025,1.173670820994925,Upregulated,0.6222688665844066,13/33,23.20%
Mitochondrial Respiratory Chain Complex I Assembly (GO:0032981),GO_Biological_Process_2025,1.173670820994925,Upregulated,0.6222688665844066,13/33,23.20%
Small Ligand GPCRs WP247,WikiPathways_2024_Human,1.173245162287727,Upregulated,0.6228877655443028,4/15,9.28%
Senescence Associated Secretory Phenotype SASP WP3391,WikiPathways_2024_Human,1.172268357945839,Upregulated,0.6251109043020993,26/61,30.42%
Protein Localization to Chromatin (GO:0071168),GO_Biological_Process_2025,1.1721039309025951,Upregulated,0.6248928127779553,10/29,19.31%
Response to Alcohol (GO:0097305),GO_Biological_Process_2025,1.1720300793425218,Upregulated,0.6244163889417442,6/24,13.84%
Long-Chain fatty-acyl-CoA Biosynthetic Process (GO:0035338),GO_Biological_Process_2025,1.1720218100833697,Upregulated,0.6237256035812289,4/15,11.95%
Microglial Cell Activation (GO:0001774),GO_Biological_Process_2025,1.1711505785684515,Upregulated,0.6256031457837967,7/18,26.77%
Regulation of Amyloid Fibril Formation (GO:1905906),GO_Biological_Process_2025,1.1707778028935898,Upregulated,0.6260332862866447,7/15,33.25%
Formation Of Fibrin Clot (Clotting Cascade) R-HSA-140877,Reactome_2022,1.170262753171393,Upregulated,0.6268625978648816,8/29,15.55%
Hydrogen Peroxide Metabolic Process (GO:0042743),GO_Biological_Process_2025,1.17002675480831,Upregulated,0.6268448259819426,6/17,20.14%
Regulation of Mitotic Cell Cycle (GO:0007346),GO_Biological_Process_2025,1.1698952005624963,Upregulated,0.6265583368552178,31/117,20.54%
Alcoholism,KEGG_2021_Human,1.1695995442332685,Upregulated,0.626763687749661,21/109,12.10%
Positive Regulation of Multicellular Organismal Process (GO:0051240),GO_Biological_Process_2025,1.1693879063011003,Upregulated,0.6267072252478353,62/347,14.26%
Regulation of Endothelial Cell Migration (GO:0010594),GO_Biological_Process_2025,1.1693472133690102,Upregulated,0.6261113112680494,12/82,4.93%
Complement System In Neuronal Development And Plasticity WP5090,WikiPathways_2024_Human,1.1687597323680552,Upregulated,0.6271598259626313,29/96,21.43%
G1/S Transition of Mitotic Cell Cycle (GO:0000082),GO_Biological_Process_2025,1.1685272322320486,Upregulated,0.6271544273533497,19/58,21.50%
Cell Surface Receptor Protein Tyrosine Kinase Signaling Pathway (GO:0007169),GO_Biological_Process_2025,1.1678704941098588,Upregulated,0.6284044589684282,65/266,18.43%
Regulation of Cell Adhesion Mediated by Integrin (GO:0033628),GO_Biological_Process_2025,1.1678455607971523,Upregulated,0.6277668066010905,5/31,3.73%
Endodermal Cell Differentiation (GO:0035987),GO_Biological_Process_2025,1.1678268145836712,Upregulated,0.6271083883583365,8/30,13.17%
Positive Regulation of Cholesterol Efflux (GO:0010875),GO_Biological_Process_2025,1.1671049540821856,Upregulated,0.628595258335407,10/21,31.00%
Regulation of Mitotic Nuclear Division (GO:0007088),GO_Biological_Process_2025,1.1668973311456037,Upregulated,0.6284929604848306,22/53,28.07%
Synthesis Of Very Long-Chain Fatty acyl-CoAs R-HSA-75876,Reactome_2022,1.1665152678109632,Upregulated,0.6288977550352988,9/21,26.11%
Response to Hexose (GO:0009746),GO_Biological_Process_2025,1.1658525612601585,Upregulated,0.630212406187339,5/21,7.53%
Regulation of Developmental Growth (GO:0048638),GO_Biological_Process_2025,1.1657412026595697,Upregulated,0.6298639377886338,4/33,5.84%
HDR Thru Homologous Recombination (HRR) Or Single Strand Annealing (SSA) R-HSA-5693567,Reactome_2022,1.1655012394317672,Upregulated,0.6299073452257766,41/97,29.32%
Regulation of Endothelial Cell Proliferation (GO:0001936),GO_Biological_Process_2025,1.1654576504370846,Upregulated,0.6293455088168528,16/80,10.14%
XBP1(S) Activates Chaperone Genes R-HSA-381038,Reactome_2022,1.165231688149741,Upregulated,0.6292966204066747,16/45,22.66%
Neutrophil Migration (GO:1990266),GO_Biological_Process_2025,1.1651902123607656,Upregulated,0.6287185566319802,8/39,11.83%
Phagosome Maturation (GO:0090382),GO_Biological_Process_2025,1.1643597771283185,Upregulated,0.6305151855641126,6/15,27.06%
DNA Integrity Checkpoint Signaling (GO:0031570),GO_Biological_Process_2025,1.1638939366444805,Upregulated,0.6311286402035233,20/44,33.84%
"Phosphatidylinositol-3,5-Bisphosphate Binding (GO:0080025)",GO_Molecular_Function_2025,1.1633121467898828,Upregulated,0.6321739957152567,5/21,10.63%
Signaling By Nuclear Receptors R-HSA-9006931,Reactome_2022,1.163216488937814,Upregulated,0.6317341773507785,40/222,13.32%
Starch and sucrose metabolism,KEGG_2021_Human,1.1627943388954858,Upregulated,0.6323395046502698,9/23,14.27%
8P23 1 Copy Number Variation Syndrome WP5346,WikiPathways_2024_Human,1.162718787761423,Upregulated,0.6318881357794105,9/44,9.77%
ER To Golgi Anterograde Transport R-HSA-199977,Reactome_2022,1.1625227335692032,Upregulated,0.6317525040062941,37/124,22.77%
Non-Canonical Wnt Signaling Pathway (GO:0035567),GO_Biological_Process_2025,1.1624934711006143,Upregulated,0.6311550454692145,16/41,23.98%
Response to Cytokine (GO:0034097),GO_Biological_Process_2025,1.1618643285406476,Upregulated,0.6323173972835116,18/114,15.20%
Negative Regulation of Cellular Process (GO:0048523),GO_Biological_Process_2025,1.1615781960717764,Upregulated,0.6324945024785308,142/464,25.50%
Peroxisome,KEGG_2021_Human,1.1615106417334786,Upregulated,0.632013346929539,26/78,24.57%
Transition Metal Ion Transport (GO:0000041),GO_Biological_Process_2025,1.1612116459180724,Upregulated,0.6322073681062755,7/26,14.72%
Positive Regulation of Autophagosome Assembly (GO:2000786),GO_Biological_Process_2025,1.16095401777534,Upregulated,0.6322672294937347,7/16,19.71%
Hepatocellular carcinoma,KEGG_2021_Human,1.1599677530451575,Upregulated,0.6345631659166754,29/148,14.01%
Positive Regulation of Membrane Protein Ectodomain Proteolysis (GO:0051044),GO_Biological_Process_2025,1.1599517506469077,Upregulated,0.6339202176473113,8/15,31.35%
DNA Replication R-HSA-69306,Reactome_2022,1.1598893719209895,Upregulated,0.6333856853231122,32/129,18.83%
Regulation of Monoatomic Ion Transport (GO:0043269),GO_Biological_Process_2025,1.1594779655449674,Upregulated,0.6339147245636828,4/21,8.28%
bHLH Transcription Factor Binding (GO:0043425),GO_Molecular_Function_2025,1.1585770772427724,Upregulated,0.6359450365973178,7/20,25.08%
Glutamate Receptor Signaling Pathway (GO:0007215),GO_Biological_Process_2025,1.157932326744769,Upregulated,0.6371138746778021,11/27,25.86%
Histone Acetyltransferase Binding (GO:0035035),GO_Molecular_Function_2025,1.1578719089950644,Upregulated,0.6365884773195566,3/15,1.40%
RAS Processing R-HSA-9648002,Reactome_2022,1.157823248334418,Upregulated,0.6360474143901317,6/17,18.84%
Positive Regulation of Cell Motility (GO:2000147),GO_Biological_Process_2025,1.1577704693797173,Upregulated,0.6355093890897031,40/225,11.77%
Constitutive Androstane Receptor Pathway WP2875,WikiPathways_2024_Human,1.1577247310332754,Upregulated,0.6349660071124714,11/23,24.02%
Nucleotide-Sugar Biosynthetic Process (GO:0009226),GO_Biological_Process_2025,1.157257693126665,Upregulated,0.6356708009041249,7/22,16.75%
Positive Regulation of Cell Differentiation (GO:0045597),GO_Biological_Process_2025,1.156506787476283,Upregulated,0.6372246497955576,42/256,11.86%
Protein Localization to Cell Junction (GO:1902414),GO_Biological_Process_2025,1.1564919658380337,Upregulated,0.6365781025201657,7/27,14.18%
Prion Disease Pathway WP3995,WikiPathways_2024_Human,1.1558678131411748,Upregulated,0.6377250511558267,8/32,13.32%
Regulation of Neuron Apoptotic Process (GO:0043523),GO_Biological_Process_2025,1.1552758225458044,Upregulated,0.6387815044542944,32/116,22.03%
Negative Regulation of Inflammatory Response to Antigenic Stimulus (GO:0002862),GO_Biological_Process_2025,1.1546196347936508,Upregulated,0.6401624206563243,7/17,29.58%
Notch Signaling Pathway (GO:0007219),GO_Biological_Process_2025,1.1545332371631458,Upregulated,0.6397642132150312,19/39,26.50%
Resolution Of Abasic Sites (AP Sites) R-HSA-73933,Reactome_2022,1.154474080984761,Upregulated,0.6392273954563183,16/37,26.97%
SWI/SNF Complex (GO:0016514),GO_Cellular_Component_2025,1.1542037195602652,Upregulated,0.6393836921400968,6/27,13.01%
Vesicle Coat (GO:0030120),GO_Cellular_Component_2025,1.1539070450876197,Upregulated,0.6396355037096203,10/37,26.73%
Condensed Chromosome (GO:0000793),GO_Cellular_Component_2025,1.152752730664931,Upregulated,0.6424590581096972,22/52,27.57%
Response to Ketone (GO:1901654),GO_Biological_Process_2025,1.1527313181753325,Upregulated,0.6418269302359622,6/20,10.56%
Class A/1 (Rhodopsin-like Receptors) R-HSA-373076,Reactome_2022,1.1523309669964164,Upregulated,0.6424014593506407,50/210,17.87%
"Regulation of Nuclear-Transcribed mRNA Catabolic Process, Deadenylation-Dependent Decay (GO:1900151)",GO_Biological_Process_2025,1.1517015480785275,Upregulated,0.6435419022228631,4/19,9.56%
Defense Response to Gram-negative Bacterium (GO:0050829),GO_Biological_Process_2025,1.150342928819087,Upregulated,0.646938721391846,8/47,6.95%
Sulfur Compound Biosynthetic Process (GO:0044272),GO_Biological_Process_2025,1.148638463728264,Upregulated,0.6514491884895989,22/51,26.15%
Assembly Of ORC Complex At Origin Of Replication R-HSA-68616,Reactome_2022,1.148339853383585,Upregulated,0.651620441097686,7/17,24.11%
Lysosomal Lumen Acidification (GO:0007042),GO_Biological_Process_2025,1.1482139413521717,Upregulated,0.6512905658200501,9/17,30.94%
IRE1alpha Activates Chaperones R-HSA-381070,Reactome_2022,1.148111815622438,Upregulated,0.6509166612855594,17/47,22.66%
Positive Regulation of Leukocyte Mediated Cytotoxicity (GO:0001912),GO_Biological_Process_2025,1.1476964334990447,Upregulated,0.6515083046609694,15/44,21.76%
Olfactory Signaling Pathway R-HSA-381753,Reactome_2022,1.1469559679950585,Upregulated,0.6530332818351611,6/19,16.51%
Photodynamic Therapy Induced NF kB Survival Signaling WP3617,WikiPathways_2024_Human,1.1458328556506698,Upregulated,0.6557998323156785,10/31,20.21%
Mononuclear Cell Differentiation (GO:1903131),GO_Biological_Process_2025,1.1457862913855723,Upregulated,0.6552445856402848,5/41,5.69%
Insulin Receptor Recycling R-HSA-77387,Reactome_2022,1.14571343891582,Upregulated,0.6547785883003732,12/24,31.32%
Defense Response to Gram-positive Bacterium (GO:0050830),GO_Biological_Process_2025,1.1453883509721936,Upregulated,0.655066435388493,18/50,26.24%
Proteoglycan Biosynthesis WP4784,WikiPathways_2024_Human,1.145296634282799,Upregulated,0.6546351326280254,8/18,26.15%
Chondroitin Sulfate Biosynthesis R-HSA-2022870,Reactome_2022,1.1452806031621026,Upregulated,0.6539902150720727,4/19,9.45%
Ephrin Signaling R-HSA-3928664,Reactome_2022,1.144981781745473,Upregulated,0.6541703828456169,5/17,10.75%
Positive Regulation of Immune System Process (GO:0002684),GO_Biological_Process_2025,1.1447614226089546,Upregulated,0.6541631985457074,4/27,4.13%
Potassium Ion Import Across Plasma Membrane (GO:1990573),GO_Biological_Process_2025,1.144516542822162,Upregulated,0.654231823269073,11/33,22.27%
Pathogenesis Of SARS CoV 2 Mediated By Nsp9 Nsp10 Complex WP4884,WikiPathways_2024_Human,1.1433298562705172,Upregulated,0.6571278839072503,8/18,29.46%
TP53 Regulates Transcription Of Additional Cell Cycle Genes With Uncertain Roles In P53 Pathway R-HSA-6804115,Reactome_2022,1.143202755773702,Upregulated,0.6567871738803474,3/20,10.13%
Neutrophil Degranulation R-HSA-6798695,Reactome_2022,1.1430590916667036,Upregulated,0.6565389229036034,71/408,13.81%
GPR143 In Melanocytes And Retinal Pigment Epithelium Cells WP4941,WikiPathways_2024_Human,1.1426536306757902,Upregulated,0.6570603418053966,8/24,14.73%
Imatinib And Chronic Myeloid Leukemia WP3640,WikiPathways_2024_Human,1.14112376735238,Upregulated,0.6610526080433934,6/20,12.91%
Mitotic Recombination (GO:0006312),GO_Biological_Process_2025,1.1411182594035507,Upregulated,0.6603819449694407,6/15,19.03%
G2/M Transition of Mitotic Cell Cycle (GO:0000086),GO_Biological_Process_2025,1.1407350732564134,Upregulated,0.6609004243600852,14/39,20.54%
Purine Nucleotide Metabolic Process (GO:0006163),GO_Biological_Process_2025,1.1407199765205696,Upregulated,0.6602563683440321,18/33,35.22%
Diseases Associated With TLR Signaling Cascade R-HSA-5602358,Reactome_2022,1.1399558519079698,Upregulated,0.6619171690909693,6/27,11.44%
Cardiac Conduction R-HSA-5576891,Reactome_2022,1.1398616671863873,Upregulated,0.6615332427402276,33/108,23.71%
Circadian entrainment,KEGG_2021_Human,1.1391170304226337,Upregulated,0.6630617188407519,32/81,26.47%
"Chemical Synaptic Transmission, Postsynaptic (GO:0099565)",GO_Biological_Process_2025,1.138843948020932,Upregulated,0.6625493623928919,4/19,6.21%
Regulation of Postsynaptic Membrane Potential (GO:0060078),GO_Biological_Process_2025,1.138843948020932,Upregulated,0.6625493623928919,4/19,6.21%
cAMP-mediated Signaling (GO:0019933),GO_Biological_Process_2025,1.1384776295489885,Upregulated,0.6629978267230681,6/20,12.88%
11P11 2 Copy Number Variation Syndrome WP5348,WikiPathways_2024_Human,1.138362140236731,Upregulated,0.6626600715999794,16/52,18.33%
Regulation of Glycogen Biosynthetic Process (GO:0005979),GO_Biological_Process_2025,1.1383318893572034,Upregulated,0.6620798582590336,10/24,16.36%
Regulation of Calcium-Mediated Signaling (GO:0050848),GO_Biological_Process_2025,1.1381013066541548,Upregulated,0.6620495907392412,15/39,23.26%
DNA Repair Pathways Full Network WP4946,WikiPathways_2024_Human,1.1378752769528324,Upregulated,0.6620486102864959,33/117,20.85%
Intraflagellar Transport R-HSA-5620924,Reactome_2022,1.1370224890015328,Upregulated,0.6640434912890448,9/36,13.01%
Postsynaptic Specialization Membrane (GO:0099634),GO_Cellular_Component_2025,1.13701850252822,Upregulated,0.6633723271647534,15/35,29.86%
miRNAs Involved In DNA Damage Response WP1545,WikiPathways_2024_Human,1.136877996704486,Upregulated,0.6631307340268006,6/15,17.35%
Regulation of Vasculature Development (GO:1901342),GO_Biological_Process_2025,1.1368677263791966,Upregulated,0.6624856936346062,14/33,29.83%
Response to Steroid Hormone (GO:0048545),GO_Biological_Process_2025,1.1366731907612415,Upregulated,0.6623917597528565,9/29,20.01%
Regulation of Membrane Depolarization (GO:0003254),GO_Biological_Process_2025,1.136200505884896,Upregulated,0.6631579406508546,5/19,9.52%
Lysosomal Membrane (GO:0005765),GO_Cellular_Component_2025,1.13578443370742,Upregulated,0.6637634089052503,74/353,17.20%
Mitochondrial Respiratory Chain Complex Assembly (GO:0033108),GO_Biological_Process_2025,1.1351952958641798,Upregulated,0.6648366912276991,35/83,29.31%
NCAM Signaling For Neurite Out-Growth R-HSA-375165,Reactome_2022,1.1351659293491476,Upregulated,0.6642607650703645,15/53,17.26%
Golgi-associated Vesicle Membrane (GO:0030660),GO_Cellular_Component_2025,1.13480388282797,Upregulated,0.664765083478879,7/20,23.36%
Calcium signaling pathway,KEGG_2021_Human,1.134620236964686,Upregulated,0.6646212412111293,43/207,16.71%
Positive Regulation of Apoptotic Process (GO:0043065),GO_Biological_Process_2025,1.1344575697886805,Upregulated,0.664411206532557,67/279,19.99%
Positive Regulation of Cell Junction Assembly (GO:1901890),GO_Biological_Process_2025,1.1342077929706522,Upregulated,0.6645004760619951,17/55,15.44%
Axonal Growth Cone (GO:0044295),GO_Cellular_Component_2025,1.134013915927387,Upregulated,0.6643809114932678,5/16,5.84%
G2/M DNA Damage Checkpoint R-HSA-69473,Reactome_2022,1.1338670715271406,Upregulated,0.6641874572453921,17/62,17.75%
Cellular Response to Glucocorticoid Stimulus (GO:0071385),GO_Biological_Process_2025,1.1337565281379194,Upregulated,0.6638393106905953,4/17,9.56%
Diseases Of Carbohydrate Metabolism R-HSA-5663084,Reactome_2022,1.1337270212251285,Upregulated,0.6632525144984778,5/28,8.38%
Nucleotide excision repair,KEGG_2021_Human,1.1331441021958222,Upregulated,0.6637050578412892,19/43,30.00%
Nucleotide Excision Repair WP4753,WikiPathways_2024_Human,1.1331441021958222,Upregulated,0.6637050578412892,19/43,30.00%
Involvement Of Secretase In Neurodegenerative Diseases WP5372,WikiPathways_2024_Human,1.1329367333892084,Upregulated,0.6636859411866856,4/16,6.85%
Neuron Projection Extension (GO:1990138),GO_Biological_Process_2025,1.1323462132817674,Upregulated,0.664796395881562,14/35,25.04%
Determination of Heart Left/Right Asymmetry (GO:0061371),GO_Biological_Process_2025,1.132197778762344,Upregulated,0.6645891640148284,11/37,23.06%
Porphyrin and chlorophyll metabolism,KEGG_2021_Human,1.1316584205850533,Upregulated,0.6655312393358019,8/28,15.49%
Myeloid Leukocyte Differentiation (GO:0002573),GO_Biological_Process_2025,1.131529422535327,Upregulated,0.6652519522316457,17/68,18.71%
Golgi Membrane (GO:0000139),GO_Cellular_Component_2025,1.1310926421989325,Upregulated,0.6659255478962409,109/421,23.16%
Endoplasmic Reticulum to Cytosol Transport (GO:1903513),GO_Biological_Process_2025,1.1309144665582078,Upregulated,0.6657827047964263,11/16,32.20%
Pyruvate metabolism,KEGG_2021_Human,1.130180244742311,Upregulated,0.667279033580028,17/39,30.31%
Coated Vesicle (GO:0030135),GO_Cellular_Component_2025,1.1293370943173986,Upregulated,0.6692380640492304,17/77,16.83%
Detoxification Of Reactive Oxygen Species R-HSA-3299685,Reactome_2022,1.1291232840025232,Upregulated,0.6692110119651825,10/29,22.02%
Specific Granule (GO:0042581),GO_Cellular_Component_2025,1.1289863824961035,Upregulated,0.6689993106704503,18/142,7.30%
Regulation of Insulin Secretion Involved in Cellular Response to Glucose Stimulus (GO:0061178),GO_Biological_Process_2025,1.12862649954624,Upregulated,0.6694274114970086,8/24,22.12%
Regulation of Neuron Migration (GO:2001222),GO_Biological_Process_2025,1.1279867370706371,Upregulated,0.6707017444117678,9/30,17.93%
"Retrograde Vesicle-Mediated Transport, Golgi to Endoplasmic Reticulum (GO:0006890)",GO_Biological_Process_2025,1.127853497165202,Upregulated,0.6704283788074978,6/44,6.58%
Synapse Organization (GO:0050808),GO_Biological_Process_2025,1.1268951658220043,Upregulated,0.6727071611527041,41/132,19.18%
Heart Looping (GO:0001947),GO_Biological_Process_2025,1.1267935892279686,Upregulated,0.6723348976232008,10/35,22.20%
Regulation of Cytokinesis (GO:0032465),GO_Biological_Process_2025,1.1264844629650184,Upregulated,0.6726012891113848,20/68,19.18%
Xenobiotics R-HSA-211981,Reactome_2022,1.1264232818890798,Upregulated,0.6721266403033438,7/15,24.02%
Positive Regulation of Extrinsic Apoptotic Signaling Pathway (GO:2001238),GO_Biological_Process_2025,1.1263796190134776,Upregulated,0.6716009423107657,14/36,27.02%
Interaction Between L1 And Ankyrins R-HSA-445095,Reactome_2022,1.1256718581383944,Upregulated,0.67314527629386,7/25,13.69%
Regulation of Ventricular Cardiac Muscle Cell Membrane Repolarization (GO:0060307),GO_Biological_Process_2025,1.1251781038747295,Upregulated,0.6740188406058788,10/15,32.63%
Regulation of Reactive Oxygen Species Metabolic Process (GO:2000377),GO_Biological_Process_2025,1.1250494419357886,Upregulated,0.6737503076260977,15/51,19.26%
Cellular Response to Vascular Endothelial Growth Factor Stimulus (GO:0035924),GO_Biological_Process_2025,1.1243374835947262,Upregulated,0.6752429602300563,6/35,5.65%
"Platelet Activation, Signaling And Aggregation R-HSA-76002",Reactome_2022,1.1240066269684983,Upregulated,0.6755351803878595,39/235,12.95%
Glycolipid Metabolic Process (GO:0006664),GO_Biological_Process_2025,1.1234296822502494,Upregulated,0.6765444434351289,5/15,18.94%
Fanconi anemia pathway,KEGG_2021_Human,1.1232672178818075,Upregulated,0.6763929811814352,12/51,12.47%
DNA Replication (GO:0006260),GO_Biological_Process_2025,1.12294498682686,Upregulated,0.6766705267574985,16/65,16.64%
Protein Depolymerization (GO:0051261),GO_Biological_Process_2025,1.1224226007646212,Upregulated,0.6775946080487862,11/25,32.02%
Single-Stranded DNA Binding (GO:0003697),GO_Molecular_Function_2025,1.1223793895493306,Upregulated,0.6770855816927073,27/88,20.85%
Renin-angiotensin system,KEGG_2021_Human,1.122294183480164,Upregulated,0.6766829396747935,6/17,14.14%
miRNA Regulation Of P53 Pathway In Prostate Cancer WP3982,WikiPathways_2024_Human,1.1218307428770582,Upregulated,0.6773996239504911,5/22,11.33%
Carbohydrate Derivative Catabolic Process (GO:1901136),GO_Biological_Process_2025,1.1215753894221916,Upregulated,0.6775519773592963,6/22,11.23%
Positive Regulation of Nitric Oxide Biosynthetic Process (GO:0045429),GO_Biological_Process_2025,1.119856083032888,Upregulated,0.6822165231558545,9/28,12.27%
Ferrous Iron Binding (GO:0008198),GO_Molecular_Function_2025,1.1196967725030218,Upregulated,0.682059869502606,3/20,6.06%
Peptide Hormone Metabolism R-HSA-2980736,Reactome_2022,1.1193513098465024,Upregulated,0.682426211448163,17/67,19.49%
Attachment of Mitotic Spindle Microtubules to Kinetochore (GO:0051315),GO_Biological_Process_2025,1.1193125427627224,Upregulated,0.6818832613042047,8/16,26.88%
Interconversion Of Nucleotide Di- And Triphosphates R-HSA-499943,Reactome_2022,1.118899961673553,Upregulated,0.6824450038254205,6/26,10.74%
Negative Regulation of Response to Endoplasmic Reticulum Stress (GO:1903573),GO_Biological_Process_2025,1.1187591847521414,Upregulated,0.6821824961116124,9/29,18.82%
Regulation of Generation of Precursor Metabolites and Energy (GO:0043467),GO_Biological_Process_2025,1.1186386393438656,Upregulated,0.6818611612258672,5/21,11.59%
Chromosome Condensation (GO:0030261),GO_Biological_Process_2025,1.1180012929297618,Upregulated,0.6831660395539573,13/23,27.02%
Microtubule Cytoskeleton Regulation WP2038,WikiPathways_2024_Human,1.117691324529488,Upregulated,0.6834132382648113,6/46,4.18%
Adipogenesis WP236,WikiPathways_2024_Human,1.1173728124449498,Upregulated,0.6837741209963449,42/120,27.22%
Cellular Response to Corticosteroid Stimulus (GO:0071384),GO_Biological_Process_2025,1.11658361402904,Upregulated,0.685491277310091,4/15,9.56%
Positive Regulation of Endothelial Cell Proliferation (GO:0001938),GO_Biological_Process_2025,1.116139675964847,Upregulated,0.6861538547657631,9/66,8.03%
SUMOylation Of DNA Replication Proteins R-HSA-4615885,Reactome_2022,1.1156833339380654,Upregulated,0.686852543199667,13/42,24.63%
Regulation of Erythrocyte Differentiation (GO:0045646),GO_Biological_Process_2025,1.1153629326875774,Upregulated,0.6871912854338408,10/35,13.51%
Positive Regulation of Cytokine Production (GO:0001819),GO_Biological_Process_2025,1.1149667531440202,Upregulated,0.6877549418215736,39/285,11.28%
Lipid Catabolic Process (GO:0016042),GO_Biological_Process_2025,1.1147675593885755,Upregulated,0.6877036008787668,9/37,10.16%
Polyol Metabolic Process (GO:0019751),GO_Biological_Process_2025,1.1141082877153152,Upregulated,0.689082615715667,4/16,15.45%
Glycogen Metabolism R-HSA-8982491,Reactome_2022,1.1138258319716188,Upregulated,0.6892682452142561,8/22,14.27%
"Protein Localization to Chromosome, Centromeric Region (GO:0071459)",GO_Biological_Process_2025,1.11360698749718,Upregulated,0.6892816882902887,11/17,37.48%
ADP Signaling Thru P2Y Purinoceptor 12 R-HSA-392170,Reactome_2022,1.1135834973343322,Upregulated,0.6886860236086514,3/19,8.91%
COPI-mediated Anterograde Transport R-HSA-6807878,Reactome_2022,1.1131540679075294,Upregulated,0.6893348819450568,21/75,20.28%
Ion Transport By P-type ATPases R-HSA-936837,Reactome_2022,1.1130469833284111,Upregulated,0.6890071964594939,21/46,29.80%
Negative Regulation of Reactive Oxygen Species Metabolic Process (GO:2000378),GO_Biological_Process_2025,1.1128500403703032,Upregulated,0.6889385429688029,3/16,8.19%
Negative Regulation of Protein-Containing Complex Assembly (GO:0031333),GO_Biological_Process_2025,1.1128187455038552,Upregulated,0.6883619249548796,13/50,23.32%
Protein O-linked Mannosylation (GO:0035269),GO_Biological_Process_2025,1.11229075941107,Upregulated,0.6893223819124098,7/16,27.27%
Pyridoxal Phosphate Binding (GO:0030170),GO_Molecular_Function_2025,1.112198239032424,Upregulated,0.6882766456896188,7/18,16.77%
Vitamin B6 Binding (GO:0070279),GO_Molecular_Function_2025,1.112198239032424,Upregulated,0.6882766456896188,7/18,16.77%
N Glycan Biosynthesis WP5153,WikiPathways_2024_Human,1.1120665988146152,Upregulated,0.6880206365016518,11/53,16.52%
Visual Phototransduction R-HSA-2187338,Reactome_2022,1.1106072341887407,Upregulated,0.6918850212113953,31/72,27.45%
Platelet Calcium Homeostasis R-HSA-418360,Reactome_2022,1.1103616758304642,Upregulated,0.6919767689717182,9/24,23.71%
Glycolipid Biosynthetic Process (GO:0009247),GO_Biological_Process_2025,1.1098138358449088,Upregulated,0.6930010151779248,15/50,22.36%
Plasma Membrane Bounded Cell Projection Organization (GO:0120036),GO_Biological_Process_2025,1.1097512646668362,Upregulated,0.6925530194575888,35/129,23.23%
Spindle Microtubule (GO:0005876),GO_Cellular_Component_2025,1.1097242724922247,Upregulated,0.6919656656887889,25/68,26.88%
Negative Regulation of Protein Modification Process (GO:0031400),GO_Biological_Process_2025,1.1094569646018753,Upregulated,0.6921213262114805,14/42,19.48%
17Q12 Copy Number Variation Syndrome WP5287,WikiPathways_2024_Human,1.1092344367384974,Upregulated,0.6921334965422306,22/79,23.33%
Cysteine-Type Endopeptidase Activity (GO:0004197),GO_Molecular_Function_2025,1.1082708992975845,Upregulated,0.6944411181615718,19/66,20.59%
Embryonic Heart Tube Morphogenesis (GO:0003143),GO_Biological_Process_2025,1.1082106463728805,Upregulated,0.693995501197201,11/39,23.06%
Endosome Transport via Multivesicular Body Sorting Pathway (GO:0032509),GO_Biological_Process_2025,1.1080745568951735,Upregulated,0.693754363733198,6/21,15.03%
Fatty Acid Metabolic Process (GO:0006631),GO_Biological_Process_2025,1.1080124232871282,Upregulated,0.6932786212293847,32/112,19.44%
Lipid Metabolism Pathway WP3965,WikiPathways_2024_Human,1.1079853689077974,Upregulated,0.6927033603166396,6/28,10.91%
Positive Regulation of Interleukin-12 Production (GO:0032735),GO_Biological_Process_2025,1.1075534466311026,Upregulated,0.6934389925805107,11/29,24.29%
Dicarboxylic Acid Transport (GO:0006835),GO_Biological_Process_2025,1.106937094403394,Upregulated,0.6946468870105786,6/21,18.81%
Regulation of Lymphocyte Differentiation (GO:0045619),GO_Biological_Process_2025,1.1069283178847336,Upregulated,0.6940210885155199,12/17,38.87%
NF-kappa B signaling pathway,KEGG_2021_Human,1.1069232218410554,Upregulated,0.6933859752687352,38/93,31.53%
Regulation of DNA Recombination (GO:0000018),GO_Biological_Process_2025,1.1063136828020317,Upregulated,0.6946147062340042,6/31,11.44%
Pulmonary Valve Morphogenesis (GO:0003184),GO_Biological_Process_2025,1.10615665831346,Upregulated,0.6944641758900157,5/19,11.12%
Pancreatic Cancer Subtypes WP5390,WikiPathways_2024_Human,1.105469029035024,Upregulated,0.6959180772735464,9/29,20.66%
Extension Of Telomeres R-HSA-180786,Reactome_2022,1.1052638851634766,Upregulated,0.695883956739179,13/49,18.73%
Cell Cycle G1/S Phase Transition (GO:0044843),GO_Biological_Process_2025,1.10456032164048,Upregulated,0.6974036811306815,19/60,21.50%
Long-Chain Fatty Acid Metabolic Process (GO:0001676),GO_Biological_Process_2025,1.104160083687349,Upregulated,0.6979386318594022,20/64,18.94%
RHO GTPases Activate Formins R-HSA-5663220,Reactome_2022,1.1041362245606707,Upregulated,0.697356107471828,28/113,18.47%
Negative Regulation of Cell Cycle Process (GO:0010948),GO_Biological_Process_2025,1.1033744492501338,Upregulated,0.6990784155077268,13/32,27.57%
Fatty Acid Metabolism R-HSA-8978868,Reactome_2022,1.103275262070104,Upregulated,0.6987167153324194,41/153,20.40%
Positive Regulation of Dendritic Spine Development (GO:0060999),GO_Biological_Process_2025,1.1032619718205856,Upregulated,0.6981103140657962,5/21,12.10%
Regulation of Signal Transduction (GO:0009966),GO_Biological_Process_2025,1.1030488782543424,Upregulated,0.698075978515337,58/189,24.43%
Cyclin-Dependent Protein Kinase Holoenzyme Complex (GO:0000307),GO_Cellular_Component_2025,1.1030432696226304,Upregulated,0.697454541733838,15/43,20.15%
Glutathione metabolism,KEGG_2021_Human,1.1025811367582534,Upregulated,0.6982474071106096,14/49,18.94%
Vitamin D Sensitive Calcium Signaling In Depression WP4698,WikiPathways_2024_Human,1.1019140957659417,Upregulated,0.699667088139387,11/29,29.80%
Phagocytic Vesicle Membrane (GO:0030670),GO_Cellular_Component_2025,1.1007870637037678,Upregulated,0.7023562556736985,12/46,22.66%
Regulation of Macrophage Chemotaxis (GO:0010758),GO_Biological_Process_2025,1.100739278129048,Upregulated,0.7018682833011394,7/20,23.26%
Epithelial Cell Development (GO:0002064),GO_Biological_Process_2025,1.100431345116332,Upregulated,0.7022102501561525,12/22,24.79%
Regulation of T Cell Mediated Cytotoxicity (GO:0001914),GO_Biological_Process_2025,1.1002794931804774,Upregulated,0.7020065437454203,12/28,21.76%
Metabolism Of Vitamins And Cofactors R-HSA-196854,Reactome_2022,1.1002265184881916,Upregulated,0.7015321309233514,26/161,8.79%
Protein Localization to Endoplasmic Reticulum (GO:0070972),GO_Biological_Process_2025,1.0994593661326104,Upregulated,0.703252965138766,4/18,6.44%
Metalloaminopeptidase Activity (GO:0070006),GO_Molecular_Function_2025,1.099042139640924,Upregulated,0.7039310267286917,5/16,13.17%
Organelle Disassembly (GO:1903008),GO_Biological_Process_2025,1.0990394856206869,Upregulated,0.7032941108494452,18/44,29.12%
Negative Regulation of Cell Junction Assembly (GO:1901889),GO_Biological_Process_2025,1.098755192623778,Upregulated,0.7035065308374231,9/22,20.21%
Modulation of Excitatory Postsynaptic Potential (GO:0098815),GO_Biological_Process_2025,1.098429820713284,Upregulated,0.7038487470038394,9/27,22.97%
Outer Dynein Arm Assembly (GO:0036158),GO_Biological_Process_2025,1.098406996188997,Upregulated,0.7032743538782561,4/18,16.23%
Positive Regulation of Programmed Cell Death (GO:0043068),GO_Biological_Process_2025,1.0979480913309214,Upregulated,0.7040367131991344,53/225,19.99%
Polo-like Kinase Mediated Events R-HSA-156711,Reactome_2022,1.0974329104406912,Upregulated,0.7049149179554528,4/15,13.55%
Regulation of Nitric Oxide Biosynthetic Process (GO:0045428),GO_Biological_Process_2025,1.0970231634856382,Upregulated,0.7054754979115957,11/42,12.27%
Postsynaptic Density Membrane (GO:0098839),GO_Cellular_Component_2025,1.0967510748953355,Upregulated,0.7056659150022668,14/32,29.86%
E2F Mediated Regulation Of DNA Replication R-HSA-113510,Reactome_2022,1.0964641959294668,Upregulated,0.7058567696213527,7/21,20.99%
Regulation of Microtubule Depolymerization (GO:0031114),GO_Biological_Process_2025,1.0964613972385024,Upregulated,0.7052186166591425,14/27,33.02%
Aggrephagy R-HSA-9646399,Reactome_2022,1.096207986810691,Upregulated,0.7054032648781243,8/22,22.03%
Hair Follicle Development Organogenesis Part 2 Of 3 WP2839,WikiPathways_2024_Human,1.096103037338974,Upregulated,0.7050930070069445,16/31,31.17%
Positive Regulation of Cell Communication (GO:0010647),GO_Biological_Process_2025,1.0957258837023682,Upregulated,0.7056253514861882,9/20,24.13%
Morphine addiction,KEGG_2021_Human,1.095241963001836,Upregulated,0.7064480904980996,25/72,24.79%
Non-integrin membrane-ECM Interactions R-HSA-3000171,Reactome_2022,1.0947950621139506,Upregulated,0.7071671027179053,9/40,9.73%
Regulation of Nuclear Division (GO:0051783),GO_Biological_Process_2025,1.0945537386842794,Upregulated,0.7072353116763712,9/18,24.21%
Excitatory Extracellular Ligand-Gated Monoatomic Ion Channel Activity (GO:0005231),GO_Molecular_Function_2025,1.0943042640167433,Upregulated,0.7073906459756119,4/15,15.69%
Lysosome Localization (GO:0032418),GO_Biological_Process_2025,1.0941633855942052,Upregulated,0.7071612178176173,10/39,12.80%
Membrane Repolarization During Cardiac Muscle Cell Action Potential (GO:0086013),GO_Biological_Process_2025,1.093656130094851,Upregulated,0.7080807189002409,4/15,9.85%
Regulation of Fat Cell Differentiation (GO:0045598),GO_Biological_Process_2025,1.093575332706226,Upregulated,0.7077244477083515,24/69,23.83%
Sudden Infant Death Syndrome SIDS Susceptibility Pathways WP706,WikiPathways_2024_Human,1.0932325346365186,Upregulated,0.7081411353808063,35/131,21.82%
Protein Exit From Endoplasmic Reticulum (GO:0032527),GO_Biological_Process_2025,1.0930599300234791,Upregulated,0.708004142144133,13/24,32.20%
Positive Regulation of Calcium-Mediated Signaling (GO:0050850),GO_Biological_Process_2025,1.0928570663474912,Upregulated,0.7079929131275932,5/24,5.53%
Glycerophospholipid Biosynthesis R-HSA-1483206,Reactome_2022,1.0927670266375982,Upregulated,0.7076047160075432,19/116,10.22%
Positive Regulation of Interleukin-2 Production (GO:0032743),GO_Biological_Process_2025,1.0899052145042734,Upregulated,0.7158182843108368,9/24,24.13%
Synthesis Of DNA R-HSA-69239,Reactome_2022,1.0896592329859645,Upregulated,0.7159453411840105,28/115,18.83%
Interactions Of Natural Killer Cells In Pancreatic Cancer WP5092,WikiPathways_2024_Human,1.0894676870969662,Upregulated,0.7159085018074418,9/22,23.39%
Nuclear Migration (GO:0007097),GO_Biological_Process_2025,1.088543272560495,Upregulated,0.7180746432779254,4/19,11.78%
Piecemeal Microautophagy of the Nucleus (GO:0034727),GO_Biological_Process_2025,1.0885063316295025,Upregulated,0.7175389019647748,3/17,9.35%
Positive Regulation of ERAD Pathway (GO:1904294),GO_Biological_Process_2025,1.0883921807087025,Upregulated,0.7172404933513773,9/15,31.43%
Positive Regulation of Secretion by Cell (GO:1903532),GO_Biological_Process_2025,1.0882860500220706,Upregulated,0.7169172324797998,21/67,21.90%
"Regulation of DNA Damage Response, Signal Transduction by P53 Class Mediator (GO:0043516)",GO_Biological_Process_2025,1.0879947750498695,Upregulated,0.7171448478261574,6/31,8.77%
Pancreatic secretion,KEGG_2021_Human,1.0879122737843303,Upregulated,0.716749299618529,22/75,23.71%
Steroid Biosynthetic Process (GO:0006694),GO_Biological_Process_2025,1.0875633152739337,Upregulated,0.7171047819689198,9/16,42.89%
COPII-mediated Vesicle Transport R-HSA-204005,Reactome_2022,1.0872282131035744,Upregulated,0.7174557986212137,27/62,29.44%
Fatty acid biosynthesis,KEGG_2021_Human,1.086387975059147,Upregulated,0.7193332733290707,4/17,11.95%
Apoptotic Cleavage Of Cellular Proteins R-HSA-111465,Reactome_2022,1.0863599196406974,Upregulated,0.7187826243135627,11/34,19.73%
Extrinsic Apoptotic Signaling Pathway via Death Domain Receptors (GO:0008625),GO_Biological_Process_2025,1.0857120025870397,Upregulated,0.7201288601755613,6/30,13.82%
Base excision repair,KEGG_2021_Human,1.0853593700143351,Upregulated,0.7205469811051052,14/31,26.97%
Mesoderm Development (GO:0007498),GO_Biological_Process_2025,1.0848548532399995,Upregulated,0.7214741269136989,5/19,10.22%
Regulation of Neuron Projection Development (GO:0010975),GO_Biological_Process_2025,1.0845083039221386,Upregulated,0.7218552430249884,39/163,19.52%
Male Infertility WP4673,WikiPathways_2024_Human,1.0844216342205315,Upregulated,0.7214723886138321,23/120,13.82%
Ligand-Gated Monoatomic Ion Channel Activity (GO:0015276),GO_Molecular_Function_2025,1.0842861655940317,Upregulated,0.7212538474848122,9/18,26.47%
Gap-filling DNA Repair Synthesis And Ligation In GG-NER R-HSA-5696397,Reactome_2022,1.0841936441231126,Upregulated,0.7209094616638784,13/24,28.43%
Glycoprotein Biosynthetic Process (GO:0009101),GO_Biological_Process_2025,1.0841343988352763,Upregulated,0.720449441187357,20/66,22.36%
Sodium Channel Complex (GO:0034706),GO_Cellular_Component_2025,1.0839489800556497,Upregulated,0.7203811610194403,5/19,13.69%
Transition Metal Ion Binding (GO:0046914),GO_Molecular_Function_2025,1.083436695978735,Upregulated,0.7213110774278598,104/390,21.94%
Necroptosis,KEGG_2021_Human,1.08294157938793,Upregulated,0.7222120776958705,22/115,14.27%
Glutamatergic synapse,KEGG_2021_Human,1.0828922554833975,Upregulated,0.7217328457784614,33/97,28.17%
Microbody Membrane (GO:0031903),GO_Cellular_Component_2025,1.0828434184710152,Upregulated,0.7206250000456317,16/49,24.57%
Peroxisomal Membrane (GO:0005778),GO_Cellular_Component_2025,1.0828434184710152,Upregulated,0.7206250000456317,16/49,24.57%
Breast Cancer Pathway WP4262,WikiPathways_2024_Human,1.082783215870727,Upregulated,0.7201816454079681,21/134,11.54%
Nucleotide Excision Repair In Xeroderma Pigmentosum WP5114,WikiPathways_2024_Human,1.0824665437796557,Upregulated,0.7205078304862621,27/60,30.73%
FGF23 Signaling In Hypophosphatemic Rickets Related Disorders WP4790,WikiPathways_2024_Human,1.0819766823645864,Upregulated,0.7214191219097278,10/17,30.84%
Protein Localization to Mitochondrion (GO:0070585),GO_Biological_Process_2025,1.0818153601942628,Upregulated,0.7212578986883896,3/17,2.59%
Vitamin A And Carotenoid Metabolism WP716,WikiPathways_2024_Human,1.0812785041100854,Upregulated,0.7222512156961418,19/37,27.29%
Positive Regulation of Cell Migration (GO:0030335),GO_Biological_Process_2025,1.0806104154201337,Upregulated,0.7236495176027172,52/317,11.29%
Regulation of Mitotic Cell Cycle Phase Transition (GO:1901990),GO_Biological_Process_2025,1.0805951620369227,Upregulated,0.7230668846775912,16/81,13.01%
Neuropeptide Receptor Activity (GO:0008188),GO_Molecular_Function_2025,1.0804069027746883,Upregulated,0.7230015992924184,9/19,29.72%
DNA Metabolic Process (GO:0006259),GO_Biological_Process_2025,1.079018502173695,Upregulated,0.7266038377069277,73/277,24.67%
Positive Regulation of Stem Cell Population Maintenance (GO:1902459),GO_Biological_Process_2025,1.078962060608166,Upregulated,0.7261325311582478,14/38,30.07%
Degradation Of Extracellular Matrix R-HSA-1474228,Reactome_2022,1.0786813956110215,Upregulated,0.7263514350792993,24/88,21.57%
Regulation of Protein Catabolic Process (GO:0042176),GO_Biological_Process_2025,1.0782754245361366,Upregulated,0.7269349210890967,32/117,22.69%
Positive Regulation of Nitric Oxide Metabolic Process (GO:1904407),GO_Biological_Process_2025,1.0782057832274772,Upregulated,0.7264966851644781,9/29,12.27%
Neuroactive ligand-receptor interaction,KEGG_2021_Human,1.0780198009631723,Upregulated,0.7264429497931998,59/194,26.53%
Negative Regulation of Extrinsic Apoptotic Signaling Pathway (GO:2001237),GO_Biological_Process_2025,1.0776233132171018,Upregulated,0.7270345367253009,21/67,21.54%
Cellular Response to Steroid Hormone Stimulus (GO:0071383),GO_Biological_Process_2025,1.077522458774433,Upregulated,0.7266778434848387,6/21,20.01%
Positive Regulation of Calcium Ion Transmembrane Transporter Activity (GO:1901021),GO_Biological_Process_2025,1.0775104045952726,Upregulated,0.7260916738646865,5/18,12.70%
Laminin Interactions R-HSA-3000157,Reactome_2022,1.0771806818607528,Upregulated,0.7264320479676724,5/22,7.62%
Protein Tetramerization (GO:0051262),GO_Biological_Process_2025,1.0768970251331016,Upregulated,0.7267242596088604,19/73,21.47%
Positive Regulation of Gene Expression (GO:0010628),GO_Biological_Process_2025,1.0767108382313306,Upregulated,0.7266847175870036,55/384,11.44%
Regulation of G Protein-Coupled Receptor Signaling Pathway (GO:0008277),GO_Biological_Process_2025,1.0764246030095883,Upregulated,0.7269494930250973,16/64,15.56%
PDZ Domain Binding (GO:0030165),GO_Molecular_Function_2025,1.075769203088149,Upregulated,0.7283578423223063,9/51,9.05%
Adenyl Nucleotide Binding (GO:0030554),GO_Molecular_Function_2025,1.0754044203903663,Upregulated,0.7288940752276438,13/27,31.15%
ABC transporters,KEGG_2021_Human,1.0749126119843404,Upregulated,0.7297550551572817,8/37,12.63%
Metabolic Reprogramming In Pancreatic Cancer WP5220,WikiPathways_2024_Human,1.0744542034106386,Upregulated,0.7304991904092225,5/41,3.06%
Positive Regulation of Metabolic Process (GO:0009893),GO_Biological_Process_2025,1.074450513555314,Upregulated,0.7298847135492073,43/124,26.11%
Memory (GO:0007613),GO_Biological_Process_2025,1.0744314480052717,Upregulated,0.7293015590482571,5/54,1.77%
Mitochondrial Inner Membrane (GO:0005743),GO_Cellular_Component_2025,1.0743966651574852,Upregulated,0.7287880026400905,119/385,25.93%
Response to UV (GO:0009411),GO_Biological_Process_2025,1.074140338175554,Upregulated,0.7289518812758902,14/89,9.84%
RMTs Methylate Histone Arginines R-HSA-3214858,Reactome_2022,1.074065973546041,Upregulated,0.7285587926630045,11/33,24.10%
Estrogen signaling pathway,KEGG_2021_Human,1.073510881000713,Upregulated,0.7296378338638776,20/105,12.95%
Regulation of Nervous System Development (GO:0051960),GO_Biological_Process_2025,1.0729326240706394,Upregulated,0.7307664891700187,16/40,25.08%
AURKA Activation By TPX2 R-HSA-8854518,Reactome_2022,1.0729180645210703,Upregulated,0.730189240100508,29/72,31.22%
Fatty Acid Oxidation (GO:0019395),GO_Biological_Process_2025,1.0728918187824603,Upregulated,0.7296489337743122,20/49,26.76%
Neutral L-amino Acid Transmembrane Transporter Activity (GO:0015175),GO_Molecular_Function_2025,1.0724480962774965,Upregulated,0.7303809551813161,14/35,30.88%
Sperm-Egg Recognition (GO:0035036),GO_Biological_Process_2025,1.0721589532817353,Upregulated,0.730707336403334,6/17,14.46%
Regulation of Calcium Ion Import (GO:0090279),GO_Biological_Process_2025,1.0720294742742893,Upregulated,0.7304871090451126,3/18,4.84%
Potassium Channels R-HSA-1296071,Reactome_2022,1.0720191698553525,Upregulated,0.7298964597740036,25/75,27.48%
"BMAL1:CLOCK,NPAS2 Activates Circadian Gene Expression R-HSA-1368108",Reactome_2022,1.0713955500409498,Upregulated,0.731232293367675,8/27,16.98%
Primary immunodeficiency,KEGG_2021_Human,1.0712203210431646,Upregulated,0.7311516326506119,13/36,29.40%
Negative Regulation of Receptor Signaling Pathway via STAT (GO:1904893),GO_Biological_Process_2025,1.0708972341629377,Upregulated,0.7314876496879343,7/15,28.22%
Macrophage Stimulating Protein MSP Signaling WP5353,WikiPathways_2024_Human,1.070778428011365,Upregulated,0.73123489455253,25/94,20.21%
Calnexin/calreticulin Cycle R-HSA-901042,Reactome_2022,1.0707314536221617,Upregulated,0.7307633609498563,13/26,28.88%
Endosome Membrane (GO:0010008),GO_Cellular_Component_2025,1.0705132190933162,Upregulated,0.7307786907221889,85/359,22.66%
Vacuolar Proton-Transporting V-type ATPase Complex (GO:0016471),GO_Cellular_Component_2025,1.070191854335842,Upregulated,0.7311313362580228,11/22,31.32%
Positive Regulation of Neuron Differentiation (GO:0045666),GO_Biological_Process_2025,1.0701697318300567,Upregulated,0.7305717346454359,9/31,21.78%
Antigen Processing and Presentation of Exogenous Peptide Antigen via MHC Class II (GO:0019886),GO_Biological_Process_2025,1.0698555084428434,Upregulated,0.7309246858034094,5/17,21.48%
Aerobic Respiration (GO:0009060),GO_Biological_Process_2025,1.069384803493813,Upregulated,0.7317223101282574,27/77,27.13%
Regulation of Cardiac Muscle Cell Membrane Repolarization (GO:0099623),GO_Biological_Process_2025,1.0690554923966402,Upregulated,0.7321548517253507,6/19,12.11%
DNA Damage/Telomere Stress Induced Senescence R-HSA-2559586,Reactome_2022,1.068980447481034,Upregulated,0.7317707491694668,9/39,17.18%
FBXL10 Enhancement Of MAP ERK Signaling In DLBCL WP4553,WikiPathways_2024_Human,1.068898877805942,Upregulated,0.7314068229851188,5/18,12.10%
MHC Protein Binding (GO:0042287),GO_Molecular_Function_2025,1.0687101412209636,Upregulated,0.7313571841981896,7/20,20.33%
Calcium Channel Complex (GO:0034704),GO_Cellular_Component_2025,1.0685404881235,Upregulated,0.7312592446448686,21/46,29.86%
Protein Catabolic Process (GO:0030163),GO_Biological_Process_2025,1.068217878684591,Upregulated,0.7316247009929477,26/95,20.18%
Positive Regulation of Cardiac Muscle Tissue Growth (GO:0055023),GO_Biological_Process_2025,1.0677418251917554,Upregulated,0.7324603192756538,5/16,20.90%
"Sensory Perception Of Sweet, Bitter, And Umami (Glutamate) Taste R-HSA-9717207",Reactome_2022,1.0675647815212506,Upregulated,0.7323897956175857,6/18,28.13%
Metabolism Of Steroids R-HSA-8957322,Reactome_2022,1.0671497993421597,Upregulated,0.733079429868789,30/125,18.76%
Lysosome Organization (GO:0007040),GO_Biological_Process_2025,1.066682120305292,Upregulated,0.7338549270077471,8/42,15.63%
Peroxisome Organization (GO:0007031),GO_Biological_Process_2025,1.0663696871183566,Upregulated,0.7342116616662852,10/26,24.57%
Microautophagy (GO:0016237),GO_Biological_Process_2025,1.0661491067163336,Upregulated,0.7342921146195249,3/19,9.35%
Chaperone Mediated Autophagy R-HSA-9613829,Reactome_2022,1.0660515081784256,Upregulated,0.7339994189151204,4/17,9.95%
Inhibition Of DNA Recombination At Telomere R-HSA-9670095,Reactome_2022,1.0660024497205136,Upregulated,0.7335330431926199,10/28,24.11%
Positive Regulation of Filopodium Assembly (GO:0051491),GO_Biological_Process_2025,1.065677797087796,Upregulated,0.7339440014491767,9/23,25.00%
Positive Regulation of T Cell Mediated Immunity (GO:0002711),GO_Biological_Process_2025,1.0646486682612195,Upregulated,0.7364200602198396,15/39,21.76%
Membrane Depolarization (GO:0051899),GO_Biological_Process_2025,1.064347674228017,Upregulated,0.7367378539473705,6/18,17.93%
Calcium Ion Transmembrane Transport (GO:0070588),GO_Biological_Process_2025,1.0643283647575106,Upregulated,0.7361843163350051,22/77,20.10%
Basic Amino Acid Transmembrane Transporter Activity (GO:0015174),GO_Molecular_Function_2025,1.064249497792788,Upregulated,0.7358301238869865,8/16,26.81%
Negative Regulation of NF-kappaB Transcription Factor Activity (GO:0032088),GO_Biological_Process_2025,1.064245864209157,Upregulated,0.7352318991328456,21/61,29.56%
B Cell Proliferation (GO:0042100),GO_Biological_Process_2025,1.0640348633356544,Upregulated,0.7352546138912278,5/15,8.73%
Nicotinate Metabolism R-HSA-196807,Reactome_2022,1.062986518821222,Upregulated,0.737849731690416,10/29,24.86%
Primary Ovarian Insufficiency WP5316,WikiPathways_2024_Human,1.062358371673575,Upregulated,0.7391849261258455,30/138,18.17%
Positive Regulation of DNA Recombination (GO:0045911),GO_Biological_Process_2025,1.0622037445569152,Upregulated,0.7390351452193655,10/53,12.85%
Monocarboxylic Acid Catabolic Process (GO:0072329),GO_Biological_Process_2025,1.0621537038354445,Upregulated,0.73858660322455,7/18,19.44%
Processing Of DNA Double-Strand Break Ends R-HSA-5693607,Reactome_2022,1.061632205872017,Upregulated,0.7395971271371918,27/64,29.32%
"Gamma Carboxylation, Hypusine Formation And Arylsulfatase Activation R-HSA-163841",Reactome_2022,1.0613972181486897,Upregulated,0.7397111483747105,7/36,8.42%
Insulin Processing R-HSA-264876,Reactome_2022,1.0613875998372608,Upregulated,0.7391257124452913,4/23,4.23%
HIF-1 signaling pathway,KEGG_2021_Human,1.061257963476635,Upregulated,0.7388767826210642,10/97,5.76%
ADHD And Autism ASD Pathways WP5420,WikiPathways_2024_Human,1.0611295876452005,Upregulated,0.7386664569165412,82/303,23.58%
Recruitment Of NuMA To Mitotic Centrosomes R-HSA-380320,Reactome_2022,1.0600855411053474,Upregulated,0.7411816455391138,30/80,31.22%
Aberrant Regulation Of Mitotic G1/S Transition In Cancer Due To RB1 Defects R-HSA-9659787,Reactome_2022,1.060041426636165,Upregulated,0.7407106152748263,5/17,17.18%
Peptide Ligand-Binding Receptors R-HSA-375276,Reactome_2022,1.0600103764419213,Upregulated,0.7401775609176385,21/123,11.30%
Response to Light Stimulus (GO:0009416),GO_Biological_Process_2025,1.0597481928452035,Upregulated,0.7403623629156039,11/47,12.51%
RND2 GTPase Cycle R-HSA-9696270,Reactome_2022,1.0595378881238555,Upregulated,0.740374983653348,14/41,24.83%
Calcium Regulation In Cardiac Cells WP536,WikiPathways_2024_Human,1.0593390303392534,Upregulated,0.7403791376080137,29/140,15.06%
Mitophagy,KEGG_2021_Human,1.0591345682274445,Upregulated,0.7403924272891276,12/67,11.79%
Monoatomic Cation Transport (GO:0006812),GO_Biological_Process_2025,1.058299303820069,Upregulated,0.7423816770042723,15/33,29.85%
Monoatomic Cation Transmembrane Transport (GO:0098655),GO_Biological_Process_2025,1.0578444572425665,Upregulated,0.7431424769013655,65/242,20.10%
G Alpha (Q) Signaling Events R-HSA-416476,Reactome_2022,1.057539797828939,Upregulated,0.7434600596861287,31/161,15.31%
Fluoropyrimidine Activity WP1601,WikiPathways_2024_Human,1.0575378724962516,Upregulated,0.7428609450004493,11/31,23.11%
Regulation of Hydrolase Activity (GO:0051336),GO_Biological_Process_2025,1.056590209273503,Upregulated,0.7450959603127157,9/47,12.90%
Prostaglandin And Leukotriene Metabolism In Senescence WP5321,WikiPathways_2024_Human,1.055873778316694,Upregulated,0.7465652160014639,7/32,10.14%
Positive Regulation of Release of Cytochrome C From Mitochondria (GO:0090200),GO_Biological_Process_2025,1.0554254046185167,Upregulated,0.7472873607647676,6/19,27.02%
Mitotic G1 Phase And G1/S Transition R-HSA-453279,Reactome_2022,1.055103861156916,Upregulated,0.7476254436346774,23/141,11.05%
Formation Of beta-catenin:TCF Transactivating Complex R-HSA-201722,Reactome_2022,1.0550636043741732,Upregulated,0.7471475541628311,11/38,24.33%
Positive Regulation of Fat Cell Differentiation (GO:0045600),GO_Biological_Process_2025,1.054846934710964,Upregulated,0.7471824564840414,14/46,23.26%
Positive Regulation of Biosynthetic Process (GO:0009891),GO_Biological_Process_2025,1.0544076552380248,Upregulated,0.7478306678785321,23/80,18.82%
Cul3-RING Ubiquitin Ligase Complex (GO:0031463),GO_Cellular_Component_2025,1.053249882351557,Upregulated,0.7507134106108309,14/56,19.13%
"Oxidoreductase, Single Donors W Incorp of O2, Incorp of Two Atoms of O (GO:0016702)",GO_Molecular_Function_2025,1.0530304246116553,Upregulated,0.7507947530606679,8/19,22.67%
Muscle Organ Development (GO:0007517),GO_Biological_Process_2025,1.0526673346973905,Upregulated,0.751279943468797,9/50,7.62%
Female Gamete Generation (GO:0007292),GO_Biological_Process_2025,1.052632292906288,Upregulated,0.7507979448950418,7/31,20.62%
Sleep Regulation WP3591,WikiPathways_2024_Human,1.0522257103397368,Upregulated,0.7514274370963231,4/25,7.24%
Phase 0 - Rapid Depolarisation R-HSA-5576892,Reactome_2022,1.0520240583550893,Upregulated,0.7514281738053744,8/28,19.77%
Cell Projection Membrane (GO:0031253),GO_Cellular_Component_2025,1.0520235399086242,Upregulated,0.750823852250662,22/94,19.95%
Cytosolic DNA-sensing pathway,KEGG_2021_Human,1.051768876173999,Upregulated,0.7509774278486623,5/44,5.51%
Fatty Acid Beta-Oxidation (GO:0006635),GO_Biological_Process_2025,1.0511702754855912,Upregulated,0.7521714699570065,19/48,24.57%
Glycogen Metabolic Process (GO:0005977),GO_Biological_Process_2025,1.051083074800164,Upregulated,0.7518279769493048,9/17,20.58%
Positive Regulation of Cytokinesis (GO:0032467),GO_Biological_Process_2025,1.051080818606776,Upregulated,0.7512328739455166,10/30,18.47%
Response to Interleukin-1 (GO:0070555),GO_Biological_Process_2025,1.0509657536877572,Upregulated,0.7510052741659875,13/52,21.74%
Positive Regulation of Binding (GO:0051099),GO_Biological_Process_2025,1.0504069234904316,Upregulated,0.7520175124676978,6/61,5.94%
Transport Vesicle Membrane (GO:0030658),GO_Cellular_Component_2025,1.0499499708622864,Upregulated,0.7528213718003653,19/47,29.44%
Mitotic Nuclear Division (GO:0140014),GO_Biological_Process_2025,1.048043823448162,Upregulated,0.7579217614397435,19/45,27.58%
Potassium Ion Transmembrane Transport (GO:0071805),GO_Biological_Process_2025,1.0480220324258454,Upregulated,0.7573847178936235,38/100,28.10%
Blood Clotting Cascade WP272,WikiPathways_2024_Human,1.0478202254096167,Upregulated,0.7573786272918488,7/17,16.06%
Renal Absorption (GO:0070293),GO_Biological_Process_2025,1.0476059908206805,Upregulated,0.757415827002051,4/18,9.85%
Chemical carcinogenesis,KEGG_2021_Human,1.0475410607820204,Upregulated,0.7570287439672566,57/182,24.66%
Amino sugar and nucleotide sugar metabolism,KEGG_2021_Human,1.0474918329293317,Upregulated,0.7566031815726858,12/45,16.75%
Carboxylic Acid Catabolic Process (GO:0046395),GO_Biological_Process_2025,1.0457035969456112,Upregulated,0.7614664774059698,7/24,21.49%
Regulation of Protein Polymerization (GO:0032271),GO_Biological_Process_2025,1.0456750080821462,Upregulated,0.760945612709308,9/32,18.48%
Affected Pathways In Duchenne Muscular Dystrophy WP5356,WikiPathways_2024_Human,1.0448405569755042,Upregulated,0.7629012396259269,21/65,23.79%
Regulation of Endothelial Cell Chemotaxis (GO:2001026),GO_Biological_Process_2025,1.044534592739993,Upregulated,0.7632456516396364,4/16,4.48%
Regulation of Intrinsic Apoptotic Signaling Pathway (GO:2001242),GO_Biological_Process_2025,1.044501382080674,Upregulated,0.7627362290607109,12/43,19.99%
Determination of Left/Right Symmetry (GO:0007368),GO_Biological_Process_2025,1.0441799520588515,Upregulated,0.7631368843918589,18/43,31.17%
Positive Regulation of Excitatory Postsynaptic Potential (GO:2000463),GO_Biological_Process_2025,1.0441788901109623,Upregulated,0.7625342263285985,7/20,22.97%
Negative Regulation of Actin Filament Polymerization (GO:0030837),GO_Biological_Process_2025,1.0440033114390166,Upregulated,0.7624580008190632,3/19,6.72%
Supramolecular Fiber (GO:0099512),GO_Cellular_Component_2025,1.0439501748865476,Upregulated,0.7620100617759749,7/28,17.37%
Progesterone-mediated oocyte maturation,KEGG_2021_Human,1.0437455043251906,Upregulated,0.7620241940467504,18/83,16.90%
Urea Cycle And Metabolism Of Amino Groups WP497,WikiPathways_2024_Human,1.0436681602907076,Upregulated,0.7616371399451097,8/20,24.62%
Urotensin II Mediated Signaling WP5158,WikiPathways_2024_Human,1.0426934764062437,Upregulated,0.7640416819176686,19/65,22.02%
Positive Regulation of Cell-Substrate Adhesion (GO:0010811),GO_Biological_Process_2025,1.0424547308283931,Upregulated,0.7641376791205384,19/65,16.61%
Icosanoid Metabolic Process (GO:0006690),GO_Biological_Process_2025,1.041999951099338,Upregulated,0.7648311352033064,13/40,19.78%
NADP Binding (GO:0050661),GO_Molecular_Function_2025,1.041993104347701,Upregulated,0.764249239888637,12/32,22.60%
GPCRs Class B Secretin Like WP334,WikiPathways_2024_Human,1.041679700193204,Upregulated,0.764539222039634,7/18,18.24%
Peptide Hormone Processing (GO:0016486),GO_Biological_Process_2025,1.0411101868018142,Upregulated,0.7656604516287928,7/24,12.41%
Epithelial To Mesenchymal Transition In Colorectal Cancer WP4239,WikiPathways_2024_Human,1.0410109647476224,Upregulated,0.7653585468463894,29/140,14.01%
Selective Expression Of Chemokine Receptors T Cell Polarization WP4494,WikiPathways_2024_Human,1.040502616352628,Upregulated,0.766269942636739,6/27,13.46%
Pre-NOTCH Expression And Processing R-HSA-1912422,Reactome_2022,1.0393488712568644,Upregulated,0.769139838732219,17/56,24.11%
Lytic Vacuole Membrane (GO:0098852),GO_Cellular_Component_2025,1.0393425081961127,Upregulated,0.768557977485897,73/291,21.48%
Phosphoric Diester Hydrolase Activity (GO:0008081),GO_Molecular_Function_2025,1.0390431487901448,Upregulated,0.7689281573885807,16/42,23.53%
"Oxidoreductase, Paired Donors, W Incorp or Reduc of O2, Reduced Flavin or Flavoprotein as One Donor, and Incorp of O (GO:0016712)",GO_Molecular_Function_2025,1.0388700070296937,Upregulated,0.7688491705780186,9/19,24.02%
Striated Muscle Cell Differentiation (GO:0051146),GO_Biological_Process_2025,1.0384327157989124,Upregulated,0.769586017255161,8/18,23.67%
Positive Regulation of Glucose Metabolic Process (GO:0010907),GO_Biological_Process_2025,1.0373282746913697,Upregulated,0.7723345117791679,7/18,18.05%
DNA Double-Strand Break Repair R-HSA-5693532,Reactome_2022,1.0371415401234172,Upregulated,0.7723047930604706,52/132,29.32%
Amino Acid Import Across Plasma Membrane (GO:0089718),GO_Biological_Process_2025,1.0369987138697272,Upregulated,0.7721535876968018,10/25,25.97%
Enterocyte Cholesterol Metabolism WP5333,WikiPathways_2024_Human,1.036611606996679,Upregulated,0.7727265512251873,8/30,17.19%
Positive Regulation of Cell Population Proliferation (GO:0008284),GO_Biological_Process_2025,1.0359563633595776,Upregulated,0.7740829987179758,57/418,11.23%
Regulation of Integrin-Mediated Signaling Pathway (GO:2001044),GO_Biological_Process_2025,1.0355855151110478,Upregulated,0.774600648033583,3/17,3.45%
Regulation of Spindle Assembly (GO:0090169),GO_Biological_Process_2025,1.035485107363303,Upregulated,0.7742754316516817,6/27,8.96%
AGE-RAGE signaling pathway in diabetic complications,KEGG_2021_Human,1.0350867846918548,Upregulated,0.7748730572016165,27/99,22.02%
Glycerophospholipid Metabolic Process (GO:0006650),GO_Biological_Process_2025,1.0349206482533966,Upregulated,0.7747773698585206,22/58,27.56%
D-glucose Transmembrane Transport (GO:1904659),GO_Biological_Process_2025,1.0348909607809598,Upregulated,0.7742664552077994,10/15,41.07%
Lysine degradation,KEGG_2021_Human,1.0347889260376353,Upregulated,0.7739838782330335,15/59,17.79%
Apelin signaling pathway,KEGG_2021_Human,1.0346227706112892,Upregulated,0.7738577637070818,10/125,4.81%
DNA Damage Checkpoint Signaling (GO:0000077),GO_Biological_Process_2025,1.034301663521492,Upregulated,0.7742535229137227,10/36,23.05%
Ubiquitin-Like Protein Conjugating Enzyme Activity (GO:0061650),GO_Molecular_Function_2025,1.0341174137558014,Upregulated,0.7742079495552235,6/36,8.69%
Regulation of Cholesterol Efflux (GO:0010874),GO_Biological_Process_2025,1.034030225116388,Upregulated,0.7738970213347421,13/30,31.17%
Ectoderm Differentiation WP2858,WikiPathways_2024_Human,1.0339087891237078,Upregulated,0.7736650094023136,42/126,26.18%
Positive Regulation of Interleukin-1 Beta Production (GO:0032731),GO_Biological_Process_2025,1.0333510247999187,Upregulated,0.7747551129793084,7/47,5.76%
Cleavage Of Damaged Pyrimidine R-HSA-110329,Reactome_2022,1.0325324129108222,Upregulated,0.7766253596195382,10/23,29.28%
Mismatch Repair (GO:0006298),GO_Biological_Process_2025,1.0320319624146796,Upregulated,0.7775881520348039,6/22,15.34%
Positive Regulation of Interleukin-6 Production (GO:0032755),GO_Biological_Process_2025,1.032006169859971,Upregulated,0.7770657534020059,10/72,8.71%
T Cell Activation (GO:0042110),GO_Biological_Process_2025,1.031963196818383,Upregulated,0.776595144474518,31/87,29.40%
Activation of GTPase Activity (GO:0090630),GO_Biological_Process_2025,1.031579699837333,Upregulated,0.7771640449214956,8/31,12.91%
Protein Homooligomerization (GO:0051260),GO_Biological_Process_2025,1.031310825735428,Upregulated,0.7774206750578808,31/123,22.02%
"Phosphotransferase Activity, Phosphate Group as Acceptor (GO:0016776)",GO_Molecular_Function_2025,1.0311084381024,Upregulated,0.7774179437372991,8/24,24.09%
Glyoxylate and dicarboxylate metabolism,KEGG_2021_Human,1.0306014595935356,Upregulated,0.7783677768175659,7/27,11.14%
Base Excision Repair WP4752,WikiPathways_2024_Human,1.0299138221556168,Upregulated,0.7797785471648038,13/29,26.97%
Potassium Ion Transport (GO:0006813),GO_Biological_Process_2025,1.0296608045713085,Upregulated,0.7799467045648906,37/96,28.10%
Negative Regulation of Myeloid Leukocyte Differentiation (GO:0002762),GO_Biological_Process_2025,1.0295754896353828,Upregulated,0.7796015477057212,12/29,16.25%
RNA Polymerase Binding (GO:0070063),GO_Molecular_Function_2025,1.0290578312145562,Upregulated,0.7805586525864884,4/18,11.40%
Inorganic Cation Transmembrane Transport (GO:0098662),GO_Biological_Process_2025,1.0286881182035068,Upregulated,0.7810789616704072,63/237,20.10%
Extracellular Vesicle (GO:1903561),GO_Cellular_Component_2025,1.0271298855799644,Upregulated,0.7851435385182381,20/52,27.05%
Cholesterol Biosynthesis Pathway In Hepatocytes WP5329,WikiPathways_2024_Human,1.0264496247563455,Upregulated,0.7865768270687885,9/39,18.76%
Effect Of Progerin On Genes Involved In Progeria WP4320,WikiPathways_2024_Human,1.0253742625311908,Upregulated,0.7892774837156518,7/23,23.54%
Transforming Growth Factor Beta Binding (GO:0050431),GO_Molecular_Function_2025,1.02520291827279,Upregulated,0.7891857596734789,8/22,15.80%
Clathrin-Coated Endocytic Vesicle (GO:0045334),GO_Cellular_Component_2025,1.0249801696681986,Upregulated,0.789263191326902,11/70,8.65%
G2/M Checkpoints R-HSA-69481,Reactome_2022,1.0243899287993914,Upregulated,0.7903924521214337,23/131,12.47%
Nitric Oxide Stimulates Guanylate Cyclase R-HSA-392154,Reactome_2022,1.0241388911144675,Upregulated,0.7905394925532064,7/19,19.39%
Regulation of Oxidative Stress-Induced Intrinsic Apoptotic Signaling Pathway (GO:1902175),GO_Biological_Process_2025,1.0236420152900578,Upregulated,0.7914634506088842,5/20,12.26%
Sialyltransferase Activity (GO:0008373),GO_Molecular_Function_2025,1.023545256078443,Upregulated,0.7911862381364616,7/17,26.64%
Amino Acid Metabolism WP3925,WikiPathways_2024_Human,1.0231911980167674,Upregulated,0.7917036818402023,26/82,23.62%
Selenium Metabolism And Selenoproteins WP28,WikiPathways_2024_Human,1.0230478785615371,Upregulated,0.791525830146025,9/45,11.63%
Androgen Receptor Network In Prostate Cancer WP2263,WikiPathways_2024_Human,1.0226541948047638,Upregulated,0.7920937121131462,17/99,13.01%
Taste transduction,KEGG_2021_Human,1.0223759040972766,Upregulated,0.7923280040488534,11/45,16.51%
Tyrosine metabolism,KEGG_2021_Human,1.0223050980813515,Upregulated,0.7919490345553346,15/27,37.66%
Regulation of T Cell Differentiation (GO:0045580),GO_Biological_Process_2025,1.0222735734144377,Upregulated,0.7914555604047959,8/38,14.87%
Signal Amplification R-HSA-392518,Reactome_2022,1.0221243729746343,Upregulated,0.7913188461874165,5/29,14.17%
Mitophagy (GO:0000423),GO_Biological_Process_2025,1.0210503108962052,Upregulated,0.7940679103316609,9/43,13.90%
Nitrogen Compound Transport (GO:0071705),GO_Biological_Process_2025,1.0209084059212492,Upregulated,0.7938833770306228,44/152,23.34%
NRP1 Triggered Signaling In Pancreatic Cancer WP5144,WikiPathways_2024_Human,1.0208553185978089,Upregulated,0.7934437328430956,17/53,19.52%
M Phase R-HSA-68886,Reactome_2022,1.0208079321804038,Upregulated,0.7929879098852235,95/339,24.75%
Post-Translational Protein Modification (GO:0043687),GO_Biological_Process_2025,1.020628353364977,Upregulated,0.7929340488930852,13/46,25.70%
Calcium Ion Transport (GO:0006816),GO_Biological_Process_2025,1.0204523513654429,Upregulated,0.7928692743573654,36/111,21.71%
RUNX1 Interacts With Co-Factors Whose Precise Effect On RUNX1 Targets Is Not Known R-HSA-8939243,Reactome_2022,1.020173504606211,Upregulated,0.7930889463713028,8/33,13.01%
Endocytic Vesicle Membrane (GO:0030666),GO_Cellular_Component_2025,1.020162229625973,Upregulated,0.7925398301343574,44/147,26.47%
Sulfur Compound Transport (GO:0072348),GO_Biological_Process_2025,1.0201350779236642,Upregulated,0.7920334803276085,6/22,20.13%
Defense Response to Bacterium (GO:0042742),GO_Biological_Process_2025,1.019786380227523,Upregulated,0.7924963729058576,18/138,9.76%
E-box Binding (GO:0070888),GO_Molecular_Function_2025,1.0195607492128504,Upregulated,0.7925545879589316,7/31,11.86%
Regulation of Cell Cycle G1/S Phase Transition (GO:1902806),GO_Biological_Process_2025,1.0192021668448317,Upregulated,0.7930176860068271,22/70,25.99%
+ Reg of Phosphatidylinositol 3-Kinase/Prot Kinase B Signal Transduction (GO:0051897),GO_Biological_Process_2025,1.0190787521034994,Upregulated,0.7927955669911292,20/147,10.70%
ADP Binding (GO:0043531),GO_Molecular_Function_2025,1.0184035250134484,Upregulated,0.7941950977378476,7/23,20.33%
Autophagy of Mitochondrion (GO:0000422),GO_Biological_Process_2025,1.017391070953527,Upregulated,0.7966499138827868,11/55,13.90%
Cell-Cell Junction Organization (GO:0045216),GO_Biological_Process_2025,1.016843309373483,Upregulated,0.7976741003683264,12/55,14.18%
Amide Transport (GO:0042886),GO_Biological_Process_2025,1.0167163998694804,Upregulated,0.797471623797887,5/24,9.93%
Endoplasmic reticulum-Golgi Intermediate Compartment Membrane (GO:0033116),GO_Cellular_Component_2025,1.0164642612538437,Upregulated,0.7976271017656457,21/45,32.45%
Establishment of Spindle Orientation (GO:0051294),GO_Biological_Process_2025,1.0160550453712829,Upregulated,0.7982665499718761,9/39,14.23%
Extra-nuclear Estrogen Signaling R-HSA-9009391,Reactome_2022,1.0155026646884582,Upregulated,0.7993216887063768,11/68,14.29%
Organelle Fission (GO:0048285),GO_Biological_Process_2025,1.015049078795429,Upregulated,0.8000951469603157,5/22,10.19%
Tertiary Granule Lumen (GO:1904724),GO_Cellular_Component_2025,1.0139900315799466,Upregulated,0.8026542457925051,10/45,16.25%
Cellular Response to Oxidative Stress (GO:0034599),GO_Biological_Process_2025,1.0125047921047694,Upregulated,0.8065678026880975,16/110,7.07%
Phosphatidylinositol 3-Kinase/Protein Kinase B Signal Transduction (GO:0043491),GO_Biological_Process_2025,1.0123738091233705,Upregulated,0.8063457456661528,8/37,16.08%
Positive Regulation of Double-Strand Break Repair (GO:2000781),GO_Biological_Process_2025,1.0122949431837742,Upregulated,0.8059773623167886,14/88,13.01%
Cell-Cell Adhesion Mediator Activity (GO:0098632),GO_Molecular_Function_2025,1.0122761218844631,Upregulated,0.8054266594619098,13/48,15.47%
Signal Transduction in Response to DNA Damage (GO:0042770),GO_Biological_Process_2025,1.0122551987358523,Upregulated,0.8049035121732381,18/74,23.05%
Mitochondrial Fatty Acid Beta-Oxidation R-HSA-77289,Reactome_2022,1.0120498285524262,Upregulated,0.8049219234353041,13/35,23.82%
Interleukin-10 Signaling R-HSA-6783783,Reactome_2022,1.0119725396824826,Upregulated,0.8045505939506435,15/41,25.76%
Potassium Ion Homeostasis (GO:0055075),GO_Biological_Process_2025,1.0113590340792604,Upregulated,0.8058150203339829,9/21,22.27%
Positive Regulation of Protein Targeting to Mitochondrion (GO:1903955),GO_Biological_Process_2025,1.0105865531699456,Upregulated,0.8075359148638505,8/27,16.12%
Cytosolic DNA Sensing Pathway WP4655,WikiPathways_2024_Human,1.0102075724342745,Upregulated,0.8080648807736903,6/55,5.51%
Alcohol Dehydrogenase (NADP+) Activity (GO:0008106),GO_Molecular_Function_2025,1.0099045137643192,Upregulated,0.8084022711383145,5/17,12.22%
Diol Biosynthetic Process (GO:0034312),GO_Biological_Process_2025,1.0095185385141934,Upregulated,0.8090337001678788,5/17,12.33%
Prostaglandin Metabolic Process (GO:0006693),GO_Biological_Process_2025,1.009410199373486,Upregulated,0.8087679529495693,9/24,20.40%
ATM Signaling WP2516,WikiPathways_2024_Human,1.0092003225305255,Upregulated,0.8088061857926893,8/40,13.22%
NAD Metab In Oncogene Induced And Mt Dysfunction Senescence WP5046,WikiPathways_2024_Human,1.009117255547866,Upregulated,0.8084430337041038,4/22,10.78%
Regulation of Phosphatidylinositol 3-Kinase/Protein Kinase B Signal Transduction (GO:0051896),GO_Biological_Process_2025,1.0083016942063052,Upregulated,0.8102592624996572,24/198,9.97%
Prostanoid Metabolic Process (GO:0006692),GO_Biological_Process_2025,1.0074707484821477,Upregulated,0.8121296260453048,8/18,20.40%
Cellular Response to Chemical Stress (GO:0062197),GO_Biological_Process_2025,1.0073763891428391,Upregulated,0.8118096116992365,13/95,6.46%
NAD Metabolic Process (GO:0019674),GO_Biological_Process_2025,1.0071167027081709,Upregulated,0.8119721406992925,5/17,15.79%
Maintenance of Protein Localization in Organelle (GO:0072595),GO_Biological_Process_2025,1.0068941306622798,Upregulated,0.8120777587156475,4/19,8.26%
Skeletal Muscle Tissue Development (GO:0007519),GO_Biological_Process_2025,1.006770989807215,Upregulated,0.8118925125844452,12/35,26.18%
Mitochondrial Protein Import R-HSA-1268020,Reactome_2022,1.006381196813887,Upregulated,0.8124432122747276,11/59,11.56%
Positive Regulation of Inflammatory Response (GO:0050729),GO_Biological_Process_2025,1.0062499340799425,Upregulated,0.8122271819821634,27/98,25.61%
Regulation of Cell Migration Involved in Sprouting Angiogenesis (GO:0090049),GO_Biological_Process_2025,1.005899578875152,Upregulated,0.8127008625521518,8/32,12.49%
Negative Regulation of Extrinsic Apoptotic Signaling Pathway in Absence of Ligand (GO:2001240),GO_Biological_Process_2025,1.0057277064785366,Upregulated,0.812038652973217,6/22,7.68%
Negative Regulation of Signal Transduction in Absence of Ligand (GO:1901099),GO_Biological_Process_2025,1.0057277064785366,Upregulated,0.812038652973217,6/22,7.68%
Lumenal Side of Endoplasmic Reticulum Membrane (GO:0098553),GO_Cellular_Component_2025,1.0055425480888578,Upregulated,0.8120114942499415,7/23,21.48%
Protein Targeting to Mitochondrion (GO:0006626),GO_Biological_Process_2025,1.0052754869355789,Upregulated,0.8122185134061259,14/56,15.70%
Endocytic Vesicle (GO:0030139),GO_Cellular_Component_2025,1.0051409118884955,Upregulated,0.8120361187450664,54/181,26.47%
Regulation of ERAD Pathway (GO:1904292),GO_Biological_Process_2025,1.00504135263356,Upregulated,0.8117214616182158,7/21,17.77%
Arrhythmogenic right ventricular cardiomyopathy,KEGG_2021_Human,1.0048377688974337,Upregulated,0.8117683236226874,12/71,9.65%
Androgen Metabolic Process (GO:0008209),GO_Biological_Process_2025,1.004277839032205,Upregulated,0.8128719263850741,9/15,31.17%
G1/S Transition R-HSA-69206,Reactome_2022,1.0040622127745389,Upregulated,0.8129253720456713,20/125,11.05%
Macromolecule Modification (GO:0043412),GO_Biological_Process_2025,1.0040000771161746,Upregulated,0.8125218478422881,16/78,13.66%
Energy Reserve Metabolic Process (GO:0006112),GO_Biological_Process_2025,1.0039154088741589,Upregulated,0.8121762114180878,6/17,12.38%
Transcriptional Regulation By Small RNAs R-HSA-5578749,Reactome_2022,1.0032508920963636,Upregulated,0.8135769548015026,15/52,24.63%
Ether Lipid Biosynthesis WP5275,WikiPathways_2024_Human,1.002019961033409,Upregulated,0.8167290000304741,8/19,26.40%
Protein Localization to Cell Surface (GO:0034394),GO_Biological_Process_2025,1.001958514969809,Upregulated,0.8163276240479888,4/24,7.45%
Reticulophagy (GO:0061709),GO_Biological_Process_2025,1.0016102647616008,Upregulated,0.8168137150389836,3/19,9.35%
Extracellular Membrane-Bounded Organelle (GO:0065010),GO_Cellular_Component_2025,1.0015357638254494,Upregulated,0.8164519559394541,15/51,20.81%
CD209 (DC-SIGN) Signaling R-HSA-5621575,Reactome_2022,1.001513134434572,Upregulated,0.815939395415,9/18,29.47%
Negative Regulation of Transferase Activity (GO:0051348),GO_Biological_Process_2025,1.0014650727264196,Upregulated,0.815501940335716,4/18,11.05%
Polycystic Kidney Disease Pathway WP2571,WikiPathways_2024_Human,1.001147708897577,Upregulated,0.815875755647797,11/75,11.54%
Hippo Signaling Regulation WP4540,WikiPathways_2024_Human,1.0005146983739996,Upregulated,0.8171915228747852,17/90,15.44%
Azathioprine ADME R-HSA-9748787,Reactome_2022,1.00004371865735,Upregulated,0.8179970807058277,7/18,22.40%
Signaling By GPCR R-HSA-372790,Reactome_2022,0.9996133787135856,Upregulated,0.8187050819247798,122/496,21.81%
FoxO signaling pathway,KEGG_2021_Human,0.9993945969792916,Upregulated,0.8187840641312746,25/119,18.03%
Negative Regulation of Neurogenesis (GO:0050768),GO_Biological_Process_2025,0.9992422082225978,Upregulated,0.8186586852563577,8/24,29.89%
Bardet Biedl Syndrome WP5234,WikiPathways_2024_Human,0.998967718974278,Upregulated,0.8189059250638342,29/86,28.34%
Purine-Containing Compound Biosynthetic Process (GO:0072522),GO_Biological_Process_2025,0.9986081552115228,Upregulated,0.8193771002747979,4/23,11.23%
Fatty acyl-CoA Hydrolase Activity (GO:0047617),GO_Molecular_Function_2025,0.998421677163998,Upregulated,0.8193482372427378,5/20,16.67%
Icosanoid Biosynthetic Process (GO:0046456),GO_Biological_Process_2025,0.9980401698255644,Upregulated,0.8198891820501485,5/18,20.40%
Pyrimidine Metabolism And Related Diseases WP4225,WikiPathways_2024_Human,0.9974937255451818,Upregulated,0.8208954173379391,4/17,9.50%
Regulation of Neutrophil Chemotaxis (GO:0090022),GO_Biological_Process_2025,0.9968203294101908,Upregulated,0.8223401411137872,8/23,17.93%
Regulation Of TP53 Activity Thru Phosphorylation R-HSA-6804756,Reactome_2022,0.996659655447678,Upregulated,0.8222644263007437,32/87,29.32%
Azurophil Granule Lumen (GO:0035578),GO_Cellular_Component_2025,0.9966195039796946,Upregulated,0.8218108760440263,15/74,11.83%
Regulation Of Apoptosis By Parathyroid Hormone Related Protein WP3872,WikiPathways_2024_Human,0.9954158326381344,Upregulated,0.8247490691472356,3/23,8.15%
Primary Ovarian Insufficiency WP5461,WikiPathways_2024_Human,0.9939028689883042,Upregulated,0.8286719308750893,21/112,17.86%
Positive Regulation of Macrophage Migration (GO:1905523),GO_Biological_Process_2025,0.9938187090606764,Upregulated,0.8283402993459291,6/19,14.22%
Syndecan Interactions R-HSA-3000170,Reactome_2022,0.9935208297479308,Upregulated,0.8286288928008313,5/20,9.65%
DNA Polymerase Binding (GO:0070182),GO_Molecular_Function_2025,0.9928698665803682,Upregulated,0.8299680138952419,3/19,5.30%
Positive Regulation of ATP-dependent Activity (GO:0032781),GO_Biological_Process_2025,0.9925030630563376,Upregulated,0.8304468750536258,5/29,9.78%
Cytoskeleton-Dependent Cytokinesis (GO:0061640),GO_Biological_Process_2025,0.9924254025664296,Upregulated,0.8300978315401177,27/76,27.39%
Regulation of ERK1 and ERK2 Cascade (GO:0070372),GO_Biological_Process_2025,0.9924166330676908,Upregulated,0.8295363698065721,50/197,21.74%
Epithelial Structure Maintenance (GO:0010669),GO_Biological_Process_2025,0.9919910989252696,Upregulated,0.8301974093759648,7/16,29.26%
Collecting duct acid secretion,KEGG_2021_Human,0.9912112031168464,Upregulated,0.8319455486023369,13/25,31.32%
Differentiation Of White And Brown Adipocyte WP2895,WikiPathways_2024_Human,0.9909268942130444,Upregulated,0.8322204233520908,9/21,24.56%
Disorders Of Folate Metabolism And Transport WP4259,WikiPathways_2024_Human,0.9906610595964946,Upregulated,0.8324304254150193,7/18,13.19%
Left/Right Pattern Formation (GO:0060972),GO_Biological_Process_2025,0.9906454779918434,Upregulated,0.8318990866013625,13/29,28.00%
Striated Muscle Contraction (GO:0006941),GO_Biological_Process_2025,0.9904525733862244,Upregulated,0.8318520538908573,12/47,21.17%
Regulation of Actin Filament Bundle Assembly (GO:0032231),GO_Biological_Process_2025,0.9904223603398836,Upregulated,0.831362545006865,4/24,9.86%
Negative Regulation of G2/M Transition of Mitotic Cell Cycle (GO:0010972),GO_Biological_Process_2025,0.9902943157340024,Upregulated,0.83117946576022,6/29,7.97%
Cell Surface Interactions At Vascular Wall R-HSA-202733,Reactome_2022,0.9899184783625704,Upregulated,0.8317198400075534,16/110,9.23%
Canonical Wnt Signaling Pathway (GO:0060070),GO_Biological_Process_2025,0.9898532203637952,Upregulated,0.8313108138218048,17/56,23.44%
Regulation of Epithelial to Mesenchymal Transition (GO:0010717),GO_Biological_Process_2025,0.9896252807960252,Upregulated,0.8314005631634307,14/86,10.97%
Platelet Mediated Interactions W Vascular And Circulating Cells WP4462,WikiPathways_2024_Human,0.9893052975644248,Upregulated,0.8317672402687476,6/16,20.21%
Ubiquitin-Ubiquitin Ligase Activity (GO:0034450),GO_Molecular_Function_2025,0.9886940745774396,Upregulated,0.8329772793317823,3/15,6.29%
"Acyltransferase Activity, Transferring Groups Other Than Amino-Acyl Groups (GO:0016747)",GO_Molecular_Function_2025,0.988187225763148,Upregulated,0.8338751269953236,10/67,12.46%
Activation Of GABAB Receptors R-HSA-991365,Reactome_2022,0.9880089879857492,Upregulated,0.8338396820224775,5/35,8.91%
Regulation of calcineurin-NFAT Signaling Cascade (GO:0070884),GO_Biological_Process_2025,0.9879286822398357,Upregulated,0.8335038804059263,4/30,6.44%
Metallopeptidase Activity (GO:0008237),GO_Molecular_Function_2025,0.9878412613507233,Upregulated,0.8331986892556598,27/100,21.25%
Positive Regulation of Double-Strand Break Repair via Homologous Recombination (GO:1905168),GO_Biological_Process_2025,0.987571143873258,Upregulated,0.8334234183920216,7/40,12.20%
Positive Regulation of Cold-Induced Thermogenesis (GO:0120162),GO_Biological_Process_2025,0.987459676856405,Upregulated,0.8331945573142876,39/84,32.10%
Signaling By NTRK2 (TRKB) R-HSA-9006115,Reactome_2022,0.9873583299422894,Upregulated,0.8328974406090048,2/21,0.20%
Secretory Granule Membrane (GO:0030667),GO_Cellular_Component_2025,0.9872973212818068,Upregulated,0.8325069642587714,51/245,17.12%
NAD Binding (GO:0051287),GO_Molecular_Function_2025,0.9871348824933984,Upregulated,0.8324143793004822,7/27,15.55%
Sterol Regulatory Element Binding Proteins SREBP Signaling WP1982,WikiPathways_2024_Human,0.9867983995172492,Upregulated,0.8328447681597583,16/66,18.76%
Endoplasmic Reticulum Organization (GO:0007029),GO_Biological_Process_2025,0.9867698757565972,Upregulated,0.8323447701207803,11/53,12.12%
Modulation of Chemical Synaptic Transmission (GO:0050804),GO_Biological_Process_2025,0.986672275542858,Upregulated,0.8320558736119439,36/99,26.47%
DNA Damage Bypass R-HSA-73893,Reactome_2022,0.986429109094342,Upregulated,0.8322322247068012,7/47,4.49%
Chemokine Receptors Bind Chemokines R-HSA-380108,Reactome_2022,0.9862140214286343,Upregulated,0.8322844180181787,11/43,12.60%
Phospholipid Metabolism R-HSA-1483257,Reactome_2022,0.985796949624512,Upregulated,0.8329754112321127,24/194,8.44%
GPCR Downstream Signaling R-HSA-388396,Reactome_2022,0.985688066650812,Upregulated,0.8327191593753286,107/444,21.81%
Negative Regulation of Programmed Cell Death (GO:0043069),GO_Biological_Process_2025,0.9856298860417309,Upregulated,0.8322995851883198,44/346,9.86%
Gonad Development (GO:0008406),GO_Biological_Process_2025,0.9854043100862266,Upregulated,0.8323874040457576,8/36,12.83%
Mitotic G2/M Transition Checkpoint (GO:0044818),GO_Biological_Process_2025,0.9852424164127608,Upregulated,0.8323068777596737,16/47,24.27%
L1CAM Interactions R-HSA-373760,Reactome_2022,0.9846430692967936,Upregulated,0.8335266091423816,17/90,13.69%
Cilium Assembly R-HSA-5617833,Reactome_2022,0.9842259832197192,Upregulated,0.8341846836779924,59/179,29.19%
Acylglycerol Biosynthetic Process (GO:0046463),GO_Biological_Process_2025,0.9840638014002088,Upregulated,0.8341173687111925,8/21,27.70%
Regulation of D-glucose Import (GO:0046324),GO_Biological_Process_2025,0.9839102799806207,Upregulated,0.8340382490262755,9/32,16.08%
Neuron Projection Development (GO:0031175),GO_Biological_Process_2025,0.9838490693797703,Upregulated,0.833649516049405,24/179,11.64%
Protein Localization to Synapse (GO:0035418),GO_Biological_Process_2025,0.98379998787285,Upregulated,0.8332137942787169,4/16,14.18%
Positive Regulation of Mitotic Sister Chromatid Separation (GO:1901970),GO_Biological_Process_2025,0.9828812101628636,Upregulated,0.8354139175463082,7/15,27.73%
Mitochondrial Complex III Assembly WP4921,WikiPathways_2024_Human,0.9826065360795714,Upregulated,0.8356503236024341,4/15,13.79%
Loss Of Nlp From Mitotic Centrosomes R-HSA-380259,Reactome_2022,0.9824594895208612,Upregulated,0.83550817247401,28/69,32.21%
Positive Regulation of Striated Muscle Cell Differentiation (GO:0051155),GO_Biological_Process_2025,0.9814708394651848,Upregulated,0.8378224376762513,2/19,1.33%
Insulin Receptor Signaling Pathway (GO:0008286),GO_Biological_Process_2025,0.9812246442384168,Upregulated,0.837969079935638,15/48,24.32%
DNA Repair (GO:0006281),GO_Biological_Process_2025,0.9805912901530476,Upregulated,0.8392969799350906,64/278,20.85%
Prostaglandin Signaling WP5088,WikiPathways_2024_Human,0.9804960033061066,Upregulated,0.8390060944940133,17/30,36.88%
Negative Regulation of Phosphorylation (GO:0042326),GO_Biological_Process_2025,0.9795284507673696,Upregulated,0.8412944720740517,8/47,6.64%
Regulation of Tumor Necrosis Factor-Mediated Signaling Pathway (GO:0010803),GO_Biological_Process_2025,0.9790114892183636,Upregulated,0.8422377319320414,15/41,25.30%
Neural Tube Development (GO:0021915),GO_Biological_Process_2025,0.9788915366803922,Upregulated,0.8419896786487838,5/16,25.22%
Ion Channel Regulator Activity (GO:0099106),GO_Molecular_Function_2025,0.978807196839488,Upregulated,0.8416576536522854,26/99,19.77%
Relevant Molecular Pathways And Targeted Agents In TNBC WP5215,WikiPathways_2024_Human,0.9787576252155524,Upregulated,0.8412365266820858,4/37,5.69%
Glycosylphosphatidylinositol (GPI)-anchor biosynthesis,KEGG_2021_Human,0.9772434892741948,Upregulated,0.8450805415136199,10/25,27.23%
Negative Regulation of Osteoclast Differentiation (GO:0045671),GO_Biological_Process_2025,0.9771678350076888,Upregulated,0.8447123701355977,8/19,16.25%
Protein Processing (GO:0016485),GO_Biological_Process_2025,0.9768156860402928,Upregulated,0.8452160882180034,27/97,20.76%
Regulation of Cell Morphogenesis (GO:0022604),GO_Biological_Process_2025,0.9756792095605288,Upregulated,0.8479848222477323,8/28,17.92%
Lytic Vacuole Organization (GO:0080171),GO_Biological_Process_2025,0.9752612309562632,Upregulated,0.8486283051356394,6/34,15.63%
Bicellular Tight Junction Assembly (GO:0070830),GO_Biological_Process_2025,0.975230944011142,Upregulated,0.8481343223855474,9/35,19.44%
Calcium Ion Transmembrane Transporter Activity (GO:0015085),GO_Molecular_Function_2025,0.975207134857492,Upregulated,0.8476187302738121,25/63,27.39%
Lipid Metabolic Process (GO:0006629),GO_Biological_Process_2025,0.97505140392392,Upregulated,0.8474911721101258,76/206,27.70%
Activin Receptor Signaling Pathway (GO:0032924),GO_Biological_Process_2025,0.9739348511352356,Upregulated,0.8502348870769301,5/21,13.84%
TP53 Regulates Transcription Of Genes Involved In G2 Cell Cycle Arrest R-HSA-6804114,Reactome_2022,0.9738683525101992,Upregulated,0.8498371252764361,2/17,3.74%
Regulation of Protein Phosphorylation (GO:0001932),GO_Biological_Process_2025,0.9736706331663834,Upregulated,0.8498662118475637,41/126,27.74%
Pregnane X Receptor Pathway WP2876,WikiPathways_2024_Human,0.9736345155694746,Upregulated,0.8493874261499137,10/25,24.02%
Organelle Fusion (GO:0048284),GO_Biological_Process_2025,0.9735810851546852,Upregulated,0.8489641852551976,6/26,15.10%
Autophagosome (GO:0005776),GO_Cellular_Component_2025,0.9731902950534296,Upregulated,0.8495435511261914,12/75,9.79%
B Cell Differentiation (GO:0030183),GO_Biological_Process_2025,0.9731464359567956,Upregulated,0.8490857859670219,18/48,26.50%
Positive Regulation of Epithelial Cell Proliferation (GO:0050679),GO_Biological_Process_2025,0.9730898929937508,Upregulated,0.8486694370096051,27/107,21.77%
Membrane Lipid Biosynthetic Process (GO:0046467),GO_Biological_Process_2025,0.9729895434251516,Upregulated,0.8483718807970865,14/45,20.67%
Regulation of Interleukin-2 Production (GO:0032663),GO_Biological_Process_2025,0.972942527848917,Upregulated,0.8479461012458503,17/46,25.64%
MYD88 Distinct Input Output Pathway WP3877,WikiPathways_2024_Human,0.972516678590516,Upregulated,0.8486317980508679,3/17,7.91%
Defects In Vitamin And Cofactor Metabolism R-HSA-3296482,Reactome_2022,0.9722561320399552,Upregulated,0.8488260100476029,7/18,22.56%
Regulation of Actin Polymerization or Depolymerization (GO:0008064),GO_Biological_Process_2025,0.971888059831814,Upregulated,0.8493365170042465,8/24,27.31%
Reg of Cardiac Muscle Contraction by Reg of the Release of Sequestered Calcium Ion (GO:0010881),GO_Biological_Process_2025,0.9718168026754412,Upregulated,0.8489797281600805,6/15,21.74%
Intracellular Protein Transport (GO:0006886),GO_Biological_Process_2025,0.9716702302301476,Upregulated,0.8488310801507263,45/301,15.20%
Regulation of Protein Localization to Membrane (GO:1905475),GO_Biological_Process_2025,0.9714242569944546,Upregulated,0.8489904345727943,6/27,19.07%
Regulation of Cardiac Muscle Contraction (GO:0055117),GO_Biological_Process_2025,0.9708198788825436,Upregulated,0.850136080077537,11/32,21.74%
Positive Regulation of Stem Cell Proliferation (GO:2000648),GO_Biological_Process_2025,0.9707309755964952,Upregulated,0.8498156041917803,3/17,13.94%
Regulation of Microtubule Polymerization (GO:0031113),GO_Biological_Process_2025,0.9701042577793758,Upregulated,0.8510870030364154,12/50,18.93%
"Base-Excision Repair, AP Site Formation R-HSA-73929",Reactome_2022,0.9698814662319776,Upregulated,0.8511860254043061,11/25,29.28%
Calcium Ion Homeostasis (GO:0055074),GO_Biological_Process_2025,0.969817090538421,Upregulated,0.8508100289873393,24/90,18.80%
Protein Maturation (GO:0051604),GO_Biological_Process_2025,0.9697715887415878,Upregulated,0.8503750716709979,39/136,20.76%
Protein Mannosylation (GO:0035268),GO_Biological_Process_2025,0.9694278368303032,Upregulated,0.85079573080368,7/17,27.27%
UDP-glycosyltransferase Activity (GO:0008194),GO_Molecular_Function_2025,0.9688643434231828,Upregulated,0.851862725825289,16/44,22.65%
Homologous Chromosome Pairing at Meiosis (GO:0007129),GO_Biological_Process_2025,0.96884987090339,Upregulated,0.8513443921779623,7/20,29.64%
Positive Regulation of Autophagy (GO:0010508),GO_Biological_Process_2025,0.9679821239380876,Upregulated,0.8532842145450115,22/92,23.39%
Heme Signaling R-HSA-9707616,Reactome_2022,0.9677960175505584,Upregulated,0.8532483867611665,11/43,14.29%
Genes Related To Primary Cilium Development Based On CRISPR WP4536,WikiPathways_2024_Human,0.9677898666095998,Upregulated,0.8526939400612698,37/102,30.58%
Retinoic Acid Metabolic Process (GO:0042573),GO_Biological_Process_2025,0.9673633540834188,Upregulated,0.8533733997797494,10/15,26.71%
Positive Regulation of Phagocytosis (GO:0050766),GO_Biological_Process_2025,0.967325112130393,Upregulated,0.8529143609191008,11/58,10.51%
Photodynamic Therapy Induced AP 1 Survival Signaling WP3611,WikiPathways_2024_Human,0.9670430102266506,Upregulated,0.853192781351952,13/48,19.35%
SIRT1 Negatively Regulates rRNA Expression R-HSA-427359,Reactome_2022,0.9667168034731892,Upregulated,0.8535643090626719,6/16,24.11%
Glycerolipids And Glycerophospholipids WP4722,WikiPathways_2024_Human,0.9665622591860528,Upregulated,0.8534350218961628,3/22,5.22%
GABA Receptor Signaling WP4159,WikiPathways_2024_Human,0.966559498481124,Upregulated,0.8528769371500519,9/21,31.65%
Canonical And Non Canonical Notch Signaling WP3845,WikiPathways_2024_Human,0.9661663642554582,Upregulated,0.8534511153087003,7/24,21.19%
Sensory Perception R-HSA-9709957,Reactome_2022,0.9651984469765138,Upregulated,0.855711818423076,60/169,27.45%
Negative Regulation of Inflammatory Response (GO:0050728),GO_Biological_Process_2025,0.9648225263142736,Upregulated,0.8562244786989945,22/108,19.38%
Positive Regulation of Macroautophagy (GO:0016239),GO_Biological_Process_2025,0.9646850752854766,Upregulated,0.8560521574634532,13/72,17.42%
13Q12 12 Copy Number Variation WP5406,WikiPathways_2024_Human,0.9646574375138612,Upregulated,0.8555672531240235,10/32,19.35%
Cleavage Of Damaged Purine R-HSA-110331,Reactome_2022,0.9644319516601384,Upregulated,0.8556654167242993,7/18,24.11%
Lipid Phosphatase Activity (GO:0042577),GO_Molecular_Function_2025,0.9644289990304185,Upregulated,0.8551061617708936,12/16,31.36%
Positive Regulation of Defense Response (GO:0031349),GO_Biological_Process_2025,0.9639739279918164,Upregulated,0.855855087529763,31/111,25.90%
Connective Tissue Development (GO:0061448),GO_Biological_Process_2025,0.9638305363112266,Upregulated,0.8557137540908659,1/38,0.01%
Positive Regulation of Focal Adhesion Assembly (GO:0051894),GO_Biological_Process_2025,0.9637977239334202,Upregulated,0.8552420546305626,6/16,18.11%
Peroxisomal Matrix (GO:0005782),GO_Cellular_Component_2025,0.9637657083389594,Upregulated,0.8542033639007118,9/46,12.49%
Microbody Lumen (GO:0031907),GO_Cellular_Component_2025,0.9637657083389594,Upregulated,0.8542033639007118,9/46,12.49%
Mitochondrial Cytochrome C Oxidase Assembly (GO:0033617),GO_Biological_Process_2025,0.96312750230382,Upregulated,0.8555028960873491,10/20,29.31%
Clathrin-Coated Vesicle (GO:0030136),GO_Cellular_Component_2025,0.962903551655614,Upregulated,0.8555829938733922,15/82,15.21%
Tuberculosis,KEGG_2021_Human,0.9623639534777954,Upregulated,0.8565975072755372,39/152,22.66%
Acute Inflammatory Response (GO:0002526),GO_Biological_Process_2025,0.9620375258684486,Upregulated,0.8569997925659439,2/18,1.78%
Lymphocyte Differentiation (GO:0030098),GO_Biological_Process_2025,0.9618083831175606,Upregulated,0.8571155581122316,24/70,26.50%
Cortisol synthesis and secretion,KEGG_2021_Human,0.9617819805357116,Upregulated,0.8566301374912746,17/56,23.59%
ATP Metabolic Process (GO:0046034),GO_Biological_Process_2025,0.9616758992442336,Upregulated,0.8563919447841831,14/53,25.33%
SUMOylation R-HSA-2990846,Reactome_2022,0.9610781954298216,Upregulated,0.8575557661673451,34/157,18.82%
RIPK1-mediated Regulated Necrosis R-HSA-5213460,Reactome_2022,0.9610702241193992,Upregulated,0.8570173532779011,5/29,7.65%
Response to Glucose (GO:0009749),GO_Biological_Process_2025,0.96098673557823,Upregulated,0.856677207814117,8/45,9.48%
S1P Receptor Signal Transduction WP26,WikiPathways_2024_Human,0.9607618757151528,Upregulated,0.8567363204811325,5/25,10.61%
Aortic Valve Development (GO:0003176),GO_Biological_Process_2025,0.9606790045015992,Upregulated,0.8564278092548131,11/40,15.57%
"Wnt Signaling Pathway, Planar Cell Polarity Pathway (GO:0060071)",GO_Biological_Process_2025,0.9601348183827648,Upregulated,0.8574356936343466,9/26,23.98%
Epidermis Development (GO:0008544),GO_Biological_Process_2025,0.9599688370189354,Upregulated,0.8573624559473455,14/54,21.47%
Nuclear Receptors In Lipid Metabolism And Toxicity WP299,WikiPathways_2024_Human,0.9594894655903308,Upregulated,0.858196813996523,10/23,26.30%
Chemokine signaling pathway,KEGG_2021_Human,0.9594632465884244,Upregulated,0.8577099220041471,23/167,11.30%
Rac Protein Signal Transduction (GO:0016601),GO_Biological_Process_2025,0.9591870002963476,Upregulated,0.8579484931081339,4/17,18.46%
Nuclear Export (GO:0051168),GO_Biological_Process_2025,0.9588639245367504,Upregulated,0.8583215166207158,6/45,6.44%
Regulation of Phagocytosis (GO:0050764),GO_Biological_Process_2025,0.958786906106766,Upregulated,0.8579926173089365,10/58,9.48%
Glycogen Synthesis And Degradation WP500,WikiPathways_2024_Human,0.9575354757283988,Upregulated,0.8610647383852976,13/37,21.28%
Signaling By NOTCH3 R-HSA-9012852,Reactome_2022,0.9573832689072906,Upregulated,0.8609379133002717,16/47,22.03%
NRAGE Signals Death Thru JNK R-HSA-193648,Reactome_2022,0.9570326963714672,Upregulated,0.8613970696295713,7/52,10.95%
Inorganic Cation Transmembrane Transporter Activity (GO:0022890),GO_Molecular_Function_2025,0.957022960129555,Upregulated,0.8608655376892882,14/31,28.30%
Anterograde Trans-Synaptic Signaling (GO:0098916),GO_Biological_Process_2025,0.956916339659251,Upregulated,0.8606076476306616,20/139,12.34%
Lipid and atherosclerosis,KEGG_2021_Human,0.9568243639195482,Upregulated,0.8603271750156503,33/182,14.31%
L-amino Acid Transport (GO:0015807),GO_Biological_Process_2025,0.9567610840740446,Upregulated,0.8599303189801786,9/27,22.62%
Unfolded Protein Response (UPR) R-HSA-381119,Reactome_2022,0.9566318197721786,Upregulated,0.8597483410299256,25/85,22.66%
Response to Tumor Necrosis Factor (GO:0034612),GO_Biological_Process_2025,0.9564762342444142,Upregulated,0.8596201550626497,9/70,10.97%
Other types of O-glycan biosynthesis,KEGG_2021_Human,0.9557041497240736,Upregulated,0.8612951380051619,13/40,22.35%
Positive Regulation of Protein Catabolic Process (GO:0045732),GO_Biological_Process_2025,0.9550987152240202,Upregulated,0.8625194437553789,25/89,23.39%
Cohesin Complex Cornelia De Lange Syndrome WP5117,WikiPathways_2024_Human,0.9547363807182868,Upregulated,0.8630055277816158,10/34,21.66%
Natural Killer Cell Activation (GO:0030101),GO_Biological_Process_2025,0.9542872389895652,Upregulated,0.8637397092267192,8/29,17.77%
Regulation of Microtubule Cytoskeleton Organization (GO:0070507),GO_Biological_Process_2025,0.9542818060502886,Upregulated,0.863197863989958,12/37,22.12%
16P11 2 Distal Deletion Syndrome WP4950,WikiPathways_2024_Human,0.954260866310056,Upregulated,0.8627089555889637,12/28,32.29%
Response to Fibroblast Growth Factor (GO:0071774),GO_Biological_Process_2025,0.9541830189853828,Upregulated,0.8623906171812901,4/16,9.56%
Positive Regulation of Interleukin-1 Production (GO:0032732),GO_Biological_Process_2025,0.9540266254694002,Upregulated,0.8622735987667806,7/52,5.76%
NR1H2 And NR1H3-mediated Signaling R-HSA-9024446,Reactome_2022,0.9538722320130324,Upregulated,0.8621622775593285,7/42,10.05%
Clear Cell Renal Cell Carcinoma Pathways WP4018,WikiPathways_2024_Human,0.9534738102178012,Upregulated,0.8627062632507784,12/77,10.18%
Aldehyde Dehydrogenase (NAD+) Activity (GO:0004029),GO_Molecular_Function_2025,0.9534197117748398,Upregulated,0.8623012254835707,5/16,13.19%
GTPase Activator Activity (GO:0005096),GO_Molecular_Function_2025,0.953050467962752,Upregulated,0.8627874043498704,21/189,8.01%
Acetylglucosaminyltransferase Activity (GO:0008375),GO_Molecular_Function_2025,0.953032410385248,Upregulated,0.8622727452245655,8/35,15.41%
NLRP3 Inflammasome R-HSA-844456,Reactome_2022,0.9520605716436888,Upregulated,0.8644826878797379,8/16,35.05%
Response to Calcium Ion (GO:0051592),GO_Biological_Process_2025,0.9518856954408532,Upregulated,0.8644361255795847,15/82,14.15%
Vitamin B5 (Pantothenate) Metabolism R-HSA-199220,Reactome_2022,0.951057638368399,Upregulated,0.866266935199177,2/16,1.78%
Postreplication Repair (GO:0006301),GO_Biological_Process_2025,0.9510555531935804,Upregulated,0.865718809238845,5/21,9.78%
Positive Regulation of Developmental Process (GO:0051094),GO_Biological_Process_2025,0.950548428757352,Upregulated,0.8665896974927262,39/219,14.31%
Cellular Response to Oxygen-Containing Compound (GO:1901701),GO_Biological_Process_2025,0.9504262315690912,Upregulated,0.8663672099271219,93/325,24.83%
Positive Regulation of Endothelial Cell Migration (GO:0010595),GO_Biological_Process_2025,0.9497515044099868,Upregulated,0.8677454504896756,11/84,6.89%
Embryonic Skeletal System Morphogenesis (GO:0048704),GO_Biological_Process_2025,0.9497290022094436,Upregulated,0.867252269203859,11/26,34.71%
Positive Regulation of Protein Phosphorylation (GO:0001934),GO_Biological_Process_2025,0.9491484050262652,Upregulated,0.8683685669633764,17/157,9.73%
Positive Regulation of Establishment of Protein Localization to Mitochondrion (GO:1903749),GO_Biological_Process_2025,0.9488471604895876,Upregulated,0.868727625567326,9/30,19.35%
Cholesterol Metabolism WP5304,WikiPathways_2024_Human,0.9485928067734312,Upregulated,0.868908791740807,14/59,17.19%
Membrane Lipid Catabolic Process (GO:0046466),GO_Biological_Process_2025,0.948548995087128,Upregulated,0.8684874942271263,3/17,4.83%
Positive Regulation of Cholesterol Transport (GO:0032376),GO_Biological_Process_2025,0.948397352323206,Upregulated,0.868363543391709,5/26,11.93%
Ion Channel Inhibitor Activity (GO:0008200),GO_Molecular_Function_2025,0.948325172977817,Upregulated,0.8680335963965177,11/35,19.04%
RHOQ GTPase Cycle R-HSA-9013406,Reactome_2022,0.9477614009022854,Upregulated,0.869024588146305,9/59,11.48%
Negative Regulation of Lipid Storage (GO:0010888),GO_Biological_Process_2025,0.947747764790932,Upregulated,0.8685073665160645,5/19,18.41%
Cellular Response to Alkaloid (GO:0071312),GO_Biological_Process_2025,0.9476962249488232,Upregulated,0.8681177613543718,6/15,21.17%
Carboxylic Acid Transport (GO:0046942),GO_Biological_Process_2025,0.9475068115038102,Upregulated,0.8680983480215041,13/47,21.53%
Photodynamic Therapy Induced NFE2L2 NRF2 Survival Signaling WP3612,WikiPathways_2024_Human,0.9473608604671044,Upregulated,0.8679647321683229,7/23,19.35%
Cartilage Development (GO:0051216),GO_Biological_Process_2025,0.947229862416614,Upregulated,0.8677952370279879,3/51,3.77%
Copper Homeostasis WP3286,WikiPathways_2024_Human,0.9468819254693244,Upregulated,0.86821056043251,9/41,20.74%
Positive Regulation of Synaptic Transmission (GO:0050806),GO_Biological_Process_2025,0.945696403975553,Upregulated,0.8710272046941088,18/73,19.42%
T Cell Differentiation (GO:0030217),GO_Biological_Process_2025,0.945566382415988,Upregulated,0.8708588178673631,8/43,12.95%
Positive Regulation of Wnt Signaling Pathway (GO:0030177),GO_Biological_Process_2025,0.9453594707888312,Upregulated,0.8709112930209273,33/110,24.38%
SUMO E3 Ligases SUMOylate Target Proteins R-HSA-3108232,Reactome_2022,0.9448081616839415,Upregulated,0.8719284979051746,32/151,18.82%
Long-term depression,KEGG_2021_Human,0.9446855113937032,Upregulated,0.871734286889557,14/52,22.79%
Endocrine and other factor-regulated calcium reabsorption,KEGG_2021_Human,0.9445335056856186,Upregulated,0.8716327637494575,13/44,25.35%
Protein-Containing Complex Assembly (GO:0065003),GO_Biological_Process_2025,0.9443794490745908,Upregulated,0.8715188697638242,40/297,12.64%
Microtubule Polymerization or Depolymerization (GO:0031109),GO_Biological_Process_2025,0.9441947833878616,Upregulated,0.8714773508995444,7/23,19.18%
PIWI-interacting RNA (piRNA) Biogenesis R-HSA-5601884,Reactome_2022,0.9435333667556222,Upregulated,0.872841066349694,10/25,22.29%
Carbohydrate Biosynthetic Process (GO:0016051),GO_Biological_Process_2025,0.9434006320782,Upregulated,0.8726740126303936,8/23,21.03%
Cellular Response to Tumor Necrosis Factor (GO:0071356),GO_Biological_Process_2025,0.9430497303000814,Upregulated,0.8731348832250475,16/76,20.18%
Negative Regulation of Intracellular Protein Transport (GO:0090317),GO_Biological_Process_2025,0.9429524152591344,Upregulated,0.8728562592747598,3/16,6.44%
Cellular Response to Topologically Incorrect Protein (GO:0035967),GO_Biological_Process_2025,0.9429073686661243,Upregulated,0.8724393911217534,12/26,27.08%
Hyaluronan Metabolism R-HSA-2142845,Reactome_2022,0.9427179736933726,Upregulated,0.8724439801375095,5/15,19.19%
Relaxin signaling pathway,KEGG_2021_Human,0.9426572292545816,Upregulated,0.8720527671017486,23/119,17.62%
Protein Localization to Chromosome (GO:0034502),GO_Biological_Process_2025,0.9424459735271598,Upregulated,0.8721019030603097,17/47,23.05%
Pre-NOTCH Processing In Golgi R-HSA-1912420,Reactome_2022,0.9422477662726876,Upregulated,0.8721045350557424,9/17,34.37%
Regulation of Mitochondrial Membrane Potential (GO:0051881),GO_Biological_Process_2025,0.941846493958806,Upregulated,0.8727251068643714,10/32,23.67%
Neurotransmitter Receptor Activity Involved in Regulation of Postsynaptic Membrane Potential (GO:0099529),GO_Molecular_Function_2025,0.940630606742033,Upregulated,0.8756231160821941,6/15,26.47%
2Q37 Copy Number Variation Syndrome WP5224,WikiPathways_2024_Human,0.9400599941116066,Upregulated,0.8766428107482267,30/110,20.66%
Synaptic Adhesion-Like Molecules R-HSA-8849932,Reactome_2022,0.939772482614554,Upregulated,0.87690331329742,7/18,26.47%
Statin Inhibition Of Cholesterol Production WP430,WikiPathways_2024_Human,0.9393088716170248,Upregulated,0.8776781413762131,6/21,16.33%
Mitotic Metaphase Chromosome Alignment (GO:0007080),GO_Biological_Process_2025,0.939218750157793,Upregulated,0.8773813773721905,11/52,14.68%
Hypertrophic cardiomyopathy,KEGG_2021_Human,0.9387003829888382,Upregulated,0.8782963450074849,13/84,10.18%
Neuromuscular Junction Development (GO:0007528),GO_Biological_Process_2025,0.9383527903165604,Upregulated,0.8787206626216558,7/18,22.69%
Regulation of Calcium Ion-Dependent Exocytosis (GO:0017158),GO_Biological_Process_2025,0.9382979257100365,Upregulated,0.8783249965876384,10/29,19.63%
Dectin-2 Family R-HSA-5621480,Reactome_2022,0.9381582781728476,Upregulated,0.8781691743218595,3/16,6.99%
Negative Regulation of GTPase Activity (GO:0034260),GO_Biological_Process_2025,0.9379763419184338,Upregulated,0.8781143754709028,6/16,23.13%
Pre-NOTCH Transcription And Translation R-HSA-1912408,Reactome_2022,0.9379467533169464,Upregulated,0.8776581869943093,11/40,24.11%
Mitotic Sister Chromatid Cohesion (GO:0007064),GO_Biological_Process_2025,0.9379167505247488,Upregulated,0.8771929244203974,6/19,16.72%
Endoplasmic Reticulum Unfolded Protein Response (GO:0030968),GO_Biological_Process_2025,0.9374160577211158,Upregulated,0.8780322926137006,11/48,17.58%
S-adenosylmethionine-dependent Methyltransferase Activity (GO:0008757),GO_Molecular_Function_2025,0.9370977532152952,Upregulated,0.8783693295396832,17/48,25.78%
Skin Epidermis Development (GO:0098773),GO_Biological_Process_2025,0.9370028779924222,Upregulated,0.8781076630708035,7/16,27.62%
Intra-Golgi Traffic R-HSA-6811438,Reactome_2022,0.9364895895668492,Upregulated,0.8789887153054908,8/38,16.77%
Angiotensin II Receptor Type 1 Pathway WP5036,WikiPathways_2024_Human,0.9362159610472308,Upregulated,0.8792022464084722,6/27,13.84%
RAS And Bradykinin Pathways In COVID 19 WP4969,WikiPathways_2024_Human,0.9360807569435956,Upregulated,0.8790270040838161,8/25,20.21%
Positive Regulation of DNA Repair (GO:0045739),GO_Biological_Process_2025,0.9359208542672144,Upregulated,0.8789399792035845,13/87,13.01%
Cell-Cell Adhesion Mediated by Cadherin (GO:0044331),GO_Biological_Process_2025,0.9358849436915252,Upregulated,0.878474628641948,2/20,1.27%
Cell-Cell Contact Zone (GO:0044291),GO_Cellular_Component_2025,0.9357369990541562,Upregulated,0.8783337204289529,8/45,12.04%
Determination of Bilateral Symmetry (GO:0009855),GO_Biological_Process_2025,0.9355325929587884,Upregulated,0.8783303316670117,10/24,27.33%
Platelet Homeostasis R-HSA-418346,Reactome_2022,0.935519652462566,Upregulated,0.8778284475433841,20/76,21.09%
Spindle Assembly (GO:0051225),GO_Biological_Process_2025,0.9353540124175516,Upregulated,0.8777291395313618,18/71,22.00%
Neutrophil extracellular trap formation,KEGG_2021_Human,0.935200688612052,Upregulated,0.8776071056510489,19/112,12.95%
cis-Golgi Network (GO:0005801),GO_Cellular_Component_2025,0.935199624819956,Upregulated,0.8770699553223434,16/57,21.44%
Regulation of Mitochondrial Membrane Permeability (GO:0046902),GO_Biological_Process_2025,0.9342566666495696,Upregulated,0.8791620471815375,7/17,29.07%
"Steroid Dehydrogenase Activity, Acting on the CH-OH Group of Donors, NAD or NADP as Acceptor (GO:0033764)",GO_Molecular_Function_2025,0.9333107007313172,Upregulated,0.8812653508031747,6/17,24.53%
Diseases Of Programmed Cell Death R-HSA-9645723,Reactome_2022,0.932798234674308,Upregulated,0.8821193841562324,15/49,24.11%
Negative Regulation of Cellular Component Organization (GO:0051129),GO_Biological_Process_2025,0.9324226840444378,Upregulated,0.8826444667201431,21/71,23.23%
Positive Regulation of Wound Healing (GO:0090303),GO_Biological_Process_2025,0.9322525398343238,Upregulated,0.8825770352901108,7/37,10.27%
Neuron Projection (GO:0043005),GO_Cellular_Component_2025,0.93217017731129,Upregulated,0.8822684291594941,118/465,23.52%
Regulation of Interleukin-12 Production (GO:0032655),GO_Biological_Process_2025,0.9317753628610748,Upregulated,0.8828247062450901,7/45,8.71%
Heterotrimeric G-protein Complex (GO:0005834),GO_Cellular_Component_2025,0.9316716805256704,Upregulated,0.8825792094335317,4/28,8.91%
Mitogen-Activated Protein Kinase Binding (GO:0051019),GO_Molecular_Function_2025,0.9316470305837132,Upregulated,0.8821005936850694,3/20,7.39%
Phosphatidylinositol Phosphate Binding (GO:1901981),GO_Molecular_Function_2025,0.9309592358385628,Upregulated,0.8834544757491776,19/105,17.04%
Positive Regulation of Chromosome Organization (GO:2001252),GO_Biological_Process_2025,0.9308918051762588,Upregulated,0.883119377366551,11/47,15.06%
Regulation of Cell Cycle Process (GO:0010564),GO_Biological_Process_2025,0.9303234669901038,Upregulated,0.8841678778091278,48/134,28.76%
Regulation of Actin Filament Polymerization (GO:0030833),GO_Biological_Process_2025,0.9302061183115012,Upregulated,0.8839544454323873,12/66,15.65%
Aflatoxin Activation And Detoxification R-HSA-5423646,Reactome_2022,0.9301886286778231,Upregulated,0.8834648695493622,8/16,28.19%
Regulation of Receptor Signaling Pathway via STAT (GO:1904892),GO_Biological_Process_2025,0.9296599324341742,Upregulated,0.8843833784964302,1/19,0.18%
Positive Regulation of ERK1 and ERK2 Cascade (GO:0070374),GO_Biological_Process_2025,0.9296029557594772,Upregulated,0.8840219182590033,32/134,21.74%
Regulation of Interleukin-1 Beta Production (GO:0032651),GO_Biological_Process_2025,0.9295011773601476,Upregulated,0.8837465592336774,8/66,5.76%
G Alpha (12/13) Signaling Events R-HSA-416482,Reactome_2022,0.9294319090059376,Upregulated,0.883417965813661,10/71,10.95%
Positive Regulation of Monooxygenase Activity (GO:0032770),GO_Biological_Process_2025,0.929013077081962,Upregulated,0.8840413801731,8/19,23.39%
Chemical Synaptic Transmission (GO:0007268),GO_Biological_Process_2025,0.9290072401756752,Upregulated,0.883517346717704,53/190,26.47%
Amino Acids Regulate mTORC1 R-HSA-9639288,Reactome_2022,0.9290010333416986,Upregulated,0.8829997181942736,17/54,26.03%
Response to Estradiol (GO:0032355),GO_Biological_Process_2025,0.9285173600408876,Upregulated,0.883812956195117,4/25,10.97%
Kidney Development (GO:0001822),GO_Biological_Process_2025,0.9281587871023028,Upregulated,0.8842670606028534,18/62,23.07%
Anchoring Of Basal Body To Plasma Membrane R-HSA-5620912,Reactome_2022,0.9279546633668287,Upregulated,0.8842915196927704,37/96,31.46%
Netrin-1 Signaling R-HSA-373752,Reactome_2022,0.9277202598770832,Upregulated,0.884416358630493,13/44,19.93%
Anti-inflammatory Response Favoring Leishmania Infection R-HSA-9662851,Reactome_2022,0.9275764532112808,Upregulated,0.8842734497003814,35/119,24.79%
Long-Chain Fatty Acid Transport (GO:0015909),GO_Biological_Process_2025,0.9269475713219582,Upregulated,0.8854490797371444,9/23,26.15%
NOTCH3 Intracellular Domain Regulates Transcription R-HSA-9013508,Reactome_2022,0.9268640850476344,Upregulated,0.8851407611013832,11/23,31.03%
Glutathione Metabolic Process (GO:0006749),GO_Biological_Process_2025,0.9268081144680508,Upregulated,0.8847472575986354,13/31,28.19%
Phospholipase C Activity (GO:0004629),GO_Molecular_Function_2025,0.9267842328558112,Upregulated,0.8842728950783377,3/24,4.29%
Ubiquitin-Modified Protein Reader Activity (GO:0140036),GO_Molecular_Function_2025,0.92666325932882,Upregulated,0.8840643300017029,8/17,30.59%
N-glycan Trimming In ER And Calnexin/Calreticulin Cycle R-HSA-532668,Reactome_2022,0.9250741415152608,Upregulated,0.8878199805590041,10/35,17.32%
Regulation of Biomineral Tissue Development (GO:0070167),GO_Biological_Process_2025,0.9250571583130824,Upregulated,0.8873232827591724,9/23,21.84%
Vascular Endothelial Growth Factor Receptor Signaling Pathway (GO:0048010),GO_Biological_Process_2025,0.9241463859839048,Upregulated,0.8892946466678341,3/29,2.14%
Cytoplasmic Dynein Complex (GO:0005868),GO_Cellular_Component_2025,0.9239558683524544,Upregulated,0.8893023922853975,5/19,14.77%
Learning (GO:0007612),GO_Biological_Process_2025,0.9236309899922834,Upregulated,0.889658190057395,4/39,3.46%
Organelle Organization (GO:0006996),GO_Biological_Process_2025,0.9232993704167928,Upregulated,0.8900504205235898,97/406,22.60%
Dendrite Morphogenesis (GO:0048813),GO_Biological_Process_2025,0.9231394515513862,Upregulated,0.8899482153198317,6/33,11.44%
Phosphatidyl Inositol Phosphate Pathway WP5411,WikiPathways_2024_Human,0.922908876927882,Upregulated,0.8900473329577319,5/43,6.09%
Negative Regulation of Protein Kinase Activity (GO:0006469),GO_Biological_Process_2025,0.9225500110781988,Upregulated,0.8904702335862984,6/55,6.44%
Human T-cell leukemia virus 1 infection,KEGG_2021_Human,0.9222644737463012,Upregulated,0.8907035801580682,39/202,18.22%
Positive Regulation of Protein Polymerization (GO:0032273),GO_Biological_Process_2025,0.922098860167094,Upregulated,0.8906302147744645,15/63,18.93%
Carboxy-Lyase Activity (GO:0016831),GO_Molecular_Function_2025,0.9213178834629148,Upregulated,0.8921833583444825,8/25,26.74%
Chronic Hyperglycemia Impairment Of Neuron Function WP5283,WikiPathways_2024_Human,0.9206987430137896,Upregulated,0.893344819249109,15/39,21.74%
Ca2+ Pathway R-HSA-4086398,Reactome_2022,0.9202764637419288,Upregulated,0.8940005979773928,14/56,22.79%
Sodium Ion Transmembrane Transport (GO:0035725),GO_Biological_Process_2025,0.920238749317978,Upregulated,0.8935546711034869,19/68,20.01%
FOXO-mediated Transcription Of Cell Death Genes R-HSA-9614657,Reactome_2022,0.9201537779031204,Upregulated,0.8932470692987347,4/16,22.92%
Neurexins And Neuroligins R-HSA-6794361,Reactome_2022,0.9198141691870282,Upregulated,0.8936206388353997,6/48,3.98%
Deregulation Of Rab And Rab Effector Genes In Bladder Cancer WP2291,WikiPathways_2024_Human,0.9196769280109218,Upregulated,0.8934360432071488,3/15,10.32%
Prion disease,KEGG_2021_Human,0.9195786820234916,Upregulated,0.8931548217590286,74/241,27.39%
7Q11 23 Copy Number Variation Syndrome WP4932,WikiPathways_2024_Human,0.9192925520557288,Upregulated,0.8933867116051206,21/94,19.29%
Oocyte meiosis,KEGG_2021_Human,0.9192209596012292,Upregulated,0.8930302204350581,22/108,17.18%
Breast cancer,KEGG_2021_Human,0.9190219448803936,Upregulated,0.8930546773493101,18/125,11.54%
Establishment of Mitotic Spindle Localization (GO:0040001),GO_Biological_Process_2025,0.9189931966845132,Upregulated,0.8926001389368167,6/36,8.98%
Cellular Response to Cytokine Stimulus (GO:0071345),GO_Biological_Process_2025,0.9189718995097268,Upregulated,0.8921184082348206,34/245,13.46%
ROS And RNS Production In Phagocytes R-HSA-1222556,Reactome_2022,0.9184144448021766,Upregulated,0.8931078544163265,13/34,31.32%
Pre Implantation Embryo WP3527,WikiPathways_2024_Human,0.9183464228834598,Upregulated,0.8927618255611524,9/41,16.09%
Skeletal System Morphogenesis (GO:0048705),GO_Biological_Process_2025,0.9182284484591776,Upregulated,0.8925331017137603,12/39,23.29%
Glucagon Signaling In Metabolic Regulation R-HSA-163359,Reactome_2022,0.9181572886629829,Upregulated,0.8921888516777041,10/27,24.79%
Regulation of Double-Strand Break Repair via Homologous Recombination (GO:0010569),GO_Biological_Process_2025,0.9178865362046872,Upregulated,0.8923832050312863,12/74,12.20%
Regulation of Insulin Secretion (GO:0050796),GO_Biological_Process_2025,0.9178083835408922,Upregulated,0.8920747658118606,26/75,22.12%
SLC-mediated Transmembrane Transport R-HSA-425407,Reactome_2022,0.9177952198626042,Upregulated,0.8915789838898768,54/203,23.34%
Negative Regulation of Stem Cell Population Maintenance (GO:1902455),GO_Biological_Process_2025,0.9176981857368128,Upregulated,0.8913112594697803,8/19,30.07%
Dilated cardiomyopathy,KEGG_2021_Human,0.9175582663516084,Upregulated,0.8911685032068556,21/88,18.85%
Golgi Stack (GO:0005795),GO_Cellular_Component_2025,0.9174091340910656,Upregulated,0.8910529759259623,9/29,27.95%
Cellular Response to Metal Ion (GO:0071248),GO_Biological_Process_2025,0.9173137971003132,Upregulated,0.8907891009417511,16/86,13.08%
Response to Axon Injury (GO:0048678),GO_Biological_Process_2025,0.9170173866272384,Upregulated,0.8910869982860355,6/18,22.59%
Methyltransferase Activity (GO:0008168),GO_Molecular_Function_2025,0.9165818179026544,Upregulated,0.8917438478010004,18/36,35.24%
Interactions Between LOXL4 And Oxidative Stress Pathway WP3670,WikiPathways_2024_Human,0.9165453141525473,Upregulated,0.8913180588795129,7/18,27.65%
Allograft rejection,KEGG_2021_Human,0.916301632699874,Upregulated,0.8914435652059137,9/26,24.13%
Cellular Response to Calcium Ion (GO:0071277),GO_Biological_Process_2025,0.9161210847836484,Upregulated,0.8914132460680718,10/50,13.08%
Metal Ion Transport (GO:0030001),GO_Biological_Process_2025,0.915664926327324,Upregulated,0.8920769945804669,51/145,28.30%
Bile Acid Biosynthetic Process (GO:0006699),GO_Biological_Process_2025,0.9154031433817208,Upregulated,0.8922856750603336,8/21,27.89%
Extrinsic Apoptotic Signaling Pathway (GO:0097191),GO_Biological_Process_2025,0.9151099866856316,Upregulated,0.8925900926364546,16/62,25.90%
Organic Cation Transport (GO:0015695),GO_Biological_Process_2025,0.9149398061801112,Upregulated,0.8925373443868593,16/57,21.60%
Transcriptional Regulation Of Granulopoiesis R-HSA-9616222,Reactome_2022,0.9148046918589154,Upregulated,0.8923857445994173,12/38,26.07%
SUMOylation Of Intracellular Receptors R-HSA-4090294,Reactome_2022,0.9133165005386248,Upregulated,0.8957956543749542,6/28,12.20%
Intercalated Disc (GO:0014704),GO_Cellular_Component_2025,0.9130376140237364,Upregulated,0.8960207847937255,6/30,12.04%
Positive Regulation of Catabolic Process (GO:0009896),GO_Biological_Process_2025,0.912486168567382,Upregulated,0.8970011314448483,27/165,15.50%
Negative Regulation of Metabolic Process (GO:0009892),GO_Biological_Process_2025,0.9119907104220154,Upregulated,0.8978021933826494,10/60,9.48%
Multivesicular Body Organization (GO:0036257),GO_Biological_Process_2025,0.9118329690525836,Upregulated,0.8976884063908221,4/27,8.96%
Regulation of Double-Strand Break Repair (GO:2000779),GO_Biological_Process_2025,0.9118103914737165,Upregulated,0.8972325548322799,13/84,13.01%
ERK Pathway In Huntington 39 S Disease WP3853,WikiPathways_2024_Human,0.911688551642044,Upregulated,0.8970126456636159,3/17,9.64%
Apoptotic Cell Clearance (GO:0043277),GO_Biological_Process_2025,0.9115151306478416,Upregulated,0.8969707085901981,3/21,5.47%
Superoxide Metabolic Process (GO:0006801),GO_Biological_Process_2025,0.9115081504638606,Upregulated,0.8964651173859234,10/31,29.17%
Cardiac muscle contraction,KEGG_2021_Human,0.9112875652789116,Upregulated,0.8965183545003685,24/75,26.39%
Influenza A,KEGG_2021_Human,0.9109413879396314,Upregulated,0.8969031500472928,38/136,26.04%
Negative Regulation of DNA Recombination (GO:0045910),GO_Biological_Process_2025,0.910566531219793,Upregulated,0.8973852107564634,14/33,28.04%
Heparan Sulfate Proteoglycan Biosynthetic Process (GO:0015012),GO_Biological_Process_2025,0.9102326192275164,Upregulated,0.8977328049860044,9/17,28.09%
Selective Autophagy R-HSA-9663891,Reactome_2022,0.9101776182447506,Upregulated,0.897354523761617,9/55,11.97%
Mitochondrion Organization (GO:0007005),GO_Biological_Process_2025,0.9095932068590232,Upregulated,0.8983382814898262,31/127,21.85%
Aberrant Regulation Of Mitotic Cell Cycle Due To RB1 Defects R-HSA-9687139,Reactome_2022,0.9089843345250972,Upregulated,0.8994359658600385,8/35,17.18%
Protein Kinase A Regulatory Subunit Binding (GO:0034237),GO_Molecular_Function_2025,0.9087081535378412,Upregulated,0.8996364112235494,7/21,21.74%
Disruption Of Postsynaptic Signaling By CNV WP4875,WikiPathways_2024_Human,0.908616783368196,Upregulated,0.8993758548906968,6/29,14.18%
Amide Biosynthetic Process (GO:0043604),GO_Biological_Process_2025,0.9084265798962242,Upregulated,0.8993699303520464,13/65,14.55%
mRNA Destabilization (GO:0061157),GO_Biological_Process_2025,0.9081020987369604,Upregulated,0.8997039220527836,6/53,9.56%
Proteoglycans in cancer,KEGG_2021_Human,0.9080925507465782,Upregulated,0.899198768259703,30/191,14.01%
Cytochrome P450 - Arranged By Substrate Type R-HSA-211897,Reactome_2022,0.9080133538502908,Upregulated,0.8988985114249586,13/43,24.02%
One Carbon Metabolism WP241,WikiPathways_2024_Human,0.9078185520026568,Upregulated,0.8988998847244211,8/27,16.44%
Myosin Binding (GO:0017022),GO_Molecular_Function_2025,0.9076717266788754,Upregulated,0.8987647083868622,12/51,22.01%
Sphingolipid Metabolic Process (GO:0006665),GO_Biological_Process_2025,0.9075271644749644,Upregulated,0.8986336881326334,19/71,20.67%
Positive Regulation of Protein Modification Process (GO:0031401),GO_Biological_Process_2025,0.9071235382141748,Upregulated,0.8991462988212057,21/89,21.47%
Regulation of Focal Adhesion Assembly (GO:0051893),GO_Biological_Process_2025,0.9065947582909988,Upregulated,0.8999968440298327,15/49,19.40%
Apoptosis Modulation And Signaling WP1772,WikiPathways_2024_Human,0.9065282023783684,Upregulated,0.8996507604124575,18/80,19.85%
SHC-mediated cascade:FGFR4 R-HSA-5654719,Reactome_2022,0.9064205995085628,Upregulated,0.8994088130410506,2/15,6.40%
IL1 And Megakaryocytes In Obesity WP2865,WikiPathways_2024_Human,0.906333144187935,Upregulated,0.8991108223415704,12/24,29.47%
Positive Regulation of Phosphorylation (GO:0042327),GO_Biological_Process_2025,0.9058167202274772,Upregulated,0.899912094995026,20/86,22.47%
Manganese Ion Binding (GO:0030145),GO_Molecular_Function_2025,0.9051966449346396,Upregulated,0.9010156385517938,25/49,33.49%
Aquaporin-mediated Transport R-HSA-445717,Reactome_2022,0.9048072820751794,Upregulated,0.901503900139186,13/41,24.79%
Glycosphingolipid Metabolism R-HSA-1660662,Reactome_2022,0.9047235356291308,Upregulated,0.9011889772511268,8/37,12.96%
Vasopressin-regulated water reabsorption,KEGG_2021_Human,0.90447691939071,Upregulated,0.900817518904258,7/40,12.06%
Vasopressin Regulated Water Reabsorption WP5085,WikiPathways_2024_Human,0.90447691939071,Upregulated,0.900817518904258,7/40,12.06%
Human cytomegalovirus infection,KEGG_2021_Human,0.9040739884397476,Upregulated,0.901399585807748,26/197,11.30%
2Q13 Copy Number Variation Syndrome WP5222,WikiPathways_2024_Human,0.9040618715849156,Upregulated,0.900918746059438,8/52,7.68%
Histidine metabolism,KEGG_2021_Human,0.903992145038764,Upregulated,0.900588704089806,4/18,13.48%
Mitochondrial Matrix (GO:0005759),GO_Cellular_Component_2025,0.9038006942730906,Upregulated,0.9005752149720987,78/371,20.12%
Fibroblast Growth Factor Binding (GO:0017134),GO_Molecular_Function_2025,0.9033402385986024,Upregulated,0.9012907987985924,5/19,15.12%
RET Signaling R-HSA-8853659,Reactome_2022,0.9029902631403722,Upregulated,0.9016625254977768,10/36,17.58%
Renin secretion,KEGG_2021_Human,0.9028127068248016,Upregulated,0.901617770212882,12/60,12.91%
Negative Regulation of Protein Phosphorylation (GO:0001933),GO_Biological_Process_2025,0.9025523885093236,Upregulated,0.9017614442199736,11/78,9.08%
3Q29 Copy Number Variation Syndrome WP4906,WikiPathways_2024_Human,0.9016714313322898,Upregulated,0.903569238008346,11/57,14.77%
"Regulation of Synaptic Transmission, GABAergic (GO:0032228)",GO_Biological_Process_2025,0.9015379832833392,Upregulated,0.9033871596976748,5/19,16.27%
Early Endosome (GO:0005769),GO_Cellular_Component_2025,0.9009892449059724,Upregulated,0.9043262095031184,84/297,27.48%
Positive Regulation of Protein Localization to Membrane (GO:1905477),GO_Biological_Process_2025,0.9008255078776436,Upregulated,0.9042203670819916,10/70,6.44%
Development of Primary Male Sexual Characteristics (GO:0046546),GO_Biological_Process_2025,0.9007811297840952,Upregulated,0.9038188373603953,7/31,12.83%
NR1H3 And NR1H2 Regulate Gene Expression Linked To Cholesterol Transport And Efflux R-HSA-9029569,Reactome_2022,0.9006390313325745,Upregulated,0.9036764516324866,6/33,10.05%
Pentosyltransferase Activity (GO:0016763),GO_Molecular_Function_2025,0.9005734302554346,Upregulated,0.9033328167082444,4/34,8.19%
Inflammatory bowel disease,KEGG_2021_Human,0.90005751090714,Upregulated,0.9040994148898296,21/55,29.47%
"Synthesis, Secretion, And Inactivation Of Glucagon-like Peptide-1 (GLP-1) R-HSA-381771",Reactome_2022,0.9000284902101023,Upregulated,0.9036605048531412,2/16,4.41%
Positive Regulation of Microtubule Polymerization (GO:0031116),GO_Biological_Process_2025,0.8999259329231478,Upregulated,0.9033961248163588,8/27,18.93%
"3',5'-cyclic-AMP Phosphodiesterase Activity (GO:0004115)",GO_Molecular_Function_2025,0.8998303360866273,Upregulated,0.90262029163369,5/16,18.21%
"3',5'-cyclic-GMP Phosphodiesterase Activity (GO:0047555)",GO_Molecular_Function_2025,0.8998303360866273,Upregulated,0.90262029163369,5/16,18.21%
Dual Incision In GG-NER R-HSA-5696400,Reactome_2022,0.8989985448928015,Upregulated,0.9042189215031062,14/40,23.78%
Ligand-Gated Monoatomic Anion Channel Activity (GO:0099095),GO_Molecular_Function_2025,0.898956944811358,Upregulated,0.9038194517319792,11/28,25.84%
Apoptotic Process (GO:0006915),GO_Biological_Process_2025,0.898813494334554,Upregulated,0.9036910310007648,50/203,20.80%
Amplification And Expansion Of Oncogenic Pathways WP3678,WikiPathways_2024_Human,0.8988009558439717,Upregulated,0.9032055992063954,4/16,19.80%
Clathrin-Coated Endocytic Vesicle Membrane (GO:0030669),GO_Cellular_Component_2025,0.8987756808900127,Upregulated,0.9027549950930608,7/55,8.65%
Cation Channel Complex (GO:0034703),GO_Cellular_Component_2025,0.8987290313916243,Upregulated,0.9023455210792024,13/43,21.74%
Host Pathogen Interaction Of Human CoVs Autophagy WP4863,WikiPathways_2024_Human,0.8986687320516763,Upregulated,0.901987867092352,4/19,9.30%
Positive Regulation of Organelle Organization (GO:0010638),GO_Biological_Process_2025,0.8985637627301526,Upregulated,0.9017440243319288,18/79,19.71%
Autophagy R-HSA-9612973,Reactome_2022,0.8979663343437068,Upregulated,0.902761373312515,17/118,11.97%
Signal Transduction by P53 Class Mediator (GO:0072331),GO_Biological_Process_2025,0.8979368123721029,Upregulated,0.902327923446338,5/47,5.64%
Positive Regulation of Cell-Substrate Junction Organization (GO:0150117),GO_Biological_Process_2025,0.8974253710750728,Upregulated,0.9030949163884788,6/20,18.11%
GnRH secretion,KEGG_2021_Human,0.8969486338538829,Upregulated,0.90382543760591,16/53,24.32%
Regulation of Interleukin-6 Production (GO:0032675),GO_Biological_Process_2025,0.8963549003445614,Upregulated,0.9048276053420712,13/104,9.86%
Clock Controlled Autophagy In Bone Metabolism WP5205,WikiPathways_2024_Human,0.8963053445986146,Upregulated,0.904446580080024,19/72,23.83%
Cilium Movement (GO:0003341),GO_Biological_Process_2025,0.8961205033433999,Upregulated,0.9043863525144856,19/56,34.92%
Ciliopathies WP4803,WikiPathways_2024_Human,0.8960203748042789,Upregulated,0.9041339843771096,45/177,25.30%
ATPase Binding (GO:0051117),GO_Molecular_Function_2025,0.8958244082325991,Upregulated,0.9041143668045578,18/69,22.01%
G Protein-Coupled Receptor Activity (GO:0004930),GO_Molecular_Function_2025,0.8954601047762535,Upregulated,0.9045681886523436,52/171,27.85%
5Q35 Copy Number Variation WP5380,WikiPathways_2024_Human,0.8950817417476682,Upregulated,0.9050268418701526,14/94,12.13%
Melanoma,KEGG_2021_Human,0.8944364130987685,Upregulated,0.9061345852797968,11/62,13.42%
Vasculogenesis (GO:0001570),GO_Biological_Process_2025,0.8942474835316541,Upregulated,0.9060993272246152,9/32,19.77%
Senescence-Associated Secretory Phenotype (SASP) R-HSA-2559582,Reactome_2022,0.8942194036339868,Upregulated,0.9056678971050222,20/55,30.42%
Positive Regulation of Neural Precursor Cell Proliferation (GO:2000179),GO_Biological_Process_2025,0.8940842002936737,Upregulated,0.9054991681134736,6/20,15.59%
Release of Cytochrome C From Mitochondria (GO:0001836),GO_Biological_Process_2025,0.8936627433532113,Upregulated,0.9060238247943052,1/16,0.19%
Wnt Signaling Pathway (GO:0016055),GO_Biological_Process_2025,0.8933152218051252,Upregulated,0.9064162049345156,21/76,23.44%
Cellular Response to Molecule of Bacterial Origin (GO:0071219),GO_Biological_Process_2025,0.8928992605429632,Upregulated,0.9069324982691024,30/100,24.62%
WNT Ligand Biogenesis And Trafficking R-HSA-3238698,Reactome_2022,0.8926289226578705,Upregulated,0.9071121115086822,7/20,23.44%
Lysine N-methyltransferase Activity (GO:0016278),GO_Molecular_Function_2025,0.8924139357599199,Upregulated,0.907156675212996,7/23,17.53%
Regulation of Cardiac Muscle Contraction by Calcium Ion Signaling (GO:0010882),GO_Biological_Process_2025,0.8921515552784732,Upregulated,0.9072997319894134,6/20,21.74%
Lysophospholipase Activity (GO:0004622),GO_Molecular_Function_2025,0.8920023462977857,Upregulated,0.9071756490625498,4/20,12.53%
Regulation of Leukocyte Chemotaxis (GO:0002688),GO_Biological_Process_2025,0.8917261052682462,Upregulated,0.9073436254919516,4/16,15.55%
Early Endosome Membrane (GO:0031901),GO_Cellular_Component_2025,0.8915326314842474,Upregulated,0.9073127298047916,41/114,31.79%
IL19 Signaling WP5422,WikiPathways_2024_Human,0.8909137092305666,Upregulated,0.9083749823039138,3/26,2.35%
Rho Protein Signal Transduction (GO:0007266),GO_Biological_Process_2025,0.8909034759427126,Upregulated,0.9078926702567552,7/51,12.06%
Calcium Ion Sensor Activity (GO:0061891),GO_Molecular_Function_2025,0.8908206214728848,Upregulated,0.907590472352803,5/20,10.63%
Spindle (GO:0005819),GO_Cellular_Component_2025,0.8906133930201483,Upregulated,0.9076307200742784,43/210,18.55%
SUMOylation Of Transcription Factors R-HSA-3232118,Reactome_2022,0.8906046063775186,Upregulated,0.9071472276830465,6/16,24.25%
Regulation of Cytokine Production Involved in Inflammatory Response (GO:1900015),GO_Biological_Process_2025,0.8902319067940638,Upregulated,0.907587078933054,13/51,21.74%
Cooperation Of PDCL (PhLP1) And TRiC/CCT In G-protein Beta Folding R-HSA-6814122,Reactome_2022,0.8899937337809286,Upregulated,0.9076714541727656,10/33,30.05%
NADP Metabolic Process (GO:0006739),GO_Biological_Process_2025,0.8894981976196801,Upregulated,0.908389935278394,4/18,8.17%
Regulation of Cellular Respiration (GO:0043457),GO_Biological_Process_2025,0.8889543156319456,Upregulated,0.9092208536811036,2/17,3.85%
Transport Of Inorganic Cations/Anions And Amino Acids/Oligopeptides R-HSA-425393,Reactome_2022,0.8884605538532175,Upregulated,0.9099688422094,26/93,23.34%
Hormone Biosynthetic Process (GO:0042446),GO_Biological_Process_2025,0.8879124124976399,Upregulated,0.910845405789534,6/15,22.62%
"Transport Of Bile Salts And Organic Acids, Metal Ions And Amine Compounds R-HSA-425366",Reactome_2022,0.8876883197182962,Upregulated,0.9108989917280764,24/64,29.59%
"Incretin Synthesis, Secretion, And Inactivation R-HSA-400508",Reactome_2022,0.8874453485632882,Upregulated,0.9109817221616808,6/19,27.22%
Thioester Metabolic Process (GO:0035383),GO_Biological_Process_2025,0.887029731305949,Upregulated,0.9115213182224166,4/17,16.67%
Hsp70 Protein Binding (GO:0030544),GO_Molecular_Function_2025,0.8867591080885104,Upregulated,0.9116868219387778,14/32,32.52%
Cellular Response to Lipopolysaccharide (GO:0071222),GO_Biological_Process_2025,0.8861875913543158,Upregulated,0.9125590421522628,30/104,24.62%
Damaged DNA Binding (GO:0003684),GO_Molecular_Function_2025,0.8861502441601765,Upregulated,0.9121347907918116,14/45,25.39%
Cellular Response to cAMP (GO:0071320),GO_Biological_Process_2025,0.886125281954138,Upregulated,0.9116876160608396,6/31,11.50%
Regulation of Vascular Endothelial Growth Factor Receptor Signaling Pathway (GO:0030947),GO_Biological_Process_2025,0.8857709122319596,Upregulated,0.9120468661454036,9/24,22.69%
Eicosanoid Synthesis WP167,WikiPathways_2024_Human,0.885734681735737,Upregulated,0.9116317109503704,5/20,14.55%
Maintenance of Protein Location in Nucleus (GO:0051457),GO_Biological_Process_2025,0.8853286629374731,Upregulated,0.9121745752685898,6/18,18.86%
Cholesterol metabolism,KEGG_2021_Human,0.8849638332909828,Upregulated,0.9125796438202688,9/39,13.24%
Regulation of G1/S Transition of Mitotic Cell Cycle (GO:2000045),GO_Biological_Process_2025,0.8841560362974386,Upregulated,0.9141202574321302,28/100,24.10%
Resistin As A Regulator Of Inflammation WP4481,WikiPathways_2024_Human,0.8841277882991653,Upregulated,0.9136848885885016,3/32,4.29%
Dendritic Spine Organization (GO:0097061),GO_Biological_Process_2025,0.8838558371735411,Upregulated,0.9138454290868274,4/25,11.44%
Cholesterol Efflux (GO:0033344),GO_Biological_Process_2025,0.8838550856603852,Upregulated,0.9133431974938816,3/16,11.52%
"mRNA Cis Splicing, via Spliceosome (GO:0045292)",GO_Biological_Process_2025,0.883020017046267,Upregulated,0.9149274944816382,7/19,25.39%
GPI Anchored Protein Biosynthesis (GO:0180046),GO_Biological_Process_2025,0.8827640926096184,Upregulated,0.9150666677708944,10/29,27.23%
Basolateral Plasma Membrane (GO:0016323),GO_Cellular_Component_2025,0.8821951101534091,Upregulated,0.9159597205452348,40/167,21.96%
Relationship Between Inflammation COX 2 And EGFR WP4483,WikiPathways_2024_Human,0.8819797534366872,Upregulated,0.9160014203609156,4/23,6.73%
Aminoglycan Biosynthetic Process (GO:0006023),GO_Biological_Process_2025,0.8815449415174131,Upregulated,0.916555005463491,10/23,26.15%
Assembly Of Pre-Replicative Complex R-HSA-68867,Reactome_2022,0.8815356807767162,Upregulated,0.9160718910567196,11/87,8.73%
Microtubule (GO:0005874),GO_Cellular_Component_2025,0.8808933415307941,Upregulated,0.9171736020476732,39/176,19.07%
Regulation of Autophagy (GO:0010506),GO_Biological_Process_2025,0.8806241775897194,Upregulated,0.9172959381524438,46/218,20.65%
Cellular Response to Light Stimulus (GO:0071482),GO_Biological_Process_2025,0.8804883600633611,Upregulated,0.917127264132787,9/49,13.56%
Positive Regulation of Myoblast Differentiation (GO:0045663),GO_Biological_Process_2025,0.8801267018845178,Upregulated,0.9175137355808948,8/34,16.97%
Intrinsic Apoptotic Signaling Pathway (GO:0097193),GO_Biological_Process_2025,0.8800998159112967,Upregulated,0.9170729963074552,13/104,7.97%
Nuclear Inner Membrane (GO:0005637),GO_Cellular_Component_2025,0.8799832362984654,Upregulated,0.9168466427557384,6/24,17.60%
Late SARS-CoV-2 Infection Events R-HSA-9772573,Reactome_2022,0.8797749252922371,Upregulated,0.916841401288475,11/53,18.94%
Phosphatidylinositol-3-Phosphate Binding (GO:0032266),GO_Molecular_Function_2025,0.8796037312367557,Upregulated,0.916746547734073,15/40,30.21%
Cholesterol Transfer Activity (GO:0120020),GO_Molecular_Function_2025,0.8794139828565652,Upregulated,0.9167069535667706,6/16,26.09%
Oxidative Stress Induced Senescence R-HSA-2559580,Reactome_2022,0.8793353940942357,Upregulated,0.9163799973022316,11/68,12.10%
Regulation of Extrinsic Apoptotic Signaling Pathway in Absence of Ligand (GO:2001239),GO_Biological_Process_2025,0.8792332977412486,Upregulated,0.9161141446922292,6/26,7.68%
Neural Crest Differentiation WP2064,WikiPathways_2024_Human,0.8791520513185852,Upregulated,0.9158212855976882,21/76,22.71%
Transmitter-Gated Monoatomic Ion Channel Activity Involved in Regulation of Postsynaptic Membrane Potential (GO:1904315),GO_Molecular_Function_2025,0.8787155165234533,Upregulated,0.9164140093919309,9/17,37.44%
Membrane Assembly (GO:0071709),GO_Biological_Process_2025,0.8786186027481576,Upregulated,0.9161589165899532,6/33,14.18%
Proteoglycan Biosynthetic Process (GO:0030166),GO_Biological_Process_2025,0.8785173687921439,Upregulated,0.9159059817557784,18/42,26.15%
Antiviral And Anti-Inflam Effects Of Nrf2 On SARS CoV 2 Pathway WP5113,WikiPathways_2024_Human,0.8782490573368534,Upregulated,0.91608301990559,12/28,29.70%
Protein Localization to Cilium (GO:0061512),GO_Biological_Process_2025,0.877421405831542,Upregulated,0.9176116164734582,14/40,28.00%
Carboxylic Ester Hydrolase Activity (GO:0052689),GO_Molecular_Function_2025,0.877318675267857,Upregulated,0.9173780057942812,17/94,16.25%
GTPase Activity (GO:0003924),GO_Molecular_Function_2025,0.8772870876393465,Upregulated,0.9169500781421182,48/238,22.18%
Potassium Channel Activity (GO:0005267),GO_Molecular_Function_2025,0.8769491001267311,Upregulated,0.917268145696014,10/53,12.63%
Microtubule Binding (GO:0008017),GO_Molecular_Function_2025,0.876339563470026,Upregulated,0.9182415385264616,85/223,32.27%
Establishment of Mitotic Spindle Orientation (GO:0000132),GO_Biological_Process_2025,0.8762163893030757,Upregulated,0.918063327117133,5/31,8.98%
Negative Regulation of G Protein-Coupled Receptor Signaling Pathway (GO:0045744),GO_Biological_Process_2025,0.8757666601603027,Upregulated,0.918692779917654,9/35,15.56%
Zinc Ion Binding (GO:0008270),GO_Molecular_Function_2025,0.875721059719401,Upregulated,0.9182947574495436,68/280,21.94%
Golgi Associated Vesicle Biogenesis R-HSA-432722,Reactome_2022,0.8745622559149333,Upregulated,0.9205716376792764,16/53,23.94%
Regulation of Stem Cell Population Maintenance (GO:2000036),GO_Biological_Process_2025,0.8745618874913171,Upregulated,0.9200730755349604,8/54,12.97%
Leishmaniasis,KEGG_2021_Human,0.8743609505336827,Upregulated,0.9200829464859476,22/67,29.47%
Cellular Response to Lipid (GO:0071396),GO_Biological_Process_2025,0.8737352516958521,Upregulated,0.921085646015841,55/194,24.62%
Regulation of Exocytosis (GO:0017157),GO_Biological_Process_2025,0.8734021599595965,Upregulated,0.9213891975126052,12/41,22.39%
Protease Binding (GO:0002020),GO_Molecular_Function_2025,0.8733234164458262,Upregulated,0.9210963364748488,22/97,18.82%
B Cell Activation (GO:0042113),GO_Biological_Process_2025,0.8732353220041573,Upregulated,0.9208079846079515,14/72,12.95%
Ubiquitin Conjugating Enzyme Binding (GO:0031624),GO_Molecular_Function_2025,0.8731748513091335,Upregulated,0.9204463876642824,8/26,18.56%
7 Oxo C And 7 Beta HC Pathways WP5064,WikiPathways_2024_Human,0.8731693328419895,Upregulated,0.9199576897542996,6/26,16.67%
SLC Transporter Disorders R-HSA-5619102,Reactome_2022,0.8731441855970958,Upregulated,0.9195150945322472,19/86,19.87%
Positive Regulation of Blood Vessel Endothelial Cell Migration (GO:0043536),GO_Biological_Process_2025,0.8720860482815884,Upregulated,0.9215429051138068,7/48,6.73%
Cellular Catabolic Process (GO:0044248),GO_Biological_Process_2025,0.8720025369656895,Upregulated,0.9212588066810782,6/22,22.69%
Purinergic Signaling WP4900,WikiPathways_2024_Human,0.8719507007213982,Upregulated,0.9208979417560956,7/31,15.22%
Small GTPase-mediated Signal Transduction (GO:0007264),GO_Biological_Process_2025,0.8718465468440167,Upregulated,0.920654405159234,37/174,22.20%
Respiratory Chain Complex IV Assembly (GO:0008535),GO_Biological_Process_2025,0.8714958256739962,Upregulated,0.920982989785566,10/23,29.31%
Positive Regulation of Ion Transmembrane Transporter Activity (GO:0032414),GO_Biological_Process_2025,0.8701443418276014,Upregulated,0.9237156278455722,10/20,23.39%
trans-Golgi Network Membrane (GO:0032588),GO_Cellular_Component_2025,0.8700643821183178,Upregulated,0.9234084230778938,25/96,22.43%
Separation Of Sister Chromatids R-HSA-2467813,Reactome_2022,0.869348952395994,Upregulated,0.9246263598931131,34/163,18.47%
Constitutive Signaling By NOTCH1 HD Domain Mutants R-HSA-2691232,Reactome_2022,0.869178402018014,Upregulated,0.9245439152672472,4/15,10.78%
AMPK signaling pathway,KEGG_2021_Human,0.8689987521816805,Upregulated,0.924481911380102,23/112,18.76%
"Cell Death Signaling Via NRAGE, NRIF And NADE R-HSA-204998",Reactome_2022,0.8687378049817388,Upregulated,0.924595185843573,17/69,22.03%
Regulation of IRE1-mediated Unfolded Protein Response (GO:1903894),GO_Biological_Process_2025,0.8684534724178304,Upregulated,0.9247762603448224,2/15,5.98%
Regulation of Secretion (GO:0051046),GO_Biological_Process_2025,0.8680922169611919,Upregulated,0.9251474038515446,3/15,9.85%
DNA IR Double Strand Breaks And Cellular Response Via ATM WP3959,WikiPathways_2024_Human,0.8679442866489053,Upregulated,0.9250002829682148,12/54,19.07%
Regulation of Neurogenesis (GO:0050767),GO_Biological_Process_2025,0.8676928393967446,Upregulated,0.92511718859794,23/59,31.03%
Carboxylic Acid Transmembrane Transporter Activity (GO:0046943),GO_Molecular_Function_2025,0.867672141734544,Upregulated,0.9246705511655672,20/69,22.94%
Negative Regulation of Insulin Receptor Signaling Pathway (GO:0046627),GO_Biological_Process_2025,0.8670146984811015,Upregulated,0.9257160508360855,12/31,26.15%
Mitotic Cell Cycle Checkpoint Signaling (GO:0007093),GO_Biological_Process_2025,0.86658180693369,Upregulated,0.9262054464742194,5/24,7.97%
ADORA2B Mediated Anti-Inflammatory Cytokine Production R-HSA-9660821,Reactome_2022,0.8664266567469844,Upregulated,0.92604802607166,27/87,23.74%
Glycosaminoglycan Metabolic Process (GO:0030203),GO_Biological_Process_2025,0.8663315703030581,Upregulated,0.9257794354662762,9/24,26.15%
Ubiquitin-Like Protein Conjugating Enzyme Binding (GO:0044390),GO_Molecular_Function_2025,0.8657337030460517,Upregulated,0.9266717442095886,9/31,18.82%
Canonical NF-kappaB Signal Transduction (GO:0007249),GO_Biological_Process_2025,0.8655005577404299,Upregulated,0.9267096506493984,8/35,19.52%
Nucleosomal DNA Binding (GO:0031492),GO_Molecular_Function_2025,0.8652663101899482,Upregulated,0.9267736990047414,4/24,10.51%
DNA Replication Pre-Initiation R-HSA-69002,Reactome_2022,0.8650497483220004,Upregulated,0.9267669784342252,13/103,8.73%
Termination Of Translesion DNA Synthesis R-HSA-5656169,Reactome_2022,0.8646305897126804,Upregulated,0.9272296687161522,8/31,16.64%
Phosphate-Containing Compound Metabolic Process (GO:0006796),GO_Biological_Process_2025,0.8646006416068159,Upregulated,0.9267957504982264,26/133,16.19%
Regulation of Macroautophagy (GO:0016241),GO_Biological_Process_2025,0.8644568941616125,Upregulated,0.926625393874408,24/102,23.23%
Histone Reader Activity (GO:0140566),GO_Molecular_Function_2025,0.8642981868504641,Upregulated,0.926511108917032,6/27,14.10%
Positive Regulation of Mitotic Cell Cycle Phase Transition (GO:1901992),GO_Biological_Process_2025,0.8641707973171584,Upregulated,0.9263241435960268,11/61,11.05%
Biosynthesis Of N-glycan Precursor (Dolichol LLO) And Transfer To Protein R-HSA-446193,Reactome_2022,0.8641053467732911,Upregulated,0.9259698843285306,16/72,18.94%
Organelle Assembly (GO:0070925),GO_Biological_Process_2025,0.8640652123266787,Upregulated,0.9255629446081398,76/328,24.20%
Metanephros Development (GO:0001656),GO_Biological_Process_2025,0.8636523180676217,Upregulated,0.9259811255596744,11/20,31.32%
Sterol Transfer Activity (GO:0120015),GO_Molecular_Function_2025,0.8633850655211627,Upregulated,0.9261082730844296,10/23,27.89%
Positive Regulation of Microtubule Polymerization or Depolymerization (GO:0031112),GO_Biological_Process_2025,0.8627155829477995,Upregulated,0.9271892470620704,8/25,18.93%
Synthesis Of Active Ubiquitin: Roles Of E1 And E2 Enzymes R-HSA-8866652,Reactome_2022,0.8627102366659226,Upregulated,0.9267126920499114,5/30,8.69%
Phosphatidylinositol-5-Phosphate Binding (GO:0010314),GO_Molecular_Function_2025,0.8626027548180114,Upregulated,0.9264647297967574,2/16,8.43%
Peptidyl-Tyrosine Phosphorylation (GO:0018108),GO_Biological_Process_2025,0.8624207247367239,Upregulated,0.9264253919228777,7/56,9.73%
Nucleotide Biosynthetic Process (GO:0009165),GO_Biological_Process_2025,0.862325492433987,Upregulated,0.9261532369066754,3/17,11.23%
Cognition (GO:0050890),GO_Biological_Process_2025,0.8616508892534519,Upregulated,0.9272459018142462,8/37,20.88%
Human papillomavirus infection,KEGG_2021_Human,0.8613152517114255,Upregulated,0.9274984583205188,54/291,18.17%
SNARE interactions in vesicular transport,KEGG_2021_Human,0.8611152029422742,Upregulated,0.9274750361578752,6/30,15.46%
Negative Regulation of Protein Catabolic Process (GO:0042177),GO_Biological_Process_2025,0.8611137969265321,Upregulated,0.9269878147003776,11/50,19.18%
Signaling By NOTCH2 R-HSA-1980145,Reactome_2022,0.8609703135747208,Upregulated,0.9268483376051692,11/31,22.03%
Leukocyte Adhesion to Vascular Endothelial Cell (GO:0061756),GO_Biological_Process_2025,0.8606988072065671,Upregulated,0.9269756521873068,5/19,18.17%
Fibroblast Growth Factor Receptor Binding (GO:0005104),GO_Molecular_Function_2025,0.8602721851073998,Upregulated,0.9274905569629126,3/17,7.26%
Protein Localization (GO:0008104),GO_Biological_Process_2025,0.8598480968873055,Upregulated,0.927994028381634,64/340,19.48%
Transcriptional Regulation By TP53 R-HSA-3700989,Reactome_2022,0.8596377732971846,Upregulated,0.927992188674118,78/340,24.03%
Toxoplasmosis,KEGG_2021_Human,0.859422652575002,Upregulated,0.9279713126104214,25/101,23.94%
Regulation of Cyclin-Dependent Protein Serine/Threonine Kinase Activity (GO:0000079),GO_Biological_Process_2025,0.8591062507717386,Upregulated,0.9282222910012452,7/38,12.47%
Regulation of Kinase Activity (GO:0043549),GO_Biological_Process_2025,0.858222640111953,Upregulated,0.929722324159607,10/26,27.11%
Epithelial Cilium Movement Involved in Extracellular Fluid Movement (GO:0003351),GO_Biological_Process_2025,0.8579301314220126,Upregulated,0.9299096622970306,6/19,28.85%
Corticotropin Releasing Hormone Signaling WP2355,WikiPathways_2024_Human,0.8574230429013374,Upregulated,0.9305717604548344,14/81,12.57%
Keratan Sulfate/Keratin Metabolism R-HSA-1638074,Reactome_2022,0.856654600752487,Upregulated,0.9317973868497832,14/29,32.57%
Monocarboxylic Acid Transmembrane Transporter Activity (GO:0008028),GO_Molecular_Function_2025,0.8565661131257185,Upregulated,0.9315093342946568,17/38,30.88%
Growth Hormone Receptor Signaling R-HSA-982772,Reactome_2022,0.8564885661916235,Upregulated,0.9312003574850948,9/20,37.63%
Regulation Of Necroptotic Cell Death R-HSA-5675482,Reactome_2022,0.856093735130113,Upregulated,0.9316247638878952,4/27,7.65%
Positive Regulation of Reproductive Process (GO:2000243),GO_Biological_Process_2025,0.8559167608130533,Upregulated,0.9315420788776502,6/26,13.73%
Catenin Complex (GO:0016342),GO_Cellular_Component_2025,0.8557519006233281,Upregulated,0.9314274653014004,4/21,12.08%
Mitochondrial Intermembrane Space (GO:0005758),GO_Cellular_Component_2025,0.8557357563835047,Upregulated,0.9309803683335564,13/69,11.56%
Type II diabetes mellitus,KEGG_2021_Human,0.8555599817731638,Upregulated,0.9308846369418418,14/42,25.49%
Phosphatidylinositol-4-Phosphate Binding (GO:0070273),GO_Molecular_Function_2025,0.8549828859644574,Upregulated,0.9316795224459964,8/25,29.83%
Monoatomic Cation Transmembrane Transporter Activity (GO:0008324),GO_Molecular_Function_2025,0.8544644853104302,Upregulated,0.932343534037259,11/37,19.93%
Cilium Assembly (GO:0060271),GO_Biological_Process_2025,0.8543403833625238,Upregulated,0.9321343556823836,74/237,30.58%
Leptin Insulin Signaling Overlap WP3935,WikiPathways_2024_Human,0.85347254011726,Upregulated,0.9335665400277448,6/15,25.49%
Hexosyltransferase Activity (GO:0016758),GO_Molecular_Function_2025,0.85308434178787,Upregulated,0.9340092829111034,20/72,21.50%
Positive Regulation of Interleukin-10 Production (GO:0032733),GO_Biological_Process_2025,0.853051866373318,Upregulated,0.9335983946492374,4/25,11.28%
Positive Regulation of Response to Wounding (GO:1903036),GO_Biological_Process_2025,0.8529165296549253,Upregulated,0.9334100919913754,6/24,14.79%
Establishment of Protein Localization to Mitochondrion (GO:0072655),GO_Biological_Process_2025,0.85272623479996,Upregulated,0.9333731531514324,14/42,23.51%
Response to Type II Interferon (GO:0034341),GO_Biological_Process_2025,0.8526133983033529,Upregulated,0.9331349504557273,13/49,19.99%
Cholesterol Biosynthesis R-HSA-191273,Reactome_2022,0.8525471627510082,Upregulated,0.9327907957190872,5/24,17.74%
Proteoglycan Metabolic Process (GO:0006029),GO_Biological_Process_2025,0.852406861324971,Upregulated,0.9326162933173552,9/21,20.78%
Pyridine Nucleotide Catabolic Process (GO:0019364),GO_Biological_Process_2025,0.852372092741269,Upregulated,0.932203830378602,8/28,21.71%
Serotonin Receptor 4 6 7 And NR3C Signaling WP734,WikiPathways_2024_Human,0.8523658083350969,Upregulated,0.9317358708542576,3/19,9.64%
Negative Regulation of Tumor Necrosis Factor Production (GO:0032720),GO_Biological_Process_2025,0.8516171355754413,Upregulated,0.932940814492074,6/39,9.86%
Centrosome Maturation R-HSA-380287,Reactome_2022,0.8512282370836097,Upregulated,0.933270295893836,29/81,31.22%
Synaptic vesicle cycle,KEGG_2021_Human,0.8499749412733747,Upregulated,0.93560693300709,23/69,26.23%
Negative Regulation of Cytokine Production Involved in Inflammatory Response (GO:1900016),GO_Biological_Process_2025,0.8498025425465685,Upregulated,0.9355234867592608,5/27,12.49%
Glycosaminoglycan Biosynthetic Process (GO:0006024),GO_Biological_Process_2025,0.8497660909002623,Upregulated,0.9351157083283184,10/22,26.15%
Amino Acid:Sodium Symporter Activity (GO:0005283),GO_Molecular_Function_2025,0.8496544785218666,Upregulated,0.9348671326809662,8/17,29.13%
Proximal Tubule Transport WP4917,WikiPathways_2024_Human,0.8495806561769754,Upregulated,0.9345599714172356,18/45,30.94%
trans-Golgi Network (GO:0005802),GO_Cellular_Component_2025,0.8486104317056401,Upregulated,0.936219786402563,53/229,22.89%
Positive Regulation of Non-Canonical NF-kappaB Signal Transduction (GO:1901224),GO_Biological_Process_2025,0.8477763733494682,Upregulated,0.937583527763767,12/46,21.76%
"Plasma Lipoprotein Assembly, Remodeling, And Clearance R-HSA-174824",Reactome_2022,0.8475572249920206,Upregulated,0.9375887813381042,24/59,29.11%
Hepaticobiliary System Development (GO:0061008),GO_Biological_Process_2025,0.8474674344497164,Upregulated,0.937308874635666,7/17,27.24%
Regulation of DNA Damage Checkpoint (GO:2000001),GO_Biological_Process_2025,0.8474490290777501,Upregulated,0.936873636742656,3/16,7.97%
Neurodegeneration W Brain Fe Accumulation NBIA Subtypes Pathway WP4577,WikiPathways_2024_Human,0.8474176224312581,Upregulated,0.9364544022443908,7/43,10.65%
Longevity regulating pathway,KEGG_2021_Human,0.8471760307656326,Upregulated,0.9364757735746916,19/96,18.03%
ATP Biosynthetic Process (GO:0006754),GO_Biological_Process_2025,0.8469333281588456,Upregulated,0.936507777460845,5/22,19.14%
Protein Deacylation (GO:0035601),GO_Biological_Process_2025,0.8464823891727135,Upregulated,0.9370043156659305,4/18,16.86%
Gastric cancer,KEGG_2021_Human,0.8461375808426917,Upregulated,0.9372777131660526,20/126,14.01%
Mitotic DNA Damage Checkpoint Signaling (GO:0044773),GO_Biological_Process_2025,0.8451000771835768,Upregulated,0.939059228746422,12/59,17.89%
Cellular Response to Alcohol (GO:0097306),GO_Biological_Process_2025,0.844811612105431,Upregulated,0.9392209733292324,14/48,24.79%
Cristae Formation R-HSA-8949613,Reactome_2022,0.8446088904336879,Upregulated,0.9391784207905722,9/28,24.11%
P38 MAPK Signaling WP400,WikiPathways_2024_Human,0.8442150076151533,Upregulated,0.9395382101017536,5/35,9.64%
Terpenoid backbone biosynthesis,KEGG_2021_Human,0.8436587000247302,Upregulated,0.940247966669105,6/20,18.84%
Chromosomal And Microsatellite Instability In Colorectal Cancer WP4216,WikiPathways_2024_Human,0.8429909676826925,Upregulated,0.9412191698611916,10/71,10.84%
Mitotic Metaphase And Anaphase R-HSA-2555396,Reactome_2022,0.8428047050938549,Upregulated,0.9411473979339622,43/216,18.47%
"Negative Regulation of Gene Expression, Epigenetic (GO:0045814)",GO_Biological_Process_2025,0.842649950872944,Upregulated,0.940993108515942,21/81,25.28%
Neuronal System R-HSA-112316,Reactome_2022,0.8425921649838037,Upregulated,0.9406487178412224,88/303,27.49%
Apoptotic Execution Phase R-HSA-75153,Reactome_2022,0.8425282332567756,Upregulated,0.9403051214177592,12/44,19.73%
Positive Regulation of Lipid Biosynthetic Process (GO:0046889),GO_Biological_Process_2025,0.8422353238071474,Upregulated,0.9404795935094636,5/35,7.87%
Muscle Contraction R-HSA-397014,Reactome_2022,0.841954315017285,Upregulated,0.9405899768363004,44/172,21.17%
Negative Regulation of Cold-Induced Thermogenesis (GO:0120163),GO_Biological_Process_2025,0.8419438167588159,Upregulated,0.9401319587064862,9/46,11.86%
NOTCH3 Activation And Transmission Of Signal To Nucleus R-HSA-9013507,Reactome_2022,0.840786800593606,Upregulated,0.9421678754051144,6/25,10.78%
Regulation of Keratinocyte Proliferation (GO:0010837),GO_Biological_Process_2025,0.8406998188761088,Upregulated,0.941873229871822,9/22,29.28%
Channel Activity (GO:0015267),GO_Molecular_Function_2025,0.8406497114467135,Upregulated,0.9414992710910975,17/41,29.85%
Positive Regulation of Calcineurin-Mediated Signaling (GO:0106058),GO_Biological_Process_2025,0.8405015496841262,Upregulated,0.9408583965312424,2/16,3.77%
Positive Regulation of calcineurin-NFAT Signaling Cascade (GO:0070886),GO_Biological_Process_2025,0.8405015496841262,Upregulated,0.9408583965312424,2/16,3.77%
Diseases Of Mitotic Cell Cycle R-HSA-9675126,Reactome_2022,0.8404430536311448,Upregulated,0.9405004602028986,8/37,17.18%
Negative Regulation of Cellular Response to Insulin Stimulus (GO:1900077),GO_Biological_Process_2025,0.8402759657567109,Upregulated,0.9403878292617632,11/32,23.13%
Recombinational Repair (GO:0000725),GO_Biological_Process_2025,0.8397804960913808,Upregulated,0.940950091311927,16/96,13.06%
"Inactivation, Recovery And Regulation Of Phototransduction Cascade R-HSA-2514859",Reactome_2022,0.839772430109247,Upregulated,0.9404882889801828,8/25,21.74%
Glucose 6-Phosphate Metabolic Process (GO:0051156),GO_Biological_Process_2025,0.8394831486954245,Upregulated,0.9406094452001442,3/15,12.28%
Staphylococcus aureus infection,KEGG_2021_Human,0.8386809747871291,Upregulated,0.941843169833718,18/51,27.85%
Phosphodiesterases In Neuronal Function WP4222,WikiPathways_2024_Human,0.8384475377968348,Upregulated,0.9418750689990076,15/46,19.39%
Rab Regulation Of Trafficking R-HSA-9007101,Reactome_2022,0.8384254954663909,Upregulated,0.9414452443169912,13/116,9.93%
AMP Activated Protein Kinase Signaling WP1403,WikiPathways_2024_Human,0.83835927126656,Upregulated,0.9411011494142376,12/62,18.59%
Neurogenesis Regulation In The Olfactory Epithelium WP5265,WikiPathways_2024_Human,0.8378934041027615,Upregulated,0.9416479349585218,10/54,17.04%
Positive Regulation of Growth (GO:0045927),GO_Biological_Process_2025,0.8377005247142939,Upregulated,0.9415798055882816,3/71,0.90%
Cytoprotection By HMOX1 R-HSA-9707564,Reactome_2022,0.8373430800207998,Upregulated,0.941851524456466,19/57,27.65%
Cardiac Muscle Contraction (GO:0060048),GO_Biological_Process_2025,0.8373073072531831,Upregulated,0.9414420080875632,7/30,18.85%
Leishmania Infection R-HSA-9658195,Reactome_2022,0.8371880446923063,Upregulated,0.94121222258794,50/196,25.06%
Fat Cell Differentiation (GO:0045444),GO_Biological_Process_2025,0.8361184560438538,Upregulated,0.943012141265742,16/63,18.20%
Specific Granule Membrane (GO:0035579),GO_Cellular_Component_2025,0.8359921785544422,Upregulated,0.9427987915884308,17/82,16.94%
RHOBTB GTPase Cycle R-HSA-9706574,Reactome_2022,0.8358707671037736,Upregulated,0.9425782521595324,6/35,10.51%
Intrinsic Apoptotic Signaling Pathway by P53 Class Mediator (GO:0072332),GO_Biological_Process_2025,0.8355684832164915,Upregulated,0.9427363059312532,4/36,5.64%
Fatty Acids And Lipoproteins Transport In Hepatocytes WP5323,WikiPathways_2024_Human,0.8350985440158752,Upregulated,0.9432471377645424,11/31,26.15%
Dravet Syndrome WP5200,WikiPathways_2024_Human,0.8350145694393407,Upregulated,0.9429484117558924,10/27,29.47%
Regulation of GTPase Activity (GO:0043087),GO_Biological_Process_2025,0.8348483039428898,Upregulated,0.942819974316596,27/124,22.12%
Herpes simplex virus 1 infection,KEGG_2021_Human,0.8346585673046947,Upregulated,0.942742071963499,44/269,16.05%
"DNA-binding Transcription Repressor Activity, RNA Polymerase II-specific (GO:0001227)",GO_Molecular_Function_2025,0.8342822522243996,Upregulated,0.9430629450005344,48/167,25.98%
Lipid Biosynthetic Process (GO:0008610),GO_Biological_Process_2025,0.833935107686678,Upregulated,0.9433136057303,31/76,33.70%
Regulation Of PLK1 Activity At G2/M Transition R-HSA-2565942,Reactome_2022,0.8337147926990507,Upregulated,0.9433058596966284,30/87,28.58%
Autoimmune thyroid disease,KEGG_2021_Human,0.83362447614171,Upregulated,0.943019282054872,9/26,24.13%
Inward Rectifier Potassium Channel Activity (GO:0005242),GO_Molecular_Function_2025,0.8334392042693235,Upregulated,0.942947543570839,5/21,17.93%
Cell Interactions Of The Pancreatic Cancer Microenvironment WP5284,WikiPathways_2024_Human,0.8330316717096586,Upregulated,0.9433255568924412,8/24,24.13%
Immunoregulatory Interactions Between A Lymphoid And A non-Lymphoid Cell R-HSA-198933,Reactome_2022,0.8328016569176394,Upregulated,0.9433386044049916,20/86,17.48%
Negative Regulation of DNA-binding Transcription Factor Activity (GO:0043433),GO_Biological_Process_2025,0.8323040205029992,Upregulated,0.9438978093357168,36/111,29.56%
Alzheimer disease,KEGG_2021_Human,0.8321282482079677,Upregulated,0.9437777589471787,91/325,26.20%
Glutamatergic Synapse (GO:0098978),GO_Cellular_Component_2025,0.8316205886183636,Upregulated,0.9443271022885996,15/86,13.04%
Negative Regulation of Calcium Ion Transmembrane Transporter Activity (GO:1901020),GO_Biological_Process_2025,0.8312544192957017,Upregulated,0.9445988987850936,6/16,21.07%
Thyroid Hormones And Peripheral Downstream Signaling Effects WP4746,WikiPathways_2024_Human,0.8307544371645245,Upregulated,0.9451451192761468,19/87,22.79%
NF1 Copy Number Variation Syndrome WP5366,WikiPathways_2024_Human,0.8303817765399132,Upregulated,0.9454179597051529,14/75,17.18%
8Q11 23 RB1CC1 Copy Number Variation WP5412,WikiPathways_2024_Human,0.8303223186215817,Upregulated,0.9450735100289752,5/16,23.23%
Metabolism Of Nitric Oxide: NOS3 Activation And Regulation R-HSA-202131,Reactome_2022,0.8291879477331217,Upregulated,0.9469650778309444,2/15,5.40%
G Protein-Coupled Receptor Binding (GO:0001664),GO_Molecular_Function_2025,0.8290176272006514,Upregulated,0.9468486538398032,24/116,18.11%
Negative Regulation of Endoplasmic Reticulum Unfolded Protein Response (GO:1900102),GO_Biological_Process_2025,0.8286868016552024,Upregulated,0.9470632255637036,9/18,36.15%
Opioid Signaling R-HSA-111885,Reactome_2022,0.8276103688752778,Upregulated,0.9487584735587794,22/81,25.09%
FRS-mediated FGFR4 Signaling R-HSA-5654712,Reactome_2022,0.8274323938451972,Upregulated,0.9486417579071872,3/17,7.26%
Nicotinamide Nucleotide Metabolic Process (GO:0046496),GO_Biological_Process_2025,0.82737347649066,Upregulated,0.9482885564297396,12/44,21.71%
Regulation of Bone Mineralization (GO:0030500),GO_Biological_Process_2025,0.8268331849842883,Upregulated,0.9489487205483432,31/58,35.80%
Effect Of Omega 3 PUFA On Huntington 39 S Disease Pathways WP5470,WikiPathways_2024_Human,0.8268279725856136,Upregulated,0.9484861305102078,34/108,30.18%
Positive Regulation of T Cell Differentiation (GO:0045582),GO_Biological_Process_2025,0.8263465726399501,Upregulated,0.9490209699134796,15/57,21.77%
Galanin Receptor Pathway WP4970,WikiPathways_2024_Human,0.8254474293719374,Upregulated,0.9503632713065164,3/15,9.48%
Dual Incision In TC-NER R-HSA-6782135,Reactome_2022,0.8250150859875559,Upregulated,0.9507507429184472,17/63,22.29%
Cardiac Conduction System Development (GO:0003161),GO_Biological_Process_2025,0.8246593040426735,Upregulated,0.9509859977127462,4/23,11.12%
mRNA Catabolic Process (GO:0006402),GO_Biological_Process_2025,0.8244914939991975,Upregulated,0.9508399157314456,5/49,4.99%
Regulation of RNA Biosynthetic Process (GO:2001141),GO_Biological_Process_2025,0.8242264240138928,Upregulated,0.9508713671224056,95/384,23.28%
Ephrin Receptor Binding (GO:0046875),GO_Molecular_Function_2025,0.8238338195405746,Upregulated,0.9511807280399568,8/22,26.46%
Ether lipid metabolism,KEGG_2021_Human,0.8231732879721808,Upregulated,0.952021843917102,12/43,19.46%
Aorta Morphogenesis (GO:0035909),GO_Biological_Process_2025,0.8229847350457368,Upregulated,0.9519328673353774,10/17,31.37%
Sodium Ion Homeostasis (GO:0055078),GO_Biological_Process_2025,0.8229750773176636,Upregulated,0.9514809281761296,7/18,22.16%
Primary Neural Tube Formation (GO:0014020),GO_Biological_Process_2025,0.8229402070453766,Upregulated,0.9510713239512696,4/27,9.19%
Potassium Channel Complex (GO:0034705),GO_Cellular_Component_2025,0.8227065909742,Upregulated,0.9510888965294036,22/69,27.29%
Positive Regulation of Transport (GO:0051050),GO_Biological_Process_2025,0.8226414425221208,Upregulated,0.9507529076457456,14/46,24.07%
Arginine biosynthesis,KEGG_2021_Human,0.8220307220426378,Upregulated,0.9515191819959782,3/20,7.08%
Peroxisomal Lipid Metabolism R-HSA-390918,Reactome_2022,0.8218975321089904,Upregulated,0.9512967784696286,5/27,11.71%
Neuron Projection Organization (GO:0106027),GO_Biological_Process_2025,0.8218375153341047,Upregulated,0.9509377365536906,16/16,71.55%
Positive Regulation of Cell Division (GO:0051781),GO_Biological_Process_2025,0.8210428266933447,Upregulated,0.9520615912751074,11/33,24.27%
Fas Ligand Pathway And Stress Induction Of Heat Shock Proteins WP314,WikiPathways_2024_Human,0.8204586148356328,Upregulated,0.9527290155370008,10/42,19.35%
Cytoplasmic Vesicle Membrane (GO:0030659),GO_Cellular_Component_2025,0.8195643512288592,Upregulated,0.9540249916126312,83/374,22.79%
Role Of Phospholipids In Phagocytosis R-HSA-2029485,Reactome_2022,0.8192905939694363,Upregulated,0.9540848619888448,5/23,12.95%
Effects Of PIP2 Hydrolysis R-HSA-114508,Reactome_2022,0.8192686620374413,Upregulated,0.9536653625254102,10/26,22.79%
Positive Regulation of Receptor Signaling Pathway via JAK-STAT (GO:0046427),GO_Biological_Process_2025,0.8192628883159506,Upregulated,0.9532046187752536,4/28,12.57%
Negative Regulation of Developmental Growth (GO:0048640),GO_Biological_Process_2025,0.8189036583941111,Upregulated,0.9534436790638978,7/27,17.45%
Thrombin Signaling Thru Proteinase Activated Receptors (PARs) R-HSA-456926,Reactome_2022,0.8185687306945921,Upregulated,0.9536154058689396,8/28,25.09%
Initiation Of Nuclear Envelope (NE) Reformation R-HSA-2995383,Reactome_2022,0.8185123184561385,Upregulated,0.9532529938958872,4/19,17.60%
Lipid Droplet Organization (GO:0034389),GO_Biological_Process_2025,0.8184543788332963,Upregulated,0.9528964544023952,12/31,32.20%
Negative Regulation of Interleukin-1 Beta Production (GO:0032691),GO_Biological_Process_2025,0.8183331915684745,Upregulated,0.952657301444006,5/17,18.94%
Cholesterol Homeostasis (GO:0042632),GO_Biological_Process_2025,0.818188155901906,Upregulated,0.952483230288837,5/63,6.05%
Positive Regulation of Blood Coagulation (GO:0030194),GO_Biological_Process_2025,0.817814083902731,Upregulated,0.9527321066676449,4/18,10.27%
Myotube Differentiation (GO:0014902),GO_Biological_Process_2025,0.8168672900508933,Upregulated,0.9540828876564544,5/20,14.21%
Interstrand Cross-Link Repair (GO:0036297),GO_Biological_Process_2025,0.8162653052018417,Upregulated,0.9547827178387416,9/36,20.63%
Regulation of Proteolysis (GO:0030162),GO_Biological_Process_2025,0.8162362276054508,Upregulated,0.954362182020654,16/47,25.90%
Nuclear Signaling By ERBB4 R-HSA-1251985,Reactome_2022,0.8156874045671223,Upregulated,0.9549292767193022,8/31,22.22%
Organophosphate Metabolic Process (GO:0019637),GO_Biological_Process_2025,0.8154915887733594,Upregulated,0.9548534875077392,15/74,16.07%
Positive Chemotaxis (GO:0050918),GO_Biological_Process_2025,0.8149637386332209,Upregulated,0.9554134489690612,4/16,12.95%
Signaling By ALK R-HSA-201556,Reactome_2022,0.814812703026748,Upregulated,0.9552370203888338,5/25,16.08%
Leukotriene Metabolic Process (GO:0006691),GO_Biological_Process_2025,0.8138291299922487,Upregulated,0.9566709724664774,5/18,17.47%
Dopamine Metabolic Process (GO:0042417),GO_Biological_Process_2025,0.8137949252905625,Upregulated,0.956259182859722,4/16,13.48%
Regulation of Axon Extension (GO:0030516),GO_Biological_Process_2025,0.8137085520291534,Upregulated,0.955953605346588,11/37,19.52%
One carbon pool by folate,KEGG_2021_Human,0.8134896603424281,Upregulated,0.9558838574710158,6/18,13.19%
Regulation of Proteolysis Involved in Protein Catabolic Process (GO:1903050),GO_Biological_Process_2025,0.8132328748319018,Upregulated,0.9559291480858866,8/26,22.03%
Negative Regulation of Hydrolase Activity (GO:0051346),GO_Biological_Process_2025,0.81304745523839,Upregulated,0.955792552434996,5/32,7.77%
Sensory Perception Of Taste R-HSA-9717189,Reactome_2022,0.812830881035175,Upregulated,0.9557335036639444,5/22,15.71%
Positive Regulation of Small Molecule Metabolic Process (GO:0062013),GO_Biological_Process_2025,0.8122221664982673,Upregulated,0.9564444832858344,7/18,22.32%
Transcriptional misregulation in cancer,KEGG_2021_Human,0.8120201576859989,Upregulated,0.9563654191010263,41/148,25.95%
Smoothened Signaling Pathway (GO:0007224),GO_Biological_Process_2025,0.8114765788647297,Upregulated,0.956893069141346,15/31,31.46%
EPH-Ephrin Signaling R-HSA-2682334,Reactome_2022,0.8113501855830969,Upregulated,0.9566584988526904,26/83,26.05%
Overlap Between Signal Transduction Pathways LMNA Laminopathies WP4879,WikiPathways_2024_Human,0.8111747318120317,Upregulated,0.956525304784422,13/51,20.84%
Sterol Homeostasis (GO:0055092),GO_Biological_Process_2025,0.810280300504476,Upregulated,0.9577711191781876,5/64,6.05%
Dolichol-Linked Oligosaccharide Biosynthetic Process (GO:0006488),GO_Biological_Process_2025,0.8100039446505042,Upregulated,0.9578010361085852,4/20,13.88%
ATM Signaling In Development And Disease WP3878,WikiPathways_2024_Human,0.8099815836175709,Upregulated,0.9573795681772812,12/47,22.19%
Splicing Factor NOVA Regulated Synaptic Proteins WP4148,WikiPathways_2024_Human,0.8098821721263715,Upregulated,0.957098835959568,13/35,27.20%
Peptidyl-Lysine Modification (GO:0018205),GO_Biological_Process_2025,0.8095644287762288,Upregulated,0.9572311937598208,9/76,8.19%
Signal Transduction Through IL1R WP4496,WikiPathways_2024_Human,0.8094630258817372,Upregulated,0.956959594599353,8/31,21.52%
Sulfur Amino Acid Metabolic Process (GO:0000096),GO_Biological_Process_2025,0.8094437298323606,Upregulated,0.9565343354527944,3/15,6.19%
WW Domain Binding (GO:0050699),GO_Molecular_Function_2025,0.8091766479136817,Upregulated,0.956571873039158,6/19,17.93%
DNA Modification (GO:0006304),GO_Biological_Process_2025,0.8081480809898861,Upregulated,0.958040981255266,8/16,29.28%
U5 snRNP (GO:0005682),GO_Cellular_Component_2025,0.8080269053319574,Upregulated,0.957788728790751,2/15,4.79%
Cardiac Epithelial to Mesenchymal Transition (GO:0060317),GO_Biological_Process_2025,0.8080226196603987,Upregulated,0.957332165515002,7/18,19.28%
Defective TPR May Confer Susceptibility Towards Thyroid Papillary Carcinoma (TPC) R-HSA-5619107,Reactome_2022,0.8078833366404574,Upregulated,0.957115968098052,8/29,24.63%
NADH Metabolic Process (GO:0006734),GO_Biological_Process_2025,0.8078810288479339,Upregulated,0.9566551685107793,4/24,8.17%
Calcium Channel Activity (GO:0005262),GO_Molecular_Function_2025,0.806417430222075,Upregulated,0.9588655967563064,32/80,29.91%
Cul4-RING E3 Ubiquitin Ligase Complex (GO:0080008),GO_Cellular_Component_2025,0.8063292709096529,Upregulated,0.9585735570570324,14/31,35.06%
Synaptic Vesicle Membrane (GO:0030672),GO_Cellular_Component_2025,0.8058850922370135,Upregulated,0.9589256321566284,11/60,12.82%
PPARA Activates Gene Expression R-HSA-1989781,Reactome_2022,0.8053846295765122,Upregulated,0.9593681090316754,16/107,13.97%
Negative Regulation of Protein Secretion (GO:0050709),GO_Biological_Process_2025,0.8053667089952463,Upregulated,0.9589414504259892,11/33,20.31%
Organelle Biogenesis And Maintenance R-HSA-1852241,Reactome_2022,0.8051690260233257,Upregulated,0.9588125345047004,82/267,29.28%
Mucin type O-glycan biosynthesis,KEGG_2021_Human,0.8051640062054485,Upregulated,0.9583553827448884,9/28,22.35%
Positive Regulation of Natural Killer Cell Mediated Immunity (GO:0002717),GO_Biological_Process_2025,0.8048406154797176,Upregulated,0.958458692639808,6/21,19.04%
Protein Targeting (GO:0006605),GO_Biological_Process_2025,0.8047220395311739,Upregulated,0.9582106056061452,22/124,16.83%
Gap-filling DNA Repair Synthesis And Ligation In TC-NER R-HSA-6782210,Reactome_2022,0.8046940383914334,Upregulated,0.9577979850342232,22/62,28.61%
Apoptosis Related Network Due To Altered Notch3 Ovarian Cancer WP2864,WikiPathways_2024_Human,0.8045105144207056,Upregulated,0.957681546474316,8/53,8.69%
"GPCR Sgnlng Pway, Coupled to Cyclic Nucleotide Second Messenger (GO:0007187)",GO_Biological_Process_2025,0.8043607518059298,Upregulated,0.9575088283812628,11/29,25.65%
Regulation of Blood Coagulation (GO:0030193),GO_Biological_Process_2025,0.804262645354988,Upregulated,0.9572310075013376,9/26,26.09%
Regulation of Meiotic Cell Cycle (GO:0051445),GO_Biological_Process_2025,0.8040116731253585,Upregulated,0.9572388693967194,2/18,6.20%
Cellular Senescence R-HSA-2559583,Reactome_2022,0.8038191019452078,Upregulated,0.9571353451972984,19/133,12.10%
Membrane Protein Ectodomain Proteolysis (GO:0006509),GO_Biological_Process_2025,0.8037849424334031,Upregulated,0.956734778017276,7/20,20.74%
Negative Regulation of Developmental Process (GO:0051093),GO_Biological_Process_2025,0.8032927651514407,Upregulated,0.9571664432594588,15/98,12.97%
Regulation of Toll-Like Receptor Signaling Pathway (GO:0034121),GO_Biological_Process_2025,0.8032619426912632,Upregulated,0.9567625248837716,2/24,2.42%
Negative Regulation of B Cell Activation (GO:0050869),GO_Biological_Process_2025,0.803199825979054,Upregulated,0.9564189157977412,7/18,27.33%
Cellular Response to UV (GO:0034644),GO_Biological_Process_2025,0.8029409581026427,Upregulated,0.9564312752693492,8/66,9.84%
Pancreatic Adenocarcinoma Pathway WP4263,WikiPathways_2024_Human,0.8026062283326243,Upregulated,0.956584819324454,12/86,13.84%
Negative Regulation of Proteolysis Involved in Protein Catabolic Process (GO:1903051),GO_Biological_Process_2025,0.8025487687863401,Upregulated,0.9562153795338508,4/24,10.82%
Negative Regulation of Oxidative Stress-Induced Intrinsic Apoptotic Signaling Pathway (GO:1902176),GO_Biological_Process_2025,0.8021928798676533,Upregulated,0.9564055887837288,3/22,5.02%
Cilium Organization (GO:0044782),GO_Biological_Process_2025,0.802012339168236,Upregulated,0.9562752883425906,70/221,30.58%
Metabolic Epileptic Disorders WP5355,WikiPathways_2024_Human,0.8018990120876458,Upregulated,0.95602231741359,23/81,24.81%
Macroautophagy R-HSA-1632852,Reactome_2022,0.8015137258827018,Upregulated,0.9562646531690328,15/106,11.97%
Sterol Binding (GO:0032934),GO_Molecular_Function_2025,0.8014630338730392,Upregulated,0.9558970732401292,19/60,25.95%
O-glycan Processing (GO:0016266),GO_Biological_Process_2025,0.8000394117209754,Upregulated,0.957983873508064,11/34,22.08%
miRNA Role In Immune Response In Sepsis WP4329,WikiPathways_2024_Human,0.7997115128361699,Upregulated,0.9581110009723046,13/35,30.87%
Synthesis Of Substrates In N-glycan Biosythesis R-HSA-446219,Reactome_2022,0.7996976985165001,Upregulated,0.9576822259955606,10/58,12.57%
Macroautophagy (GO:0016236),GO_Biological_Process_2025,0.7996889635798758,Upregulated,0.9572427664712928,25/150,16.92%
Regulation of Potassium Ion Transmembrane Transport (GO:1901379),GO_Biological_Process_2025,0.7996332779106183,Upregulated,0.9568760074341804,12/34,24.83%
Nuclear Envelope Breakdown R-HSA-2980766,Reactome_2022,0.79802792052386,Upregulated,0.9592410155397402,14/50,24.63%
Double-Stranded DNA Binding (GO:0003690),GO_Molecular_Function_2025,0.7980007041342224,Upregulated,0.9588313930971007,116/450,26.30%
mBDNF And proBDNF Regulation Of GABA Neurotransmission WP4829,WikiPathways_2024_Human,0.797989110778416,Upregulated,0.958397964973943,4/29,12.95%
Toll-like receptor signaling pathway,KEGG_2021_Human,0.7976122746072437,Upregulated,0.9585871871299492,11/85,8.71%
Regulation of Lymphocyte Activation (GO:0051249),GO_Biological_Process_2025,0.7967203678351342,Upregulated,0.9596513718982788,2/17,6.06%
Protein-protein Interactions At Synapses R-HSA-6794362,Reactome_2022,0.7966716807054556,Upregulated,0.9592767330774362,13/74,14.18%
Tube Closure (GO:0060606),GO_Biological_Process_2025,0.7965574414193012,Upregulated,0.95902974949423,4/28,9.19%
Regulation of Cytoplasmic Translation (GO:2000765),GO_Biological_Process_2025,0.7964814087343174,Upregulated,0.9587056757152328,3/24,5.88%
Signaling To RAS R-HSA-167044,Reactome_2022,0.796298725280322,Upregulated,0.9585773795661752,2/17,4.18%
Stress-Activated MAPK Cascade (GO:0051403),GO_Biological_Process_2025,0.7954565247796395,Upregulated,0.9595998035604726,5/15,22.88%
Intracellular Iron Ion Homeostasis (GO:0006879),GO_Biological_Process_2025,0.7953615844933165,Upregulated,0.959300433311811,7/52,12.49%
Toll-Like Receptor Signaling Pathway (GO:0002224),GO_Biological_Process_2025,0.79472413990172,Upregulated,0.959981796644362,5/32,9.95%
Intracellular Protein Transmembrane Transport (GO:0065002),GO_Biological_Process_2025,0.794572128511309,Upregulated,0.9597845683874132,6/22,21.06%
Positive Regulation of mRNA Catabolic Process (GO:0061014),GO_Biological_Process_2025,0.7944378032911845,Upregulated,0.959564681124198,6/46,9.56%
Metabolic Reprogramming In Colon Cancer WP4290,WikiPathways_2024_Human,0.7943811724096402,Upregulated,0.9591965738402533,4/39,9.21%
Regulation of T Cell Activation (GO:0050863),GO_Biological_Process_2025,0.7943454921856419,Upregulated,0.9587974317054232,15/60,22.45%
Protein export,KEGG_2021_Human,0.7941960634803146,Upregulated,0.9586100997763116,7/23,27.10%
Regulation of Rac Protein Signal Transduction (GO:0035020),GO_Biological_Process_2025,0.7939796878326177,Upregulated,0.9585491744451728,7/19,23.92%
Positive Regulation of Cytokine Production Involved in Immune Response (GO:0002720),GO_Biological_Process_2025,0.7937004529993877,Upregulated,0.9585607525458992,7/29,15.77%
Prostanoid Biosynthetic Process (GO:0046457),GO_Biological_Process_2025,0.7924545425456802,Upregulated,0.9602105300467008,5/16,20.40%
Parkinson disease,KEGG_2021_Human,0.7920926444918795,Upregulated,0.960385991304458,42/221,17.12%
Microvillus (GO:0005902),GO_Cellular_Component_2025,0.7920305005738165,Upregulated,0.960038627542976,15/50,25.95%
Glycosphingolipid Metabolic Process (GO:0006687),GO_Biological_Process_2025,0.7916688701605314,Upregulated,0.9601754124010196,10/34,24.34%
Regulation Of Lipid Metabolism By PPARalpha R-HSA-400206,Reactome_2022,0.7913411954068732,Upregulated,0.960293796458084,16/109,13.97%
NAD+ poly-ADP-ribosyltransferase Activity (GO:0003950),GO_Molecular_Function_2025,0.7892498364769965,Upregulated,0.9633987016952348,3/25,8.19%
Regulation of Biosynthetic Process (GO:0009889),GO_Biological_Process_2025,0.7888364627074139,Upregulated,0.9636732555224164,6/18,19.09%
Basal cell carcinoma,KEGG_2021_Human,0.7887147928914873,Upregulated,0.963436258947066,24/56,34.15%
N-acyltransferase Activity (GO:0016410),GO_Molecular_Function_2025,0.787769693218924,Upregulated,0.9645494546008186,6/26,14.52%
Protein Targeting to Membrane (GO:0006612),GO_Biological_Process_2025,0.7870766424732918,Upregulated,0.9652540883435792,12/57,19.01%
Apoptotic Mitochondrial Changes (GO:0008637),GO_Biological_Process_2025,0.7870147781239343,Upregulated,0.9648996685003788,11/31,31.08%
Positive Regulation of Nuclear Division (GO:0051785),GO_Biological_Process_2025,0.7869312159973463,Upregulated,0.9645787675446188,3/22,7.68%
Cilium (GO:0005929),GO_Cellular_Component_2025,0.7865014627075896,Upregulated,0.9648799040823296,102/366,28.63%
Positive Regulation of Cell-Matrix Adhesion (GO:0001954),GO_Biological_Process_2025,0.7858284279125125,Upregulated,0.965540604859398,9/40,15.44%
Nucleocytoplasmic Transport (GO:0006913),GO_Biological_Process_2025,0.7857180015323699,Upregulated,0.9652699674342534,14/45,24.60%
Ribonucleoside Triphosphate Phosphatase Activity (GO:0017111),GO_Molecular_Function_2025,0.7853230806700352,Upregulated,0.965481084244188,48/246,22.18%
Cellular Response to Insulin Stimulus (GO:0032869),GO_Biological_Process_2025,0.7851256407690216,Upregulated,0.9653568874513356,28/101,27.60%
Gene Silencing By RNA R-HSA-211000,Reactome_2022,0.784300819129127,Upregulated,0.9662643177022772,21/79,24.63%
Protein Polyubiquitination (GO:0000209),GO_Biological_Process_2025,0.7833861377507054,Upregulated,0.9672790020787814,22/212,8.69%
Dorsal/Ventral Pattern Formation (GO:0009953),GO_Biological_Process_2025,0.78324922484087,Upregulated,0.9670412455078784,11/21,31.37%
Regulation of Cardiac Muscle Cell Contraction (GO:0086004),GO_Biological_Process_2025,0.7828290136582908,Upregulated,0.9672320979937552,2/24,1.87%
Regulation of Non-Canonical NF-kappaB Signal Transduction (GO:1901222),GO_Biological_Process_2025,0.782681567691734,Upregulated,0.9670155319542294,9/68,9.46%
Positive Regulation of Protein Ubiquitination (GO:0031398),GO_Biological_Process_2025,0.7822033340643036,Upregulated,0.9672883525366816,19/66,24.83%
Anaphase-Promoting Complex-Dependent Catabolic Process (GO:0031145),GO_Biological_Process_2025,0.7812331750945358,Upregulated,0.9683939530459118,3/20,8.69%
Axonemal Dynein Complex Assembly (GO:0070286),GO_Biological_Process_2025,0.7809299243165011,Upregulated,0.9684092426554152,7/32,24.48%
GDP Binding (GO:0019003),GO_Molecular_Function_2025,0.7795801897690757,Upregulated,0.970089433728122,13/58,22.01%
Regulated Necrosis R-HSA-5218859,Reactome_2022,0.779187904549624,Upregulated,0.9702771229499032,6/50,7.68%
Methylated Histone Binding (GO:0035064),GO_Molecular_Function_2025,0.7772261830464094,Upregulated,0.9729570689709948,15/56,23.53%
Cellular Response to Starvation (GO:0009267),GO_Biological_Process_2025,0.7770676871909005,Upregulated,0.9727541980352676,24/130,18.03%
Negative Regulation of Lymphocyte Activation (GO:0051250),GO_Biological_Process_2025,0.7768731051911585,Upregulated,0.9726181331673152,5/23,15.97%
Negative Regulation of Fat Cell Differentiation (GO:0045599),GO_Biological_Process_2025,0.7763564494338022,Upregulated,0.972963939853655,13/29,31.00%
Amyloid Fiber Formation R-HSA-977225,Reactome_2022,0.7761827085784131,Upregulated,0.9727793911677112,9/46,15.06%
Dendritic Cell Differentiation (GO:0097028),GO_Biological_Process_2025,0.7755516398277453,Upregulated,0.9733119492789644,4/19,13.84%
Protein-Lysine N-methyltransferase Activity (GO:0016279),GO_Molecular_Function_2025,0.7753190706159319,Upregulated,0.973237163771017,11/48,17.53%
Positive Regulation by Host of Viral Process (GO:0044794),GO_Biological_Process_2025,0.7748459343318775,Upregulated,0.9735720298393754,7/16,31.14%
Adipocytokine signaling pathway,KEGG_2021_Human,0.7744623936760509,Upregulated,0.973699287535024,21/65,26.86%
Growth Hormone Receptor Signaling Pathway (GO:0060396),GO_Biological_Process_2025,0.7743985615543872,Upregulated,0.973345225366885,1/16,0.68%
Regulation of DNA Binding (GO:0051101),GO_Biological_Process_2025,0.7740298213919223,Upregulated,0.973464074065404,9/36,24.97%
Regulation of Intracellular Protein Transport (GO:0033157),GO_Biological_Process_2025,0.7730248902573877,Upregulated,0.974532333107466,4/35,7.00%
Glucagon signaling pathway,KEGG_2021_Human,0.7729649171100537,Upregulated,0.974166793379332,19/88,19.81%
Regulation of Fatty Acid Metabolic Process (GO:0019217),GO_Biological_Process_2025,0.7726814961118993,Upregulated,0.9741936652841054,4/15,18.41%
"Negative Regulation of DNA-templated Transcription, Elongation (GO:0032785)",GO_Biological_Process_2025,0.7721969524708842,Upregulated,0.9744819058140692,2/17,9.40%
piRNA Processing (GO:0034587),GO_Biological_Process_2025,0.7720453545532868,Upregulated,0.9742692732852442,6/15,20.73%
Extracellular Vesicle Mediated Signaling In Recipient Cells WP2870,WikiPathways_2024_Human,0.769790115735201,Upregulated,0.9772739837306496,7/28,17.86%
Regulation of Metal Ion Transport (GO:0010959),GO_Biological_Process_2025,0.7695723409212661,Upregulated,0.9771674572918458,9/33,21.07%
RNA Cap Binding (GO:0000339),GO_Molecular_Function_2025,0.7692793241470137,Upregulated,0.9771626049762484,3/16,13.99%
Response to cAMP (GO:0051591),GO_Biological_Process_2025,0.7670810177012339,Upregulated,0.9800093159047666,6/36,11.50%
Mitochondrial Calcium Ion Transmembrane Transport (GO:0006851),GO_Biological_Process_2025,0.7670307303741988,Upregulated,0.9796302590460744,4/18,12.91%
Regulation of Cell-Matrix Adhesion (GO:0001952),GO_Biological_Process_2025,0.7664093630750204,Upregulated,0.980139404627472,21/61,27.74%
Fat digestion and absorption,KEGG_2021_Human,0.7654515651836477,Upregulated,0.9810695353046752,6/31,16.07%
mRNA 3'-UTR AU-rich Region Binding (GO:0035925),GO_Molecular_Function_2025,0.7649619182276804,Upregulated,0.9813299561656252,3/25,9.56%
Regulation of Monoatomic Ion Transmembrane Transporter Activity (GO:0032412),GO_Biological_Process_2025,0.7640078790643389,Upregulated,0.9822368312037992,13/33,29.86%
Activated NOTCH1 Transmits Signal To Nucleus R-HSA-2122948,Reactome_2022,0.763980743942361,Upregulated,0.981821886666267,14/30,28.43%
Regulation of Keratinocyte Differentiation (GO:0045616),GO_Biological_Process_2025,0.7638151368404885,Upregulated,0.9816212356402784,5/23,15.20%
Positive Regulation of Cell Development (GO:0010720),GO_Biological_Process_2025,0.7624775753890132,Upregulated,0.9831308714340612,4/26,11.96%
Solute:Proton Symporter Activity (GO:0015295),GO_Molecular_Function_2025,0.7621350661332411,Upregulated,0.9831899067224354,4/18,14.86%
Death Receptor Signaling R-HSA-73887,Reactome_2022,0.76193993595261,Upregulated,0.9830162489422294,14/131,11.41%
Neovascularization Processes WP4331,WikiPathways_2024_Human,0.7617565640612636,Upregulated,0.982840374180176,6/35,12.56%
3'-UTR-mediated mRNA Destabilization (GO:0061158),GO_Biological_Process_2025,0.7615151177372261,Upregulated,0.982749791213338,3/17,9.56%
Signaling By ERBB2 ECD Mutants R-HSA-9665348,Reactome_2022,0.7612755953264891,Upregulated,0.9826418775984204,2/15,7.65%
Axoneme Assembly (GO:0035082),GO_Biological_Process_2025,0.7607887056815354,Upregulated,0.9829158070808508,17/39,39.57%
Early SARS-CoV-2 Infection Events R-HSA-9772572,Reactome_2022,0.7605166964194827,Upregulated,0.9828779035331096,6/30,15.50%
Pathways of neurodegeneration,KEGG_2021_Human,0.760307500141093,Upregulated,0.9827210716789,112/423,25.90%
Positive Regulation of Catalytic Activity (GO:0043085),GO_Biological_Process_2025,0.7590896354373793,Upregulated,0.9839778544505394,8/26,24.05%
Acylglycerol Metabolic Process (GO:0006639),GO_Biological_Process_2025,0.7576096762255894,Upregulated,0.985604656082613,14/36,26.09%
Neuroinflammation And Glutamatergic Signaling WP5083,WikiPathways_2024_Human,0.7570685815064472,Upregulated,0.985915278024302,44/129,29.47%
TROP2 Regulatory Signaling WP5300,WikiPathways_2024_Human,0.7570577169332913,Upregulated,0.9854784289089804,9/43,17.18%
Regulation of Execution Phase of Apoptosis (GO:1900117),GO_Biological_Process_2025,0.7565287121824112,Upregulated,0.9857517579121268,4/15,19.31%
Epithelial Tube Morphogenesis (GO:0060562),GO_Biological_Process_2025,0.7564648094092826,Upregulated,0.985392635251668,5/32,10.22%
DNA Replication Checkpoint Signaling (GO:0000076),GO_Biological_Process_2025,0.7551071243756899,Upregulated,0.9867920853032198,9/19,35.02%
Cellular Response to pH (GO:0071467),GO_Biological_Process_2025,0.7543902814660618,Upregulated,0.9873329961462368,3/15,6.44%
Regulation of JNK Cascade (GO:0046328),GO_Biological_Process_2025,0.7541396328282337,Upregulated,0.9872247597910372,23/104,21.21%
DNA Polymerase Activity (GO:0034061),GO_Molecular_Function_2025,0.7540705474567337,Upregulated,0.986868767803148,6/19,20.45%
Regulation of JUN Kinase Activity (GO:0043506),GO_Biological_Process_2025,0.7539655015085872,Upregulated,0.9865709073836844,8/33,18.94%
Regulation of Granulocyte Chemotaxis (GO:0071622),GO_Biological_Process_2025,0.7534316796200419,Upregulated,0.9868444361265172,7/18,23.32%
Phosphorylation Of APC/C R-HSA-176412,Reactome_2022,0.7529624128822617,Upregulated,0.987035995882224,3/19,8.69%
beta-Alanine metabolism,KEGG_2021_Human,0.7528921877495288,Upregulated,0.9866803469276416,3/27,9.24%
Transcription by RNA Polymerase III (GO:0006383),GO_Biological_Process_2025,0.752374544363773,Upregulated,0.9869141992860618,3/30,5.51%
Astrocyte Development (GO:0014002),GO_Biological_Process_2025,0.7520112412118005,Upregulated,0.9869610827007828,7/15,28.61%
ERCC6 (CSB) And EHMT2 (G9a) Positively Regulate rRNA Expression R-HSA-427389,Reactome_2022,0.751736683478514,Upregulated,0.9868781166799752,8/24,26.96%
Establishment of Protein Localization to Plasma Membrane (GO:0061951),GO_Biological_Process_2025,0.7514566962787464,Upregulated,0.9868222733043676,12/41,23.38%
Negative Regulation of Nucleocytoplasmic Transport (GO:0046823),GO_Biological_Process_2025,0.7513354074534434,Upregulated,0.986533354821592,3/17,6.44%
Dopaminergic synapse,KEGG_2021_Human,0.7513203401142544,Upregulated,0.9861052789327648,25/111,21.74%
Regulation of Dendritic Spine Morphogenesis (GO:0061001),GO_Biological_Process_2025,0.7511863026922401,Upregulated,0.9858435680103814,12/30,29.36%
Microtubule Nucleation (GO:0007020),GO_Biological_Process_2025,0.7504144099161597,Upregulated,0.9864425065854308,5/25,18.93%
Protein Targeting to ER (GO:0045047),GO_Biological_Process_2025,0.7500778824259396,Upregulated,0.9864409592664378,5/23,17.80%
Kinase Inhibitor Activity (GO:0019210),GO_Molecular_Function_2025,0.7499381088472403,Upregulated,0.9861817979669192,16/36,33.60%
Markers Of Kidney Cell Lineage WP5236,WikiPathways_2024_Human,0.7494038462016793,Upregulated,0.9864421669958104,7/48,12.69%
Phosphatase Binding (GO:0019902),GO_Molecular_Function_2025,0.749348926385843,Upregulated,0.9860746635555898,14/109,13.01%
TYROBP Causal Network In Microglia WP3945,WikiPathways_2024_Human,0.7490431658727696,Upregulated,0.9860264394520224,8/56,12.80%
Protein Serine/Threonine/Tyrosine Kinase Activity (GO:0004712),GO_Molecular_Function_2025,0.7481379167089341,Upregulated,0.986765312266665,4/26,10.75%
Negative Regulation of Interleukin-1 Production (GO:0032692),GO_Biological_Process_2025,0.7477661171681584,Upregulated,0.9868229079072564,5/20,18.94%
Regulation of Microtubule Nucleation (GO:0010968),GO_Biological_Process_2025,0.7473276402791056,Upregulated,0.9869541342307416,2/18,4.21%
Cushing syndrome,KEGG_2021_Human,0.7472370095573334,Upregulated,0.9866242504469028,33/136,23.80%
Phagocytic Vesicle (GO:0045335),GO_Cellular_Component_2025,0.7464769916472094,Upregulated,0.9871987029472592,19/94,20.65%
Mitochondrial Outer Membrane Translocase Complex (GO:0005742),GO_Cellular_Component_2025,0.7463845111094709,Upregulated,0.9868713429155536,3/18,8.21%
Negative Regulation of Insulin Secretion (GO:0046676),GO_Biological_Process_2025,0.7462213287497431,Upregulated,0.986640010108876,6/15,25.31%
Anaphase-Promoting Complex (GO:0005680),GO_Cellular_Component_2025,0.7461389112690543,Upregulated,0.9863085306820828,9/20,32.62%
Regulation of TOR Signaling (GO:0032006),GO_Biological_Process_2025,0.745695765930307,Upregulated,0.9864236929144816,13/77,17.31%
Dicarboxylic Acid Metabolic Process (GO:0043648),GO_Biological_Process_2025,0.7456348734181991,Upregulated,0.9860657953744744,8/50,9.93%
Intracellular Glucose Homeostasis (GO:0001678),GO_Biological_Process_2025,0.7451534246907843,Upregulated,0.986248941772044,13/44,21.74%
Macrophage Activation (GO:0042116),GO_Biological_Process_2025,0.7439581284324227,Upregulated,0.9873268938899884,4/31,9.86%
UDP-galactosyltransferase Activity (GO:0035250),GO_Molecular_Function_2025,0.7434015555647693,Upregulated,0.9875834334135744,5/21,14.02%
Germ Plasm (GO:0060293),GO_Cellular_Component_2025,0.7427611806463602,Upregulated,0.9879731874942544,6/16,20.73%
Cytokine Receptor Activity (GO:0004896),GO_Molecular_Function_2025,0.7416502811751767,Upregulated,0.9889283162837376,11/78,13.46%
"Positive Regulation of Synaptic Transmission, Glutamatergic (GO:0051968)",GO_Biological_Process_2025,0.741619179918707,Upregulated,0.988536151346547,6/18,22.97%
TRAF6-mediated Induction Of TAK1 Complex Within TLR4 Complex R-HSA-937072,Reactome_2022,0.7412621857847596,Upregulated,0.9885282528164846,3/15,9.95%
Estrogen Signaling WP712,WikiPathways_2024_Human,0.7409043874989206,Upregulated,0.9885439821636416,4/22,10.91%
RHO GTPase Effectors R-HSA-195258,Reactome_2022,0.7403724881455409,Upregulated,0.9887671570459656,40/237,17.94%
Rev-mediated Nuclear Export Of HIV RNA R-HSA-165054,Reactome_2022,0.7401915290680628,Upregulated,0.9885556676797276,8/32,24.63%
Cellular Response to Peptide Hormone Stimulus (GO:0071375),GO_Biological_Process_2025,0.7401859639138226,Upregulated,0.9881189199647756,18/82,19.44%
Sulfur Amino Acid Metabolism R-HSA-1614635,Reactome_2022,0.7400186165219447,Upregulated,0.9878881985690536,6/20,21.49%
Nucleoside Phosphate Catabolic Process (GO:1901292),GO_Biological_Process_2025,0.7391256538876899,Upregulated,0.9885663953742838,7/17,26.54%
Voltage-Gated Monoatomic Cation Channel Activity (GO:0022843),GO_Molecular_Function_2025,0.7387303003623703,Upregulated,0.9886187526946758,18/57,26.69%
Negative Regulation of TORC1 Signaling (GO:1904262),GO_Biological_Process_2025,0.7380642888116451,Upregulated,0.989014226168061,5/45,7.16%
4P16 3 Copy Number Variation WP5365,WikiPathways_2024_Human,0.7370705145790092,Upregulated,0.9897731896203346,3/29,7.49%
Phosphatase Activator Activity (GO:0019211),GO_Molecular_Function_2025,0.7365591050320854,Upregulated,0.9899471914918088,3/20,7.00%
Regulation of Smoothened Signaling Pathway (GO:0008589),GO_Biological_Process_2025,0.7364285956108667,Upregulated,0.9896700122880056,14/51,20.49%
Endocytic Recycling (GO:0032456),GO_Biological_Process_2025,0.73558693233283,Upregulated,0.9902612051455036,9/64,16.46%
Methylation-Dependent Protein Binding (GO:0140034),GO_Molecular_Function_2025,0.7352641029471861,Upregulated,0.990220998692932,15/58,23.53%
Carbohydrate Derivative Biosynthetic Process (GO:1901137),GO_Biological_Process_2025,0.7352141084924833,Upregulated,0.9898428206430736,13/42,28.23%
Inflammasomes R-HSA-622312,Reactome_2022,0.7350717906707595,Upregulated,0.9895696469436676,8/21,31.22%
Kleefstra Syndrome WP5351,WikiPathways_2024_Human,0.7349305761163151,Upregulated,0.9893136411052562,4/26,13.01%
Metabolism Of Porphyrins R-HSA-189445,Reactome_2022,0.7349158969516787,Upregulated,0.9888921622799208,7/27,17.27%
Aldosterone synthesis and secretion,KEGG_2021_Human,0.7347392410567612,Upregulated,0.988661281833874,22/86,23.59%
Endosome Organization (GO:0007032),GO_Biological_Process_2025,0.7340107012847735,Upregulated,0.9890932066896316,17/50,30.94%
Nephrogenesis WP5052,WikiPathways_2024_Human,0.7338865153998002,Upregulated,0.9888125297875926,8/16,37.85%
Bile Acid Metabolic Process (GO:0008206),GO_Biological_Process_2025,0.7333547137959259,Upregulated,0.9890041439521166,9/25,29.10%
Skeletal Muscle Organ Development (GO:0060538),GO_Biological_Process_2025,0.7328240143255143,Upregulated,0.9891821612680822,14/28,35.99%
Purine Nucleotide Biosynthetic Process (GO:0006164),GO_Biological_Process_2025,0.7319732214316061,Upregulated,0.9897722084422828,3/19,11.23%
Pyroptotic Inflammatory Response (GO:0070269),GO_Biological_Process_2025,0.7315758276230944,Upregulated,0.9898217162961668,4/22,16.98%
Regulation of Stress-Activated MAPK Cascade (GO:0032872),GO_Biological_Process_2025,0.7310964515776697,Upregulated,0.9899497134998688,8/29,24.29%
mRNA Decay By 3 To 5 Exoribonuclease R-HSA-429958,Reactome_2022,0.7307051076409495,Upregulated,0.9899573601296956,1/15,0.60%
Diacylglycerol Metabolic Process (GO:0046339),GO_Biological_Process_2025,0.7306622303197627,Upregulated,0.9895703855793884,5/22,19.34%
Genetic Causes Of Porto Sinusoidal Vascular Disease WP5269,WikiPathways_2024_Human,0.7300593552392837,Upregulated,0.989837582595265,5/34,11.18%
Phosphatidylinositol-Mediated Signaling (GO:0048015),GO_Biological_Process_2025,0.7296867428308927,Upregulated,0.9898364734389564,2/23,2.20%
Positive Regulation of Hydrolase Activity (GO:0051345),GO_Biological_Process_2025,0.7293622929374883,Upregulated,0.9897669444370554,18/89,21.65%
Organophosphate Catabolic Process (GO:0046434),GO_Biological_Process_2025,0.7289461207928045,Upregulated,0.9898071311371752,3/15,10.16%
"Retrograde Transport, Endosome to Golgi (GO:0042147)",GO_Biological_Process_2025,0.7287218528822259,Upregulated,0.9896315086158992,3/86,1.03%
Kinetochore Microtubule (GO:0005828),GO_Cellular_Component_2025,0.7285541335352522,Upregulated,0.9894048899362268,4/16,17.94%
Negative Regulation of TOR Signaling (GO:0032007),GO_Biological_Process_2025,0.7265969120925452,Upregulated,0.9912018930490312,6/65,7.16%
T Cell Modulation In Pancreatic Cancer WP5078,WikiPathways_2024_Human,0.725640557924027,Upregulated,0.9918592285863392,13/45,24.13%
Nucleobase-Containing Compound Kinase Activity (GO:0019205),GO_Molecular_Function_2025,0.7256285678712597,Upregulated,0.9914321632465216,6/18,24.09%
KCNQ2 Related Epilepsies WP5360,WikiPathways_2024_Human,0.7248494143841547,Upregulated,0.9918651356958916,6/17,21.74%
Regulatory ncRNA-mediated Gene Silencing (GO:0031047),GO_Biological_Process_2025,0.7247545173946055,Upregulated,0.9915302392547496,7/31,18.66%
Regulation of Receptor Signaling Pathway via JAK-STAT (GO:0046425),GO_Biological_Process_2025,0.724652338873674,Upregulated,0.9912070605838224,11/43,25.49%
Voltage-Gated Calcium Channel Complex (GO:0005891),GO_Cellular_Component_2025,0.7238007936017485,Upregulated,0.9917529620497004,12/33,26.39%
Synthesis Of Leukotrienes (LT) And Eoxins (EX) R-HSA-2142691,Reactome_2022,0.722907632049609,Upregulated,0.992303326014098,4/17,14.55%
Negative Regulation of JNK Cascade (GO:0046329),GO_Biological_Process_2025,0.7220806337005928,Upregulated,0.9927809632691792,7/29,18.94%
Autophagy,KEGG_2021_Human,0.7216686712047423,Upregulated,0.992809345140933,25/128,19.99%
Glycosphingolipid Metabolism WP5292,WikiPathways_2024_Human,0.7215385167891065,Upregulated,0.9925243028657303,9/20,34.76%
Positive Regulation of Erythrocyte Differentiation (GO:0045648),GO_Biological_Process_2025,0.721310075691796,Upregulated,0.9923200106078488,5/24,13.51%
Positive Regulation of Response to Stimulus (GO:0048584),GO_Biological_Process_2025,0.7194614791418307,Upregulated,0.9938469927743396,4/78,1.44%
Voltage Gated Potassium Channels R-HSA-1296072,Reactome_2022,0.7182227220136779,Upregulated,0.9947531089107022,11/32,27.48%
Amyotrophic lateral sclerosis,KEGG_2021_Human,0.7181846224865864,Upregulated,0.994363430345152,83/323,26.47%
Cardiac Progenitor Differentiation WP2406,WikiPathways_2024_Human,0.7180241367321752,Upregulated,0.9940881863968252,8/45,18.95%
Peptidase Activator Activity (GO:0016504),GO_Molecular_Function_2025,0.717924375801246,Upregulated,0.9937590056879344,7/31,20.16%
Autophagosome Membrane (GO:0000421),GO_Cellular_Component_2025,0.7156435549740272,Upregulated,0.9957046337309786,4/31,9.30%
trans-Golgi Network Vesicle Budding R-HSA-199992,Reactome_2022,0.7153813546169471,Upregulated,0.9955434825662468,19/68,24.37%
Cellular Response to Interleukin-1 (GO:0071347),GO_Biological_Process_2025,0.7152223036358452,Upregulated,0.9952791767305762,12/51,20.21%
Sialic Acid Metabolism R-HSA-4085001,Reactome_2022,0.7151830248421525,Upregulated,0.9948763005806822,8/28,18.94%
Nuclear Events Stimulated By ALK Signaling In Cancer R-HSA-9725371,Reactome_2022,0.7142042096121776,Upregulated,0.9954702984190714,2/17,8.26%
Response to Insulin (GO:0032868),GO_Biological_Process_2025,0.7139660548874106,Upregulated,0.9952921507700372,27/75,32.02%
Magnesium Ion Binding (GO:0000287),GO_Molecular_Function_2025,0.7136559514802359,Upregulated,0.9951666612569336,26/150,18.66%
Muscle Cell Differentiation (GO:0042692),GO_Biological_Process_2025,0.7134466978749338,Upregulated,0.9949559566273284,9/29,23.67%
BMP Signaling In Eyelid Development WP3927,WikiPathways_2024_Human,0.7126175330545285,Upregulated,0.995381321360114,9/19,36.13%
Trafficking Of GluR2-containing AMPA Receptors R-HSA-416993,Reactome_2022,0.7109490007155335,Upregulated,0.9965973315145004,7/17,26.47%
Innate Immune Response-Activating Signaling Pathway (GO:0002758),GO_Biological_Process_2025,0.7108777009860513,Upregulated,0.9962339493076928,7/16,31.22%
Huntington disease,KEGG_2021_Human,0.7097948412186438,Upregulated,0.9969080698216896,70/271,26.47%
GPI Anchor Metabolic Process (GO:0006505),GO_Biological_Process_2025,0.7096816550689579,Upregulated,0.9961488505373884,8/25,27.23%
GPI Anchor Biosynthetic Process (GO:0006506),GO_Biological_Process_2025,0.7096816550689579,Upregulated,0.9961488505373884,8/25,27.23%
Extracellular Matrix Disassembly (GO:0022617),GO_Biological_Process_2025,0.7096338225160461,Upregulated,0.9957622110622154,15/34,32.68%
Reg of Endoplasmic Reticulum Stress-Induced Intrinsic Apoptotic Sgnlng Pway (GO:1902235),GO_Biological_Process_2025,0.7091780260108587,Upregulated,0.995767559807469,7/25,19.31%
Sodium Channel Regulator Activity (GO:0017080),GO_Molecular_Function_2025,0.7089737392994419,Upregulated,0.9955288405104676,5/31,11.57%
Protein Branched Polyubiquitination (GO:0141198),GO_Biological_Process_2025,0.7080443645519718,Upregulated,0.9960079160099272,2/17,6.20%
Positive Regulation of Fatty Acid Metabolic Process (GO:0045923),GO_Biological_Process_2025,0.7080029123908208,Upregulated,0.9956084867441564,5/16,19.00%
Extrinsic Component of Cytoplasmic Side of Plasma Membrane (GO:0031234),GO_Cellular_Component_2025,0.7069394145907196,Upregulated,0.9962294498892702,4/40,8.91%
Natural Killer Cell Mediated Cytotoxicity (GO:0042267),GO_Biological_Process_2025,0.7066936535623536,Upregulated,0.9960232303883508,6/27,15.78%
Regulation of Intracellular Transport (GO:0032386),GO_Biological_Process_2025,0.7066657376319515,Upregulated,0.9956179377071168,11/46,23.90%
L-alpha-amino Acid Transmembrane Transport (GO:1902475),GO_Biological_Process_2025,0.7066223010109164,Upregulated,0.9952212499270228,10/37,22.94%
Acute Viral Myocarditis WP4298,WikiPathways_2024_Human,0.7054386181381501,Upregulated,0.995937277930351,19/81,24.83%
Aminopeptidase Activity (GO:0004177),GO_Molecular_Function_2025,0.704201658562742,Upregulated,0.9967160153921276,5/24,13.17%
Palmitoyltransferase Activity (GO:0016409),GO_Molecular_Function_2025,0.7038321397390263,Upregulated,0.9966358943639756,2/23,7.88%
Positive Regulation of ATP Metabolic Process (GO:1903580),GO_Biological_Process_2025,0.7027407677203334,Upregulated,0.9972474058327816,3/25,7.87%
Positive Regulation of Carbohydrate Metabolic Process (GO:0045913),GO_Biological_Process_2025,0.7018627161988521,Upregulated,0.9976510443436803,3/31,3.77%
Acylglycerol Homeostasis (GO:0055090),GO_Biological_Process_2025,0.701330974597576,Upregulated,0.997698563432724,1/19,0.11%
Serotonin And Anxiety WP3947,WikiPathways_2024_Human,0.7013174940284205,Upregulated,0.997279741863572,4/15,22.21%
Glycerophospholipid Biosynthetic Process (GO:0046474),GO_Biological_Process_2025,0.7012687011609717,Upregulated,0.996890438429734,11/106,10.60%
NAD Metabolism WP3644,WikiPathways_2024_Human,0.6993982114952336,Upregulated,0.9982070133067636,2/16,8.19%
Endoplasmic Reticulum Calcium Ion Homeostasis (GO:0032469),GO_Biological_Process_2025,0.6982395244156463,Upregulated,0.9988427663437984,5/18,20.10%
Natural Killer Cell Mediated Immunity (GO:0002228),GO_Biological_Process_2025,0.697704606194481,Upregulated,0.998909076599746,6/28,15.78%
Positive Regulation of Intracellular Transport (GO:0032388),GO_Biological_Process_2025,0.6964197428312635,Upregulated,0.9996577777514866,5/47,7.39%
Membrane Raft Organization (GO:0031579),GO_Biological_Process_2025,0.6960241375594274,Upregulated,0.9995573351027092,7/16,32.63%
Positive Regulation of Osteoblast Differentiation (GO:0045669),GO_Biological_Process_2025,0.6945949315942519,Upregulated,1.0,7/47,11.54%
Positive Regulation of Leukocyte Cell-Cell Adhesion (GO:1903039),GO_Biological_Process_2025,0.6929859934983641,Upregulated,1.0,12/42,22.71%
Nonhomologous End-Joining (NHEJ) R-HSA-5693571,Reactome_2022,0.691962484598834,Upregulated,1.0,8/37,17.98%
mRNA Transcription by RNA Polymerase II (GO:0042789),GO_Biological_Process_2025,0.6918452830934054,Upregulated,1.0,5/37,10.05%
Nuclear Transport (GO:0051169),GO_Biological_Process_2025,0.6906259947223113,Upregulated,1.0,9/33,24.60%
Establishment of Protein Localization to Vacuole (GO:0072666),GO_Biological_Process_2025,0.6903433361678896,Upregulated,1.0,2/21,3.97%
Regulation of Transmembrane Transport (GO:0034762),GO_Biological_Process_2025,0.6896338836441052,Upregulated,1.0,3/22,8.28%
Negative Regulation of Interleukin-2 Production (GO:0032703),GO_Biological_Process_2025,0.6892713589619397,Upregulated,1.0,10/21,34.13%
Tubulin Binding (GO:0015631),GO_Molecular_Function_2025,0.6892682676659245,Upregulated,1.0,75/300,25.99%
Type II Diabetes Mellitus WP1584,WikiPathways_2024_Human,0.6878767513754526,Upregulated,1.0,5/18,25.43%
Multivesicular Body Assembly (GO:0036258),GO_Biological_Process_2025,0.6875907742267481,Upregulated,1.0,3/26,8.96%
Protein Ubiquitination R-HSA-8852135,Reactome_2022,0.6872995888716311,Upregulated,1.0,8/64,10.24%
Positive Regulation of Response to Endoplasmic Reticulum Stress (GO:1905898),GO_Biological_Process_2025,0.6871825050217217,Upregulated,1.0,7/26,19.31%
Macromolecule Methylation (GO:0043414),GO_Biological_Process_2025,0.6870660405539755,Upregulated,1.0,6/21,21.01%
Ionotropic Glutamate Receptor Signaling Pathway (GO:0035235),GO_Biological_Process_2025,0.6862996521783071,Upregulated,1.0,9/15,40.78%
Excitatory Postsynaptic Potential (GO:0060079),GO_Biological_Process_2025,0.6861351453808587,Upregulated,1.0,7/17,29.14%
Inactivation Of APC/C Via Direct Inhibition Of APC/C Complex R-HSA-141430,Reactome_2022,0.6855792841018022,Upregulated,1.0,3/20,8.69%
Neutral Amino Acid Transport (GO:0015804),GO_Biological_Process_2025,0.6851389304276895,Upregulated,1.0,12/33,30.88%
Negative Regulation of Tumor Necrosis Factor-Mediated Signaling Pathway (GO:0010804),GO_Biological_Process_2025,0.6851308547222468,Upregulated,1.0,6/15,24.11%
Interleukin-1-Mediated Signaling Pathway (GO:0070498),GO_Biological_Process_2025,0.6831784083356855,Upregulated,1.0,2/19,9.95%
Anterograde Axonal Transport (GO:0008089),GO_Biological_Process_2025,0.6829877374431078,Upregulated,1.0,3/36,4.92%
Arachidonic Acid Metabolism R-HSA-2142753,Reactome_2022,0.6823326226631681,Upregulated,1.0,9/46,14.55%
Steroid biosynthesis,KEGG_2021_Human,0.6818709877984105,Upregulated,1.0,3/18,15.20%
Positive Regulation of Biomineral Tissue Development (GO:0070169),GO_Biological_Process_2025,0.681276863118956,Upregulated,1.0,12/40,23.76%
Positive Regulation of Cell Cycle (GO:0045787),GO_Biological_Process_2025,0.6802077481794983,Upregulated,1.0,12/56,21.74%
Signaling By KIT In Disease R-HSA-9669938,Reactome_2022,0.6801070321662435,Upregulated,1.0,6/19,29.40%
Regulation of Cytosolic Calcium Ion Concentration (GO:0051480),GO_Biological_Process_2025,0.6799890658697747,Upregulated,1.0,11/30,27.02%
Thyroid cancer,KEGG_2021_Human,0.6793067626800849,Upregulated,1.0,5/36,13.42%
Voltage-Gated Potassium Channel Activity (GO:0005249),GO_Molecular_Function_2025,0.6770839072549993,Upregulated,1.0,8/56,10.09%
Regulation of Mitochondrial Fission (GO:0090140),GO_Biological_Process_2025,0.6766037987215383,Upregulated,1.0,4/25,10.22%
PI3K AKT mTOR Vitamin D3 Signaling WP4141,WikiPathways_2024_Human,0.6760308617209315,Upregulated,1.0,2/18,8.15%
Colorectal cancer,KEGG_2021_Human,0.6759332553421373,Upregulated,1.0,11/85,13.84%
N-methyltransferase Activity (GO:0008170),GO_Molecular_Function_2025,0.675494742320233,Upregulated,1.0,6/22,22.95%
Alpha-Ketoacid Dehydrogenase Complex (GO:0045240),GO_Cellular_Component_2025,0.6747771467901305,Upregulated,1.0,2/16,6.62%
Regulatory ncRNA Processing (GO:0070918),GO_Biological_Process_2025,0.6747195767108691,Upregulated,1.0,8/31,20.73%
Protein Methylation R-HSA-8876725,Reactome_2022,0.6743033383966959,Upregulated,1.0,4/15,15.60%
Lysosomal Transport (GO:0007041),GO_Biological_Process_2025,0.6736872551276247,Upregulated,1.0,16/64,24.59%
Endoplasmic Reticulum to Golgi Vesicle-Mediated Transport (GO:0006888),GO_Biological_Process_2025,0.6733668685321692,Upregulated,1.0,34/104,32.06%
Voltage-Gated Calcium Channel Activity (GO:0005245),GO_Molecular_Function_2025,0.6733645934923194,Upregulated,1.0,11/30,26.39%
Amino Acid Transport Across Plasma Membrane R-HSA-352230,Reactome_2022,0.6729450603141457,Upregulated,1.0,12/30,30.88%
Antigen Processing and Presentation of Exogenous Peptide Antigen (GO:0002478),GO_Biological_Process_2025,0.6728441843947242,Upregulated,1.0,5/22,21.48%
Negative Regulation of Biomineral Tissue Development (GO:0070168),GO_Biological_Process_2025,0.6725703830417479,Upregulated,1.0,8/20,28.45%
Perturbations Host Cell Autophagy Induced By SARS CoV 2 Prots WP4936,WikiPathways_2024_Human,0.6725325020428365,Upregulated,1.0,4/43,6.21%
Glutamine Family Amino Acid Metabolic Process (GO:0009064),GO_Biological_Process_2025,0.6722458795565497,Upregulated,1.0,5/20,19.26%
Activation Of HOX Genes During Differentiation R-HSA-5619507,Reactome_2022,0.6721606507301908,Upregulated,0.9997294088435578,15/66,24.64%
Fructose and mannose metabolism,KEGG_2021_Human,0.670416992715413,Upregulated,1.0,10/31,27.88%
FGFR2 Mutant Receptor Activation R-HSA-1839126,Reactome_2022,0.6699251567658144,Upregulated,1.0,3/27,6.40%
Sperm Flagellum (GO:0036126),GO_Cellular_Component_2025,0.6694256087295613,Upregulated,1.0,31/98,33.88%
Positive Regulation of Intracellular Protein Transport (GO:0090316),GO_Biological_Process_2025,0.6694196161643857,Upregulated,1.0,16/66,23.39%
Mammary Gland Development Pregnancy And Lactation Stage 3 Of 4 WP2817,WikiPathways_2024_Human,0.6689860148898548,Upregulated,0.9999013652741664,8/32,25.54%
Regulation of Monoatomic Cation Transmembrane Transport (GO:1904062),GO_Biological_Process_2025,0.6688009014379895,Upregulated,0.9996132420422176,5/37,9.52%
IL9 Signaling WP22,WikiPathways_2024_Human,0.6681117079757842,Upregulated,0.999689015712956,16/16,77.05%
Negative Regulation of ERBB Signaling Pathway (GO:1901185),GO_Biological_Process_2025,0.6666861892131787,Upregulated,1.0,20/20,78.17%
Actin Filament Polymerization (GO:0030041),GO_Biological_Process_2025,0.6663432323190415,Upregulated,1.0,2/24,4.89%
15Q13 3 Copy Number Variation Syndrome WP4942,WikiPathways_2024_Human,0.666126777477482,Upregulated,0.9997716955006204,6/19,26.36%
Negative Regulation of Protein Binding (GO:0032091),GO_Biological_Process_2025,0.6648136548043331,Upregulated,1.0,13/45,23.71%
Ribosomal Small Subunit Binding (GO:0043024),GO_Molecular_Function_2025,0.664622516475628,Upregulated,0.9999835724119632,2/17,6.43%
protein-DNA Complex Disassembly (GO:0032986),GO_Biological_Process_2025,0.6645370820718576,Upregulated,0.9996205918943756,3/18,13.01%
RHOH GTPase Cycle R-HSA-9013407,Reactome_2022,0.6643671794144792,Upregulated,0.9993041039510568,6/35,14.66%
Lipid Transport (GO:0006869),GO_Biological_Process_2025,0.6637587229538144,Upregulated,0.999296143792684,25/91,26.46%
Regulation of Exosomal Secretion (GO:1903541),GO_Biological_Process_2025,0.6631176994633282,Upregulated,0.9993074485019754,5/16,23.39%
Positive Regulation of Mitochondrial Fission (GO:0090141),GO_Biological_Process_2025,0.662522040067587,Upregulated,0.9992918662827862,3/18,10.22%
"3',5'-Cyclic-Nucleotide Phosphodiesterase Activity (GO:0004114)",GO_Molecular_Function_2025,0.6623230418941173,Upregulated,0.9990167130492345,4/15,18.21%
TP53 Regulates Metabolic Genes R-HSA-5628897,Reactome_2022,0.6604421838811487,Upregulated,0.9998359404676904,9/80,11.56%
BBSome-mediated Cargo-Targeting To Cilium R-HSA-5620922,Reactome_2022,0.6603007753040657,Upregulated,0.9995103677801956,3/23,11.20%
Regulation of Brown Fat Cell Differentiation (GO:0090335),GO_Biological_Process_2025,0.659780973934604,Upregulated,0.999433810215762,5/16,23.83%
Regulation of B Cell Differentiation (GO:0045577),GO_Biological_Process_2025,0.659315509872499,Upregulated,0.9993214352335336,3/18,12.83%
Late Endosomal Microautophagy R-HSA-9615710,Reactome_2022,0.6591849474213235,Upregulated,0.9989787379178938,3/26,9.95%
Regulation of Plasminogen Activation (GO:0010755),GO_Biological_Process_2025,0.6591479756224536,Upregulated,0.9985773003959793,9/15,32.89%
Phototransduction Cascade R-HSA-2514856,Reactome_2022,0.6581665465544788,Upregulated,0.9987742014725792,8/26,21.74%
Organic Acid:Sodium Symporter Activity (GO:0005343),GO_Molecular_Function_2025,0.6579816759968596,Upregulated,0.9984810139134704,7/18,30.69%
Interactions Of Rev With Host Cellular Proteins R-HSA-177243,Reactome_2022,0.6578720699905337,Upregulated,0.9981280335399136,8/33,24.63%
Triglyceride Homeostasis (GO:0070328),GO_Biological_Process_2025,0.6576290505216218,Upregulated,0.9978660936857638,1/28,0.11%
Microtubule Bundle Formation (GO:0001578),GO_Biological_Process_2025,0.6553142693434405,Upregulated,0.99891220143979,18/50,34.84%
Activation Of BH3-only Proteins R-HSA-114452,Reactome_2022,0.6543185917301662,Upregulated,0.999090126288148,6/30,19.35%
Cargo Trafficking To Periciliary Membrane R-HSA-5620920,Reactome_2022,0.6540077600954372,Upregulated,0.998873969021697,8/49,17.62%
Regulation of Osteoblast Proliferation (GO:0033688),GO_Biological_Process_2025,0.6539880561275467,Upregulated,0.9984645379546704,10/16,37.82%
Cyclin D Associated Events In G1 R-HSA-69231,Reactome_2022,0.6534488465935765,Upregulated,0.9983657143122998,6/44,10.64%
Transepithelial Transport (GO:0070633),GO_Biological_Process_2025,0.6511013956867452,Upregulated,0.9993358547679204,5/16,23.34%
Positive Regulation of Natural Killer Cell Mediated Cytotoxicity (GO:0045954),GO_Biological_Process_2025,0.6509297777410967,Upregulated,0.9990186645446232,5/20,19.04%
Autophagosome Maturation (GO:0097352),GO_Biological_Process_2025,0.6483336610789133,Upregulated,1.0,5/45,12.26%
Syntaxin Binding (GO:0019905),GO_Molecular_Function_2025,0.6476549139886014,Upregulated,1.0,10/43,22.43%
Gated Channel Activity (GO:0022836),GO_Molecular_Function_2025,0.6475739997532441,Upregulated,0.9997982118947164,4/15,20.55%
Protein Localization to Lysosome (GO:0061462),GO_Biological_Process_2025,0.6468133363502654,Upregulated,0.9998361880661802,6/34,17.29%
Wnt Beta Catenin Signaling In Leukemia WP3658,WikiPathways_2024_Human,0.6466224566140524,Upregulated,0.999525206979305,6/24,19.24%
Response to Peptide Hormone (GO:0043434),GO_Biological_Process_2025,0.6448711895074964,Upregulated,1.0,19/47,31.84%
Regulation of Monoatomic Ion Transmembrane Transport (GO:0034765),GO_Biological_Process_2025,0.6440918240349582,Upregulated,1.0,3/21,8.28%
Export Of Viral Ribonucleoproteins From Nucleus R-HSA-168274,Reactome_2022,0.6425122464862258,Upregulated,1.0,8/33,24.63%
Proteolysis Involved in Protein Catabolic Process (GO:0051603),GO_Biological_Process_2025,0.6422034966275691,Upregulated,1.0,23/73,28.81%
Intrinsic Apoptotic Signaling Pathway in Response to Endoplasmic Reticulum Stress (GO:0070059),GO_Biological_Process_2025,0.6393619265528148,Upregulated,1.0,8/27,23.71%
"Nucleotide-binding Domain, Leucine Rich Repeat Containing NLR Signaling Pathways R-HSA-168643",Reactome_2022,0.6390331509401357,Upregulated,1.0,15/51,29.47%
TP53 Network WP1742,WikiPathways_2024_Human,0.6389944502273123,Upregulated,1.0,2/17,8.15%
Transcription Coactivator Binding (GO:0001223),GO_Molecular_Function_2025,0.6360934760317573,Upregulated,1.0,11/35,29.47%
Modified Amino Acid Catabolic Process (GO:0042219),GO_Biological_Process_2025,0.634152237331168,Upregulated,1.0,3/15,14.55%
Cell Surface Receptor Signaling Pathway via JAK-STAT (GO:0007259),GO_Biological_Process_2025,0.6335951060870242,Upregulated,1.0,2/43,2.53%
EPO Receptor Signaling WP581,WikiPathways_2024_Human,0.6328120571155091,Upregulated,1.0,11/25,38.77%
Nucleoside Phosphate Biosynthetic Process (GO:1901293),GO_Biological_Process_2025,0.6319250172810945,Upregulated,1.0,9/18,37.27%
HCMV Late Events R-HSA-9610379,Reactome_2022,0.6317984800769485,Upregulated,1.0,4/62,4.75%
Regulation of Postsynapse Organization (GO:0099175),GO_Biological_Process_2025,0.6307891533506944,Upregulated,1.0,12/31,32.74%
Nanomaterial Induced Apoptosis WP2507,WikiPathways_2024_Human,0.6264720298466614,Upregulated,1.0,2/20,5.04%
Regulation of mRNA Catabolic Process (GO:0061013),GO_Biological_Process_2025,0.6249925225572925,Upregulated,1.0,6/45,12.20%
SUMOylation Of SUMOylation Proteins R-HSA-4085377,Reactome_2022,0.6244464617947119,Upregulated,1.0,8/32,24.63%
Microtubule Plus-End Binding (GO:0051010),GO_Molecular_Function_2025,0.6243822226211633,Upregulated,1.0,8/18,33.02%
Phosphatidic Acid Metabolic Process (GO:0046473),GO_Biological_Process_2025,0.6236331633049274,Upregulated,1.0,11/34,29.31%
Carboxylic Acid Metabolic Process (GO:0019752),GO_Biological_Process_2025,0.6210571235416785,Upregulated,1.0,11/30,30.69%
RANKL RANK Signaling WP2018,WikiPathways_2024_Human,0.6200385506125107,Upregulated,1.0,5/50,8.00%
Innate Immune Response Activating Cell Surface Receptor Signaling Pathway (GO:0002220),GO_Biological_Process_2025,0.6187633430431992,Upregulated,1.0,3/27,8.94%
Oligosaccharide Biosynthetic Process (GO:0009312),GO_Biological_Process_2025,0.6180885829458935,Upregulated,1.0,10/17,40.35%
SARS CoV 2 Mt Chronic Ox Stress And Endothelial Dysfunction WP5183,WikiPathways_2024_Human,0.6175505184354292,Upregulated,1.0,6/25,20.14%
Signaling By FGFR2 IIIa TM R-HSA-8851708,Reactome_2022,0.6134852620839047,Upregulated,1.0,7/19,29.56%
Vesicle-Mediated Transport Between Endosomal Compartments (GO:0098927),GO_Biological_Process_2025,0.6125939662180359,Upregulated,1.0,9/25,30.52%
Post-Transcriptional Gene Silencing (GO:0016441),GO_Biological_Process_2025,0.6122438167898335,Upregulated,1.0,3/21,8.67%
Negative Regulation of Intrinsic Apoptotic Signaling Pathway by P53 Class Mediator (GO:1902254),GO_Biological_Process_2025,0.611652482465969,Upregulated,1.0,15/15,78.04%
Mitochondrial Gene Expression WP391,WikiPathways_2024_Human,0.6113235297628978,Upregulated,1.0,5/19,20.29%
Signaling By NTRK3 (TRKC) R-HSA-9034015,Reactome_2022,0.6076349083265911,Upregulated,1.0,3/16,16.08%
Regulation of Cholesterol Transport (GO:0032374),GO_Biological_Process_2025,0.6031810033949133,Upregulated,1.0,4/22,17.00%
protein-DNA Complex Assembly (GO:0065004),GO_Biological_Process_2025,0.6009672249062725,Upregulated,1.0,7/44,14.80%
ER Quality Control Compartment (ERQC) R-HSA-901032,Reactome_2022,0.6002434555977469,Upregulated,1.0,9/21,28.88%
G Protein-Coupled Chemoattractant Receptor Activity (GO:0001637),GO_Molecular_Function_2025,0.5978755635786182,Upregulated,1.0,6/15,29.02%
TP53 Regulates Transcription Of DNA Repair Genes R-HSA-6796648,Reactome_2022,0.5977065420525304,Upregulated,1.0,16/60,28.61%
Regulation of Exit From Mitosis (GO:0007096),GO_Biological_Process_2025,0.5957526475495484,Upregulated,1.0,4/15,18.47%
Regulation of Lymphocyte Proliferation (GO:0050670),GO_Biological_Process_2025,0.5935137336189955,Upregulated,1.0,6/18,23.83%
9+2 Motile Cilium (GO:0097729),GO_Cellular_Component_2025,0.5933701181882406,Upregulated,1.0,34/112,33.88%
post-Golgi Vesicle-Mediated Transport (GO:0006892),GO_Biological_Process_2025,0.5930052493886446,Upregulated,1.0,4/58,5.92%
Positive Regulation of Immunoglobulin Production (GO:0002639),GO_Biological_Process_2025,0.5917591742016606,Upregulated,1.0,4/34,11.28%
Protein Localization to Vacuole (GO:0072665),GO_Biological_Process_2025,0.590890852251616,Upregulated,1.0,1/15,1.25%
Regulation of Tyrosine Phosphorylation of STAT Protein (GO:0042509),GO_Biological_Process_2025,0.5907334225468319,Upregulated,1.0,7/25,28.61%
Keratan Sulfate Biosynthesis R-HSA-2022854,Reactome_2022,0.5904597289264772,Upregulated,1.0,11/24,32.57%
mRNA Transcription (GO:0009299),GO_Biological_Process_2025,0.5895546032677778,Upregulated,1.0,5/42,10.05%
"Positive Regulation of DNA-templated Transcription, Elongation (GO:0032786)",GO_Biological_Process_2025,0.5878423788855219,Upregulated,1.0,10/52,21.98%
Vpr-mediated Nuclear Import Of PICs R-HSA-180910,Reactome_2022,0.587788472043799,Upregulated,1.0,7/32,24.63%
Golgi to Vacuole Transport (GO:0006896),GO_Biological_Process_2025,0.5871794360305854,Upregulated,1.0,6/16,28.53%
Signaling By NODAL R-HSA-1181150,Reactome_2022,0.5868276703501641,Upregulated,1.0,8/18,34.30%
Endogenous Sterols R-HSA-211976,Reactome_2022,0.5846234111693882,Upregulated,1.0,2/20,11.40%
Positive Regulation of Leukocyte Adhesion to Vascular Endothelial Cell (GO:1904996),GO_Biological_Process_2025,0.582276845818457,Upregulated,1.0,6/17,32.12%
RHO GTPases Activate NADPH Oxidases R-HSA-5668599,Reactome_2022,0.5808020979277818,Upregulated,1.0,11/22,39.40%
Intraciliary Anterograde Transport (GO:0035720),GO_Biological_Process_2025,0.5790772178253598,Upregulated,1.0,8/17,35.55%
Negative Regulation of Signal Transduction by P53 Class Mediator (GO:1901797),GO_Biological_Process_2025,0.578281410956369,Upregulated,1.0,6/20,28.63%
Mitochondrial Translation Initiation R-HSA-5368286,Reactome_2022,0.5775074941965883,Upregulated,1.0,19/80,25.27%
Negative Regulation of T Cell Receptor Signaling Pathway (GO:0050860),GO_Biological_Process_2025,0.576530406181975,Upregulated,1.0,17/17,80.59%
Actinin Binding (GO:0042805),GO_Molecular_Function_2025,0.5749183055358352,Upregulated,1.0,4/18,19.72%
Class I Peroxisomal Membrane Protein Import R-HSA-9603798,Reactome_2022,0.5740891228459617,Upregulated,1.0,6/20,24.57%
Metabolism Of Steroid Hormones R-HSA-196071,Reactome_2022,0.5714056201231263,Upregulated,1.0,9/23,32.41%
Regulation Of KIT Signaling R-HSA-1433559,Reactome_2022,0.57055305431948,Upregulated,1.0,6/16,29.40%
Phosphatidic Acid Biosynthetic Process (GO:0006654),GO_Biological_Process_2025,0.570456511009918,Upregulated,1.0,10/30,29.31%
Detection of Mechanical Stimulus (GO:0050982),GO_Biological_Process_2025,0.5696241507304165,Upregulated,1.0,4/16,21.73%
Early Endosome to Golgi Transport (GO:0034498),GO_Biological_Process_2025,0.5672800673589179,Upregulated,1.0,15/15,79.78%
Protein Methylation (GO:0006479),GO_Biological_Process_2025,0.566019232722806,Upregulated,1.0,6/22,22.78%
Regulation of Long-Term Synaptic Potentiation (GO:1900271),GO_Biological_Process_2025,0.5631588323485353,Upregulated,1.0,7/26,26.09%
Immune Response-Activating Cell Surface Receptor Signaling Pathway (GO:0002429),GO_Biological_Process_2025,0.5604866244611595,Upregulated,1.0,2/19,6.06%
Cellular Response to Hexose Stimulus (GO:0071331),GO_Biological_Process_2025,0.5566129728480921,Upregulated,1.0,10/26,31.43%
Pericentric Heterochromatin (GO:0005721),GO_Cellular_Component_2025,0.5557012345964435,Upregulated,1.0,4/21,23.53%
Kinesin Binding (GO:0019894),GO_Molecular_Function_2025,0.552999248808601,Upregulated,1.0,4/30,16.42%
Regulation of Neuronal Synaptic Plasticity (GO:0048168),GO_Biological_Process_2025,0.5492781811296932,Upregulated,1.0,6/30,16.63%
Protein Palmitoylation (GO:0018345),GO_Biological_Process_2025,0.5464262164942686,Upregulated,1.0,7/20,35.16%
Ventricular Cardiac Muscle Cell Action Potential (GO:0086005),GO_Biological_Process_2025,0.544565327849875,Upregulated,1.0,3/15,17.93%
3'-5' Exonuclease Activity (GO:0008408),GO_Molecular_Function_2025,0.5412441390807683,Upregulated,1.0,7/43,21.59%
Positive Regulation of Alpha-Beta T Cell Activation (GO:0046635),GO_Biological_Process_2025,0.5359212142769352,Upregulated,1.0,8/15,35.96%
Microtubule Polymerization (GO:0046785),GO_Biological_Process_2025,0.5356082089623189,Upregulated,1.0,7/35,19.18%
Regulation of Calcium Ion Transmembrane Transport (GO:1903169),GO_Biological_Process_2025,0.5352227494081903,Upregulated,1.0,7/24,26.39%
Signaling By FGFR2 In Disease R-HSA-5655253,Reactome_2022,0.5312373764190405,Upregulated,1.0,3/36,6.40%
Regulation of Myeloid Cell Differentiation (GO:0045637),GO_Biological_Process_2025,0.5291753076034785,Upregulated,1.0,7/23,30.97%
Voltage-Gated Monoatomic Ion Channel Activity (GO:0005244),GO_Molecular_Function_2025,0.523452707565092,Upregulated,1.0,5/18,23.36%
CD28 Dependent PI3K/Akt Signaling R-HSA-389357,Reactome_2022,0.5178364321397789,Upregulated,1.0,8/22,30.78%
Associative Learning (GO:0008306),GO_Biological_Process_2025,0.5169751881357847,Upregulated,1.0,4/17,21.07%
tRNA Wobble Uridine Modification (GO:0002098),GO_Biological_Process_2025,0.5108668952599794,Upregulated,1.0,1/16,2.21%
Non-Motile Cilium Assembly (GO:1905515),GO_Biological_Process_2025,0.5107214381282735,Upregulated,1.0,9/31,28.00%
Estrogen-dependent Nuclear Events Downstream Of ESR-membrane Signaling R-HSA-9634638,Reactome_2022,0.5073941360168033,Upregulated,1.0,2/23,7.07%
Regulation of Transcription Initiation by RNA Polymerase II (GO:0060260),GO_Biological_Process_2025,0.5067692204554888,Upregulated,1.0,10/56,21.98%
NOD1/2 Signaling Pathway R-HSA-168638,Reactome_2022,0.5059395027175819,Upregulated,1.0,8/31,26.90%
TBP-class Protein Binding (GO:0017025),GO_Molecular_Function_2025,0.5053826461932209,Upregulated,1.0,2/18,10.01%
Synthesis Of Bile Acids And Bile Salts Via 7Alpha-Hydroxycholesterol R-HSA-193368,Reactome_2022,0.503313103552613,Upregulated,1.0,2/16,12.46%
4 Hydroxytamoxifen DEX And Retinoic Acids Regulation Of P27 WP3879,WikiPathways_2024_Human,0.500715146204414,Upregulated,1.0,3/25,12.95%
Generation Of Second Messenger Molecules R-HSA-202433,Reactome_2022,0.4918408550585637,Upregulated,1.0,7/25,29.58%
Regulation of Endopeptidase Activity (GO:0052548),GO_Biological_Process_2025,0.4892117885485176,Upregulated,1.0,6/18,29.11%
Pantothenate and CoA biosynthesis,KEGG_2021_Human,0.4847937971931644,Upregulated,1.0,1/17,1.78%
Filopodium Assembly (GO:0046847),GO_Biological_Process_2025,0.4806155617234958,Upregulated,1.0,6/17,34.32%
Signaling By Non-Receptor Tyrosine Kinases R-HSA-9006927,Reactome_2022,0.4806028953846262,Upregulated,1.0,9/49,22.03%
mRNA Capping R-HSA-72086,Reactome_2022,0.4795059512597845,Upregulated,1.0,8/29,28.61%
Placenta Development (GO:0001890),GO_Biological_Process_2025,0.4788387973683311,Upregulated,1.0,8/19,34.40%
Cilium Movement Involved in Cell Motility (GO:0060294),GO_Biological_Process_2025,0.477824590062348,Upregulated,1.0,3/19,17.28%
Positive Regulation of Transcription Elongation by RNA Polymerase II (GO:0032968),GO_Biological_Process_2025,0.4718527867665512,Upregulated,1.0,16/44,37.37%
Ribosome Disassembly (GO:0032790),GO_Biological_Process_2025,0.4637820806650375,Upregulated,1.0,8/40,26.01%
Constitutive Signaling By AKT1 E17K In Cancer R-HSA-5674400,Reactome_2022,0.4528817729690309,Upregulated,1.0,1/26,1.93%
Regulation of Behavior (GO:0050795),GO_Biological_Process_2025,0.4513700081585189,Upregulated,1.0,4/18,26.09%
Factors And Pathways Affecting IGF1 Akt Signaling WP3850,WikiPathways_2024_Human,0.4439759840502109,Upregulated,1.0,3/34,10.86%
Synthesis Of Glycosylphosphatidylinositol (GPI) R-HSA-162710,Reactome_2022,0.4418578427171315,Upregulated,1.0,17/17,84.65%
Activated TAK1 Mediates P38 MAPK Activation R-HSA-450302,Reactome_2022,0.4413357167388642,Upregulated,1.0,9/19,37.08%
Cilium-Dependent Cell Motility (GO:0060285),GO_Biological_Process_2025,0.4396220195570543,Upregulated,1.0,9/26,34.92%
Regulation of Protein-Containing Complex Disassembly (GO:0043244),GO_Biological_Process_2025,0.439346876099547,Upregulated,1.0,17/17,85.09%
Exonuclease Activity (GO:0004527),GO_Molecular_Function_2025,0.4300845252857842,Upregulated,1.0,1/44,0.60%
Nanoparticle Triggered Autophagic Cell Death WP2509,WikiPathways_2024_Human,0.4280630290538629,Upregulated,1.0,2/22,9.35%
Prefoldin Mediated Transfer Of Substrate To CCT/TriC R-HSA-389957,Reactome_2022,0.4248377686951476,Upregulated,1.0,25/25,86.59%
Protein Targeting to Vacuole (GO:0006623),GO_Biological_Process_2025,0.3891350252707389,Upregulated,1.0,10/31,34.13%
RNA Polymerase II Preinitiation Complex Assembly (GO:0051123),GO_Biological_Process_2025,0.3798950040403203,Upregulated,1.0,18/45,37.37%
Positive Regulation of Tyrosine Phosphorylation of STAT Protein (GO:0042531),GO_Biological_Process_2025,0.3716292071523683,Upregulated,1.0,9/20,40.74%
Protein-Cysteine S-palmitoyltransferase Activity (GO:0019706),GO_Molecular_Function_2025,0.292641835199125,Upregulated,0.9999979381967606,19/19,90.15%
Positive Regulation of DNA-templated Transcription Initiation (GO:2000144),GO_Biological_Process_2025,-0.3773849799829668,Downregulated,0.9999050037296564,28/56,40.66%
IL17 Signaling WP2112,WikiPathways_2024_Human,-0.429424828781189,Downregulated,0.9997259695275358,9/31,29.54%
Core Mediator Complex (GO:0070847),GO_Cellular_Component_2025,-0.455610467496811,Downregulated,0.9993786637411408,24/24,86.04%
PDGFR Beta Pathway WP3972,WikiPathways_2024_Human,-0.4621214085418383,Downregulated,0.999517402793767,7/29,24.42%
Positive Regulation of Transcription Initiation by RNA Polymerase II (GO:0060261),GO_Biological_Process_2025,-0.4782090887335291,Downregulated,0.9990895935389458,27/51,40.66%
Regulation of T Cell Receptor Signaling Pathway (GO:0050856),GO_Biological_Process_2025,-0.4869012267592611,Downregulated,0.9989258977152528,7/34,21.84%
Carboxyterminal Post-Translational Modifications Of Tubulin R-HSA-8955332,Reactome_2022,-0.4928669002689865,Downregulated,0.9988713658914824,7/35,19.62%
Neural Crest Cell Differentiation (GO:0014033),GO_Biological_Process_2025,-0.511877782787282,Downregulated,0.997544173856431,16/16,82.74%
Phospholipase Binding (GO:0043274),GO_Molecular_Function_2025,-0.5185663298440879,Downregulated,0.9971947152722468,7/16,30.41%
Fc-epsilon Receptor Signaling Pathway (GO:0038095),GO_Biological_Process_2025,-0.5202246969927958,Downregulated,0.9974094695782256,1/21,2.64%
Calcium/Calmodulin-Dependent Protein Kinase Activity (GO:0004683),GO_Molecular_Function_2025,-0.5230856576275049,Downregulated,0.9974665373181468,3/22,12.24%
Negative Regulation of Antigen Receptor-Mediated Signaling Pathway (GO:0050858),GO_Biological_Process_2025,-0.5237809062952961,Downregulated,0.997769927918773,9/24,31.84%
Regulation of Viral Transcription (GO:0046782),GO_Biological_Process_2025,-0.5246708028045067,Downregulated,0.9980364140149616,7/15,38.17%
Endosome Lumen (GO:0031904),GO_Cellular_Component_2025,-0.5279239181511584,Downregulated,0.9980025460733152,5/18,23.57%
Assembly Of HIV Virion R-HSA-175474,Reactome_2022,-0.5284981816480441,Downregulated,0.9983201547900754,1/16,1.80%
RNA Pol II CTD Phosphorylation And Interaction With CE R-HSA-77075,Reactome_2022,-0.5317300805196287,Downregulated,0.9982746038348528,14/27,35.87%
Citrate cycle (TCA cycle),KEGG_2021_Human,-0.5343847013603298,Downregulated,0.998277051271277,13/29,36.47%
Acylglycerol O-acyltransferase Activity (GO:0016411),GO_Molecular_Function_2025,-0.5344229001650946,Downregulated,0.9986672262811715,9/28,27.99%
Regulation of Intracellular Steroid Hormone Receptor Signaling Pathway (GO:0033143),GO_Biological_Process_2025,-0.5366649146281112,Downregulated,0.9987353418028666,8/22,34.62%
CD28 Co-Stimulation R-HSA-389356,Reactome_2022,-0.536685551699266,Downregulated,0.9991288366684088,12/32,32.54%
Formation Of Early Elongation Complex R-HSA-113418,Reactome_2022,-0.5384391172301762,Downregulated,0.9992401114800936,16/33,35.87%
Synthesis Of Bile Acids And Bile Salts R-HSA-192105,Reactome_2022,-0.5392573543345514,Downregulated,0.9995062446693388,7/26,25.22%
Transcriptional Regulation By VENTX R-HSA-8853884,Reactome_2022,-0.5394921665556072,Downregulated,0.9998726631040056,8/36,23.34%
Regulation of Autophagosome Maturation (GO:1901096),GO_Biological_Process_2025,-0.5484282818101787,Downregulated,0.9987579722101856,4/16,26.63%
Positive Regulation of Immune Effector Process (GO:0002699),GO_Biological_Process_2025,-0.5538284295568593,Downregulated,0.9981592258722458,6/29,16.42%
TAK1-dependent IKK And NF-kappa-B Activation R-HSA-445989,Reactome_2022,-0.5552940610174731,Downregulated,0.9982802613142956,3/41,7.76%
IL7 Signaling WP205,WikiPathways_2024_Human,-0.558015251406173,Downregulated,0.9981333166291512,5/20,28.09%
Regulation of Oxidoreductase Activity (GO:0051341),GO_Biological_Process_2025,-0.5618898537304973,Downregulated,0.9977265859024426,4/16,18.05%
Th17 Cell Differentiation Pathway WP5130,WikiPathways_2024_Human,-0.5624859142975684,Downregulated,0.9979990093368946,3/67,5.37%
Thyroid hormone signaling pathway,KEGG_2021_Human,-0.564629190400063,Downregulated,0.9979166279328704,12/117,11.58%
Glycosylation And Related Congenital Defects WP4521,WikiPathways_2024_Human,-0.5650324879032682,Downregulated,0.99820686529232,9/24,33.55%
Stimulatory C-type Lectin Receptor Signaling Pathway (GO:0002223),GO_Biological_Process_2025,-0.5661579383491964,Downregulated,0.9983556857945584,12/20,40.30%
Cellular Response to Lectin (GO:1990858),GO_Biological_Process_2025,-0.5661579383491964,Downregulated,0.9983556857945584,12/20,40.30%
tRNA Wobble Base Modification (GO:0002097),GO_Biological_Process_2025,-0.5730308743776098,Downregulated,0.9975224398531812,5/16,20.61%
Positive Regulation of Cytokine-Mediated Signaling Pathway (GO:0001961),GO_Biological_Process_2025,-0.5735444210788168,Downregulated,0.9977755127724116,3/42,4.35%
Mitochondrial Translation Elongation R-HSA-5389840,Reactome_2022,-0.5741419616651305,Downregulated,0.9980207211680294,32/80,33.90%
Transcription Preinitiation Complex Assembly (GO:0070897),GO_Biological_Process_2025,-0.5747541413853802,Downregulated,0.9982656505762502,26/48,40.66%
Negative Regulation of Type II Interferon Production (GO:0032689),GO_Biological_Process_2025,-0.5748979305184682,Downregulated,0.9986261699031724,7/22,25.22%
Vacuolar Transport (GO:0007034),GO_Biological_Process_2025,-0.5755539844862204,Downregulated,0.9988572848270936,8/38,22.71%
E3 Ubiquitin Ligases Ubiquitinate Target Proteins R-HSA-8866654,Reactome_2022,-0.5777588206520492,Downregulated,0.9987174115322538,17/44,30.72%
Conversion From APC/C:Cdc20 To APC/C:Cdh1 In Late Anaphase R-HSA-176407,Reactome_2022,-0.5800120885069813,Downregulated,0.9985550805917852,3/19,12.20%
Cooperation Of Prefoldin And TriC/CCT In Actin And Tubulin Folding R-HSA-389958,Reactome_2022,-0.5819321207152213,Downregulated,0.9984587328852323,14/27,41.26%
Interactions Of Vpr With Host Cellular Proteins R-HSA-176033,Reactome_2022,-0.5857138038354059,Downregulated,0.9978274822806216,11/34,30.12%
Response to Exogenous dsRNA (GO:0043330),GO_Biological_Process_2025,-0.5859911765131074,Downregulated,0.9981396624115648,7/17,31.71%
Protein K48-linked Ubiquitination (GO:0070936),GO_Biological_Process_2025,-0.5921692377543427,Downregulated,0.9967020404092248,37/84,36.42%
Processing Of Intronless Pre-mRNAs R-HSA-77595,Reactome_2022,-0.5924683077518368,Downregulated,0.9970035391688484,7/19,27.06%
Positive Regulation of Production of Molecular Mediator of Immune Response (GO:0002702),GO_Biological_Process_2025,-0.5951358654886687,Downregulated,0.9965894470098756,19/37,39.63%
Anterograde Synaptic Vesicle Transport (GO:0048490),GO_Biological_Process_2025,-0.5956890054382357,Downregulated,0.9967981707629142,8/16,37.14%
Synaptic Vesicle Transport Along Microtubule (GO:0099517),GO_Biological_Process_2025,-0.5956890054382357,Downregulated,0.9967981707629142,8/16,37.14%
Mitochondrial Translation Termination R-HSA-5419276,Reactome_2022,-0.5958540163896473,Downregulated,0.9975515639030488,30/80,32.22%
Regulation of TORC1 Signaling (GO:1903432),GO_Biological_Process_2025,-0.5961037355663612,Downregulated,0.9978668969788468,19/91,22.25%
Ceramide Biosynthetic Process (GO:0046513),GO_Biological_Process_2025,-0.6050679538759223,Downregulated,0.9952623087818866,9/40,21.81%
"Nucleotide-Binding Domain, Leucine Rich Repeat Containing Receptor Signaling Pathway (GO:0035872)",GO_Biological_Process_2025,-0.6057263710940679,Downregulated,0.9954374772481706,1/15,1.32%
Mitotic Spindle Microtubule (GO:1990498),GO_Cellular_Component_2025,-0.6068511651581149,Downregulated,0.995427350963249,8/15,37.49%
Stem Cell Differentiation (GO:0048863),GO_Biological_Process_2025,-0.6090462010345667,Downregulated,0.9950767960574964,10/42,25.38%
Tumor Necrosis Factor-Mediated Signaling Pathway (GO:0033209),GO_Biological_Process_2025,-0.6104510436082003,Downregulated,0.9949483738103218,16/33,36.41%
Pro Survival Signaling Of Neuroprotectin D1 WP5182,WikiPathways_2024_Human,-0.6125664302608997,Downregulated,0.9945289182393636,7/15,35.64%
miRNA Processing (GO:0035196),GO_Biological_Process_2025,-0.61628510142848,Downregulated,0.9935595822330476,16/31,40.06%
Glycerophospholipid Catabolic Process (GO:0046475),GO_Biological_Process_2025,-0.6166135441728102,Downregulated,0.9938307449364678,4/23,14.64%
Nuclear Receptor-Mediated Signaling Pathway (GO:0141193),GO_Biological_Process_2025,-0.6211990584647289,Downregulated,0.9923520415660976,5/30,16.56%
Apoptosis WP254,WikiPathways_2024_Human,-0.6229398145751157,Downregulated,0.9920319908454008,22/81,27.23%
Peroxisomal Membrane Transport (GO:0015919),GO_Biological_Process_2025,-0.6242053896206085,Downregulated,0.9919111406604012,6/17,24.80%
Ubiquitin-Specific Protease Binding (GO:1990381),GO_Molecular_Function_2025,-0.6247754452472574,Downregulated,0.992055445532508,8/15,30.86%
Electron Transport Chain (GO:0022900),GO_Biological_Process_2025,-0.6259412314349209,Downregulated,0.991940745417706,8/16,28.21%
Ulcerative Colitis Signaling WP5174,WikiPathways_2024_Human,-0.6269493577113305,Downregulated,0.9919042005695164,2/16,8.77%
Regulation of Protein Serine/Threonine Kinase Activity (GO:0071900),GO_Biological_Process_2025,-0.6274333394349532,Downregulated,0.992078932653826,13/63,20.99%
"Glutamate Binding, Activation Of AMPA Receptors And Synaptic Plasticity R-HSA-399721",Reactome_2022,-0.6297128900696187,Downregulated,0.9914966389515626,5/28,17.09%
Negative Regulation of Epidermal Growth Factor Receptor Signaling Pathway (GO:0042059),GO_Biological_Process_2025,-0.6335094872537851,Downregulated,0.9901251609068163,1/24,0.26%
Positive Regulation of TORC1 Signaling (GO:1904263),GO_Biological_Process_2025,-0.634511963251131,Downregulated,0.9900354132625196,10/50,19.37%
Glycolysis / Gluconeogenesis,KEGG_2021_Human,-0.6363311713333365,Downregulated,0.9895728035553648,5/54,7.11%
Mannosyltransferase Activity (GO:0000030),GO_Molecular_Function_2025,-0.6363452055618901,Downregulated,0.9899644543392696,7/21,24.54%
Regulation of Defense Response to Virus (GO:0050688),GO_Biological_Process_2025,-0.6392661980092094,Downregulated,0.9889781509706924,5/16,24.69%
Regulation Of Signaling By CBL R-HSA-912631,Reactome_2022,-0.6399316755896515,Downregulated,0.9890322744850476,7/18,24.42%
JNK (c-Jun Kinases) Phosphorylation And Activation Mediated By Activated Human TAK1 R-HSA-450321,Reactome_2022,-0.6402042376281321,Downregulated,0.9893042145279652,5/18,24.71%
Regulation of Interleukin-17 Production (GO:0032660),GO_Biological_Process_2025,-0.6402685961676053,Downregulated,0.989669399630534,5/32,11.93%
TP53 Regulates Transcription Of Genes Involved In Cytochrome C Release R-HSA-6803204,Reactome_2022,-0.6412566104806334,Downregulated,0.9895816235311312,8/19,36.40%
Overview Of Nanoparticle Effects WP3287,WikiPathways_2024_Human,-0.6416416679932836,Downregulated,0.9897769357135066,8/18,26.40%
Mitochondrial Translation R-HSA-5368287,Reactome_2022,-0.643132256069009,Downregulated,0.9893725596723068,35/86,33.90%
Ub-dep Prot Cat Proc via Multivsiclr Bdy Sorting Pway (GO:0043162),GO_Biological_Process_2025,-0.6435979004460138,Downregulated,0.9895293234877468,13/30,34.90%
Regulation of Golgi Organization (GO:1903358),GO_Biological_Process_2025,-0.6441184988218006,Downregulated,0.9896519236100751,2/15,9.58%
Lung Pathology Of COVID 19 WP5146,WikiPathways_2024_Human,-0.6447515635945593,Downregulated,0.9897272728785717,5/19,15.37%
NO cGMP PKG Mediated Neuroprotection WP4008,WikiPathways_2024_Human,-0.644775894249017,Downregulated,0.9901212203659114,3/39,4.16%
Glycerolipid Catabolic Process (GO:0046503),GO_Biological_Process_2025,-0.6450794885994549,Downregulated,0.9903563966807148,2/16,7.24%
Interferon Mediated Signaling WP4558,WikiPathways_2024_Human,-0.6459300443160954,Downregulated,0.990304412435579,16/16,78.27%
Cellular Response to Ketone (GO:1901655),GO_Biological_Process_2025,-0.6495596254801828,Downregulated,0.9887172834483376,12/41,25.00%
Rescue of Stalled Ribosome (GO:0072344),GO_Biological_Process_2025,-0.652812984247557,Downregulated,0.987303156926251,15/33,38.24%
Nucleotide Binding Oligomerization Domain NOD Pathway WP1433,WikiPathways_2024_Human,-0.6558951999763127,Downregulated,0.9859372823529294,6/35,16.79%
Leukocyte Tethering or Rolling (GO:0050901),GO_Biological_Process_2025,-0.6566052919561659,Downregulated,0.985916362455994,8/17,31.25%
Transcription Coregulator Binding (GO:0001221),GO_Molecular_Function_2025,-0.656962825824651,Downregulated,0.986136342757329,25/96,26.65%
Cytosolic Transport (GO:0016482),GO_Biological_Process_2025,-0.658560025910366,Downregulated,0.9855970854887328,30/88,30.91%
Early Endosome to Late Endosome Transport (GO:0045022),GO_Biological_Process_2025,-0.6586972604012449,Downregulated,0.9859189940597676,5/21,21.36%
Translation Of Structural Proteins R-HSA-9683701,Reactome_2022,-0.6590077476578227,Downregulated,0.9861062418218808,10/29,30.64%
Metal Ion Transmembrane Transporter Activity (GO:0046873),GO_Molecular_Function_2025,-0.6599656331074243,Downregulated,0.9859178388364732,5/26,15.59%
SHC-mediated cascade:FGFR2 R-HSA-5654699,Reactome_2022,-0.6601745300562498,Downregulated,0.9862057856987686,2/16,7.98%
7Q11 23 Distal Copy Number Variation WP5401,WikiPathways_2024_Human,-0.6603076684342112,Downregulated,0.9865323563646392,7/18,32.89%
Response to Purine-Containing Compound (GO:0014074),GO_Biological_Process_2025,-0.6603948320968881,Downregulated,0.9868762084827408,8/22,25.00%
Pyruvate Metabolism R-HSA-70268,Reactome_2022,-0.6605278616850931,Downregulated,0.9871984569785528,4/25,7.62%
cGMP-mediated Signaling (GO:0019934),GO_Biological_Process_2025,-0.6606502128976167,Downregulated,0.9875350783635352,6/16,23.29%
Intracellular Sterol Transport (GO:0032366),GO_Biological_Process_2025,-0.6615139595445819,Downregulated,0.9873842754098956,3/15,15.90%
Positive Regulation of T Cell Cytokine Production (GO:0002726),GO_Biological_Process_2025,-0.6626867040551812,Downregulated,0.9870458826482466,2/22,3.80%
Glycolytic Process (GO:0006096),GO_Biological_Process_2025,-0.6628029254565033,Downregulated,0.9873648314694004,3/24,7.11%
ADP Catabolic Process (GO:0046032),GO_Biological_Process_2025,-0.6628029254565033,Downregulated,0.9873648314694004,3/24,7.11%
Constitutive Signaling By Ligand-Responsive EGFR Cancer Variants R-HSA-1236382,Reactome_2022,-0.6635554965120054,Downregulated,0.9877153865711468,2/18,5.71%
L-glutamate Import (GO:0051938),GO_Biological_Process_2025,-0.6637746957405467,Downregulated,0.9879950088221222,4/15,17.21%
L-glutamate Transmembrane Transport (GO:0015813),GO_Biological_Process_2025,-0.6637746957405467,Downregulated,0.9879950088221222,4/15,17.21%
Pyruvate Metabolic Process (GO:0006090),GO_Biological_Process_2025,-0.6659132060568171,Downregulated,0.9874288387326792,14/38,29.51%
Regulation of Supramolecular Fiber Organization (GO:1902903),GO_Biological_Process_2025,-0.6666462612114954,Downregulated,0.9873263293987172,6/27,15.73%
DNA Damage Response Only ATM Dependent WP710,WikiPathways_2024_Human,-0.6674617058004165,Downregulated,0.9871831882647848,23/101,24.42%
Actin Monomer Binding (GO:0003785),GO_Molecular_Function_2025,-0.6680537983088669,Downregulated,0.9872002316575323,8/21,25.10%
U4/U6 X U5 tri-snRNP Complex (GO:0046540),GO_Cellular_Component_2025,-0.6705873472047691,Downregulated,0.9859333669560416,8/30,20.87%
Spliceosomal tri-snRNP Complex (GO:0097526),GO_Cellular_Component_2025,-0.6705873472047691,Downregulated,0.9859333669560416,8/30,20.87%
Regulation of B Cell Proliferation (GO:0030888),GO_Biological_Process_2025,-0.6719670226693737,Downregulated,0.985815754186494,8/40,16.52%
Signaling By ERBB2 In Cancer R-HSA-1227990,Reactome_2022,-0.6720296763149881,Downregulated,0.9861793400557548,2/24,5.71%
Signaling By PDGFR In Disease R-HSA-9671555,Reactome_2022,-0.6733156764511883,Downregulated,0.9857307597849392,8/17,32.39%
Activation Of SMO R-HSA-5635838,Reactome_2022,-0.6747990655910796,Downregulated,0.9851191519945276,5/17,20.34%
DNA Endonuclease Activity (GO:0004520),GO_Molecular_Function_2025,-0.6749858473104432,Downregulated,0.985399087073041,3/21,6.94%
Parkinson 39 S Disease Pathway WP2371,WikiPathways_2024_Human,-0.6766514574396119,Downregulated,0.9845755028164638,16/37,31.22%
Pentose phosphate pathway,KEGG_2021_Human,-0.6769302685784021,Downregulated,0.9847857879211424,13/26,34.99%
Positive Regulation of Interleukin-17 Production (GO:0032740),GO_Biological_Process_2025,-0.6770682496194965,Downregulated,0.9850997931426058,4/23,11.93%
TCA Cycle Aka Krebs Or Citric Acid Cycle WP78,WikiPathways_2024_Human,-0.6777158613895109,Downregulated,0.9850370119582664,10/18,39.22%
Cellular Response to Glucose Stimulus (GO:0071333),GO_Biological_Process_2025,-0.678016690822342,Downregulated,0.9852266287386324,11/34,25.42%
SRP-dependent Cotranslational Protein Targeting To Membrane R-HSA-1799339,Reactome_2022,-0.6792273626528639,Downregulated,0.9847584840378418,43/82,39.21%
Lipopolysaccharide-Mediated Signaling Pathway (GO:0031663),GO_Biological_Process_2025,-0.6807173850207675,Downregulated,0.9840579392397156,8/15,33.08%
Autophagy WP4923,WikiPathways_2024_Human,-0.6813931339887349,Downregulated,0.9839670851763828,13/29,34.44%
Amino Acid Transport (GO:0006865),GO_Biological_Process_2025,-0.6855508573128493,Downregulated,0.9812776234023391,7/39,13.07%
Signaling By ERBB2 KD Mutants R-HSA-9664565,Reactome_2022,-0.6860235351239411,Downregulated,0.9813144906830352,2/23,5.71%
Signaling By FGFR3 In Disease R-HSA-5655332,Reactome_2022,-0.6864519341058785,Downregulated,0.9814094878151796,7/18,32.70%
Inactivation Of CSF3 (G-CSF) Signaling R-HSA-9705462,Reactome_2022,-0.6904866429511174,Downregulated,0.9785259861745756,2/24,4.99%
RNA Destabilization (GO:0050779),GO_Biological_Process_2025,-0.6922200711393086,Downregulated,0.9775180616417606,6/22,25.38%
Phosphatase Inhibitor Activity (GO:0019212),GO_Molecular_Function_2025,-0.6924498733352041,Downregulated,0.9777200590176278,8/29,19.42%
Negative Regulation of Vascular Associated Smooth Muscle Cell Proliferation (GO:1904706),GO_Biological_Process_2025,-0.6926819801306904,Downregulated,0.9779315943784466,3/16,14.25%
Protein Autoubiquitination (GO:0051865),GO_Biological_Process_2025,-0.6928237350212328,Downregulated,0.9782207671786552,29/60,36.01%
PI3K AKT mTOR Signaling And Therapeutic In Prostate Cancer WP3844,WikiPathways_2024_Human,-0.6933990530177148,Downregulated,0.978174043101266,9/31,24.42%
SUMOylation Of Chromatin Organization Proteins R-HSA-4551638,Reactome_2022,-0.6949893984595354,Downregulated,0.9772818981803072,16/51,26.60%
TORC1 Signaling (GO:0038202),GO_Biological_Process_2025,-0.6954545680684967,Downregulated,0.9773192199116412,7/16,33.00%
Voltage-Gated Potassium Channel Complex (GO:0008076),GO_Cellular_Component_2025,-0.6955759775897603,Downregulated,0.9776387655529044,18/65,24.11%
Glycosaminoglycan biosynthesis,KEGG_2021_Human,-0.6958038771260744,Downregulated,0.9778498058182472,15/50,24.42%
Viral myocarditis,KEGG_2021_Human,-0.697063378208693,Downregulated,0.9771801047659922,22/50,31.79%
IKK Complex Recruitment Mediated By RIP1 R-HSA-937041,Reactome_2022,-0.6976584508068002,Downregulated,0.9770878021133949,8/21,28.52%
Tricarboxylic Acid Cycle (GO:0006099),GO_Biological_Process_2025,-0.6977855663195237,Downregulated,0.9773914473430496,9/23,33.94%
Negative Regulation of Striated Muscle Cell Differentiation (GO:0051154),GO_Biological_Process_2025,-0.69786977679856,Downregulated,0.9777275358029192,5/16,21.31%
VEGFR2 Mediated Vascular Permeability R-HSA-5218920,Reactome_2022,-0.6979006919086874,Downregulated,0.9780985852463272,7/25,22.45%
Death Receptor Binding (GO:0005123),GO_Molecular_Function_2025,-0.6984263689745418,Downregulated,0.9780669807159132,3/15,13.38%
Neurotransmitter Receptors And Postsynaptic Signal Transmission R-HSA-112314,Reactome_2022,-0.7009787748154669,Downregulated,0.9762552258038448,30/138,21.47%
Formation Of HIV Elongation Complex In Absence Of HIV Tat R-HSA-167152,Reactome_2022,-0.7016784599422377,Downregulated,0.9760521805161174,21/44,36.99%
Adaptive Imm Resp Based on Som Recomb of Imm Rcptrs Built Frm IgSF Domains (GO:0002460),GO_Biological_Process_2025,-0.7019717874548511,Downregulated,0.976202310057544,1/20,0.18%
APC/C:Cdc20 Mediated Degradation Of Cyclin B R-HSA-174048,Reactome_2022,-0.7032278325871967,Downregulated,0.9754971348175816,4/23,12.20%
- Reg of Phosphatidylinositol 3-Kinase/Prot Kinase B Signal Transduction (GO:0051898),GO_Biological_Process_2025,-0.7035558498102192,Downregulated,0.9756387143409914,17/42,33.24%
Endolysosome (GO:0036019),GO_Cellular_Component_2025,-0.7045364096783056,Downregulated,0.9751637692954724,7/24,18.96%
Nuclear Receptor Transcription Pathway R-HSA-383280,Reactome_2022,-0.7071676467723594,Downregulated,0.9732190010536396,3/46,4.69%
poly(U) RNA Binding (GO:0008266),GO_Molecular_Function_2025,-0.7072018880248305,Downregulated,0.9735950321281214,9/17,29.93%
Joubert Syndrome WP4656,WikiPathways_2024_Human,-0.7072211178199471,Downregulated,0.9739788404716408,14/71,19.89%
poly(A)+ mRNA Export From Nucleus (GO:0016973),GO_Biological_Process_2025,-0.707861567857661,Downregulated,0.9737915833950616,5/19,19.18%
"DNA Damage Response, Signal Transduction by P53 Class Mediator (GO:0030330)",GO_Biological_Process_2025,-0.7082419557995918,Downregulated,0.9738546292768095,5/29,13.91%
mTOR signaling pathway,KEGG_2021_Human,-0.7088030437977298,Downregulated,0.9737364048654552,37/143,25.02%
Formation Of HIV-1 Elongation Complex Containing HIV-1 Tat R-HSA-167200,Reactome_2022,-0.7088275745209076,Downregulated,0.9741209155994696,21/42,36.99%
Nuclear Envelope Organization (GO:0006998),GO_Biological_Process_2025,-0.7100073152741747,Downregulated,0.9734124111107014,5/19,20.51%
Signaling By ERBB4 R-HSA-1236394,Reactome_2022,-0.7112296656376732,Downregulated,0.9726549320927308,5/52,6.42%
RUNX2 Regulates Osteoblast Differentiation R-HSA-8940973,Reactome_2022,-0.7113848297148594,Downregulated,0.9729062464135352,3/22,10.86%
Alpha-Tubulin Binding (GO:0043014),GO_Molecular_Function_2025,-0.712088284925086,Downregulated,0.972649101563439,5/35,11.49%
Superoxide Anion Generation (GO:0042554),GO_Biological_Process_2025,-0.7125296454399336,Downregulated,0.9726504274858098,4/15,17.87%
Glucose Metabolism R-HSA-70326,Reactome_2022,-0.7134091024727504,Downregulated,0.9722076057878448,26/78,30.02%
Endomembrane System Organization (GO:0010256),GO_Biological_Process_2025,-0.7144815304390916,Downregulated,0.9715479921653264,62/189,28.55%
Transcriptional Regulation Of Pluripotent Stem Cells R-HSA-452723,Reactome_2022,-0.7149728591832041,Downregulated,0.9714723531064248,4/20,17.53%
Nuclear Pore Complex (NPC) Disassembly R-HSA-3301854,Reactome_2022,-0.7163146991325668,Downregulated,0.970583768298562,11/33,28.36%
NuA4 Histone Acetyltransferase Complex (GO:0035267),GO_Cellular_Component_2025,-0.7178857431136036,Downregulated,0.9694687348695796,6/22,23.90%
H4/H2A Histone Acetyltransferase Complex (GO:0043189),GO_Cellular_Component_2025,-0.7178857431136036,Downregulated,0.9694687348695796,6/22,23.90%
Golgi to Plasma Membrane Protein Transport (GO:0043001),GO_Biological_Process_2025,-0.7184862354527904,Downregulated,0.969675574412177,5/31,10.74%
HIV Transcription Initiation R-HSA-167161,Reactome_2022,-0.7204468890220275,Downregulated,0.9681193039488468,23/44,35.87%
Lysophosphatidic Acid Acyltransferase Activity (GO:0042171),GO_Molecular_Function_2025,-0.7207633233235053,Downregulated,0.9682239967356744,8/22,25.97%
Interleukin 1 IL 1 Structural Pathway WP2637,WikiPathways_2024_Human,-0.7207787201020588,Downregulated,0.9686166390886632,12/49,23.98%
Catabolism Of Skeletal Muscle In Cachexia WP5474,WikiPathways_2024_Human,-0.7207989775350719,Downregulated,0.9690005818292364,11/37,22.95%
Regulation of Ruffle Assembly (GO:1900027),GO_Biological_Process_2025,-0.7212884178124919,Downregulated,0.9689180595158396,10/22,31.98%
Negative Regulation of Receptor Signaling Pathway via JAK-STAT (GO:0046426),GO_Biological_Process_2025,-0.7215854541891809,Downregulated,0.969019751294756,2/15,6.81%
"Unblocking Of NMDA Receptors, Glutamate Binding And Activation R-HSA-438066",Reactome_2022,-0.7217244760340992,Downregulated,0.96929433654964,5/16,20.66%
Regulation of T Cell Migration (GO:2000404),GO_Biological_Process_2025,-0.722055700975961,Downregulated,0.9693520479526764,3/23,5.26%
Cannabinoid Receptor Signaling WP3869,WikiPathways_2024_Human,-0.7221194411536801,Downregulated,0.9696923661594624,11/26,35.04%
EPHA-mediated Growth Cone Collapse R-HSA-3928663,Reactome_2022,-0.7225281401798275,Downregulated,0.9696773618615532,2/15,10.07%
TNF signaling pathway,KEGG_2021_Human,-0.7226469640252319,Downregulated,0.96996879222906,14/105,11.27%
RNA Polymerase III Abortive And Retractive Initiation R-HSA-749476,Reactome_2022,-0.7228766328482045,Downregulated,0.9701351200227016,14/36,30.02%
HCMV Early Events R-HSA-9609690,Reactome_2022,-0.7231572013358898,Downregulated,0.9702592842609324,21/65,28.36%
Brain Derived Neurotrophic Factor BDNF Signaling WP2380,WikiPathways_2024_Human,-0.723927107296266,Downregulated,0.9698792128199266,34/133,25.36%
DNA-directed DNA Polymerase Activity (GO:0003887),GO_Molecular_Function_2025,-0.7245323026147712,Downregulated,0.9696485222864965,4/17,12.64%
Wnt Signaling In Kidney Disease WP4150,WikiPathways_2024_Human,-0.7249581545035035,Downregulated,0.9696137949369676,4/32,8.65%
General Transcription Initiation Factor Binding (GO:0140296),GO_Molecular_Function_2025,-0.7257809062743327,Downregulated,0.969192103479214,9/31,25.26%
B Cell Receptor Signaling Pathway (GO:0050853),GO_Biological_Process_2025,-0.7259610761181583,Downregulated,0.9694115178213694,8/31,18.70%
Histone Deacetylase Activity (GO:0004407),GO_Molecular_Function_2025,-0.727965697133636,Downregulated,0.967618057064459,2/20,4.62%
Positive Regulation of Receptor Signaling Pathway via STAT (GO:1904894),GO_Biological_Process_2025,-0.7282126187154053,Downregulated,0.967776879999618,8/32,22.23%
TNF Related Weak Inducer Of Apoptosis TWEAK Signaling WP2036,WikiPathways_2024_Human,-0.7294469194428356,Downregulated,0.9668609897701924,4/36,10.06%
Regulation of Superoxide Anion Generation (GO:0032928),GO_Biological_Process_2025,-0.7305647118579579,Downregulated,0.9660525087588044,3/16,9.57%
Positive Regulation of Superoxide Anion Generation (GO:0032930),GO_Biological_Process_2025,-0.7305647118579579,Downregulated,0.9660525087588044,3/16,9.57%
Golgi to Plasma Membrane Transport (GO:0006893),GO_Biological_Process_2025,-0.7311872105398692,Downregulated,0.9662104855077164,17/54,26.94%
Signaling By ERBB2 TMD/JMD Mutants R-HSA-9665686,Reactome_2022,-0.7321429026238023,Downregulated,0.9655935560328944,2/20,5.71%
Glycosaminoglycan Synthesis In Fibroblasts WP5395,WikiPathways_2024_Human,-0.7326666310459704,Downregulated,0.9654470634267148,11/38,23.27%
Peptide GPCRs WP24,WikiPathways_2024_Human,-0.732921542104752,Downregulated,0.9655765575254408,12/45,22.22%
Beta-Tubulin Binding (GO:0048487),GO_Molecular_Function_2025,-0.7335669232804417,Downregulated,0.9653224822452924,3/33,6.95%
Purine Ribonucleotide Catabolic Process (GO:0009154),GO_Biological_Process_2025,-0.7336943935018525,Downregulated,0.9656061794157283,3/15,17.39%
Thyroid Stimulating Hormone TSH Signaling WP2032,WikiPathways_2024_Human,-0.7338849053045136,Downregulated,0.9658145346127556,23/56,32.09%
NEP/NS2 Interacts With Cellular Export Machinery R-HSA-168333,Reactome_2022,-0.7349261470209982,Downregulated,0.9650172201682492,11/32,28.36%
Inflammatory Bowel Disease Signaling WP5198,WikiPathways_2024_Human,-0.7356121521381505,Downregulated,0.9646741312557232,4/40,11.93%
Lysine-Acetylated Histone Binding (GO:0070577),GO_Molecular_Function_2025,-0.7358596445176258,Downregulated,0.9648051508497718,7/20,24.98%
Negative Regulation of Extrinsic Apoptotic Signaling Pathway via Death Domain Receptors (GO:1902042),GO_Biological_Process_2025,-0.7367702842807665,Downregulated,0.9642096400601484,5/21,16.77%
Central carbon metabolism in cancer,KEGG_2021_Human,-0.7377170995035118,Downregulated,0.9635149987115847,7/63,9.50%
Glial Cell Development (GO:0021782),GO_Biological_Process_2025,-0.7377579653259391,Downregulated,0.963889298676238,5/21,15.11%
Insulin resistance,KEGG_2021_Human,-0.739159710758506,Downregulated,0.9626495170468428,12/103,9.98%
Abortive Elongation Of HIV-1 Transcript In Absence Of Tat R-HSA-167242,Reactome_2022,-0.7402554646090144,Downregulated,0.9617721084218188,4/23,10.00%
IL18 Signaling WP4754,WikiPathways_2024_Human,-0.7404315016012316,Downregulated,0.9619831896634672,4/52,4.54%
Positive Regulation of Mitophagy (GO:1901526),GO_Biological_Process_2025,-0.7405613056139457,Downregulated,0.96224233973939,7/18,26.82%
Kisspeptin Kisspeptin Receptor System In The Ovary WP4871,WikiPathways_2024_Human,-0.7406694387467716,Downregulated,0.9625266854885522,5/37,9.57%
Phospholipid Transfer Activity (GO:0120014),GO_Molecular_Function_2025,-0.7406917476182523,Downregulated,0.9629117221316128,5/23,17.12%
Cell Surface Toll-Like Receptor Signaling Pathway (GO:0140895),GO_Biological_Process_2025,-0.7438386057801767,Downregulated,0.9595595674181816,4/28,8.81%
Positive Regulation of B Cell Activation (GO:0050871),GO_Biological_Process_2025,-0.7440871278269482,Downregulated,0.9596701292520428,10/49,18.70%
Protein Lipidation (GO:0006497),GO_Biological_Process_2025,-0.7443694147981907,Downregulated,0.959749643022377,7/24,29.28%
TCA Cycle And Deficiency Of Pyruvate Dehydrogenase Complex PDHc WP2453,WikiPathways_2024_Human,-0.7445755277636891,Downregulated,0.9598879624330954,9/16,36.47%
tRNA Metabolic Process (GO:0006399),GO_Biological_Process_2025,-0.7447678891459364,Downregulated,0.960067789977261,13/23,37.56%
Positive Regulation of Cytokine Production Involved in Inflammatory Response (GO:1900017),GO_Biological_Process_2025,-0.7447791722645382,Downregulated,0.960464009098586,2/17,4.60%
Melanosome Organization (GO:0032438),GO_Biological_Process_2025,-0.7453055870211464,Downregulated,0.9602391955460448,3/35,4.46%
Pyruvate Metabolism And Citric Acid (TCA) Cycle R-HSA-71406,Reactome_2022,-0.7454934062702392,Downregulated,0.9604168480019116,15/47,27.66%
Positive Regulation of Epithelial Cell Differentiation (GO:0030858),GO_Biological_Process_2025,-0.7455189325923164,Downregulated,0.9607983730350914,1/19,0.28%
Signaling By ERBB2 R-HSA-1227986,Reactome_2022,-0.7460267696191346,Downregulated,0.960625133052624,5/48,9.57%
Positive Regulation of Cell Cycle Phase Transition (GO:1901989),GO_Biological_Process_2025,-0.7467461268937776,Downregulated,0.9602048155429408,3/16,11.00%
Establishment of Protein Localization to Peroxisome (GO:0072663),GO_Biological_Process_2025,-0.7470255266069464,Downregulated,0.960285893048148,6/16,24.80%
Factors Involved In Megakaryocyte Development And Platelet Production R-HSA-983231,Reactome_2022,-0.7474596591286757,Downregulated,0.960178351745806,23/109,19.46%
Plasma Lipoprotein Clearance R-HSA-8964043,Reactome_2022,-0.7476016326195394,Downregulated,0.9604262004600672,8/31,17.49%
Synthesis Of IP3 And IP4 In Cytosol R-HSA-1855204,Reactome_2022,-0.7476438157709125,Downregulated,0.960791268845096,9/24,23.90%
Core Promoter Sequence-Specific DNA Binding (GO:0001046),GO_Molecular_Function_2025,-0.7493579777371038,Downregulated,0.9590619602635084,16/33,36.41%
Kinase Activity (GO:0016301),GO_Molecular_Function_2025,-0.7496425541169882,Downregulated,0.9591134426294208,23/87,19.96%
Glycolysis R-HSA-70171,Reactome_2022,-0.7497324467003125,Downregulated,0.9594136721319978,20/62,29.51%
Intrinsic Pathway For Apoptosis R-HSA-109606,Reactome_2022,-0.7504660675735361,Downregulated,0.9589178658722132,22/52,32.54%
COPII-coated Vesicle Budding (GO:0090114),GO_Biological_Process_2025,-0.7512663357706827,Downregulated,0.9583018006811832,11/37,24.59%
Regulation of Activated T Cell Proliferation (GO:0046006),GO_Biological_Process_2025,-0.7513958278526347,Downregulated,0.9585547332976996,8/25,23.57%
Monoatomic Ion Channel Complex (GO:0034702),GO_Cellular_Component_2025,-0.7526253326044532,Downregulated,0.9573769135417116,8/26,21.53%
Transposable Element Silencing (GO:0010526),GO_Biological_Process_2025,-0.7537237244559394,Downregulated,0.9564313512236838,4/17,17.07%
Regulation of Protein Processing (GO:0070613),GO_Biological_Process_2025,-0.7537456623680605,Downregulated,0.9568198108992256,3/18,9.18%
FCERI Mediated MAPK Activation R-HSA-2871796,Reactome_2022,-0.7540440386706981,Downregulated,0.9568648307687238,12/28,32.39%
Nucleosome Disassembly (GO:0006337),GO_Biological_Process_2025,-0.7540955819449493,Downregulated,0.957215658462258,8/16,35.08%
Formation Of RNA Pol II Elongation Complex R-HSA-112382,Reactome_2022,-0.7544542303829507,Downregulated,0.957169067034396,21/57,31.42%
Telomere Extension By Telomerase R-HSA-171319,Reactome_2022,-0.7549148756720335,Downregulated,0.9569650314671504,4/23,13.45%
Regulation of Heart Rate by Cardiac Conduction (GO:0086091),GO_Biological_Process_2025,-0.7556053481819492,Downregulated,0.9564716898115436,5/37,9.32%
Viral Messenger RNA Synthesis R-HSA-168325,Reactome_2022,-0.7557560489303584,Downregulated,0.9566886593964152,17/44,31.17%
Regulation of Regulatory T Cell Differentiation (GO:0045589),GO_Biological_Process_2025,-0.7573780447815618,Downregulated,0.9549922910977704,6/19,23.42%
Ganglioside Metabolic Process (GO:0001573),GO_Biological_Process_2025,-0.7578292447174427,Downregulated,0.954829346767746,2/19,6.49%
Positive Regulation of Protein Modification by Small Protein Conjugation or Removal (GO:1903322),GO_Biological_Process_2025,-0.7579781677110697,Downregulated,0.9550686420790792,10/72,12.15%
Secretory Granule Organization (GO:0033363),GO_Biological_Process_2025,-0.7587719615006987,Downregulated,0.9544145532401292,2/26,2.92%
Negative Regulation of Axonogenesis (GO:0050771),GO_Biological_Process_2025,-0.7596825146351011,Downregulated,0.9536620593237292,3/21,10.45%
Dicarboxylic Acid Transmembrane Transporter Activity (GO:0005310),GO_Molecular_Function_2025,-0.7610526005364764,Downregulated,0.952271405906757,5/22,9.37%
Heme Degradation R-HSA-189483,Reactome_2022,-0.7614598285216213,Downregulated,0.9521525145399112,3/15,6.35%
GNAQ Pathways In Port Wine Stain WP5437,WikiPathways_2024_Human,-0.7615040666872247,Downregulated,0.9525077882678528,2/20,5.01%
Heart Process (GO:0003015),GO_Biological_Process_2025,-0.7618465995270074,Downregulated,0.9524464556070704,4/15,11.54%
NOTCH4 Intracellular Domain Regulates Transcription R-HSA-9013695,Reactome_2022,-0.7627699924195,Downregulated,0.9515705871321593,4/18,11.05%
Host Pathogen Interaction Of Human Coronaviruses MAPK Signaling WP4877,WikiPathways_2024_Human,-0.7637639647039672,Downregulated,0.950638420850878,5/33,11.27%
Endosomal Sorting Complex Required For Transport (ESCRT) R-HSA-917729,Reactome_2022,-0.7637984958239392,Downregulated,0.9510081924657884,12/28,32.03%
Receptor Clustering (GO:0043113),GO_Biological_Process_2025,-0.7638091471510174,Downregulated,0.951412051806352,8/24,28.67%
Regulation of Cell Cycle G2/M Phase Transition (GO:1902749),GO_Biological_Process_2025,-0.7657380327712089,Downregulated,0.9491352085540306,3/16,12.31%
Peptidyl-Lysine Methylation (GO:0018022),GO_Biological_Process_2025,-0.7657841894894126,Downregulated,0.9494928500294152,5/16,18.95%
in Utero Embryonic Development (GO:0001701),GO_Biological_Process_2025,-0.766489086461279,Downregulated,0.9489244356821492,3/26,3.94%
Cell Junction Maintenance (GO:0034331),GO_Biological_Process_2025,-0.7665229131928577,Downregulated,0.949294266296581,4/16,12.07%
Positive Regulation of Myeloid Cell Differentiation (GO:0045639),GO_Biological_Process_2025,-0.7677205332416105,Downregulated,0.948054220775805,7/33,14.86%
Negative Regulation of MAP Kinase Activity (GO:0043407),GO_Biological_Process_2025,-0.7684709871858407,Downregulated,0.947422972865127,9/28,23.29%
Stress-Activated Protein Kinase Signaling Cascade (GO:0031098),GO_Biological_Process_2025,-0.7687176976944419,Downregulated,0.9474727065349016,4/17,11.27%
Positive Regulation of Heart Contraction (GO:0045823),GO_Biological_Process_2025,-0.7688585269751119,Downregulated,0.9476882505883156,2/19,3.17%
1-Acylglycerol-3-Phosphate O-acyltransferase Activity (GO:0003841),GO_Molecular_Function_2025,-0.7693407466859077,Downregulated,0.9474231534748646,8/20,25.97%
Measles,KEGG_2021_Human,-0.7693922676009948,Downregulated,0.9477682555189008,35/119,26.67%
Peroxisomal Protein Import R-HSA-9033241,Reactome_2022,-0.7704002772771361,Downregulated,0.9467737751659598,11/57,14.73%
Substrate Adhesion-Dependent Cell Spreading (GO:0034446),GO_Biological_Process_2025,-0.7704815919517631,Downregulated,0.9470708532322296,7/33,13.30%
Common Pathways Underlying Drug Addiction WP2636,WikiPathways_2024_Human,-0.7724544464943219,Downregulated,0.9446766643317854,16/38,28.91%
Phospholipid Transport (GO:0015914),GO_Biological_Process_2025,-0.7725187771876425,Downregulated,0.9449992147204168,12/56,17.49%
AGE RAGE Pathway WP2324,WikiPathways_2024_Human,-0.7725434396484555,Downregulated,0.9453774742856722,7/65,8.82%
Keratan Sulfate Proteoglycan Metabolic Process (GO:0042339),GO_Biological_Process_2025,-0.7728478142283833,Downregulated,0.9453616392494938,7/15,24.42%
Regulation of Natural Killer Cell Mediated Cytotoxicity (GO:0042269),GO_Biological_Process_2025,-0.7738825357281184,Downregulated,0.9442891602577868,12/30,27.76%
RNA Polymerase III Transcription Initiation From Type 3 Promoter R-HSA-76071,Reactome_2022,-0.7740961324384703,Downregulated,0.9443874948881752,10/25,30.02%
Nicotinate and nicotinamide metabolism,KEGG_2021_Human,-0.774293788411428,Downregulated,0.944511582521844,3/31,2.61%
RIP-mediated NFkB Activation Via ZBP1 R-HSA-1810476,Reactome_2022,-0.7762606982199942,Downregulated,0.9421067870884284,5/17,22.95%
Pausing And Recovery Of Tat-mediated HIV Elongation R-HSA-167238,Reactome_2022,-0.7770830470319436,Downregulated,0.9412999313252576,5/30,10.00%
Protein Phosphatase Inhibitor Activity (GO:0004864),GO_Molecular_Function_2025,-0.7773051414808385,Downregulated,0.9413950233951331,9/30,19.42%
Transcription Of HIV Genome R-HSA-167172,Reactome_2022,-0.7786124915474211,Downregulated,0.9398383544581824,28/66,34.83%
Exocytic Vesicle Membrane (GO:0099501),GO_Cellular_Component_2025,-0.7794637465906213,Downregulated,0.9389879575752644,11/59,14.79%
Lipase Activity (GO:0016298),GO_Molecular_Function_2025,-0.7798315019940381,Downregulated,0.9388300628383608,4/38,8.39%
Post-chaperonin Tubulin Folding Pathway R-HSA-389977,Reactome_2022,-0.78002828556798,Downregulated,0.9389694184204608,5/18,19.26%
Platelet Dense Granule Organization (GO:0060155),GO_Biological_Process_2025,-0.7805518192290152,Downregulated,0.938605318850087,2/23,2.92%
Coronavirus disease,KEGG_2021_Human,-0.780561349202565,Downregulated,0.9390071165241152,64/173,31.88%
Serotonin Receptor 2 And ELK SRF GATA4 Signaling WP732,WikiPathways_2024_Human,-0.7809348955516484,Downregulated,0.938865786791482,8/19,30.64%
Transport Of SLBP Dependant Mature mRNA R-HSA-159230,Reactome_2022,-0.7812710576191129,Downregulated,0.938776440997841,11/33,28.36%
Endometrial cancer,KEGG_2021_Human,-0.7812947553593538,Downregulated,0.939154098447166,7/56,9.68%
15Q25 Copy Number Variation WP5408,WikiPathways_2024_Human,-0.7815374981829203,Downregulated,0.939209149838222,11/41,20.93%
Positive Regulation of Purine Nucleotide Catabolic Process (GO:0033123),GO_Biological_Process_2025,-0.7818499962046727,Downregulated,0.9391567311470274,9/17,32.25%
Positive Regulation of Glycolytic Process (GO:0045821),GO_Biological_Process_2025,-0.7818499962046727,Downregulated,0.9391567311470274,9/17,32.25%
HIV Elongation Arrest And Recovery R-HSA-167287,Reactome_2022,-0.7824648392243503,Downregulated,0.9390654698299418,5/32,10.00%
Guanyl Ribonucleotide Binding (GO:0032561),GO_Molecular_Function_2025,-0.7830151882734967,Downregulated,0.9386556276605478,75/203,32.07%
Exopeptidase Activity (GO:0008238),GO_Molecular_Function_2025,-0.7839893196381907,Downregulated,0.9375901873280822,5/47,4.93%
Very Long-Chain Fatty Acid Metabolic Process (GO:0000038),GO_Biological_Process_2025,-0.7848737117083855,Downregulated,0.9366252196809012,7/28,14.73%
Vitamin digestion and absorption,KEGG_2021_Human,-0.7859955613626579,Downregulated,0.9353338644693536,7/20,22.51%
Sphingolipid Biosynthetic Process (GO:0030148),GO_Biological_Process_2025,-0.7869946956370325,Downregulated,0.934212657912451,21/76,21.81%
Translesion Synthesis By POLI R-HSA-5656121,Reactome_2022,-0.7875715603013232,Downregulated,0.9337241101007712,6/17,18.13%
Nuclear Import Of Rev Protein R-HSA-180746,Reactome_2022,-0.7876947571826063,Downregulated,0.9339325649316402,11/30,28.36%
Positive Regulation of B Cell Proliferation (GO:0030890),GO_Biological_Process_2025,-0.7878033058064309,Downregulated,0.934170322239634,6/27,14.01%
Transcription Elongation by RNA Polymerase II (GO:0006368),GO_Biological_Process_2025,-0.7881168242507355,Downregulated,0.9340735622258082,18/28,40.82%
"FOXO-mediated Transcription Of Oxidative Stress, Metabolic And Neuronal Genes R-HSA-9615017",Reactome_2022,-0.7885637722197764,Downregulated,0.9337663574344404,2/24,5.12%
Protein Polymerization (GO:0051258),GO_Biological_Process_2025,-0.7887640380597906,Downregulated,0.9338728920957564,7/50,12.49%
Positive Regulation of Bone Mineralization (GO:0030501),GO_Biological_Process_2025,-0.7904302302066616,Downregulated,0.9316407093974114,9/38,18.59%
"RNA Endonuclease Activity, Producing 5'-Phosphomonoesters (GO:0016891)",GO_Molecular_Function_2025,-0.7904658846385237,Downregulated,0.9320031914619086,4/25,10.97%
Regulation of Necroptotic Process (GO:0060544),GO_Biological_Process_2025,-0.7907209087827363,Downregulated,0.9320029187142208,11/20,33.63%
Amyotrophic Lateral Sclerosis ALS WP2447,WikiPathways_2024_Human,-0.7907249852321725,Downregulated,0.9324110256475224,16/36,32.79%
Sodium Ion Transmembrane Transporter Activity (GO:0015081),GO_Molecular_Function_2025,-0.7910275133454358,Downregulated,0.9323705567358712,12/33,24.57%
Leptin Signaling WP2034,WikiPathways_2024_Human,-0.7917178694870425,Downregulated,0.9316815877475816,24/70,32.39%
Transport Of SLBP Independent Mature mRNA R-HSA-159227,Reactome_2022,-0.7918001489230031,Downregulated,0.9319513075716112,11/32,28.36%
T Cell Mediated Immunity (GO:0002456),GO_Biological_Process_2025,-0.7920449237503243,Downregulated,0.931982399200328,1/15,0.18%
Phosphatidylinositol Binding (GO:0035091),GO_Molecular_Function_2025,-0.792259781991663,Downregulated,0.9320380017493234,26/102,20.41%
Processing Of Capped Intronless Pre-mRNA R-HSA-75067,Reactome_2022,-0.7924494258046662,Downregulated,0.932160746494066,14/28,34.50%
RNA Polymerase III Transcription Initiation From Type 2 Promoter R-HSA-76066,Reactome_2022,-0.79287173935083,Downregulated,0.9318877917305172,5/23,13.34%
APC-Cdc20 Mediated Degradation Of Nek2A R-HSA-179409,Reactome_2022,-0.7929210080276555,Downregulated,0.9322349539062704,5/25,12.20%
Membrane Fission (GO:0090148),GO_Biological_Process_2025,-0.7938857529159847,Downregulated,0.931083081492874,16/39,30.40%
VLDLR Internalisation And Degradation R-HSA-8866427,Reactome_2022,-0.793922272986313,Downregulated,0.9314483309453916,4/15,16.32%
TRAF6 Mediated NF-kB Activation R-HSA-933542,Reactome_2022,-0.7939969520835932,Downregulated,0.9317349243800216,9/20,36.41%
Cellular Response to Interleukin-6 (GO:0071354),GO_Biological_Process_2025,-0.79406806545633,Downregulated,0.9320212411663849,5/22,16.69%
Monoatomic Ion Channel Activity (GO:0005216),GO_Molecular_Function_2025,-0.7945129026747494,Downregulated,0.9316946071951596,14/52,20.90%
Oncogene Induced Senescence R-HSA-2559585,Reactome_2022,-0.79492406600579,Downregulated,0.931415775138028,11/31,29.19%
GPER1 Signaling R-HSA-9634597,Reactome_2022,-0.795515585388706,Downregulated,0.9308260704678938,4/39,5.71%
Fc epsilon RI signaling pathway,KEGG_2021_Human,-0.7968420756406887,Downregulated,0.9290607178709616,26/61,32.54%
Apoptosis,KEGG_2021_Human,-0.7970962069050203,Downregulated,0.9290441360630528,31/128,23.00%
HCMV Infection R-HSA-9609646,Reactome_2022,-0.7984394906304236,Downregulated,0.9273229684397896,32/88,31.15%
Protein Phosphatase Regulator Activity (GO:0019888),GO_Molecular_Function_2025,-0.7985336822855698,Downregulated,0.927595882434519,18/68,20.27%
Neuromuscular Junction (GO:0031594),GO_Cellular_Component_2025,-0.7986449106721204,Downregulated,0.9278267111367088,8/34,17.20%
RNA Splicing (GO:0008380),GO_Biological_Process_2025,-0.7990412010514065,Downregulated,0.927568843876644,22/84,21.04%
Regulation of Transcription Elongation by RNA Polymerase II (GO:0034243),GO_Biological_Process_2025,-0.8001434103909344,Downregulated,0.9261705263863654,25/76,31.26%
Hedgehog Signaling WP47,WikiPathways_2024_Human,-0.8003285203727076,Downregulated,0.9262845904435096,2/16,3.73%
Regulation of Extrinsic Apoptotic Signaling Pathway via Death Domain Receptors (GO:1902041),GO_Biological_Process_2025,-0.8006916021104407,Downregulated,0.9260723801909442,8/28,19.42%
Positive Regulation of Cell Cycle G1/S Phase Transition (GO:1902808),GO_Biological_Process_2025,-0.8008539678528426,Downregulated,0.9262128182359476,10/42,15.87%
Inositol phosphate metabolism,KEGG_2021_Human,-0.8008700594810088,Downregulated,0.9266042973948628,22/69,23.90%
RNA Polymerase III Transcription Termination R-HSA-73980,Reactome_2022,-0.8009740358610995,Downregulated,0.9268547593312876,5/19,13.34%
Negative Regulation of Kinase Activity (GO:0033673),GO_Biological_Process_2025,-0.8016779866055245,Downregulated,0.9260567856747544,7/39,12.08%
Transcription-Coupled Nucleotide Excision Repair (TC-NER) R-HSA-6781827,Reactome_2022,-0.8026409422821418,Downregulated,0.9248158388765456,18/75,17.73%
Negative Regulation of Small Molecule Metabolic Process (GO:0062014),GO_Biological_Process_2025,-0.8049820275333869,Downregulated,0.9211811940815412,9/28,22.29%
Response to Reactive Oxygen Species (GO:0000302),GO_Biological_Process_2025,-0.8052936351720357,Downregulated,0.9210780102876096,8/49,11.54%
Synaptic Vesicle Pathway WP2267,WikiPathways_2024_Human,-0.8059810217984583,Downregulated,0.9203012959784966,8/46,13.03%
Acute Myeloid Leukemia WP5293,WikiPathways_2024_Human,-0.8060734689414504,Downregulated,0.9205560508377566,28/67,32.85%
Glycerophospholipid Biosynthetic Pathway WP2533,WikiPathways_2024_Human,-0.806162422997805,Downregulated,0.9208110366624376,9/28,22.59%
Vesicle Coating (GO:0006901),GO_Biological_Process_2025,-0.8066326243541986,Downregulated,0.9204194140886248,10/29,28.27%
Bile Acid and Bile Salt Transport (GO:0015721),GO_Biological_Process_2025,-0.8072562163024115,Downregulated,0.9197505559799553,3/15,8.99%
Non-Motile Cilium (GO:0097730),GO_Cellular_Component_2025,-0.8080252146137218,Downregulated,0.9188543022364448,9/30,20.14%
VxPx Cargo-Targeting To Cilium R-HSA-5620916,Reactome_2022,-0.8081670247674473,Downregulated,0.9190052566473071,5/20,17.89%
SH3 Domain Binding (GO:0017124),GO_Molecular_Function_2025,-0.8081828156164544,Downregulated,0.9193973947544738,28/50,37.27%
Cellular Response to Type II Interferon (GO:0071346),GO_Biological_Process_2025,-0.8086854188706087,Downregulated,0.9189409766433396,12/39,23.08%
Translesion Synthesis By REV1 R-HSA-110312,Reactome_2022,-0.8088853351701241,Downregulated,0.9189904769416716,6/16,18.13%
Endoplasmic Reticulum Tubular Network (GO:0071782),GO_Cellular_Component_2025,-0.80928346682772,Downregulated,0.9186990658203452,11/29,26.03%
T Cell Homeostasis (GO:0043029),GO_Biological_Process_2025,-0.8094079840048836,Downregulated,0.9188995648026964,7/15,25.36%
Formation Of Tubulin Folding Intermediates By CCT/TriC R-HSA-389960,Reactome_2022,-0.8097687739691207,Downregulated,0.9186847673758808,12/21,40.45%
TOR Signaling (GO:0031929),GO_Biological_Process_2025,-0.8105108521151975,Downregulated,0.9177793421468892,9/31,25.02%
B Cell Receptor Signaling WP23,WikiPathways_2024_Human,-0.8106400242189484,Downregulated,0.9179921663959024,24/92,25.02%
Pancreatic cancer,KEGG_2021_Human,-0.8107927990488261,Downregulated,0.918148771534506,19/75,23.00%
Positive Regulation of Lipid Storage (GO:0010884),GO_Biological_Process_2025,-0.8108229422128906,Downregulated,0.9185014278064793,7/15,27.15%
Eicosanoid Metabolism Via Cyclooxygenases COX WP4719,WikiPathways_2024_Human,-0.8109568504438519,Downregulated,0.9186850118920828,8/26,20.48%
Nuclear Receptors WP170,WikiPathways_2024_Human,-0.8109669676034718,Downregulated,0.9190844051894336,2/33,1.59%
Smith Magenis And Potocki Lupski Syndrome Copy Number Variation WP5381,WikiPathways_2024_Human,-0.8120055046673762,Downregulated,0.9176740118558684,43/150,25.23%
Late Phase Of HIV Life Cycle R-HSA-162599,Reactome_2022,-0.8122756650378887,Downregulated,0.9175986805636496,47/126,32.07%
Positive Regulation of Collagen Biosynthetic Process (GO:0032967),GO_Biological_Process_2025,-0.8126109116942127,Downregulated,0.9174030734380786,3/16,7.93%
RAC3 GTPase Cycle R-HSA-9013423,Reactome_2022,-0.8129283936938356,Downregulated,0.917228510043001,23/89,22.51%
Membrane Fusion (GO:0061025),GO_Biological_Process_2025,-0.8130504951670715,Downregulated,0.9174365146096608,6/27,13.51%
methyl-CpG Binding (GO:0008327),GO_Molecular_Function_2025,-0.8130919078825991,Downregulated,0.917765081719402,10/19,30.88%
Signaling By FGFR In Disease R-HSA-1226099,Reactome_2022,-0.8140617823690139,Downregulated,0.916427041186959,15/55,24.42%
Positive Regulation of JUN Kinase Activity (GO:0043507),GO_Biological_Process_2025,-0.8147326511821381,Downregulated,0.9156411209638652,5/24,17.00%
Negative Regulation of Actin Filament Bundle Assembly (GO:0032232),GO_Biological_Process_2025,-0.8152894229172171,Downregulated,0.9150322866927862,11/27,24.42%
G-protein Mediated Events R-HSA-112040,Reactome_2022,-0.8162174058583229,Downregulated,0.9137817323584604,8/49,13.82%
Myelination (GO:0042552),GO_Biological_Process_2025,-0.8168983017502208,Downregulated,0.9129340108397428,7/48,8.81%
Iron Ion Binding (GO:0005506),GO_Molecular_Function_2025,-0.8170402627764976,Downregulated,0.913094287674579,14/51,17.82%
Sphingolipid Metabolism R-HSA-428157,Reactome_2022,-0.8172219501244636,Downregulated,0.9131558094965678,20/79,19.92%
Regulation Of Actin Dynamics For Phagocytic Cup Formation R-HSA-2029482,Reactome_2022,-0.8173856519893378,Downregulated,0.9132611216587588,23/56,30.49%
Protein Localization R-HSA-9609507,Reactome_2022,-0.8183030075100716,Downregulated,0.912033130499272,43/151,23.66%
Ligand-Gated Monoatomic Cation Channel Activity (GO:0099094),GO_Molecular_Function_2025,-0.8194114483108066,Downregulated,0.910405665979296,14/58,20.13%
Positive Regulation of Collagen Metabolic Process (GO:0010714),GO_Biological_Process_2025,-0.8198663357653745,Downregulated,0.9099843278669082,3/17,7.93%
Axonal Transport (GO:0098930),GO_Biological_Process_2025,-0.8202437791036455,Downregulated,0.909682543525384,14/38,29.22%
Zymogen Activation (GO:0031638),GO_Biological_Process_2025,-0.821142670937029,Downregulated,0.9084391349148896,1/20,0.24%
Gluconeogenesis R-HSA-70263,Reactome_2022,-0.821434464883073,Downregulated,0.908311231046038,11/25,30.02%
Fcgamma Receptor (FCGR) Dependent Phagocytosis R-HSA-2029480,Reactome_2022,-0.8214803298361423,Downregulated,0.9086301851517088,31/80,30.49%
Cytoplasmic Microtubule Organization (GO:0031122),GO_Biological_Process_2025,-0.821487634751883,Downregulated,0.90903228563589,16/53,25.20%
SUMOylation Of Ubiquitinylation Proteins R-HSA-3232142,Reactome_2022,-0.8219137497243834,Downregulated,0.9086827054952824,14/35,30.37%
Mitochondrion Transport Along Microtubule (GO:0047497),GO_Biological_Process_2025,-0.8223517775182603,Downregulated,0.9082855716833153,4/15,12.23%
Protein Localization to Centrosome (GO:0071539),GO_Biological_Process_2025,-0.8227561362551108,Downregulated,0.9079265325027256,6/21,22.41%
Synaptic Membrane (GO:0097060),GO_Cellular_Component_2025,-0.823813733725743,Downregulated,0.906391894586022,7/28,18.79%
Regulation of Sodium Ion Transmembrane Transporter Activity (GO:2000649),GO_Biological_Process_2025,-0.8239161127577467,Downregulated,0.9066195530650882,5/15,19.68%
Ear Morphogenesis (GO:0042471),GO_Biological_Process_2025,-0.8241752930866415,Downregulated,0.9065761674310376,5/16,19.01%
Endocrine System Development (GO:0035270),GO_Biological_Process_2025,-0.824219399110345,Downregulated,0.90691421528141,5/17,17.53%
Fc Receptor Signaling Pathway (GO:0038093),GO_Biological_Process_2025,-0.8243282893435095,Downregulated,0.907113243509602,2/28,2.81%
Positive Regulation of Antigen Receptor-Mediated Signaling Pathway (GO:0050857),GO_Biological_Process_2025,-0.8245114085140337,Downregulated,0.9072011587671832,4/17,17.89%
Regulation of Protein Localization to Cell Periphery (GO:1904375),GO_Biological_Process_2025,-0.8250295104443862,Downregulated,0.9066414576026972,3/23,6.37%
Cellular Response to Amino Acid Starvation (GO:0034198),GO_Biological_Process_2025,-0.8256777521613254,Downregulated,0.905838582838848,22/45,29.90%
TNF Alpha Signaling WP231,WikiPathways_2024_Human,-0.825688995206776,Downregulated,0.9062355573732196,7/89,5.03%
Metal Cation:Proton Antiporter Activity (GO:0051139),GO_Molecular_Function_2025,-0.8264473418896534,Downregulated,0.9052092932773244,5/16,16.93%
RA Biosynthesis Pathway R-HSA-5365859,Reactome_2022,-0.826976035156185,Downregulated,0.9046437622221216,2/19,1.60%
JAK STAT Signaling In The Regulation Of Beta Cells WP5358,WikiPathways_2024_Human,-0.8279318748685266,Downregulated,0.9032290467704878,13/31,32.54%
Th1 and Th2 cell differentiation,KEGG_2021_Human,-0.830879325912363,Downregulated,0.8979430797176755,20/80,23.95%
Synthesis Of PIPs At Early Endosome Membrane R-HSA-1660516,Reactome_2022,-0.8311035167500551,Downregulated,0.8978948854948148,4/16,12.00%
Solute:Inorganic Anion Antiporter Activity (GO:0005452),GO_Molecular_Function_2025,-0.8315388686626596,Downregulated,0.8974504955597051,3/15,9.04%
Regulation of Osteoclast Differentiation (GO:0045670),GO_Biological_Process_2025,-0.8316120024460142,Downregulated,0.8977264021852638,12/41,19.15%
Mitochondrial Translation (GO:0032543),GO_Biological_Process_2025,-0.8316475845302802,Downregulated,0.8980800974990737,35/93,32.56%
Aberrant Regulation Of Mitotic Exit In Cancer Due To RB1 Defects R-HSA-9687136,Reactome_2022,-0.8322754927040448,Downregulated,0.897299414672573,4/19,12.20%
Establishment of Protein Localization to Membrane (GO:0090150),GO_Biological_Process_2025,-0.8326762096964754,Downregulated,0.8969281971061969,9/65,12.54%
Cellular Response to Nerve Growth Factor Stimulus (GO:1990090),GO_Biological_Process_2025,-0.8328127892824085,Downregulated,0.8971017787315589,2/21,1.45%
Amphetamine addiction,KEGG_2021_Human,-0.832977584694806,Downregulated,0.8971839750462588,10/61,10.30%
Positive Regulation of Mitotic Nuclear Division (GO:0045840),GO_Biological_Process_2025,-0.8330366263954616,Downregulated,0.8974777376002756,7/31,15.18%
Plasma Membrane Raft (GO:0044853),GO_Cellular_Component_2025,-0.8343069933125818,Downregulated,0.8954043183716748,7/78,7.95%
Positive Regulation of Substrate Adhesion-Dependent Cell Spreading (GO:1900026),GO_Biological_Process_2025,-0.8344380219488479,Downregulated,0.8955652891353799,9/29,18.21%
Nucleosome Organization (GO:0034728),GO_Biological_Process_2025,-0.8345194554811897,Downregulated,0.8958292460649717,19/56,27.66%
Regulation of Dendrite Morphogenesis (GO:0048814),GO_Biological_Process_2025,-0.8346669660406659,Downregulated,0.8959777750369226,3/28,4.08%
Endometrial Cancer WP4155,WikiPathways_2024_Human,-0.8350944390755203,Downregulated,0.8955567008418982,8/61,9.68%
Notch Binding (GO:0005112),GO_Molecular_Function_2025,-0.8351534986005188,Downregulated,0.895860546393979,4/20,11.05%
Vitamin D In Inflammatory Diseases WP4482,WikiPathways_2024_Human,-0.8355903267737282,Downregulated,0.8953894580854059,12/22,36.41%
Formation Of Cornified Envelope R-HSA-6809371,Reactome_2022,-0.835693711150525,Downregulated,0.8956143917128122,6/28,11.23%
Regulation of B Cell Receptor Signaling Pathway (GO:0050855),GO_Biological_Process_2025,-0.8360335199102114,Downregulated,0.895361817198721,8/15,29.77%
Plasma Membrane Invagination (GO:0099024),GO_Biological_Process_2025,-0.8362647328765416,Downregulated,0.8953320830663224,6/25,14.45%
Constitutive Heterochromatin Formation (GO:0140719),GO_Biological_Process_2025,-0.8363765432501248,Downregulated,0.8955082062882707,15/33,31.70%
Alpha-Amino Acid Metabolic Process (GO:1901605),GO_Biological_Process_2025,-0.8366014512903662,Downregulated,0.8954567425039318,5/25,10.55%
RNA Polymerase II Pre-transcription Events R-HSA-674695,Reactome_2022,-0.8371754995274212,Downregulated,0.8947205357540946,29/77,31.42%
PLC Beta Mediated Events R-HSA-112043,Reactome_2022,-0.8373147429258736,Downregulated,0.8948765052376059,8/44,13.82%
Positive Regulation of Lipid Metabolic Process (GO:0045834),GO_Biological_Process_2025,-0.837530511237487,Downregulated,0.8948615662724966,8/22,25.00%
Nucleosome Assembly (GO:0006334),GO_Biological_Process_2025,-0.8379615834905161,Downregulated,0.8944249265454117,15/38,29.34%
Cell Surface Receptor Signaling Pathway via STAT (GO:0097696),GO_Biological_Process_2025,-0.8381231386726286,Downregulated,0.8945205479126407,16/48,30.37%
Positive Regulation of Extracellular Matrix Organization (GO:1903055),GO_Biological_Process_2025,-0.8381337307876517,Downregulated,0.894923585396527,5/19,16.69%
Glycerolipid metabolism,KEGG_2021_Human,-0.8382924345951099,Downregulated,0.8950245720812968,15/54,19.96%
Recruitment And ATM-mediated Phosphorylation Of Repair And Signal Proteins At DNA Double Strand Breaks R-HSA-5693565,Reactome_2022,-0.8384769738045202,Downregulated,0.8950673806293464,10/46,15.41%
Hedgehog signaling pathway,KEGG_2021_Human,-0.8385468963119165,Downregulated,0.8953669769881105,15/52,22.41%
RNA Nuclease Activity (GO:0004540),GO_Molecular_Function_2025,-0.8388449142369393,Downregulated,0.895164335790249,14/59,19.23%
Host Pathogen Interaction Of Human CoVs Apoptosis WP4864,WikiPathways_2024_Human,-0.8389199928078229,Downregulated,0.8954244215094442,11/21,31.83%
Regulation of Lipid Storage (GO:0010883),GO_Biological_Process_2025,-0.839687819269951,Downregulated,0.8943172367901688,6/24,16.32%
Interleukin-7 Signaling R-HSA-1266695,Reactome_2022,-0.8397110900834466,Downregulated,0.8947007295434464,7/22,24.42%
Regulation of Apoptotic Signaling Pathway (GO:2001233),GO_Biological_Process_2025,-0.8397367259593239,Downregulated,0.8950778416991856,8/37,18.72%
Cellular Response to Ionizing Radiation (GO:0071479),GO_Biological_Process_2025,-0.8401358716803388,Downregulated,0.8946817595043469,14/50,19.98%
Response to Lipopolysaccharide (GO:0032496),GO_Biological_Process_2025,-0.8413278639820584,Downregulated,0.8926812257608308,18/136,13.47%
Sterol Transport (GO:0015918),GO_Biological_Process_2025,-0.8414596042024078,Downregulated,0.892841276203053,7/22,17.49%
Positive Regulation of GTPase Activity (GO:0043547),GO_Biological_Process_2025,-0.8416799077014073,Downregulated,0.8928162604462551,13/103,9.25%
Regulation of Dendrite Extension (GO:1903859),GO_Biological_Process_2025,-0.8416902774076105,Downregulated,0.8932170291258651,9/15,30.22%
Positive Regulation of Dendrite Extension (GO:1903861),GO_Biological_Process_2025,-0.8416902774076105,Downregulated,0.8932170291258651,9/15,30.22%
Regulation of Lipid Metabolic Process (GO:0019216),GO_Biological_Process_2025,-0.841820761099543,Downregulated,0.8937902508521198,6/48,9.21%
Endoderm Differentiation WP2853,WikiPathways_2024_Human,-0.8424738287114766,Downregulated,0.8928851720265771,44/125,31.15%
RHOBTB1 GTPase Cycle R-HSA-9013422,Reactome_2022,-0.8437941644205197,Downregulated,0.8906852784849661,10/23,28.73%
Transcription Corepressor Binding (GO:0001222),GO_Molecular_Function_2025,-0.8441612653080482,Downregulated,0.8903475229203629,17/43,32.12%
LDL Influence On CD14 And TLR4 WP5272,WikiPathways_2024_Human,-0.8442227677130667,Downregulated,0.8906183472774298,5/23,11.27%
Monocarboxylic Acid Biosynthetic Process (GO:0072330),GO_Biological_Process_2025,-0.8450762915797431,Downregulated,0.8892703851822154,3/52,0.55%
P-body (GO:0000932),GO_Cellular_Component_2025,-0.845288583192699,Downregulated,0.8892401729481932,24/71,25.95%
Ciliary Membrane (GO:0060170),GO_Cellular_Component_2025,-0.8453971404332191,Downregulated,0.8894610800027397,5/36,7.64%
Response Of EIF2AK1 (HRI) To Heme Deficiency R-HSA-9648895,Reactome_2022,-0.8464286030704469,Downregulated,0.8877371377786931,6/15,22.49%
Response to Ionizing Radiation (GO:0010212),GO_Biological_Process_2025,-0.8472890613989802,Downregulated,0.8863818408842747,20/70,21.79%
Cholinergic synapse,KEGG_2021_Human,-0.8476318234090404,Downregulated,0.8860471412362119,13/97,9.62%
Aryl Hydrocarbon Receptor Pathway WP2586,WikiPathways_2024_Human,-0.8477604572192395,Downregulated,0.8862046081209787,7/43,10.86%
"Cobalamin (Cbl, Vitamin B12) Transport And Metabolism R-HSA-196741",Reactome_2022,-0.848100835699642,Downregulated,0.8859063597200353,6/15,25.07%
COPI-independent Golgi-to-ER Retrograde Traffic R-HSA-6811436,Reactome_2022,-0.8487142298905539,Downregulated,0.8850490687265175,13/32,25.41%
lncRNA In Canonical Wnt Signaling And Colorectal Cancer WP4258,WikiPathways_2024_Human,-0.8491239333638855,Downregulated,0.8845939115381785,15/85,13.55%
Cardiac Muscle Cell Differentiation (GO:0055007),GO_Biological_Process_2025,-0.8495958946259337,Downregulated,0.8840094272593476,5/24,13.55%
Oligodendrocyte Differentiation Leading To Myelin For CNS WP4304,WikiPathways_2024_Human,-0.8496119350671137,Downregulated,0.8843940970394503,8/23,22.83%
Vasopressin Regulates Renal Water Homeostasis Via Aquaporins R-HSA-432040,Reactome_2022,-0.849682782837213,Downregulated,0.8846609173328387,3/37,1.56%
Phosphatidylinositol signaling system,KEGG_2021_Human,-0.8509518752180325,Downregulated,0.8823862481334293,23/92,18.88%
Measles Virus Infection WP4630,WikiPathways_2024_Human,-0.8509701804953318,Downregulated,0.8827667112735312,42/118,30.68%
Regulation of Muscle Cell Differentiation (GO:0051147),GO_Biological_Process_2025,-0.8512895353342755,Downregulated,0.8825322688741549,10/21,26.50%
Mitophagy R-HSA-5205647,Reactome_2022,-0.8513034494182115,Downregulated,0.8829245549588141,5/25,12.60%
Protein Localization to Membrane (GO:0072657),GO_Biological_Process_2025,-0.8514730726679353,Downregulated,0.8829742500132939,61/188,28.90%
Signaling By NOTCH R-HSA-157118,Reactome_2022,-0.8515720196224912,Downregulated,0.8831830185747819,54/177,25.84%
Regulation of Cardiac Muscle Hypertrophy (GO:0010611),GO_Biological_Process_2025,-0.8521555807221322,Downregulated,0.8823581086574187,7/23,18.44%
Phosphatidylinositol Phospholipase C Activity (GO:0004435),GO_Molecular_Function_2025,-0.8523968904523285,Downregulated,0.8822552714962345,6/22,17.24%
Positive Regulation of Type II Interferon Production (GO:0032729),GO_Biological_Process_2025,-0.852811048555073,Downregulated,0.8817636169190549,17/49,23.57%
Regulation of Cardiac Conduction (GO:1903779),GO_Biological_Process_2025,-0.8528461624683101,Downregulated,0.882118401610349,6/17,24.57%
Pyrophosphatase Activity (GO:0016462),GO_Molecular_Function_2025,-0.8530544194915382,Downregulated,0.8821095745600103,7/55,9.82%
Toll Like Receptor Signaling WP75,WikiPathways_2024_Human,-0.853417659317252,Downregulated,0.8817509022961381,29/78,30.07%
Type II Interferon Signaling WP619,WikiPathways_2024_Human,-0.8538160903894118,Downregulated,0.8813449890709294,11/30,27.62%
Telomere Organization (GO:0032200),GO_Biological_Process_2025,-0.8538466701888575,Downregulated,0.8816979662942508,13/56,19.60%
Regulation of Cell Cycle Phase Transition (GO:1901987),GO_Biological_Process_2025,-0.8548474534929935,Downregulated,0.8799818623903927,8/29,17.73%
Negative Regulation of Interleukin-6 Production (GO:0032715),GO_Biological_Process_2025,-0.8548739180600662,Downregulated,0.8803499869061461,6/27,11.19%
Acute myeloid leukemia,KEGG_2021_Human,-0.8550824036864865,Downregulated,0.8803225193392118,28/66,32.85%
"TICAM1, RIP1-mediated IKK Complex Recruitment R-HSA-168927",Reactome_2022,-0.8554856785998195,Downregulated,0.8798885686814013,7/18,28.52%
RNA Catabolic Process (GO:0006401),GO_Biological_Process_2025,-0.8561570405827592,Downregulated,0.8789058781469699,31/74,32.19%
Neuromuscular Process (GO:0050905),GO_Biological_Process_2025,-0.8564821904913282,Downregulated,0.8786613385429608,4/16,11.75%
Regulation Of TP53 Activity R-HSA-5633007,Reactome_2022,-0.8566350031365214,Downregulated,0.8787667709648396,44/151,23.90%
Monoamine Transport WP727,WikiPathways_2024_Human,-0.8568017926190133,Downregulated,0.8788165894908578,4/30,6.75%
Mitochondrial Ribosome (GO:0005761),GO_Cellular_Component_2025,-0.8568545390464565,Downregulated,0.8791394226356328,7/21,23.37%
SARS-CoV-2 Infection R-HSA-9694516,Reactome_2022,-0.8570648052204276,Downregulated,0.8791066774897219,82/240,30.64%
GTP Binding (GO:0005525),GO_Molecular_Function_2025,-0.8570663917775991,Downregulated,0.879527175654048,71/182,32.07%
Phosphatidylserine Metabolic Process (GO:0006658),GO_Biological_Process_2025,-0.8576985471280787,Downregulated,0.8785524923558964,5/18,21.37%
Regulation of Neural Precursor Cell Proliferation (GO:2000177),GO_Biological_Process_2025,-0.8593715773384936,Downregulated,0.8753134786545338,2/19,1.56%
Ciliary Landscape WP4352,WikiPathways_2024_Human,-0.8594518400998392,Downregulated,0.8755564771472019,42/207,18.22%
MAP3K8 (TPL2)-dependent MAPK1/3 Activation R-HSA-5684264,Reactome_2022,-0.8595995059292488,Downregulated,0.8756654246231711,6/16,28.52%
RAB GEFs Exchange GTP For GDP On RABs R-HSA-8876198,Reactome_2022,-0.8598985916826847,Downregulated,0.8754659880558543,31/86,28.55%
Familial Partial Lipodystrophy WP5102,WikiPathways_2024_Human,-0.8599978666538758,Downregulated,0.8756684544443103,6/29,12.54%
Regulation of Centrosome Cycle (GO:0046605),GO_Biological_Process_2025,-0.8607354297852634,Downregulated,0.8744645400190894,5/20,14.60%
EPHB-mediated Forward Signaling R-HSA-3928662,Reactome_2022,-0.8610129816890993,Downregulated,0.874275779175002,12/30,23.71%
Regulation of Cell-Substrate Junction Assembly (GO:0090109),GO_Biological_Process_2025,-0.861162085784472,Downregulated,0.8743832137422739,6/20,15.76%
Orexin Receptor Pathway WP5094,WikiPathways_2024_Human,-0.8614363738667932,Downregulated,0.8741901838202366,18/70,25.02%
Sphingolipid De Novo Biosynthesis R-HSA-1660661,Reactome_2022,-0.8614941501865945,Downregulated,0.8745012421672734,12/42,19.92%
Canonical Retinoid Cycle In Rods (Twilight Vision) R-HSA-2453902,Reactome_2022,-0.8615793956382384,Downregulated,0.8747495379476896,4/17,13.27%
Cytoplasmic Side of Plasma Membrane (GO:0009898),GO_Cellular_Component_2025,-0.8621392004937115,Downregulated,0.8739341289920256,38/107,30.18%
Regulation of Protein Neddylation (GO:2000434),GO_Biological_Process_2025,-0.8625787889925659,Downregulated,0.8734017060120105,5/17,19.31%
Axon Development (GO:0061564),GO_Biological_Process_2025,-0.8627550708482102,Downregulated,0.8734429743759383,14/83,13.19%
Transcriptional Regulation By AP-2 (TFAP2) Family Of Transcription Factors R-HSA-8864260,Reactome_2022,-0.8631703539411877,Downregulated,0.8729422567151573,8/28,15.18%
Transport Of Mature mRNAs Derived From Intronless Transcripts R-HSA-159234,Reactome_2022,-0.8632764847316852,Downregulated,0.8731086191192349,14/39,28.36%
Regulation of Trans-Synaptic Signaling (GO:0099177),GO_Biological_Process_2025,-0.8639592531679271,Downregulated,0.8720409036157547,6/39,10.28%
Ebstein Barr Virus LMP1 Signaling WP262,WikiPathways_2024_Human,-0.8641648921655299,Downregulated,0.8719898605673855,6/21,22.95%
Mitotic Cytokinetic Process (GO:1902410),GO_Biological_Process_2025,-0.8648819834507224,Downregulated,0.8708270409515818,10/21,32.89%
Thermogenesis WP4321,WikiPathways_2024_Human,-0.8649636725094856,Downregulated,0.8710484829442356,17/100,14.33%
Protein Ubiquitination (GO:0016567),GO_Biological_Process_2025,-0.8656056054382619,Downregulated,0.8700660470113414,120/345,29.55%
Negative Regulation of MAPK Cascade (GO:0043409),GO_Biological_Process_2025,-0.8659552646753388,Downregulated,0.869705641904777,31/114,25.19%
Downregulation Of ERBB2 Signaling R-HSA-8863795,Reactome_2022,-0.867035686759145,Downregulated,0.8676647190665323,3/28,3.52%
Negative Regulation of Protein Ubiquitination (GO:0031397),GO_Biological_Process_2025,-0.8672661049246218,Downregulated,0.8675648031941422,7/48,6.40%
T Cell Antigen Receptor TCR Pathway During Staph A. Infection WP3863,WikiPathways_2024_Human,-0.8681868169902491,Downregulated,0.8659367709484962,15/60,24.02%
Outward Rectifier Potassium Channel Activity (GO:0015271),GO_Molecular_Function_2025,-0.8683266268398441,Downregulated,0.8660288277943656,5/15,17.89%
Fc Receptor Mediated Stimulatory Signaling Pathway (GO:0002431),GO_Biological_Process_2025,-0.8685574987817853,Downregulated,0.8659588682940988,10/23,30.49%
Translation Inhibitors In Chronically Activated PDGFRA Cells WP4566,WikiPathways_2024_Human,-0.8686344807208584,Downregulated,0.8662312978747855,20/45,32.54%
Neural Tube Closure (GO:0001843),GO_Biological_Process_2025,-0.8687823361106802,Downregulated,0.8663248021278577,3/29,2.88%
Regulation of Early Endosome to Late Endosome Transport (GO:2000641),GO_Biological_Process_2025,-0.8688880014024832,Downregulated,0.8664925631447568,4/17,12.86%
Oxysterols Derived From Cholesterol WP4545,WikiPathways_2024_Human,-0.8708664504901377,Downregulated,0.8625525367014216,5/44,8.34%
Basigin Interactions R-HSA-210991,Reactome_2022,-0.8712085263734395,Downregulated,0.8622369397179569,5/22,12.08%
Transmission Across Chemical Synapses R-HSA-112315,Reactome_2022,-0.8716382831971997,Downregulated,0.8616408953133646,49/197,22.47%
Basal transcription factors,KEGG_2021_Human,-0.8717922015593409,Downregulated,0.8617493402136255,21/40,34.15%
U12-type Spliceosomal Complex (GO:0005689),GO_Cellular_Component_2025,-0.8723496445758813,Downregulated,0.8609147915143779,6/22,19.25%
Glioblastoma Signaling WP2261,WikiPathways_2024_Human,-0.8726036206537446,Downregulated,0.8607699627603643,12/80,10.86%
Base-Excision Repair (GO:0006284),GO_Biological_Process_2025,-0.872695270962547,Downregulated,0.8610058846603691,12/37,18.67%
Positive Regulation of DNA Biosynthetic Process (GO:2000573),GO_Biological_Process_2025,-0.8728046396012912,Downregulated,0.861176375911044,6/40,6.13%
Positive Regulation of Immune Response (GO:0050778),GO_Biological_Process_2025,-0.8728896822802038,Downregulated,0.861384575629081,25/75,25.04%
Inorganic Anion Transmembrane Transporter Activity (GO:0015103),GO_Molecular_Function_2025,-0.8733258203423487,Downregulated,0.8607954420643538,7/33,10.87%
Metabolism Of Amino Acids And Derivatives R-HSA-71291,Reactome_2022,-0.8734245158658774,Downregulated,0.860999549260739,89/302,25.99%
Triacylglycerol Lipase Activity (GO:0004806),GO_Molecular_Function_2025,-0.8750905686904006,Downregulated,0.8577015607616262,10/16,37.37%
2Q11 2 Copy Number Variation Syndrome WP5221,WikiPathways_2024_Human,-0.8752758251785607,Downregulated,0.8576810048325522,6/29,16.41%
Positive Regulation of G Protein-Coupled Receptor Signaling Pathway (GO:0045745),GO_Biological_Process_2025,-0.875333533697968,Downregulated,0.8579685497008611,7/23,19.31%
Mitochondrial Biogenesis R-HSA-1592230,Reactome_2022,-0.8756747736824341,Downregulated,0.8576133581079689,17/88,15.91%
Regulation of Cell Growth (GO:0001558),GO_Biological_Process_2025,-0.8756858880532459,Downregulated,0.8580076905367183,48/193,19.95%
IL26 Signaling WP5347,WikiPathways_2024_Human,-0.8757700434005463,Downregulated,0.8582504795937882,4/41,4.99%
Diseases Associated With N-glycosylation Of Proteins R-HSA-3781860,Reactome_2022,-0.8759338659777451,Downregulated,0.8582855277780049,1/20,0.08%
Mammalian Disorder Of Sexual Development WP4842,WikiPathways_2024_Human,-0.876044388201284,Downregulated,0.8584508845258114,2/20,3.73%
Influence Of Laminopathies On Wnt Signaling WP4844,WikiPathways_2024_Human,-0.8760505674765071,Downregulated,0.8588576197711617,9/33,20.51%
Transport Of Mature mRNA Derived From An Intronless Transcript R-HSA-159231,Reactome_2022,-0.8774197219208861,Downregulated,0.8560766690393079,14/38,28.36%
DNA Damage Response (GO:0006974),GO_Biological_Process_2025,-0.8776538214813483,Downregulated,0.8559707945683875,99/394,23.75%
Negative Regulation of Biosynthetic Process (GO:0009890),GO_Biological_Process_2025,-0.8780064580057905,Downregulated,0.8555647672540817,7/39,9.89%
Glycolysis And Gluconeogenesis WP534,WikiPathways_2024_Human,-0.8783586099563576,Downregulated,0.8551796103207282,15/37,31.09%
Renal System Development (GO:0072001),GO_Biological_Process_2025,-0.8786927340783864,Downregulated,0.8547692387747503,8/51,13.50%
Regulation Of Beta-Cell Development R-HSA-186712,Reactome_2022,-0.8787323030236822,Downregulated,0.8551061482311355,9/29,19.82%
Glyoxylate Metabolism And Glycine Degradation R-HSA-389661,Reactome_2022,-0.8795686983738079,Downregulated,0.8535531182391287,19/27,39.22%
Purine Ribonucleotide Metabolic Process (GO:0009150),GO_Biological_Process_2025,-0.8799398753596336,Downregulated,0.853060796638895,9/49,12.60%
mRNA Splicing - Minor Pathway R-HSA-72165,Reactome_2022,-0.8800900915479418,Downregulated,0.8531218879949508,12/47,19.25%
FCERI Mediated Ca+2 Mobilization R-HSA-2871809,Reactome_2022,-0.8801352098759249,Downregulated,0.8534550918867112,6/29,13.29%
Acetylation-Dependent Protein Binding (GO:0140033),GO_Molecular_Function_2025,-0.880291943157553,Downregulated,0.8535223707153687,8/21,24.98%
Pharyngeal System Development (GO:0060037),GO_Biological_Process_2025,-0.8807772856091904,Downregulated,0.8528267375321752,3/16,13.55%
Protein Serine/Threonine Kinase Activator Activity (GO:0043539),GO_Molecular_Function_2025,-0.8811682712179024,Downregulated,0.8523613175553312,10/65,9.82%
Receptor-type Tyrosine-Protein Phosphatases R-HSA-388844,Reactome_2022,-0.8813246606741854,Downregulated,0.8524192427514552,7/16,22.47%
Monoatomic Ion Transport (GO:0006811),GO_Biological_Process_2025,-0.8816245101434517,Downregulated,0.8521468587221916,22/85,21.01%
Transport Of Mature mRNA Derived From An Intron-Containing Transcript R-HSA-159236,Reactome_2022,-0.8816922166856359,Downregulated,0.8524044807126331,24/68,29.30%
17P13 3 YWHAE Copy Number Variation WP5376,WikiPathways_2024_Human,-0.8818996365153455,Downregulated,0.852310845579117,4/19,9.60%
Intrinsic Apoptotic Signaling Pathway in Response to DNA Damage (GO:0008630),GO_Biological_Process_2025,-0.882339782198031,Downregulated,0.8516285854696497,11/50,18.84%
Protein Folding R-HSA-391251,Reactome_2022,-0.8825504720551962,Downregulated,0.8515398266461243,25/85,24.14%
Hedgehog Signaling WP4249,WikiPathways_2024_Human,-0.8830987365569614,Downregulated,0.8506617120548591,8/41,13.55%
Vitamin B12 Metabolism WP1533,WikiPathways_2024_Human,-0.8836443013456684,Downregulated,0.8498083443657779,6/43,6.33%
Regulation of Protein Ubiquitination (GO:0031396),GO_Biological_Process_2025,-0.8846489215536147,Downregulated,0.8478677167206785,14/104,9.27%
RNA Polymerase III Transcription Initiation R-HSA-76046,Reactome_2022,-0.8847233161110548,Downregulated,0.8481193245377338,15/32,33.61%
Oligosaccharide Metabolic Process (GO:0009311),GO_Biological_Process_2025,-0.8847778622689303,Downregulated,0.8484069969649802,7/36,15.09%
Fragile X Syndrome WP4549,WikiPathways_2024_Human,-0.8848993480070109,Downregulated,0.8485432774775862,30/111,25.19%
RNA Polymerase III Transcription Initiation From Type 1 Promoter R-HSA-76061,Reactome_2022,-0.8850410633188319,Downregulated,0.8486301050252326,7/24,18.94%
Regulation of Anoikis (GO:2000209),GO_Biological_Process_2025,-0.8850657357624517,Downregulated,0.8490039486909241,6/18,22.66%
Heterochromatin Formation (GO:0031507),GO_Biological_Process_2025,-0.8850862283776412,Downregulated,0.8493799624747428,15/57,18.92%
Miscellaneous Transport And Binding Events R-HSA-5223345,Reactome_2022,-0.8855855179062289,Downregulated,0.8486230420974534,3/22,7.47%
Renin Angiotensin Aldosterone System RAAS WP4756,WikiPathways_2024_Human,-0.8861992278866023,Downregulated,0.8476713904548752,6/35,10.30%
Regulation of Epidermal Growth Factor Receptor Signaling Pathway (GO:0042058),GO_Biological_Process_2025,-0.8866780228542963,Downregulated,0.846957770444062,13/46,23.29%
Regulation of Fibroblast Migration (GO:0010762),GO_Biological_Process_2025,-0.8869569215382626,Downregulated,0.846729442764545,4/19,9.57%
Melanosome Assembly (GO:1903232),GO_Biological_Process_2025,-0.8871678875157089,Downregulated,0.8466166031252369,2/17,2.92%
Regulation Of TP53 Expression And Degradation R-HSA-6806003,Reactome_2022,-0.8873709227756974,Downregulated,0.8465756351075501,14/36,28.52%
DYRK1A Involvement Regarding Cell Prolif In Brain Development WP5180,WikiPathways_2024_Human,-0.8875194082104729,Downregulated,0.8466192513039325,8/58,7.03%
Chemokine Receptor Activity (GO:0004950),GO_Molecular_Function_2025,-0.8875388222651814,Downregulated,0.8469949792996017,10/23,29.89%
Regulation of Gluconeogenesis (GO:0006111),GO_Biological_Process_2025,-0.8876198311451826,Downregulated,0.8472064710493182,12/32,22.29%
Plasma Lipoprotein Remodeling R-HSA-8963899,Reactome_2022,-0.8876546892285023,Downregulated,0.8475426023844539,8/25,16.87%
Transcription by RNA Polymerase II (GO:0006366),GO_Biological_Process_2025,-0.8877769606922645,Downregulated,0.8476962495251784,69/176,31.92%
Insulin secretion,KEGG_2021_Human,-0.8879238754069244,Downregulated,0.8477892804869847,10/73,8.79%
Cocaine addiction,KEGG_2021_Human,-0.8882312794643601,Downregulated,0.8474760531474548,6/43,8.63%
Physico Chemical Features And Toxicity Associated Pathways WP3680,WikiPathways_2024_Human,-0.8882732387574942,Downregulated,0.8478003532745255,19/61,25.36%
Mitochondrial Ribosome Assembly (GO:0061668),GO_Biological_Process_2025,-0.8884538987347077,Downregulated,0.8477995706396729,4/15,17.58%
L-amino Acid Transmembrane Transporter Activity (GO:0015179),GO_Molecular_Function_2025,-0.8886601222781584,Downregulated,0.8477246281731695,19/54,25.68%
Folate Metabolism WP176,WikiPathways_2024_Human,-0.8897425790644647,Downregulated,0.8456257906622475,11/56,12.29%
Apoptotic Factor-Mediated Response R-HSA-111471,Reactome_2022,-0.8900229291520788,Downregulated,0.8453661959054719,10/17,30.68%
Influenza Infection R-HSA-168255,Reactome_2022,-0.890342611900984,Downregulated,0.845020592723802,52/125,32.28%
Regulation of Cholesterol Storage (GO:0010885),GO_Biological_Process_2025,-0.8903798043893677,Downregulated,0.8453718204814958,7/15,25.30%
Signaling By EGFR In Cancer R-HSA-1643713,Reactome_2022,-0.8903875387911296,Downregulated,0.845782641358038,11/24,32.39%
FCGR3A-mediated IL10 Synthesis R-HSA-9664323,Reactome_2022,-0.8904039048396019,Downregulated,0.846170899139436,3/35,2.81%
C-C Chemokine Receptor Activity (GO:0016493),GO_Molecular_Function_2025,-0.8911636652850395,Downregulated,0.8447873143956497,9/21,29.89%
Acetylcholine Receptor Signaling Pathway (GO:0095500),GO_Biological_Process_2025,-0.8913792666385494,Downregulated,0.8446826866774709,4/22,11.34%
Regulation of Collagen Biosynthetic Process (GO:0032965),GO_Biological_Process_2025,-0.8917257293605069,Downregulated,0.8442920705674457,4/20,7.93%
Regulation of Interleukin-10 Production (GO:0032653),GO_Biological_Process_2025,-0.892046929964679,Downregulated,0.8439743813203553,12/40,23.57%
Endothelin Pathways WP2197,WikiPathways_2024_Human,-0.8921772908219038,Downregulated,0.8441183682903705,6/30,14.29%
DNA Nuclease Activity (GO:0004536),GO_Molecular_Function_2025,-0.8924675916128612,Downregulated,0.8438372695740876,4/17,7.74%
Processive Synthesis On C-strand Of Telomere R-HSA-174414,Reactome_2022,-0.8929873754028946,Downregulated,0.8429950918243481,6/18,16.13%
Regulation of Epidermal Cell Differentiation (GO:0045604),GO_Biological_Process_2025,-0.8937061795318889,Downregulated,0.8416595925467147,4/17,13.34%
Regulation of Cytokine Production Involved in Immune Response (GO:0002718),GO_Biological_Process_2025,-0.8937729972123486,Downregulated,0.8419296668678877,8/24,21.40%
Regulation of Androgen Receptor Signaling Pathway (GO:0060765),GO_Biological_Process_2025,-0.8941965079452387,Downregulated,0.8413064801328324,5/28,14.70%
Transcriptional Activation Of Mitochondrial Biogenesis R-HSA-2151201,Reactome_2022,-0.8945256321803284,Downregulated,0.8409283524706505,17/52,27.13%
Positive Regulation of RNA Metabolic Process (GO:0051254),GO_Biological_Process_2025,-0.8946075212154683,Downregulated,0.8411704775638553,8/18,32.62%
5'-3' RNA Polymerase Activity (GO:0034062),GO_Molecular_Function_2025,-0.8954570837043792,Downregulated,0.8394330927829273,8/26,16.13%
Endolysosome Membrane (GO:0036020),GO_Cellular_Component_2025,-0.8959631102052139,Downregulated,0.8386081778440708,7/17,23.96%
Ficolin-1-Rich Granule Lumen (GO:1904813),GO_Cellular_Component_2025,-0.8961793548733341,Downregulated,0.8385271110211124,43/112,26.73%
Metal Ion SLC Transporters R-HSA-425410,Reactome_2022,-0.8962680941562983,Downregulated,0.8387325284083481,7/22,17.66%
Clathrin-Coated Vesicle Membrane (GO:0030665),GO_Cellular_Component_2025,-0.8962925310180735,Downregulated,0.8390863938583045,17/76,17.49%
Protein K63-linked Ubiquitination (GO:0070534),GO_Biological_Process_2025,-0.8965715490593915,Downregulated,0.8388589652116611,18/49,25.08%
P75 NTR Receptor-Mediated Signaling R-HSA-193704,Reactome_2022,-0.8968997656732614,Downregulated,0.8384981799096659,13/89,8.92%
Rett Syndrome WP4312,WikiPathways_2024_Human,-0.8971397898871731,Downregulated,0.8383282577106409,12/42,24.44%
Positive Regulation of Actin Filament Polymerization (GO:0030838),GO_Biological_Process_2025,-0.8981830189009938,Downregulated,0.8362026624640216,8/37,14.42%
Mitotic G2-G2/M Phases R-HSA-453274,Reactome_2022,-0.8983709218805366,Downregulated,0.8361689950001866,55/180,25.84%
RND1 GTPase Cycle R-HSA-9696273,Reactome_2022,-0.8987813274669145,Downregulated,0.8355429609477609,6/41,8.98%
Acetyltransferase Activity (GO:0016407),GO_Molecular_Function_2025,-0.8994736068131997,Downregulated,0.8342214035967641,10/25,18.09%
Nucleobase-Containing Small Molecule Metabolic Process (GO:0055086),GO_Biological_Process_2025,-0.8995169735733054,Downregulated,0.8345603153582579,3/17,9.46%
Motile Cilium (GO:0031514),GO_Cellular_Component_2025,-0.8996639234997307,Downregulated,0.834628692680602,13/76,14.96%
Signaling By Insulin Receptor R-HSA-74752,Reactome_2022,-0.8998154887167933,Downregulated,0.8346683212771066,9/67,9.50%
Nuclear Estrogen Receptor Binding (GO:0030331),GO_Molecular_Function_2025,-0.9002996897667317,Downregulated,0.8339546237002406,17/33,37.10%
Pattern Recognition Receptor Signaling Pathway (GO:0002221),GO_Biological_Process_2025,-0.9003718914227445,Downregulated,0.8342020261665627,13/59,15.37%
MTHFR Deficiency WP4288,WikiPathways_2024_Human,-0.9007086458068674,Downregulated,0.8338116086989026,6/21,19.60%
Heterotypic Cell-Cell Adhesion (GO:0034113),GO_Biological_Process_2025,-0.900767264936728,Downregulated,0.8340874571949234,6/28,11.02%
3'-UTR-mediated mRNA Stabilization (GO:0070935),GO_Biological_Process_2025,-0.9011504226865216,Downregulated,0.8335883793528418,5/20,17.29%
Translesion Synthesis By POLK R-HSA-5655862,Reactome_2022,-0.9013298346892542,Downregulated,0.8335648551153446,7/17,18.13%
RHO GTPases Activate CIT R-HSA-5625900,Reactome_2022,-0.9014501124499552,Downregulated,0.833686539840393,4/18,10.07%
Regulation of Calcium Ion Transport (GO:0051924),GO_Biological_Process_2025,-0.9015191954554116,Downregulated,0.8339542747216179,9/54,8.63%
Melanoma WP4685,WikiPathways_2024_Human,-0.9019467812166232,Downregulated,0.8332896133464636,11/61,12.75%
Non Genomic Actions Of 1 25 Dihydroxyvitamin D3 WP4341,WikiPathways_2024_Human,-0.902810867620076,Downregulated,0.8315431819332325,15/68,18.53%
Phosphatidylinositol Biosynthetic Process (GO:0006661),GO_Biological_Process_2025,-0.9029548147318408,Downregulated,0.8316215206138898,37/87,31.75%
Phosphatidylinositol Metabolic Process (GO:0046488),GO_Biological_Process_2025,-0.9034325816185712,Downregulated,0.8308818101076303,20/66,22.02%
Regulation of Sodium Ion Transport (GO:0002028),GO_Biological_Process_2025,-0.903436590160945,Downregulated,0.8313043466832383,13/34,26.65%
Downstream Signaling Of Activated FGFR4 R-HSA-5654716,Reactome_2022,-0.9036333686560872,Downregulated,0.8312554511914941,3/22,7.98%
"Phagocytosis, Engulfment (GO:0006911)",GO_Biological_Process_2025,-0.9037861262377648,Downregulated,0.83129178239051,11/25,28.77%
RNA Polymerase I Promoter Escape R-HSA-73772,Reactome_2022,-0.9038993258390292,Downregulated,0.8314202741843194,12/38,18.08%
Regulation of Small GTPase Mediated Signal Transduction (GO:0051056),GO_Biological_Process_2025,-0.9049661942041471,Downregulated,0.8291895762560694,17/151,8.30%
Negative Regulation of Plasma Membrane Bounded Cell Projection Assembly (GO:0120033),GO_Biological_Process_2025,-0.905285042103132,Downregulated,0.8288225930084134,10/34,22.27%
Microtubule Cytoskeleton (GO:0015630),GO_Cellular_Component_2025,-0.905353776229716,Downregulated,0.8290806596480716,80/361,20.51%
Positive Regulation of Regulated Secretory Pathway (GO:1903307),GO_Biological_Process_2025,-0.9062923898174502,Downregulated,0.8271730060493437,3/15,3.67%
Protein Localization to Nucleus (GO:0034504),GO_Biological_Process_2025,-0.9063480689948786,Downregulated,0.8274782131816191,31/118,22.34%
Switching Of Origins To A Post-Replicative State R-HSA-69052,Reactome_2022,-0.9064278773461,Downregulated,0.8276981498465158,34/87,28.52%
Regulation of Sodium Ion Transmembrane Transport (GO:1902305),GO_Biological_Process_2025,-0.9067624647503728,Downregulated,0.8272921995174175,6/19,22.21%
Sphingolipid signaling pathway,KEGG_2021_Human,-0.9068059428056844,Downregulated,0.8276283686622473,19/114,14.34%
JNK Cascade (GO:0007254),GO_Biological_Process_2025,-0.9068983901932594,Downregulated,0.8278325776122974,6/33,10.85%
Positive Regulation of Cellular Component Biogenesis (GO:0044089),GO_Biological_Process_2025,-0.9071587107259164,Downregulated,0.8276031899535459,13/87,9.76%
Nucleoside Monophosphate Kinase Activity (GO:0050145),GO_Molecular_Function_2025,-0.9080165211864796,Downregulated,0.8258724668513545,4/17,8.17%
Protein Heterodimerization Activity (GO:0046982),GO_Molecular_Function_2025,-0.9081823438967792,Downregulated,0.825889431535011,49/182,23.77%
Golgi Organization (GO:0007030),GO_Biological_Process_2025,-0.9084142839717518,Downregulated,0.8257414567834301,49/122,28.32%
Lymphocyte Proliferation (GO:0046651),GO_Biological_Process_2025,-0.9092128710157268,Downregulated,0.824098593001182,7/23,15.45%
Negative Regulation of Cell-Substrate Adhesion (GO:0010812),GO_Biological_Process_2025,-0.9093133321977231,Downregulated,0.8242853933282005,5/34,7.64%
Double-Strand Break Repair (GO:0006302),GO_Biological_Process_2025,-0.9093421549540992,Downregulated,0.8246307479736008,51/166,23.75%
Tumor Necrosis Factor Receptor Superfamily Binding (GO:0032813),GO_Molecular_Function_2025,-0.9096808067133516,Downregulated,0.8242048419840041,7/27,15.45%
Negative Regulation of Binding (GO:0051100),GO_Biological_Process_2025,-0.9097941721325102,Downregulated,0.8243726445746731,18/56,23.48%
"Interleukin-3, Interleukin-5 And GM-CSF Signaling R-HSA-512988",Reactome_2022,-0.9099613545911676,Downregulated,0.8243732732742405,12/41,24.42%
Chronic myeloid leukemia,KEGG_2021_Human,-0.9101754117936288,Downregulated,0.8242639433796903,22/73,24.42%
Heart Contraction (GO:0060047),GO_Biological_Process_2025,-0.9102619996987238,Downregulated,0.824476423433802,16/38,30.33%
Negative Regulation of Wnt Signaling Pathway (GO:0030178),GO_Biological_Process_2025,-0.9102667831549844,Downregulated,0.8248961427402475,38/134,23.32%
Sodium Ion Transport (GO:0006814),GO_Biological_Process_2025,-0.9109618525835504,Downregulated,0.823532277689385,9/76,6.90%
Sterol Biosynthetic Process (GO:0016126),GO_Biological_Process_2025,-0.911078045300546,Downregulated,0.8236802215203669,4/26,8.68%
MAPK Pathway In Congenital Thyroid Cancer WP4928,WikiPathways_2024_Human,-0.9113955761572696,Downregulated,0.8233322016836123,2/15,5.71%
PI-3K cascade:FGFR4 R-HSA-5654720,Reactome_2022,-0.9116302580939531,Downregulated,0.82318750676936,3/16,14.33%
ZBP1(DAI) Mediated Induction Of Type I IFNs R-HSA-1606322,Reactome_2022,-0.9119057025820138,Downregulated,0.8229109737826265,8/20,29.98%
Chemokine Signaling WP3929,WikiPathways_2024_Human,-0.9119323049019974,Downregulated,0.8232753566421732,46/151,24.42%
Neuropeptide Signaling Pathway (GO:0007218),GO_Biological_Process_2025,-0.912003587656692,Downregulated,0.8235346644720545,4/40,6.34%
Regulation of Macromolecule Biosynthetic Process (GO:0010556),GO_Biological_Process_2025,-0.9125704193639896,Downregulated,0.8225318311233125,34/131,19.31%
Regulation of Blood Vessel Endothelial Cell Migration (GO:0043535),GO_Biological_Process_2025,-0.9126680396953688,Downregulated,0.8226992738954976,12/54,14.08%
DNA Double Strand Break Response R-HSA-5693606,Reactome_2022,-0.9126966015343168,Downregulated,0.8230618003040502,11/47,15.41%
FCGR3A-mediated Phagocytosis R-HSA-9664422,Reactome_2022,-0.9128828837260656,Downregulated,0.8230120444346569,29/54,37.15%
"Oxidoreductase Activity, Acting on the Aldehyde or Oxo Group of Donors, NAD or NADP as Acceptor (GO:0016620)",GO_Molecular_Function_2025,-0.9129993339639249,Downregulated,0.8231611251779474,1/19,0.07%
Negative Regulation of Epithelial to Mesenchymal Transition (GO:0010719),GO_Biological_Process_2025,-0.9130078351268582,Downregulated,0.8235685528967512,9/35,19.45%
Phospholipid Catabolic Process (GO:0009395),GO_Biological_Process_2025,-0.91304859215465,Downregulated,0.8239001745727988,10/25,24.07%
Negative Regulation of Canonical Wnt Signaling Pathway (GO:0090090),GO_Biological_Process_2025,-0.9130538926736462,Downregulated,0.824324816093531,31/109,23.32%
Non-small cell lung cancer,KEGG_2021_Human,-0.9131793487384696,Downregulated,0.8244427417864646,19/70,24.42%
Cellular Response to Mechanical Stimulus (GO:0071260),GO_Biological_Process_2025,-0.9134610992959952,Downregulated,0.8241190464745299,9/49,15.37%
Mitotic Anaphase R-HSA-68882,Reactome_2022,-0.914701127297483,Downregulated,0.8213603258460003,77/215,26.71%
Transport Of Mature Transcript To Cytoplasm R-HSA-72202,Reactome_2022,-0.9154852231777256,Downregulated,0.8197465397047682,27/76,29.30%
Small Ribosomal Subunit (GO:0015935),GO_Cellular_Component_2025,-0.9159518709377223,Downregulated,0.8189767507197262,19/31,39.78%
Response to Gamma Radiation (GO:0010332),GO_Biological_Process_2025,-0.9159700946029826,Downregulated,0.8193735681780117,3/20,7.68%
SUMOylation Of DNA Damage Response And Repair Proteins R-HSA-3108214,Reactome_2022,-0.9162755812162976,Downregulated,0.8190545412807233,19/68,19.95%
Visual System Development (GO:0150063),GO_Biological_Process_2025,-0.9163234765677826,Downregulated,0.8193840828423763,9/33,20.72%
PI Metabolism R-HSA-1483255,Reactome_2022,-0.9167616377816048,Downregulated,0.8187100076513819,24/79,21.88%
Protein Phosphatase Binding (GO:0019903),GO_Molecular_Function_2025,-0.9169350398960364,Downregulated,0.8186810111404701,35/116,25.04%
Metabolism Of Water-Soluble Vitamins And Cofactors R-HSA-196849,Reactome_2022,-0.9169591395152904,Downregulated,0.819057169395473,20/109,13.24%
Digestive Tract Development (GO:0048565),GO_Biological_Process_2025,-0.917029903361149,Downregulated,0.8193233377914506,5/32,9.23%
Negative Regulation of Canonical NF-kappaB Signal Transduction (GO:0043124),GO_Biological_Process_2025,-0.9170577319775844,Downregulated,0.8196989707128063,18/58,26.65%
Synaptic Vesicle Cycle (GO:0099504),GO_Biological_Process_2025,-0.9171842142340966,Downregulated,0.8198127047088875,7/41,8.86%
Positive Regulation of Cellular Component Organization (GO:0051130),GO_Biological_Process_2025,-0.9173820445102328,Downregulated,0.8197473637965026,15/103,12.06%
Solute:Sodium Symporter Activity (GO:0015370),GO_Molecular_Function_2025,-0.9177259380033768,Downregulated,0.8193252760121333,11/30,23.09%
Positive Regulation of Telomere Maintenance via Telomere Lengthening (GO:1904358),GO_Biological_Process_2025,-0.917862647154912,Downregulated,0.8194186365390345,7/24,23.01%
Assembly Of Active LPL And LIPC Lipase Complexes R-HSA-8963889,Reactome_2022,-0.918028824313694,Downregulated,0.819414717323955,3/16,4.06%
Regulation of Cell-Substrate Adhesion (GO:0010810),GO_Biological_Process_2025,-0.9188264950500636,Downregulated,0.8178563431490107,9/41,14.55%
Transition Metal Ion Transmembrane Transporter Activity (GO:0046915),GO_Molecular_Function_2025,-0.9191658187456236,Downregulated,0.81740940078335,6/31,11.48%
Deregulated CDK5 Triggers Neurodegenerative Pathways In Alzheimers Disease Models R-HSA-8862803,Reactome_2022,-0.9196885088151506,Downregulated,0.8164660109640379,5/21,9.88%
Defective Intrinsic Pathway For Apoptosis R-HSA-9734009,Reactome_2022,-0.9197246369140444,Downregulated,0.8168170490115894,7/23,17.77%
Telomere Maintenance via Telomere Lengthening (GO:0010833),GO_Biological_Process_2025,-0.9199407084260398,Downregulated,0.8166713249631669,6/27,13.45%
Negative Regulation of Leukocyte Cell-Cell Adhesion (GO:1903038),GO_Biological_Process_2025,-0.9201291418293426,Downregulated,0.8166339925504149,2/19,1.09%
Peptidyl-Serine Modification (GO:0018209),GO_Biological_Process_2025,-0.9202686821693206,Downregulated,0.8167103372988814,24/71,23.72%
Sterol Metabolic Process (GO:0016125),GO_Biological_Process_2025,-0.9202776805939548,Downregulated,0.8171165935147299,13/41,20.84%
Positive Regulation of Lymphocyte Activation (GO:0051251),GO_Biological_Process_2025,-0.920485359174204,Downregulated,0.8170154854839772,12/43,20.07%
G2/M Transition R-HSA-69275,Reactome_2022,-0.9214433905856906,Downregulated,0.8149114067501939,55/178,25.84%
P Granule (GO:0043186),GO_Cellular_Component_2025,-0.921607084094034,Downregulated,0.8149344893555723,7/20,13.98%
Receptor Metabolic Process (GO:0043112),GO_Biological_Process_2025,-0.9216404947253732,Downregulated,0.8152849337921148,2/21,2.24%
ncRNAs In Wnt Signaling In Hepatocellular Carcinoma WP4336,WikiPathways_2024_Human,-0.9217279292117704,Downregulated,0.8155075706032711,16/77,16.42%
Positive Regulation of Epidermal Cell Differentiation (GO:0045606),GO_Biological_Process_2025,-0.92179744994684,Downregulated,0.8157580221419551,2/16,3.85%
Genes Associated With The Development Of Rheumatoid Arthritis WP5033,WikiPathways_2024_Human,-0.9219086519970944,Downregulated,0.8158913278165741,9/17,29.89%
Exercise Induced Circadian Regulation WP410,WikiPathways_2024_Human,-0.9219804690487134,Downregulated,0.8161229978571753,5/45,7.03%
FOXO-mediated Transcription Of Cell Cycle Genes R-HSA-9617828,Reactome_2022,-0.9222797799107696,Downregulated,0.815743438402159,2/15,1.08%
Transcriptional Regulation By E2F6 R-HSA-8953750,Reactome_2022,-0.9227850493505236,Downregulated,0.8149039686540083,9/33,18.80%
Hereditary Leiomyomatosis And Renal Cell Carcinoma Pathway WP4206,WikiPathways_2024_Human,-0.9227877214197614,Downregulated,0.8153380272359403,9/18,29.75%
Regulation of Myelination (GO:0031641),GO_Biological_Process_2025,-0.9228012492573044,Downregulated,0.8157448911565541,3/26,4.46%
Negative Regulation of Fibroblast Proliferation (GO:0048147),GO_Biological_Process_2025,-0.923787257046336,Downregulated,0.8136018525587467,10/17,33.86%
TNF Receptor Superfamily (TNFSF) Members Mediating Non-Canonical NF-kB Pathway R-HSA-5676594,Reactome_2022,-0.9243533639794552,Downregulated,0.81257713932349,8/15,33.63%
Chaperonin-mediated Protein Folding R-HSA-390466,Reactome_2022,-0.924694910431034,Downregulated,0.8121042096060812,24/79,24.14%
T Cell Activation SARS CoV 2 WP5098,WikiPathways_2024_Human,-0.924806802175004,Downregulated,0.8122477906217728,26/82,24.86%
Wnt signaling pathway,KEGG_2021_Human,-0.925030881311688,Downregulated,0.8121057493125786,28/148,16.69%
DNA-templated Transcription Initiation (GO:0006352),GO_Biological_Process_2025,-0.9251394584965478,Downregulated,0.8122836956781123,25/59,31.17%
Neuropeptide Hormone Activity (GO:0005184),GO_Molecular_Function_2025,-0.9252918236255148,Downregulated,0.8123204055757799,3/15,6.99%
Neuropeptide Activity (GO:0160041),GO_Molecular_Function_2025,-0.9252918236255148,Downregulated,0.8123204055757799,3/15,6.99%
Tertiary Granule (GO:0070820),GO_Cellular_Component_2025,-0.9253685858486248,Downregulated,0.8130081196683623,44/138,25.05%
Phosphatidylinositol Phosphate Biosynthetic Process (GO:0046854),GO_Biological_Process_2025,-0.9255538028721476,Downregulated,0.8129391997909239,14/37,26.36%
Protein-Containing Complex Disassembly (GO:0032984),GO_Biological_Process_2025,-0.926106081598524,Downregulated,0.8119065195759517,10/58,14.93%
STING Pathway In Kawasaki Like Disease And COVID 19 WP4961,WikiPathways_2024_Human,-0.9261139214604822,Downregulated,0.8123303621789748,3/20,4.60%
Triacylglyceride Synthesis WP325,WikiPathways_2024_Human,-0.926647036106385,Downregulated,0.8113441706259559,2/22,0.82%
BDNF TrkB Signaling WP3676,WikiPathways_2024_Human,-0.9266882187861292,Downregulated,0.8116838947762395,14/33,32.39%
Positive Regulation of Canonical NF-kappaB Signal Transduction (GO:0043123),GO_Biological_Process_2025,-0.926833486431378,Downregulated,0.8117301669783774,47/189,24.02%
Angiopoietin Like Protein 8 Regulatory Pathway WP3915,WikiPathways_2024_Human,-0.9268620935369104,Downregulated,0.8121003249356543,34/122,25.30%
Hematopoietic SC Differentiation WP2849,WikiPathways_2024_Human,-0.9275523051478888,Downregulated,0.8107300528052729,11/49,13.94%
Negative Regulators Of DDX58/IFIH1 Signaling R-HSA-936440,Reactome_2022,-0.9276106816154768,Downregulated,0.8110130121103797,13/31,29.98%
Negative Regulation of mRNA Processing (GO:0050686),GO_Biological_Process_2025,-0.9276691546307092,Downregulated,0.8113001808547531,5/16,18.30%
"DNA-binding Transcription Activator Activity, RNA Polymerase II-specific (GO:0001228)",GO_Molecular_Function_2025,-0.9277048302202856,Downregulated,0.8116572551063649,38/243,14.13%
Cholesterol Biosynthetic Process (GO:0006695),GO_Biological_Process_2025,-0.9277836576109164,Downregulated,0.8118871742943802,4/24,8.68%
Mitotic Spindle (GO:0072686),GO_Cellular_Component_2025,-0.9280270590457508,Downregulated,0.8116921770486719,36/146,19.49%
Response to Amino Acid Starvation (GO:1990928),GO_Biological_Process_2025,-0.9287434140253996,Downregulated,0.8101999167265601,25/42,33.20%
FRS-mediated FGFR2 Signaling R-HSA-5654700,Reactome_2022,-0.928868971093012,Downregulated,0.810292534536776,3/18,14.33%
Apoptosis R-HSA-109581,Reactome_2022,-0.9292724395243096,Downregulated,0.8097128659940461,62/162,28.09%
Regulation of Ras Protein Signal Transduction (GO:0046578),GO_Biological_Process_2025,-0.9297605735085938,Downregulated,0.8088930835915238,7/29,16.47%
Sphingolipid metabolism,KEGG_2021_Human,-0.9298256758026698,Downregulated,0.8091666390966378,16/44,24.21%
Postmitotic Nuclear Pore Complex (NPC) Reformation R-HSA-9615933,Reactome_2022,-0.9306327806945728,Downregulated,0.8074637755725176,11/25,28.36%
ATP Binding (GO:0005524),GO_Molecular_Function_2025,-0.930711514430814,Downregulated,0.8077028589480588,61/263,20.01%
Excitatory Synapse (GO:0060076),GO_Cellular_Component_2025,-0.9307455837753928,Downregulated,0.8080481472485251,3/19,4.56%
Transcription Cis-Regulatory Region Binding (GO:0000976),GO_Molecular_Function_2025,-0.9307845729920164,Downregulated,0.8083918524351174,127/399,29.14%
Regulation of Inflammatory Response (GO:0050727),GO_Biological_Process_2025,-0.931264802521708,Downregulated,0.8075561969820034,33/213,11.19%
COVID 19 Structural Coverage Map WP5145,WikiPathways_2024_Human,-0.9314657442866904,Downregulated,0.8074473746616662,8/25,18.94%
PINK1-PRKN Mediated Mitophagy R-HSA-5205685,Reactome_2022,-0.931622540772276,Downregulated,0.8074511620047591,9/19,28.96%
Regulation of Cardiac Muscle Cell Action Potential (GO:0098901),GO_Biological_Process_2025,-0.9317936683690768,Downregulated,0.8074746264983066,7/26,20.61%
Myometrial Relaxation And Contraction Pathways WP289,WikiPathways_2024_Human,-0.9319853027627896,Downregulated,0.8074115080428956,27/142,14.74%
Protein Kinase Regulator Activity (GO:0019887),GO_Molecular_Function_2025,-0.9322977564501428,Downregulated,0.8069997239272583,16/102,12.31%
Regulation of Adaptive Immune Response (GO:0002819),GO_Biological_Process_2025,-0.9325159988037264,Downregulated,0.8068751862858611,10/18,29.82%
MyD88:MAL(TIRAP) Cascade Initiated On Plasma Membrane R-HSA-166058,Reactome_2022,-0.932560600210539,Downregulated,0.8072105615562206,15/104,14.23%
Programmed Cell Death R-HSA-5357801,Reactome_2022,-0.9329262719187742,Downregulated,0.8066737011613486,71/187,28.09%
Negative Regulation of Stress Fiber Assembly (GO:0051497),GO_Biological_Process_2025,-0.9331101270471408,Downregulated,0.8066250978299248,10/24,24.42%
Ras Protein Signal Transduction (GO:0007265),GO_Biological_Process_2025,-0.9331170505293782,Downregulated,0.8070543709668497,24/61,25.19%
Plasma Membrane Bounded Cell Projection Assembly (GO:0120031),GO_Biological_Process_2025,-0.9332662257529702,Downregulated,0.807114605250295,35/267,12.99%
Positive Regulation of TOR Signaling (GO:0032008),GO_Biological_Process_2025,-0.933341990812572,Downregulated,0.807359436235564,16/71,19.37%
Alpha 6 Beta 4 Signaling WP244,WikiPathways_2024_Human,-0.9336660847460152,Downregulated,0.806937224950062,4/33,5.71%
Follicle Stimulating Hormone FSH Signaling WP2035,WikiPathways_2024_Human,-0.9345621756993038,Downregulated,0.8049205491781655,11/20,34.38%
DNA Conformation Change (GO:0071103),GO_Biological_Process_2025,-0.9347750285123236,Downregulated,0.8047981965210781,2/15,5.66%
"Wound Healing, Spreading of Cells (GO:0044319)",GO_Biological_Process_2025,-0.9351204404221648,Downregulated,0.8043071493923923,6/26,13.12%
Negative Regulation of Tumor Necrosis Factor Superfamily Cytokine Production (GO:1903556),GO_Biological_Process_2025,-0.935167941846578,Downregulated,0.804621813452283,9/41,11.65%
INO80-type Complex (GO:0097346),GO_Cellular_Component_2025,-0.9352866447736866,Downregulated,0.8047331673910353,10/26,24.46%
Signal Release From Synapse (GO:0099643),GO_Biological_Process_2025,-0.9353760029320788,Downregulated,0.8049385925841849,6/31,10.18%
Embryonic Organ Morphogenesis (GO:0048562),GO_Biological_Process_2025,-0.9359821469490716,Downregulated,0.8037746314941653,3/37,4.10%
ER-nucleus Signaling Pathway (GO:0006984),GO_Biological_Process_2025,-0.9364902466184551,Downregulated,0.802878283497824,9/27,21.94%
Vesicle Organization (GO:0016050),GO_Biological_Process_2025,-0.9366688495115824,Downregulated,0.8028676388576048,21/58,28.55%
Transcription Initiation at RNA Polymerase II Promoter (GO:0006367),GO_Biological_Process_2025,-0.937218575897578,Downregulated,0.8017947338269675,48/101,37.02%
Protein Complex Oligomerization (GO:0051259),GO_Biological_Process_2025,-0.9373051517297334,Downregulated,0.8020090447315061,39/105,27.02%
IRS-related Events Triggered By IGF1R R-HSA-2428928,Reactome_2022,-0.937317419978122,Downregulated,0.8024247312285765,6/42,9.50%
RUNX1 Regulates Genes Involved In Megakaryocyte Differentiation And Platelet Function R-HSA-8936459,Reactome_2022,-0.9387060741646746,Downregulated,0.7991048291317305,12/42,20.86%
Disorders Of Transmembrane Transporters R-HSA-5619115,Reactome_2022,-0.9387110127236232,Downregulated,0.7995412880373242,56/155,26.65%
Secondary Alcohol Biosynthetic Process (GO:1902653),GO_Biological_Process_2025,-0.9392186779654056,Downregulated,0.7986490404371193,4/23,8.68%
Cortical Actin Cytoskeleton Organization (GO:0030866),GO_Biological_Process_2025,-0.9400590300387544,Downregulated,0.7969334820560293,3/17,17.09%
Cellular Component Disassembly (GO:0022411),GO_Biological_Process_2025,-0.9405938015741434,Downregulated,0.7959349314129474,2/37,0.14%
Spliceosomal snRNP Complex (GO:0097525),GO_Cellular_Component_2025,-0.9406017066113171,Downregulated,0.7963572720395625,13/52,19.93%
Th17 cell differentiation,KEGG_2021_Human,-0.9406488763192572,Downregulated,0.7966694602027237,17/97,16.69%
Positive Regulation of Neutrophil Chemotaxis (GO:0090023),GO_Biological_Process_2025,-0.9407604343228688,Downregulated,0.7968146332398374,8/16,20.95%
Negative Regulation of Ossification (GO:0030279),GO_Biological_Process_2025,-0.9411243934054592,Downregulated,0.7962948033693525,2/29,0.28%
HIV Life Cycle R-HSA-162587,Reactome_2022,-0.9413108710511036,Downregulated,0.7962463420175416,53/139,32.07%
Monocyte Chemotaxis (GO:0002548),GO_Biological_Process_2025,-0.9415331868303556,Downregulated,0.7960929633617717,5/17,6.52%
MicroRNAs In Cardiomyocyte Hypertrophy WP1544,WikiPathways_2024_Human,-0.9416036654357672,Downregulated,0.7963430605511076,23/81,24.42%
Natural killer cell mediated cytotoxicity,KEGG_2021_Human,-0.9423684902659007,Downregulated,0.7948194644384179,39/92,33.28%
Unfolded Protein Response WP4925,WikiPathways_2024_Human,-0.942879735154308,Downregulated,0.7938507986231332,5/23,8.54%
Regulation of Potassium Ion Transport (GO:0043266),GO_Biological_Process_2025,-0.9434146702697436,Downregulated,0.7928770260622784,10/31,20.14%
Monoatomic Cation Channel Activity (GO:0005261),GO_Molecular_Function_2025,-0.943590890083802,Downregulated,0.7928331745340383,8/94,2.66%
SUMOylation Of RNA Binding Proteins R-HSA-4570464,Reactome_2022,-0.9436046258403096,Downregulated,0.7932456622269559,17/43,26.60%
Positive Regulation of T Cell Proliferation (GO:0042102),GO_Biological_Process_2025,-0.944234361224648,Downregulated,0.7919386491346443,14/54,15.45%
Cellular Response To Starvation R-HSA-9711097,Reactome_2022,-0.9452430226605628,Downregulated,0.7897029361824531,57/126,34.77%
Axon Guidance WP5289,WikiPathways_2024_Human,-0.9454309311477712,Downregulated,0.7896323559935545,10/68,8.95%
Pyroptosis R-HSA-5620971,Reactome_2022,-0.9456382676919076,Downregulated,0.7895227382019239,11/21,30.68%
Listeria Monocytogenes Entry Into Host Cells R-HSA-8876384,Reactome_2022,-0.9463600939628078,Downregulated,0.7880137523275091,5/19,22.80%
Roles Of Ceramides In Development Of Insulin Resistance WP5181,WikiPathways_2024_Human,-0.9468601614768862,Downregulated,0.7871439026619266,9/21,25.36%
SARS-CoV Infections R-HSA-9679506,Reactome_2022,-0.9469096867025508,Downregulated,0.787458591245818,98/324,28.52%
Male Gonad Development (GO:0008584),GO_Biological_Process_2025,-0.9475346838085766,Downregulated,0.7862090997379725,5/31,8.77%
Response to Amino Acid (GO:0043200),GO_Biological_Process_2025,-0.947627132029594,Downregulated,0.7863606066944128,9/30,17.74%
Calcium Ion Import Into Cytosol (GO:1902656),GO_Biological_Process_2025,-0.9480546533077556,Downregulated,0.7856341008270334,4/25,8.79%
Positive Regulation of JNK Cascade (GO:0046330),GO_Biological_Process_2025,-0.94844598811185,Downregulated,0.7850342240291368,15/74,15.08%
Nervous System Development R-HSA-9675108,Reactome_2022,-0.9484729252716082,Downregulated,0.7854106841453129,90/480,17.09%
Ubiquitin mediated proteolysis,KEGG_2021_Human,-0.9490025096214292,Downregulated,0.784429232680243,37/135,23.32%
Acidic Amino Acid Transmembrane Transporter Activity (GO:0015172),GO_Molecular_Function_2025,-0.9490501848383074,Downregulated,0.7847389020907387,6/16,20.12%
Striated Muscle Tissue Development (GO:0014706),GO_Biological_Process_2025,-0.94918814798623,Downregulated,0.7848083080130481,5/31,10.07%
Positive Regulation of Proteasomal Ubiquitin-Dependent Protein Catabolic Process (GO:0032436),GO_Biological_Process_2025,-0.950377819425234,Downregulated,0.7820428683481678,12/70,13.55%
Atrioventricular Valve Morphogenesis (GO:0003181),GO_Biological_Process_2025,-0.9514685079489228,Downregulated,0.7795232915440357,3/20,4.63%
Spliceosome,KEGG_2021_Human,-0.9517942110584076,Downregulated,0.7790698808104072,41/119,28.11%
Type 2 Papillary Renal Cell Carcinoma WP4241,WikiPathways_2024_Human,-0.9519700718618664,Downregulated,0.7789905699745734,9/31,19.31%
Signaling By VEGF R-HSA-194138,Reactome_2022,-0.9521425377359632,Downregulated,0.7789606489965791,18/98,12.75%
Rap1 Signaling R-HSA-392517,Reactome_2022,-0.9522055392035454,Downregulated,0.7792277446041745,5/15,15.47%
Positive Regulation of Cell Migration Involved in Sprouting Angiogenesis (GO:0090050),GO_Biological_Process_2025,-0.9522979350704714,Downregulated,0.7794143933466644,6/17,12.75%
Defense Response to Fungus (GO:0050832),GO_Biological_Process_2025,-0.9523182379639836,Downregulated,0.779799515026486,5/26,8.27%
Regulation of ATP Metabolic Process (GO:1903578),GO_Biological_Process_2025,-0.9523337148761608,Downregulated,0.7801932289129637,8/15,19.31%
Regulation of Lipid Biosynthetic Process (GO:0046890),GO_Biological_Process_2025,-0.952359578572263,Downregulated,0.7805683598108417,9/23,25.00%
Positive Regulation of Cytoskeleton Organization (GO:0051495),GO_Biological_Process_2025,-0.952679208819774,Downregulated,0.7801379576043055,14/65,14.42%
Regulation of Fibroblast Growth Factor Receptor Signaling Pathway (GO:0040036),GO_Biological_Process_2025,-0.9529263381387588,Downregulated,0.7799146233348462,8/18,18.83%
Sphingolipid Metabolism In Senescence WP5121,WikiPathways_2024_Human,-0.953558267496417,Downregulated,0.7786642129611384,9/28,19.92%
15Q11Q13 Copy Number Variation WP5407,WikiPathways_2024_Human,-0.9536872158134604,Downregulated,0.7787518166665114,10/54,12.18%
Negative Regulation of Cytoplasmic Pattern Recognition Receptor Signaling Pathway (GO:0039532),GO_Biological_Process_2025,-0.9537811541952348,Downregulated,0.778945183629559,15/33,24.69%
Presynaptic Endocytosis (GO:0140238),GO_Biological_Process_2025,-0.953890557617608,Downregulated,0.7790807949740581,6/19,9.97%
Regulation of Immunoglobulin Production (GO:0002637),GO_Biological_Process_2025,-0.9549812462202086,Downregulated,0.776607448413055,15/26,38.68%
PERK Regulates Gene Expression R-HSA-381042,Reactome_2022,-0.9552280257908696,Downregulated,0.7763710751637293,15/29,32.19%
Regulation of Canonical NF-kappaB Signal Transduction (GO:0043122),GO_Biological_Process_2025,-0.9566343479821002,Downregulated,0.7729108000823588,48/249,18.55%
Protein Localization to Microtubule Organizing Center (GO:1905508),GO_Biological_Process_2025,-0.9568124577486355,Downregulated,0.7728737087706854,6/19,22.41%
Endopeptidase Activator Activity (GO:0061133),GO_Molecular_Function_2025,-0.9569894907724716,Downregulated,0.7728570962362489,11/22,32.08%
Glycerophospholipid metabolism,KEGG_2021_Human,-0.9575471290049122,Downregulated,0.7717426205288463,20/90,16.03%
Protein Phosphatase Type 2A Complex (GO:0000159),GO_Cellular_Component_2025,-0.9575873588776648,Downregulated,0.7720677554271458,7/16,26.71%
MAPK Signaling WP382,WikiPathways_2024_Human,-0.9577114667979656,Downregulated,0.7721986595966087,32/225,11.27%
Spliceosomal snRNP Assembly (GO:0000387),GO_Biological_Process_2025,-0.9577951721440356,Downregulated,0.7724181602768292,16/36,31.80%
Regulation Of PTEN Gene Transcription R-HSA-8943724,Reactome_2022,-0.9579602037154896,Downregulated,0.7723703662109488,15/57,17.74%
JAK-STAT signaling pathway,KEGG_2021_Human,-0.9588705481258044,Downregulated,0.7702941572301155,16/128,11.98%
Potassium Channel Regulator Activity (GO:0015459),GO_Molecular_Function_2025,-0.9590323277949696,Downregulated,0.770289037643525,14/41,20.14%
Cellular Response to Interferon-Beta (GO:0035458),GO_Biological_Process_2025,-0.9591856695158314,Downregulated,0.7703223958596335,6/17,22.57%
MFAP5 Effect On Permeability And Motility Of Endothelial Cells WP4560,WikiPathways_2024_Human,-0.9592293576081432,Downregulated,0.7706487130000294,8/18,28.09%
Negative Epigenetic Regulation Of rRNA Expression R-HSA-5250941,Reactome_2022,-0.9593530083777756,Downregulated,0.770752494253153,17/56,21.34%
Synaptic Signaling Associated With Autism Spectrum Disorder WP4539,WikiPathways_2024_Human,-0.9593827638268254,Downregulated,0.7711104160793312,24/47,33.38%
Cytoskeleton-Dependent Intracellular Transport (GO:0030705),GO_Biological_Process_2025,-0.9595892871857508,Downregulated,0.7709886581578046,6/15,30.61%
Negative Regulation Of MET Activity R-HSA-6807004,Reactome_2022,-0.9596948035713884,Downregulated,0.7711562231513964,6/21,22.80%
rRNA Methylation (GO:0031167),GO_Biological_Process_2025,-0.9597126128939308,Downregulated,0.771557067068045,5/17,17.38%
Regulation of Protein Transport (GO:0051223),GO_Biological_Process_2025,-0.959745699514858,Downregulated,0.7719183560274852,4/22,5.36%
U2 snRNP (GO:0005686),GO_Cellular_Component_2025,-0.9598374975769236,Downregulated,0.7721233435578567,10/21,35.76%
Regulation of Substrate Adhesion-Dependent Cell Spreading (GO:1900024),GO_Biological_Process_2025,-0.9607423433787728,Downregulated,0.7700682685136991,13/44,18.21%
Adenine Nucleotide Transmembrane Transporter Activity (GO:0000295),GO_Molecular_Function_2025,-0.9608690536595776,Downregulated,0.7701576796693047,4/16,10.92%
Myoblast Differentiation (GO:0045445),GO_Biological_Process_2025,-0.9612223428051032,Downregulated,0.7695943204353812,5/21,12.69%
MAPK signaling pathway,KEGG_2021_Human,-0.961279320569746,Downregulated,0.7698870098233134,38/270,11.27%
Primary Focal Segmental Glomerulosclerosis FSGS WP2572,WikiPathways_2024_Human,-0.9621558879118424,Downregulated,0.7679075525629895,11/66,9.68%
NS1 Mediated Effects On Host Pathways R-HSA-168276,Reactome_2022,-0.962293771134287,Downregulated,0.767991756714183,15/37,30.12%
Establishment of Protein Localization to Mitochondrial Membrane (GO:0090151),GO_Biological_Process_2025,-0.9625471698532276,Downregulated,0.7677412355220572,9/24,21.56%
Regulation of Cold-Induced Thermogenesis (GO:0120161),GO_Biological_Process_2025,-0.9630325857454772,Downregulated,0.7668543721514642,21/132,11.19%
Regulation of Macrophage Derived Foam Cell Differentiation (GO:0010743),GO_Biological_Process_2025,-0.9631081146260486,Downregulated,0.7670935708736156,8/28,16.32%
Hematopoietic Progenitor Cell Differentiation (GO:0002244),GO_Biological_Process_2025,-0.9633065069647117,Downregulated,0.7669969445758013,4/25,7.45%
Glioma,KEGG_2021_Human,-0.9633404332917528,Downregulated,0.7673414262478757,12/68,12.64%
Regulation of Protein-Containing Complex Assembly (GO:0043254),GO_Biological_Process_2025,-0.9634306099435332,Downregulated,0.7675264049073944,22/120,15.90%
Adenyl Ribonucleotide Binding (GO:0032559),GO_Molecular_Function_2025,-0.9634679971905548,Downregulated,0.7678750773512323,68/294,20.01%
SCF Ubiquitin Ligase Complex (GO:0019005),GO_Cellular_Component_2025,-0.9634920351218406,Downregulated,0.768261048790336,18/58,23.32%
Regulation Of TP53 Degradation R-HSA-6804757,Reactome_2022,-0.9636608551236442,Downregulated,0.7682435235094569,18/35,34.61%
Transport Of Ribonucleoproteins Into Host Nucleus R-HSA-168271,Reactome_2022,-0.964524870863918,Downregulated,0.7663555752849983,13/32,30.12%
Long-Term Memory (GO:0007616),GO_Biological_Process_2025,-0.964779423635682,Downregulated,0.7661026265469462,7/20,17.49%
Mitochondrial Outer Membrane (GO:0005741),GO_Cellular_Component_2025,-0.9649590972403974,Downregulated,0.7660377570397852,58/156,29.46%
Thyroxine Thyroid Hormone Production WP1981,WikiPathways_2024_Human,-0.9653411885742526,Downregulated,0.7654220119727158,5/22,15.47%
Ion Channel Transport R-HSA-983712,Reactome_2022,-0.9659599960346203,Downregulated,0.7641768865314327,33/149,16.53%
Ethanol Effects On Histone Modifications WP3996,WikiPathways_2024_Human,-0.9663670302148348,Downregulated,0.7635173894590052,5/31,10.32%
Negative Regulation of Immune System Process (GO:0002683),GO_Biological_Process_2025,-0.9670735942448232,Downregulated,0.7619654720548454,8/48,9.99%
InlB-mediated Entry Of Listeria Monocytogenes Into Host Cell R-HSA-8875360,Reactome_2022,-0.9671313581423804,Downregulated,0.7622499477121368,5/15,22.80%
Regulation Of TP53 Activity Thru Methylation R-HSA-6804760,Reactome_2022,-0.9673940822751956,Downregulated,0.7619788371070417,7/18,23.28%
Endonuclease Activity (GO:0004519),GO_Molecular_Function_2025,-0.969168589840757,Downregulated,0.7574465714230655,14/52,17.65%
Neuromuscular Synaptic Transmission (GO:0007274),GO_Biological_Process_2025,-0.9692673168577052,Downregulated,0.7576223384926918,6/15,16.21%
MicroRNA (miRNA) Biogenesis R-HSA-203927,Reactome_2022,-0.9695367575215186,Downregulated,0.7572884015469655,14/24,34.83%
Negative Regulation of ERK1 and ERK2 Cascade (GO:0070373),GO_Biological_Process_2025,-0.9695381024659904,Downregulated,0.7577323721456176,13/44,19.51%
mRNA 3-End Processing R-HSA-72187,Reactome_2022,-0.9695633010557864,Downregulated,0.7580947072742977,21/54,29.30%
22Q11 2 Copy Number Variation Syndrome WP4657,WikiPathways_2024_Human,-0.9696152487927574,Downregulated,0.7584033676311205,21/103,13.94%
Blood Circulation (GO:0008015),GO_Biological_Process_2025,-0.9699870463843546,Downregulated,0.7578462362483,15/43,23.71%
Signaling By Activin R-HSA-1502540,Reactome_2022,-0.9705352436007004,Downregulated,0.7567678818751508,2/15,2.44%
Regulation of Vascular Associated Smooth Muscle Cell Proliferation (GO:1904705),GO_Biological_Process_2025,-0.9707868614798316,Downregulated,0.7565505057984443,7/37,7.77%
Positive Regulation of Canonical Wnt Signaling Pathway (GO:0090263),GO_Biological_Process_2025,-0.9708308932393144,Downregulated,0.7568815204090299,19/85,16.74%
Serotonin HTR1 Group And FOS Pathway WP722,WikiPathways_2024_Human,-0.9710061985918136,Downregulated,0.7568098301394474,4/32,7.62%
Cyclin A:Cdk2-associated Events At S Phase Entry R-HSA-69656,Reactome_2022,-0.9711435184761058,Downregulated,0.7568501710100689,31/82,28.52%
Negative Regulation of Protein Localization to Membrane (GO:1905476),GO_Biological_Process_2025,-0.9715172499107868,Downregulated,0.7562485082048364,5/25,11.46%
Phospholipase Activator Activity (GO:0016004),GO_Molecular_Function_2025,-0.9717124183763212,Downregulated,0.7561989056572961,3/15,7.62%
Wnt Signaling WP428,WikiPathways_2024_Human,-0.9717154767867398,Downregulated,0.7566451293323706,23/104,16.42%
Salmonella infection,KEGG_2021_Human,-0.9721202277572062,Downregulated,0.7560352041253716,89/229,32.17%
MECP2 And Associated Rett Syndrome WP3584,WikiPathways_2024_Human,-0.9721977666443492,Downregulated,0.7562774718757861,21/62,26.72%
Embryo Development Ending in Birth or Egg Hatching (GO:0009792),GO_Biological_Process_2025,-0.972490012576004,Downregulated,0.7559312632874079,5/16,14.02%
Fc-gamma Receptor Signaling Pathway Involved in Phagocytosis (GO:0038096),GO_Biological_Process_2025,-0.9725407619200556,Downregulated,0.756241732394147,10/21,30.49%
Organic Hydroxy Compound Transport (GO:0015850),GO_Biological_Process_2025,-0.9726142710592308,Downregulated,0.7565157297077953,8/36,11.19%
Positive Regulation of Proteasomal Protein Catabolic Process (GO:1901800),GO_Biological_Process_2025,-0.9728022145185672,Downregulated,0.7564412674650179,18/95,13.55%
Striated Muscle Cell Development (GO:0055002),GO_Biological_Process_2025,-0.9728941693757178,Downregulated,0.7566440674320328,3/25,2.70%
Cytoplasmic Side of Endoplasmic Reticulum Membrane (GO:0098554),GO_Cellular_Component_2025,-0.97346713232731,Downregulated,0.7555177273056409,7/20,22.58%
Organophosphate Ester Transport (GO:0015748),GO_Biological_Process_2025,-0.9740282258671676,Downregulated,0.7544092172797636,7/25,17.49%
Positive Regulation of Lymphocyte Proliferation (GO:0050671),GO_Biological_Process_2025,-0.9740525438926464,Downregulated,0.7547937932719623,17/68,15.45%
Mitochondrial Gene Expression (GO:0140053),GO_Biological_Process_2025,-0.9741219437592624,Downregulated,0.7550472877928606,44/99,34.75%
"Alanine, aspartate and glutamate metabolism",KEGG_2021_Human,-0.9741698924093466,Downregulated,0.7553722314225129,10/34,17.91%
Negative Regulation of Double-Strand Break Repair (GO:2000780),GO_Biological_Process_2025,-0.9746432826508444,Downregulated,0.7545492940736143,10/34,18.67%
RHOA GTPase Cycle R-HSA-8980692,Reactome_2022,-0.9747484248402988,Downregulated,0.7546941139990327,18/143,8.86%
Transcriptional Regulation Of White Adipocyte Differentiation R-HSA-381340,Reactome_2022,-0.9747910165447826,Downregulated,0.755018717363788,16/81,15.91%
DDX58/IFIH1-mediated Induction Of Interferon-Alpha/Beta R-HSA-168928,Reactome_2022,-0.9751846363605332,Downregulated,0.7543773713760028,12/59,15.48%
"Phosphotransferase Activity, Alcohol Group as Acceptor (GO:0016773)",GO_Molecular_Function_2025,-0.9754248320472916,Downregulated,0.7541998048437648,23/77,19.96%
RHOB GTPase Cycle R-HSA-9013026,Reactome_2022,-0.9760813690616896,Downregulated,0.7528474603822733,12/66,13.94%
"Transport Of Vitamins, Nucleosides, And Related Molecules R-HSA-425397",Reactome_2022,-0.9771421613193448,Downregulated,0.7503275091242105,9/37,11.15%
Positive Regulation of NF-kappaB Transcription Factor Activity (GO:0051092),GO_Biological_Process_2025,-0.9771885367645652,Downregulated,0.7506447446634162,27/94,20.77%
Cytokine Receptor Binding (GO:0005126),GO_Molecular_Function_2025,-0.9774202316931934,Downregulated,0.7504301716760834,9/80,5.37%
RNA degradation,KEGG_2021_Human,-0.9777445464588924,Downregulated,0.749959821442534,29/70,32.19%
Carboxylic Acid Transmembrane Transport (GO:1905039),GO_Biological_Process_2025,-0.9779028330830958,Downregulated,0.7499494024975113,9/47,10.87%
Signaling By Retinoic Acid R-HSA-5362517,Reactome_2022,-0.977935530736556,Downregulated,0.7503130372083064,7/37,9.63%
Removal Of Flap Intermediate From C-strand R-HSA-174437,Reactome_2022,-0.9791767285483576,Downregulated,0.7473443368201789,6/16,16.13%
Disassembly Of Destruction Complex And Recruitment Of AXIN To Membrane R-HSA-4641262,Reactome_2022,-0.980021136085403,Downregulated,0.7454532771591916,6/25,15.70%
Peptidyl-Tyrosine Dephosphorylation (GO:0035335),GO_Biological_Process_2025,-0.9800917738372104,Downregulated,0.7457121972122064,2/20,0.21%
Negative Regulation Of PI3K/AKT Network R-HSA-199418,Reactome_2022,-0.9801368844842032,Downregulated,0.7460504465846536,18/101,15.18%
GPCRs Class A Rhodopsin Like WP455,WikiPathways_2024_Human,-0.9807008096233758,Downregulated,0.7449084449180526,37/135,21.05%
tRNA Processing In Nucleus R-HSA-6784531,Reactome_2022,-0.9811627310531486,Downregulated,0.7440239748787357,21/51,28.36%
Notch signaling pathway,KEGG_2021_Human,-0.9816024681713073,Downregulated,0.7432787638263944,12/54,14.56%
Cell Morphogenesis Involved in Neuron Differentiation (GO:0048667),GO_Biological_Process_2025,-0.982044597218456,Downregulated,0.7424793652416725,14/72,13.19%
Axon Guidance R-HSA-422475,Reactome_2022,-0.982264939702418,Downregulated,0.7422878277917447,87/457,17.09%
"Phosphatidylinositol-3,4,5-Trisphosphate Binding (GO:0005547)",GO_Molecular_Function_2025,-0.9823540079043264,Downregulated,0.7424983454709895,11/34,22.04%
SARS CoV 2 Innate Immunity Evasion And Cell Immune Response WP5039,WikiPathways_2024_Human,-0.9824175792019912,Downregulated,0.74277187872722,12/57,12.00%
Cellular Defense Response (GO:0006968),GO_Biological_Process_2025,-0.9824801308565646,Downregulated,0.7430320293630387,21/39,33.64%
Angiogenesis WP1539,WikiPathways_2024_Human,-0.9824846528309592,Downregulated,0.7434716159337951,9/24,22.40%
Positive Regulation of Vascular Associated Smooth Muscle Cell Proliferation (GO:1904707),GO_Biological_Process_2025,-0.9828390152164656,Downregulated,0.7429180283017662,6/21,12.21%
Regulation of Proteasomal Protein Catabolic Process (GO:0061136),GO_Biological_Process_2025,-0.9830013866602608,Downregulated,0.7429415535158681,24/54,28.91%
DAP12 Signaling R-HSA-2424491,Reactome_2022,-0.9831663937503952,Downregulated,0.742948465097759,14/26,37.42%
RHOC GTPase Cycle R-HSA-9013106,Reactome_2022,-0.9834315398441512,Downregulated,0.7426556422372118,9/72,7.92%
RHOG GTPase Cycle R-HSA-9013408,Reactome_2022,-0.9836013493976924,Downregulated,0.7426268896965059,21/72,24.72%
Protein Localization to Golgi Apparatus (GO:0034067),GO_Biological_Process_2025,-0.983729400117074,Downregulated,0.7427539553914045,15/27,26.44%
Anterior/Posterior Pattern Specification (GO:0009952),GO_Biological_Process_2025,-0.983883538254447,Downregulated,0.7427694735334776,4/45,1.62%
Pathogenic Escherichia coli infection,KEGG_2021_Human,-0.9850801508093008,Downregulated,0.7398869569708247,45/175,23.71%
Translesion Synthesis By Y Family DNA Polymerases Bypasses Lesions On DNA Template R-HSA-110313,Reactome_2022,-0.9856892720591148,Downregulated,0.7386959337892595,12/38,18.13%
DNA Repair R-HSA-73894,Reactome_2022,-0.9868814107785508,Downregulated,0.735853913999019,67/283,18.46%
Positive Regulation of Supramolecular Fiber Organization (GO:1902905),GO_Biological_Process_2025,-0.9870429966125148,Downregulated,0.7358078104135543,18/88,12.26%
RNA Polymerase II Transcription Termination R-HSA-73856,Reactome_2022,-0.9871165792948188,Downregulated,0.7360381229087308,24/63,29.30%
Vitamin D Receptor Pathway WP2877,WikiPathways_2024_Human,-0.98760320398212,Downregulated,0.7351315744138083,13/134,5.06%
Import Into the Mitochondrion (GO:0170036),GO_Biological_Process_2025,-0.988267758493884,Downregulated,0.7337431384882461,13/41,14.78%
Ras Activation Upon Ca2+ Influx Thru NMDA Receptor R-HSA-442982,Reactome_2022,-0.988685789141966,Downregulated,0.7330447238963178,6/15,22.46%
Regulation of Mitotic Spindle Assembly (GO:1901673),GO_Biological_Process_2025,-0.9889176423061437,Downregulated,0.7328516172511281,10/19,25.93%
Phosphoric Ester Hydrolase Activity (GO:0042578),GO_Molecular_Function_2025,-0.989601265861318,Downregulated,0.7313906268283351,17/48,23.70%
C-type lectin receptor signaling pathway,KEGG_2021_Human,-0.9896520859696432,Downregulated,0.7316935603981565,30/100,24.42%
Ceramide Metabolic Process (GO:0006672),GO_Biological_Process_2025,-0.9897025153646656,Downregulated,0.7320085571218274,10/46,14.34%
Arrhythmogenic Right Ventricular Cardiomyopathy WP2118,WikiPathways_2024_Human,-0.9899195398542489,Downregulated,0.7318370040980826,12/68,11.02%
TNF Signaling R-HSA-75893,Reactome_2022,-0.9901915166275752,Downregulated,0.7315284334372325,23/44,36.31%
mRNA 5'-UTR Binding (GO:0048027),GO_Molecular_Function_2025,-0.9903875191034488,Downregulated,0.7314500744743401,8/18,23.08%
Negative Regulation of Innate Immune Response (GO:0045824),GO_Biological_Process_2025,-0.9905484543773952,Downregulated,0.731437542857993,16/54,19.32%
Bladder Cancer WP2828,WikiPathways_2024_Human,-0.990603360965172,Downregulated,0.7317335629134345,7/37,11.44%
Regulation of Lamellipodium Assembly (GO:0010591),GO_Biological_Process_2025,-0.990917688816864,Downregulated,0.7313185592995805,11/28,24.42%
Calcium Ion Transmembrane Import Into Cytosol (GO:0097553),GO_Biological_Process_2025,-0.9909679721985885,Downregulated,0.731622943456095,16/69,17.89%
Positive Regulation of Protein Metabolic Process (GO:0051247),GO_Biological_Process_2025,-0.990983375688518,Downregulated,0.7320378477666252,62/188,24.02%
Regulation of Response to External Stimulus (GO:0032101),GO_Biological_Process_2025,-0.9911352069110902,Downregulated,0.7320418049815228,36/114,22.98%
Regulation of Cell Communication (GO:0010646),GO_Biological_Process_2025,-0.9911566202994756,Downregulated,0.7324332193144784,9/62,9.04%
RAC1 PAK1 P38 MMP2 Pathway WP3303,WikiPathways_2024_Human,-0.991381139930427,Downregulated,0.7322490974500584,7/67,3.78%
Signaling By Type 1 Insulin-like Growth Factor 1 Receptor (IGF1R) R-HSA-2404192,Reactome_2022,-0.9916423070647052,Downregulated,0.7319727335406371,7/44,9.50%
Cellular Response to Amino Acid Stimulus (GO:0071230),GO_Biological_Process_2025,-0.9917564284596652,Downregulated,0.7320981941511662,12/36,17.74%
Positive Regulation of miRNA Metabolic Process (GO:2000630),GO_Biological_Process_2025,-0.9920430950186014,Downregulated,0.7317720135762863,9/50,12.38%
Negative Regulation of Monoatomic Ion Transport (GO:0043271),GO_Biological_Process_2025,-0.9921255696560218,Downregulated,0.7319764159329449,5/16,12.24%
Modulators Of TCR Signaling And T Cell Activation WP5072,WikiPathways_2024_Human,-0.9927262146413393,Downregulated,0.730798172414307,17/61,24.42%
Ovarian Tumor Domain Proteases R-HSA-5689896,Reactome_2022,-0.9934316646281104,Downregulated,0.7292034864612164,7/35,14.23%
DNA Methylation-Dependent Constitutive Heterochromatin Formation (GO:0006346),GO_Biological_Process_2025,-0.9940272747520218,Downregulated,0.7280508723789766,9/17,30.88%
Influenza Viral RNA Transcription And Replication R-HSA-168273,Reactome_2022,-0.9941030110394642,Downregulated,0.7282882180240148,45/108,32.28%
Metabolism Of Non-Coding RNA R-HSA-194441,Reactome_2022,-0.994808208607727,Downregulated,0.7267718508638598,17/48,28.36%
Anterior/Posterior Axis Specification (GO:0009948),GO_Biological_Process_2025,-0.9949258286705208,Downregulated,0.7268835961129005,3/17,5.84%
Positive Regulation of DNA-binding Transcription Factor Activity (GO:0051091),GO_Biological_Process_2025,-0.9950214540476138,Downregulated,0.7270621432418998,48/154,24.79%
Cellular Response To Chemical Stress R-HSA-9711123,Reactome_2022,-0.9953296899947456,Downregulated,0.7266309395086673,58/171,27.78%
Non Small Cell Lung Cancer WP4255,WikiPathways_2024_Human,-0.9965165854955806,Downregulated,0.7237058701491368,27/70,32.54%
Estrogen Receptor Signaling Pathway (GO:0030520),GO_Biological_Process_2025,-0.9972332186287146,Downregulated,0.7221210637882786,9/15,39.25%
Protein Localization to Cell Periphery (GO:1990778),GO_Biological_Process_2025,-0.9982700385372478,Downregulated,0.7196120363606344,35/130,23.73%
Mitochondrial Calcium Ion Homeostasis (GO:0051560),GO_Biological_Process_2025,-0.9985766843818166,Downregulated,0.7191936771360744,10/18,25.39%
Positive Regulation of DNA Replication (GO:0045740),GO_Biological_Process_2025,-0.9988329082937022,Downregulated,0.7189063899498627,6/23,19.53%
Establishment of Protein Localization to Organelle (GO:0072594),GO_Biological_Process_2025,-0.9988442493625792,Downregulated,0.719329205621197,29/79,30.17%
Nucleotide-Excision Repair (GO:0006289),GO_Biological_Process_2025,-0.9990162077249916,Downregulated,0.7193051630618474,18/51,21.34%
10Q11 21Q11 23 Copy Number Variation Syndrome WP5352,WikiPathways_2024_Human,-0.9990654796020372,Downregulated,0.7196155375339626,20/53,28.98%
Positive Regulation of G1/S Transition of Mitotic Cell Cycle (GO:1900087),GO_Biological_Process_2025,-0.9993322606014576,Downregulated,0.7192882917472696,14/32,23.26%
Positive Regulation of miRNA Transcription (GO:1902895),GO_Biological_Process_2025,-0.9995244525459006,Downregulated,0.7192037680986437,7/45,9.02%
Protein Autophosphorylation (GO:0046777),GO_Biological_Process_2025,-0.999894013401527,Downregulated,0.7186049562809009,42/131,22.68%
Organophosphate Biosynthetic Process (GO:0090407),GO_Biological_Process_2025,-0.9999252210126828,Downregulated,0.7189642087439917,9/33,15.49%
Gland Development (GO:0048732),GO_Biological_Process_2025,-1.000437601157756,Downregulated,0.7179796807358706,14/57,17.89%
Regulation of Protein Secretion (GO:0050708),GO_Biological_Process_2025,-1.000452855884001,Downregulated,0.7183831049290995,22/80,21.48%
Ribosome,KEGG_2021_Human,-1.0008131645396112,Downregulated,0.7178084557917579,57/102,39.79%
Budding And Maturation Of HIV Virion R-HSA-162588,Reactome_2022,-1.0010059970803495,Downregulated,0.7177092065021059,12/25,32.03%
PI3K/AKT Signaling In Cancer R-HSA-2219528,Reactome_2022,-1.0010636458139448,Downregulated,0.7180031058809633,11/94,9.68%
DNA-directed RNA Polymerase Activity (GO:0003899),GO_Molecular_Function_2025,-1.0013809619241092,Downregulated,0.71758678829046,8/24,16.13%
Response to Estrogen (GO:0043627),GO_Biological_Process_2025,-1.0017812365468677,Downregulated,0.7168961820832596,9/29,16.91%
Receptor Internalization (GO:0031623),GO_Biological_Process_2025,-1.001795690467819,Downregulated,0.7173049529022011,16/50,24.69%
Alpha-Actinin Binding (GO:0051393),GO_Molecular_Function_2025,-1.0032691671374196,Downregulated,0.7137009794877919,7/19,23.06%
Gamma-Tubulin Binding (GO:0043015),GO_Molecular_Function_2025,-1.0041232618651503,Downregulated,0.7117779747130512,13/24,35.98%
cAMP Binding (GO:0030552),GO_Molecular_Function_2025,-1.0042128762525944,Downregulated,0.7119970539152467,3/16,6.87%
Synthesis Of PIPs At Plasma Membrane R-HSA-1660499,Reactome_2022,-1.0042298032850352,Downregulated,0.7124045125990306,13/50,12.55%
Positive Regulation of Myeloid Leukocyte Differentiation (GO:0002763),GO_Biological_Process_2025,-1.0042484716369489,Downregulated,0.7128124870533002,9/40,15.10%
Positive Regulation of MAPK Cascade (GO:0043410),GO_Biological_Process_2025,-1.0044551528659609,Downregulated,0.7127117052848573,54/314,13.28%
Regulation Of TNFR1 Signaling R-HSA-5357905,Reactome_2022,-1.0049173860628131,Downregulated,0.7119270630822292,20/35,36.31%
Prolactin signaling pathway,KEGG_2021_Human,-1.0049729484350618,Downregulated,0.7122102941283359,26/61,32.54%
Infection With Mycobacterium Tuberculosis R-HSA-9635486,Reactome_2022,-1.005140183587088,Downregulated,0.7122025331743314,12/25,31.82%
Regulation of Neurotransmitter Transport (GO:0051588),GO_Biological_Process_2025,-1.0056725965107969,Downregulated,0.7111230261644642,6/16,20.63%
Interactions Immune Cells And miRNAs In Tumor Microenvironment WP4559,WikiPathways_2024_Human,-1.0057318361165088,Downregulated,0.7114214013277116,7/27,16.52%
Processing Of SMDT1 R-HSA-8949664,Reactome_2022,-1.0060173132931651,Downregulated,0.7111023110602115,9/16,29.46%
Positive Regulation of p38MAPK Cascade (GO:1900745),GO_Biological_Process_2025,-1.0061343868983117,Downregulated,0.7112323047551702,6/20,18.24%
Regulation of Osteoblast Differentiation (GO:0045667),GO_Biological_Process_2025,-1.0061483948575,Downregulated,0.7116411130751538,21/88,20.56%
Interleukin-12 Family Signaling R-HSA-447115,Reactome_2022,-1.006217878309153,Downregulated,0.7119019366893301,10/51,12.08%
LDL Clearance R-HSA-8964038,Reactome_2022,-1.0062466169297533,Downregulated,0.7122753010364602,6/15,17.49%
Regulation Of TP53 Activity Thru Acetylation R-HSA-6804758,Reactome_2022,-1.0064399489078195,Downregulated,0.7121992636733746,12/29,23.90%
Costimulation By CD28 Family R-HSA-388841,Reactome_2022,-1.006600177800019,Downregulated,0.712190691973838,9/59,13.59%
Translesion Synthesis By POLH R-HSA-110320,Reactome_2022,-1.0066133944083184,Downregulated,0.7125976194718413,5/19,9.37%
Hepatitis C,KEGG_2021_Human,-1.006657593918824,Downregulated,0.7129191755094602,50/132,30.68%
Positive Regulation of Receptor-Mediated Endocytosis (GO:0048260),GO_Biological_Process_2025,-1.0069039581651424,Downregulated,0.7126532084296444,11/38,15.08%
Positive Regulation of Telomere Maintenance via Telomerase (GO:0032212),GO_Biological_Process_2025,-1.0069526531010298,Downregulated,0.7129729282698283,13/21,38.46%
Membrane Raft (GO:0045121),GO_Cellular_Component_2025,-1.0069591937743778,Downregulated,0.7134171920220322,22/163,9.91%
Negative Regulation of DNA Metabolic Process (GO:0051053),GO_Biological_Process_2025,-1.007440699336358,Downregulated,0.7125170076803727,8/31,15.80%
Regulation of Immune Response (GO:0050776),GO_Biological_Process_2025,-1.007462369940396,Downregulated,0.7129150339295193,11/78,9.31%
MicroRNAs in cancer,KEGG_2021_Human,-1.0078800169880924,Downregulated,0.7122377026220871,28/166,13.41%
Adenylate Cyclase-Activating G Protein-Coupled Receptor Signaling Pathway (GO:0007189),GO_Biological_Process_2025,-1.008289915491852,Downregulated,0.7115228530190219,31/109,21.47%
RHOJ GTPase Cycle R-HSA-9013409,Reactome_2022,-1.0088364335356712,Downregulated,0.7104968982537008,8/54,6.46%
Interleukin-1 Family Signaling R-HSA-446652,Reactome_2022,-1.0090013516686334,Downregulated,0.7105001683616324,46/138,27.78%
N-acetyltransferase Activity (GO:0008080),GO_Molecular_Function_2025,-1.009232888887886,Downregulated,0.7102708857628117,5/16,14.60%
Positive Regulation of Proteolysis Involved in Protein Catabolic Process (GO:1903052),GO_Biological_Process_2025,-1.009452496660241,Downregulated,0.7101285730381919,24/38,33.24%
Nucleotide Excision Repair R-HSA-5696398,Reactome_2022,-1.009658933082947,Downregulated,0.7100335674902902,26/104,18.01%
Negative Regulation of Proteolysis (GO:0045861),GO_Biological_Process_2025,-1.0097973027955685,Downregulated,0.7100741044480012,5/32,9.16%
Positive Regulation of Protein Localization (GO:1903829),GO_Biological_Process_2025,-1.0099371827702632,Downregulated,0.7101469061127718,18/94,14.31%
Signaling By SCF-KIT R-HSA-1433557,Reactome_2022,-1.0099597803422264,Downregulated,0.7105444362603104,3/41,2.02%
PI3K Events In ERBB2 Signaling R-HSA-1963642,Reactome_2022,-1.0101601639744058,Downregulated,0.7104548295216316,10/15,41.82%
Inner Mitochondrial Membrane Organization (GO:0007007),GO_Biological_Process_2025,-1.010247914105557,Downregulated,0.7106624968139592,13/37,18.94%
RNA Polymerase III Chain Elongation R-HSA-73780,Reactome_2022,-1.010270250999684,Downregulated,0.7110472901259458,5/15,13.34%
Regulation of Vascular Endothelial Cell Proliferation (GO:1905562),GO_Biological_Process_2025,-1.0102764424618769,Downregulated,0.7114872116982093,4/17,11.02%
Sarcolemma (GO:0042383),GO_Cellular_Component_2025,-1.010409897491637,Downregulated,0.7115758396038793,7/48,6.87%
Regulation of Embryonic Development (GO:0045995),GO_Biological_Process_2025,-1.010479284725774,Downregulated,0.7118556514081127,17/57,19.60%
Protein Monoubiquitination (GO:0006513),GO_Biological_Process_2025,-1.0105395058076772,Downregulated,0.7121288874448393,15/39,25.44%
Negative Regulation of Protein Modification by Small Protein Conjugation or Removal (GO:1903321),GO_Biological_Process_2025,-1.0107153753338038,Downregulated,0.7121062452300887,10/50,9.27%
Regulation of Defense Response (GO:0031347),GO_Biological_Process_2025,-1.0111151547925648,Downregulated,0.7114860922357275,28/86,24.89%
Adrenergic Receptor Signaling Pathway (GO:0071875),GO_Biological_Process_2025,-1.0113190295247554,Downregulated,0.7113826693474281,10/16,33.22%
Nuclear Membrane (GO:0031965),GO_Cellular_Component_2025,-1.01187686469848,Downregulated,0.7103361216511551,65/214,25.69%
Positive Regulation of Muscle Hypertrophy (GO:0014742),GO_Biological_Process_2025,-1.0120664852239467,Downregulated,0.7102681685069472,3/16,3.36%
Negative Regulation of Cytokine Production Involved in Immune Response (GO:0002719),GO_Biological_Process_2025,-1.0125221784923342,Downregulated,0.7094764848710551,2/15,7.52%
Negative Regulation of Protein Metabolic Process (GO:0051248),GO_Biological_Process_2025,-1.0125946112083746,Downregulated,0.7097207624410017,34/132,20.93%
Release of Sequestered Calcium Ion Into Cytosol (GO:0051209),GO_Biological_Process_2025,-1.012685558771866,Downregulated,0.7099235106024212,13/42,20.14%
Adherens Junction Organization (GO:0034332),GO_Biological_Process_2025,-1.0128888600789725,Downregulated,0.7098093590117369,7/28,14.83%
Adrenergic signaling in cardiomyocytes,KEGG_2021_Human,-1.0130162334677717,Downregulated,0.7098906024746868,44/133,25.36%
Positive Regulation of Cell Adhesion (GO:0045785),GO_Biological_Process_2025,-1.0130991332750134,Downregulated,0.7101078350683916,22/81,17.89%
Thymic Stromal Lymphopoietin TSLP Signaling WP2203,WikiPathways_2024_Human,-1.0131242910581502,Downregulated,0.7104939565016207,9/37,23.95%
Regulation of Cell Size (GO:0008361),GO_Biological_Process_2025,-1.0132501820561866,Downregulated,0.7106030188535619,4/24,12.08%
Tight Junction Assembly (GO:0120192),GO_Biological_Process_2025,-1.0140103584071838,Downregulated,0.7089586159798609,5/41,4.46%
Regulation Of RUNX1 Expression And Activity R-HSA-8934593,Reactome_2022,-1.0144809521856168,Downregulated,0.7080804474860652,5/17,21.71%
C-C Chemokine Binding (GO:0019957),GO_Molecular_Function_2025,-1.0147087393304766,Downregulated,0.7078679674958809,3/22,2.12%
Cholesterol Transport (GO:0030301),GO_Biological_Process_2025,-1.0148094822695612,Downregulated,0.7080582248258328,14/43,17.49%
Protein Neddylation (GO:0045116),GO_Biological_Process_2025,-1.0151983956712645,Downregulated,0.7074624525381126,5/20,16.94%
Notch Signaling WP268,WikiPathways_2024_Human,-1.01565704365009,Downregulated,0.7066106583307247,7/40,10.32%
Acrosomal Vesicle (GO:0001669),GO_Cellular_Component_2025,-1.0158618253360383,Downregulated,0.7064989744975495,7/46,10.18%
Long-term Potentiation R-HSA-9620244,Reactome_2022,-1.016662333276762,Downregulated,0.7047317651912489,6/18,20.66%
Sema4D Induced Cell Migration And Growth-Cone Collapse R-HSA-416572,Reactome_2022,-1.0167710207583245,Downregulated,0.7048893024133951,3/20,10.07%
Regulatory ncRNA-mediated Post-Transcriptional Gene Silencing (GO:0035194),GO_Biological_Process_2025,-1.018364855510313,Downregulated,0.7008201987094399,7/22,20.33%
Hexose Metabolic Process (GO:0019318),GO_Biological_Process_2025,-1.018601254013234,Downregulated,0.7005916394839683,13/43,18.32%
Cyclin E Associated Events During G1/S Transition R-HSA-69202,Reactome_2022,-1.018922703257004,Downregulated,0.7001590338075633,31/80,28.52%
Interleukin-12 Signaling R-HSA-9020591,Reactome_2022,-1.018936735793576,Downregulated,0.7005797997633934,8/41,12.08%
Regulation of Glycolytic Process (GO:0006110),GO_Biological_Process_2025,-1.0190695923973971,Downregulated,0.7006809755972376,16/40,24.09%
Regulation of Cilium Assembly (GO:1902017),GO_Biological_Process_2025,-1.019755327625632,Downregulated,0.6991805023006908,19/79,20.77%
Spermatid Development (GO:0007286),GO_Biological_Process_2025,-1.0199520683504095,Downregulated,0.6991253177191002,13/49,15.23%
NRIF Signals Cell Death From Nucleus R-HSA-205043,Reactome_2022,-1.0201967974811066,Downregulated,0.698894731899879,3/16,6.42%
DARPP-32 Events R-HSA-180024,Reactome_2022,-1.020313950971803,Downregulated,0.6990312512251503,10/23,30.55%
Calcium Ion Import Across Plasma Membrane (GO:0098703),GO_Biological_Process_2025,-1.0204491502576802,Downregulated,0.6991222898122281,4/24,8.79%
Tau Protein Binding (GO:0048156),GO_Molecular_Function_2025,-1.020607499668151,Downregulated,0.6991669695144749,21/39,33.53%
Protein Destabilization (GO:0031648),GO_Biological_Process_2025,-1.0209725028014462,Downregulated,0.6985881555294579,11/38,23.32%
Gap junction,KEGG_2021_Human,-1.0213976946785834,Downregulated,0.6978981373553942,15/80,14.37%
Sodium Ion Import Across Plasma Membrane (GO:0098719),GO_Biological_Process_2025,-1.0215719476340954,Downregulated,0.6978315838775065,4/19,10.22%
Positive Regulation of Peptidyl-Tyrosine Phosphorylation (GO:0050731),GO_Biological_Process_2025,-1.0218052469627004,Downregulated,0.6976156547042287,8/57,7.45%
Oxytocin signaling pathway,KEGG_2021_Human,-1.0219843135507627,Downregulated,0.6975899261361128,23/136,13.51%
Sphingolipid Catabolic Process (GO:0030149),GO_Biological_Process_2025,-1.0223599498698135,Downregulated,0.6970081393363993,6/29,8.55%
Hepatitis B,KEGG_2021_Human,-1.0224510822874249,Downregulated,0.6972138691018989,48/143,26.67%
Signaling By WNT R-HSA-195721,Reactome_2022,-1.022513884612351,Downregulated,0.6974816475210276,78/254,25.84%
Sarcoplasmic Reticulum Membrane (GO:0033017),GO_Cellular_Component_2025,-1.0227602392245432,Downregulated,0.6972180077711397,2/28,0.22%
Cellular Response to Glucose Starvation (GO:0042149),GO_Biological_Process_2025,-1.0235016654671372,Downregulated,0.695584437333503,18/43,29.90%
B cell receptor signaling pathway,KEGG_2021_Human,-1.024923327786586,Downregulated,0.6920782463528344,26/72,25.03%
Fibrin Complement Receptor 3 Signaling WP4136,WikiPathways_2024_Human,-1.0249308764296452,Downregulated,0.6925259540835486,12/37,24.10%
Mitochondrial Fatty Acid Oxidation Disorders WP5123,WikiPathways_2024_Human,-1.0250355276253025,Downregulated,0.6927001130425327,4/19,5.76%
Formation Of TC-NER Pre-Incision Complex R-HSA-6781823,Reactome_2022,-1.025230847730916,Downregulated,0.6926065359486022,23/51,31.42%
Negative Regulation of Leukocyte Activation (GO:0002695),GO_Biological_Process_2025,-1.0253351886299684,Downregulated,0.6927626808861816,5/19,16.32%
Positive Regulation of Interferon-Alpha Production (GO:0032727),GO_Biological_Process_2025,-1.0253937746393718,Downregulated,0.6930663363614754,10/21,21.40%
Negative Regulation of Gene Expression (GO:0010629),GO_Biological_Process_2025,-1.02546595357866,Downregulated,0.6933281704522612,54/331,13.48%
Negative Regulation of DNA Binding (GO:0043392),GO_Biological_Process_2025,-1.0255078260698378,Downregulated,0.6936684901131276,8/22,23.04%
Branching Morphogenesis of an Epithelial Tube (GO:0048754),GO_Biological_Process_2025,-1.0265282627105703,Downregulated,0.6912663390043106,11/33,17.89%
NoRC Negatively Regulates rRNA Expression R-HSA-427413,Reactome_2022,-1.0266473277649708,Downregulated,0.6914237051809232,17/53,21.34%
Positive Regulation of Actin Filament Bundle Assembly (GO:0032233),GO_Biological_Process_2025,-1.0266755132393073,Downregulated,0.691816957656191,23/48,32.50%
Negative Regulation of Response to Biotic Stimulus (GO:0002832),GO_Biological_Process_2025,-1.027229794058696,Downregulated,0.6907589648245502,12/42,18.49%
NOTCH2 Activation And Transmission Of Signal To Nucleus R-HSA-2979096,Reactome_2022,-1.027232798739215,Downregulated,0.6912106971833245,4/21,6.42%
Nuclear Receptor-Mediated Steroid Hormone Signaling Pathway (GO:0030518),GO_Biological_Process_2025,-1.02777001395316,Downregulated,0.6902157138063992,18/40,32.80%
Cell-Substrate Junction Assembly (GO:0007044),GO_Biological_Process_2025,-1.028010802674463,Downregulated,0.6900148330064012,7/29,12.55%
Transposable Element Silencing by Heterochromatin Formation (GO:0141005),GO_Biological_Process_2025,-1.0291457170690963,Downregulated,0.6873327611617982,4/15,8.67%
G Alpha (S) Signaling Events R-HSA-418555,Reactome_2022,-1.029205850673648,Downregulated,0.6876277883549831,29/108,19.73%
Phosphatidic Acid Binding (GO:0070300),GO_Molecular_Function_2025,-1.0292636264222763,Downregulated,0.687918397666345,4/21,10.39%
Bladder cancer,KEGG_2021_Human,-1.0296532879969955,Downregulated,0.6872969488807426,7/38,11.44%
Negative Regulation of Neuron Apoptotic Process (GO:0043524),GO_Biological_Process_2025,-1.0298763727899138,Downregulated,0.6871062773904753,12/75,8.65%
Modulation by Host of Viral Genome Replication (GO:0044827),GO_Biological_Process_2025,-1.0299905456637697,Downregulated,0.6872483281240819,12/21,28.56%
Lipid Modification (GO:0030258),GO_Biological_Process_2025,-1.030066738502459,Downregulated,0.6875024443728248,9/41,10.80%
R-SMAD Binding (GO:0070412),GO_Molecular_Function_2025,-1.0306355107094702,Downregulated,0.6863941869266811,7/20,20.56%
"Nuclear-Transcribed mRNA Catabolic Process, Nonsense-Mediated Decay (GO:0000184)",GO_Biological_Process_2025,-1.0308842638483957,Downregulated,0.6861902980678268,10/26,21.15%
Platelet Alpha Granule Membrane (GO:0031092),GO_Cellular_Component_2025,-1.031043501213344,Downregulated,0.6862183992253597,5/16,16.34%
p75NTR Signals Via NF-kB R-HSA-193639,Reactome_2022,-1.0311666068120826,Downregulated,0.6863764700130108,2/16,6.48%
IL3 Signaling WP286,WikiPathways_2024_Human,-1.0314878852721137,Downregulated,0.6859363417297095,15/46,24.42%
Aldosterone-regulated sodium reabsorption,KEGG_2021_Human,-1.0318363074093415,Downregulated,0.685366315532116,7/33,9.50%
TAR Syndrome WP5362,WikiPathways_2024_Human,-1.0319419990453678,Downregulated,0.6855589024139965,16/57,20.10%
Positive Regulation of Ossification (GO:0045778),GO_Biological_Process_2025,-1.032313294094257,Downregulated,0.6849562841750285,3/42,0.69%
"Hydrolase Activity, Acting on Carbon-Nitrogen (But Not Peptide) Bonds, in Linear Amides (GO:0016811)",GO_Molecular_Function_2025,-1.0324237233454103,Downregulated,0.6851407563872882,11/35,17.02%
Negative Regulation of Protein Serine/Threonine Kinase Activity (GO:0071901),GO_Biological_Process_2025,-1.0329773910400526,Downregulated,0.6840054581599567,8/40,12.39%
SCF-dependent Proteasomal Ubiquitin-Dependent Protein Catabolic Process (GO:0031146),GO_Biological_Process_2025,-1.0330130654158654,Downregulated,0.6843703596985843,13/39,22.26%
Insulin signaling pathway,KEGG_2021_Human,-1.0330642834802013,Downregulated,0.6847081703709139,39/126,24.42%
Regulation Of Wnt B Catenin Signaling Small Molecule Compounds WP3664,WikiPathways_2024_Human,-1.0337510411822437,Downregulated,0.6833096045760403,4/16,8.36%
Dendrite (GO:0030425),GO_Cellular_Component_2025,-1.0337904302662697,Downregulated,0.6836560901237178,40/240,12.39%
NF-kappaB Binding (GO:0051059),GO_Molecular_Function_2025,-1.033954514712324,Downregulated,0.6836363431138504,10/25,26.73%
Non-Proteinogenic Amino Acid Metabolic Process (GO:0170041),GO_Biological_Process_2025,-1.0340882544637882,Downregulated,0.6837418714965984,3/16,2.88%
Ficolin-1-Rich Granule (GO:0101002),GO_Cellular_Component_2025,-1.0341831801771832,Downregulated,0.6839615335863131,57/161,25.61%
DNA-templated Transcription (GO:0006351),GO_Biological_Process_2025,-1.0347386511745644,Downregulated,0.6829039425843286,67/178,30.25%
Axon (GO:0030424),GO_Cellular_Component_2025,-1.0348059751429657,Downregulated,0.6831763275964445,32/190,12.00%
Negative Regulation of Wound Healing (GO:0061045),GO_Biological_Process_2025,-1.0348486859815564,Downregulated,0.6835323064420549,7/22,15.89%
Cyclic Nucleotide Biosynthetic Process (GO:0009190),GO_Biological_Process_2025,-1.0350275724317346,Downregulated,0.6835181082645242,3/17,4.78%
Toll-Like Receptor 4 Signaling Pathway (GO:0034142),GO_Biological_Process_2025,-1.0353133832888892,Downregulated,0.6831713695691437,8/26,17.78%
Positive Regulation of Smooth Muscle Cell Proliferation (GO:0048661),GO_Biological_Process_2025,-1.0357333896047125,Downregulated,0.682452979081462,9/47,7.77%
Desmosome (GO:0030057),GO_Cellular_Component_2025,-1.0359294941171753,Downregulated,0.6824101929156484,7/17,26.84%
Histone Methyltransferase Activity (GO:0042054),GO_Molecular_Function_2025,-1.0360695915679496,Downregulated,0.6824778712513772,10/30,18.95%
Anion Binding (GO:0043168),GO_Molecular_Function_2025,-1.0364427236114224,Downregulated,0.6819410321361468,79/355,18.70%
IRS-mediated Signaling R-HSA-112399,Reactome_2022,-1.0365972038095197,Downregulated,0.6819847056330481,6/39,9.50%
Sema4D In Semaphorin Signaling R-HSA-400685,Reactome_2022,-1.0366756653408704,Downregulated,0.6822368173270615,8/23,30.37%
Netrin UNC5B Signaling WP4747,WikiPathways_2024_Human,-1.0368417078973842,Downregulated,0.682244633354698,14/50,22.40%
Regulation of Cell-Cell Adhesion (GO:0022407),GO_Biological_Process_2025,-1.037146231572468,Downregulated,0.6818770260909146,10/39,15.80%
Protein K48-linked Deubiquitination (GO:0071108),GO_Biological_Process_2025,-1.0371716809354066,Downregulated,0.682277561636324,8/19,26.81%
Kit Receptor Signaling WP304,WikiPathways_2024_Human,-1.0376082641237447,Downregulated,0.6815170622366924,17/53,25.02%
Transcription Factor TFIID Complex (GO:0005669),GO_Cellular_Component_2025,-1.0378248521455269,Downregulated,0.6813828072091409,16/29,34.14%
Fanconi Anemia Pathway R-HSA-6783310,Reactome_2022,-1.0379028191173565,Downregulated,0.6816174261532687,12/35,17.87%
Synaptic Vesicle Exocytosis (GO:0016079),GO_Biological_Process_2025,-1.038152391983592,Downregulated,0.6814113348144007,7/40,9.95%
Positive Regulation of Peptide Hormone Secretion (GO:0090277),GO_Biological_Process_2025,-1.0383901687958283,Downregulated,0.6812057825716008,13/34,27.16%
Intracellular Calcium Ion Homeostasis (GO:0006874),GO_Biological_Process_2025,-1.0389935834329973,Downregulated,0.6799531989754618,27/117,15.89%
CDC42 GTPase Cycle R-HSA-9013148,Reactome_2022,-1.0399900205534125,Downregulated,0.6775985334125332,16/145,6.77%
DNA-binding Transcription Factor Binding (GO:0140297),GO_Molecular_Function_2025,-1.0402231155325967,Downregulated,0.6773973429311936,75/258,25.47%
Regulation of Cell Cycle (GO:0051726),GO_Biological_Process_2025,-1.040241508083017,Downregulated,0.6778162964171676,77/293,20.77%
Exosome Biogenesis Inhib And Secretion Manumycin A CRPC Cells WP4301,WikiPathways_2024_Human,-1.0403417269561777,Downregulated,0.6780023913160371,10/17,31.82%
IGF1R Signaling Cascade R-HSA-2428924,Reactome_2022,-1.04060990199141,Downregulated,0.6776917150902758,7/43,9.50%
Vascular smooth muscle contraction,KEGG_2021_Human,-1.0409953506007497,Downregulated,0.6770846667462647,36/120,23.78%
Negative Regulation of Apoptotic Process (GO:0043066),GO_Biological_Process_2025,-1.041030195515739,Downregulated,0.677468071091799,72/426,13.55%
Chondrocyte Differentiation (GO:0002062),GO_Biological_Process_2025,-1.0413580113439742,Downregulated,0.6770443056532154,12/31,23.23%
Integrin Cell Surface Interactions R-HSA-216083,Reactome_2022,-1.0414412505735244,Downregulated,0.6772845065801903,22/59,21.89%
Downstream Signaling Of Activated FGFR2 R-HSA-5654696,Reactome_2022,-1.0414845916943567,Downregulated,0.6776256278887275,3/23,7.98%
Long-Term Synaptic Potentiation (GO:0060291),GO_Biological_Process_2025,-1.0419081442229292,Downregulated,0.6768833132494767,7/25,12.39%
Negative Regulation of G1/S Transition of Mitotic Cell Cycle (GO:2000134),GO_Biological_Process_2025,-1.0420317938046653,Downregulated,0.6770215154555278,8/27,19.95%
Tail-Anchored Membrane Protein Insertion Into ER Membrane (GO:0071816),GO_Biological_Process_2025,-1.0421083938946023,Downregulated,0.6772848649204052,6/15,17.84%
Positive Regulation of Ubiquitin-Dependent Protein Catabolic Process (GO:2000060),GO_Biological_Process_2025,-1.0425653181370618,Downregulated,0.6764323818130961,27/85,23.54%
Metabolism Of Sphingolipids In ER And Golgi Apparatus WP4142,WikiPathways_2024_Human,-1.0426273833325437,Downregulated,0.6767524126183857,7/21,18.05%
Regulation of Amyloid Precursor Protein Catabolic Process (GO:1902991),GO_Biological_Process_2025,-1.042892843817913,Downregulated,0.6764559913583689,4/18,14.07%
PKMTs Methylate Histone Lysines R-HSA-3214841,Reactome_2022,-1.0431410241733483,Downregulated,0.6762101110177092,17/43,27.84%
FRS-mediated FGFR3 Signaling R-HSA-5654706,Reactome_2022,-1.0433337520432573,Downregulated,0.6761477944613551,3/16,14.33%
Cellular Response to Low-Density Lipoprotein Particle Stimulus (GO:0071404),GO_Biological_Process_2025,-1.043388806423769,Downregulated,0.6764576503483368,8/24,25.30%
Poly-Pyrimidine Tract Binding (GO:0008187),GO_Molecular_Function_2025,-1.0434397025955089,Downregulated,0.6767771507554181,12/20,29.93%
Pleural Mesothelioma WP5087,WikiPathways_2024_Human,-1.0440932641974183,Downregulated,0.6753563236742609,69/400,13.73%
Shigellosis,KEGG_2021_Human,-1.044279181583816,Downregulated,0.67531334916683,60/213,24.72%
Histone mRNA Metabolic Process (GO:0008334),GO_Biological_Process_2025,-1.0443331265993787,Downregulated,0.675639429738723,9/23,33.17%
Positive Regulation of Morphogenesis of an Epithelium (GO:1905332),GO_Biological_Process_2025,-1.0444838956180282,Downregulated,0.6756931358706452,3/22,2.34%
RORA Activates Gene Expression R-HSA-1368082,Reactome_2022,-1.044603064186351,Downregulated,0.6758384870350039,8/18,25.82%
Regulation of p38MAPK Cascade (GO:1900744),GO_Biological_Process_2025,-1.044772802010941,Downregulated,0.675831040267548,15/31,33.24%
Regulation of Protein Kinase Activity (GO:0045859),GO_Biological_Process_2025,-1.0449444842564812,Downregulated,0.6758277893293034,23/79,22.40%
cAMP signaling pathway,KEGG_2021_Human,-1.044981811103914,Downregulated,0.6761932718880186,28/183,11.19%
RHOBTB2 GTPase Cycle R-HSA-9013418,Reactome_2022,-1.045403755457906,Downregulated,0.675536520797067,9/23,23.47%
Negative Regulation of Cell Population Proliferation (GO:0008285),GO_Biological_Process_2025,-1.0454410379525867,Downregulated,0.6759090594651009,62/335,15.88%
Cardiac Muscle Tissue Development (GO:0048738),GO_Biological_Process_2025,-1.045625422742509,Downregulated,0.6758687336405407,7/46,7.92%
Positive Regulation of Protein Localization to Nucleus (GO:1900182),GO_Biological_Process_2025,-1.0463363814868685,Downregulated,0.6744057762212049,34/72,35.10%
Positive Regulation of Response to External Stimulus (GO:0032103),GO_Biological_Process_2025,-1.0464599653871152,Downregulated,0.6745349866360709,37/141,19.42%
RNA Endonuclease Activity (GO:0004521),GO_Molecular_Function_2025,-1.0468041868482465,Downregulated,0.6739913962629516,9/36,17.55%
Purine Ribonucleotide Transport (GO:0015868),GO_Biological_Process_2025,-1.0472943829302497,Downregulated,0.6731339907492302,5/19,13.13%
Global Genome Nucleotide Excision Repair (GG-NER) R-HSA-5696399,Reactome_2022,-1.0475297407441853,Downregulated,0.6729476138476668,26/79,23.14%
CAMKK2 Pathway WP4874,WikiPathways_2024_Human,-1.047632428658726,Downregulated,0.6731541021303511,20/100,13.44%
Regulation of Arp2/3 Complex-Mediated Actin Nucleation (GO:0034315),GO_Biological_Process_2025,-1.0477934726075928,Downregulated,0.6731947025811097,6/25,12.30%
Regulation Of FZD By Ubiquitination R-HSA-4641263,Reactome_2022,-1.0487277453343644,Downregulated,0.6710369672922907,2/20,1.80%
Positive Regulation of Signaling (GO:0023056),GO_Biological_Process_2025,-1.04927058408204,Downregulated,0.669939198211731,8/28,13.30%
Mitochondrial Immune Response To SARS CoV 2 WP5038,WikiPathways_2024_Human,-1.0493807932102412,Downregulated,0.6701271338896553,16/30,29.98%
Negative Regulation of Catalytic Activity (GO:0043086),GO_Biological_Process_2025,-1.0494537117506435,Downregulated,0.6704182236315663,2/19,1.96%
SH2 Domain Binding (GO:0042169),GO_Molecular_Function_2025,-1.0495637315293085,Downregulated,0.6705778401991228,8/29,25.04%
NOD-like receptor signaling pathway,KEGG_2021_Human,-1.0495804781053195,Downregulated,0.671012722949429,26/139,14.23%
Chemorepellent Activity (GO:0045499),GO_Molecular_Function_2025,-1.0499454471582357,Downregulated,0.6704998194297185,4/23,4.83%
Regulation of Protein Import Into Nucleus (GO:0042306),GO_Biological_Process_2025,-1.050022663589263,Downregulated,0.6707536381179736,20/40,35.22%
U2-type Catalytic Step 2 Spliceosome (GO:0071007),GO_Cellular_Component_2025,-1.0501738880127347,Downregulated,0.6708004587788584,7/27,15.15%
Other Interleukin Signaling R-HSA-449836,Reactome_2022,-1.0502217800271474,Downregulated,0.6711547704348488,3/22,4.99%
Regulation of Cellular Component Size (GO:0032535),GO_Biological_Process_2025,-1.0502552081728436,Downregulated,0.6715395010531886,9/39,13.00%
RNA Metabolic Process (GO:0016070),GO_Biological_Process_2025,-1.0508635460812457,Downregulated,0.6703324345586891,30/60,32.60%
Negative Regulation of Double-Strand Break Repair via Homologous Recombination (GO:2000042),GO_Biological_Process_2025,-1.0509794412259663,Downregulated,0.6704894848720266,8/22,18.13%
Positive Regulation of DNA Binding (GO:0043388),GO_Biological_Process_2025,-1.0511702024354987,Downregulated,0.6704078217811954,5/21,10.86%
Nucleobase-Containing Compound Metabolic Process (GO:0006139),GO_Biological_Process_2025,-1.0512317090820418,Downregulated,0.670727131588878,14/35,22.33%
Prostate cancer,KEGG_2021_Human,-1.051837543340486,Downregulated,0.6695228594982869,15/91,10.86%
VEGFR2 Mediated Cell Proliferation R-HSA-5218921,Reactome_2022,-1.051912190123373,Downregulated,0.6698059443208315,4/18,12.75%
Regulation of Programmed Cell Death (GO:0043067),GO_Biological_Process_2025,-1.052098951315482,Downregulated,0.6697321407239823,26/161,9.79%
Neuron Projection Morphogenesis (GO:0048812),GO_Biological_Process_2025,-1.0524918867116575,Downregulated,0.6691597157775645,25/137,13.19%
Interleukin-37 Signaling R-HSA-9008059,Reactome_2022,-1.0526842811750516,Downregulated,0.6690930793514559,1/20,0.07%
Signaling By Interleukins R-HSA-449147,Reactome_2022,-1.0527820348364596,Downregulated,0.6693121161411115,119/409,25.84%
Cellular Response to Hydrogen Peroxide (GO:0070301),GO_Biological_Process_2025,-1.0529401236262608,Downregulated,0.6693609178477881,5/31,11.14%
Positive Regulation of Mitotic Cell Cycle (GO:0045931),GO_Biological_Process_2025,-1.0531716612324584,Downregulated,0.6692098064147326,8/26,22.25%
Osteoclast differentiation,KEGG_2021_Human,-1.053682634253611,Downregulated,0.6682648612658127,47/118,30.07%
Protein Phosphatase 2A Binding (GO:0051721),GO_Molecular_Function_2025,-1.0537642426165088,Downregulated,0.6685158731060975,7/24,14.10%
RUNX2 Regulates Bone Development R-HSA-8941326,Reactome_2022,-1.0537691602861068,Downregulated,0.6689866743890103,3/28,4.34%
Regulation of Dendrite Development (GO:0050773),GO_Biological_Process_2025,-1.054021823537801,Downregulated,0.668774336332592,9/38,12.27%
SMAD2/SMAD3:SMAD4 Heterotrimer Regulates Transcription R-HSA-2173796,Reactome_2022,-1.0540512925393457,Downregulated,0.669184585878798,5/36,10.76%
FGFR2 Alternative Splicing R-HSA-6803529,Reactome_2022,-1.0543759504375925,Downregulated,0.6687720913874025,6/26,10.84%
Negative Regulation of RNA Splicing (GO:0033119),GO_Biological_Process_2025,-1.0544764937054738,Downregulated,0.6690105244527388,5/20,18.30%
Nanoparticle Mediated Activation Of Receptor Signaling WP2643,WikiPathways_2024_Human,-1.0551549904858244,Downregulated,0.6675369294061486,15/28,32.54%
Mitochondrial Long Chain Fatty Acid Beta Oxidation WP368,WikiPathways_2024_Human,-1.0553735469959689,Downregulated,0.6673808926127991,4/17,5.76%
Regulation of Cytokine Production (GO:0001817),GO_Biological_Process_2025,-1.0556464623997588,Downregulated,0.6671351940150663,38/145,19.70%
mRNA Splice Site Recognition (GO:0006376),GO_Biological_Process_2025,-1.0560662878164897,Downregulated,0.6664025381100687,8/28,18.30%
FOXO-mediated Transcription R-HSA-9614085,Reactome_2022,-1.056425722450168,Downregulated,0.6658740274252943,9/58,10.32%
Neurotransmitter Transport (GO:0006836),GO_Biological_Process_2025,-1.056721143889043,Downregulated,0.6655405378088584,13/42,20.12%
TLR4 Signaling And Tolerance WP3851,WikiPathways_2024_Human,-1.0567285000853752,Downregulated,0.6660068563424001,9/26,22.95%
Mesenchymal Cell Differentiation (GO:0048762),GO_Biological_Process_2025,-1.0568047431959562,Downregulated,0.6662864916578897,5/54,4.39%
Regulation of Wound Healing (GO:0061041),GO_Biological_Process_2025,-1.056806901477371,Downregulated,0.6667697388253457,12/40,15.89%
T-helper Cell Differentiation (GO:0042093),GO_Biological_Process_2025,-1.0576078183715454,Downregulated,0.6649583607378027,4/22,13.18%
Negative Regulation of RNA Biosynthetic Process (GO:1902679),GO_Biological_Process_2025,-1.0579958621671213,Downregulated,0.6643356287614665,87/404,18.84%
Vitamin Transport (GO:0051180),GO_Biological_Process_2025,-1.058462850643557,Downregulated,0.6635144501687095,6/32,13.24%
Nuclear-Transcribed mRNA poly(A) Tail Shortening (GO:0000289),GO_Biological_Process_2025,-1.058886968459582,Downregulated,0.6628083958535049,6/16,21.72%
Target Of Rapamycin Signaling WP1471,WikiPathways_2024_Human,-1.0588954758676297,Downregulated,0.6632681033599062,11/36,22.45%
Protein Localization to Organelle (GO:0033365),GO_Biological_Process_2025,-1.0590898562517408,Downregulated,0.6631792584301001,43/136,23.20%
Tertiary Granule Membrane (GO:0070821),GO_Cellular_Component_2025,-1.05954989828274,Downregulated,0.6623951311555916,16/63,18.28%
Regulation of Interleukin-4 Production (GO:0032673),GO_Biological_Process_2025,-1.060306161897903,Downregulated,0.6607676815402441,6/19,16.56%
Positive Regulation of Viral Genome Replication (GO:0045070),GO_Biological_Process_2025,-1.0611108701480056,Downregulated,0.6589640048972923,7/23,21.87%
Intracellular Lipid Transport (GO:0032365),GO_Biological_Process_2025,-1.0613523736112778,Downregulated,0.6587373002651247,4/18,12.79%
Fertilization R-HSA-1187000,Reactome_2022,-1.061357831365389,Downregulated,0.6592004334518582,3/15,8.45%
White Fat Cell Differentiation WP4149,WikiPathways_2024_Human,-1.0613795406005289,Downregulated,0.6596360964993307,9/31,16.56%
Monoatomic Anion Transmembrane Transporter Activity (GO:0008509),GO_Molecular_Function_2025,-1.061529806917397,Downregulated,0.6597087568622831,8/28,10.87%
Regulation of Cell Division (GO:0051302),GO_Biological_Process_2025,-1.0615738316418135,Downregulated,0.6600643756152182,19/78,14.86%
"GABA Synthesis, Release, Reuptake And Degradation R-HSA-888590",Reactome_2022,-1.0618914080177289,Downregulated,0.6595986763960999,4/17,11.13%
Genes Controlling Nephrogenesis WP4823,WikiPathways_2024_Human,-1.0623091348254703,Downregulated,0.6588781370802999,6/38,3.94%
Membrane Protein Proteolysis (GO:0033619),GO_Biological_Process_2025,-1.0623226110601254,Downregulated,0.6593231260756102,6/32,6.42%
Prader Willi And Angelman Syndrome WP3998,WikiPathways_2024_Human,-1.062527434194404,Downregulated,0.6592305581766793,26/75,28.65%
Cardiac Conduction (GO:0061337),GO_Biological_Process_2025,-1.0625558251314835,Downregulated,0.6596464002470951,7/43,9.32%
Regulation of Canonical Wnt Signaling Pathway (GO:0060828),GO_Biological_Process_2025,-1.0634022530762623,Downregulated,0.6576802023594372,58/201,23.54%
Synthesis Of PIPs At Golgi Membrane R-HSA-1660514,Reactome_2022,-1.0634647511429496,Downregulated,0.6580033915413177,7/15,31.41%
Inorganic Anion Transport (GO:0015698),GO_Biological_Process_2025,-1.0638751327539502,Downregulated,0.6573440361753229,9/39,11.63%
Sphingosine Metabolic Process (GO:0006670),GO_Biological_Process_2025,-1.064660973089104,Downregulated,0.6556032476803119,5/19,10.23%
Interactome Of Polycomb Repressive Complex 2 PRC2 WP2916,WikiPathways_2024_Human,-1.065547860609266,Downregulated,0.6535651343837874,10/16,37.23%
Regulation of Release of Sequestered Calcium Ion Into Cytosol by Sarcoplasmic Reticulum (GO:0010880),GO_Biological_Process_2025,-1.0659290028513586,Downregulated,0.6529409648587946,4/22,6.60%
Regulation of Intracellular Estrogen Receptor Signaling Pathway (GO:0033146),GO_Biological_Process_2025,-1.0661755879489427,Downregulated,0.6527426100428935,7/26,21.65%
Regulation of Anatomical Structure Morphogenesis (GO:0022603),GO_Biological_Process_2025,-1.0664677499304935,Downregulated,0.6524024926064274,20/118,11.97%
CTLA4 Inhibitory Signaling R-HSA-389513,Reactome_2022,-1.066613691014599,Downregulated,0.6524616505064097,11/21,33.53%
Negative Regulation of Macromolecule Biosynthetic Process (GO:0010558),GO_Biological_Process_2025,-1.066918965746827,Downregulated,0.652070022905702,33/186,13.48%
Intermediate Filament Organization (GO:0045109),GO_Biological_Process_2025,-1.0669572590248788,Downregulated,0.6524509324699781,4/28,5.20%
"Nuclear-Transcribed mRNA Catabolic Process, Deadenylation-Dependent Decay (GO:0000288)",GO_Biological_Process_2025,-1.067056136502257,Downregulated,0.6526878459558153,10/27,21.87%
Myeloid Cell Differentiation (GO:0030099),GO_Biological_Process_2025,-1.0679708579826186,Downregulated,0.6505897568126676,16/53,18.49%
Negative Regulation of Translation (GO:0017148),GO_Biological_Process_2025,-1.0694547372646934,Downregulated,0.646765396947351,29/94,23.08%
Citric Acid Cycle (TCA Cycle) R-HSA-71403,Reactome_2022,-1.0695004557994066,Downregulated,0.6471318363932778,9/20,32.74%
"Parathyroid hormone synthesis, secretion and action",KEGG_2021_Human,-1.069527444784352,Downregulated,0.6475417910543085,15/96,9.68%
Negative Regulation of Macroautophagy (GO:0016242),GO_Biological_Process_2025,-1.0697780192454032,Downregulated,0.6473083171301047,3/26,3.77%
Epigenetic Regulation of Gene Expression (GO:0040029),GO_Biological_Process_2025,-1.069906208892912,Downregulated,0.6474151337493609,17/57,20.97%
Monoatomic Cation Homeostasis (GO:0055080),GO_Biological_Process_2025,-1.07016677449639,Downregulated,0.6471363569853755,23/75,17.29%
Positive Regulation of D-glucose Transmembrane Transport (GO:0010828),GO_Biological_Process_2025,-1.0703026802186788,Downregulated,0.6472423072754887,2/26,0.07%
Regulation of Blood Circulation (GO:1903522),GO_Biological_Process_2025,-1.070379072337238,Downregulated,0.6475218201242984,4/31,2.17%
Negative Regulation of T Cell Proliferation (GO:0042130),GO_Biological_Process_2025,-1.0706100342383764,Downregulated,0.6473324056255265,4/32,7.52%
Phospholipid Translocation (GO:0045332),GO_Biological_Process_2025,-1.0707499610970548,Downregulated,0.6473964532051536,8/33,14.41%
Positive Regulation of Stem Cell Differentiation (GO:2000738),GO_Biological_Process_2025,-1.0717220492741495,Downregulated,0.6451039918127621,4/18,14.24%
"PI5P, PP2A And IER3 Regulate PI3K/AKT Signaling R-HSA-6811558",Reactome_2022,-1.0719768313865394,Downregulated,0.6448753667084344,18/95,15.18%
Regulation of Response to Biotic Stimulus (GO:0002831),GO_Biological_Process_2025,-1.0720544998289467,Downregulated,0.645147831573333,10/31,20.64%
PPAR signaling pathway,KEGG_2021_Human,-1.0720994431506237,Downregulated,0.6454965239823875,10/61,8.28%
K63-linked Polyubiquitin Modification-Dependent Protein Binding (GO:0070530),GO_Molecular_Function_2025,-1.0721688477733096,Downregulated,0.6457888421733078,9/23,26.53%
Synthesis Of Ceramides And 1 Deoxyceramides WP5194,WikiPathways_2024_Human,-1.0722240331234132,Downregulated,0.6461403594408986,8/21,19.92%
Fatty Acid Beta Oxidation WP143,WikiPathways_2024_Human,-1.0723514436531074,Downregulated,0.6462581179249739,5/33,5.76%
NRF2 ARE Regulation WP4357,WikiPathways_2024_Human,-1.07235639943342,Downregulated,0.6467408900146585,5/22,11.00%
Mitochondrial Transport (GO:0006839),GO_Biological_Process_2025,-1.0724973345265854,Downregulated,0.6468348236311995,15/40,22.66%
SUMOylation Of DNA Methylation Proteins R-HSA-4655427,Reactome_2022,-1.072979391700044,Downregulated,0.6458971028945317,8/15,23.04%
Regulatory Circuits Of STAT3 Signaling WP4538,WikiPathways_2024_Human,-1.0741817868134156,Downregulated,0.6429581129467371,12/76,12.08%
"Alternative mRNA Splicing, via Spliceosome (GO:0000380)",GO_Biological_Process_2025,-1.0742112591159527,Downregulated,0.643360838801528,7/19,25.62%
Omega 6 Fatty Acids In Senescence WP5424,WikiPathways_2024_Human,-1.0743588342913215,Downregulated,0.6434561123111818,14/46,16.30%
Negative Regulation of Endopeptidase Activity (GO:0010951),GO_Biological_Process_2025,-1.0747000856828524,Downregulated,0.6429685747311764,9/17,29.79%
cGMP-PKG signaling pathway,KEGG_2021_Human,-1.0747819693503615,Downregulated,0.643212047501614,48/153,23.93%
PI3K Cascade R-HSA-109704,Reactome_2022,-1.075041022428476,Downregulated,0.6429594844199917,6/36,9.50%
VEGFA-VEGFR2 Pathway R-HSA-4420097,Reactome_2022,-1.0759290316161922,Downregulated,0.6409636705094373,29/89,25.18%
Lipid Translocation (GO:0034204),GO_Biological_Process_2025,-1.0759722114750236,Downregulated,0.641349387382434,5/25,14.41%
Camera-Type Eye Development (GO:0043010),GO_Biological_Process_2025,-1.0764089369538732,Downregulated,0.6406356050905578,5/21,9.66%
Vesicle (GO:0031982),GO_Cellular_Component_2025,-1.0772750150106167,Downregulated,0.6387485263099112,29/196,10.07%
Tie2 Signaling R-HSA-210993,Reactome_2022,-1.0774770433163623,Downregulated,0.6386744301806253,5/17,16.29%
RNA-templated DNA Biosynthetic Process (GO:0006278),GO_Biological_Process_2025,-1.0775450296976548,Downregulated,0.6389653232295796,6/21,13.45%
Telomere Maintenance via Telomerase (GO:0007004),GO_Biological_Process_2025,-1.0775450296976548,Downregulated,0.6389653232295796,6/21,13.45%
Positive Regulation of Monoatomic Ion Transport (GO:0043270),GO_Biological_Process_2025,-1.077948483832549,Downregulated,0.638786879478867,12/41,18.07%
SARS-CoV-2 Activates/Modulates Innate And Adaptive Immune Responses R-HSA-9705671,Reactome_2022,-1.0780752028580027,Downregulated,0.6389327033022094,36/99,28.36%
Regulation of Cell Development (GO:0060284),GO_Biological_Process_2025,-1.0783077116474675,Downregulated,0.6387620870953861,4/46,1.81%
Osteoclast Differentiation (GO:0030316),GO_Biological_Process_2025,-1.07836545533744,Downregulated,0.6390651939147302,6/24,14.16%
Negative Regulation of Intracellular Steroid Hormone Receptor Signaling Pathway (GO:0033144),GO_Biological_Process_2025,-1.0791513806331947,Downregulated,0.6373086438783021,8/30,17.86%
Negative Regulation of Mitotic Cell Cycle Phase Transition (GO:1901991),GO_Biological_Process_2025,-1.079498833518164,Downregulated,0.6368116159866762,7/36,11.48%
Hippo YAP Signaling WP4537,WikiPathways_2024_Human,-1.0795488393804908,Downregulated,0.6371581111120038,5/22,12.99%
Regulation Of NF-kappa B Signaling R-HSA-9758274,Reactome_2022,-1.0795983318787383,Downregulated,0.6375244929403661,7/18,28.52%
T Cell Receptor And Co Stimulatory Signaling WP2583,WikiPathways_2024_Human,-1.0801722298117893,Downregulated,0.636437229724329,4/26,6.86%
Muscle Contraction (GO:0006936),GO_Biological_Process_2025,-1.081072476786067,Downregulated,0.6344512651300485,17/81,16.21%
RNA Polymerase II-specific DNA-binding Transcription Factor Binding (GO:0061629),GO_Molecular_Function_2025,-1.0811854101492984,Downregulated,0.6346206017312509,53/206,22.50%
Regulation of Cellular Component Organization (GO:0051128),GO_Biological_Process_2025,-1.0812841717049366,Downregulated,0.6348354916148091,41/143,19.75%
Regulation of Interferon-Alpha Production (GO:0032647),GO_Biological_Process_2025,-1.0815439281551191,Downregulated,0.6345595368952163,12/25,21.40%
Eicosanoid Metabolism Via Lipooxygenases LOX WP4721,WikiPathways_2024_Human,-1.0819065436855833,Downregulated,0.6340304292003637,8/21,13.56%
Epigenetic Regulation Of Gene Expression R-HSA-212165,Reactome_2022,-1.0819429363239537,Downregulated,0.634438062707265,29/94,21.34%
Actin-Based Cell Projection (GO:0098858),GO_Cellular_Component_2025,-1.0820851780663048,Downregulated,0.6345774523300738,11/78,8.86%
Neurotransmitter Secretion (GO:0007269),GO_Biological_Process_2025,-1.0821573594597562,Downregulated,0.6348525318308905,7/33,10.18%
Embryonic Digit Morphogenesis (GO:0042733),GO_Biological_Process_2025,-1.0824111988819836,Downregulated,0.6346850901894832,6/18,16.63%
Regulation of Heterotypic Cell-Cell Adhesion (GO:0034114),GO_Biological_Process_2025,-1.0824328400559995,Downregulated,0.6351140252107467,2/19,0.94%
Regulation of Mitochondrion Organization (GO:0010821),GO_Biological_Process_2025,-1.0824444099117307,Downregulated,0.6355799036871723,13/29,25.59%
Interleukin-17 Signaling R-HSA-448424,Reactome_2022,-1.0827642274566522,Downregulated,0.6352125166758303,11/66,14.23%
Hemopoiesis (GO:0030097),GO_Biological_Process_2025,-1.0828370858706369,Downregulated,0.6354817183287115,26/93,19.04%
Phosphatidylcholine Binding (GO:0031210),GO_Molecular_Function_2025,-1.083256150986181,Downregulated,0.6348172209823317,13/22,28.21%
Epstein-Barr virus infection,KEGG_2021_Human,-1.0832572486599727,Downregulated,0.6353132508666975,73/176,31.79%
Effects Of MFN2 Mutation WP5443,WikiPathways_2024_Human,-1.0833813962317551,Downregulated,0.6354309691508613,11/23,30.68%
Ubiquinone Metabolic Process (GO:0006743),GO_Biological_Process_2025,-1.083522939026404,Downregulated,0.6355245765922612,5/16,12.27%
Activation Of BAD And Translocation To Mitochondria R-HSA-111447,Reactome_2022,-1.0839066395006045,Downregulated,0.6349852089008807,6/15,19.82%
Eye Development (GO:0001654),GO_Biological_Process_2025,-1.0841208502124289,Downregulated,0.6349382243465613,13/45,20.72%
Protein Tyrosine Phosphatase Activity (GO:0004725),GO_Molecular_Function_2025,-1.0843290204702674,Downregulated,0.6348321561708175,28/77,25.36%
Lysosome Vesicle Biogenesis R-HSA-432720,Reactome_2022,-1.0843560930378673,Downregulated,0.6352574260049665,10/31,22.71%
RAC1 GTPase Cycle R-HSA-9013149,Reactome_2022,-1.084493233481675,Downregulated,0.6353653377698525,36/173,17.89%
Negative Regulation of Cell Cycle G1/S Phase Transition (GO:1902807),GO_Biological_Process_2025,-1.084534662392883,Downregulated,0.6357316114966288,10/30,19.95%
Positive Regulation of Osteoclast Differentiation (GO:0045672),GO_Biological_Process_2025,-1.084566616346545,Downregulated,0.636151082587622,6/19,14.16%
Apical Junction Assembly (GO:0043297),GO_Biological_Process_2025,-1.0852984426863588,Downregulated,0.6345983352785444,9/42,13.28%
Regulation of Endocytosis (GO:0030100),GO_Biological_Process_2025,-1.0853531303457409,Downregulated,0.6349667537340429,21/62,22.05%
Response to Transforming Growth Factor Beta (GO:0071559),GO_Biological_Process_2025,-1.085952844568405,Downregulated,0.633780757767207,10/30,23.71%
Regulation of Microglial Cell Activation (GO:1903978),GO_Biological_Process_2025,-1.0862728193025888,Downregulated,0.6333724111450921,5/15,17.88%
Peptidyl-Serine Phosphorylation (GO:0018105),GO_Biological_Process_2025,-1.086749765792151,Downregulated,0.6325992853417627,23/67,23.72%
Gluconeogenesis (GO:0006094),GO_Biological_Process_2025,-1.087086720733058,Downregulated,0.6322082347660678,6/23,15.08%
Mitochondrial Membrane Organization (GO:0007006),GO_Biological_Process_2025,-1.0872309795532105,Downregulated,0.632309771803873,11/32,18.96%
Protein Transmembrane Import Into Intracellular Organelle (GO:0044743),GO_Biological_Process_2025,-1.0876633815814072,Downregulated,0.6315878565395753,15/30,24.80%
Regulation of Bone Resorption (GO:0045124),GO_Biological_Process_2025,-1.0882725736441083,Downregulated,0.6304237945597392,12/27,25.19%
"Growth hormone synthesis, secretion and action",KEGG_2021_Human,-1.088895879315993,Downregulated,0.6291906347871293,18/103,11.27%
Toll Like Receptor Signaling Related To MyD88 WP3858,WikiPathways_2024_Human,-1.0890307861301924,Downregulated,0.6293109438175617,14/30,29.98%
ATF4 Activates Genes In Response To Endoplasmic Reticulum Stress R-HSA-380994,Reactome_2022,-1.089034686169463,Downregulated,0.6298023519455762,13/24,32.19%
Positive Regulation of Cation Channel Activity (GO:2001259),GO_Biological_Process_2025,-1.0891609980209718,Downregulated,0.6299698602867897,8/26,11.51%
Negative Regulation of Proteasomal Protein Catabolic Process (GO:1901799),GO_Biological_Process_2025,-1.0892050477204949,Downregulated,0.6303533150791902,17/43,26.81%
Hypothesized Pathways In Pathogenesis Of Cardiovascular Disease WP3668,WikiPathways_2024_Human,-1.0892666365869916,Downregulated,0.6306983965558906,7/24,16.69%
Positive Regulation of Stress-Activated MAPK Cascade (GO:0032874),GO_Biological_Process_2025,-1.089601039950242,Downregulated,0.63026653426464,7/15,25.64%
Positive Regulation of Stress-Activated Protein Kinase Signaling Cascade (GO:0070304),GO_Biological_Process_2025,-1.089601039950242,Downregulated,0.63026653426464,7/15,25.64%
Intracellular Monoatomic Cation Homeostasis (GO:0030003),GO_Biological_Process_2025,-1.0897367762955403,Downregulated,0.6308924482932673,54/171,23.80%
Filopodium (GO:0030175),GO_Cellular_Component_2025,-1.0897946370472529,Downregulated,0.6312533780837127,9/55,8.86%
Eukaryotic Transcription Initiation WP405,WikiPathways_2024_Human,-1.089942864927089,Downregulated,0.6313485252421869,26/41,35.87%
Regulation of Muscle Contraction (GO:0006937),GO_Biological_Process_2025,-1.090002681931732,Downregulated,0.6316951136584978,9/25,24.35%
"Phosphatidylinositol-3,4-Bisphosphate Binding (GO:0043325)",GO_Molecular_Function_2025,-1.0906278473165825,Downregulated,0.6304768988219346,6/23,14.71%
Regulation of Protein Export From Nucleus (GO:0046825),GO_Biological_Process_2025,-1.0906417945780302,Downregulated,0.6309477545330527,8/22,20.99%
Pulmonary Valve Development (GO:0003177),GO_Biological_Process_2025,-1.0906885635098484,Downregulated,0.6313034774319817,2/21,0.69%
Translocation Of SLC2A4 (GLUT4) To Plasma Membrane R-HSA-1445148,Reactome_2022,-1.0913076877019818,Downregulated,0.6301615616554694,14/50,19.82%
Protein Insertion Into ER Membrane (GO:0045048),GO_Biological_Process_2025,-1.0920868469769618,Downregulated,0.6284163092217513,9/29,18.27%
Protein Localization to Plasma Membrane (GO:0072659),GO_Biological_Process_2025,-1.0925405621408673,Downregulated,0.6276676997505873,35/126,23.73%
Ameboidal-Type Cell Migration (GO:0001667),GO_Biological_Process_2025,-1.0928190394514703,Downregulated,0.6273694906096273,6/19,16.99%
Caveola (GO:0005901),GO_Cellular_Component_2025,-1.0929606420084077,Downregulated,0.6274621902636166,6/61,7.95%
Regulation of Chondrocyte Differentiation (GO:0032330),GO_Biological_Process_2025,-1.0931165313348834,Downregulated,0.6275203925614747,6/24,14.24%
Melanogenesis,KEGG_2021_Human,-1.093572967062513,Downregulated,0.6267792282698594,13/85,10.30%
T Cell Proliferation (GO:0042098),GO_Biological_Process_2025,-1.0937813089566166,Downregulated,0.6266750217311429,5/15,14.66%
Peptidyl-Tyrosine Modification (GO:0018212),GO_Biological_Process_2025,-1.094282038695515,Downregulated,0.6257554170222789,18/46,23.34%
Deadenylation-dependent mRNA Decay R-HSA-429914,Reactome_2022,-1.094835819687868,Downregulated,0.6247001078172115,22/53,33.33%
Alzheimer 39 S Disease WP5124,WikiPathways_2024_Human,-1.0948886352679017,Downregulated,0.6250365400901691,80/238,26.83%
Alzheimer 39 S Disease And miRNA Effects WP2059,WikiPathways_2024_Human,-1.0948886352679017,Downregulated,0.6250365400901691,80/238,26.83%
Regulation of Myoblast Differentiation (GO:0045661),GO_Biological_Process_2025,-1.0951386963903986,Downregulated,0.6253335628968967,6/50,7.28%
Membrane Organization (GO:0061024),GO_Biological_Process_2025,-1.0951691398193737,Downregulated,0.6257623903795004,47/163,20.82%
SARS-CoV-2-host Interactions R-HSA-9705683,Reactome_2022,-1.0954073031674838,Downregulated,0.6256044083877356,58/162,29.98%
Regulation of MAPK Cascade (GO:0043408),GO_Biological_Process_2025,-1.0958599383864478,Downregulated,0.6248232510489191,41/228,13.28%
Osteoblast Differentiation And Related Diseases WP4787,WikiPathways_2024_Human,-1.096064631415221,Downregulated,0.6247933966255972,15/101,9.57%
IL5 Signaling WP127,WikiPathways_2024_Human,-1.096364616381423,Downregulated,0.6244651317564535,11/36,25.02%
Cardiac Hypertrophic Response WP2795,WikiPathways_2024_Human,-1.0963897951464507,Downregulated,0.6248930570214418,17/52,23.98%
Transcription Initiation-Coupled Chromatin Remodeling (GO:0045815),GO_Biological_Process_2025,-1.0964792589640782,Downregulated,0.6251785851071849,16/42,27.62%
Blood Vessel Morphogenesis (GO:0048514),GO_Biological_Process_2025,-1.096577606068594,Downregulated,0.625422688139881,6/50,2.90%
Non-Membrane Spanning Protein Tyrosine Kinase Activity (GO:0004715),GO_Molecular_Function_2025,-1.0967966310195212,Downregulated,0.6253512756174056,11/36,24.32%
Positive Regulation of Peptidyl-Serine Phosphorylation (GO:0033138),GO_Biological_Process_2025,-1.0975219097237194,Downregulated,0.6237710842921983,10/28,25.62%
Positive Regulation of Kinase Activity (GO:0033674),GO_Biological_Process_2025,-1.0979990546891716,Downregulated,0.6229754778101393,16/45,22.40%
Regulation of Cell Junction Assembly (GO:1901888),GO_Biological_Process_2025,-1.0981060888425096,Downregulated,0.6231511286813608,7/24,15.47%
U2-type Prespliceosome Assembly (GO:1903241),GO_Biological_Process_2025,-1.0981378883797597,Downregulated,0.6235706541780108,11/22,35.76%
PPAR Signaling WP3942,WikiPathways_2024_Human,-1.0984221187847083,Downregulated,0.6232722394214598,10/56,8.28%
Signaling By FGFR4 R-HSA-5654743,Reactome_2022,-1.0985842605005427,Downregulated,0.6233584209904521,5/36,7.98%
Platelet activation,KEGG_2021_Human,-1.098585897567227,Downregulated,0.6238683964102039,37/117,24.86%
Ubiquitin-Protein Transferase Activity (GO:0004842),GO_Molecular_Function_2025,-1.0988800294247092,Downregulated,0.6235351367078479,114/354,25.44%
Insulin Receptor Signaling Cascade R-HSA-74751,Reactome_2022,-1.0989450199997537,Downregulated,0.6238614288373129,7/44,9.50%
Signaling By Erythropoietin R-HSA-9006335,Reactome_2022,-1.0990984779198465,Downregulated,0.6239267538882202,12/23,32.39%
Protein Kinase Complex (GO:1902911),GO_Cellular_Component_2025,-1.0994001198859324,Downregulated,0.6236251848659577,10/22,34.61%
NGF-stimulated Transcription R-HSA-9031628,Reactome_2022,-1.0999378607684371,Downregulated,0.6226052451478036,10/36,11.64%
PKA-mediated Phosphorylation Of CREB R-HSA-111931,Reactome_2022,-1.0999491657435574,Downregulated,0.6230895362418329,4/18,13.82%
Macromolecule Catabolic Process (GO:0009057),GO_Biological_Process_2025,-1.1009365471601678,Downregulated,0.6209153836854184,6/42,6.49%
Positive Regulation of Epidermal Growth Factor Receptor Signaling Pathway (GO:0045742),GO_Biological_Process_2025,-1.101392526791918,Downregulated,0.6201729911150963,7/22,17.86%
Positive Regulation of T Cell Migration (GO:2000406),GO_Biological_Process_2025,-1.1017069583578614,Downregulated,0.6198107356453777,7/23,16.15%
Receptor Recycling (GO:0001881),GO_Biological_Process_2025,-1.1018123758323466,Downregulated,0.6200223865670782,6/18,24.80%
Protein Insertion Into Membrane (GO:0051205),GO_Biological_Process_2025,-1.1019977766250832,Downregulated,0.6200542733673123,8/16,20.13%
RND3 GTPase Cycle R-HSA-9696264,Reactome_2022,-1.1022943243328582,Downregulated,0.6197336045435425,10/40,20.38%
Plasma Membrane Bounded Cell Projection Morphogenesis (GO:0120039),GO_Biological_Process_2025,-1.1028316123001056,Downregulated,0.6187036222436653,15/49,20.04%
Response Of Mtb To Phagocytosis R-HSA-9637690,Reactome_2022,-1.1029775244545446,Downregulated,0.6188098905250345,11/21,31.82%
Class I MHC Mediated Antigen Processing And Presentation R-HSA-983169,Reactome_2022,-1.103389039707795,Downregulated,0.6181527543870817,123/354,27.81%
Positive Regulation of Dendrite Morphogenesis (GO:0050775),GO_Biological_Process_2025,-1.1037454760002532,Downregulated,0.6177171278483804,5/16,17.25%
Regulation of Striated Muscle Contraction (GO:0006942),GO_Biological_Process_2025,-1.103874169245392,Downregulated,0.6178845039736807,3/25,3.30%
Positive Regulation of RNA Biosynthetic Process (GO:1902680),GO_Biological_Process_2025,-1.1040858251499668,Downregulated,0.6177784122915043,112/494,20.00%
Regulation of Double-Strand Break Repair via Nonhomologous End Joining (GO:2001032),GO_Biological_Process_2025,-1.1040955313370675,Downregulated,0.6182748927512401,9/24,25.62%
SUMOylation Of Transcription Cofactors R-HSA-3899300,Reactome_2022,-1.1042789339946493,Downregulated,0.618301566852861,11/39,17.31%
Translesion Synthesis (GO:0019985),GO_Biological_Process_2025,-1.1042819653250109,Downregulated,0.6188152864592479,7/22,12.64%
Protein Acetylation (GO:0006473),GO_Biological_Process_2025,-1.1042962839989727,Downregulated,0.6192879195437867,14/25,31.66%
MET Activates PTK2 Signaling R-HSA-8874081,Reactome_2022,-1.104817564120644,Downregulated,0.6183678633260498,3/17,4.76%
Positive Regulation of Axon Extension (GO:0045773),GO_Biological_Process_2025,-1.104982821831128,Downregulated,0.6184527326346028,9/18,22.84%
Ribosomal Small Subunit Assembly (GO:0000028),GO_Biological_Process_2025,-1.1056660364758668,Downregulated,0.6170197551244438,10/16,40.83%
Negative Regulation of Endocytosis (GO:0045806),GO_Biological_Process_2025,-1.1068316362058237,Downregulated,0.6143316681240125,11/32,16.32%
Melatonin Metabolism And Effects WP3298,WikiPathways_2024_Human,-1.1069014371289192,Downregulated,0.6146741291752212,7/30,13.55%
EGFR Tyrosine Kinase Inhibitor Resistance WP4806,WikiPathways_2024_Human,-1.1073863067993246,Downregulated,0.6138547128925061,27/81,25.95%
Positive Regulation of T Cell Activation (GO:0050870),GO_Biological_Process_2025,-1.107566545596997,Downregulated,0.613859771978344,25/97,16.15%
IL1 Signaling WP195,WikiPathways_2024_Human,-1.1079174276629389,Downregulated,0.6134043002112081,17/54,24.71%
NOTCH1 Regulation Of Endothelial Cell Calcification WP3413,WikiPathways_2024_Human,-1.1079324978886986,Downregulated,0.6138779669928102,5/16,8.67%
+ Reg of Myeloid Leukocyte Cytokine Production Inv in Imm Resp (GO:0061081),GO_Biological_Process_2025,-1.1079462175050148,Downregulated,0.61436653738362,10/15,31.84%
Telomere Maintenance (GO:0000723),GO_Biological_Process_2025,-1.1081296512631824,Downregulated,0.6143347476305938,19/68,19.60%
Nucleus Organization (GO:0006997),GO_Biological_Process_2025,-1.1081633385127885,Downregulated,0.6147690416558246,15/45,21.67%
Ribosome (GO:0005840),GO_Cellular_Component_2025,-1.108242747379918,Downregulated,0.6150889543893276,18/37,33.41%
Regulation of Cytokine-Mediated Signaling Pathway (GO:0001959),GO_Biological_Process_2025,-1.1086323653506536,Downregulated,0.6145594368183142,5/39,8.07%
Nuclear Retinoic Acid Receptor Binding (GO:0042974),GO_Molecular_Function_2025,-1.1092908125656644,Downregulated,0.6131762989688646,3/16,11.05%
Circadian Rhythm Genes WP3594,WikiPathways_2024_Human,-1.1098292984196851,Downregulated,0.6121927259958883,37/169,17.13%
Cellular Component Assembly (GO:0022607),GO_Biological_Process_2025,-1.1100792375655757,Downregulated,0.6120049076657633,49/246,14.91%
Purine metabolism,KEGG_2021_Human,-1.1101059915413527,Downregulated,0.6124465357392825,29/115,19.91%
Negative Regulation of Defense Response (GO:0031348),GO_Biological_Process_2025,-1.1102625642448245,Downregulated,0.6125275837600014,27/109,18.49%
mRNA Decay By 5 To 3 Exoribonuclease R-HSA-430039,Reactome_2022,-1.1107809009162497,Downregulated,0.6115654932576466,3/15,11.70%
Modification-Dependent Protein Catabolic Process (GO:0019941),GO_Biological_Process_2025,-1.110978614065255,Downregulated,0.6115788234542933,61/197,25.08%
Phospholipid Biosynthetic Process (GO:0008654),GO_Biological_Process_2025,-1.1113611957174794,Downregulated,0.6110915236510114,13/27,24.18%
Phospholipase D signaling pathway,KEGG_2021_Human,-1.1115294592971785,Downregulated,0.6111869659937456,26/133,16.26%
Regulation of Actin Nucleation (GO:0051125),GO_Biological_Process_2025,-1.1116811122205985,Downregulated,0.6112988812002437,5/19,12.30%
MAPK Cascade WP422,WikiPathways_2024_Human,-1.111707366446054,Downregulated,0.611749696481743,14/33,32.39%
GTPase Regulator Activity (GO:0030695),GO_Molecular_Function_2025,-1.1118532575357063,Downregulated,0.6118602446860825,63/389,12.77%
"RNA Exonuclease Activity, Producing 5'-Phosphomonoesters (GO:0016896)",GO_Molecular_Function_2025,-1.1120222075376656,Downregulated,0.6119270386382458,14/31,32.19%
Endoplasmic Reticulum Stress Response In Coronavirus Infection WP4861,WikiPathways_2024_Human,-1.1132483568993925,Downregulated,0.6090502231213075,19/42,23.68%
miRNA Regulation Of Prostate Cancer Signaling WP3981,WikiPathways_2024_Human,-1.1132743983792417,Downregulated,0.6094904179303176,5/30,14.23%
Establishment or Maintenance of Epithelial Cell Apical/Basal Polarity (GO:0045197),GO_Biological_Process_2025,-1.1135476346546158,Downregulated,0.6093125133663891,6/34,7.47%
ABC Transporter Disorders R-HSA-5619084,Reactome_2022,-1.1135675294048195,Downregulated,0.6097834322244453,36/69,32.08%
GPCRs Other WP117,WikiPathways_2024_Human,-1.1147685941661505,Downregulated,0.6070364771925933,15/49,18.23%
Epithelial to Mesenchymal Transition (GO:0001837),GO_Biological_Process_2025,-1.114947394536235,Downregulated,0.607043979952175,6/48,5.84%
Toll-like Receptor Cascades R-HSA-168898,Reactome_2022,-1.1160047863557316,Downregulated,0.6047083622023439,26/148,16.04%
Pathogenic Escherichia Coli Infection WP2272,WikiPathways_2024_Human,-1.1160908670620715,Downregulated,0.6049947893168548,21/50,30.91%
DNA-templated Transcription Elongation (GO:0006354),GO_Biological_Process_2025,-1.1166093914504984,Downregulated,0.6041261406070483,14/28,30.72%
Wound Healing (GO:0042060),GO_Biological_Process_2025,-1.1169865169057551,Downregulated,0.6035435835104109,15/71,13.30%
PKA Activation In Glucagon Signaling R-HSA-164378,Reactome_2022,-1.1172427189934406,Downregulated,0.6033623819878463,2/15,1.25%
Regulation of T Cell Proliferation (GO:0042129),GO_Biological_Process_2025,-1.117258800141166,Downregulated,0.6038396668989837,17/72,15.45%
Energy Dependent Regulation Of mTOR By LKB1-AMPK R-HSA-380972,Reactome_2022,-1.1183836635876503,Downregulated,0.601302026354895,15/29,34.38%
T cell receptor signaling pathway,KEGG_2021_Human,-1.1186168991795824,Downregulated,0.6012073612933393,30/99,24.86%
Kaposi sarcoma-associated herpesvirus infection,KEGG_2021_Human,-1.1200733481386964,Downregulated,0.5975676657199198,73/163,32.54%
Endolysosomal Toll-Like Receptor Signaling Pathway (GO:0140894),GO_Biological_Process_2025,-1.1203982947596345,Downregulated,0.5971556137848747,6/19,22.95%
Orc1 Removal From Chromatin R-HSA-68949,Reactome_2022,-1.1211753540788048,Downregulated,0.5954765384001586,34/67,32.08%
Insertion Of Tail-Anchored Proteins Into Endoplasmic Reticulum Membrane R-HSA-9609523,Reactome_2022,-1.1216996489032742,Downregulated,0.5945616219193718,5/21,11.79%
TNFR2 Non-Canonical NF-kB Pathway R-HSA-5668541,Reactome_2022,-1.1217481649926575,Downregulated,0.5949489473364111,40/92,32.27%
Notch Signaling WP61,WikiPathways_2024_Human,-1.1223266860155203,Downregulated,0.5939051115834262,11/50,13.88%
TRAF6 Mediated Induction Of NFkB And MAP Kinases Upon TLR7/8 Or 9 Activation R-HSA-975138,Reactome_2022,-1.122362245054155,Downregulated,0.5943331289948733,28/94,26.81%
Protein Kinase Inhibitor Activity (GO:0004860),GO_Molecular_Function_2025,-1.1225706850216124,Downregulated,0.594265031075876,18/54,20.23%
Carbohydrate Catabolic Process (GO:0016052),GO_Biological_Process_2025,-1.122951652885093,Downregulated,0.5937234922486881,5/32,7.11%
Beta-catenin Independent WNT Signaling R-HSA-3858494,Reactome_2022,-1.123105831030623,Downregulated,0.5938498695396047,57/133,32.14%
Cellular Response to Gamma Radiation (GO:0071480),GO_Biological_Process_2025,-1.1234496302208257,Downregulated,0.5933801225520706,3/15,7.68%
Role Of Nef In HIV-1 Replication And Disease Pathogenesis R-HSA-164952,Reactome_2022,-1.1234674039513723,Downregulated,0.5938576433216823,8/26,22.05%
Negative Regulation of Catabolic Process (GO:0009895),GO_Biological_Process_2025,-1.123641498181324,Downregulated,0.5938955428204006,37/109,23.80%
PI-3K cascade:FGFR2 R-HSA-5654695,Reactome_2022,-1.123678246267027,Downregulated,0.594322000651113,3/17,14.33%
Negative Regulation of Fatty Acid Metabolic Process (GO:0045922),GO_Biological_Process_2025,-1.123892549406119,Downregulated,0.5942880592432044,3/19,1.72%
Cardiomyocyte Signaling Converging On Titin WP5344,WikiPathways_2024_Human,-1.1243026969458674,Downregulated,0.593663474345975,6/30,10.90%
Amyloid Fibril Formation (GO:1990000),GO_Biological_Process_2025,-1.1247581180017192,Downregulated,0.5929642925252234,9/23,23.32%
Epithelial Cell Morphogenesis (GO:0003382),GO_Biological_Process_2025,-1.1249094675033733,Downregulated,0.5930740787130276,4/17,3.41%
mRNA 3'-End Processing (GO:0031124),GO_Biological_Process_2025,-1.1251270610224318,Downregulated,0.5929947392730204,13/27,33.88%
Myogenesis R-HSA-525793,Reactome_2022,-1.1251407175168358,Downregulated,0.593480563209816,8/22,17.66%
HDACs Deacetylate Histones R-HSA-3214815,Reactome_2022,-1.125689592300984,Downregulated,0.5925269223198718,6/37,9.84%
Signaling By NOTCH1 R-HSA-1980143,Reactome_2022,-1.1257469578437875,Downregulated,0.5928855894896098,15/72,11.88%
RNA Polymerase I Transcription Termination R-HSA-73863,Reactome_2022,-1.1257561571810786,Downregulated,0.5933894979599937,11/30,18.08%
Regulation of Smooth Muscle Cell Proliferation (GO:0048660),GO_Biological_Process_2025,-1.1258083739697384,Downregulated,0.5937622456097271,8/51,7.77%
Protein K63-linked Deubiquitination (GO:0070536),GO_Biological_Process_2025,-1.1261580918029137,Downregulated,0.593317239186882,5/21,12.29%
Mitochondrial RNA Metabolic Process (GO:0000959),GO_Biological_Process_2025,-1.1266194092436874,Downregulated,0.5925306597410788,12/22,34.50%
Inner Ear Morphogenesis (GO:0042472),GO_Biological_Process_2025,-1.1268133212099336,Downregulated,0.5925657315380922,3/19,1.52%
Skin Development (GO:0043588),GO_Biological_Process_2025,-1.1268795523380255,Downregulated,0.5929210502374174,11/53,12.71%
Downstream Signaling Of Activated FGFR3 R-HSA-5654708,Reactome_2022,-1.1272523978466662,Downregulated,0.592464155095629,3/21,7.98%
Regulation of DNA Repair (GO:0006282),GO_Biological_Process_2025,-1.127508381870061,Downregulated,0.5922762191043182,41/123,24.77%
Negative Regulation of Cell-Matrix Adhesion (GO:0001953),GO_Biological_Process_2025,-1.128203043657621,Downregulated,0.5908548027258756,6/28,12.99%
Eye Morphogenesis (GO:0048592),GO_Biological_Process_2025,-1.128281549050514,Downregulated,0.5911843261881653,3/22,2.34%
Glycolytic Process Through Glucose-6-Phosphate (GO:0061620),GO_Biological_Process_2025,-1.129504637805596,Downregulated,0.5883834601925878,3/15,7.11%
RAC2 GTPase Cycle R-HSA-9013404,Reactome_2022,-1.129637802217632,Downregulated,0.5885589341366472,21/86,17.89%
Negative Regulation of Rho Protein Signal Transduction (GO:0035024),GO_Biological_Process_2025,-1.1300967072835972,Downregulated,0.5877937441582666,8/19,23.65%
Regulation of Protein Binding (GO:0043393),GO_Biological_Process_2025,-1.1300986850874175,Downregulated,0.5883192510036368,17/73,15.10%
Regulation Of Pyruvate Dehydrogenase (PDH) Complex R-HSA-204174,Reactome_2022,-1.130297778755924,Downregulated,0.5883016899036755,8/15,25.42%
Inorganic Anion Transmembrane Transport (GO:0098661),GO_Biological_Process_2025,-1.1303201924657729,Downregulated,0.5887761810640157,19/62,18.98%
Hepatitis B Infection WP4666,WikiPathways_2024_Human,-1.1304209384051531,Downregulated,0.5890480914258059,55/133,30.68%
Ficolin-1-Rich Granule Membrane (GO:0101003),GO_Cellular_Component_2025,-1.13084697202577,Downregulated,0.5884020662736444,16/48,24.10%
Inorganic Cation Import Across Plasma Membrane (GO:0098659),GO_Biological_Process_2025,-1.1320955533458354,Downregulated,0.5855924311904421,13/78,10.22%
Histone H3 Methyltransferase Activity (GO:0140938),GO_Molecular_Function_2025,-1.1321768133340322,Downregulated,0.5859223264771934,16/35,28.12%
Plasma Membrane Repair (GO:0001778),GO_Biological_Process_2025,-1.1326045048719338,Downregulated,0.585238414987316,5/19,13.30%
Constitutive Signaling By Aberrant PI3K In Cancer R-HSA-2219530,Reactome_2022,-1.1326547957257016,Downregulated,0.5856169865296983,12/68,15.18%
+ Reg of Transmembrane Receptor Prot Serine/Threonine Kinase Sgnlng Pway (GO:0090100),GO_Biological_Process_2025,-1.132820194364877,Downregulated,0.5857120408885393,8/79,2.88%
Gene And Protein Expression By JAK-STAT Signaling After Interleukin-12 Stimulation R-HSA-8950505,Reactome_2022,-1.1330085165859376,Downregulated,0.5857393849925044,8/33,15.47%
MAPK Cascade (GO:0000165),GO_Biological_Process_2025,-1.1337752145522892,Downregulated,0.584152299861576,19/113,11.42%
DAP12 Interactions R-HSA-2172127,Reactome_2022,-1.1344108970838729,Downregulated,0.582955255911619,18/33,37.42%
Protein Import Into Nucleus (GO:0006606),GO_Biological_Process_2025,-1.1344981582954,Downregulated,0.5832383946550339,29/67,32.07%
PD-L1 expression and PD-1 checkpoint pathway in cancer,KEGG_2021_Human,-1.1355825725246929,Downregulated,0.5808282372988965,24/85,24.86%
Positive Regulation of Lymphocyte Differentiation (GO:0045621),GO_Biological_Process_2025,-1.1356224593498336,Downregulated,0.5812430912756614,10/35,18.70%
Negative Regulation of Sequestering of Calcium Ion (GO:0051283),GO_Biological_Process_2025,-1.1356708674893616,Downregulated,0.5816446168719619,13/39,20.14%
Fc-gamma Receptor Signaling Pathway (GO:0038094),GO_Biological_Process_2025,-1.135681779180738,Downregulated,0.5821563963709017,13/28,30.49%
Regulation of Rho Protein Signal Transduction (GO:0035023),GO_Biological_Process_2025,-1.1373469405416574,Downregulated,0.578143140889788,25/70,23.67%
Phospholipase C-activating G Protein-Coupled Receptor Signaling Pathway (GO:0007200),GO_Biological_Process_2025,-1.1374747901724271,Downregulated,0.5782898147335328,23/77,20.66%
Hematopoietic SC Gene Regulation By GABP Alpha Beta Complex WP3657,WikiPathways_2024_Human,-1.1380175053783037,Downregulated,0.5773515829631616,8/19,25.76%
Cellular senescence,KEGG_2021_Human,-1.1381767658655606,Downregulated,0.5774444721669901,26/144,11.69%
"Catalytic Activity, Acting on a tRNA (GO:0140101)",GO_Molecular_Function_2025,-1.1383396695399892,Downregulated,0.5775320847978956,23/41,34.94%
Disorders Of Bile Acid Synthesis And Biliary Transport WP5176,WikiPathways_2024_Human,-1.1386648328648483,Downregulated,0.5772077101186801,5/19,8.99%
Gastrin-CREB Signaling Pathway Via PKC And MAPK R-HSA-881907,Reactome_2022,-1.138701677332266,Downregulated,0.5776215765719612,8/15,32.39%
Negative Regulation Of FGFR4 Signaling R-HSA-5654733,Reactome_2022,-1.1395990519347534,Downregulated,0.5757717804860629,4/27,7.98%
Calcium Ion Import (GO:0070509),GO_Biological_Process_2025,-1.1396001891735177,Downregulated,0.5762966091107451,6/31,9.77%
Regulation of Insulin Receptor Signaling Pathway (GO:0046626),GO_Biological_Process_2025,-1.1398487632589998,Downregulated,0.5761515664040366,7/46,12.16%
Regulation of Cellular Localization (GO:0060341),GO_Biological_Process_2025,-1.1401126062970497,Downregulated,0.5759482025891931,13/56,13.83%
Assembly And Cell Surface Presentation Of NMDA Receptors R-HSA-9609736,Reactome_2022,-1.140313983342387,Downregulated,0.5759757975441625,8/20,20.66%
Regulation of mRNA Metabolic Process (GO:1903311),GO_Biological_Process_2025,-1.140444733600799,Downregulated,0.5761395184508804,5/16,16.48%
Positive Regulation of Developmental Growth (GO:0048639),GO_Biological_Process_2025,-1.1408219575923286,Downregulated,0.575607160783245,18/43,23.22%
Cellular Response to Retinoic Acid (GO:0071300),GO_Biological_Process_2025,-1.141728233643565,Downregulated,0.5736412907650649,7/35,12.24%
Ca-dependent Events R-HSA-111996,Reactome_2022,-1.1420133098448164,Downregulated,0.5734038522485233,8/33,13.82%
Golgi Cis Cisterna (GO:0000137),GO_Cellular_Component_2025,-1.1428340452102574,Downregulated,0.5716503874846045,17/24,27.97%
Limb Development (GO:0060173),GO_Biological_Process_2025,-1.1431208055992497,Downregulated,0.5714404302639859,9/24,23.01%
Regulation of Protein Tyrosine Kinase Activity (GO:0061097),GO_Biological_Process_2025,-1.1431934305333913,Downregulated,0.5717641713199952,3/15,7.22%
Phospholipid Dephosphorylation (GO:0046839),GO_Biological_Process_2025,-1.1432427217823435,Downregulated,0.5721569932980144,7/31,12.00%
Deactivation Of Beta-Catenin Transactivating Complex R-HSA-3769402,Reactome_2022,-1.1436978553307668,Downregulated,0.5715146560437941,13/39,21.31%
Positive Regulation of MAP Kinase Activity (GO:0043406),GO_Biological_Process_2025,-1.1438235263369907,Downregulated,0.571729819506651,10/60,7.45%
Signaling To ERKs R-HSA-187687,Reactome_2022,-1.143939528240075,Downregulated,0.5719453836463475,15/30,32.39%
Actin Polymerization or Depolymerization (GO:0008154),GO_Biological_Process_2025,-1.144179316316328,Downregulated,0.5718376298359592,14/46,22.56%
Negative Regulation of Peptidase Activity (GO:0010466),GO_Biological_Process_2025,-1.1444291798950312,Downregulated,0.5716908367719339,6/20,13.50%
Phospholipid Metabolic Process (GO:0006644),GO_Biological_Process_2025,-1.1446933609676833,Downregulated,0.5714849025088896,24/61,25.97%
Positive Regulation of Cartilage Development (GO:0061036),GO_Biological_Process_2025,-1.1448150794680738,Downregulated,0.5717099375020671,3/16,5.53%
Positive Regulation of Viral Process (GO:0048524),GO_Biological_Process_2025,-1.145346142173712,Downregulated,0.5708292926236707,13/35,21.87%
Sensory Processing Of Sound By Outer Hair Cells Of Cochlea R-HSA-9662361,Reactome_2022,-1.146561741578753,Downregulated,0.5680189770723231,12/40,19.24%
cullin-RING Ubiquitin Ligase Complex (GO:0031461),GO_Cellular_Component_2025,-1.14682012652916,Downregulated,0.5678779510324662,67/207,22.27%
VEGF signaling pathway,KEGG_2021_Human,-1.1470768392043684,Downregulated,0.5676953717629903,26/54,32.54%
Purine Ribonucleotide Biosynthetic Process (GO:0009152),GO_Biological_Process_2025,-1.1472330713025842,Downregulated,0.5678207297544107,14/43,24.44%
Receptor-Mediated Endocytosis (GO:0006898),GO_Biological_Process_2025,-1.1472788146200483,Downregulated,0.5682247070679751,36/128,20.50%
Positive Regulation of Protein Import Into Nucleus (GO:0042307),GO_Biological_Process_2025,-1.1473208780805884,Downregulated,0.5686305635102651,15/28,34.87%
Mitochondrial tRNA Aminoacylation R-HSA-379726,Reactome_2022,-1.1475618824635263,Downregulated,0.5685454550001972,4/21,7.57%
K63-linked Deubiquitinase Activity (GO:0061578),GO_Molecular_Function_2025,-1.1478313319431928,Downregulated,0.5683570386068578,8/16,26.81%
DAG And IP3 Signaling R-HSA-1489509,Reactome_2022,-1.148381117415941,Downregulated,0.5674780979251469,9/37,13.82%
SARS-CoV-2 Modulates Host Translation Machinery R-HSA-9754678,Reactome_2022,-1.1493455607588692,Downregulated,0.5654708420716384,20/36,39.78%
Positive Regulation of Lymphocyte Migration (GO:2000403),GO_Biological_Process_2025,-1.1497096055145015,Downregulated,0.5651069602520945,4/16,5.26%
Embryonic Limb Morphogenesis (GO:0030326),GO_Biological_Process_2025,-1.149715377255895,Downregulated,0.5656258373867594,9/34,16.63%
Ras Signaling WP4223,WikiPathways_2024_Human,-1.1498041107859829,Downregulated,0.5659035047908949,41/167,18.29%
Regulation of Toll-Like Receptor 4 Signaling Pathway (GO:0034143),GO_Biological_Process_2025,-1.1498272070448383,Downregulated,0.5663835290035902,12/27,24.42%
Regulation of Protein Localization (GO:0032880),GO_Biological_Process_2025,-1.1506496897410865,Downregulated,0.5647392838233657,30/86,24.91%
Regulation of Hematopoietic Progenitor Cell Differentiation (GO:1901532),GO_Biological_Process_2025,-1.1508081692437775,Downregulated,0.5649118395867698,7/15,27.62%
Canonical And Non Canonical TGF B Signaling WP3874,WikiPathways_2024_Human,-1.1510350629416914,Downregulated,0.5647907258800797,4/17,6.56%
"Tristetraprolin (TTP, ZFP36) Binds And Destabilizes mRNA R-HSA-450513",Reactome_2022,-1.1510706512422852,Downregulated,0.5652432223456212,10/16,32.19%
Cytoskeleton Organization (GO:0007010),GO_Biological_Process_2025,-1.1511231895730554,Downregulated,0.5656523970814685,32/106,23.31%
Positive Regulation of Granulocyte Chemotaxis (GO:0071624),GO_Biological_Process_2025,-1.151135771511324,Downregulated,0.5661689473321097,9/17,20.95%
Negative Regulation of Blood Vessel Morphogenesis (GO:2000181),GO_Biological_Process_2025,-1.151216757243048,Downregulated,0.5664889802147343,11/72,6.40%
Establishment of Epithelial Cell Polarity (GO:0090162),GO_Biological_Process_2025,-1.1514701246277788,Downregulated,0.5663290288765411,4/18,6.91%
Cytoplasmic Vesicle Lumen (GO:0060205),GO_Cellular_Component_2025,-1.1515721361677247,Downregulated,0.5666066113742781,39/101,25.61%
Regulation of Cellular Response to Stress (GO:0080135),GO_Biological_Process_2025,-1.1516578590163975,Downregulated,0.566935950168047,35/105,23.75%
Maintenance of Blood-Brain Barrier (GO:0035633),GO_Biological_Process_2025,-1.1526605468245212,Downregulated,0.5647648830385831,8/28,6.01%
Regulation of Vesicle-Mediated Transport (GO:0060627),GO_Biological_Process_2025,-1.1529097422797117,Downregulated,0.5646596911039072,16/76,11.04%
Cysteine-Type Peptidase Activity (GO:0008234),GO_Molecular_Function_2025,-1.153437408960367,Downregulated,0.5637768598175222,25/113,15.32%
Monoatomic Anion Channel Activity (GO:0005253),GO_Molecular_Function_2025,-1.1536127842602737,Downregulated,0.5638567781074426,17/61,16.93%
Adenine Nucleotide Transport (GO:0051503),GO_Biological_Process_2025,-1.15362130183852,Downregulated,0.5643703529131241,6/20,13.13%
Cardiac Muscle Cell Development (GO:0055013),GO_Biological_Process_2025,-1.1539218735500962,Downregulated,0.5641063790067824,6/22,13.55%
Response to Retinoic Acid (GO:0032526),GO_Biological_Process_2025,-1.1540502855983543,Downregulated,0.5642922787236683,9/49,12.24%
Signaling By FGFR R-HSA-190236,Reactome_2022,-1.1542237334413512,Downregulated,0.5643775907733742,13/77,10.84%
Regulation of Cell Adhesion (GO:0030155),GO_Biological_Process_2025,-1.155596012524827,Downregulated,0.5612480426318155,44/128,26.81%
Keratinization R-HSA-6805567,Reactome_2022,-1.1556866921210662,Downregulated,0.5615799834120837,10/44,12.49%
HDAC6 Interactions In The Central Nervous System WP5426,WikiPathways_2024_Human,-1.155721336056586,Downregulated,0.5620448673166019,31/107,19.88%
Sensory Processing Of Sound R-HSA-9659379,Reactome_2022,-1.157200170721127,Downregulated,0.5586126281319723,20/61,21.98%
MAP2K And MAPK Activation R-HSA-5674135,Reactome_2022,-1.157428310467996,Downregulated,0.5585176435828886,16/35,29.35%
Cellular Response to Sterol (GO:0036315),GO_Biological_Process_2025,-1.1590534320360997,Downregulated,0.5547314952362117,1/15,0.05%
Androgen Receptor Signaling WP138,WikiPathways_2024_Human,-1.1592408322264705,Downregulated,0.554758443552829,28/83,25.00%
Import Into Cell (GO:0098657),GO_Biological_Process_2025,-1.1594838030039385,Downregulated,0.5546305356622244,5/19,9.23%
Yersinia infection,KEGG_2021_Human,-1.1595524527016543,Downregulated,0.5549918570801606,40/131,25.02%
C-type Lectin Receptors (CLRs) R-HSA-5621481,Reactome_2022,-1.159589286063734,Downregulated,0.555429170699998,55/124,32.08%
Negative Regulation of Multicellular Organismal Process (GO:0051241),GO_Biological_Process_2025,-1.159711684124621,Downregulated,0.5556308162387618,33/216,11.02%
Transcription by RNA Polymerase I (GO:0006360),GO_Biological_Process_2025,-1.1601966937834425,Downregulated,0.5548800473203097,7/16,18.08%
Positive Regulation of Protein-Containing Complex Assembly (GO:0031334),GO_Biological_Process_2025,-1.1605822225901572,Downregulated,0.5543601478391156,38/98,27.48%
Mesodermal Commitment Pathway WP2857,WikiPathways_2024_Human,-1.1606016230303795,Downregulated,0.5548520433443916,34/131,21.65%
Potential Therapeutics For SARS R-HSA-9679191,Reactome_2022,-1.1617369081373676,Downregulated,0.5523733313478316,20/95,15.99%
"Vesicle Targeting, Rough ER to cis-Golgi (GO:0048207)",GO_Biological_Process_2025,-1.1623225909723764,Downregulated,0.5513950631051144,5/20,11.37%
COPII Vesicle Coating (GO:0048208),GO_Biological_Process_2025,-1.1623225909723764,Downregulated,0.5513950631051144,5/20,11.37%
RNA Polymerase I Transcription R-HSA-73864,Reactome_2022,-1.1631856623788677,Downregulated,0.5501600435746303,17/58,16.13%
Human immunodeficiency virus 1 infection,KEGG_2021_Human,-1.163259438224882,Downregulated,0.5505205228728139,63/178,27.06%
Protein Tyrosine Kinase Activator Activity (GO:0030296),GO_Molecular_Function_2025,-1.1638073640133564,Downregulated,0.549582202444909,7/28,11.98%
Protein Modification by Small Protein Conjugation (GO:0032446),GO_Biological_Process_2025,-1.1640002569922885,Downregulated,0.5496149913289604,93/291,23.55%
Glial Cell Differentiation (GO:0010001),GO_Biological_Process_2025,-1.1640172293767106,Downregulated,0.5501096047506462,3/25,3.06%
PKA Activation R-HSA-163615,Reactome_2022,-1.1640742837548648,Downregulated,0.5505183817280078,2/16,1.25%
MyD88 Cascade Initiated On Plasma Membrane R-HSA-975871,Reactome_2022,-1.164508200916312,Downregulated,0.5498100384565934,28/89,28.52%
"RNA Splicing, via Transesterification Reactions (GO:0000375)",GO_Biological_Process_2025,-1.165999735901024,Downregulated,0.5465378060944024,9/24,23.47%
GnRH signaling pathway,KEGG_2021_Human,-1.166646001322823,Downregulated,0.5453640672616789,16/81,13.51%
Cargo Recognition For Clathrin-Mediated Endocytosis R-HSA-8856825,Reactome_2022,-1.1668887995518695,Downregulated,0.5453068965179491,24/98,15.83%
Cell-Matrix Adhesion (GO:0007160),GO_Biological_Process_2025,-1.1675649138992408,Downregulated,0.544084811166748,20/99,12.55%
16P11 2 Proximal Deletion Syndrome WP4949,WikiPathways_2024_Human,-1.168253727730581,Downregulated,0.5428697419891195,18/67,23.01%
Adenylate Cyclase-Modulating G Protein-Coupled Receptor Signaling Pathway (GO:0007188),GO_Biological_Process_2025,-1.1687056951564,Downregulated,0.5421826588551978,24/143,11.24%
Protein Phosphatase Activator Activity (GO:0072542),GO_Molecular_Function_2025,-1.1693060505530914,Downregulated,0.5411572073907268,5/20,10.43%
Positive Regulation of Signal Transduction (GO:0009967),GO_Biological_Process_2025,-1.169556646470732,Downregulated,0.5410695261831517,57/239,19.31%
Microglia Pathogen Phagocytosis Pathway WP3937,WikiPathways_2024_Human,-1.1702004018305256,Downregulated,0.5399070386369089,17/39,33.24%
Signaling Receptor Ligand Precursor Processing (GO:0140448),GO_Biological_Process_2025,-1.1705046319515249,Downregulated,0.539682732024673,7/15,18.51%
Negative Regulation of Protein Transport (GO:0051224),GO_Biological_Process_2025,-1.1710075106377482,Downregulated,0.5389771678351489,12/25,23.57%
Positive Regulation of Protein Localization to Plasma Membrane (GO:1903078),GO_Biological_Process_2025,-1.1710689458821455,Downregulated,0.5393611183554308,9/53,9.57%
Signaling By Receptor Tyrosine Kinases R-HSA-9006934,Reactome_2022,-1.1716802420418584,Downregulated,0.5382672146812758,72/460,11.64%
Negative Regulation of Lipid Biosynthetic Process (GO:0051055),GO_Biological_Process_2025,-1.1717707077496222,Downregulated,0.538566679960439,5/21,8.00%
Antigen Receptor-Mediated Signaling Pathway (GO:0050851),GO_Biological_Process_2025,-1.1719570000509252,Downregulated,0.5386760344753607,37/99,28.54%
Pyrimidine metabolism,KEGG_2021_Human,-1.1723953958200612,Downregulated,0.5380792702921134,16/51,22.31%
Endothelial Cell Proliferation (GO:0001935),GO_Biological_Process_2025,-1.1724674420031247,Downregulated,0.5384355826939893,7/19,17.09%
Midbody Abscission (GO:0061952),GO_Biological_Process_2025,-1.1735294710340616,Downregulated,0.5361169997364881,10/18,32.89%
Neural Crest Cell Migration (GO:0001755),GO_Biological_Process_2025,-1.173571143854984,Downregulated,0.536543859328228,5/33,4.83%
Regulated Exocytosis (GO:0045055),GO_Biological_Process_2025,-1.1737760234875805,Downregulated,0.5365367246870365,14/39,23.88%
Cholesterol Metabolic Process (GO:0008203),GO_Biological_Process_2025,-1.1744695337834077,Downregulated,0.5352860545943098,15/54,16.92%
Positive Regulation of Macrophage Derived Foam Cell Differentiation (GO:0010744),GO_Biological_Process_2025,-1.1745716059466176,Downregulated,0.5355885302062381,4/16,5.95%
Protein Localization to Cell-Cell Junction (GO:0150105),GO_Biological_Process_2025,-1.1763314340669833,Downregulated,0.5315947848319115,3/15,3.18%
MyD88 Dependent Cascade Initiated On Endosome R-HSA-975155,Reactome_2022,-1.176513530406461,Downregulated,0.5316607985582178,29/95,26.81%
B-WICH Complex Positively Regulates rRNA Expression R-HSA-5250924,Reactome_2022,-1.1766661487759489,Downregulated,0.5318015943678694,15/37,19.25%
Regulation of Cell Fate Specification (GO:0042659),GO_Biological_Process_2025,-1.1768715271197956,Downregulated,0.5318342050335537,5/15,23.07%
APC/C-mediated Degradation Of Cell Cycle Proteins R-HSA-174143,Reactome_2022,-1.1775267782394343,Downregulated,0.5307364386642336,35/84,28.52%
Meiosis I (GO:0007127),GO_Biological_Process_2025,-1.1779089615823355,Downregulated,0.5303091179254591,5/18,13.19%
Negative Regulation of Protein Localization to Plasma Membrane (GO:1903077),GO_Biological_Process_2025,-1.178073512315491,Downregulated,0.530438232301914,10/25,22.66%
Negative Regulation of Autophagy (GO:0010507),GO_Biological_Process_2025,-1.1784557627553842,Downregulated,0.5299419714171733,22/60,24.95%
Negative Regulation of Cytokine-Mediated Signaling Pathway (GO:0001960),GO_Biological_Process_2025,-1.1799047795852595,Downregulated,0.5266658313625767,22/58,25.98%
Negative Regulation of Intracellular Signal Transduction (GO:1902532),GO_Biological_Process_2025,-1.1800464188139943,Downregulated,0.5268777212337621,43/272,11.88%
Toll Like Receptor 4 (TLR4) Cascade R-HSA-166016,Reactome_2022,-1.1801740982943576,Downregulated,0.5270633391428737,20/129,14.23%
Calcium-Dependent Phospholipid Binding (GO:0005544),GO_Molecular_Function_2025,-1.1802903044581436,Downregulated,0.5272857885249745,12/45,14.79%
Protein Import Into Mitochondrial Matrix (GO:0030150),GO_Biological_Process_2025,-1.1803039997485318,Downregulated,0.5277933112745844,8/16,18.94%
mRNA Cleavage and Polyadenylation Specificity Factor Complex (GO:0005847),GO_Cellular_Component_2025,-1.1804431351540372,Downregulated,0.5279621728435209,8/15,27.06%
RHOU GTPase Cycle R-HSA-9013420,Reactome_2022,-1.1809254802056042,Downregulated,0.5271794893117727,8/39,12.24%
Ubiquitin-Like Protein Ligase Binding (GO:0044389),GO_Molecular_Function_2025,-1.1812899720784114,Downregulated,0.5267990403756827,76/266,23.54%
Purine Metabolism And Related Disorders WP4224,WikiPathways_2024_Human,-1.1813668496074974,Downregulated,0.5271347211697697,14/23,34.27%
Signaling By NTRKs R-HSA-166520,Reactome_2022,-1.1816312275310163,Downregulated,0.5269747291202409,23/121,11.64%
Kinase Binding (GO:0019900),GO_Molecular_Function_2025,-1.1819741329419444,Downregulated,0.5266173718273187,120/417,24.10%
Calcium Channel Regulator Activity (GO:0005246),GO_Molecular_Function_2025,-1.182069505296118,Downregulated,0.5269159249575412,10/41,13.10%
Striated Muscle Contraction Pathway WP383,WikiPathways_2024_Human,-1.1820992562075656,Downregulated,0.5273696137232912,14/34,25.10%
"Negative Regulation of mRNA Splicing, via Spliceosome (GO:0048025)",GO_Biological_Process_2025,-1.1823782793463449,Downregulated,0.5272116588696049,7/15,28.08%
Nucleotide Salvage R-HSA-8956321,Reactome_2022,-1.1825077580619332,Downregulated,0.5273974650371144,3/22,5.67%
Negative Regulation of Cell Differentiation (GO:0045596),GO_Biological_Process_2025,-1.1825638568297738,Downregulated,0.5277804801866368,32/195,12.24%
Positive Regulation of Rho Protein Signal Transduction (GO:0035025),GO_Biological_Process_2025,-1.182899189873865,Downregulated,0.5274919287758698,6/23,9.25%
Histone Modifications WP2369,WikiPathways_2024_Human,-1.182905426840712,Downregulated,0.5280188292747804,19/38,32.39%
CaM Pathway R-HSA-111997,Reactome_2022,-1.1861859765783291,Downregulated,0.5201582093435857,8/31,13.82%
Regulation of Signal Transduction by P53 Class Mediator (GO:1901796),GO_Biological_Process_2025,-1.1863996449885854,Downregulated,0.5201659540899186,18/51,21.32%
Regulation of Myotube Differentiation (GO:0010830),GO_Biological_Process_2025,-1.1864346357286824,Downregulated,0.5206312377098825,7/21,20.97%
Positive Regulation of Small GTPase Mediated Signal Transduction (GO:0051057),GO_Biological_Process_2025,-1.1875475978556047,Downregulated,0.5182900804178978,15/47,17.53%
Circadian Clock R-HSA-400253,Reactome_2022,-1.1884497311429223,Downregulated,0.5165375861946865,26/65,26.65%
Cell-Cell Junction Assembly (GO:0007043),GO_Biological_Process_2025,-1.188930657478644,Downregulated,0.5158283484710167,11/56,8.53%
Response to Hydrogen Peroxide (GO:0042542),GO_Biological_Process_2025,-1.1892862989682556,Downregulated,0.5154975936723826,7/37,11.54%
Gastrin Signaling WP4659,WikiPathways_2024_Human,-1.1893405763202105,Downregulated,0.5159069807528904,20/106,14.08%
RNA Polymerase I Promoter Clearance R-HSA-73854,Reactome_2022,-1.1899210484529394,Downregulated,0.5149659049404393,17/57,16.13%
Positive Regulation of Cell Growth (GO:0030307),GO_Biological_Process_2025,-1.1902882012861309,Downregulated,0.5145223485947542,38/97,25.26%
Sensory Organ Development (GO:0007423),GO_Biological_Process_2025,-1.1907216741080258,Downregulated,0.5139806028036695,13/48,20.72%
ErbB signaling pathway,KEGG_2021_Human,-1.1908152304611397,Downregulated,0.5142665420309419,25/79,24.42%
Actin Filament Bundle Organization (GO:0061572),GO_Biological_Process_2025,-1.1909927593687892,Downregulated,0.5143331634618445,8/33,11.67%
Spinocerebellar ataxia,KEGG_2021_Human,-1.1911872360114952,Downregulated,0.5143824130882787,53/133,28.21%
Toll Like Receptor 9 (TLR9) Cascade R-HSA-168138,Reactome_2022,-1.191299953127584,Downregulated,0.5146233480389957,30/99,26.81%
Myeloid Cell Activation Involved in Immune Response (GO:0002275),GO_Biological_Process_2025,-1.1915084797053843,Downregulated,0.514596544527543,4/17,12.35%
Cellular Response to Fibroblast Growth Factor Stimulus (GO:0044344),GO_Biological_Process_2025,-1.1916156075649162,Downregulated,0.5148432328940538,8/45,7.98%
Cardiac Ventricle Development (GO:0003231),GO_Biological_Process_2025,-1.1920881591167545,Downregulated,0.5141910500713812,7/19,13.41%
Regulation of Type II Interferon Production (GO:0032649),GO_Biological_Process_2025,-1.1924163696970946,Downregulated,0.5138870629085012,28/74,23.57%
Negative Regulation of T Cell Activation (GO:0050868),GO_Biological_Process_2025,-1.1925180955674275,Downregulated,0.5141690298372373,13/41,23.42%
Regulation of Cytoplasmic Pattern Recognition Receptor Signaling Pathway (GO:0039531),GO_Biological_Process_2025,-1.1926457979250649,Downregulated,0.5143936283446726,6/17,18.96%
Regulation of Heart Contraction (GO:0008016),GO_Biological_Process_2025,-1.1934657125383568,Downregulated,0.5128904994736648,7/62,2.99%
Cyclic Nucleotide Binding (GO:0030551),GO_Molecular_Function_2025,-1.193469642759719,Downregulated,0.5134210783995526,5/22,8.38%
Sema3A PAK Dependent Axon Repulsion R-HSA-399954,Reactome_2022,-1.1934833992350502,Downregulated,0.5139300304307632,3/15,2.00%
Nuclear-Transcribed mRNA Catabolic Process (GO:0000956),GO_Biological_Process_2025,-1.1939720723634113,Downregulated,0.5132353202684604,29/83,22.93%
Nuclear Receptor Binding (GO:0016922),GO_Molecular_Function_2025,-1.1943874562690542,Downregulated,0.5127038191335361,37/110,25.22%
Negative Regulation of Signal Transduction (GO:0009968),GO_Biological_Process_2025,-1.1954335928918425,Downregulated,0.5106290695986837,45/252,12.39%
Interferon-Mediated Signaling Pathway (GO:0140888),GO_Biological_Process_2025,-1.1954404237416003,Downregulated,0.5111562576890651,10/31,22.05%
Negative Regulation of Response to External Stimulus (GO:0032102),GO_Biological_Process_2025,-1.1955028488252883,Downregulated,0.5115409609350906,34/130,18.49%
Actin Nucleation (GO:0045010),GO_Biological_Process_2025,-1.195776167257129,Downregulated,0.5113399771347299,8/17,29.62%
Regulation of Actin Filament-Based Process (GO:0032970),GO_Biological_Process_2025,-1.1961872794840631,Downregulated,0.5108494516771906,30/88,24.56%
ERK1 and ERK2 Cascade (GO:0070371),GO_Biological_Process_2025,-1.1965557420507489,Downregulated,0.5103871993288346,3/21,5.08%
Positive Regulation of Protein Binding (GO:0032092),GO_Biological_Process_2025,-1.1967389917126012,Downregulated,0.510457469774711,7/38,8.66%
Positive Regulation of Protein Kinase Activity (GO:0045860),GO_Biological_Process_2025,-1.1968613061851194,Downregulated,0.5106786623767952,27/84,23.34%
Regulation of Stress Fiber Assembly (GO:0051492),GO_Biological_Process_2025,-1.197731989726021,Downregulated,0.5090533161497716,36/73,32.50%
Negative Regulation of Signaling (GO:0023057),GO_Biological_Process_2025,-1.197761988710669,Downregulated,0.5095244461429609,3/24,0.96%
Negative Regulation of Notch Signaling Pathway (GO:0045746),GO_Biological_Process_2025,-1.1980002793983606,Downregulated,0.5094351400660059,9/27,14.81%
Nuclear Membrane Reassembly (GO:0031468),GO_Biological_Process_2025,-1.19803027197897,Downregulated,0.5099115481190943,13/21,33.90%
Ras signaling pathway,KEGG_2021_Human,-1.198535654655084,Downregulated,0.5092084182715387,50/205,18.29%
Protein Acylation (GO:0043543),GO_Biological_Process_2025,-1.1990790583526132,Downregulated,0.50832758477946,9/33,18.72%
Phosphatidylinositol Kinase Activity (GO:0052742),GO_Molecular_Function_2025,-1.199656473302555,Downregulated,0.5073830494378515,8/24,12.55%
Positive Regulation of SMAD Protein Signal Transduction (GO:0060391),GO_Biological_Process_2025,-1.1998049574192906,Downregulated,0.5075796299648944,3/36,0.69%
Response to Molecule of Bacterial Origin (GO:0002237),GO_Biological_Process_2025,-1.200336258762527,Downregulated,0.5067780264725267,11/61,13.07%
Prolactin Signaling WP2037,WikiPathways_2024_Human,-1.2005776005709612,Downregulated,0.5067405982280718,12/73,9.98%
Cellular Response to Reactive Oxygen Species (GO:0034614),GO_Biological_Process_2025,-1.2012307733069174,Downregulated,0.5056053323487957,12/62,11.14%
Regulation of Synaptic Vesicle Exocytosis (GO:2000300),GO_Biological_Process_2025,-1.2022956901105832,Downregulated,0.5034527814305768,4/21,3.21%
RHO GTPases Activate PKNs R-HSA-5625740,Reactome_2022,-1.2027151816802353,Downregulated,0.5029632562191013,12/38,19.48%
Regulation of Actin Cytoskeleton Organization (GO:0032956),GO_Biological_Process_2025,-1.202831737852739,Downregulated,0.5032354341306897,32/94,24.56%
Secondary Alcohol Metabolic Process (GO:1902652),GO_Biological_Process_2025,-1.205051837909925,Downregulated,0.4982681720332819,15/37,21.92%
Leukocyte Cell-Cell Adhesion (GO:0007159),GO_Biological_Process_2025,-1.2053416678305076,Downregulated,0.4981171927936994,10/30,17.39%
Actin Filament Bundle Assembly (GO:0051017),GO_Biological_Process_2025,-1.2055357836237088,Downregulated,0.4981545988130589,8/31,11.67%
Membraneless Organelle Assembly (GO:0140694),GO_Biological_Process_2025,-1.206060377358697,Downregulated,0.4974520324139356,50/128,30.59%
Formation Of Incision Complex In GG-NER R-HSA-5696395,Reactome_2022,-1.2068404840564873,Downregulated,0.4961583630599987,13/41,17.73%
Protein Tyrosine Kinase Activity (GO:0004713),GO_Molecular_Function_2025,-1.2073254181201083,Downregulated,0.4955121285544146,26/99,18.70%
Toll Like Receptor 7/8 (TLR7/8) Cascade R-HSA-168181,Reactome_2022,-1.207342143655239,Downregulated,0.4960187383472981,30/96,26.81%
G Protein Signaling WP35,WikiPathways_2024_Human,-1.2073776416244018,Downregulated,0.496475425599451,28/85,23.92%
Kallmann Syndrome WP5074,WikiPathways_2024_Human,-1.207444778538664,Downregulated,0.4968492731877225,3/17,3.06%
Translational Elongation (GO:0006414),GO_Biological_Process_2025,-1.2080462617213552,Downregulated,0.4959465133081183,27/49,38.63%
Positive Regulation of Potassium Ion Transmembrane Transport (GO:1901381),GO_Biological_Process_2025,-1.2082422881271755,Downregulated,0.4960304339625367,3/16,2.06%
Recycling Pathway Of L1 R-HSA-437239,Reactome_2022,-1.208423310418062,Downregulated,0.4961105967867728,6/26,13.03%
Positive Regulation of ERBB Signaling Pathway (GO:1901186),GO_Biological_Process_2025,-1.2088305829679733,Downregulated,0.4956211591559288,8/24,17.86%
Synapse Assembly (GO:0007416),GO_Biological_Process_2025,-1.2092964990600783,Downregulated,0.4949896819785601,10/74,4.29%
Parkin Ubiquitin Proteasomal System Pathway WP2359,WikiPathways_2024_Human,-1.2098716107959544,Downregulated,0.4941484339484083,25/62,25.51%
Positive Regulation of Smooth Muscle Cell Migration (GO:0014911),GO_Biological_Process_2025,-1.2101459774838743,Downregulated,0.494023542980479,4/17,5.26%
Cell-cell Junction Organization R-HSA-421270,Reactome_2022,-1.2103368409019144,Downregulated,0.4941019212748697,13/51,9.43%
RHO GTPase Cycle R-HSA-9012999,Reactome_2022,-1.2103563810966849,Downregulated,0.4946078684021363,94/426,18.88%
Nuclease Activity (GO:0004518),GO_Molecular_Function_2025,-1.2103571547999243,Downregulated,0.4951573319981208,18/52,21.87%
Positive Regulation of Cation Transmembrane Transport (GO:1904064),GO_Biological_Process_2025,-1.210961759944884,Downregulated,0.4941166371522508,5/17,11.51%
Nuclear Envelope (NE) Reassembly R-HSA-2995410,Reactome_2022,-1.21097404635719,Downregulated,0.4946428815855112,26/65,25.49%
Bile Acid And Bile Salt Metabolism R-HSA-194068,Reactome_2022,-1.211253242820632,Downregulated,0.4945469463766928,9/32,15.91%
Sprouting Angiogenesis (GO:0002040),GO_Biological_Process_2025,-1.2119023569192235,Downregulated,0.4934555053983427,16/58,12.75%
DNA Repair-Dependent Chromatin Remodeling (GO:0140861),GO_Biological_Process_2025,-1.2129391890820147,Downregulated,0.4912946133477399,7/19,23.75%
ErbB Signaling WP673,WikiPathways_2024_Human,-1.2137811812145476,Downregulated,0.4897343245441173,26/84,24.42%
Regulation of mRNA Stability (GO:0043488),GO_Biological_Process_2025,-1.2138334432339613,Downregulated,0.4901451215889182,34/74,35.33%
Ubiquitin Protein Ligase Binding (GO:0031625),GO_Molecular_Function_2025,-1.2145144025923726,Downregulated,0.4889770002183227,73/252,23.54%
Inflammatory mediator regulation of TRP channels,KEGG_2021_Human,-1.214543680890872,Downregulated,0.4894547738999753,18/84,11.71%
Oncostatin M Signaling WP2374,WikiPathways_2024_Human,-1.215554356628163,Downregulated,0.487456714892293,11/56,12.24%
Erythrocyte Differentiation (GO:0030218),GO_Biological_Process_2025,-1.2156201940072946,Downregulated,0.4878305868862628,14/45,16.93%
Intrinsic Apoptotic Signaling Pathway in Response to DNA Damage by P53 Class Mediator (GO:0042771),GO_Biological_Process_2025,-1.215656995735504,Downregulated,0.4882992860682058,7/21,18.84%
Intracellular Signaling Cassette (GO:0141124),GO_Biological_Process_2025,-1.2164500327357326,Downregulated,0.4868993530920816,52/333,11.58%
snRNA Binding (GO:0017069),GO_Molecular_Function_2025,-1.216990883617448,Downregulated,0.4861435130040456,16/40,27.00%
mRNA 3'-UTR Binding (GO:0003730),GO_Molecular_Function_2025,-1.2190573841451091,Downregulated,0.4816704407804579,29/93,25.87%
10Q22Q23 Copy Number Variation WP5402,WikiPathways_2024_Human,-1.2193884240003037,Downregulated,0.4813844004283916,18/50,24.40%
Ubiquitin Binding (GO:0043130),GO_Molecular_Function_2025,-1.2206472586049515,Downregulated,0.4788495653408715,19/79,15.32%
Sensory Processing Of Sound By Inner Hair Cells Of Cochlea R-HSA-9662360,Reactome_2022,-1.220698770937518,Downregulated,0.479276108425246,19/56,21.98%
Autophagy In Pancreatic Ductal Adenocarcinoma WP5331,WikiPathways_2024_Human,-1.2209714202295647,Downregulated,0.4791690647053315,5/18,17.43%
Import Into Nucleus (GO:0051170),GO_Biological_Process_2025,-1.2215540273981054,Downregulated,0.4782705441461453,22/68,22.34%
Dephosphorylation (GO:0016311),GO_Biological_Process_2025,-1.221724974833741,Downregulated,0.4784171121472967,23/97,16.45%
Mammary Gland Development (GO:0030879),GO_Biological_Process_2025,-1.2220834192696286,Downregulated,0.4780710809972129,4/17,5.84%
Cell Chemotaxis (GO:0060326),GO_Biological_Process_2025,-1.2220986232215003,Downregulated,0.4785766630597944,10/63,3.94%
Cation Binding (GO:0043169),GO_Molecular_Function_2025,-1.222360030519476,Downregulated,0.4784940666636624,33/71,28.22%
Integrated Stress Response Signaling (GO:0140467),GO_Biological_Process_2025,-1.2229253801075788,Downregulated,0.4776809216670132,15/33,29.90%
Glutamate Neurotransmitter Release Cycle R-HSA-210500,Reactome_2022,-1.2230317813043314,Downregulated,0.4779708921158265,10/23,22.47%
Negative Regulation of Lymphocyte Proliferation (GO:0050672),GO_Biological_Process_2025,-1.2230885076557934,Downregulated,0.4783967366203048,6/36,8.26%
Phosphatidylinositol Bisphosphate Binding (GO:1902936),GO_Molecular_Function_2025,-1.2232443448454546,Downregulated,0.4785678732134303,22/87,15.90%
Regulation of Cellular Component Biogenesis (GO:0044087),GO_Biological_Process_2025,-1.2232983576399752,Downregulated,0.4789816959434864,10/36,15.47%
Hepatocyte Growth Factor Receptor Signaling WP313,WikiPathways_2024_Human,-1.2234891389847418,Downregulated,0.4790634504223088,11/33,22.51%
MAP Kinase Activation R-HSA-450294,Reactome_2022,-1.2239766925156808,Downregulated,0.4783921431984729,11/60,14.23%
Signaling By FLT3 Fusion Proteins R-HSA-9703465,Reactome_2022,-1.2241334476907266,Downregulated,0.4786093945800659,10/18,32.39%
"RNA Splicing, via Transesterification Reactions With Bulged Adenosine as Nucleophile (GO:0000377)",GO_Biological_Process_2025,-1.2241451502476488,Downregulated,0.4791448224700969,43/155,21.04%
tRNA Binding (GO:0000049),GO_Molecular_Function_2025,-1.2243320694419233,Downregulated,0.4792009849575893,13/50,14.60%
Regulation of Lipopolysaccharide-Mediated Signaling Pathway (GO:0031664),GO_Biological_Process_2025,-1.224620228527615,Downregulated,0.479039490400029,5/20,11.45%
Regulation of Cholesterol Biosynthetic Process (GO:0045540),GO_Biological_Process_2025,-1.2246862504865108,Downregulated,0.4794448007674696,10/21,29.62%
FRS-mediated FGFR1 Signaling R-HSA-5654693,Reactome_2022,-1.2249906327983022,Downregulated,0.4792707798380433,3/16,7.98%
HDMs Demethylate Histones R-HSA-3214842,Reactome_2022,-1.2259742203717,Downregulated,0.477397774316504,12/23,34.32%
Chromosome (GO:0005694),GO_Cellular_Component_2025,-1.2260635302455136,Downregulated,0.4777194998906292,52/151,22.91%
RNA Polymerase Core Enzyme Binding (GO:0043175),GO_Molecular_Function_2025,-1.2261481322420904,Downregulated,0.478057226166894,13/33,21.09%
Negative Regulation of Protein Localization to Cell Periphery (GO:1904376),GO_Biological_Process_2025,-1.2262582350852125,Downregulated,0.4783055173253477,9/22,22.66%
Fluid shear stress and atherosclerosis,KEGG_2021_Human,-1.2269406867916657,Downregulated,0.4772355899019975,16/128,5.28%
Epidermal Cell Differentiation (GO:0009913),GO_Biological_Process_2025,-1.227484579770322,Downregulated,0.4764831581078648,8/39,12.71%
RNA Methyltransferase Activity (GO:0008173),GO_Molecular_Function_2025,-1.2276210028455556,Downregulated,0.4766845117388643,7/18,16.19%
MAPK6/MAPK4 Signaling R-HSA-5687128,Reactome_2022,-1.228166370842905,Downregulated,0.4759352479342748,41/84,32.58%
Signaling By PDGF R-HSA-186797,Reactome_2022,-1.229808858075607,Downregulated,0.4724658311889802,10/48,10.85%
Hormone Activity (GO:0005179),GO_Molecular_Function_2025,-1.230246676990518,Downregulated,0.471961459804216,11/52,8.13%
Signaling By FGFR3 R-HSA-5654741,Reactome_2022,-1.23049750414992,Downregulated,0.4718925398666396,5/36,7.98%
Negative Regulation of Interleukin-10 Production (GO:0032693),GO_Biological_Process_2025,-1.2314911786110971,Downregulated,0.4699795707446904,4/15,11.93%
MAPK Family Signaling Cascades R-HSA-5683057,Reactome_2022,-1.231854456166598,Downregulated,0.4696654698260889,91/289,25.51%
miRNA-mediated Post-Transcriptional Gene Silencing (GO:0035195),GO_Biological_Process_2025,-1.2319011862486426,Downregulated,0.4701132372050997,9/26,20.33%
Guanyl-Nucleotide Exchange Factor Activity (GO:0005085),GO_Molecular_Function_2025,-1.2323808907278833,Downregulated,0.4694540576324513,64/194,25.08%
Butyrate Response Factor 1 Binds And Destabilizes mRNA R-HSA-450385,Reactome_2022,-1.232460573190138,Downregulated,0.4697998679704968,10/16,32.19%
IL2 Signaling WP49,WikiPathways_2024_Human,-1.2338606932742249,Downregulated,0.4669921926607841,11/36,24.42%
Signaling pathways regulating pluripotency of stem cells,KEGG_2021_Human,-1.2343058444839798,Downregulated,0.466521697058995,22/119,14.09%
Energy Metabolism WP1541,WikiPathways_2024_Human,-1.234310007375652,Downregulated,0.4670729352759107,12/44,17.27%
Negative Regulation of Neuron Differentiation (GO:0045665),GO_Biological_Process_2025,-1.2345453819045142,Downregulated,0.4670696023961688,3/16,1.22%
Receptor Tyrosine Kinase Binding (GO:0030971),GO_Molecular_Function_2025,-1.2347671634620645,Downregulated,0.4670889198516267,13/56,15.52%
FGFR3 Signal Chondrocyte Proliferation Terminal Differentiation WP4767,WikiPathways_2024_Human,-1.2348168264782575,Downregulated,0.4675152005104115,6/27,11.27%
RNA Transport (GO:0050658),GO_Biological_Process_2025,-1.2355322376173206,Downregulated,0.4663100485584319,13/38,22.34%
Protein Kinase Activator Activity (GO:0030295),GO_Molecular_Function_2025,-1.2357710600000775,Downregulated,0.4662389910657749,18/100,12.08%
Signaling By FGFR2 R-HSA-5654738,Reactome_2022,-1.2361291071823788,Downregulated,0.4659585946753268,11/65,10.84%
Chloride Channel Activity (GO:0005254),GO_Molecular_Function_2025,-1.2361653501616372,Downregulated,0.4664211792594501,16/53,16.93%
Response to BMP (GO:0071772),GO_Biological_Process_2025,-1.236175663660036,Downregulated,0.4669519106684435,3/19,0.69%
Endochondral Ossification With Skeletal Dysplasias WP4808,WikiPathways_2024_Human,-1.2367234344235205,Downregulated,0.4662043904717923,20/55,21.31%
Endochondral Ossification WP474,WikiPathways_2024_Human,-1.2367234344235205,Downregulated,0.4662043904717923,20/55,21.31%
Potassium Ion Transmembrane Transporter Activity (GO:0015079),GO_Molecular_Function_2025,-1.2376339883549612,Downregulated,0.4651391224948988,5/29,6.01%
Positive Regulation of Locomotion (GO:0040017),GO_Biological_Process_2025,-1.2377658580292916,Downregulated,0.4653526957408891,13/27,25.00%
Synaptic Vesicle Endocytosis (GO:0048488),GO_Biological_Process_2025,-1.237770973922316,Downregulated,0.4658968187628982,9/27,9.97%
Positive Regulation of Protein Localization to Cell Periphery (GO:1904377),GO_Biological_Process_2025,-1.2382769981926516,Downregulated,0.4651923569239539,10/55,9.57%
Long-term potentiation,KEGG_2021_Human,-1.2383734654075849,Downregulated,0.4655189647193841,16/59,16.45%
Negative Regulation of Non-Canonical NF-kappaB Signal Transduction (GO:1901223),GO_Biological_Process_2025,-1.2402069317466389,Downregulated,0.4616670645173936,8/21,16.99%
Protein Serine/Threonine Phosphatase Complex (GO:0008287),GO_Cellular_Component_2025,-1.2402168488926228,Downregulated,0.4622021488300994,13/26,28.38%
SHC1 Events In ERBB2 Signaling R-HSA-1250196,Reactome_2022,-1.24040153062879,Downregulated,0.4623184327048356,13/20,39.25%
Chloride Transmembrane Transport (GO:1902476),GO_Biological_Process_2025,-1.2404926572351016,Downregulated,0.4626807161337642,11/48,10.38%
Cell Lineage Map For Neuronal Differentiation WP5417,WikiPathways_2024_Human,-1.2407633719158973,Downregulated,0.4625793451358158,25/96,18.24%
Zinc Ion Transmembrane Transport (GO:0071577),GO_Biological_Process_2025,-1.2413968128056916,Downregulated,0.461646049987615,9/19,30.06%
Cysteine-Type Deubiquitinase Activity (GO:0004843),GO_Molecular_Function_2025,-1.2417119061482205,Downregulated,0.4614996494965198,25/68,26.81%
Negative Regulation Of NMDA Receptor-Mediated Neuronal Transmission R-HSA-9617324,Reactome_2022,-1.2418920776055231,Downregulated,0.4616186904389677,6/16,20.66%
miRNA Binding (GO:0035198),GO_Molecular_Function_2025,-1.2420570133061226,Downregulated,0.4617889204451847,11/28,25.73%
Cell Migration Involved in Sprouting Angiogenesis (GO:0002042),GO_Biological_Process_2025,-1.2428325079860938,Downregulated,0.4605705347545004,9/22,12.75%
Positive Regulation of D-glucose Import (GO:0046326),GO_Biological_Process_2025,-1.244912558169913,Downregulated,0.4561842939022561,2/21,0.07%
Hexose Transmembrane Transport (GO:0008645),GO_Biological_Process_2025,-1.2453073591735648,Downregulated,0.4558244926665458,3/15,12.31%
miRNA-mediated Gene Silencing by Inhibition of Translation (GO:0035278),GO_Biological_Process_2025,-1.24560740265671,Downregulated,0.4557283162639642,7/16,20.33%
Protein Modification by Small Protein Removal (GO:0070646),GO_Biological_Process_2025,-1.2457948756141448,Downregulated,0.4558162629947112,19/77,16.47%
Negative Regulation of Smooth Muscle Cell Proliferation (GO:0048662),GO_Biological_Process_2025,-1.2458011591739346,Downregulated,0.4563556384563805,6/35,7.77%
Neurotransmitter Release Cycle R-HSA-112310,Reactome_2022,-1.2466770540585228,Downregulated,0.4548120485868928,17/46,22.47%
Synaptic Vesicle Recycling (GO:0036465),GO_Biological_Process_2025,-1.246702494139437,Downregulated,0.4553089269121239,11/33,13.12%
Endoribonuclease Complex (GO:1902555),GO_Cellular_Component_2025,-1.24774808008634,Downregulated,0.4534279151980389,8/15,27.17%
RNA polymerase,KEGG_2021_Human,-1.247858684404638,Downregulated,0.4537181986397913,10/27,16.13%
Positive Regulation of Stress Fiber Assembly (GO:0051496),GO_Biological_Process_2025,-1.248778859622951,Downregulated,0.4520811427047031,21/41,32.17%
Regulation of Fatty Acid Biosynthetic Process (GO:0042304),GO_Biological_Process_2025,-1.2492891920833316,Downregulated,0.4513890153785966,9/22,18.22%
TNFR1-induced NFkappaB Signaling Pathway R-HSA-5357956,Reactome_2022,-1.249405445442606,Downregulated,0.4516896695336029,16/26,35.64%
Signaling By NTRK1 (TRKA) R-HSA-187037,Reactome_2022,-1.2494457368423748,Downregulated,0.4521641790811959,24/105,14.33%
CREB1 Phosphorylation Thru NMDA Receptor-Mediated Activation Of RAS Signaling R-HSA-442742,Reactome_2022,-1.249683196742711,Downregulated,0.4521450849471464,12/23,29.35%
Fibroblast Growth Factor Receptor Signaling Pathway (GO:0008543),GO_Biological_Process_2025,-1.2500562579542072,Downregulated,0.4518574765925154,6/31,7.98%
PIP3 Activates AKT Signaling R-HSA-1257604,Reactome_2022,-1.250188295284966,Downregulated,0.4520978430959613,78/250,25.51%
Outflow Tract Septum Morphogenesis (GO:0003148),GO_Biological_Process_2025,-1.250670717410418,Downregulated,0.4515076060191134,3/23,0.69%
Intermediate Filament Cytoskeleton (GO:0045111),GO_Cellular_Component_2025,-1.2506838613341429,Downregulated,0.4520384542597096,18/62,18.85%
Positive Regulation of Neutrophil Migration (GO:1902624),GO_Biological_Process_2025,-1.2510065340907868,Downregulated,0.4518536179357181,11/20,20.95%
rRNA Binding (GO:0019843),GO_Molecular_Function_2025,-1.2516100597621975,Downregulated,0.4510414484373407,25/38,38.50%
Calcium-Mediated Signaling (GO:0019722),GO_Biological_Process_2025,-1.2520672462524485,Downregulated,0.4505784272742281,38/85,31.57%
Muscle Tissue Morphogenesis (GO:0060415),GO_Biological_Process_2025,-1.252906929477662,Downregulated,0.4491715717169865,4/16,13.55%
Protein Deubiquitination (GO:0016579),GO_Biological_Process_2025,-1.2532208500291204,Downregulated,0.4489657135049267,26/68,26.81%
Positive Regulation of Protein Serine/Threonine Kinase Activity (GO:0071902),GO_Biological_Process_2025,-1.2550594985669528,Downregulated,0.4452746626617404,12/69,7.55%
Regulation of Calcium Ion Transmembrane Transporter Activity (GO:1901019),GO_Biological_Process_2025,-1.2555718190123577,Downregulated,0.4445677145960169,4/15,5.09%
Regulation of Glucose Metabolic Process (GO:0010906),GO_Biological_Process_2025,-1.25631366071945,Downregulated,0.4433130751413985,11/28,19.82%
Semaphorin Interactions R-HSA-373755,Reactome_2022,-1.2564161333144217,Downregulated,0.4436589056583668,12/63,11.42%
Signaling By ROBO Receptors R-HSA-376176,Reactome_2022,-1.2578530727589177,Downregulated,0.4409510539265833,76/171,32.28%
Mesoderm Formation (GO:0001707),GO_Biological_Process_2025,-1.2582215103361625,Downregulated,0.4406743220137968,4/19,6.75%
Chemoattractant Activity (GO:0042056),GO_Molecular_Function_2025,-1.2586260095103343,Downregulated,0.4402260860929755,7/26,8.65%
Chromatin Organization (GO:0006325),GO_Biological_Process_2025,-1.260087664793438,Downregulated,0.4372492746643778,96/283,24.77%
Phototransduction,KEGG_2021_Human,-1.2603147056825617,Downregulated,0.4373077259959065,10/21,21.09%
Embryonic Organ Development (GO:0048568),GO_Biological_Process_2025,-1.260391472813324,Downregulated,0.4376819237788586,22/63,17.89%
ABC-family Proteins Mediated Transport R-HSA-382556,Reactome_2022,-1.260923382130294,Downregulated,0.4369510759579548,39/92,28.52%
Negative Regulation Of FGFR2 Signaling R-HSA-5654727,Reactome_2022,-1.2627163659048484,Downregulated,0.4333463796968407,4/28,7.98%
Insulin Signaling WP481,WikiPathways_2024_Human,-1.2630881866177175,Downregulated,0.4330848465908709,23/153,10.06%
RAF/MAP Kinase Cascade R-HSA-5673001,Reactome_2022,-1.2633277312871285,Downregulated,0.4330819057914896,80/246,25.51%
Organelle Transport Along Microtubule (GO:0072384),GO_Biological_Process_2025,-1.2635743549012373,Downregulated,0.4330438356681267,9/38,12.23%
Endocytosis,KEGG_2021_Human,-1.2637131821445555,Downregulated,0.4332686550608565,97/232,30.91%
Sphingolipid Pathway WP1422,WikiPathways_2024_Human,-1.2640777863127306,Downregulated,0.4330271090486465,12/29,19.92%
Double-Strand Break Repair via Nonhomologous End Joining (GO:0006303),GO_Biological_Process_2025,-1.2645736713396174,Downregulated,0.4324446284537194,17/45,23.60%
EGF EGFR Signaling WP437,WikiPathways_2024_Human,-1.2648534063990284,Downregulated,0.4323748412439177,48/157,25.02%
Zinc Ion Transmembrane Transporter Activity (GO:0005385),GO_Molecular_Function_2025,-1.2651566189562644,Downregulated,0.4321880694420958,10/20,28.51%
Focal Adhesion WP306,WikiPathways_2024_Human,-1.2663833662386612,Downregulated,0.4299540954537639,33/192,9.50%
Regulation of Peptide Hormone Secretion (GO:0090276),GO_Biological_Process_2025,-1.2666542165665555,Downregulated,0.429950150562263,8/38,8.97%
Transcription Factor TFTC Complex (GO:0033276),GO_Cellular_Component_2025,-1.2669287761188484,Downregulated,0.4299384810458299,8/17,30.04%
Antigen Processing: Ubiquitination And Proteasome Degradation R-HSA-983168,Reactome_2022,-1.2674337531414173,Downregulated,0.4293798929597268,105/291,27.81%
"4 Iron, 4 Sulfur Cluster Binding (GO:0051539)",GO_Molecular_Function_2025,-1.2674551934330545,Downregulated,0.429891847597856,9/16,25.31%
Regulation of Transcription Regulatory Region DNA Binding (GO:2000677),GO_Biological_Process_2025,-1.2675970225218578,Downregulated,0.4301495660901064,9/17,21.33%
Regulation of DNA Replication (GO:0006275),GO_Biological_Process_2025,-1.2677592428821054,Downregulated,0.4303211048187838,19/70,19.60%
Wnt Signaling And Pluripotency WP399,WikiPathways_2024_Human,-1.267791359598751,Downregulated,0.43079436360464,26/94,20.54%
Toll Like Receptor 3 (TLR3) Cascade R-HSA-168164,Reactome_2022,-1.2678127032289204,Downregulated,0.4312984042761467,12/96,7.76%
TGF-beta signaling pathway,KEGG_2021_Human,-1.267852130049226,Downregulated,0.4317772951764597,11/85,10.05%
Negative Regulation of Osteoblast Differentiation (GO:0045668),GO_Biological_Process_2025,-1.2679249273367814,Downregulated,0.4321919610375418,4/32,6.00%
Regulation of MAP Kinase Activity (GO:0043405),GO_Biological_Process_2025,-1.2680507190171395,Downregulated,0.4324625328374469,12/65,8.26%
Artery Development (GO:0060840),GO_Biological_Process_2025,-1.268446416102071,Downregulated,0.4321351282470189,5/22,2.34%
Nuclear Membrane Organization (GO:0071763),GO_Biological_Process_2025,-1.2689422757347506,Downregulated,0.4315611241765533,15/25,33.90%
Semaphorin Receptor Binding (GO:0030215),GO_Molecular_Function_2025,-1.269571029129893,Downregulated,0.4306329714500549,4/21,4.83%
RNA Methylation (GO:0001510),GO_Biological_Process_2025,-1.2698626426802544,Downregulated,0.4305325502744149,14/46,17.38%
Ubiquitin Protein Ligase Activity (GO:0061630),GO_Molecular_Function_2025,-1.269920217563879,Downregulated,0.4309677154231586,92/264,25.70%
Association Of TriC/CCT With Target Proteins During Biosynthesis R-HSA-390471,Reactome_2022,-1.270720452555376,Downregulated,0.4297015145233567,14/37,24.14%
Regulation of Smooth Muscle Cell Migration (GO:0014910),GO_Biological_Process_2025,-1.2712001531690584,Downregulated,0.4291866599266101,5/19,10.76%
Embryonic Digestive Tract Development (GO:0048566),GO_Biological_Process_2025,-1.2738918398465862,Downregulated,0.4236581988141616,7/19,16.87%
Chemokine Binding (GO:0019956),GO_Molecular_Function_2025,-1.2746064265084582,Downregulated,0.4225320625665116,7/28,11.02%
SARS-CoV-1 Infection R-HSA-9678108,Reactome_2022,-1.2770083926236555,Downregulated,0.4175352819891751,21/47,30.64%
Regulation Of APC/C Activators Between G1/S And Early Anaphase R-HSA-176408,Reactome_2022,-1.277051272727331,Downregulated,0.4179898805147152,38/77,32.20%
Bicarbonate Transmembrane Transporter Activity (GO:0015106),GO_Molecular_Function_2025,-1.2771364891260066,Downregulated,0.4183457683295225,6/18,9.04%
Glucose Metabolic Process (GO:0006006),GO_Biological_Process_2025,-1.277460598989929,Downregulated,0.4182213828941588,14/49,15.08%
"Regulation of Alternative mRNA Splicing, via Spliceosome (GO:0000381)",GO_Biological_Process_2025,-1.27774876732585,Downregulated,0.418131651912945,21/50,30.80%
Intracellular Signaling By Second Messengers R-HSA-9006925,Reactome_2022,-1.277857583867407,Downregulated,0.4184413853216001,79/286,22.52%
Positive Regulation of Defense Response to Virus by Host (GO:0002230),GO_Biological_Process_2025,-1.27808363560545,Downregulated,0.4185031941060966,14/24,29.85%
Positive Epigenetic Regulation Of rRNA Expression R-HSA-5250913,Reactome_2022,-1.2781456685510229,Downregulated,0.4188972873641794,19/52,19.66%
Regulation of Establishment or Maintenance of Cell Polarity (GO:0032878),GO_Biological_Process_2025,-1.2781690730904696,Downregulated,0.4194091575156713,7/16,23.71%
PI-3K cascade:FGFR3 R-HSA-5654710,Reactome_2022,-1.2796082846617434,Downregulated,0.4166867404276521,3/15,14.33%
Wnt Signaling WP363,WikiPathways_2024_Human,-1.2798295768526409,Downregulated,0.4168154543822103,8/46,9.45%
mRNA Export From Nucleus (GO:0006406),GO_Biological_Process_2025,-1.2798336388070368,Downregulated,0.4173699316539275,19/54,21.15%
Negative Regulation of Translational Initiation (GO:0045947),GO_Biological_Process_2025,-1.279960399685615,Downregulated,0.4176397702979811,10/16,33.00%
TCF Dependent Signaling In Response To WNT R-HSA-201681,Reactome_2022,-1.2811791992208597,Downregulated,0.4154475170464059,59/166,26.71%
Choline metabolism in cancer,KEGG_2021_Human,-1.281934346301382,Downregulated,0.4143937496093817,21/94,14.11%
Nephrin Family Interactions R-HSA-373753,Reactome_2022,-1.282152155517889,Downregulated,0.4144540492510888,7/20,12.07%
Clathrin Adaptor Complex (GO:0030131),GO_Cellular_Component_2025,-1.283054826483481,Downregulated,0.4130033200067272,7/19,22.71%
Focal adhesion,KEGG_2021_Human,-1.2834597618255252,Downregulated,0.4126847936269774,33/188,9.50%
Polyubiquitin Modification-Dependent Protein Binding (GO:0031593),GO_Molecular_Function_2025,-1.2838393840939075,Downregulated,0.4123961917325021,16/53,17.87%
Morphogenesis of an Epithelium (GO:0002009),GO_Biological_Process_2025,-1.283914720090914,Downregulated,0.4127802908851057,4/24,5.94%
Positive Regulation of Plasma Membrane Bounded Cell Projection Assembly (GO:0120034),GO_Biological_Process_2025,-1.2842140492779113,Downregulated,0.4126096618262168,29/79,24.42%
Transforming Growth Factor Beta Receptor Signaling Pathway (GO:0007179),GO_Biological_Process_2025,-1.2847567457897984,Downregulated,0.4118429726739953,8/70,3.35%
1P36 Copy Number Variation Syndrome WP5345,WikiPathways_2024_Human,-1.2855848326446977,Downregulated,0.4104679966674444,22/85,16.69%
Hippo Merlin Signaling Dysregulation WP4541,WikiPathways_2024_Human,-1.2856681403133454,Downregulated,0.4108792984374422,20/110,8.53%
Protein Quality Control for Misfolded or Incompletely Synthesized Proteins (GO:0006515),GO_Biological_Process_2025,-1.2858223983111634,Downregulated,0.4110842108999275,9/25,23.54%
RNA Polymerase II Complex Binding (GO:0000993),GO_Molecular_Function_2025,-1.2865002998591886,Downregulated,0.4101590331454031,12/32,21.09%
Regulation Of MECP2 Expression And Activity R-HSA-9022692,Reactome_2022,-1.2865357940797617,Downregulated,0.4106437034373536,5/29,4.16%
Antigen processing-Cross Presentation R-HSA-1236975,Reactome_2022,-1.286925218910293,Downregulated,0.4103946451988543,50/95,32.08%
Phosphatase Activity (GO:0016791),GO_Molecular_Function_2025,-1.2876582132919654,Downregulated,0.4093118789010928,21/60,21.84%
"mRNA Splicing, via Spliceosome (GO:0000398)",GO_Biological_Process_2025,-1.2876901168982342,Downregulated,0.4098154869633322,53/194,21.04%
rRNA Modification (GO:0000154),GO_Biological_Process_2025,-1.2879883780753438,Downregulated,0.4096416834223176,7/16,17.38%
Protein-Containing Complex Organization (GO:0043933),GO_Biological_Process_2025,-1.2883285765452503,Downregulated,0.4094228511632773,26/111,14.91%
RAF Activation R-HSA-5673000,Reactome_2022,-1.288770809459321,Downregulated,0.4089985425065933,14/31,29.35%
Processing Of Capped Intron-Containing Pre-mRNA R-HSA-72203,Reactome_2022,-1.2891779016109088,Downregulated,0.4086342687224832,83/226,28.36%
Neurotrophin signaling pathway,KEGG_2021_Human,-1.289206350025238,Downregulated,0.4091189020777996,21/114,11.27%
Regulation of Transforming Growth Factor Beta Receptor Signaling Pathway (GO:0017015),GO_Biological_Process_2025,-1.2894874983466718,Downregulated,0.4090673458701259,21/117,11.47%
Cellular Response to Acid Chemical (GO:0071229),GO_Biological_Process_2025,-1.289561070327827,Downregulated,0.4094725294247006,10/28,17.74%
Establishment or Maintenance of Apical/Basal Cell Polarity (GO:0035088),GO_Biological_Process_2025,-1.2902413027822304,Downregulated,0.4085778179673804,7/25,17.09%
Positive Regulation of Epithelial Cell Migration (GO:0010634),GO_Biological_Process_2025,-1.290294568969487,Downregulated,0.4090234360600462,11/36,23.49%
Positive Regulation of Signaling Receptor Activity (GO:2000273),GO_Biological_Process_2025,-1.2907596137538957,Downregulated,0.4085827227888381,7/15,23.80%
Growth Factor Activity (GO:0008083),GO_Molecular_Function_2025,-1.290869694503886,Downregulated,0.408882575334745,11/68,8.65%
RHOF GTPase Cycle R-HSA-9035034,Reactome_2022,-1.2910507415321095,Downregulated,0.4090444057861824,12/39,17.89%
Kinase Activator Activity (GO:0019209),GO_Molecular_Function_2025,-1.2923203516536732,Downregulated,0.4068811876182864,7/37,12.08%
tRNA Methylation (GO:0030488),GO_Biological_Process_2025,-1.2924881784622235,Downregulated,0.4070641409217657,12/35,16.19%
Positive Regulation of Cell Activation (GO:0050867),GO_Biological_Process_2025,-1.2925083906909751,Downregulated,0.4076038067375211,9/17,25.35%
Regulation of Ubiquitin-Dependent Protein Catabolic Process (GO:2000058),GO_Biological_Process_2025,-1.2926546514896975,Downregulated,0.4078438236613518,20/46,23.80%
Hexose Biosynthetic Process (GO:0019319),GO_Biological_Process_2025,-1.2929329243177776,Downregulated,0.4078418908796631,8/26,15.08%
Mitochondrial Calcium Ion Transport R-HSA-8949215,Reactome_2022,-1.2938351458568564,Downregulated,0.4063534254344793,14/22,29.46%
Monoatomic Anion Transmembrane Transport (GO:0098656),GO_Biological_Process_2025,-1.294679222875082,Downregulated,0.4050212542987619,13/55,10.87%
Signaling By FGFR1 R-HSA-5654736,Reactome_2022,-1.2946923305943951,Downregulated,0.4055703130569009,7/42,7.98%
Response to Interferon-Beta (GO:0035456),GO_Biological_Process_2025,-1.2965621536041008,Downregulated,0.4021082919191697,10/23,22.57%
Early Phase Of HIV Life Cycle R-HSA-162594,Reactome_2022,-1.297000895528205,Downregulated,0.4017282291760219,7/15,31.23%
Dense Core Granule (GO:0031045),GO_Cellular_Component_2025,-1.2977136376102152,Downregulated,0.4006061550898012,4/15,14.79%
Negative Regulation of Carbohydrate Metabolic Process (GO:0045912),GO_Biological_Process_2025,-1.298317092916343,Downregulated,0.3998807938300397,12/29,22.29%
Cardiac Atrium Morphogenesis (GO:0003209),GO_Biological_Process_2025,-1.298775859403002,Downregulated,0.3994737512072043,3/17,4.63%
Regulation of Epithelial Cell Migration (GO:0010632),GO_Biological_Process_2025,-1.2994513414997744,Downregulated,0.3985893755796879,20/40,32.44%
Regulation of Transcription by RNA Polymerase III (GO:0006359),GO_Biological_Process_2025,-1.2994534916259586,Downregulated,0.3991603523273483,11/25,25.62%
Positive Regulation of Alcohol Biosynthetic Process (GO:1902932),GO_Biological_Process_2025,-1.3002585266415243,Downregulated,0.3980607428985078,6/18,17.29%
K48-linked Deubiquitinase Activity (GO:1990380),GO_Molecular_Function_2025,-1.300467230434142,Downregulated,0.3981680925214719,4/15,13.61%
Telomeric DNA Binding (GO:0042162),GO_Molecular_Function_2025,-1.3012266845362714,Downregulated,0.3970947754260793,14/34,22.58%
RHO GTPases Activate WASPs And WAVEs R-HSA-5663213,Reactome_2022,-1.3017382799415504,Downregulated,0.3965357801332895,20/33,37.15%
Ubiquitin-Like Protein Ligase Activity (GO:0061659),GO_Molecular_Function_2025,-1.302916592127224,Downregulated,0.3944240918782055,104/275,27.81%
Protein Heterooligomerization (GO:0051291),GO_Biological_Process_2025,-1.303093335200728,Downregulated,0.3946147172505563,11/19,30.47%
Regulation of Cytoskeleton Organization (GO:0051493),GO_Biological_Process_2025,-1.3032656662084678,Downregulated,0.3948369729806542,44/128,25.64%
Mechanoreg And Pathology Of YAP TAZ Hippo And Non Hippo Mechs WP4534,WikiPathways_2024_Human,-1.3037808226120124,Downregulated,0.394333690402791,14/45,18.29%
Regulation of Proteasomal Ubiquitin-Dependent Protein Catabolic Process (GO:0032434),GO_Biological_Process_2025,-1.303911409969327,Downregulated,0.3945890831191528,23/105,13.55%
Water-Soluble Vitamin Metabolic Process (GO:0006767),GO_Biological_Process_2025,-1.30391398446561,Downregulated,0.3951608177615775,12/40,13.24%
Regulation of Microtubule-Based Process (GO:0032886),GO_Biological_Process_2025,-1.3043502838895316,Downregulated,0.3947860475014417,6/41,4.52%
Positive Regulation of Protein Processing (GO:0010954),GO_Biological_Process_2025,-1.3047725747305328,Downregulated,0.3943319209476247,3/15,4.00%
Deadenylation Of mRNA R-HSA-429947,Reactome_2022,-1.3051242229486186,Downregulated,0.3941168147709513,12/23,37.98%
Positive Regulation of Telomere Maintenance (GO:0032206),GO_Biological_Process_2025,-1.305365360522432,Downregulated,0.3941923628103683,18/55,23.14%
Signaling By Hedgehog R-HSA-5358351,Reactome_2022,-1.305746487308429,Downregulated,0.3939606989195067,51/129,28.52%
Prostaglandin Synthesis And Regulation WP98,WikiPathways_2024_Human,-1.3075034114444477,Downregulated,0.3907369621266303,9/40,8.17%
Nuclear Androgen Receptor Binding (GO:0050681),GO_Molecular_Function_2025,-1.3078119194189428,Downregulated,0.3906291695950067,8/25,14.70%
Histone Demethylase Activity (GO:0032452),GO_Molecular_Function_2025,-1.307830027386306,Downregulated,0.3911544379616211,4/21,7.94%
Enzyme-Linked Receptor Protein Signaling Pathway (GO:0007167),GO_Biological_Process_2025,-1.3081720985005254,Downregulated,0.3909590884586156,32/114,16.29%
Peptidyl-Threonine Modification (GO:0018210),GO_Biological_Process_2025,-1.3082657168220764,Downregulated,0.3913350644638593,19/41,24.08%
Regulation of Defense Response to Virus by Host (GO:0050691),GO_Biological_Process_2025,-1.3084614782713566,Downregulated,0.3915306365484986,17/31,29.85%
Regulation of Telomere Maintenance via Telomerase (GO:0032210),GO_Biological_Process_2025,-1.309765833760932,Downregulated,0.389247069845311,15/43,23.01%
Regulation of Cellular Response to Growth Factor Stimulus (GO:0090287),GO_Biological_Process_2025,-1.3098090179126658,Downregulated,0.3897282307864823,4/19,1.32%
Positive Regulation of BMP Signaling Pathway (GO:0030513),GO_Biological_Process_2025,-1.3100041109898195,Downregulated,0.3898886514687787,4/22,5.43%
Regulation of Telomere Maintenance in Response to DNA Damage (GO:1904505),GO_Biological_Process_2025,-1.3116432197832102,Downregulated,0.3868531639386121,6/15,23.14%
CRMPs In Sema3A Signaling R-HSA-399956,Reactome_2022,-1.3119985181811944,Downregulated,0.3866830874272586,3/16,2.00%
Head And Neck Squamous Cell Carcinoma WP4674,WikiPathways_2024_Human,-1.312537347815278,Downregulated,0.3861764386538356,12/70,12.08%
Regulation of Notch Signaling Pathway (GO:0008593),GO_Biological_Process_2025,-1.312780402283474,Downregulated,0.3862416832448015,22/69,20.06%
Negative Regulation of Response to Stimulus (GO:0048585),GO_Biological_Process_2025,-1.3129906197882628,Downregulated,0.3863731110139923,9/51,5.32%
Stimuli-sensing Channels R-HSA-2672351,Reactome_2022,-1.313766325237118,Downregulated,0.3851885593827055,24/82,16.53%
Regulation of Protein Localization to Nucleus (GO:1900180),GO_Biological_Process_2025,-1.3137756072754452,Downregulated,0.3857391693256463,19/52,22.27%
Regucalcin In Proximal Tubule Epithelial Kidney Cells WP4838,WikiPathways_2024_Human,-1.314189539025588,Downregulated,0.3854709285195605,22/28,42.95%
poly(A) Binding (GO:0008143),GO_Molecular_Function_2025,-1.3143835167723306,Downregulated,0.3856199287599896,9/18,24.01%
Peptide Hormone Secretion (GO:0030072),GO_Biological_Process_2025,-1.3146353506910025,Downregulated,0.3856184381046684,5/19,11.19%
Signaling By RAF1 Mutants R-HSA-9656223,Reactome_2022,-1.3149200433635833,Downregulated,0.3856313400247678,17/35,29.35%
Epidermal Growth Factor Receptor Binding (GO:0005154),GO_Molecular_Function_2025,-1.315220955276203,Downregulated,0.3855938148933788,10/27,22.51%
1Q21 1 Copy Number Variation Syndrome WP4905,WikiPathways_2024_Human,-1.3155273205053613,Downregulated,0.3855417350974582,8/23,12.11%
Intracellularly Calcium-Gated Channel Activity (GO:0141147),GO_Molecular_Function_2025,-1.315959709849838,Downregulated,0.3851857797597035,6/16,15.59%
Intracellularly Calcium-Gated Chloride Channel Activity (GO:0005229),GO_Molecular_Function_2025,-1.315959709849838,Downregulated,0.3851857797597035,6/16,15.59%
Mesenchymal Cell Migration (GO:0090497),GO_Biological_Process_2025,-1.319090593795641,Downregulated,0.379741390202562,5/31,4.83%
Protein Serine Kinase Activity (GO:0106310),GO_Molecular_Function_2025,-1.3199288200596893,Downregulated,0.3785704074754509,7/17,22.41%
Signaling By B Cell Receptor (BCR) R-HSA-983705,Reactome_2022,-1.3204777731254198,Downregulated,0.3780270013228096,53/107,32.39%
Adenylate Cyclase-Inhibiting G Protein-Coupled Receptor Signaling Pathway (GO:0007193),GO_Biological_Process_2025,-1.3205126400260452,Downregulated,0.378534863791742,6/36,9.62%
Regulation of Neurotransmitter Secretion (GO:0046928),GO_Biological_Process_2025,-1.3210968996011638,Downregulated,0.3778091129802423,10/37,12.35%
Amyloid Precursor Protein Metabolic Process (GO:0042982),GO_Biological_Process_2025,-1.321844534424318,Downregulated,0.3767540494193639,4/16,6.42%
Protein Serine/Threonine Kinase Inhibitor Activity (GO:0030291),GO_Molecular_Function_2025,-1.322090182635057,Downregulated,0.376835886257607,17/43,21.47%
G Protein-Coupled Dopamine Receptor Signaling Pathway (GO:0007212),GO_Biological_Process_2025,-1.3221527877900447,Downregulated,0.3772955549456395,7/15,24.06%
T Cell Receptor Signaling Pathway (GO:0050852),GO_Biological_Process_2025,-1.322955333698866,Downregulated,0.3761815778573729,31/75,28.54%
Downstream Signaling Of Activated FGFR1 R-HSA-5654687,Reactome_2022,-1.3230280105904273,Downregulated,0.3765920145985141,5/24,7.98%
Growth Factors And Hormones In Beta Cell Proliferation WP5385,WikiPathways_2024_Human,-1.323264881572749,Downregulated,0.3767238257574175,5/23,4.50%
Notch-HLH Transcription Pathway R-HSA-350054,Reactome_2022,-1.3233169568687624,Downregulated,0.3772101469787141,6/27,11.05%
Sealing Of Nuclear Envelope (NE) By ESCRT-III R-HSA-9668328,Reactome_2022,-1.323323601757108,Downregulated,0.3777755584627068,13/23,30.61%
Positive Regulation of Notch Signaling Pathway (GO:0045747),GO_Biological_Process_2025,-1.323373897557682,Downregulated,0.3782428278405392,6/30,6.48%
Protein Serine/Threonine Kinase Activity (GO:0004674),GO_Molecular_Function_2025,-1.3244415685792477,Downregulated,0.376556634881789,97/342,22.96%
Nuclear Events (Kinase And Transcription Factor Activation) R-HSA-198725,Reactome_2022,-1.3246909177528612,Downregulated,0.376646735922588,14/57,11.64%
Transcriptional Regulation By RUNX1 R-HSA-8878171,Reactome_2022,-1.3247285847279298,Downregulated,0.3771776271733322,68/171,27.78%
IL4 Signaling WP395,WikiPathways_2024_Human,-1.3251290645012628,Downregulated,0.3768519847584083,16/49,24.42%
Regulation of Establishment of Cell Polarity (GO:2000114),GO_Biological_Process_2025,-1.3260032563427315,Downregulated,0.3755725554467912,7/15,23.71%
Interferon Gamma Signaling R-HSA-877300,Reactome_2022,-1.326036398955826,Downregulated,0.376083718819967,30/70,30.74%
EGFR Downregulation R-HSA-182971,Reactome_2022,-1.3262123928481298,Downregulated,0.3762803960620162,5/31,6.40%
Photodynamic Therapy Induced HIF 1 Survival Signaling WP3614,WikiPathways_2024_Human,-1.326403095171543,Downregulated,0.3764477196145488,13/33,23.00%
Circulatory System Development (GO:0072359),GO_Biological_Process_2025,-1.3266016869469266,Downregulated,0.3766305812124578,28/117,13.55%
Activation Of NMDA Receptors And Postsynaptic Events R-HSA-442755,Reactome_2022,-1.3266692054298337,Downregulated,0.3770996651212731,29/67,29.75%
RUNX1 Regulates Transcription Of Genes Involved In Differentiation Of HSCs R-HSA-8939236,Reactome_2022,-1.3270594674266365,Downregulated,0.3768869898138432,36/75,28.52%
Nucleic Acid Metabolic Process (GO:0090304),GO_Biological_Process_2025,-1.3273052602044109,Downregulated,0.3769696163210452,10/22,23.38%
Phosphoinositides Metabolism WP4971,WikiPathways_2024_Human,-1.3278489726694522,Downregulated,0.3764671664767409,18/46,21.88%
Digestive Tract Morphogenesis (GO:0048546),GO_Biological_Process_2025,-1.3279141213044705,Downregulated,0.3769333000569007,4/15,9.23%
mRNA Metabolic Process (GO:0016071),GO_Biological_Process_2025,-1.3280373947258906,Downregulated,0.3772777949724806,30/97,21.44%
Macromolecule Biosynthetic Process (GO:0009059),GO_Biological_Process_2025,-1.3280689097992922,Downregulated,0.3778207000115972,77/160,34.77%
Regulation of Transcription by RNA Polymerase I (GO:0006356),GO_Biological_Process_2025,-1.328237254332043,Downregulated,0.3780251940472887,15/30,25.62%
Spliceosomal Complex Assembly (GO:0000245),GO_Biological_Process_2025,-1.3287287704895705,Downregulated,0.3775775123705734,30/61,31.80%
Regulation of Chemotaxis (GO:0050920),GO_Biological_Process_2025,-1.3287925795854003,Downregulated,0.3780205652226489,12/26,20.07%
Envelope Proteins And Potential Roles In EDMD Physiopathology WP4535,WikiPathways_2024_Human,-1.329137167811559,Downregulated,0.3778864907323431,19/44,29.35%
Bicarbonate Transport (GO:0015701),GO_Biological_Process_2025,-1.3299116321444624,Downregulated,0.3768282598973126,4/16,8.11%
Bicellular Tight Junction (GO:0005923),GO_Cellular_Component_2025,-1.330289114955034,Downregulated,0.3766018025775713,13/66,9.39%
Dendritic Cell Migration (GO:0036336),GO_Biological_Process_2025,-1.3313651754386364,Downregulated,0.3749701674274168,8/16,29.89%
SUMO Transferase Activity (GO:0019789),GO_Molecular_Function_2025,-1.3318542069292945,Downregulated,0.3744805412867027,12/20,30.90%
Focal Adhesion Assembly (GO:0048041),GO_Biological_Process_2025,-1.332154468833988,Downregulated,0.3745013415165911,6/22,12.55%
Cardiac Ventricle Morphogenesis (GO:0003208),GO_Biological_Process_2025,-1.332887562445975,Downregulated,0.3735832864242588,4/39,0.59%
Paradoxical Activation Of RAF Signaling By Kinase Inactive BRAF R-HSA-6802955,Reactome_2022,-1.3333697249690135,Downregulated,0.3731257152600474,18/38,29.35%
Negative Regulation of Myoblast Differentiation (GO:0045662),GO_Biological_Process_2025,-1.3336501276616008,Downregulated,0.3731618221688537,3/15,5.84%
Regulation of Organelle Organization (GO:0033043),GO_Biological_Process_2025,-1.3353481269914582,Downregulated,0.3701156546704531,36/94,28.09%
Intermediate Filament (GO:0005882),GO_Cellular_Component_2025,-1.335539007481053,Downregulated,0.37030997548904,8/40,6.86%
Viral carcinogenesis,KEGG_2021_Human,-1.3359336553724142,Downregulated,0.3700578747779038,59/164,26.79%
TGF Beta Receptor Signaling In Skeletal Dysplasias WP4816,WikiPathways_2024_Human,-1.337644581898466,Downregulated,0.3669118474146719,5/56,2.64%
Regulation of Bicellular Tight Junction Assembly (GO:2000810),GO_Biological_Process_2025,-1.3378077556463004,Downregulated,0.3671642748723641,4/16,3.85%
Post NMDA Receptor Activation Events R-HSA-438064,Reactome_2022,-1.3386611689358998,Downregulated,0.3658900513518976,25/54,29.75%
Negative Regulation of Smoothened Signaling Pathway (GO:0045879),GO_Biological_Process_2025,-1.3398507128743178,Downregulated,0.3640305522857058,10/23,23.54%
Hepatitis C And Hepatocellular Carcinoma WP3646,WikiPathways_2024_Human,-1.34059484175374,Downregulated,0.363229062530523,9/46,11.20%
Regulation of Autophagy of Mitochondrion (GO:1903146),GO_Biological_Process_2025,-1.340840205336822,Downregulated,0.3633220044230649,6/18,13.61%
Heart Development WP1591,WikiPathways_2024_Human,-1.3415690117678851,Downregulated,0.3625520858056838,6/39,4.37%
FAD Binding (GO:0071949),GO_Molecular_Function_2025,-1.3423799316942269,Downregulated,0.361399510293653,13/27,24.52%
Regulation of SMAD Protein Signal Transduction (GO:0060390),GO_Biological_Process_2025,-1.34370011260961,Downregulated,0.3592054533647005,5/56,0.69%
TGF Beta Signaling Pathway WP366,WikiPathways_2024_Human,-1.344222803592182,Downregulated,0.3587192856029232,23/128,11.05%
Cell-Substrate Junction (GO:0030055),GO_Cellular_Component_2025,-1.3454472607505832,Downregulated,0.3567133769958574,111/369,23.68%
Regulation of Peptidyl-Serine Phosphorylation (GO:0033135),GO_Biological_Process_2025,-1.346595446443175,Downregulated,0.3550160152168738,11/34,20.06%
Regulation of Cell Differentiation (GO:0045595),GO_Biological_Process_2025,-1.347172153714637,Downregulated,0.3543794189990075,27/177,9.96%
Basal RNA Polymerase II Transcription Machinery Binding (GO:0001099),GO_Molecular_Function_2025,-1.347720060793283,Downregulated,0.3538859074462654,15/36,24.63%
Eukaryotic Translation Termination R-HSA-72764,Reactome_2022,-1.347796193445145,Downregulated,0.3543411944179538,42/64,39.78%
2-Oxoglutarate-Dependent Dioxygenase Activity (GO:0016706),GO_Molecular_Function_2025,-1.348054771398555,Downregulated,0.3544307627313893,13/39,17.82%
Regulation of Intracellular Signal Transduction (GO:1902531),GO_Biological_Process_2025,-1.348238227995619,Downregulated,0.3546485847018591,72/280,18.09%
mRNA Splicing R-HSA-72172,Reactome_2022,-1.3482762295541684,Downregulated,0.3551575206943713,69/178,28.12%
Positive Regulation of Positive Chemotaxis (GO:0050927),GO_Biological_Process_2025,-1.34849726050736,Downregulated,0.3553151168072653,7/15,12.75%
MTOR Signaling R-HSA-165159,Reactome_2022,-1.3485692952952832,Downregulated,0.3557445130642447,16/41,23.40%
Regulation of Protein Localization to Plasma Membrane (GO:1903076),GO_Biological_Process_2025,-1.3486240030940624,Downregulated,0.3562437973171365,15/83,9.85%
Smooth Muscle Contraction R-HSA-445355,Reactome_2022,-1.3489898983354949,Downregulated,0.3560814435854373,12/41,15.76%
Amine Ligand-Binding Receptors R-HSA-375280,Reactome_2022,-1.349028907470741,Downregulated,0.3566112699910254,10/24,20.14%
Signaling By CSF3 (G-CSF) R-HSA-9674555,Reactome_2022,-1.349175691456079,Downregulated,0.3569142927610919,4/29,5.71%
Phosphatidylcholine Transporter Activity (GO:0008525),GO_Molecular_Function_2025,-1.3494373152891133,Downregulated,0.3570116443324013,7/18,15.06%
Metalloprotease DUBs R-HSA-5689901,Reactome_2022,-1.349508752365009,Downregulated,0.357472691810477,7/22,10.32%
Serine/Threonine Protein Kinase Complex (GO:1902554),GO_Cellular_Component_2025,-1.349601985830985,Downregulated,0.3579129477392683,16/67,12.31%
Neurotrophin Signaling Pathway (GO:0038179),GO_Biological_Process_2025,-1.3504389807337278,Downregulated,0.3567801749764759,4/16,8.65%
Regulation of Platelet Activation (GO:0010543),GO_Biological_Process_2025,-1.350494545730414,Downregulated,0.3573064505995338,9/27,15.89%
Ribosome Binding (GO:0043022),GO_Molecular_Function_2025,-1.3508440659564966,Downregulated,0.3571682180601442,32/90,21.55%
mRNA Transport (GO:0051028),GO_Biological_Process_2025,-1.3511505586185053,Downregulated,0.3571318813818881,19/56,21.15%
Negative Regulation of Organelle Assembly (GO:1902116),GO_Biological_Process_2025,-1.3511708619509055,Downregulated,0.3577004538294727,15/41,22.27%
Nef-mediated Downmodulation Of Cell Surface Receptors By Recruitment To Clathrin Adapters R-HSA-164938,Reactome_2022,-1.3513198579800338,Downregulated,0.3580080134381594,7/20,19.89%
Integrin-Mediated Signaling Pathway (GO:0007229),GO_Biological_Process_2025,-1.3515069694948396,Downregulated,0.3582919405359845,26/83,17.32%
3'-5'-RNA Exonuclease Activity (GO:0000175),GO_Molecular_Function_2025,-1.3515533998998746,Downregulated,0.3588242471124044,15/32,28.22%
Glucocorticoid Receptor Pathway WP2880,WikiPathways_2024_Human,-1.3522002233174455,Downregulated,0.3580635172127314,13/63,7.92%
Novel Intracellular Components Of RIG I Like Receptor Pathway WP3865,WikiPathways_2024_Human,-1.3524989634211175,Downregulated,0.3580718031822143,15/54,15.48%
NOTCH1 Intracellular Domain Regulates Transcription R-HSA-2122947,Reactome_2022,-1.352749924046481,Downregulated,0.3581795933571334,12/47,11.88%
Proteasome Degradation WP183,WikiPathways_2024_Human,-1.3542438009595616,Downregulated,0.3556470628825622,29/58,27.78%
mRNA Processing (GO:0006397),GO_Biological_Process_2025,-1.3549787454572018,Downregulated,0.3548005913127588,75/207,28.11%
MAPK1/MAPK3 Signaling R-HSA-5684996,Reactome_2022,-1.3552541036202217,Downregulated,0.3548594697806523,84/252,25.51%
Nuclear Localization Sequence Binding (GO:0008139),GO_Molecular_Function_2025,-1.3553055090702646,Downregulated,0.3553755960090302,8/18,22.34%
Protein Kinase C Binding (GO:0005080),GO_Molecular_Function_2025,-1.3554961995247898,Downregulated,0.3556050316956861,8/35,11.42%
Neddylation R-HSA-8951664,Reactome_2022,-1.355764178061717,Downregulated,0.3556656374096828,92/226,30.50%
Visual Perception (GO:0007601),GO_Biological_Process_2025,-1.3557725314903335,Downregulated,0.3562761297619688,20/66,13.57%
Lipid Kinase Activity (GO:0001727),GO_Molecular_Function_2025,-1.3563964710941667,Downregulated,0.3556866099548187,9/20,18.05%
Negative Regulation of SMAD Protein Signal Transduction (GO:0060392),GO_Biological_Process_2025,-1.3565655663212297,Downregulated,0.3559940153550648,3/21,0.14%
Tight Junction Interactions R-HSA-420029,Reactome_2022,-1.3593166104804688,Downregulated,0.3507659985743557,7/24,7.47%
ER-Phagosome Pathway R-HSA-1236974,Reactome_2022,-1.3594522569300216,Downregulated,0.3511164654673384,43/82,31.28%
- Reg of Transmembrane Receptor Prot Serine/Threonine Kinase Sgnlng Pway (GO:0090101),GO_Biological_Process_2025,-1.35985299321195,Downregulated,0.3508797499296749,20/115,11.47%
Nucleic Acid Catabolic Process (GO:0141188),GO_Biological_Process_2025,-1.3601690490375176,Downregulated,0.3508754373898703,20/35,32.19%
Iron-Sulfur Cluster Binding (GO:0051536),GO_Molecular_Function_2025,-1.3603489759784382,Downregulated,0.3511238907798265,16/29,25.31%
Fatty acid degradation,KEGG_2021_Human,-1.360634155428709,Downregulated,0.3511199995562482,11/40,13.56%
Precatalytic Spliceosome (GO:0071011),GO_Cellular_Component_2025,-1.360696588819726,Downregulated,0.3515893598769655,15/45,21.04%
U2-type Precatalytic Spliceosome (GO:0071005),GO_Cellular_Component_2025,-1.360696588819726,Downregulated,0.3515893598769655,15/45,21.04%
Interleukin-1 Signaling R-HSA-9020702,Reactome_2022,-1.3609294209241882,Downregulated,0.3523726834344584,41/108,28.52%
Activation Of APC/C And APC/C:Cdc20 Mediated Degradation Of Mitotic Proteins R-HSA-176814,Reactome_2022,-1.361558903076859,Downregulated,0.3517258659156881,37/73,32.20%
Signaling By High-Kinase Activity BRAF Mutants R-HSA-6802948,Reactome_2022,-1.36264127490542,Downregulated,0.3502156785820731,16/31,29.35%
Signaling By ALK Fusions And Activated Point Mutants R-HSA-9725370,Reactome_2022,-1.3627393078821464,Downregulated,0.3506381720290953,27/53,30.86%
Regulation of Secretion by Cell (GO:1903530),GO_Biological_Process_2025,-1.3637157140730485,Downregulated,0.349208897483473,11/45,13.30%
Constitutive Signaling By NOTCH1 HD+PEST Domain Mutants R-HSA-2894862,Reactome_2022,-1.3638714159819767,Downregulated,0.3494734968898698,14/57,11.05%
Positive Regulation of Inflammasome-Mediated Signaling Pathway (GO:0141087),GO_Biological_Process_2025,-1.364557971641798,Downregulated,0.3487246888967866,13/23,27.48%
Metabolism Of Nucleotides R-HSA-15869,Reactome_2022,-1.3652772887497322,Downregulated,0.3478539804074861,27/89,22.39%
Small GTPase Binding (GO:0031267),GO_Molecular_Function_2025,-1.365305101407993,Downregulated,0.3484127749478681,65/194,24.96%
Proteasomal Protein Catabolic Process (GO:0010498),GO_Biological_Process_2025,-1.3654883746099211,Downregulated,0.3486909020148457,131/349,25.08%
Negative Regulation Of FGFR3 Signaling R-HSA-5654732,Reactome_2022,-1.3668198070830622,Downregulated,0.3465756786873194,4/26,7.98%
PDGF Pathway WP2526,WikiPathways_2024_Human,-1.3670476175134176,Downregulated,0.3466833894219329,6/39,5.71%
Peptidyl-Threonine Phosphorylation (GO:0018107),GO_Biological_Process_2025,-1.3671314546384532,Downregulated,0.3471391798174519,15/35,20.01%
Negative Regulation of Ubiquitin-Dependent Protein Catabolic Process (GO:2000059),GO_Biological_Process_2025,-1.368975696702225,Downregulated,0.3440608321267198,12/39,16.15%
VEGFA VEGFR2 Signaling WP3888,WikiPathways_2024_Human,-1.3693753672788462,Downregulated,0.3438001691659902,101/409,19.04%
RHO GTPases Activate PAKs R-HSA-5627123,Reactome_2022,-1.3695217452331174,Downregulated,0.3440904452723089,6/20,11.42%
Striated Muscle Contraction R-HSA-390522,Reactome_2022,-1.3705014485951854,Downregulated,0.3426393125244185,13/29,25.10%
Negative Regulation of Hippo Signaling (GO:0035331),GO_Biological_Process_2025,-1.3720902424376522,Downregulated,0.3399601314153072,5/21,13.63%
IL11 Signaling WP2332,WikiPathways_2024_Human,-1.3728970335290152,Downregulated,0.3389845748860103,22/43,36.41%
TGF Beta Receptor Signaling WP560,WikiPathways_2024_Human,-1.3732766733060504,Downregulated,0.3388161460234728,5/52,2.64%
Hedgehog Ligand Biogenesis R-HSA-5358346,Reactome_2022,-1.373484775325324,Downregulated,0.3390221549378343,33/61,32.08%
Regulation of Chromosome Organization (GO:0033044),GO_Biological_Process_2025,-1.3737260661133062,Downregulated,0.3391644531994824,16/39,23.14%
Focal Adhesion (GO:0005925),GO_Cellular_Component_2025,-1.3740145038582496,Downregulated,0.3392582763561649,110/362,23.68%
Negative Regulation of Transforming Growth Factor Beta Receptor Signaling Pathway (GO:0030512),GO_Biological_Process_2025,-1.3745626900788177,Downregulated,0.33872977423573,14/83,10.74%
Regulation of DNA Strand Elongation (GO:0060382),GO_Biological_Process_2025,-1.3751465612956102,Downregulated,0.3381702170890842,7/16,23.14%
Transmembrane Receptor Protein Kinase Activity (GO:0019199),GO_Molecular_Function_2025,-1.3753418168836056,Downregulated,0.3384755192629317,11/36,12.75%
Sarcomere Organization (GO:0045214),GO_Biological_Process_2025,-1.377586088019097,Downregulated,0.3346230051953133,4/30,3.47%
Ebola Virus Infection In Host WP4217,WikiPathways_2024_Human,-1.3776851542578958,Downregulated,0.3350914081877806,25/117,12.87%
rRNA Transcription (GO:0009303),GO_Biological_Process_2025,-1.378105378975754,Downregulated,0.3349375174404446,11/16,33.43%
IL6 Signaling WP364,WikiPathways_2024_Human,-1.3781976795800994,Downregulated,0.3353879797979187,14/43,24.42%
Clathrin-mediated Endocytosis R-HSA-8856828,Reactome_2022,-1.3789527860220658,Downregulated,0.3344267053108081,41/134,18.88%
ERK/MAPK Targets R-HSA-198753,Reactome_2022,-1.379832917065335,Downregulated,0.3332646418711916,5/20,13.59%
Phosphorylation (GO:0016310),GO_Biological_Process_2025,-1.3808063002457656,Downregulated,0.3319119906797989,73/285,17.91%
Negative Regulation of Cell Communication (GO:0010648),GO_Biological_Process_2025,-1.3817298162018894,Downregulated,0.3307611455793053,3/18,0.96%
APC/C:Cdc20 Mediated Degradation Of Mitotic Proteins R-HSA-176409,Reactome_2022,-1.383231337036818,Downregulated,0.3285257166574181,37/72,32.20%
Positive Regulation of Endothelial Cell Apoptotic Process (GO:2000353),GO_Biological_Process_2025,-1.3832365110122204,Downregulated,0.3291471513595785,7/18,15.45%
Cytosolic Small Ribosomal Subunit (GO:0022627),GO_Cellular_Component_2025,-1.3832889416519842,Downregulated,0.3297183610763959,19/30,39.78%
mRNA Processing WP411,WikiPathways_2024_Human,-1.3833907356581916,Downregulated,0.3301909230365351,45/120,28.16%
Neural Crest Cell Development (GO:0014032),GO_Biological_Process_2025,-1.3843064763089707,Downregulated,0.3291129118293933,7/42,5.53%
Neutrophil Activation (GO:0042119),GO_Biological_Process_2025,-1.3843750643705122,Downregulated,0.3296114405708877,6/15,9.25%
Protein Kinase Binding (GO:0019901),GO_Molecular_Function_2025,-1.3844918690542,Downregulated,0.3300127716603304,132/461,24.10%
Regulation of Cation Channel Activity (GO:2001257),GO_Biological_Process_2025,-1.385027883195679,Downregulated,0.3295818149596959,7/25,7.36%
Cell Projection Organization (GO:0030030),GO_Biological_Process_2025,-1.3850318611247383,Downregulated,0.3302160817638512,6/18,12.26%
Zinc Homeostasis WP3529,WikiPathways_2024_Human,-1.3853463493514544,Downregulated,0.3302499258380694,12/22,28.51%
Translation R-HSA-72766,Reactome_2022,-1.3863593563284684,Downregulated,0.3288015998214257,112/252,32.56%
mRNA Splicing - Major Pathway R-HSA-72163,Reactome_2022,-1.386396898088144,Downregulated,0.3293519309985364,68/171,28.12%
MyD88-independent TLR4 Cascade R-HSA-166166,Reactome_2022,-1.3867873694081112,Downregulated,0.3292186744407804,13/99,7.76%
Protein Sumoylation (GO:0016925),GO_Biological_Process_2025,-1.3872316127510045,Downregulated,0.328961030552697,23/38,30.90%
Histone Deacetylase Binding (GO:0042826),GO_Molecular_Function_2025,-1.3872507780987535,Downregulated,0.3295758085086841,22/85,15.43%
Leukocyte Intrinsic Hippo Pathway Functions WP4542,WikiPathways_2024_Human,-1.3884480087033129,Downregulated,0.3279194753865882,6/34,2.45%
Positive Regulation of Transcription by RNA Polymerase I (GO:0045943),GO_Biological_Process_2025,-1.388669950451498,Downregulated,0.3280926542707413,22/33,35.08%
Positive Regulation of Nucleocytoplasmic Transport (GO:0046824),GO_Biological_Process_2025,-1.3899939180369614,Downregulated,0.32617006813053,17/45,24.77%
Sphingolipid Metabolism Integrated Pathway WP4726,WikiPathways_2024_Human,-1.3917467968452146,Downregulated,0.3234751360465587,10/25,19.92%
RHO GTPases Activate ROCKs R-HSA-5627117,Reactome_2022,-1.3925966498968496,Downregulated,0.3223445311361945,9/19,23.71%
Myofibril (GO:0030016),GO_Cellular_Component_2025,-1.392897019175757,Downregulated,0.3224463738288726,10/26,25.10%
Polymeric Cytoskeletal Fiber (GO:0099513),GO_Cellular_Component_2025,-1.3931247342761723,Downregulated,0.3226483466056208,74/242,23.05%
Protein Phosphorylation (GO:0006468),GO_Biological_Process_2025,-1.393336983279864,Downregulated,0.3228868140497143,120/357,24.08%
pre-mRNA Binding (GO:0036002),GO_Molecular_Function_2025,-1.39359481950599,Downregulated,0.3229760524452861,13/31,27.00%
Axon guidance,KEGG_2021_Human,-1.3941597669044252,Downregulated,0.3225401411441568,31/168,9.50%
Positive Regulation of Cell-Cell Adhesion (GO:0022409),GO_Biological_Process_2025,-1.395279405109078,Downregulated,0.3209320642991884,12/44,15.68%
YAP1- And WWTR1 (TAZ)-stimulated Gene Expression R-HSA-2032785,Reactome_2022,-1.3956346277189131,Downregulated,0.3208740031241137,7/15,17.64%
Positive Regulation of DNA Metabolic Process (GO:0051054),GO_Biological_Process_2025,-1.3957377932601804,Downregulated,0.3213444003397422,37/106,24.77%
Negative Regulation of Proteasomal Ubiquitin-Dependent Protein Catabolic Process (GO:0032435),GO_Biological_Process_2025,-1.3965971057352524,Downregulated,0.3203381810386747,10/30,16.15%
mTORC1-mediated Signaling R-HSA-166208,Reactome_2022,-1.396714821525273,Downregulated,0.3207635546181872,10/24,23.40%
APC:Cdc20 Mediated Degradation Of Cell Cycle Proteins Before Cycle Checkpoint Satisfied R-HSA-179419,Reactome_2022,-1.3973669305942955,Downregulated,0.3200953924781048,37/70,32.20%
Negative Regulation of Small GTPase Mediated Signal Transduction (GO:0051058),GO_Biological_Process_2025,-1.3990855604512369,Downregulated,0.317239208484972,23/48,30.08%
Negative Regulation of Telomere Maintenance via Telomere Lengthening (GO:1904357),GO_Biological_Process_2025,-1.3994616097792052,Downregulated,0.3171049251044133,11/28,19.85%
Negative Regulation of Telomere Maintenance via Telomerase (GO:0032211),GO_Biological_Process_2025,-1.3994947603066763,Downregulated,0.3176998834326947,8/21,18.84%
Intracellular Receptor Signaling Pathway (GO:0030522),GO_Biological_Process_2025,-1.3997129742036585,Downregulated,0.3179096983236668,17/34,28.20%
Defective CFTR Causes Cystic Fibrosis R-HSA-5678895,Reactome_2022,-1.3998441480179895,Downregulated,0.3183133423875541,35/58,32.93%
Negative Regulation of Telomere Maintenance (GO:0032205),GO_Biological_Process_2025,-1.400995723862286,Downregulated,0.3168388502712459,5/17,12.62%
"Phosphatidylinositol-4,5-Bisphosphate Binding (GO:0005546)",GO_Molecular_Function_2025,-1.402621717809969,Downregulated,0.31437229261715,18/69,15.90%
Circadian rhythm,KEGG_2021_Human,-1.4031637015441705,Downregulated,0.3139698978890841,16/29,29.75%
Vesicle Cytoskeletal Trafficking (GO:0099518),GO_Biological_Process_2025,-1.4032912499625247,Downregulated,0.3143810421017513,9/23,18.07%
Sphingolipid Metabolism Overview WP4725,WikiPathways_2024_Human,-1.4040373603741672,Downregulated,0.3136092690293793,10/26,19.92%
Zinc Ion Transport (GO:0006829),GO_Biological_Process_2025,-1.4047489999418226,Downregulated,0.3129554686286178,7/21,15.08%
Growth Factor Receptor Binding (GO:0070851),GO_Molecular_Function_2025,-1.404949802343438,Downregulated,0.31317872222373,31/87,22.51%
Regulation of Mitochondrial Translation (GO:0070129),GO_Biological_Process_2025,-1.4054096196809294,Downregulated,0.3129186406656914,12/22,26.74%
TGF-beta Receptor Signaling Activates SMADs R-HSA-2173789,Reactome_2022,-1.4068279533152894,Downregulated,0.3108432686772992,7/44,6.75%
FGFR1 Mutant Receptor Activation R-HSA-1839124,Reactome_2022,-1.4070992090632994,Downregulated,0.310931325045604,10/26,24.42%
FLT3 Signaling R-HSA-9607240,Reactome_2022,-1.4073353478649584,Downregulated,0.3111197143573007,17/36,29.35%
Regulatory RNA Binding (GO:0061980),GO_Molecular_Function_2025,-1.4073793741667413,Downregulated,0.3117095905150916,16/38,25.73%
Multicellular Organismal-Level Water Homeostasis (GO:0050891),GO_Biological_Process_2025,-1.4077614164530412,Downregulated,0.3116469451518732,4/16,6.90%
SARS Coronavirus And Innate Immunity WP4912,WikiPathways_2024_Human,-1.407958336601549,Downregulated,0.3118707362769835,10/17,29.98%
Regulation of Platelet Aggregation (GO:0090330),GO_Biological_Process_2025,-1.4079587850990762,Downregulated,0.3125314793623161,7/23,15.66%
Renal cell carcinoma,KEGG_2021_Human,-1.4085201297784211,Downregulated,0.3121595307510725,23/66,24.42%
Metabolism Of Folate And Pterines R-HSA-196757,Reactome_2022,-1.4085327436360904,Downregulated,0.3128009211720928,8/16,12.29%
Downregulation Of TGF-beta Receptor Signaling R-HSA-2173788,Reactome_2022,-1.4090383122307193,Downregulated,0.3125167340040591,4/26,6.28%
Regulation of Protein Metabolic Process (GO:0051246),GO_Biological_Process_2025,-1.410718667184376,Downregulated,0.310086058917558,31/88,21.06%
Positive Regulation of Lamellipodium Organization (GO:1902745),GO_Biological_Process_2025,-1.411343471863676,Downregulated,0.3096165347449272,12/27,24.42%
Positive Regulation of Lamellipodium Assembly (GO:0010592),GO_Biological_Process_2025,-1.411441382559576,Downregulated,0.3101226803755114,9/19,24.42%
Regulation of DNA-templated Transcription Elongation (GO:0032784),GO_Biological_Process_2025,-1.4115820576257825,Downregulated,0.3105389080701282,19/36,30.62%
Cellular Response to Transforming Growth Factor Beta Stimulus (GO:0071560),GO_Biological_Process_2025,-1.412108640461956,Downregulated,0.310085270085192,10/89,3.35%
GPVI-mediated Activation Cascade R-HSA-114604,Reactome_2022,-1.4129923260313924,Downregulated,0.3090618699816251,5/31,9.50%
Antiviral Innate Immune Response (GO:0140374),GO_Biological_Process_2025,-1.4131189361618373,Downregulated,0.3094630555062035,21/53,19.35%
Hippocampal Synaptogenesis And Neurogenesis WP5231,WikiPathways_2024_Human,-1.413702109923158,Downregulated,0.3090221944148397,6/23,8.22%
Warburg Effect Mod By Deubiquitinating Enzymes And Substrates WP5216,WikiPathways_2024_Human,-1.4142642174173825,Downregulated,0.3086233785068507,10/22,22.85%
RNA Export From Nucleus (GO:0006405),GO_Biological_Process_2025,-1.4142886851421603,Downregulated,0.3092594777434424,24/61,25.15%
Fc Epsilon Receptor (FCERI) Signaling R-HSA-2454202,Reactome_2022,-1.4143097931523567,Downregulated,0.3098983547059581,60/127,32.39%
Regulation of Stem Cell Differentiation (GO:2000736),GO_Biological_Process_2025,-1.4150645478199106,Downregulated,0.3090693472077196,11/45,13.91%
Sensory Perception of Light Stimulus (GO:0050953),GO_Biological_Process_2025,-1.4152432753263249,Downregulated,0.3094262629196282,20/63,13.57%
Negative Regulation of Transport (GO:0051051),GO_Biological_Process_2025,-1.4163461992810706,Downregulated,0.3079912582244437,18/36,25.18%
Regulation Of Actin Cytoskeleton WP51,WikiPathways_2024_Human,-1.417357155378877,Downregulated,0.3067333441353513,24/137,9.74%
Viral mRNA Translation R-HSA-192823,Reactome_2022,-1.418474827116726,Downregulated,0.3052676775359056,42/64,39.78%
Chloride Transmembrane Transporter Activity (GO:0015108),GO_Molecular_Function_2025,-1.4184989336680407,Downregulated,0.3059114672859953,17/63,11.63%
Regulation of Plasma Membrane Bounded Cell Projection Organization (GO:0120035),GO_Biological_Process_2025,-1.4186128266864912,Downregulated,0.3063945805584964,6/25,9.86%
Cytoplasmic Pattern Recognition Receptor Signaling Pathway (GO:0002753),GO_Biological_Process_2025,-1.4187630514782803,Downregulated,0.3067978935889944,17/28,29.98%
Heart Trabecula Morphogenesis (GO:0061384),GO_Biological_Process_2025,-1.4187705883224693,Downregulated,0.3074679383496832,3/19,1.09%
Regulation of Cell Motility (GO:2000145),GO_Biological_Process_2025,-1.419631428170976,Downregulated,0.306523917333323,32/103,18.19%
Transforming Growth Factor Beta Receptor Superfamily Signaling Pathway (GO:0141091),GO_Biological_Process_2025,-1.422146244434396,Downregulated,0.3024806896035973,11/103,3.35%
Deubiquitinase Activity (GO:0101005),GO_Molecular_Function_2025,-1.4224940586724013,Downregulated,0.3025134415347197,31/82,26.81%
ERBB Signaling Pathway (GO:0038127),GO_Biological_Process_2025,-1.4225581069705693,Downregulated,0.3030943398512156,16/54,19.97%
Serotonin Neurotransmitter Release Cycle R-HSA-181429,Reactome_2022,-1.4227205796614442,Downregulated,0.3034554822721563,6/18,14.68%
KEAP1-NFE2L2 Pathway R-HSA-9755511,Reactome_2022,-1.4228648766776482,Downregulated,0.3039014974251245,39/94,28.52%
Cellular Response to Epidermal Growth Factor Stimulus (GO:0071364),GO_Biological_Process_2025,-1.4235339280855772,Downregulated,0.3031976498842124,7/27,15.02%
RHOV GTPase Cycle R-HSA-9013424,Reactome_2022,-1.4235394924536622,Downregulated,0.303879778073483,9/36,15.12%
Regulation of Smooth Muscle Contraction (GO:0006940),GO_Biological_Process_2025,-1.4235634152291767,Downregulated,0.304513639515998,4/16,11.44%
Positive Regulation of Macromolecule Metabolic Process (GO:0010604),GO_Biological_Process_2025,-1.4239029696934908,Downregulated,0.3045108990218608,11/33,16.32%
Cortical Cytoskeleton Organization (GO:0030865),GO_Biological_Process_2025,-1.4252508091724254,Downregulated,0.3025581379973726,9/32,23.71%
Rap1 signaling pathway,KEGG_2021_Human,-1.4255079720851027,Downregulated,0.3027360131637239,37/195,11.27%
Cellular Response to Virus (GO:0098586),GO_Biological_Process_2025,-1.4258259242263496,Downregulated,0.3028055703989166,17/42,24.05%
U2-type Spliceosomal Complex (GO:0005684),GO_Cellular_Component_2025,-1.4261876077462026,Downregulated,0.3028070819657684,28/85,21.04%
Retrograde Axonal Transport (GO:0008090),GO_Biological_Process_2025,-1.4272523944034632,Downregulated,0.301572445653242,8/15,23.05%
Negative Regulation of Angiogenesis (GO:0016525),GO_Biological_Process_2025,-1.4273441108832563,Downregulated,0.3020958410702227,22/83,13.23%
Signaling By FGFR1 In Disease R-HSA-5655302,Reactome_2022,-1.4276148747847512,Downregulated,0.3022471687523729,12/32,24.42%
Positive Regulation of NLRP3 Inflammasome Complex Assembly (GO:1900227),GO_Biological_Process_2025,-1.4280166372096577,Downregulated,0.3022115187761101,13/22,27.48%
Embryonic Stem Cell Pluripotency Pathways WP3931,WikiPathways_2024_Human,-1.430074725251692,Downregulated,0.2990413527939035,16/101,8.94%
Cdc20:Phospho-APC/C Mediated Degradation Of Cyclin A R-HSA-174184,Reactome_2022,-1.4302737402483114,Downregulated,0.2993724006665025,37/69,32.20%
Negative Regulation of Cytokine Production (GO:0001818),GO_Biological_Process_2025,-1.4303057990389492,Downregulated,0.2999940472619325,42/168,17.77%
RHOD GTPase Cycle R-HSA-9013405,Reactome_2022,-1.4318543723443322,Downregulated,0.297952544281686,8/51,5.30%
Positive Regulation of Innate Immune Response (GO:0045089),GO_Biological_Process_2025,-1.4324680976128843,Downregulated,0.2976327401346937,19/40,30.74%
Positive Regulation of Cholesterol Metabolic Process (GO:0090205),GO_Biological_Process_2025,-1.4384525372196173,Downregulated,0.2875066641906892,10/16,29.87%
PI-3K cascade:FGFR1 R-HSA-5654689,Reactome_2022,-1.438886342561427,Downregulated,0.2874496881333986,4/15,14.33%
Nuclear Events Mediated By NFE2L2 R-HSA-9759194,Reactome_2022,-1.4397674284259738,Downregulated,0.2864953519355654,32/74,28.52%
Norepinephrine Neurotransmitter Release Cycle R-HSA-181430,Reactome_2022,-1.440268341408972,Downregulated,0.2862271136845359,6/17,14.68%
Poly-Purine Tract Binding (GO:0070717),GO_Molecular_Function_2025,-1.440873677195416,Downregulated,0.2858587066715584,12/24,24.01%
Regulation of miRNA Transcription (GO:1902893),GO_Biological_Process_2025,-1.4424339055515123,Downregulated,0.2837268647981794,14/62,12.38%
Regulation of Translation (GO:0006417),GO_Biological_Process_2025,-1.4428187619581294,Downregulated,0.2837396810514938,63/189,23.08%
Protein Phosphatase 1 Binding (GO:0008157),GO_Molecular_Function_2025,-1.443304156050314,Downregulated,0.2834935876028548,8/18,13.13%
Monoatomic Anion Transport (GO:0006820),GO_Biological_Process_2025,-1.4441590089139829,Downregulated,0.2826586658958605,12/41,11.63%
T Cell Receptor Signaling WP69,WikiPathways_2024_Human,-1.4453011108247638,Downregulated,0.2812363886075317,25/75,25.04%
Ventricular Cardiac Muscle Tissue Morphogenesis (GO:0055010),GO_Biological_Process_2025,-1.4464335847972565,Downregulated,0.2797413295930358,3/32,0.22%
Nuclear Thyroid Hormone Receptor Binding (GO:0046966),GO_Molecular_Function_2025,-1.446903595130044,Downregulated,0.2796354871414214,12/26,26.37%
DNA Damage Recognition In GG-NER R-HSA-5696394,Reactome_2022,-1.4470247936904084,Downregulated,0.2801109504406591,14/36,23.14%
RNA Polymerase II Transcribes snRNA Genes R-HSA-6807505,Reactome_2022,-1.4472689391797688,Downregulated,0.2803952740788921,37/72,31.17%
Regulation of Telomere Maintenance via Telomere Lengthening (GO:1904356),GO_Biological_Process_2025,-1.4475646452665765,Downregulated,0.2805536318828838,7/18,13.45%
Regulation of Protein Localization to Cell Surface (GO:2000008),GO_Biological_Process_2025,-1.4479848180143733,Downregulated,0.2804632448666916,15/31,25.75%
Ca Mediated T Cell Apoptosis Inclusion Body Myositis WP5142,WikiPathways_2024_Human,-1.449414316147803,Downregulated,0.2785749889885356,6/19,16.25%
Actin Filament Organization (GO:0007015),GO_Biological_Process_2025,-1.4501155599863371,Downregulated,0.2780857051341093,43/148,21.77%
Flavin Adenine Dinucleotide Binding (GO:0050660),GO_Molecular_Function_2025,-1.4506565607302602,Downregulated,0.277827836928152,22/55,23.05%
BMP Binding (GO:0036122),GO_Molecular_Function_2025,-1.4507198407561328,Downregulated,0.2784008038912707,3/15,6.00%
Regulation of Primary Metabolic Process (GO:0080090),GO_Biological_Process_2025,-1.4507284817073014,Downregulated,0.2790705901842178,29/106,17.49%
Gene Expression (GO:0010467),GO_Biological_Process_2025,-1.4511365915673726,Downregulated,0.2790193566935786,117/329,25.99%
Mesenchyme Morphogenesis (GO:0072132),GO_Biological_Process_2025,-1.451928493801124,Downregulated,0.2782505913058866,2/15,0.28%
Chloride Transport (GO:0006821),GO_Biological_Process_2025,-1.45282814174307,Downregulated,0.2773478007044508,23/70,16.93%
Contractile Actin Filament Bundle Assembly (GO:0030038),GO_Biological_Process_2025,-1.453199030950598,Downregulated,0.2772918876877475,3/17,3.35%
Stress Fiber Assembly (GO:0043149),GO_Biological_Process_2025,-1.453199030950598,Downregulated,0.2772918876877475,3/17,3.35%
ISG15 Antiviral Mechanism R-HSA-1169408,Reactome_2022,-1.4533750502140133,Downregulated,0.2784135003360189,29/67,28.52%
Signaling Receptor Complex Adaptor Activity (GO:0030159),GO_Molecular_Function_2025,-1.4538896428125536,Downregulated,0.2782432786546713,10/40,14.33%
Telomerase RNA Binding (GO:0070034),GO_Molecular_Function_2025,-1.4545583282556047,Downregulated,0.2777965333196869,8/21,14.10%
Cytosolic Sensors Of Pathogen-Associated DNA R-HSA-1834949,Reactome_2022,-1.4552266794335784,Downregulated,0.2772934608220435,18/59,18.49%
Vesicle Transport Along Microtubule (GO:0047496),GO_Biological_Process_2025,-1.4552487613672522,Downregulated,0.2779563195337364,11/22,22.84%
GTPase Binding (GO:0051020),GO_Molecular_Function_2025,-1.455684608881166,Downregulated,0.2779311494606672,75/220,24.23%
mRNA Stabilization (GO:0048255),GO_Biological_Process_2025,-1.45580748468008,Downregulated,0.2783992308144405,14/51,17.29%
Purine Catabolism R-HSA-74259,Reactome_2022,-1.4590602538499424,Downregulated,0.2732405362293542,5/16,9.59%
Apical Junction Complex (GO:0043296),GO_Cellular_Component_2025,-1.4593050277906892,Downregulated,0.2734799661419615,20/91,12.11%
Oligodendrocyte Differentiation (GO:0048709),GO_Biological_Process_2025,-1.4596719706206789,Downregulated,0.2734674612996089,11/18,29.87%
WNT5A-dependent Internalization Of FZD4 R-HSA-5099900,Reactome_2022,-1.460390452043638,Downregulated,0.2729472653564754,5/15,18.44%
RNA Polymerase I Transcription Initiation R-HSA-73762,Reactome_2022,-1.4615750176694051,Downregulated,0.2715414162077367,20/46,23.07%
Selenocysteine Synthesis R-HSA-2408557,Reactome_2022,-1.4624976495054964,Downregulated,0.270721544394492,42/64,39.78%
Transcriptional Activity Of SMAD2/SMAD3:SMAD4 Heterotrimer R-HSA-2173793,Reactome_2022,-1.464251722584092,Downregulated,0.2681439033249053,10/49,11.47%
Barbed-End Actin Filament Capping (GO:0051016),GO_Biological_Process_2025,-1.4675650475381972,Downregulated,0.2633498700542669,9/16,24.93%
Actin Filament Capping (GO:0051693),GO_Biological_Process_2025,-1.4675650475381972,Downregulated,0.2633498700542669,9/16,24.93%
Epithelial cell signaling in Helicobacter pylori infection,KEGG_2021_Human,-1.4678907425653305,Downregulated,0.2642094860114195,14/64,12.11%
Signaling By WNT In Cancer R-HSA-4791275,Reactome_2022,-1.4679384696681292,Downregulated,0.2648326252350755,8/31,15.70%
Cell Junction Organization R-HSA-446728,Reactome_2022,-1.4680987846255102,Downregulated,0.2652186259270661,19/75,9.43%
Regulation of Response to Cytokine Stimulus (GO:0060759),GO_Biological_Process_2025,-1.4684338364386895,Downregulated,0.2653562246841836,6/15,16.48%
Negative Regulation of Natural Killer Cell Mediated Cytotoxicity (GO:0045953),GO_Biological_Process_2025,-1.469531591011749,Downregulated,0.2642014139527531,9/15,26.79%
Protein Serine/Threonine Phosphatase Activity (GO:0004722),GO_Molecular_Function_2025,-1.4696154828387915,Downregulated,0.2647272754805724,26/57,28.38%
Nucleotide Catabolism R-HSA-8956319,Reactome_2022,-1.4701758576898112,Downregulated,0.2645144243006683,12/32,21.35%
MAPK Targets/ Nuclear Events Mediated By MAP Kinases R-HSA-450282,Reactome_2022,-1.470328496557615,Downregulated,0.2650154419469239,7/28,13.59%
Negative Regulation of Receptor-Mediated Endocytosis (GO:0048261),GO_Biological_Process_2025,-1.4727596616857526,Downregulated,0.2616015166957894,8/21,14.00%
Adherens junction,KEGG_2021_Human,-1.4731448456289002,Downregulated,0.261645774235519,14/70,9.89%
PTEN Regulation R-HSA-6807070,Reactome_2022,-1.475250766600252,Downregulated,0.258743478978833,69/133,32.58%
Regulation Of Expression Of SLITs And ROBOs R-HSA-9010553,Reactome_2022,-1.4758798458767812,Downregulated,0.2584317379263484,63/134,32.28%
Histone H4 Acetyltransferase Activity (GO:0010485),GO_Molecular_Function_2025,-1.476174575538583,Downregulated,0.2586826355220945,9/18,23.90%
Ub-specific Processing Proteases R-HSA-5689880,Reactome_2022,-1.4763737227095188,Downregulated,0.2590667053414008,69/158,28.52%
Nonsense Mediated Decay (NMD) Independent Of Exon Junction Complex (EJC) R-HSA-975956,Reactome_2022,-1.47787055301696,Downregulated,0.2572478202593611,42/65,39.78%
Vesicle Membrane (GO:0012506),GO_Cellular_Component_2025,-1.4780195241785072,Downregulated,0.2576688684342959,24/72,23.32%
Chromatin Remodeling (GO:0006338),GO_Biological_Process_2025,-1.4783247828121802,Downregulated,0.2578329066901955,85/245,24.47%
Activation Of IRF3/IRF7 Mediated By TBK1/IKK Epsilon R-HSA-936964,Reactome_2022,-1.4783374920900174,Downregulated,0.2585113668897218,4/16,4.60%
Negative Regulation of Cilium Assembly (GO:1902018),GO_Biological_Process_2025,-1.480378792726403,Downregulated,0.2559768462184426,9/20,25.44%
Regulation of Cholesterol Metabolic Process (GO:0090181),GO_Biological_Process_2025,-1.4807172971372946,Downregulated,0.2560918357480803,10/22,18.47%
Integrin Mediated Cell Adhesion WP185,WikiPathways_2024_Human,-1.4810994156201824,Downregulated,0.2561288102861713,26/98,16.62%
Negative Regulation of Cell-Cell Adhesion (GO:0022408),GO_Biological_Process_2025,-1.481548981862295,Downregulated,0.2560904093747965,14/34,22.98%
Response to Epidermal Growth Factor (GO:0070849),GO_Biological_Process_2025,-1.4827320296606403,Downregulated,0.2546875920813926,8/30,15.02%
protein-RNA Complex Assembly (GO:0022618),GO_Biological_Process_2025,-1.4827895304750334,Downregulated,0.25528931901869,45/132,20.99%
FCERI Mediated NF-kB Activation R-HSA-2871837,Reactome_2022,-1.483164659470832,Downregulated,0.2553940543500675,41/76,32.08%
Chromatin Modifying Enzymes R-HSA-3247509,Reactome_2022,-1.4832563799858136,Downregulated,0.2559446288002371,58/206,18.95%
Regulation of Sprouting Angiogenesis (GO:1903670),GO_Biological_Process_2025,-1.4833654345278828,Downregulated,0.2564782951093776,11/37,12.11%
Transmembrane Receptor Protein Serine/Threonine Kinase Activity (GO:0004675),GO_Molecular_Function_2025,-1.483458943024069,Downregulated,0.2570450326698941,3/17,2.44%
HIV Infection R-HSA-162906,Reactome_2022,-1.4844180119374324,Downregulated,0.2561439307454318,96/213,32.10%
Ubiquitin-Dependent Protein Catabolic Process (GO:0006511),GO_Biological_Process_2025,-1.4860560208553657,Downregulated,0.2541254663868477,152/425,25.08%
Negative Regulation Of MAPK Pathway R-HSA-5675221,Reactome_2022,-1.486160814248788,Downregulated,0.2546195881983333,17/41,29.35%
Blood Vessel Endothelial Cell Migration (GO:0043534),GO_Biological_Process_2025,-1.4865283090238288,Downregulated,0.2547650568450364,10/26,9.64%
Signaling By TGF-beta Receptor Complex R-HSA-170834,Reactome_2022,-1.4870047592061504,Downregulated,0.2548198498184599,29/89,23.16%
Cadherin Binding Involved in Cell-Cell Adhesion (GO:0098641),GO_Molecular_Function_2025,-1.488482045987051,Downregulated,0.2530906170826692,8/17,23.30%
Regulation of Type I Interferon-Mediated Signaling Pathway (GO:0060338),GO_Biological_Process_2025,-1.4895050868490638,Downregulated,0.252111565544301,11/34,19.32%
Muscle Cell Development (GO:0055001),GO_Biological_Process_2025,-1.4910066173447534,Downregulated,0.2502894102443707,7/16,12.66%
Insulin Receptor Binding (GO:0005158),GO_Molecular_Function_2025,-1.4914270515966024,Downregulated,0.2503387929691167,4/17,5.74%
Tight junction,KEGG_2021_Human,-1.4924002734169586,Downregulated,0.2496045897575556,28/148,10.07%
Bacterial invasion of epithelial cells,KEGG_2021_Human,-1.4929421384588808,Downregulated,0.2492867860154042,29/71,24.72%
Tight Junction (GO:0070160),GO_Cellular_Component_2025,-1.4931111468074092,Downregulated,0.2496933189772773,16/79,7.47%
Positive Regulation of Transcription by RNA Polymerase III (GO:0045945),GO_Biological_Process_2025,-1.4933113029230998,Downregulated,0.2500640732646207,10/16,25.62%
CDK-mediated Phosphorylation And Removal Of Cdc6 R-HSA-69017,Reactome_2022,-1.4942341654002398,Downregulated,0.249136132712206,36/69,32.20%
Establishment of Endothelial Barrier (GO:0061028),GO_Biological_Process_2025,-1.495308832887054,Downregulated,0.2480073968614049,11/27,15.47%
TCR Signaling R-HSA-202403,Reactome_2022,-1.4964069349475526,Downregulated,0.2468615252772935,49/106,32.08%
Cellular Response to Growth Factor Stimulus (GO:0071363),GO_Biological_Process_2025,-1.5006466079674246,Downregulated,0.2406137902326915,36/140,15.02%
MET In Type 1 Papillary Renal Cell Carcinoma WP4205,WikiPathways_2024_Human,-1.5011292154114315,Downregulated,0.2405865901041825,21/55,24.42%
BMP Signaling Pathway (GO:0030509),GO_Biological_Process_2025,-1.5021191866349182,Downregulated,0.2395708707516913,4/40,0.69%
Histone H3 Demethylase Activity (GO:0141052),GO_Molecular_Function_2025,-1.5037053314267297,Downregulated,0.2377348238499958,12/23,29.64%
Positive Regulation of Cilium Assembly (GO:0045724),GO_Biological_Process_2025,-1.5041344124883778,Downregulated,0.2377840083609569,6/24,6.95%
Regulation of Carbohydrate Metabolic Process (GO:0006109),GO_Biological_Process_2025,-1.5041734946037355,Downregulated,0.2384211438848913,5/15,7.62%
Cellular Response to Laminar Fluid Shear Stress (GO:0071499),GO_Biological_Process_2025,-1.5049020893772689,Downregulated,0.2379046970895261,4/15,7.62%
Nonsense Mediated Decay (NMD) Enhanced By Exon Junction Complex (EJC) R-HSA-975957,Reactome_2022,-1.50508396675299,Downregulated,0.2383382197391097,53/84,39.21%
CLEC7A (Dectin-1) Signaling R-HSA-5607764,Reactome_2022,-1.5058004690763611,Downregulated,0.2379262169271339,47/97,32.08%
Interleukin-20 Family Signaling R-HSA-8854691,Reactome_2022,-1.5058818414169184,Downregulated,0.2385246448176095,3/20,4.99%
mRNA surveillance pathway,KEGG_2021_Human,-1.5059164757002872,Downregulated,0.2392207182861629,38/86,27.06%
Host Pathogen Interaction Of Human CoV Interferon Induction WP4880,WikiPathways_2024_Human,-1.5062433126527217,Downregulated,0.2393987905992065,17/33,31.22%
Phosphotyrosine Residue Binding (GO:0001784),GO_Molecular_Function_2025,-1.5066997796847623,Downregulated,0.2393487709077409,11/37,17.35%
RNA 3'-End Processing (GO:0031123),GO_Biological_Process_2025,-1.5067804093259598,Downregulated,0.2399333624518572,23/48,30.72%
GAB1 Signalosome R-HSA-180292,Reactome_2022,-1.5072120589096332,Downregulated,0.2399505630625847,2/17,1.95%
Heart Development (GO:0007507),GO_Biological_Process_2025,-1.5075745408585484,Downregulated,0.2401367578856176,37/151,13.55%
Positive Regulation of Response to Biotic Stimulus (GO:0002833),GO_Biological_Process_2025,-1.507704262366885,Downregulated,0.2406592445896697,14/38,18.96%
IL-6-type Cytokine Receptor Ligand Interactions R-HSA-6788467,Reactome_2022,-1.509140209658431,Downregulated,0.2390385979818935,4/16,11.98%
Hippo signaling pathway,KEGG_2021_Human,-1.50987877631779,Downregulated,0.238775291107814,37/149,18.24%
Regulation of Macrophage Differentiation (GO:0045649),GO_Biological_Process_2025,-1.511142822497939,Downregulated,0.2375438217093151,2/15,1.49%
Translation (GO:0006412),GO_Biological_Process_2025,-1.512785388938621,Downregulated,0.2357415486142742,100/203,34.12%
Endothelial Cell Development (GO:0001885),GO_Biological_Process_2025,-1.51332753441923,Downregulated,0.2355215009167021,11/23,15.69%
Immune Response To Tuberculosis WP4197,WikiPathways_2024_Human,-1.514254496557217,Downregulated,0.234759697315851,5/21,5.98%
Regulation of Fatty Acid Oxidation (GO:0046320),GO_Biological_Process_2025,-1.5145093549954611,Downregulated,0.2350922851122108,4/15,7.54%
Myeloid Cell Development (GO:0061515),GO_Biological_Process_2025,-1.5156781109870734,Downregulated,0.2340146190413349,8/25,9.71%
Clathrin-Dependent Endocytosis (GO:0072583),GO_Biological_Process_2025,-1.5168447200895463,Downregulated,0.2327899178658866,11/30,13.03%
Signal Transduction By L1 R-HSA-445144,Reactome_2022,-1.5175209221103547,Downregulated,0.2325417228645827,6/19,11.42%
Negative Regulation Of FGFR1 Signaling R-HSA-5654726,Reactome_2022,-1.5185449623823355,Downregulated,0.2316170907805573,5/26,7.98%
Signaling By EGFR R-HSA-177929,Reactome_2022,-1.518648902505968,Downregulated,0.2321935425028432,7/49,6.40%
Cellular Response to Osmotic Stress (GO:0071470),GO_Biological_Process_2025,-1.519438523421069,Downregulated,0.2315496184706443,15/33,24.08%
RIG-I-like receptor signaling pathway,KEGG_2021_Human,-1.5204000221050042,Downregulated,0.2306936425119291,14/50,15.48%
Myofibril Assembly (GO:0030239),GO_Biological_Process_2025,-1.5204260796386315,Downregulated,0.2313885769716715,7/47,4.10%
Plasma Membrane Organization (GO:0007009),GO_Biological_Process_2025,-1.5212679701628185,Downregulated,0.2307861106986762,18/69,13.48%
Ino80 Complex (GO:0031011),GO_Cellular_Component_2025,-1.5212756538998402,Downregulated,0.2315325387780317,7/15,23.14%
tRNA Processing R-HSA-72306,Reactome_2022,-1.5222899649273065,Downregulated,0.2307666859533465,46/98,28.36%
Ventricular Cardiac Muscle Tissue Development (GO:0003229),GO_Biological_Process_2025,-1.5229466950549804,Downregulated,0.2304497053736363,10/22,26.50%
Negative Regulation of mRNA Catabolic Process (GO:1902373),GO_Biological_Process_2025,-1.5236399882958918,Downregulated,0.2300364100013514,11/37,16.48%
Positive Regulation of Sprouting Angiogenesis (GO:1903672),GO_Biological_Process_2025,-1.5239465938181909,Downregulated,0.2303333253108338,6/18,12.11%
Embryonic Axis Specification (GO:0000578),GO_Biological_Process_2025,-1.5242274970774308,Downregulated,0.230636165503462,4/15,5.84%
Regulation of DNA Metabolic Process (GO:0051052),GO_Biological_Process_2025,-1.524252346251053,Downregulated,0.2313653007482087,41/112,23.90%
Integrin Signaling R-HSA-354192,Reactome_2022,-1.5263814955959945,Downregulated,0.2286579462124064,10/25,15.76%
Cytoplasmic Translational Initiation (GO:0002183),GO_Biological_Process_2025,-1.5273876720657873,Downregulated,0.2278365146065331,24/34,37.20%
Positive Regulation of Nervous System Process (GO:0031646),GO_Biological_Process_2025,-1.5294814316904797,Downregulated,0.2252953045352969,4/19,4.46%
snRNA 3'-End Processing (GO:0034472),GO_Biological_Process_2025,-1.529551891310232,Downregulated,0.2259840992609464,14/20,32.19%
Selenoamino Acid Metabolism R-HSA-2408522,Reactome_2022,-1.530081690969351,Downregulated,0.2259476986401994,55/87,39.95%
Positive Regulation of Mononuclear Cell Migration (GO:0071677),GO_Biological_Process_2025,-1.5316462152232715,Downregulated,0.2242521412966649,15/29,21.03%
Fc gamma R-mediated phagocytosis,KEGG_2021_Human,-1.5324485633268683,Downregulated,0.2236980300294775,44/92,31.57%
Regulation of Telomere Maintenance (GO:0032204),GO_Biological_Process_2025,-1.5328175056817297,Downregulated,0.223971185392039,19/50,21.15%
Protein Dephosphorylation (GO:0006470),GO_Biological_Process_2025,-1.535343810872401,Downregulated,0.2209228104269879,34/83,25.85%
Transcription Co Factors SKI And SKIL Protein Partners WP4533,WikiPathways_2024_Human,-1.5361268379242787,Downregulated,0.2204048115909456,8/18,21.65%
Regulation of RIG-I Signaling Pathway (GO:0039535),GO_Biological_Process_2025,-1.5375175032211312,Downregulated,0.2190147262824162,12/18,33.95%
Lamellipodium Assembly (GO:0030032),GO_Biological_Process_2025,-1.5419778170058185,Downregulated,0.2127534904239912,6/23,5.94%
APC/C:Cdh1 Mediated Degradation Of Cdc20 And APC/C:Cdh1 Targets In Late Mitosis/Early G1 R-HSA-174178,Reactome_2022,-1.542261277454538,Downregulated,0.2131010352521065,37/70,32.20%
Phosphatidylinositol Dephosphorylation (GO:0046856),GO_Biological_Process_2025,-1.542852097494723,Downregulated,0.2129976469892779,7/19,21.88%
Initiation Of Transcription And Translation Elongation HIV1 LTR WP3414,WikiPathways_2024_Human,-1.5448917130184587,Downregulated,0.2105770231582533,12/31,25.51%
Cellular Response to BMP Stimulus (GO:0071773),GO_Biological_Process_2025,-1.5451557434717007,Downregulated,0.2109582729162634,5/46,0.69%
Negative Regulation of Endothelial Cell Apoptotic Process (GO:2000352),GO_Biological_Process_2025,-1.545937157402077,Downregulated,0.2105856069219261,7/22,12.75%
Type I Interferon Induction And Signaling SARS CoV 2 Infection WP4868,WikiPathways_2024_Human,-1.5466056829178858,Downregulated,0.2104169943644706,15/31,25.59%
Spry Regulation Of FGF Signaling R-HSA-1295596,Reactome_2022,-1.5466792998532837,Downregulated,0.2110261101669697,3/16,6.40%
Negative Regulation of DNA Biosynthetic Process (GO:2000279),GO_Biological_Process_2025,-1.546817899898878,Downregulated,0.2115843472619748,9/26,14.60%
Iron-Sulfur Cluster Assembly (GO:0016226),GO_Biological_Process_2025,-1.5469374666815086,Downregulated,0.2121508497096608,12/22,27.19%
Metallo-Sulfur Cluster Assembly (GO:0031163),GO_Biological_Process_2025,-1.5469374666815086,Downregulated,0.2121508497096608,12/22,27.19%
Cancer Immunotherapy By PD 1 Blockade WP4585,WikiPathways_2024_Human,-1.5479701902449905,Downregulated,0.2121065662082276,4/23,4.37%
Negative Regulation of Blood Coagulation (GO:0030195),GO_Biological_Process_2025,-1.548233328440782,Downregulated,0.212469928529464,7/23,10.76%
Ubiquitin-Like Ligase-Substrate Adaptor Activity (GO:1990756),GO_Molecular_Function_2025,-1.5496035272720348,Downregulated,0.2111965046137217,45/112,22.27%
Post-Transcriptional Regulation of Gene Expression (GO:0010608),GO_Biological_Process_2025,-1.549832054158179,Downregulated,0.2116243196764441,33/60,34.20%
Organic Anion Transport (GO:0015711),GO_Biological_Process_2025,-1.5499940852692935,Downregulated,0.2121554881893798,19/80,13.24%
Downstream TCR Signaling R-HSA-202424,Reactome_2022,-1.5525043615621514,Downregulated,0.2091612451442756,38/84,28.52%
RNA Biosynthetic Process (GO:0032774),GO_Biological_Process_2025,-1.5531506226508514,Downregulated,0.2087654462359013,47/119,25.80%
Regulation of Small Molecule Metabolic Process (GO:0062012),GO_Biological_Process_2025,-1.5533633178169672,Downregulated,0.2092082184790121,9/32,8.40%
Beta-catenin Phosphorylation Cascade R-HSA-196299,Reactome_2022,-1.5543537111095789,Downregulated,0.2083807025905157,6/16,15.70%
Defense Response to Virus (GO:0051607),GO_Biological_Process_2025,-1.556641661501824,Downregulated,0.2057049698995017,56/156,21.87%
Positive Regulation of Translational Initiation (GO:0045948),GO_Biological_Process_2025,-1.5595320343470034,Downregulated,0.2022607075743415,11/20,33.01%
Stress Granule Assembly (GO:0034063),GO_Biological_Process_2025,-1.561640803702652,Downregulated,0.1998861951788677,12/24,24.68%
Histone H3 Acetyltransferase Activity (GO:0010484),GO_Molecular_Function_2025,-1.5619161519511997,Downregulated,0.2002813704941249,10/15,29.46%
Positive Regulation by Host of Viral Transcription (GO:0043923),GO_Biological_Process_2025,-1.5633125194124422,Downregulated,0.1989087184681229,5/17,11.05%
Negative Regulation of Secretion by Cell (GO:1903531),GO_Biological_Process_2025,-1.5637885134340508,Downregulated,0.1990815533755109,14/35,23.57%
Maturation of 5.8S rRNA (GO:0000460),GO_Biological_Process_2025,-1.5680063806410962,Downregulated,0.1937528612210049,9/17,21.48%
Negative Regulation of miRNA Transcription (GO:1902894),GO_Biological_Process_2025,-1.5690931107539576,Downregulated,0.1929182458005895,6/23,4.37%
Artery Morphogenesis (GO:0048844),GO_Biological_Process_2025,-1.5696257480019564,Downregulated,0.1929510787566237,7/30,9.23%
Double-Stranded RNA Binding (GO:0003725),GO_Molecular_Function_2025,-1.5706484398657723,Downregulated,0.1922722668813081,38/65,30.86%
RNA Modification (GO:0009451),GO_Biological_Process_2025,-1.5722354837185948,Downregulated,0.1908643138455342,24/52,24.83%
Role Of GTSE1 In G2/M Progression After G2 Checkpoint R-HSA-8852276,Reactome_2022,-1.575040355496868,Downregulated,0.1875939499566472,34/57,32.08%
Regulation of Cartilage Development (GO:0061035),GO_Biological_Process_2025,-1.5762045020734978,Downregulated,0.1866725080501149,7/17,14.24%
Interferon Type I Signaling WP585,WikiPathways_2024_Human,-1.57637248447395,Downregulated,0.1871853050119841,27/52,32.09%
Metabolism Of Polyamines R-HSA-351202,Reactome_2022,-1.5767677512381808,Downregulated,0.1873508919475846,32/52,32.08%
Monoamine GPCRs WP58,WikiPathways_2024_Human,-1.5807367641424557,Downregulated,0.1827736564841864,9/22,20.14%
Negative Regulation of Protein Localization to Nucleus (GO:1900181),GO_Biological_Process_2025,-1.5820516080238811,Downregulated,0.1817098894868551,11/25,23.04%
Signaling By FLT3 ITD And TKD Mutants R-HSA-9703648,Reactome_2022,-1.58256498528871,Downregulated,0.1816755485156018,7/15,24.42%
Protein Tyrosine Kinase Binding (GO:1990782),GO_Molecular_Function_2025,-1.5835974124062406,Downregulated,0.1810080873179511,20/70,15.52%
Platelet-Derived Growth Factor Receptor Signaling Pathway (GO:0048008),GO_Biological_Process_2025,-1.583834910073007,Downregulated,0.1814053905387127,7/17,12.39%
Positive Regulation of Leukocyte Chemotaxis (GO:0002690),GO_Biological_Process_2025,-1.584055239878303,Downregulated,0.1818826435730577,15/48,10.83%
Cellular Response to Type I Interferon (GO:0071357),GO_Biological_Process_2025,-1.5854092718417947,Downregulated,0.1808033675494839,9/22,20.97%
Type I Interferon-Mediated Signaling Pathway (GO:0060337),GO_Biological_Process_2025,-1.5854092718417947,Downregulated,0.1808033675494839,9/22,20.97%
Regulation of Translational Initiation (GO:0006446),GO_Biological_Process_2025,-1.5875666897253322,Downregulated,0.179448648026489,36/65,33.01%
Neuropilin Binding (GO:0038191),GO_Molecular_Function_2025,-1.5881204639749864,Downregulated,0.1794723078775804,5/17,8.31%
SAGA-type Complex (GO:0070461),GO_Cellular_Component_2025,-1.588158025985399,Downregulated,0.180181505213506,13/36,21.97%
Actin Filament (GO:0005884),GO_Cellular_Component_2025,-1.5890728199826452,Downregulated,0.1798053151548355,26/71,22.99%
Secondary Active Transmembrane Transporter Activity (GO:0015291),GO_Molecular_Function_2025,-1.590718713079643,Downregulated,0.1782463158396648,14/48,10.78%
SCF(Skp2)-mediated Degradation Of P27/P21 R-HSA-187577,Reactome_2022,-1.592025941553359,Downregulated,0.1770956270830155,32/58,32.08%
Negative Regulation of Cellular Response to Growth Factor Stimulus (GO:0090288),GO_Biological_Process_2025,-1.59308663688411,Downregulated,0.1763533968868439,12/62,7.72%
Vasculature Development (GO:0001944),GO_Biological_Process_2025,-1.5976465190330953,Downregulated,0.1715214426012416,8/18,9.23%
Host Interactions Of HIV Factors R-HSA-162909,Reactome_2022,-1.5988922586377934,Downregulated,0.1706239481642566,60/121,32.62%
Regulation of actin cytoskeleton,KEGG_2021_Human,-1.5991209440233665,Downregulated,0.1710092171525272,71/198,24.42%
Regulation Of mRNA Stability By Proteins That Bind AU-rich Elements R-HSA-450531,Reactome_2022,-1.59915724535766,Downregulated,0.1716964203163099,50/82,32.19%
Deubiquitination R-HSA-5688426,Reactome_2022,-1.601789921687406,Downregulated,0.1687699835239806,92/230,26.82%
Positive Regulation of Chemotaxis (GO:0050921),GO_Biological_Process_2025,-1.6020651857558377,Downregulated,0.1691726777446817,19/43,18.23%
Peptide Chain Elongation R-HSA-156902,Reactome_2022,-1.6027957989811596,Downregulated,0.1690199557359658,41/60,39.78%
Regulation of Establishment of Endothelial Barrier (GO:1903140),GO_Biological_Process_2025,-1.6032167228132177,Downregulated,0.169216084732111,5/15,5.94%
Signaling By NOTCH4 R-HSA-9013694,Reactome_2022,-1.6041368319796656,Downregulated,0.1687415596454704,44/78,32.25%
Golgi Cisterna (GO:0031985),GO_Cellular_Component_2025,-1.6054515010479522,Downregulated,0.1675875946146974,27/46,28.18%
Cytoplasmic Stress Granule (GO:0010494),GO_Cellular_Component_2025,-1.6062354175448714,Downregulated,0.1672948070298258,30/74,25.73%
MET Promotes Cell Motility R-HSA-8875878,Reactome_2022,-1.6073017547120667,Downregulated,0.1665644908571599,12/27,22.51%
Actin Binding (GO:0003779),GO_Molecular_Function_2025,-1.6078395937638532,Downregulated,0.1665751338667199,67/170,26.06%
"Positive Regulation of Gene Expression, Epigenetic (GO:0141137)",GO_Biological_Process_2025,-1.6092265027267103,Downregulated,0.1655496332374427,16/37,27.62%
Phagocytosis (GO:0006909),GO_Biological_Process_2025,-1.6109834015327489,Downregulated,0.1640688916495671,23/64,17.49%
Diseases Of Signal Transduction By Growth Factor Receptors And Second Messengers R-HSA-5663202,Reactome_2022,-1.6137492003214151,Downregulated,0.1613052954667722,126/401,24.42%
Transcriptional Regulation By RUNX2 R-HSA-8878166,Reactome_2022,-1.6155896392805305,Downregulated,0.1596956444793946,56/110,32.80%
Epidermal Growth Factor Receptor Signaling Pathway (GO:0007173),GO_Biological_Process_2025,-1.615768729833555,Downregulated,0.16022447485493,14/46,19.97%
Proteasome-Mediated Ubiquitin-Dependent Protein Catabolic Process (GO:0043161),GO_Biological_Process_2025,-1.6161747984266115,Downregulated,0.1605526434615977,124/321,24.97%
Regulation of Innate Immune Response (GO:0045088),GO_Biological_Process_2025,-1.617010558646997,Downregulated,0.1602319957772141,29/75,21.89%
MAP3K1 Role In Promoting And Blocking Gonadal Determination WP4872,WikiPathways_2024_Human,-1.6188141802698668,Downregulated,0.1587406739374669,4/15,11.27%
Response Of EIF2AK4 (GCN2) To Amino Acid Deficiency R-HSA-9633012,Reactome_2022,-1.6188869601875089,Downregulated,0.1593680428268055,49/72,39.78%
Cell-Cell Communication R-HSA-1500931,Reactome_2022,-1.6195137481427009,Downregulated,0.159378904990592,28/107,9.50%
Podosome (GO:0002102),GO_Cellular_Component_2025,-1.619547455461739,Downregulated,0.1600870052219544,6/19,11.93%
Regulation of Monocyte Chemotaxis (GO:0090025),GO_Biological_Process_2025,-1.6199347378609386,Downregulated,0.160418173748244,9/22,10.83%
Downstream Signal Transduction R-HSA-186763,Reactome_2022,-1.6210468471915431,Downregulated,0.1598868101610167,12/28,24.42%
Semaphorin-Plexin Signaling Pathway (GO:0071526),GO_Biological_Process_2025,-1.6212963478158318,Downregulated,0.1604109369658998,8/38,4.83%
Hedgehog Off State R-HSA-5610787,Reactome_2022,-1.6213902705082588,Downregulated,0.1610189598964749,42/94,28.52%
snRNA Processing (GO:0016180),GO_Biological_Process_2025,-1.6242619559001106,Downregulated,0.1582227037921807,14/20,30.62%
Negative Regulation of Type I Interferon-Mediated Signaling Pathway (GO:0060339),GO_Biological_Process_2025,-1.625210304208693,Downregulated,0.1579495577977017,11/19,25.95%
Regulation of Ossification (GO:0030278),GO_Biological_Process_2025,-1.625503634582812,Downregulated,0.1582342507954812,6/44,2.44%
Hippo Signaling (GO:0035329),GO_Biological_Process_2025,-1.6259516137255932,Downregulated,0.1585274411130845,8/19,8.23%
Protein Tyrosine/Serine/Threonine Phosphatase Activity (GO:0008138),GO_Molecular_Function_2025,-1.6261508263763005,Downregulated,0.1590082638350057,5/19,5.08%
Regulation of Cellular Response to Transforming Growth Factor Beta Stimulus (GO:1903844),GO_Biological_Process_2025,-1.6264352193795824,Downregulated,0.1594937775103115,4/19,1.70%
Dopamine Neurotransmitter Release Cycle R-HSA-212676,Reactome_2022,-1.626725211704752,Downregulated,0.1599607264332586,8/23,14.68%
G13 Signaling WP524,WikiPathways_2024_Human,-1.6295437233009145,Downregulated,0.1574906072550077,16/38,23.71%
Blood Vessel Diameter Maintenance (GO:0097746),GO_Biological_Process_2025,-1.6315954199411282,Downregulated,0.1558793674967344,10/36,9.25%
Negative Regulation of Calcium Ion Transmembrane Transport (GO:1903170),GO_Biological_Process_2025,-1.6326177634552934,Downregulated,0.1552522721495376,9/18,16.25%
MLL1/2 Complex (GO:0044665),GO_Cellular_Component_2025,-1.6331689838619845,Downregulated,0.1553623803538353,14/30,29.58%
Calcineurin-Mediated Signaling (GO:0097720),GO_Biological_Process_2025,-1.634564749989909,Downregulated,0.1542661029119192,8/15,16.25%
Lamellipodium Organization (GO:0097581),GO_Biological_Process_2025,-1.6349320790676245,Downregulated,0.1546246734086649,7/28,5.94%
Positive Regulation of Type I Interferon Production (GO:0032481),GO_Biological_Process_2025,-1.6351754107396803,Downregulated,0.1551197283905291,27/64,21.40%
Regulation of Epithelial Cell Differentiation (GO:0030856),GO_Biological_Process_2025,-1.6437826305363523,Downregulated,0.1459091475420338,9/19,16.63%
PCP/CE Pathway R-HSA-4086400,Reactome_2022,-1.6465488328409876,Downregulated,0.1433693359238745,43/84,32.08%
Signaling By BRAF And RAF1 Fusions R-HSA-6802952,Reactome_2022,-1.649876976931924,Downregulated,0.140331196046704,16/59,15.76%
Cell-Cell Junction (GO:0005911),GO_Cellular_Component_2025,-1.650704423262248,Downregulated,0.1400289929810027,61/282,12.11%
Phosphatidylinositol Monophosphate Phosphatase Activity (GO:0052744),GO_Molecular_Function_2025,-1.6531807236972569,Downregulated,0.1382119104732686,9/15,31.75%
Positive Regulation of Translation (GO:0045727),GO_Biological_Process_2025,-1.6544195270727011,Downregulated,0.1377895702440075,42/102,24.45%
RNA transport,KEGG_2021_Human,-1.65731935941572,Downregulated,0.1354532287574719,65/151,28.36%
MLL1 Complex (GO:0071339),GO_Cellular_Component_2025,-1.6576152371036186,Downregulated,0.1358174505199718,8/29,12.47%
Negative Regulation of Viral Process (GO:0048525),GO_Biological_Process_2025,-1.6589282458615364,Downregulated,0.1351605012816083,20/51,21.37%
FLT3 Signaling In Disease R-HSA-9682385,Reactome_2022,-1.6593723344187603,Downregulated,0.1353743823759714,15/26,29.43%
Physiological And Pathological Hypertrophy Of The Heart WP1528,WikiPathways_2024_Human,-1.6596444512292474,Downregulated,0.1358527779311653,9/23,13.29%
Regulation of NLRP3 Inflammasome Complex Assembly (GO:1900225),GO_Biological_Process_2025,-1.6621334206484475,Downregulated,0.1339057865161249,18/34,25.36%
Degradation Of Beta-Catenin By Destruction Complex R-HSA-195253,Reactome_2022,-1.6621923108231067,Downregulated,0.134536560420456,37/81,28.52%
Nephrotic Syndrome WP4758,WikiPathways_2024_Human,-1.6623260346207256,Downregulated,0.1350897238226306,16/41,18.32%
KSRP (KHSRP) Binds And Destabilizes mRNA R-HSA-450604,Reactome_2022,-1.66263325233493,Downregulated,0.1355182451514285,12/16,32.19%
Platelet Aggregation (Plug Formation) R-HSA-76009,Reactome_2022,-1.6651351945681097,Downregulated,0.1335592388060004,13/33,15.89%
Hypertrophy Model WP516,WikiPathways_2024_Human,-1.668058168501174,Downregulated,0.1311422940138207,5/17,3.56%
Regulation of Endothelial Cell Apoptotic Process (GO:2000351),GO_Biological_Process_2025,-1.668698334554055,Downregulated,0.1311239817429597,13/42,12.75%
Positive Regulation of Leukocyte Migration (GO:0002687),GO_Biological_Process_2025,-1.668954795907751,Downregulated,0.1316267312343352,9/26,14.66%
Single-Stranded RNA Binding (GO:0003727),GO_Molecular_Function_2025,-1.6689996897726154,Downregulated,0.132350223062643,25/41,33.74%
Protein Phosphorylated Amino Acid Binding (GO:0045309),GO_Molecular_Function_2025,-1.6697777941442369,Downregulated,0.1322438378561286,15/44,17.35%
Regulation of T Cell Cytokine Production (GO:0002724),GO_Biological_Process_2025,-1.6715011899022616,Downregulated,0.1314496912186677,5/19,10.83%
Aminoacyl-tRNA biosynthesis,KEGG_2021_Human,-1.6732805720377468,Downregulated,0.1303866276663972,19/44,24.09%
Signaling By Cytosolic FGFR1 Fusion Mutants R-HSA-1839117,Reactome_2022,-1.6734343429533736,Downregulated,0.1309615299106735,8/17,24.42%
Regulation of Vascular Endothelial Growth Factor Signaling Pathway (GO:1900746),GO_Biological_Process_2025,-1.6742467739197011,Downregulated,0.1309760016284204,10/25,10.68%
Response to Fatty Acid (GO:0070542),GO_Biological_Process_2025,-1.674498029832585,Downregulated,0.1314706401811602,6/17,11.46%
Transcriptional Regulation By MECP2 R-HSA-8986944,Reactome_2022,-1.6760217033121805,Downregulated,0.1305436269614555,9/48,4.16%
Endocardial Cushion Morphogenesis (GO:0003203),GO_Biological_Process_2025,-1.678641783355887,Downregulated,0.1287046752502919,3/19,0.28%
Clathrin Coat (GO:0030118),GO_Cellular_Component_2025,-1.679216010052668,Downregulated,0.1288759949037609,11/16,36.30%
Eukaryotic Translation Elongation R-HSA-156842,Reactome_2022,-1.6794137045105424,Downregulated,0.1294055217410878,44/64,39.78%
Hh Mutants Are Degraded By ERAD R-HSA-5362768,Reactome_2022,-1.683058550883762,Downregulated,0.126401414873289,32/53,32.08%
tRNA Processing (GO:0008033),GO_Biological_Process_2025,-1.6831912807283134,Downregulated,0.1270232950594366,29/47,32.04%
Cytoplasmic Ribosomal Proteins WP477,WikiPathways_2024_Human,-1.6855175494888397,Downregulated,0.1255202566677554,42/65,39.21%
Hh Mutants Abrogate Ligand Secretion R-HSA-5387390,Reactome_2022,-1.6893814833937837,Downregulated,0.1222326820484277,33/56,32.08%
Keratinocyte Differentiation (GO:0030216),GO_Biological_Process_2025,-1.6897862543184068,Downregulated,0.1225466272926971,8/29,12.71%
Activation Of NF-kappaB In B Cells R-HSA-1169091,Reactome_2022,-1.6913588139887334,Downregulated,0.1216305818708888,35/64,32.08%
Interferon Signaling R-HSA-913531,Reactome_2022,-1.692953901350693,Downregulated,0.1209038239976489,68/154,28.52%
Platelet Sensitization By LDL R-HSA-432142,Reactome_2022,-1.6956525180745756,Downregulated,0.1188811057501118,12/17,33.53%
Negative Regulation of Type I Interferon Production (GO:0032480),GO_Biological_Process_2025,-1.6999354915575289,Downregulated,0.1153270123248257,14/39,19.81%
mRNA Binding (GO:0003729),GO_Molecular_Function_2025,-1.7033725148779109,Downregulated,0.1127656668271706,101/279,25.95%
Leukocyte transendothelial migration,KEGG_2021_Human,-1.704633174117886,Downregulated,0.1121998345238644,26/101,13.28%
snoRNA Binding (GO:0030515),GO_Molecular_Function_2025,-1.7049909148665705,Downregulated,0.1125629993738669,17/30,29.40%
Regulation Of Ornithine Decarboxylase (ODC) R-HSA-350562,Reactome_2022,-1.7052913782108867,Downregulated,0.1129231562400516,29/46,32.08%
Hedgehog On State R-HSA-5632684,Reactome_2022,-1.7085729189893877,Downregulated,0.110660105926148,43/82,31.28%
Endocardial Cushion Development (GO:0003197),GO_Biological_Process_2025,-1.7088288868144073,Downregulated,0.1110985691842541,4/21,0.69%
Regulation of Mitophagy (GO:1901524),GO_Biological_Process_2025,-1.709989304088951,Downregulated,0.1107708080988998,14/27,25.30%
Signaling By MET R-HSA-6806834,Reactome_2022,-1.710131494081874,Downregulated,0.1113982546268175,24/62,22.80%
Regulation of mRNA Processing (GO:0050684),GO_Biological_Process_2025,-1.7107877075724411,Downregulated,0.111459302698921,8/35,7.80%
Cortical Actin Cytoskeleton (GO:0030864),GO_Cellular_Component_2025,-1.7108711372553829,Downregulated,0.1121561431600244,14/47,9.91%
HATs Acetylate Histones R-HSA-3214847,Reactome_2022,-1.712078059678992,Downregulated,0.1117781043494093,28/80,18.72%
Golgi Cisterna Membrane (GO:0032580),GO_Cellular_Component_2025,-1.713002046734388,Downregulated,0.1116719075624172,21/26,28.18%
Ubiquitin-Like Protein Peptidase Activity (GO:0019783),GO_Molecular_Function_2025,-1.7173889201300918,Downregulated,0.1082006647834803,13/31,16.47%
Negative Regulation of Platelet Activation (GO:0010544),GO_Biological_Process_2025,-1.7176783998304228,Downregulated,0.1086959726260993,5/15,5.30%
Negative Regulation of Protein Localization (GO:1903828),GO_Biological_Process_2025,-1.7186566423892722,Downregulated,0.1085077643947722,20/42,27.62%
Positive Regulation of Monocyte Chemotaxis (GO:0090026),GO_Biological_Process_2025,-1.7191119957276078,Downregulated,0.1088446675270926,8/15,10.83%
"Formation Of Ternary Complex, And Subsequently, 43S Complex R-HSA-72695",Reactome_2022,-1.7198548822689437,Downregulated,0.1088235760517744,28/40,40.31%
Signaling By TGFB Family Members R-HSA-9006936,Reactome_2022,-1.7212347862404105,Downregulated,0.1082753784775754,22/114,11.47%
Antiviral Mechanism By IFN-stimulated Genes R-HSA-1169410,Reactome_2022,-1.7217815181529237,Downregulated,0.1086264390393039,36/75,28.52%
G1/S DNA Damage Checkpoints R-HSA-69615,Reactome_2022,-1.7218276215982014,Downregulated,0.1093618671827215,36/64,32.08%
Regulation of Transmembrane Receptor Protein Serine/Threonine Kinase Signaling Pathway (GO:0090092),GO_Biological_Process_2025,-1.7267866784503552,Downregulated,0.1055060871223088,6/25,1.70%
Positive Regulation of Homotypic Cell-Cell Adhesion (GO:0034112),GO_Biological_Process_2025,-1.727182751276832,Downregulated,0.1059232500605184,7/17,15.66%
Positive Regulation of Interferon-Beta Production (GO:0032728),GO_Biological_Process_2025,-1.727237934486956,Downregulated,0.1066814320785679,17/35,18.94%
p53-Dependent G1 DNA Damage Response R-HSA-69563,Reactome_2022,-1.7279917894864751,Downregulated,0.1068739052572113,35/62,32.08%
tRNA Aminoacylation for Protein Translation (GO:0006418),GO_Biological_Process_2025,-1.7284563925895546,Downregulated,0.1073375943952207,17/36,24.09%
Downregulation Of SMAD2/3:SMAD4 Transcriptional Activity R-HSA-2173795,Reactome_2022,-1.7311254690424307,Downregulated,0.1055823915174215,8/29,11.47%
APC/C:Cdc20 Mediated Degradation Of Securin R-HSA-174154,Reactome_2022,-1.7328914776466895,Downregulated,0.1046539684853579,36/64,32.20%
Regulation of Receptor Internalization (GO:0002090),GO_Biological_Process_2025,-1.738041123421329,Downregulated,0.1006733108140457,11/35,14.63%
RNA Processing (GO:0006396),GO_Biological_Process_2025,-1.73952293477954,Downregulated,0.1001719509761348,117/269,28.22%
RNA Stabilization (GO:0043489),GO_Biological_Process_2025,-1.741401217788862,Downregulated,0.0994397150392666,11/35,15.88%
Regulation of Type I Interferon Production (GO:0032479),GO_Biological_Process_2025,-1.742952834539942,Downregulated,0.0987334142595485,24/64,24.79%
Autodegradation Of Cdh1 By Cdh1:APC/C R-HSA-174084,Reactome_2022,-1.744002630503788,Downregulated,0.098705091421264,35/61,32.20%
SARS CoV 2 Nsp1 Inhibits Translation Initiation In Host Cell WP5027,WikiPathways_2024_Human,-1.7504026326199855,Downregulated,0.0943368034269787,8/15,20.26%
"mRNA Activation Upon Binding Of Cap-Binding Complex And eIFs, Subsequent Binding To 43S R-HSA-72662",Reactome_2022,-1.751014117069162,Downregulated,0.0944932112763848,31/47,40.31%
Cadherin Binding (GO:0045296),GO_Molecular_Function_2025,-1.7555216280569603,Downregulated,0.0914896756680702,109/296,23.30%
Regulation of Multicellular Organismal Development (GO:2000026),GO_Biological_Process_2025,-1.7562897497154475,Downregulated,0.091508304644071,30/57,29.52%
Intracellular Zinc Ion Homeostasis (GO:0006882),GO_Biological_Process_2025,-1.7562946343558703,Downregulated,0.0922547405567662,10/16,27.63%
SAGA Complex (GO:0000124),GO_Cellular_Component_2025,-1.7633264963810729,Downregulated,0.0873235588566629,9/22,16.96%
Vasodilation (GO:0042311),GO_Biological_Process_2025,-1.766213254279926,Downregulated,0.0857182370431941,8/19,13.28%
Adherens Junction (GO:0005912),GO_Cellular_Component_2025,-1.7694614023606607,Downregulated,0.0840554633547187,47/136,19.20%
Adenylyltransferase Activity (GO:0070566),GO_Molecular_Function_2025,-1.7708906974346383,Downregulated,0.0836351627740754,11/24,17.18%
Histone Acetyltransferase Activity (GO:0004402),GO_Molecular_Function_2025,-1.775559252772419,Downregulated,0.0806644200836735,19/29,34.36%
Translation Initiation Complex Formation R-HSA-72649,Reactome_2022,-1.7771577400284104,Downregulated,0.0801866346086977,31/46,40.31%
Regulation of Hippo Signaling (GO:0035330),GO_Biological_Process_2025,-1.7838402060938978,Downregulated,0.0759335294405764,15/36,25.36%
Regulation of Systemic Arterial Blood Pressure (GO:0003073),GO_Biological_Process_2025,-1.7852339014102598,Downregulated,0.0757001793304631,6/17,6.99%
Pore Complex Assembly (GO:0046931),GO_Biological_Process_2025,-1.785635083317666,Downregulated,0.0761424103729242,10/19,24.48%
Actin Cytoskeleton (GO:0015629),GO_Cellular_Component_2025,-1.7871589795751743,Downregulated,0.075317316337361,117/326,23.07%
Cell-extracellular Matrix Interactions R-HSA-446353,Reactome_2022,-1.7879524085419367,Downregulated,0.075407239609182,5/15,3.35%
Regulation of Steroid Metabolic Process (GO:0019218),GO_Biological_Process_2025,-1.7951431635969364,Downregulated,0.0710461508599161,12/18,25.82%
SMAD Protein Signal Transduction (GO:0060395),GO_Biological_Process_2025,-1.7991082821191748,Downregulated,0.0690495062464424,4/17,5.76%
Dectin-1 Mediated Noncanonical NF-kB Signaling R-HSA-5607761,Reactome_2022,-1.7999324402296215,Downregulated,0.0690500209397653,34/59,32.08%
Formation Of A Pool Of Free 40S Subunits R-HSA-72689,Reactome_2022,-1.8017024586180843,Downregulated,0.0683884322002374,51/72,40.31%
Cellular Response To Hypoxia R-HSA-1234174,Reactome_2022,-1.8043462270945183,Downregulated,0.0673630385757057,38/68,32.08%
Regulation Of RUNX2 Expression And Activity R-HSA-8939902,Reactome_2022,-1.8051088501339645,Downregulated,0.0676447418826425,38/66,32.80%
Ribosomal Scanning And Start Codon Recognition R-HSA-72702,Reactome_2022,-1.807136019470949,Downregulated,0.0668924944895666,32/47,40.31%
Acetylcholine Neurotransmitter Release Cycle R-HSA-264642,Reactome_2022,-1.8074799926124845,Downregulated,0.0672800693200254,8/16,14.68%
Regulation Of PTEN Stability And Activity R-HSA-8948751,Reactome_2022,-1.8077942580530335,Downregulated,0.0677695414111227,40/64,32.54%
Interleukin-6 Family Signaling R-HSA-6783589,Reactome_2022,-1.813831233034286,Downregulated,0.0642005104528654,5/23,5.37%
Antiporter Activity (GO:0015297),GO_Molecular_Function_2025,-1.8161041786149223,Downregulated,0.0633590475101131,14/43,10.92%
Maturation of 5.8S rRNA Frm Tricistronic rRNA Trnscpt (GO:0000466),GO_Biological_Process_2025,-1.8166163910979791,Downregulated,0.0636292792658659,15/19,31.96%
Degradation Of GLI1 By Proteasome R-HSA-5610780,Reactome_2022,-1.8179174251340016,Downregulated,0.0634881239127664,33/56,32.08%
Cytosolic Large Ribosomal Subunit (GO:0022625),GO_Cellular_Component_2025,-1.8182082764765373,Downregulated,0.0639264161853678,27/34,39.21%
Regulation of Vasoconstriction (GO:0019229),GO_Biological_Process_2025,-1.8254933315185145,Downregulated,0.0601541308944668,12/23,22.22%
AUF1 (hnRNP D0) Binds And Destabilizes mRNA R-HSA-450408,Reactome_2022,-1.8281114492253645,Downregulated,0.0592754822342636,33/50,32.08%
tRNA Aminoacylation R-HSA-379724,Reactome_2022,-1.836721313680936,Downregulated,0.054617395891731,20/42,24.09%
Positive Regulation of mRNA Processing (GO:0050685),GO_Biological_Process_2025,-1.8423441549115336,Downregulated,0.0522888851840772,11/20,23.84%
tRNA Aminoacylation (GO:0043039),GO_Biological_Process_2025,-1.8436895111117304,Downregulated,0.0522098843575581,9/22,12.78%
Downstream Signaling Events Of B Cell Receptor (BCR) R-HSA-1168372,Reactome_2022,-1.8450160531064888,Downregulated,0.0519308680891253,44/77,31.28%
Cornified Envelope (GO:0001533),GO_Cellular_Component_2025,-1.8460253385966228,Downregulated,0.0521133859750886,5/18,11.23%
Ribosome biogenesis in eukaryotes,KEGG_2021_Human,-1.846169277926195,Downregulated,0.0526379949516267,28/71,19.50%
SCF-beta-TrCP Mediated Degradation Of Emi1 R-HSA-174113,Reactome_2022,-1.8466667367502692,Downregulated,0.0529695674894738,32/52,32.08%
Regulation of Interferon-Beta Production (GO:0032648),GO_Biological_Process_2025,-1.8503187363495492,Downregulated,0.0514276876179604,25/49,21.40%
aminoacyl-tRNA Ligase Activity (GO:0004812),GO_Molecular_Function_2025,-1.850911150774789,Downregulated,0.0517248333243503,19/38,24.09%
"Regulation of mRNA Splicing, via Spliceosome (GO:0048024)",GO_Biological_Process_2025,-1.8513084527554104,Downregulated,0.0521281838625069,33/86,25.62%
snRNA Metabolic Process (GO:0016073),GO_Biological_Process_2025,-1.851405018805285,Downregulated,0.0527562342704889,16/22,30.62%
Actomyosin Structure Organization (GO:0031032),GO_Biological_Process_2025,-1.854107201163755,Downregulated,0.0519344142005853,14/81,4.68%
NIK To Noncanonical NF-kB Signaling R-HSA-5676590,Reactome_2022,-1.8554055011634352,Downregulated,0.0519587713298055,33/56,32.08%
L13a-mediated Translational Silencing Of Ceruloplasmin Expression R-HSA-156827,Reactome_2022,-1.861218539964086,Downregulated,0.0497533138723568,55/81,39.21%
Transmembrane Receptor Protein Serine/Threonine Kinase Binding (GO:0070696),GO_Molecular_Function_2025,-1.8622521812732933,Downregulated,0.0497506787728455,4/15,2.22%
RAF-independent MAPK1/3 Activation R-HSA-112409,Reactome_2022,-1.86421506138404,Downregulated,0.0491531965027069,6/23,5.37%
Regulation of RNA Splicing (GO:0043484),GO_Biological_Process_2025,-1.867756846794424,Downregulated,0.0477214077057964,31/98,17.62%
mRNA Modification (GO:0016556),GO_Biological_Process_2025,-1.868428004334141,Downregulated,0.0479736706888897,11/15,26.74%
Transforming Growth Factor Beta Receptor Binding (GO:0005160),GO_Molecular_Function_2025,-1.8690398021401415,Downregulated,0.0483278254215011,4/19,0.22%
Degradation Of GLI2 By Proteasome R-HSA-5610783,Reactome_2022,-1.8724842182485024,Downregulated,0.0470197389627449,33/56,32.08%
Negative Regulation of Viral Genome Replication (GO:0045071),GO_Biological_Process_2025,-1.87266047350129,Downregulated,0.0475823683178547,18/35,21.37%
tRNA Modification In Nucleus And Cytosol R-HSA-6782315,Reactome_2022,-1.87510520089642,Downregulated,0.0467893288458904,22/42,22.54%
Asymmetric Localization Of PCP Proteins R-HSA-4608870,Reactome_2022,-1.8774656579070508,Downregulated,0.0465603526603233,35/60,32.08%
Positive Regulation of Pattern Recognition Receptor Signaling Pathway (GO:0062208),GO_Biological_Process_2025,-1.8784854177564847,Downregulated,0.0466307209514976,20/44,20.64%
Large Ribosomal Subunit (GO:0015934),GO_Cellular_Component_2025,-1.8796660498384368,Downregulated,0.0468927687770162,28/35,39.21%
Negative Regulation of miRNA Metabolic Process (GO:2000629),GO_Biological_Process_2025,-1.8814860493006864,Downregulated,0.0465677442875475,7/25,4.37%
Negative Regulation of BMP Signaling Pathway (GO:0030514),GO_Biological_Process_2025,-1.8821913106764847,Downregulated,0.0468721837160956,7/39,6.00%
"Positive Regulation of mRNA Splicing, via Spliceosome (GO:0048026)",GO_Biological_Process_2025,-1.8823587393390515,Downregulated,0.0474922501960406,11/17,23.84%
Signaling By Hippo R-HSA-2028269,Reactome_2022,-1.8838170702238408,Downregulated,0.0474359610307228,9/20,12.11%
Oxygen-dependent Proline Hydroxylation Of Hypoxia-inducible Factor Alpha R-HSA-1234176,Reactome_2022,-1.8849719310158184,Downregulated,0.0476938894935996,35/60,32.08%
Cul2-RING Ubiquitin Ligase Complex (GO:0031462),GO_Cellular_Component_2025,-1.8896238617554124,Downregulated,0.0459962893739262,26/41,22.20%
Photoperiodism (GO:0009648),GO_Biological_Process_2025,-1.896160606932881,Downregulated,0.0437258941114479,13/18,26.65%
Heart Morphogenesis (GO:0003007),GO_Biological_Process_2025,-1.9003328789439324,Downregulated,0.0426486227504706,12/54,8.46%
Ubiquitin Mediated Degradation Of Phosphorylated Cdc25A R-HSA-69601,Reactome_2022,-1.900824061445906,Downregulated,0.0432206512220513,32/49,32.08%
GTP Hydrolysis And Joining Of 60S Ribosomal Subunit R-HSA-72706,Reactome_2022,-1.90135760095924,Downregulated,0.0437717464483316,57/83,39.21%
Regulation of Cell-Cell Adhesion Mediated by Cadherin (GO:2000047),GO_Biological_Process_2025,-1.9039662710981096,Downregulated,0.0432753435994282,5/18,2.79%
Cross-presentation Of Soluble Exogenous Antigens (Endosomes) R-HSA-1236978,Reactome_2022,-1.9163064120114612,Downregulated,0.0387337173675168,30/46,32.08%
Other Semaphorin Interactions R-HSA-416700,Reactome_2022,-1.9164032425172297,Downregulated,0.0394253908919367,6/19,4.83%
Homotypic Cell-Cell Adhesion (GO:0034109),GO_Biological_Process_2025,-1.9168851159159348,Downregulated,0.0399475610377625,17/37,12.08%
Cell Surface Receptor Protein Serine/Threonine Kinase Signaling Pathway (GO:0007178),GO_Biological_Process_2025,-1.9204483264407548,Downregulated,0.0391673383653452,5/23,5.76%
FBXL7 Down-Regulates AURKA During Mitotic Entry And In Early Mitosis R-HSA-8854050,Reactome_2022,-1.9218005861163097,Downregulated,0.039390120942375,32/52,32.08%
TGF-beta Receptor Signaling In EMT (Epithelial To Mesenchymal Transition) R-HSA-2173791,Reactome_2022,-1.923131782840782,Downregulated,0.0395299675256023,5/16,4.46%
Cytoplasmic Translation (GO:0002181),GO_Biological_Process_2025,-1.9232504607244192,Downregulated,0.0402584155473613,56/79,39.18%
Oncogenic MAPK Signaling R-HSA-6802957,Reactome_2022,-1.9289363114018412,Downregulated,0.0384465536008266,38/75,29.35%
Cortical Cytoskeleton (GO:0030863),GO_Cellular_Component_2025,-1.9319689600433951,Downregulated,0.0381872782469313,19/59,9.91%
GSK3B And BTRC:CUL1-mediated-degradation Of NFE2L2 R-HSA-9762114,Reactome_2022,-1.9324256109742115,Downregulated,0.0388341516427491,31/50,32.08%
Maturation of LSU-rRNA (GO:0000470),GO_Biological_Process_2025,-1.9339499237517703,Downregulated,0.0390276659287935,14/22,21.48%
Stabilization Of P53 R-HSA-69541,Reactome_2022,-1.9346951607329457,Downregulated,0.0396433536039517,33/53,32.08%
Ribosome Assembly (GO:0042255),GO_Biological_Process_2025,-1.943099333492915,Downregulated,0.0371406819369921,22/38,33.41%
Maturation of SSU-rRNA Frm Tricistronic rRNA Trnscpt (GO:0000462),GO_Biological_Process_2025,-1.9448576328029128,Downregulated,0.0372548315579567,19/27,30.94%
Transcriptional Regulation By RUNX3 R-HSA-8878159,Reactome_2022,-1.9506430662597471,Downregulated,0.035769768741271,50/93,32.08%
Entrainment of Circadian Clock by Photoperiod (GO:0043153),GO_Biological_Process_2025,-1.9525707736299236,Downregulated,0.0354318706938311,13/17,26.65%
Regulation of BMP Signaling Pathway (GO:0030510),GO_Biological_Process_2025,-1.95263596634081,Downregulated,0.0362670490227551,13/67,6.00%
Maturation of SSU-rRNA (GO:0030490),GO_Biological_Process_2025,-1.9574289485684544,Downregulated,0.0347351288720339,19/36,24.39%
Regulation of Viral Genome Replication (GO:0045069),GO_Biological_Process_2025,-1.958611476550343,Downregulated,0.0352902565024089,23/50,21.87%
Cap-dependent Translation Initiation R-HSA-72737,Reactome_2022,-1.962082781997812,Downregulated,0.034747650547907,62/89,39.21%
Positive Regulation of RNA Splicing (GO:0033120),GO_Biological_Process_2025,-1.96791077608338,Downregulated,0.0335005593156787,19/30,24.42%
Interferon Alpha/Beta Signaling R-HSA-909733,Reactome_2022,-1.9684446696353024,Downregulated,0.0343650437851172,30/49,27.23%
Negative Regulation Of NOTCH4 Signaling R-HSA-9604323,Reactome_2022,-1.9734149547806328,Downregulated,0.0333076578224982,34/51,32.08%
Vpu Mediated Degradation Of CD4 R-HSA-180534,Reactome_2022,-1.9737929134659131,Downregulated,0.0341123596396384,31/49,32.08%
Megakaryocyte Differentiation (GO:0030219),GO_Biological_Process_2025,-1.9827412448288837,Downregulated,0.0316855316298441,10/18,14.86%
UCH Proteinases R-HSA-5689603,Reactome_2022,-1.993754023498433,Downregulated,0.0280289888372362,42/83,28.52%
GLI3 Is Processed To GLI3R By Proteasome R-HSA-5610785,Reactome_2022,-2.00295769737041,Downregulated,0.0257865737980631,34/56,32.08%
Regulation of DNA Biosynthetic Process (GO:2000278),GO_Biological_Process_2025,-2.012876255906852,Downregulated,0.0243066598157041,17/28,19.85%
Cytosolic tRNA Aminoacylation R-HSA-379716,Reactome_2022,-2.03022951579816,Downregulated,0.0193200823083703,15/24,24.09%
tRNA Modification (GO:0006400),GO_Biological_Process_2025,-2.0346610899041866,Downregulated,0.0190754315845685,36/70,23.62%
rRNA Metabolic Process (GO:0016072),GO_Biological_Process_2025,-2.0392573036420933,Downregulated,0.0187245430880446,43/92,20.43%
Regulation Of RAS By GAPs R-HSA-5658442,Reactome_2022,-2.066001037476577,Downregulated,0.0134511695052396,42/63,32.44%
Platelet Aggregation (GO:0070527),GO_Biological_Process_2025,-2.066473407116748,Downregulated,0.0138940515488135,16/31,12.08%
Regulation Of Apoptosis R-HSA-169911,Reactome_2022,-2.0705812224689764,Downregulated,0.0136799308913832,33/50,32.08%
Autodegradation Of E3 Ubiquitin Ligase COP1 R-HSA-349425,Reactome_2022,-2.0819922124444674,Downregulated,0.0119990320105894,31/49,32.08%
Vif-mediated Degradation Of APOBEC3G R-HSA-180585,Reactome_2022,-2.0898277086517534,Downregulated,0.0113548833485789,32/50,32.08%
Regulation Of Activated PAK-2p34 By Proteasome Mediated Degradation R-HSA-211733,Reactome_2022,-2.098671312587732,Downregulated,0.0101962217823974,31/47,32.08%
Ubiquitin-dependent Degradation Of Cyclin D R-HSA-75815,Reactome_2022,-2.1058208187372376,Downregulated,0.0099328193863521,31/49,32.08%
Translation Factors WP107,WikiPathways_2024_Human,-2.1078820246820764,Downregulated,0.0099547323191301,36/48,37.62%
Cardiac Muscle Tissue Morphogenesis (GO:0055008),GO_Biological_Process_2025,-2.141156909811565,Downregulated,0.0063443157757139,6/27,4.63%
rRNA Processing (GO:0006364),GO_Biological_Process_2025,-2.149442476429275,Downregulated,0.0058778219686761,48/103,20.43%
Ribosomal Small Subunit Biogenesis (GO:0042274),GO_Biological_Process_2025,-2.169682496555758,Downregulated,0.0043864995793022,41/75,29.81%
Proteasome,KEGG_2021_Human,-2.1890680396079207,Downregulated,0.0032514618350534,32/44,33.31%
Negative Regulation of Activin Receptor Signaling Pathway (GO:0032926),GO_Biological_Process_2025,-2.1926699180285785,Downregulated,0.0033987405941324,5/15,0.73%
Small-Subunit Processome (GO:0032040),GO_Cellular_Component_2025,-2.1998767797249346,Downregulated,0.0032941639604668,41/63,33.22%
Degradation Of DVL R-HSA-4641258,Reactome_2022,-2.2032554526911974,Downregulated,0.0032712878218525,34/53,32.08%
Regulation of Activin Receptor Signaling Pathway (GO:0032925),GO_Biological_Process_2025,-2.2201356679305877,Downregulated,0.0025954019082466,6/17,2.44%
Regulation Of RUNX3 Expression And Activity R-HSA-8941858,Reactome_2022,-2.2375006430632864,Downregulated,0.0023791184158927,34/52,32.08%
Degradation Of AXIN R-HSA-4641257,Reactome_2022,-2.237968606330942,Downregulated,0.0026434649065474,35/52,32.08%
rRNA Processing R-HSA-72312,Reactome_2022,-2.284296253115577,Downregulated,0.0017843388119195,104/167,33.22%
rRNA Modification In Nucleus And Cytosol R-HSA-6790901,Reactome_2022,-2.2955034551767457,Downregulated,0.0016993702970662,40/57,33.22%
Signaling By BMP R-HSA-201451,Reactome_2022,-2.302152049972812,Downregulated,0.0017843388119195,5/23,0.69%
Ribosomal Large Subunit Biogenesis (GO:0042273),GO_Biological_Process_2025,-2.375568803736466,Downregulated,0.0007137355247678,25/39,20.28%
rRNA Processing In Nucleus And Cytosol R-HSA-8868773,Reactome_2022,-2.4111331261766,Downregulated,0.0002973898019865,99/158,32.28%
Major Pathway Of rRNA Processing In Nucleolus And Cytosol R-HSA-6791226,Reactome_2022,-2.428911073317241,Downregulated,0.0,93/148,32.28%
Ribonucleoprotein Complex Biogenesis (GO:0022613),GO_Biological_Process_2025,-2.4309072720869698,Downregulated,0.0,66/103,29.81%
Ribosome Biogenesis (GO:0042254),GO_Biological_Process_2025,-2.438658878350856,Downregulated,0.0,71/142,20.43%
