Pathway,Database,NES,Direction,FDR q-val,Tag %,Gene %
Proton Motive Force-Driven Mitochondrial ATP Synthesis (GO:0042776),GO_Biological_Process_2025,2.4358785756247383,Upregulated,0.0,28/51,17.74%
Mitochondrial ATP Synthesis Coupled Electron Transport (GO:0042775),GO_Biological_Process_2025,2.419595130154987,Upregulated,0.0,29/64,16.12%
Aerobic Electron Transport Chain (GO:0019646),GO_Biological_Process_2025,2.417249609888932,Upregulated,0.0,29/63,16.12%
Cellular Respiration (GO:0045333),GO_Biological_Process_2025,2.3936542770589635,Upregulated,0.0,36/83,16.12%
Oxidative Phosphorylation (GO:0006119),GO_Biological_Process_2025,2.391078522742652,Upregulated,0.0,31/58,17.74%
Electron Transport Chain OXPHOS System In Mitochondria WP111,WikiPathways_2024_Human,2.381008583130497,Upregulated,0.0,39/88,16.67%
"Mitochondrial Electron Transport, NADH to Ubiquinone (GO:0006120)",GO_Biological_Process_2025,2.349837857343935,Upregulated,0.0,20/33,17.74%
Proton Motive Force-Driven ATP Synthesis (GO:0015986),GO_Biological_Process_2025,2.3234675404834704,Upregulated,0.0001007693538231,28/57,17.74%
Myofibril Assembly (GO:0030239),GO_Biological_Process_2025,2.250044036407276,Upregulated,0.0008061548305853,24/47,16.23%
Respiratory Electron Transport R-HSA-611105,Reactome_2022,2.2455383762268326,Upregulated,0.0008061548305853,34/88,16.12%
Oxidative phosphorylation,KEGG_2021_Human,2.2299210609793128,Upregulated,0.0011725888444877,47/113,17.93%
Striated Muscle Contraction Pathway WP383,WikiPathways_2024_Human,2.2194556668301844,Upregulated,0.0011420526766625,17/34,9.53%
Muscle Contraction (GO:0006936),GO_Biological_Process_2025,2.2112827701411257,Upregulated,0.0013022501109455,30/81,13.11%
Complex I Biogenesis R-HSA-6799198,Reactome_2022,2.2019628324140696,Upregulated,0.0014395621974738,24/49,17.74%
Oxidative Phosphorylation WP623,WikiPathways_2024_Human,2.19913891993198,Upregulated,0.0013435913843089,26/50,17.74%
Regulation of Blood Circulation (GO:1903522),GO_Biological_Process_2025,2.1874054270470262,Upregulated,0.0016626943380822,14/31,13.92%
Aerobic Respiration (GO:0009060),GO_Biological_Process_2025,2.1823239662336573,Upregulated,0.001659730533558,35/77,17.74%
"Respiratory Electron Transport, ATP Synthesis By Chemiosmotic Coupling, Heat Production By Uncoupling Proteins R-HSA-163200",Reactome_2022,2.146349573322495,Upregulated,0.0030454738044335,40/108,16.67%
Mitochondrial Complex I Assembly Model OXPHOS System WP4324,WikiPathways_2024_Human,2.136020292840094,Upregulated,0.0035216237336096,24/48,17.74%
Mitochondrial Complex IV Assembly WP4922,WikiPathways_2024_Human,2.1102999901113897,Upregulated,0.0047160057589242,11/30,11.25%
Sarcomere Organization (GO:0045214),GO_Biological_Process_2025,2.058053567204234,Upregulated,0.0102880711712795,15/30,15.63%
Heart Contraction (GO:0060047),GO_Biological_Process_2025,2.0496103691458987,Upregulated,0.0113594544309752,19/38,13.92%
Regulation of Heart Contraction (GO:0008016),GO_Biological_Process_2025,2.04920859227926,Upregulated,0.0109707157379657,26/62,16.54%
Mitochondrial Respiratory Chain Complex Assembly (GO:0033108),GO_Biological_Process_2025,2.045617400172387,Upregulated,0.0111182187051561,27/83,12.56%
Citric Acid (TCA) Cycle And Respiratory Electron Transport R-HSA-1428517,Reactome_2022,2.0289685495310144,Upregulated,0.0139303554725146,50/152,16.67%
miR 509 3P Alteration Of YAP1 ECM Axis WP3967,WikiPathways_2024_Human,2.0071443654626617,Upregulated,0.0191926861589356,13/17,23.22%
Protein processing in endoplasmic reticulum,KEGG_2021_Human,1.9957852865924288,Upregulated,0.0211690286994446,71/159,23.63%
Striated Muscle Contraction (GO:0006941),GO_Biological_Process_2025,1.966288239926435,Upregulated,0.0301156411711523,17/47,13.92%
Retrograde endocannabinoid signaling,KEGG_2021_Human,1.961465959656932,Upregulated,0.0308562711017147,45/121,18.49%
Cardiac Muscle Contraction (GO:0060048),GO_Biological_Process_2025,1.9584439862882976,Upregulated,0.0309026018391047,14/30,13.92%
Protein N-linked Glycosylation via Asparagine (GO:0018279),GO_Biological_Process_2025,1.9579009455322989,Upregulated,0.0300097636934026,15/36,15.64%
Thermogenesis,KEGG_2021_Human,1.9449236243582324,Upregulated,0.0339340798999516,66/206,17.74%
Lung Development (GO:0030324),GO_Biological_Process_2025,1.940620837060751,Upregulated,0.034273794767007,8/33,9.36%
Diabetic cardiomyopathy,KEGG_2021_Human,1.9395904702679392,Upregulated,0.0336688193950348,59/178,16.67%
Cardiac Muscle Cell Development (GO:0055013),GO_Biological_Process_2025,1.936348645686204,Upregulated,0.033927601870063,15/22,22.58%
Focal Adhesion Assembly (GO:0048041),GO_Biological_Process_2025,1.9266645789908756,Upregulated,0.0373518404837874,10/22,9.89%
Dopaminergic Neuron Differentiation (GO:0071542),GO_Biological_Process_2025,1.923849673542685,Upregulated,0.0376278214167806,10/17,29.35%
Protein N-linked Glycosylation (GO:0006487),GO_Biological_Process_2025,1.9163060217945096,Upregulated,0.0403925999324865,20/57,15.64%
Cardiac muscle contraction,KEGG_2021_Human,1.8846631621189092,Upregulated,0.0555213301269801,26/75,11.68%
Positive Regulation of Adenylate Cyclase Activity (GO:0045762),GO_Biological_Process_2025,1.8823836226957809,Upregulated,0.0555843755688592,7/16,8.88%
Non-alcoholic fatty liver disease,KEGG_2021_Human,1.8710726893039624,Upregulated,0.0613464163762503,42/146,16.58%
Water Transport (GO:0006833),GO_Biological_Process_2025,1.868664262390566,Upregulated,0.0615556795639806,9/16,22.00%
cis-Golgi Network (GO:0005801),GO_Cellular_Component_2025,1.8677167534560075,Upregulated,0.0607240813085097,14/57,10.04%
Positive Regulation of Cellular Response to Transforming Growth Factor Beta Stimulus (GO:1903846),GO_Biological_Process_2025,1.8647110208036772,Upregulated,0.060587014156436,7/23,13.75%
Positive Regulation of Transforming Growth Factor Beta Receptor Signaling Pathway (GO:0030511),GO_Biological_Process_2025,1.8647110208036772,Upregulated,0.060587014156436,7/23,13.75%
COPI-coated Vesicle Membrane (GO:0030663),GO_Cellular_Component_2025,1.8593011442648044,Upregulated,0.0625470997904148,8/15,12.83%
Striated Muscle Contraction R-HSA-390522,Reactome_2022,1.8590867680169287,Upregulated,0.0614221371984277,13/29,12.26%
NADH Dehydrogenase Complex Assembly (GO:0010257),GO_Biological_Process_2025,1.8521215398328248,Upregulated,0.0632913802706491,12/33,12.37%
Mitochondrial Respiratory Chain Complex I Assembly (GO:0032981),GO_Biological_Process_2025,1.8521215398328248,Upregulated,0.0632913802706491,12/33,12.37%
Energy Derivation by Oxidation of Organic Compounds (GO:0015980),GO_Biological_Process_2025,1.85131858004614,Upregulated,0.0623318915008585,13/38,11.69%
Response to Unfolded Protein (GO:0006986),GO_Biological_Process_2025,1.8432555058324047,Upregulated,0.0666579396191839,22/40,26.26%
Parkinson disease,KEGG_2021_Human,1.831620095621067,Upregulated,0.0734065985157997,64/221,17.11%
Defective B3GAT3 Causes JDSSDHD R-HSA-3560801,Reactome_2022,1.829483966200375,Upregulated,0.0734817733312789,9/19,11.82%
Ventricular Septum Morphogenesis (GO:0060412),GO_Biological_Process_2025,1.827462419558876,Upregulated,0.0739124549301485,14/28,16.25%
XBP1(S) Activates Chaperone Genes R-HSA-381038,Reactome_2022,1.8251395304999325,Upregulated,0.0741076149716269,17/45,14.15%
Epithelium Development (GO:0060429),GO_Biological_Process_2025,1.822796010366098,Upregulated,0.0747996517807398,64/119,32.97%
Mitochondrial Inner Membrane (GO:0005743),GO_Cellular_Component_2025,1.820345292941436,Upregulated,0.0751421160508757,104/385,17.41%
Respiratory Tube Development (GO:0030323),GO_Biological_Process_2025,1.8167861388281688,Upregulated,0.0765152127995224,5/25,9.36%
Cardiac Muscle Tissue Development (GO:0048738),GO_Biological_Process_2025,1.8078637983862929,Upregulated,0.0825147291848283,22/46,18.51%
Myofibril (GO:0030016),GO_Cellular_Component_2025,1.8006193350080335,Upregulated,0.0870109780478444,11/26,12.07%
Cell-Substrate Junction Assembly (GO:0007044),GO_Biological_Process_2025,1.7975935023484084,Upregulated,0.0881880522048521,11/29,9.89%
Positive Regulation of ERAD Pathway (GO:1904294),GO_Biological_Process_2025,1.7934862429394631,Upregulated,0.0902373310364881,9/15,27.85%
Fluid Transport (GO:0042044),GO_Biological_Process_2025,1.7804282161769298,Upregulated,0.1012684020516252,9/17,22.00%
Vesicle Coat (GO:0030120),GO_Cellular_Component_2025,1.7780047250010147,Upregulated,0.1022179132843756,12/37,13.55%
Response to Endoplasmic Reticulum Stress (GO:0034976),GO_Biological_Process_2025,1.7721173609226193,Upregulated,0.1067473019515081,71/187,22.45%
Actomyosin Structure Organization (GO:0031032),GO_Biological_Process_2025,1.769747640310988,Upregulated,0.1075239541461023,25/81,15.63%
Carboxyterminal Post-Translational Modifications Of Tubulin R-HSA-8955332,Reactome_2022,1.767269365917001,Upregulated,0.1086985483508652,17/35,27.16%
Endoplasmic Reticulum Lumen (GO:0005788),GO_Cellular_Component_2025,1.7589693563831832,Upregulated,0.1157187838432869,84/252,20.96%
Tail-Anchored Membrane Protein Insertion Into ER Membrane (GO:0071816),GO_Biological_Process_2025,1.7576501384954522,Upregulated,0.1153736080004382,5/15,8.94%
Striated Muscle Cell Development (GO:0055002),GO_Biological_Process_2025,1.753185010966593,Upregulated,0.1185968920766834,11/25,12.07%
Positive Regulation of Epithelial to Mesenchymal Transition (GO:0010718),GO_Biological_Process_2025,1.752638362048202,Upregulated,0.1175055822778548,16/46,12.57%
Cardiac Muscle Cell Action Potential Involved in Contraction (GO:0086002),GO_Biological_Process_2025,1.7499739751079717,Upregulated,0.1188070681575145,12/32,16.08%
Cardiomyocyte Signaling Converging On Titin WP5344,WikiPathways_2024_Human,1.7490703270332015,Upregulated,0.1183059821926131,11/30,17.99%
Smooth Muscle Contraction R-HSA-445355,Reactome_2022,1.744977087571453,Upregulated,0.121348089971488,25/41,29.17%
Nonalcoholic Fatty Liver Disease WP4396,WikiPathways_2024_Human,1.7437860355951007,Upregulated,0.121148947940365,41/145,16.58%
Mammary Gland Development (GO:0030879),GO_Biological_Process_2025,1.7418844482681437,Upregulated,0.1216551283155694,11/17,27.41%
ERAD Pathway (GO:0036503),GO_Biological_Process_2025,1.7331408734324285,Upregulated,0.1300421967623444,37/88,22.29%
Positive Regulation of Cell Junction Assembly (GO:1901890),GO_Biological_Process_2025,1.731587956083524,Upregulated,0.1302456817312367,26/55,25.04%
GAG Synthesis Requires Tetrasaccharide Linker Sequence R-HSA-1971475,Reactome_2022,1.7314458510055233,Upregulated,0.1287704785716002,8/23,6.81%
Muscle Organ Development (GO:0007517),GO_Biological_Process_2025,1.7299731123945674,Upregulated,0.1289142343459783,21/50,16.65%
Aorta Morphogenesis (GO:0035909),GO_Biological_Process_2025,1.7292232911353216,Upregulated,0.1282681908220231,12/17,27.60%
"Defective B4GALT7 Causes EDS, Progeroid Type R-HSA-3560783",Reactome_2022,1.7257539258354475,Upregulated,0.1307347187454129,8/19,11.82%
Diseases Of Glycosylation R-HSA-3781865,Reactome_2022,1.711229202881415,Upregulated,0.1474097814914906,37/124,14.93%
IRE1alpha Activates Chaperones R-HSA-381070,Reactome_2022,1.710231332995298,Upregulated,0.1469984945247103,17/47,14.15%
Defective B3GALT6 Causes EDSP2 And SEMDJL1 R-HSA-4420332,Reactome_2022,1.7048984512481271,Upregulated,0.1519459593036205,8/19,11.82%
Response to Ketone (GO:1901654),GO_Biological_Process_2025,1.69941092515567,Upregulated,0.1574907826588873,8/20,13.75%
Regulation of Release of Sequestered Calcium Ion Into Cytosol by Sarcoplasmic Reticulum (GO:0010880),GO_Biological_Process_2025,1.6985913773726242,Upregulated,0.1568295460650218,11/22,17.08%
Prion disease,KEGG_2021_Human,1.697795072389709,Upregulated,0.1561283724734768,66/241,17.11%
Prefoldin Mediated Transfer Of Substrate To CCT/TriC R-HSA-389957,Reactome_2022,1.6969795349714687,Upregulated,0.155578824383526,6/25,8.07%
Respiratory System Development (GO:0060541),GO_Biological_Process_2025,1.6965867813961633,Upregulated,0.1542353336427664,6/30,9.36%
DNA Mismatch Repair WP531,WikiPathways_2024_Human,1.6910877518826883,Upregulated,0.1599109983175383,12/22,29.91%
Cardiac Muscle Tissue Morphogenesis (GO:0055008),GO_Biological_Process_2025,1.690825745494676,Upregulated,0.1584882871825767,8/27,7.48%
Muscle Tissue Morphogenesis (GO:0060415),GO_Biological_Process_2025,1.6867270951804971,Upregulated,0.1622885025614919,10/16,27.60%
Alpha-Actinin Binding (GO:0051393),GO_Molecular_Function_2025,1.6848920436613328,Upregulated,0.1634178754979114,9/19,17.49%
"Retrograde Protein Transport, ER to Cytosol (GO:0030970)",GO_Biological_Process_2025,1.6767882453934844,Upregulated,0.1726189638291263,11/18,22.29%
Regulation of ERAD Pathway (GO:1904292),GO_Biological_Process_2025,1.6750913124567943,Upregulated,0.1731805319912654,10/21,20.09%
Regulation of Calcium Ion Transmembrane Transporter Activity (GO:1901019),GO_Biological_Process_2025,1.668497085998207,Upregulated,0.1817920697342654,8/15,24.59%
Collagen-Containing Extracellular Matrix (GO:0062023),GO_Cellular_Component_2025,1.6681192719984574,Upregulated,0.1805128734935175,81/321,14.93%
Rough Endoplasmic Reticulum (GO:0005791),GO_Cellular_Component_2025,1.6617774025268564,Upregulated,0.1882575103868939,13/25,23.92%
Cell Junction Organization R-HSA-446728,Reactome_2022,1.6578010543250168,Upregulated,0.1925984505751438,26/75,17.92%
Supramolecular Fiber (GO:0099512),GO_Cellular_Component_2025,1.6575244807517304,Upregulated,0.1910986035037052,13/28,26.40%
Calcium-Dependent Cell-Cell Adhesion via Plasma Membrane Cell Adhesion Molecules (GO:0016339),GO_Biological_Process_2025,1.656705440421016,Upregulated,0.1905291617737334,10/32,13.26%
Formation Of Tubulin Folding Intermediates By CCT/TriC R-HSA-389960,Reactome_2022,1.653268193558904,Upregulated,0.1938215361613144,5/21,8.07%
Ventricular Septum Development (GO:0003281),GO_Biological_Process_2025,1.6499694147192234,Upregulated,0.1975699454034535,14/37,12.13%
Sarcolemma (GO:0042383),GO_Cellular_Component_2025,1.6498348693099951,Upregulated,0.1958802685021314,22/48,23.34%
Deposition Of New CENPA-containing Nucleosomes At Centromere R-HSA-606279,Reactome_2022,1.6496162889524562,Upregulated,0.1942985246395687,14/32,20.65%
Cell-extracellular Matrix Interactions R-HSA-446353,Reactome_2022,1.6432957784496025,Upregulated,0.2032112905658674,8/15,16.30%
PCNA-Dependent Long Patch Base Excision Repair R-HSA-5651801,Reactome_2022,1.6389483655359531,Upregulated,0.2084805964652645,6/20,7.09%
Negative Regulation of Response to Endoplasmic Reticulum Stress (GO:1903573),GO_Biological_Process_2025,1.637086467105055,Upregulated,0.2096372355315733,14/29,22.29%
Cooperation Of Prefoldin And TriC/CCT In Actin And Tubulin Folding R-HSA-389958,Reactome_2022,1.6347311531679396,Upregulated,0.2115716709469837,6/27,8.07%
Platelet Alpha Granule Lumen (GO:0031093),GO_Cellular_Component_2025,1.6335148826339054,Upregulated,0.2118516793529224,14/60,8.52%
Regulation of Cardiac Muscle Contraction by Calcium Ion Signaling (GO:0010882),GO_Biological_Process_2025,1.629666552777291,Upregulated,0.2161430661397071,11/20,17.08%
Transport Vesicle Membrane (GO:0030658),GO_Cellular_Component_2025,1.6265598786402329,Upregulated,0.2195380761203778,18/47,18.38%
Sarcoplasmic Reticulum (GO:0016529),GO_Cellular_Component_2025,1.6228941400397778,Upregulated,0.2238847538274727,17/43,17.08%
Core Mediator Complex (GO:0070847),GO_Cellular_Component_2025,1.6222501559430254,Upregulated,0.2231226269800071,14/24,28.20%
Burn Wound Healing WP5055,WikiPathways_2024_Human,1.621801082434615,Upregulated,0.2219566636140915,18/63,16.04%
Antibacterial Humoral Response (GO:0019731),GO_Biological_Process_2025,1.6186050935233602,Upregulated,0.2258267057473038,8/27,14.31%
Post-translational Protein Phosphorylation R-HSA-8957275,Reactome_2022,1.6171733004945632,Upregulated,0.2263040573147408,26/91,14.29%
Dolichol-Linked Oligosaccharide Biosynthetic Process (GO:0006488),GO_Biological_Process_2025,1.6140908645932597,Upregulated,0.2299099381546664,9/20,14.93%
HS-GAG Biosynthesis R-HSA-2022928,Reactome_2022,1.6118309558465642,Upregulated,0.2316485905686977,12/26,22.37%
Epithelial Cell Morphogenesis (GO:0003382),GO_Biological_Process_2025,1.6112427679203614,Upregulated,0.2309067282514607,8/17,17.25%
Regulation Of IGF Transport And Uptake By IGFBPs R-HSA-381426,Reactome_2022,1.6112413253163151,Upregulated,0.2290140501510388,28/102,14.29%
Adherens Junctions Interactions R-HSA-418990,Reactome_2022,1.6065205269007918,Upregulated,0.2359674176062116,7/25,9.18%
Positive Regulation of Substrate Adhesion-Dependent Cell Spreading (GO:1900026),GO_Biological_Process_2025,1.6019800675931686,Upregulated,0.2426916114979901,16/29,23.30%
Antigen Processing and Presentation of Endogenous Peptide Antigen (GO:0002483),GO_Biological_Process_2025,1.6005422362282955,Upregulated,0.2433620202571026,6/17,6.07%
Diseases Associated With Glycosaminoglycan Metabolism R-HSA-3560782,Reactome_2022,1.597321858098339,Upregulated,0.2477902415376164,12/36,14.80%
Dilated cardiomyopathy,KEGG_2021_Human,1.5967793926960625,Upregulated,0.2468103316757419,27/88,13.40%
Establishment of Protein Localization to Extracellular Region (GO:0035592),GO_Biological_Process_2025,1.596713797348475,Upregulated,0.2450143857364181,15/37,22.04%
Endoplasmic Reticulum to Cytosol Transport (GO:1903513),GO_Biological_Process_2025,1.5953116335621231,Upregulated,0.2458084814437504,10/16,22.29%
Dendrite Morphogenesis (GO:0048813),GO_Biological_Process_2025,1.5888243581612185,Upregulated,0.2558859456097962,16/33,28.84%
Activation Of ATR In Response To Replication Stress R-HSA-176187,Reactome_2022,1.588213561642222,Upregulated,0.2550526191483973,15/35,22.21%
Endothelial Cell Migration (GO:0043542),GO_Biological_Process_2025,1.587666013393218,Upregulated,0.2542441333126344,16/38,23.90%
Coated Vesicle Membrane (GO:0030662),GO_Cellular_Component_2025,1.5858602217184696,Upregulated,0.2561026609164799,16/44,18.38%
Positive Regulation of Synapse Assembly (GO:0051965),GO_Biological_Process_2025,1.5836176267151856,Upregulated,0.2583726232026017,11/30,17.60%
Muscle Contraction R-HSA-397014,Reactome_2022,1.5826946201369292,Upregulated,0.2583218653058612,61/172,21.13%
Post-chaperonin Tubulin Folding Pathway R-HSA-389977,Reactome_2022,1.5819076103069427,Upregulated,0.2580347494868417,9/18,19.48%
Negative Regulation of Cation Channel Activity (GO:2001258),GO_Biological_Process_2025,1.5803060228709476,Upregulated,0.2595053590047016,9/17,15.99%
Collagen Biosynthesis And Modifying Enzymes R-HSA-1650814,Reactome_2022,1.574229766047117,Upregulated,0.2694251227639602,27/58,29.27%
Protein Targeting to ER (GO:0045047),GO_Biological_Process_2025,1.5729787238374764,Upregulated,0.2701430636966518,12/23,36.03%
Extracellular Vesicles In The Crosstalk Of Cardiac Cells WP4300,WikiPathways_2024_Human,1.5727196411213238,Upregulated,0.2687950535123122,11/18,26.26%
Sarcoplasmic Reticulum Membrane (GO:0033017),GO_Cellular_Component_2025,1.5718017979281915,Upregulated,0.2687411465023643,12/28,17.08%
Development Of Ureteric Derived Collecting System WP5053,WikiPathways_2024_Human,1.5700767192609622,Upregulated,0.2704081741944393,21/56,17.90%
Cell-Cell Junction Organization (GO:0045216),GO_Biological_Process_2025,1.5695695165378332,Upregulated,0.2695375857338904,18/55,17.92%
Glucagon-type Ligand Receptors R-HSA-420092,Reactome_2022,1.5645508092737497,Upregulated,0.2777427323263884,6/22,10.80%
"Retrograde Vesicle-Mediated Transport, Golgi to Endoplasmic Reticulum (GO:0006890)",GO_Biological_Process_2025,1.5614428526045354,Upregulated,0.2821653100818428,15/44,17.72%
Gap Junction Trafficking R-HSA-190828,Reactome_2022,1.560612054446475,Upregulated,0.2818449806328639,8/18,18.00%
"GABA Synthesis, Release, Reuptake And Degradation R-HSA-888590",Reactome_2022,1.5585625991258203,Upregulated,0.2842326443156981,8/17,25.33%
Reg of Cardiac Muscle Contraction by Reg of the Release of Sequestered Calcium Ion (GO:0010881),GO_Biological_Process_2025,1.5581561612317354,Upregulated,0.283112861314214,9/15,17.08%
Anterograde Trans-Synaptic Signaling (GO:0098916),GO_Biological_Process_2025,1.5571218990867537,Upregulated,0.2833282551225674,41/139,19.05%
Chaperone Cofactor-Dependent Protein Refolding (GO:0051085),GO_Biological_Process_2025,1.555756547114413,Upregulated,0.2842286958022422,11/21,21.01%
Embryonic Organ Development (GO:0048568),GO_Biological_Process_2025,1.5532425142646915,Upregulated,0.2874182215853801,25/63,21.36%
N-acyltransferase Activity (GO:0016410),GO_Molecular_Function_2025,1.5498530485703177,Upregulated,0.2924750939964421,8/26,8.15%
Striated Muscle Cell Differentiation (GO:0051146),GO_Biological_Process_2025,1.5496344337765655,Upregulated,0.2909586660114582,9/18,22.20%
Acyl Chain Remodelling Of PE R-HSA-1482839,Reactome_2022,1.5476271925046838,Upregulated,0.2933304281288934,8/22,15.35%
Inwardly Rectifying K+ Channels R-HSA-1296065,Reactome_2022,1.547187417165766,Upregulated,0.2924781735352686,8/26,13.24%
Cardiac Muscle Cell Contraction (GO:0086003),GO_Biological_Process_2025,1.5451564209072246,Upregulated,0.2948821352416109,8/23,16.08%
Striated Muscle Tissue Development (GO:0014706),GO_Biological_Process_2025,1.5446729071818392,Upregulated,0.2940924708393337,11/31,13.90%
Nitric Oxide Biosynthetic Process (GO:0006809),GO_Biological_Process_2025,1.543757480353274,Upregulated,0.294159774985675,9/15,32.12%
Resolution Of AP Sites Via Multiple-Nucleotide Patch Replacement Pathway R-HSA-110373,Reactome_2022,1.5436999363231445,Upregulated,0.2924618181927939,6/24,7.09%
Alzheimer disease,KEGG_2021_Human,1.5435244786240665,Upregulated,0.2910067784382346,82/325,17.74%
COPII-coated Vesicle Cargo Loading (GO:0090110),GO_Biological_Process_2025,1.5392509470950553,Upregulated,0.298392452292374,5/16,12.86%
Elastic Fibre Formation R-HSA-1566948,Reactome_2022,1.5379723263859142,Upregulated,0.2995810685857944,13/36,26.40%
Golgi-associated Vesicle Membrane (GO:0030660),GO_Cellular_Component_2025,1.5332974604967446,Upregulated,0.3078077189640482,6/20,7.43%
Glutathione metabolism,KEGG_2021_Human,1.5328571341399413,Upregulated,0.3069139582759569,13/49,9.69%
Regulation of Postsynaptic Membrane Potential (GO:0060078),GO_Biological_Process_2025,1.531404624634119,Upregulated,0.3062562775976105,8/19,13.48%
"Chemical Synaptic Transmission, Postsynaptic (GO:0099565)",GO_Biological_Process_2025,1.531404624634119,Upregulated,0.3062562775976105,8/19,13.48%
NOTCH4 Intracellular Domain Regulates Transcription R-HSA-9013695,Reactome_2022,1.530930434190942,Upregulated,0.3056050899083639,8/18,19.38%
Skeletal Muscle Tissue Development (GO:0007519),GO_Biological_Process_2025,1.5306531387027111,Upregulated,0.3044290164404476,16/35,27.49%
Cell Junction Organization (GO:0034330),GO_Biological_Process_2025,1.5284444692997183,Upregulated,0.3073978082401216,22/63,16.30%
DNA Strand Elongation R-HSA-69190,Reactome_2022,1.5271837728257012,Upregulated,0.3083115439137442,14/30,22.21%
Molecules Associated With Elastic Fibres R-HSA-2129379,Reactome_2022,1.5257022333198555,Upregulated,0.3096294559250527,11/27,26.40%
Hypertrophic cardiomyopathy,KEGG_2021_Human,1.5255666721998862,Upregulated,0.3081151884177309,24/84,13.40%
Fatty Acid Transport (GO:0015908),GO_Biological_Process_2025,1.525194951764247,Upregulated,0.3071869291436234,9/29,17.54%
Wide Pore Channel Activity (GO:0022829),GO_Molecular_Function_2025,1.525063867589289,Upregulated,0.305750435257577,7/18,12.76%
Ventricular Cardiac Muscle Tissue Morphogenesis (GO:0055010),GO_Biological_Process_2025,1.5244524508060002,Upregulated,0.3054774016034612,12/32,20.84%
Establishment of Protein Localization to Endoplasmic Reticulum (GO:0072599),GO_Biological_Process_2025,1.5235625097934424,Upregulated,0.3057571216253594,4/16,5.16%
Formation Of ATP By Chemiosmotic Coupling R-HSA-163210,Reactome_2022,1.523555350938232,Upregulated,0.3040387893543753,8/15,24.48%
Response to Alcohol (GO:0097305),GO_Biological_Process_2025,1.522946976691154,Upregulated,0.3036486335473301,9/24,17.77%
Prostacyclin Signaling Thru Prostacyclin Receptor R-HSA-392851,Reactome_2022,1.522340639862462,Upregulated,0.3031277272749024,5/16,10.80%
Heart Development (GO:0007507),GO_Biological_Process_2025,1.5168452938534054,Upregulated,0.3136748445807561,37/151,15.18%
Positive Regulation of Cholesterol Efflux (GO:0010875),GO_Biological_Process_2025,1.5162713002512107,Upregulated,0.3132067403117256,5/21,5.50%
Nucleotide-Sugar Biosynthetic Process (GO:0009226),GO_Biological_Process_2025,1.5151150036827985,Upregulated,0.3140681772673274,6/22,12.70%
Negative Regulation of Phosphate Metabolic Process (GO:0045936),GO_Biological_Process_2025,1.5139428760909317,Upregulated,0.3149466309173134,5/18,9.33%
Sealing Of Nuclear Envelope (NE) By ESCRT-III R-HSA-9668328,Reactome_2022,1.5138521471098418,Upregulated,0.3134584095338489,6/23,8.07%
Negative Regulation of Microtubule Polymerization or Depolymerization (GO:0031111),GO_Biological_Process_2025,1.513029931223407,Upregulated,0.313611659472413,12/33,21.04%
Excitatory Synapse (GO:0060076),GO_Cellular_Component_2025,1.5126849866112098,Upregulated,0.312636378465658,6/19,12.17%
ER To Golgi Anterograde Transport R-HSA-199977,Reactome_2022,1.5123296341541788,Upregulated,0.3117103271673992,31/124,14.71%
RHO GTPases Activate CIT R-HSA-5625900,Reactome_2022,1.5113565733652117,Upregulated,0.3122177626050492,6/18,11.78%
Glutathione Conjugation R-HSA-156590,Reactome_2022,1.510987302106077,Upregulated,0.3113762369712194,11/30,17.10%
Regulation of lipolysis in adipocytes,KEGG_2021_Human,1.50907997033414,Upregulated,0.3139845777525074,19/51,22.27%
Metabolic Pathways Of Fibroblasts WP5312,WikiPathways_2024_Human,1.5089532682095763,Upregulated,0.3126867773250492,7/31,5.40%
Collagen Fibril Organization (GO:0030199),GO_Biological_Process_2025,1.5084236138486091,Upregulated,0.3121666632518694,18/44,22.96%
Regulation of Epithelial to Mesenchymal Transition (GO:0010717),GO_Biological_Process_2025,1.5081021101679335,Upregulated,0.3112384191264534,28/86,18.69%
Positive Regulation of Smoothened Signaling Pathway (GO:0045880),GO_Biological_Process_2025,1.5073254304305257,Upregulated,0.3113627592831392,11/21,32.02%
Post-translational Modification: Synthesis Of GPI-anchored Proteins R-HSA-163125,Reactome_2022,1.504458272894296,Upregulated,0.3160871078815077,28/72,30.26%
Endothelial Cell Development (GO:0001885),GO_Biological_Process_2025,1.5032210474293852,Upregulated,0.3173864472293287,7/23,15.45%
TCA Cycle Aka Krebs Or Citric Acid Cycle WP78,WikiPathways_2024_Human,1.50172289752457,Upregulated,0.3192495893812963,6/18,12.39%
Potassium Channel Complex (GO:0034705),GO_Cellular_Component_2025,1.5015576752239523,Upregulated,0.3179792227973966,27/69,17.87%
Collagen Formation R-HSA-1474290,Reactome_2022,1.5010776068361125,Upregulated,0.317402196639156,19/79,13.51%
Ventricular Cardiac Muscle Tissue Development (GO:0003229),GO_Biological_Process_2025,1.4996848940735037,Upregulated,0.3186609122079264,10/22,20.84%
Pulmonary Valve Morphogenesis (GO:0003184),GO_Biological_Process_2025,1.4994806836012624,Upregulated,0.3175528102807211,10/19,22.97%
Intraflagellar Transport Proteins Binding To Dynein WP4532,WikiPathways_2024_Human,1.4988955605644376,Upregulated,0.3172259167008296,14/26,19.97%
L-glutamate Import (GO:0051938),GO_Biological_Process_2025,1.495929024480093,Upregulated,0.3205888077748351,8/15,30.66%
L-glutamate Transmembrane Transport (GO:0015813),GO_Biological_Process_2025,1.495929024480093,Upregulated,0.3205888077748351,8/15,30.66%
Actinin Binding (GO:0042805),GO_Molecular_Function_2025,1.4957297113901422,Upregulated,0.319398543877912,7/18,17.49%
ER to Golgi Transport Vesicle Membrane (GO:0012507),GO_Cellular_Component_2025,1.4956421627291865,Upregulated,0.318051560903701,16/45,18.38%
COPII Vesicle Coat (GO:0030127),GO_Cellular_Component_2025,1.493898301207969,Upregulated,0.3203589196326094,5/15,12.86%
EPH-Ephrin Signaling R-HSA-2682334,Reactome_2022,1.49361924687352,Upregulated,0.3194349758750635,22/83,15.16%
Cell-Cell Adhesion via Plasma-Membrane Adhesion Molecules (GO:0098742),GO_Biological_Process_2025,1.491152633066149,Upregulated,0.3235728058762827,38/138,16.91%
EPH-ephrin Mediated Repulsion Of Cells R-HSA-3928665,Reactome_2022,1.4897568205483964,Upregulated,0.3251452761702275,13/44,17.39%
Neuron Differentiation (GO:0030182),GO_Biological_Process_2025,1.489598693683511,Upregulated,0.3239366988910365,45/129,22.58%
Mitochondrial Translation Initiation R-HSA-5368286,Reactome_2022,1.4894387203515242,Upregulated,0.3227471285185415,32/80,29.83%
Porphyrin-Containing Compound Biosynthetic Process (GO:0006779),GO_Biological_Process_2025,1.4878907652029487,Upregulated,0.3247630690275443,10/21,24.23%
Protein Exit From Endoplasmic Reticulum (GO:0032527),GO_Biological_Process_2025,1.4874374788762603,Upregulated,0.3242964995355151,13/24,24.58%
Mucosal Immune Response (GO:0002385),GO_Biological_Process_2025,1.4856740212358988,Upregulated,0.3264702090429537,4/15,10.26%
Positive Regulation of Response to Endoplasmic Reticulum Stress (GO:1905898),GO_Biological_Process_2025,1.4855878266949984,Upregulated,0.3251528472010439,7/26,11.38%
Genes Controlling Nephrogenesis WP4823,WikiPathways_2024_Human,1.4847810713489165,Upregulated,0.325315051634549,14/38,15.21%
Regulation of Muscle Contraction (GO:0006937),GO_Biological_Process_2025,1.4838258464933085,Upregulated,0.3259934820653703,14/25,24.96%
Substantia Nigra Development (GO:0021762),GO_Biological_Process_2025,1.4837999839406473,Upregulated,0.3245491002201723,18/37,24.83%
NRF2 Pathway WP2884,WikiPathways_2024_Human,1.4832405540770262,Upregulated,0.3242354728614241,44/115,26.15%
Embryonic Limb Morphogenesis (GO:0030326),GO_Biological_Process_2025,1.4831384344736984,Upregulated,0.3230018006274694,13/34,21.36%
Transmitter-Gated Monoatomic Ion Channel Activity (GO:0022824),GO_Molecular_Function_2025,1.482850855255753,Upregulated,0.322175057316946,11/24,22.48%
COPII-coated ER to Golgi Transport Vesicle (GO:0030134),GO_Cellular_Component_2025,1.4806009387794474,Upregulated,0.3253648126330603,24/64,21.98%
Detection of Mechanical Stimulus (GO:0050982),GO_Biological_Process_2025,1.4795148750852467,Upregulated,0.3264207282771894,3/16,3.95%
Peripheral Nervous System Development (GO:0007422),GO_Biological_Process_2025,1.479135581472692,Upregulated,0.3258370337915203,10/19,25.51%
Mitochondrial Translation Elongation R-HSA-5389840,Reactome_2022,1.478926015704452,Upregulated,0.3248268908743049,32/80,29.87%
Metanephros Development (GO:0001656),GO_Biological_Process_2025,1.4788352225137085,Upregulated,0.3236090159798591,8/20,12.64%
Positive Regulation of Heart Contraction (GO:0045823),GO_Biological_Process_2025,1.4758479804784457,Upregulated,0.3286884175703679,6/19,17.66%
Heart Trabecula Morphogenesis (GO:0061384),GO_Biological_Process_2025,1.4734182595870613,Upregulated,0.3329595466656014,8/19,19.80%
Mitochondrial Translation R-HSA-5368287,Reactome_2022,1.4711645478898356,Upregulated,0.3364469660342907,34/86,29.87%
Regulation of Cell Communication (GO:0010646),GO_Biological_Process_2025,1.4698349007516256,Upregulated,0.3379952445758478,12/62,6.00%
Golgi Lumen (GO:0005796),GO_Cellular_Component_2025,1.4680206785815166,Upregulated,0.3406699120283915,18/69,17.55%
Unfolded Protein Response (UPR) R-HSA-381119,Reactome_2022,1.4674632022055367,Upregulated,0.3403495737539914,30/85,23.34%
Mitochondrial Translation Termination R-HSA-5419276,Reactome_2022,1.4667475932207563,Upregulated,0.3405969708161929,32/80,29.83%
Cell-Cell Contact Zone (GO:0044291),GO_Cellular_Component_2025,1.4641982281524992,Upregulated,0.3451028764122779,15/45,17.73%
Base excision repair,KEGG_2021_Human,1.4640102714880987,Upregulated,0.3440470694140888,7/31,9.37%
Non-Canonical NF-kappaB Signal Transduction (GO:0038061),GO_Biological_Process_2025,1.4627036882158837,Upregulated,0.3456839534510398,1/24,0.01%
COPI-mediated Anterograde Transport R-HSA-6807878,Reactome_2022,1.462189113908876,Upregulated,0.3453865368282607,18/75,11.39%
'De Novo' Post-Translational Protein Folding (GO:0051084),GO_Biological_Process_2025,1.461137208292179,Upregulated,0.3463767345305802,12/32,21.01%
RAS Processing R-HSA-9648002,Reactome_2022,1.4595310116221982,Upregulated,0.348557835895876,8/17,28.41%
DNA replication,KEGG_2021_Human,1.4588527824184752,Upregulated,0.3487071222788358,14/34,23.95%
Regulation of Transforming Growth Factor Beta Receptor Signaling Pathway (GO:0017015),GO_Biological_Process_2025,1.4586874812068753,Upregulated,0.3476026368061511,26/117,13.75%
Intercalated Disc (GO:0014704),GO_Cellular_Component_2025,1.4571187687731015,Upregulated,0.3497948937534475,9/30,9.17%
Exercise Induced Circadian Regulation WP410,WikiPathways_2024_Human,1.4570814848631752,Upregulated,0.3484505137807933,16/45,25.43%
Voltage-Gated Potassium Channel Complex (GO:0008076),GO_Cellular_Component_2025,1.4569273364566906,Upregulated,0.3474329894150023,23/65,17.87%
Heart Process (GO:0003015),GO_Biological_Process_2025,1.4564299378865222,Upregulated,0.3470562086713029,7/15,11.20%
Negative Regulation of Calcium Ion Transmembrane Transporter Activity (GO:1901020),GO_Biological_Process_2025,1.4563213372371546,Upregulated,0.345899170446417,8/16,15.99%
Positive Regulation of Protein Secretion (GO:0050714),GO_Biological_Process_2025,1.4553135137847113,Upregulated,0.346818860240491,23/66,20.22%
Cell Junction Assembly (GO:0034329),GO_Biological_Process_2025,1.455150336025141,Upregulated,0.3458080466251038,23/91,15.76%
Copper Ion Binding (GO:0005507),GO_Molecular_Function_2025,1.452933480390849,Upregulated,0.3493971774336538,19/37,24.57%
Phosphatidylcholine Biosynthetic Process (GO:0006656),GO_Biological_Process_2025,1.4526554928268751,Upregulated,0.348580064036208,6/18,19.07%
Generation of Neurons (GO:0048699),GO_Biological_Process_2025,1.4520085014342363,Upregulated,0.3487707311497468,26/147,8.08%
Sema4D Induced Cell Migration And Growth-Cone Collapse R-HSA-416572,Reactome_2022,1.451944992480328,Upregulated,0.347529205167792,5/20,11.78%
Respiratory Chain Complex IV Assembly (GO:0008535),GO_Biological_Process_2025,1.4502332178668205,Upregulated,0.3500870174523048,8/23,11.58%
Regulation of Synapse Assembly (GO:0051963),GO_Biological_Process_2025,1.4475234787109892,Upregulated,0.3551665272239613,17/54,17.60%
Potassium Channels R-HSA-1296071,Reactome_2022,1.4473519115348148,Upregulated,0.3541790863499783,24/75,17.87%
Mitochondrial Long Chain Fatty Acid Beta Oxidation WP368,WikiPathways_2024_Human,1.44695573743648,Upregulated,0.3537294472196409,6/17,12.27%
Negative Regulation of Endothelial Cell Migration (GO:0010596),GO_Biological_Process_2025,1.4453551940732994,Upregulated,0.356073589259743,12/32,15.33%
Protein-protein Interactions At Synapses R-HSA-6794362,Reactome_2022,1.4445888649341918,Upregulated,0.3565725530387106,30/74,25.47%
Odontogenesis (GO:0042476),GO_Biological_Process_2025,1.4443587700058416,Upregulated,0.3557654285238177,9/31,12.57%
Caspase Activation Via Extrinsic Apoptotic Signaling Pathway R-HSA-5357769,Reactome_2022,1.443543081677201,Upregulated,0.3562741043813307,5/23,7.06%
Ephrin Receptor Signaling Pathway (GO:0048013),GO_Biological_Process_2025,1.442610900507397,Upregulated,0.3572527439495121,13/40,15.16%
Ureteric Bud Development (GO:0001657),GO_Biological_Process_2025,1.442532157676621,Upregulated,0.3560721516918104,7/17,15.21%
Nuclear Envelope Organization (GO:0006998),GO_Biological_Process_2025,1.442088595425818,Upregulated,0.3557310870796943,6/19,17.43%
NCAM1 Interactions R-HSA-419037,Reactome_2022,1.440925799500701,Upregulated,0.3571813476359118,12/33,20.38%
Positive Regulation of Nervous System Development (GO:0051962),GO_Biological_Process_2025,1.440493331677292,Upregulated,0.3569811184009298,15/44,17.60%
Mitochondrial Protein Import R-HSA-1268020,Reactome_2022,1.4404014548655752,Upregulated,0.3558494233075921,22/59,23.66%
Regulation of Cardiac Muscle Contraction (GO:0055117),GO_Biological_Process_2025,1.4379369542642886,Upregulated,0.3601556866448263,9/32,8.03%
Amino Acid Metabolic Process (GO:0006520),GO_Biological_Process_2025,1.4344776198844624,Upregulated,0.3670252122743,9/24,17.53%
Embryonic Digit Morphogenesis (GO:0042733),GO_Biological_Process_2025,1.431758931520095,Upregulated,0.3722225855916745,9/18,30.25%
Positive Regulation of Stem Cell Differentiation (GO:2000738),GO_Biological_Process_2025,1.4309064888840697,Upregulated,0.3729760103823639,7/18,18.69%
Huntington disease,KEGG_2021_Human,1.4308961817073291,Upregulated,0.3716255216817453,67/271,17.74%
Extracellular Matrix Assembly (GO:0085029),GO_Biological_Process_2025,1.429689618774102,Upregulated,0.373019356609417,5/17,13.51%
Protein Targeting to Mitochondrion (GO:0006626),GO_Biological_Process_2025,1.4292521032322665,Upregulated,0.3727524596764547,22/56,30.95%
Protein export,KEGG_2021_Human,1.42916190938554,Upregulated,0.3716080621787299,8/23,23.56%
Dicarboxylic Acid Transport (GO:0006835),GO_Biological_Process_2025,1.428032166198668,Upregulated,0.3728232423390365,10/21,21.88%
Ephrin Signaling R-HSA-3928664,Reactome_2022,1.4274617605672597,Upregulated,0.3727374726614352,13/17,30.18%
Heart Morphogenesis (GO:0003007),GO_Biological_Process_2025,1.4258609749476965,Upregulated,0.3754796616139629,19/54,22.58%
Circulatory System Development (GO:0072359),GO_Biological_Process_2025,1.4254129953324304,Upregulated,0.3752318450333481,39/117,22.40%
Endoplasmic Reticulum to Golgi Vesicle-Mediated Transport (GO:0006888),GO_Biological_Process_2025,1.424869732638637,Upregulated,0.3751326339153086,36/104,25.26%
Acyl Chain Remodelling Of PS R-HSA-1482801,Reactome_2022,1.4238859862080808,Upregulated,0.3760984828128678,7/18,15.35%
Asparagine N-linked Glycosylation R-HSA-446203,Reactome_2022,1.423850834712712,Upregulated,0.3748562788120375,79/262,20.77%
GDP Binding (GO:0019003),GO_Molecular_Function_2025,1.421136073101251,Upregulated,0.3798612956132693,30/58,33.32%
DNA Replication WP466,WikiPathways_2024_Human,1.4201537581408186,Upregulated,0.3808797717181023,20/40,29.91%
O-acyltransferase Activity (GO:0008374),GO_Molecular_Function_2025,1.420036432871026,Upregulated,0.3798318700374061,14/30,21.99%
Neural Tube Development (GO:0021915),GO_Biological_Process_2025,1.418670189422778,Upregulated,0.3818298799326974,8/16,34.80%
Cell-cell Junction Organization R-HSA-421270,Reactome_2022,1.4183652484310254,Upregulated,0.381271910240984,12/51,9.18%
Metapathway Biotransformation Phase I And II WP702,WikiPathways_2024_Human,1.41778139777075,Upregulated,0.3813028374207143,52/119,26.24%
Activation Of G Protein Gated Potassium Channels R-HSA-1296041,Reactome_2022,1.4159621347645637,Upregulated,0.3845665382831053,6/22,11.86%
O-glycosylation Of TSR Domain-Containing Proteins R-HSA-5173214,Reactome_2022,1.4156800481827978,Upregulated,0.3838881504804959,14/36,20.45%
7Q11 23 Copy Number Variation Syndrome WP4932,WikiPathways_2024_Human,1.4123531892813108,Upregulated,0.390968471084806,25/94,17.21%
Positive Regulation of Vasculature Development (GO:1904018),GO_Biological_Process_2025,1.4118278077521,Upregulated,0.3908912254906029,29/102,20.53%
Regulation of Regulated Secretory Pathway (GO:1903305),GO_Biological_Process_2025,1.4102191976873184,Upregulated,0.3933347727837875,12/32,26.76%
Cardiac Ventricle Morphogenesis (GO:0003208),GO_Biological_Process_2025,1.4097073544874192,Upregulated,0.3932883923498484,17/39,22.97%
Outflow Tract Septum Morphogenesis (GO:0003148),GO_Biological_Process_2025,1.4090908041572836,Upregulated,0.3933734973150143,12/23,25.12%
Action Potential (GO:0001508),GO_Biological_Process_2025,1.4076697656757726,Upregulated,0.3956504415662981,16/51,17.37%
Transforming Growth Factor Beta Binding (GO:0050431),GO_Molecular_Function_2025,1.40553669380321,Upregulated,0.3996085066277274,8/22,16.16%
Mitochondrial Cytochrome C Oxidase Assembly (GO:0033617),GO_Biological_Process_2025,1.4054411186352076,Upregulated,0.3985028924117315,8/20,19.27%
Metabolism Of Fat-Soluble Vitamins R-HSA-6806667,Reactome_2022,1.4039246978906226,Upregulated,0.4011146035312453,13/35,22.37%
Atrioventricular Valve Morphogenesis (GO:0003181),GO_Biological_Process_2025,1.402106690399706,Upregulated,0.4044344425908224,8/20,16.25%
Regulation of G0 to G1 Transition (GO:0070316),GO_Biological_Process_2025,1.402071623716838,Upregulated,0.4031818672474638,10/29,21.57%
Cellular Response to Unfolded Protein (GO:0034620),GO_Biological_Process_2025,1.4016025169362452,Upregulated,0.4030640683583892,30/58,29.46%
Receptor Ligand Activity (GO:0048018),GO_Molecular_Function_2025,1.401315767819489,Upregulated,0.4024282345050043,64/268,17.66%
Metallocarboxypeptidase Activity (GO:0004181),GO_Molecular_Function_2025,1.400450365087963,Upregulated,0.4032391766238076,5/18,12.00%
Negative Chemotaxis (GO:0050919),GO_Biological_Process_2025,1.3982803975683704,Upregulated,0.4073751456353975,9/25,12.03%
Blood Circulation (GO:0008015),GO_Biological_Process_2025,1.397511347924263,Upregulated,0.4080118205138676,9/43,6.92%
PIWI-interacting RNA (piRNA) Biogenesis R-HSA-5601884,Reactome_2022,1.3958646862060051,Upregulated,0.410658421793973,12/25,21.77%
Skeletal System Development (GO:0001501),GO_Biological_Process_2025,1.3950708246565964,Upregulated,0.4112515111885081,24/133,13.05%
Triglyceride Catabolism R-HSA-163560,Reactome_2022,1.3950652543461664,Upregulated,0.4099336447256098,6/18,13.69%
Positive Regulation of Cell Communication (GO:0010647),GO_Biological_Process_2025,1.3947830250379258,Upregulated,0.4093212144805266,9/20,17.60%
Type I Collagen Synthesis Osteogenesis Imperfecta WP4786,WikiPathways_2024_Human,1.3917366160299591,Upregulated,0.4156181775768243,10/31,12.47%
Regulation of Cardiac Muscle Cell Membrane Repolarization (GO:0099623),GO_Biological_Process_2025,1.3907099163918022,Upregulated,0.4170817716445055,8/19,17.66%
Negative Regulation of Amide Metabolic Process (GO:0034249),GO_Biological_Process_2025,1.3896139603475666,Upregulated,0.418718879465657,9/21,17.78%
Interactions Between LOXL4 And Oxidative Stress Pathway WP3670,WikiPathways_2024_Human,1.389382855594938,Upregulated,0.418034924983722,3/18,4.22%
Negative Regulation of Phosphorylation (GO:0042326),GO_Biological_Process_2025,1.3887340809246291,Upregulated,0.4182433629944124,10/47,12.37%
Glutamate Receptor Binding (GO:0035254),GO_Molecular_Function_2025,1.3877656779577416,Upregulated,0.4193892949976156,11/20,26.64%
Phosphatidylinositol-4-Phosphate Binding (GO:0070273),GO_Molecular_Function_2025,1.3862401826566917,Upregulated,0.421982636146208,10/25,16.19%
Sprouting Angiogenesis (GO:0002040),GO_Biological_Process_2025,1.386120971726385,Upregulated,0.4209547859382296,21/58,24.27%
Serine-Type Endopeptidase Inhibitor Activity (GO:0004867),GO_Molecular_Function_2025,1.3857704018439343,Upregulated,0.4204893487808616,14/44,13.73%
Regulation of Focal Adhesion Assembly (GO:0051893),GO_Biological_Process_2025,1.3857563462354991,Upregulated,0.4192055503720684,18/49,22.81%
Positive Regulation of Cell-Substrate Adhesion (GO:0010811),GO_Biological_Process_2025,1.385479819495829,Upregulated,0.4186781436652441,26/65,23.99%
Regulation of Nucleotide-Excision Repair (GO:2000819),GO_Biological_Process_2025,1.3839873542298615,Upregulated,0.4211307770422074,9/24,18.84%
Ferroptosis,KEGG_2021_Human,1.38343065001779,Upregulated,0.4211272968245379,15/37,22.04%
SNARE interactions in vesicular transport,KEGG_2021_Human,1.3827895500502307,Upregulated,0.4214746647289298,12/30,21.98%
Attachment of Mitotic Spindle Microtubules to Kinetochore (GO:0051315),GO_Biological_Process_2025,1.3827184475769536,Upregulated,0.4203663358132237,3/16,6.36%
Chemical Synaptic Transmission (GO:0007268),GO_Biological_Process_2025,1.3822951794542055,Upregulated,0.4201674031275639,49/190,19.05%
Carbohydrate Metabolic Process (GO:0005975),GO_Biological_Process_2025,1.3822559310335412,Upregulated,0.4189786344280694,20/67,15.81%
Cardiac Progenitor Differentiation WP2406,WikiPathways_2024_Human,1.3819153056605538,Upregulated,0.4185737756793795,18/45,20.84%
Tyrosine metabolism,KEGG_2021_Human,1.381553209919121,Upregulated,0.418244887637118,15/27,32.14%
Regulation of Monoatomic Ion Transmembrane Transporter Activity (GO:0032412),GO_Biological_Process_2025,1.381179970059093,Upregulated,0.4179179928557188,10/33,16.27%
RMTs Methylate Histone Arginines R-HSA-3214858,Reactome_2022,1.3808338218599845,Upregulated,0.4175273144161231,11/33,17.82%
Peptidase Inhibitor Activity (GO:0030414),GO_Molecular_Function_2025,1.3806387556868034,Upregulated,0.4167456247546129,10/31,18.56%
Platelet Alpha Granule (GO:0031091),GO_Cellular_Component_2025,1.3787753606881137,Upregulated,0.4201035021500479,23/82,17.62%
Negative Regulation of Developmental Growth (GO:0048640),GO_Biological_Process_2025,1.378635122240612,Upregulated,0.4191546527972482,6/27,8.41%
Cytokine Activity (GO:0005125),GO_Molecular_Function_2025,1.3776142344975444,Upregulated,0.4205601461708869,28/123,16.96%
Defective B3GALTL Causes PpS R-HSA-5083635,Reactome_2022,1.3771319481523512,Upregulated,0.4205680959919775,11/35,14.93%
Electron Transport Chain (GO:0022900),GO_Biological_Process_2025,1.3754856702835188,Upregulated,0.4234011287664184,4/16,9.58%
Iron Metabolism Disorders WP5172,WikiPathways_2024_Human,1.3747973049298627,Upregulated,0.4238800260393135,9/17,22.04%
Heparan Sulfate/Heparin (HS-GAG) Metabolism R-HSA-1638091,Reactome_2022,1.3741558764746171,Upregulated,0.4243656101109594,16/47,17.55%
Transport To Golgi And Subsequent Modification R-HSA-948021,Reactome_2022,1.3738195510477489,Upregulated,0.4239497122739727,52/151,25.55%
Endopeptidase Inhibitor Activity (GO:0004866),GO_Molecular_Function_2025,1.3737387280158029,Upregulated,0.422938138846182,26/89,14.38%
Cristae Formation R-HSA-8949613,Reactome_2022,1.3718142840765677,Upregulated,0.4266397652532876,12/28,28.35%
Positive Regulation of Angiogenesis (GO:0045766),GO_Biological_Process_2025,1.3693661850748216,Upregulated,0.4316430299018082,42/118,25.20%
Endosome Transport via Multivesicular Body Sorting Pathway (GO:0032509),GO_Biological_Process_2025,1.3692004232450232,Upregulated,0.4307678963339391,5/21,9.74%
Gap Junction Trafficking And Regulation R-HSA-157858,Reactome_2022,1.368852494359846,Upregulated,0.430376855541159,8/20,18.00%
Negative Regulation of Myoblast Differentiation (GO:0045662),GO_Biological_Process_2025,1.368436260436254,Upregulated,0.4301791291347764,6/15,17.93%
Chondroitin Sulfate/Dermatan Sulfate Metabolism R-HSA-1793185,Reactome_2022,1.3684338418630282,Upregulated,0.4289440662544491,9/45,6.81%
Positive Regulation of T Cell Mediated Cytotoxicity (GO:0001916),GO_Biological_Process_2025,1.366766252609332,Upregulated,0.4321847010579142,9/26,15.50%
Recognition Of DNA Damage By PCNA-containing Replication Complex R-HSA-110314,Reactome_2022,1.3645553337994334,Upregulated,0.436771915332064,11/29,23.95%
Regulation of Wnt Signaling Pathway (GO:0030111),GO_Biological_Process_2025,1.3644986727819544,Upregulated,0.4356460704483183,27/101,19.95%
Resolution Of Abasic Sites (AP Sites) R-HSA-73933,Reactome_2022,1.3636389064963437,Upregulated,0.436453603321349,8/37,9.37%
Voltage-Gated Potassium Channel Activity (GO:0005249),GO_Molecular_Function_2025,1.3635438458060372,Upregulated,0.435470182121645,18/56,17.87%
Assembly Of Collagen Fibrils And Other Multimeric Structures R-HSA-2022090,Reactome_2022,1.363286407818756,Upregulated,0.4349399427610179,19/48,28.46%
Retinoid Metabolism And Transport R-HSA-975634,Reactome_2022,1.3620929493268008,Upregulated,0.4370110682038347,8/32,11.82%
Delayed Rectifier Potassium Channel Activity (GO:0005251),GO_Molecular_Function_2025,1.3588524675178189,Upregulated,0.4442094785219444,8/17,17.37%
Acylglycerol O-acyltransferase Activity (GO:0016411),GO_Molecular_Function_2025,1.3583469530632477,Upregulated,0.4442728329275258,14/28,26.99%
Activation Of Pre-Replicative Complex R-HSA-68962,Reactome_2022,1.358346619346067,Upregulated,0.443028371210642,12/31,23.95%
Protein Targeting to Membrane (GO:0006612),GO_Biological_Process_2025,1.3569683446549912,Upregulated,0.4453532554865508,30/57,34.75%
Mitochondrial Complex III Assembly WP4921,WikiPathways_2024_Human,1.3567224637755917,Upregulated,0.4447863841597794,8/15,25.83%
Non-Canonical Wnt Signaling Pathway (GO:0035567),GO_Biological_Process_2025,1.356591244680563,Upregulated,0.4439203540566871,18/41,29.35%
Neurexins And Neuroligins R-HSA-6794361,Reactome_2022,1.355915742555989,Upregulated,0.4445709413511364,21/48,25.47%
Nitric Oxide Metabolic Process (GO:0046209),GO_Biological_Process_2025,1.3535354295717026,Upregulated,0.4498677996723074,12/22,32.12%
Platelet Degranulation R-HSA-114608,Reactome_2022,1.3533393221223475,Upregulated,0.4491415020585138,30/113,17.88%
Regulation of G2/M Transition of Mitotic Cell Cycle (GO:0010389),GO_Biological_Process_2025,1.352966994556518,Upregulated,0.4488864991273605,14/31,28.05%
Phosphatase Inhibitor Activity (GO:0019212),GO_Molecular_Function_2025,1.3523706152032668,Upregulated,0.4493727890019837,13/29,22.45%
Specific Granule Lumen (GO:0035580),GO_Cellular_Component_2025,1.3494610029397842,Upregulated,0.4560105106167877,13/52,18.31%
Regulation of Substrate Adhesion-Dependent Cell Spreading (GO:1900024),GO_Biological_Process_2025,1.3484411379195764,Upregulated,0.4575752391259737,20/44,27.93%
Class B/2 (Secretin Family Receptors) R-HSA-373080,Reactome_2022,1.3474694308703554,Upregulated,0.4590701258083262,11/64,10.80%
Diseases Of Metabolism R-HSA-5668914,Reactome_2022,1.3471946193997966,Upregulated,0.4585163989808374,72/210,22.82%
Ubiquitin Conjugating Enzyme Activity (GO:0061631),GO_Molecular_Function_2025,1.3434999140484554,Upregulated,0.4672429822135847,11/31,21.07%
miRNA Targets In ECM And Membrane Receptors WP2911,WikiPathways_2024_Human,1.3404418899325,Upregulated,0.4743232497542126,8/22,22.02%
Endoplasmic Reticulum Unfolded Protein Response (GO:0030968),GO_Biological_Process_2025,1.339142893569785,Upregulated,0.4766823852411412,19/48,22.45%
Primary Alcohol Metabolic Process (GO:0034308),GO_Biological_Process_2025,1.338703098949456,Upregulated,0.4767011801824549,16/31,26.23%
Poly-Pyrimidine Tract Binding (GO:0008187),GO_Molecular_Function_2025,1.3377689638781771,Upregulated,0.4780519700313066,5/20,16.73%
COPII-mediated Vesicle Transport R-HSA-204005,Reactome_2022,1.337632755004367,Upregulated,0.4771211241722728,21/62,24.25%
PPAR Signaling WP3942,WikiPathways_2024_Human,1.3373482470336953,Upregulated,0.4766347555259733,16/56,15.30%
Regulation of Dendrite Morphogenesis (GO:0048814),GO_Biological_Process_2025,1.3353850180128588,Upregulated,0.4809258841581609,11/28,24.40%
Negative Regulation of Endoplasmic Reticulum Unfolded Protein Response (GO:1900102),GO_Biological_Process_2025,1.334631873026758,Upregulated,0.4817734820879061,6/18,20.09%
Regulation of Phosphorylation (GO:0042325),GO_Biological_Process_2025,1.3337509968450316,Upregulated,0.4829654446518373,14/60,13.75%
Actin Filament (GO:0005884),GO_Cellular_Component_2025,1.3330386553029618,Upregulated,0.4837798782145045,17/71,10.20%
Glutathione Transferase Activity (GO:0004364),GO_Molecular_Function_2025,1.3328154403775112,Upregulated,0.4831385346619306,9/20,22.23%
Golgi-to-ER Retrograde Transport R-HSA-8856688,Reactome_2022,1.3325912992963804,Upregulated,0.4825195421056405,36/105,25.26%
Regulation of Cardiac Muscle Cell Contraction (GO:0086004),GO_Biological_Process_2025,1.332076054670947,Upregulated,0.4827541384179381,6/24,7.26%
Regulation of Protein Modification by Small Protein Conjugation or Removal (GO:1903320),GO_Biological_Process_2025,1.331868189474346,Upregulated,0.482059595074654,15/28,28.08%
Transforming Growth Factor Beta Receptor Binding (GO:0005160),GO_Molecular_Function_2025,1.3303247762336643,Upregulated,0.4851125684164951,8/19,19.62%
Base Excision Repair WP4752,WikiPathways_2024_Human,1.327849162180577,Upregulated,0.4906183113517771,6/29,9.37%
Cardiac Muscle Cell Action Potential (GO:0086001),GO_Biological_Process_2025,1.3277296544140669,Upregulated,0.4896734423269423,10/34,16.08%
Dopaminergic Neurogenesis WP2855,WikiPathways_2024_Human,1.3275708466432208,Upregulated,0.4888747286282144,3/18,5.86%
RAB Geranylgeranylation R-HSA-8873719,Reactome_2022,1.323050422219314,Upregulated,0.5005724127345402,25/58,33.04%
Synthesis Of PA R-HSA-1483166,Reactome_2022,1.3229908918115811,Upregulated,0.4994521917573139,18/33,28.18%
Muscle Cell Differentiation (GO:0042692),GO_Biological_Process_2025,1.322460912569094,Upregulated,0.4997129061098954,17/29,27.27%
bHLH Transcription Factor Binding (GO:0043425),GO_Molecular_Function_2025,1.3223960890840278,Upregulated,0.4986067627170333,9/20,23.29%
Chromosome Maintenance R-HSA-73886,Reactome_2022,1.3223734869117592,Upregulated,0.4973790689101495,32/94,21.95%
R-SMAD Binding (GO:0070412),GO_Molecular_Function_2025,1.3223425777337143,Upregulated,0.4962108050860297,8/20,27.23%
Glutathione Metabolic Process (GO:0006749),GO_Biological_Process_2025,1.3216205439721858,Upregulated,0.4969750645219625,10/31,16.33%
Fatty Acid Catabolic Process (GO:0009062),GO_Biological_Process_2025,1.3209833270406954,Upregulated,0.4976296053466268,24/57,24.66%
Mitochondrial Fatty Acid Beta-Oxidation R-HSA-77289,Reactome_2022,1.3209316379928848,Upregulated,0.4965121815892027,18/35,32.69%
Regulation of Cyclin-Dependent Protein Serine/Threonine Kinase Activity (GO:0000079),GO_Biological_Process_2025,1.3198538561786264,Upregulated,0.4984183898546102,16/38,32.99%
Mitochondrial Intermembrane Space (GO:0005758),GO_Cellular_Component_2025,1.3184175712048591,Upregulated,0.5011919133579706,27/69,23.66%
"Wnt Signaling Pathway, Planar Cell Polarity Pathway (GO:0060071)",GO_Biological_Process_2025,1.3174737582474931,Upregulated,0.5025952137413544,8/26,19.62%
Actin Monomer Binding (GO:0003785),GO_Molecular_Function_2025,1.3172463289014775,Upregulated,0.501967081418588,4/21,5.73%
Positive Regulation of Actin Filament Bundle Assembly (GO:0032233),GO_Biological_Process_2025,1.3166385632786384,Upregulated,0.5024209579602505,20/48,24.25%
SUMOylation Of Transcription Factors R-HSA-3232118,Reactome_2022,1.3165555483701108,Upregulated,0.501446308081837,7/16,24.44%
Bone Development (GO:0060348),GO_Biological_Process_2025,1.3165369015472326,Upregulated,0.5002410221384428,7/38,4.64%
Negative Regulation of Mitotic Cell Cycle (GO:0045930),GO_Biological_Process_2025,1.315328545129871,Upregulated,0.502435500535875,17/29,36.43%
Cellular Response to Heat (GO:0034605),GO_Biological_Process_2025,1.3150591657709472,Upregulated,0.5019862590757926,13/34,15.03%
Mesonephric Tubule Development (GO:0072164),GO_Biological_Process_2025,1.3149529029615874,Upregulated,0.501004429602595,6/15,15.21%
Osteoarthritic Chondrocyte Hypertrophy WP5373,WikiPathways_2024_Human,1.314376960473615,Upregulated,0.5014757254964695,23/45,32.91%
Cell-Cell Junction Assembly (GO:0007043),GO_Biological_Process_2025,1.3132676664040854,Upregulated,0.5032613706202786,11/56,8.86%
Response To Elevated Platelet Cytosolic Ca2+ R-HSA-76005,Reactome_2022,1.3127769932376263,Upregulated,0.5034928474828981,25/118,13.75%
Reg of Endoplasmic Reticulum Stress-Induced Intrinsic Apoptotic Sgnlng Pway (GO:1902235),GO_Biological_Process_2025,1.31236535735141,Upregulated,0.5034446724241837,10/25,22.29%
Regulation of Peptidyl-Threonine Phosphorylation (GO:0010799),GO_Biological_Process_2025,1.3116818221672863,Upregulated,0.5040561345694125,1/18,0.01%
Regulation of Cardiac Muscle Cell Proliferation (GO:0060043),GO_Biological_Process_2025,1.3106358367335935,Upregulated,0.5058611802179303,9/21,21.31%
Positive Regulation of G2/M Transition of Mitotic Cell Cycle (GO:0010971),GO_Biological_Process_2025,1.3104951137561571,Upregulated,0.5050540541278258,8/18,28.05%
PPAR signaling pathway,KEGG_2021_Human,1.308889815789971,Upregulated,0.5083185002483862,17/61,15.30%
Cell-Cell Adhesion Mediated by Cadherin (GO:0044331),GO_Biological_Process_2025,1.3087275264810376,Upregulated,0.5075655458463507,5/20,13.14%
Insertion Of Tail-Anchored Proteins Into Endoplasmic Reticulum Membrane R-HSA-9609523,Reactome_2022,1.3081957816055343,Upregulated,0.5078214797433763,8/21,27.95%
Blood Vessel Morphogenesis (GO:0048514),GO_Biological_Process_2025,1.3075465688522034,Upregulated,0.5085313386935696,9/50,5.80%
Skeletal System Morphogenesis (GO:0048705),GO_Biological_Process_2025,1.306875732116644,Upregulated,0.5093109211894953,19/39,32.91%
Pre Implantation Embryo WP3527,WikiPathways_2024_Human,1.3068550674979973,Upregulated,0.5081731333733127,17/41,25.20%
Amyotrophic lateral sclerosis,KEGG_2021_Human,1.3066759924075668,Upregulated,0.50749265699573,76/323,18.22%
Surfactant Metabolism R-HSA-5683826,Reactome_2022,1.306610754711488,Upregulated,0.506461996516481,11/23,24.99%
Regulation of Non-Canonical Wnt Signaling Pathway (GO:2000050),GO_Biological_Process_2025,1.306575421478694,Upregulated,0.5053428247707068,5/16,17.63%
EPHA-mediated Growth Cone Collapse R-HSA-3928663,Reactome_2022,1.3063257646267068,Upregulated,0.5048772783568221,5/15,11.78%
Notch Signaling Pathway (GO:0007219),GO_Biological_Process_2025,1.305396331546674,Upregulated,0.506295582965922,15/39,22.97%
WNT Ligand Biogenesis And Trafficking R-HSA-3238698,Reactome_2022,1.3048478494080882,Upregulated,0.5066115395559441,3/20,5.78%
Aortic Valve Morphogenesis (GO:0003180),GO_Biological_Process_2025,1.3048326380272888,Upregulated,0.5054647426282775,17/37,22.97%
Regulation of Smooth Muscle Contraction (GO:0006940),GO_Biological_Process_2025,1.3035915539026297,Upregulated,0.5078605914148505,9/16,30.89%
EGR2 And SOX10-mediated Initiation Of Schwann Cell Myelination R-HSA-9619665,Reactome_2022,1.3033582129782513,Upregulated,0.5073889645835615,15/26,38.18%
Metabolism of xenobiotics by cytochrome P450,KEGG_2021_Human,1.302752605071935,Upregulated,0.5079862804319599,25/45,29.42%
DNA Recombination (GO:0006310),GO_Biological_Process_2025,1.3017760478578502,Upregulated,0.5096245238065066,21/39,33.21%
Homophilic Cell Adhesion via Plasma Membrane Adhesion Molecules (GO:0007156),GO_Biological_Process_2025,1.3014809394725686,Upregulated,0.5093107074120276,14/53,12.62%
Channel Activity (GO:0015267),GO_Molecular_Function_2025,1.3014649308627193,Upregulated,0.5081866003169799,10/41,11.28%
Regulation of Cholesterol Efflux (GO:0010874),GO_Biological_Process_2025,1.3013117696902552,Upregulated,0.5074577483569853,9/30,15.99%
Regulation of Cation Channel Activity (GO:2001257),GO_Biological_Process_2025,1.30019938406432,Upregulated,0.5095806611752197,10/25,24.59%
Phase II - Conjugation Of Compounds R-HSA-156580,Reactome_2022,1.2990383131572358,Upregulated,0.5117104766719835,30/71,22.62%
COPI-dependent Golgi-to-ER Retrograde Traffic R-HSA-6811434,Reactome_2022,1.2988400730495533,Upregulated,0.5111353680532355,19/73,17.15%
Negative Regulation of Transforming Growth Factor Beta Receptor Signaling Pathway (GO:0030512),GO_Biological_Process_2025,1.298218094946377,Upregulated,0.5117279448796883,25/83,20.64%
Positive Regulation of Multicellular Organismal Process (GO:0051240),GO_Biological_Process_2025,1.297958073031286,Upregulated,0.5113261965075786,64/347,12.63%
Canonical And Non Canonical Notch Signaling WP3845,WikiPathways_2024_Human,1.2976382363568293,Upregulated,0.511072847869994,9/24,22.97%
Regulation of Ventricular Cardiac Muscle Cell Membrane Repolarization (GO:0060307),GO_Biological_Process_2025,1.2956472610700285,Upregulated,0.5157233857469332,5/15,15.79%
Galanin Receptor Pathway WP4970,WikiPathways_2024_Human,1.294753046591159,Upregulated,0.5171300850234241,6/15,22.58%
"Adrenaline,noradrenaline Inhibits Insulin Secretion R-HSA-400042",Reactome_2022,1.2942479085181278,Upregulated,0.5173439482997014,6/24,10.80%
Lagging Strand Synthesis R-HSA-69186,Reactome_2022,1.2925425912617616,Upregulated,0.5211790979734229,6/19,11.17%
Positive Regulation of Focal Adhesion Assembly (GO:0051894),GO_Biological_Process_2025,1.291905387630299,Upregulated,0.5219100720726166,8/16,22.81%
Positive Regulation of Cell Cycle G2/M Phase Transition (GO:1902751),GO_Biological_Process_2025,1.2912276300818233,Upregulated,0.5227498346276351,8/20,28.05%
Mismatch repair,KEGG_2021_Human,1.2911378336569352,Upregulated,0.5218148240982133,10/21,29.91%
Ferroptosis WP4313,WikiPathways_2024_Human,1.2910193548245292,Upregulated,0.5210153477734603,21/58,22.04%
Intracellular Calcium Ion Homeostasis (GO:0006874),GO_Biological_Process_2025,1.2897039222067663,Upregulated,0.5236792552152716,28/117,12.79%
Pathways of neurodegeneration,KEGG_2021_Human,1.2892029408148702,Upregulated,0.5239612278665319,90/423,17.11%
Tricarboxylic Acid Cycle (GO:0006099),GO_Biological_Process_2025,1.2882811368166085,Upregulated,0.5254109639632473,7/23,12.39%
Regulation of Sodium Ion Transmembrane Transport (GO:1902305),GO_Biological_Process_2025,1.2882142143871222,Upregulated,0.5244483055054205,5/19,16.27%
Establishment of Protein Localization to Mitochondrion (GO:0072655),GO_Biological_Process_2025,1.288163551339322,Upregulated,0.5234454074143731,14/42,29.65%
Heme Biosynthetic Process (GO:0006783),GO_Biological_Process_2025,1.2878858396047763,Upregulated,0.523127009535432,8/19,24.23%
22Q11 2 Copy Number Variation Syndrome WP4657,WikiPathways_2024_Human,1.287557801426439,Upregulated,0.5229801010180163,20/103,11.02%
acetyl-CoA Metabolic Process (GO:0006084),GO_Biological_Process_2025,1.2874195247956306,Upregulated,0.5222557389642705,8/15,32.69%
Photodynamic Therapy Induced Unfolded Protein Response WP3613,WikiPathways_2024_Human,1.28726985345001,Upregulated,0.5215539511495704,11/26,20.09%
Negative Regulation of Intrinsic Apoptotic Signaling Pathway in Response to DNA Damage (GO:1902230),GO_Biological_Process_2025,1.2871412789327974,Upregulated,0.5208235449695403,9/23,20.52%
Triglyceride Metabolism R-HSA-8979227,Reactome_2022,1.2868239537478303,Upregulated,0.520547697839228,18/30,38.14%
Diseases Associated With N-glycosylation Of Proteins R-HSA-3781860,Reactome_2022,1.2850024650036311,Upregulated,0.5247121591439882,7/20,14.93%
Endoplasmic Reticulum Organization (GO:0007029),GO_Biological_Process_2025,1.2841596132699318,Upregulated,0.5261358135206987,21/53,23.91%
Citrate cycle (TCA cycle),KEGG_2021_Human,1.2825286992634104,Upregulated,0.5297885523762542,7/29,12.39%
"Oxidoreductase Activity, Acting on the CH-OH Group of Donors, NAD or NADP as Acceptor (GO:0016616)",GO_Molecular_Function_2025,1.2823428241952288,Upregulated,0.5291857998923143,26/57,32.61%
Overview Of Proinflammatory And Profibrotic Mediators WP5095,WikiPathways_2024_Human,1.282291061439355,Upregulated,0.5281773558561766,9/77,3.80%
Protein Glycosylation (GO:0006486),GO_Biological_Process_2025,1.2816869029974982,Upregulated,0.5288150312020533,54/127,28.50%
Cytosolic Sulfonation Of Small Molecules R-HSA-156584,Reactome_2022,1.281507058827513,Upregulated,0.5282009487402597,7/16,19.99%
Cyclin-Dependent Protein Serine/Threonine Kinase Regulator Activity (GO:0016538),GO_Molecular_Function_2025,1.281404676860544,Upregulated,0.5273599060481784,8/38,18.08%
Positive Regulation of Cholesterol Transport (GO:0032376),GO_Biological_Process_2025,1.2811149847026295,Upregulated,0.5269909919870873,5/26,5.50%
Diseases Associated With O-glycosylation Of Proteins R-HSA-3906995,Reactome_2022,1.2810551292647117,Upregulated,0.5260478262412971,17/54,21.02%
Endoplasmic Reticulum Calcium Ion Homeostasis (GO:0032469),GO_Biological_Process_2025,1.280888097878374,Upregulated,0.5254122684455178,4/18,9.27%
Protein Localization R-HSA-9609507,Reactome_2022,1.2802027359347203,Upregulated,0.526229118838905,48/151,23.91%
+ Reg of Transmembrane Receptor Prot Serine/Threonine Kinase Sgnlng Pway (GO:0090100),GO_Biological_Process_2025,1.2796127012264442,Upregulated,0.5268358454287166,17/79,13.75%
Embryonic Skeletal System Morphogenesis (GO:0048704),GO_Biological_Process_2025,1.278946413580265,Upregulated,0.527670093052248,7/26,16.16%
Low-Density Lipoprotein Particle Receptor Binding (GO:0050750),GO_Molecular_Function_2025,1.278686584294131,Upregulated,0.5273341071124279,8/21,19.93%
Vasculogenesis (GO:0001570),GO_Biological_Process_2025,1.2784974868087358,Upregulated,0.5267721153296208,6/32,5.09%
Endoplasmic reticulum-Golgi Intermediate Compartment Membrane (GO:0033116),GO_Cellular_Component_2025,1.2784572345590155,Upregulated,0.5257941650182655,11/45,13.57%
NOTCH3 Intracellular Domain Regulates Transcription R-HSA-9013508,Reactome_2022,1.2766712212644868,Upregulated,0.530057786448224,10/23,25.27%
poly(U) RNA Binding (GO:0008266),GO_Molecular_Function_2025,1.2762600485735758,Upregulated,0.5301597977074543,5/17,16.73%
Mitochondrial Translation (GO:0032543),GO_Biological_Process_2025,1.2761199771566842,Upregulated,0.5294653261746483,33/93,29.87%
Positive Regulation of Proteasomal Protein Catabolic Process (GO:1901800),GO_Biological_Process_2025,1.274582984227159,Upregulated,0.5327860480446214,23/95,18.22%
Vasopressin Regulated Water Reabsorption WP5085,WikiPathways_2024_Human,1.274559367948368,Upregulated,0.53065894357458,17/40,23.73%
Vasopressin-regulated water reabsorption,KEGG_2021_Human,1.274559367948368,Upregulated,0.53065894357458,17/40,23.73%
Regulation of Metaphase/Anaphase Transition of Cell Cycle (GO:1902099),GO_Biological_Process_2025,1.274247371081624,Upregulated,0.5304632309861164,10/29,18.84%
Intrinsic Pathway Of Fibrin Clot Formation R-HSA-140837,Reactome_2022,1.274029792294612,Upregulated,0.5300018296627008,6/18,7.96%
Glycogen Metabolic Process (GO:0005977),GO_Biological_Process_2025,1.2738774522363163,Upregulated,0.5294093570324813,10/17,30.12%
E-box Binding (GO:0070888),GO_Molecular_Function_2025,1.273369883282495,Upregulated,0.529801305400136,13/31,24.75%
Hippo Signaling Regulation WP4540,WikiPathways_2024_Human,1.2721537747872569,Upregulated,0.5321946160845731,16/90,10.82%
Negative Regulation of Intrinsic Apoptotic Signaling Pathway (GO:2001243),GO_Biological_Process_2025,1.2720026385699308,Upregulated,0.5315137385884677,17/53,23.34%
Neuronal System R-HSA-112316,Reactome_2022,1.2719261706217184,Upregulated,0.530632870725962,97/303,25.60%
Regulation of Sodium Ion Transmembrane Transporter Activity (GO:2000649),GO_Biological_Process_2025,1.2702421416340557,Upregulated,0.5344658457526212,7/15,24.73%
GABA Receptor Activation R-HSA-977443,Reactome_2022,1.269322810018698,Upregulated,0.5360683343912704,9/43,11.86%
"Gamma Carboxylation, Hypusine Formation And Arylsulfatase Activation R-HSA-163841",Reactome_2022,1.269127683997156,Upregulated,0.5355456946290577,13/36,18.98%
Hsp70 Protein Binding (GO:0030544),GO_Molecular_Function_2025,1.2675994819355616,Upregulated,0.538838467330231,15/32,25.61%
Endomembrane System Organization (GO:0010256),GO_Biological_Process_2025,1.267056326207991,Upregulated,0.5392914713836794,45/189,17.91%
Activation of GTPase Activity (GO:0090630),GO_Biological_Process_2025,1.267038501257357,Upregulated,0.5382541087234674,17/31,29.17%
Non-Motile Cilium (GO:0097730),GO_Cellular_Component_2025,1.26546641598458,Upregulated,0.5418059345761619,15/30,31.44%
Negative Regulation of Receptor Signaling Pathway via STAT (GO:1904893),GO_Biological_Process_2025,1.2652769882991288,Upregulated,0.5413045830045851,2/15,0.54%
Positive Regulation of Cardiac Muscle Tissue Growth (GO:0055023),GO_Biological_Process_2025,1.2645025520563111,Upregulated,0.5424806871615203,7/16,21.31%
Pathogenic Escherichia Coli Infection WP2272,WikiPathways_2024_Human,1.2632879039756917,Upregulated,0.5449945918312862,13/50,17.84%
in Utero Embryonic Development (GO:0001701),GO_Biological_Process_2025,1.2618693118907425,Upregulated,0.5481320785792131,10/26,22.58%
Collagen Chain Trimerization R-HSA-8948216,Reactome_2022,1.2605965724150867,Upregulated,0.550703512961437,16/36,28.46%
Positive Regulation of Endothelial Cell Proliferation (GO:0001938),GO_Biological_Process_2025,1.2597587616431434,Upregulated,0.5521004351505558,22/66,22.81%
Regulation of SMAD Protein Signal Transduction (GO:0060390),GO_Biological_Process_2025,1.2597090335203576,Upregulated,0.5511727054823481,16/56,16.16%
Central Nervous System Neuron Differentiation (GO:0021953),GO_Biological_Process_2025,1.2596539090382797,Upregulated,0.5502454582539721,17/36,29.35%
Lysine N-methyltransferase Activity (GO:0016278),GO_Molecular_Function_2025,1.259556008606921,Upregulated,0.5494591690649765,4/23,2.88%
Antimicrobial Humoral Response (GO:0019730),GO_Biological_Process_2025,1.259253342129727,Upregulated,0.5492957391792926,25/80,22.27%
Calcium Ion Homeostasis (GO:0055074),GO_Biological_Process_2025,1.2576964595781954,Upregulated,0.5528997800104293,27/90,17.08%
DNA Replication Initiation (GO:0006270),GO_Biological_Process_2025,1.2570633380595768,Upregulated,0.5536712636353025,9/20,31.94%
Cellular Response to Decreased Oxygen Levels (GO:0036294),GO_Biological_Process_2025,1.256965477930934,Upregulated,0.5528479956452681,28/75,27.64%
Olfactory Signaling Pathway R-HSA-381753,Reactome_2022,1.2565234819159858,Upregulated,0.553055408392215,6/19,13.62%
Multicellular Organismal-Level Iron Ion Homeostasis (GO:0060586),GO_Biological_Process_2025,1.2558125841652918,Upregulated,0.554124957864869,8/15,26.48%
Cargo Concentration In ER R-HSA-5694530,Reactome_2022,1.2548108692891844,Upregulated,0.5559602702539506,9/28,18.22%
Synaptic Membrane (GO:0097060),GO_Cellular_Component_2025,1.254355261219687,Upregulated,0.5563411202185736,10/28,19.91%
"Hydrolase Activity, Hydrolyzing O-glycosyl Compounds (GO:0004553)",GO_Molecular_Function_2025,1.2541130951531518,Upregulated,0.5559331541814785,3/19,6.89%
Carboxypeptidase Activity (GO:0004180),GO_Molecular_Function_2025,1.2537355567961004,Upregulated,0.5560370763130145,6/27,12.00%
Mitochondrial Fusion (GO:0008053),GO_Biological_Process_2025,1.2533931008525396,Upregulated,0.5559640539869551,6/17,17.16%
Multicellular Organismal-Level Water Homeostasis (GO:0050891),GO_Biological_Process_2025,1.2528839980017423,Upregulated,0.5563840509473891,6/16,17.53%
Response Of EIF2AK1 (HRI) To Heme Deficiency R-HSA-9648895,Reactome_2022,1.251462820705681,Upregulated,0.5595305911975823,4/15,7.69%
Protein Insertion Into ER Membrane (GO:0045048),GO_Biological_Process_2025,1.251421282851528,Upregulated,0.5585783136447495,7/29,13.00%
Positive Regulation of Positive Chemotaxis (GO:0050927),GO_Biological_Process_2025,1.2512726889338663,Upregulated,0.5579304564616078,7/15,24.41%
Calcium Ion Binding (GO:0005509),GO_Molecular_Function_2025,1.250644423121388,Upregulated,0.5587751574669878,58/265,14.12%
Positive Regulation of Neurogenesis (GO:0050769),GO_Biological_Process_2025,1.2505759719288785,Upregulated,0.5578946629970548,24/61,25.08%
1-Acylglycerol-3-Phosphate O-acyltransferase Activity (GO:0003841),GO_Molecular_Function_2025,1.2502749096476202,Upregulated,0.5577034608570461,8/20,19.07%
Chaperone-Mediated Protein Complex Assembly (GO:0051131),GO_Biological_Process_2025,1.250192443873127,Upregulated,0.5568837569585843,8/20,25.70%
Biological Oxidations R-HSA-211859,Reactome_2022,1.2500692757117269,Upregulated,0.5561209193970129,61/157,26.24%
Cytoplasmic Dynein Complex (GO:0005868),GO_Cellular_Component_2025,1.2460216941963933,Upregulated,0.5670977384281138,7/19,11.03%
Regulation of Cell-Substrate Junction Assembly (GO:0090109),GO_Biological_Process_2025,1.244776377209925,Upregulated,0.5697235390952644,8/20,19.30%
Glutamate Neurotransmitter Release Cycle R-HSA-210500,Reactome_2022,1.2439677375584108,Upregulated,0.5710324455648482,9/23,18.69%
Diseases Associated With Glycosylation Precursor Biosynthesis R-HSA-5609975,Reactome_2022,1.2435093286633634,Upregulated,0.5713656650022542,7/15,19.82%
Transcriptional Regulation Of Pluripotent Stem Cells R-HSA-452723,Reactome_2022,1.2424476045348076,Upregulated,0.5734939833378611,8/20,24.81%
Catenin Complex (GO:0016342),GO_Cellular_Component_2025,1.2424194925792726,Upregulated,0.5725171934040417,5/21,13.14%
Myosin Binding (GO:0017022),GO_Molecular_Function_2025,1.2422782915648467,Upregulated,0.5718410800240991,21/51,25.76%
Ion Channel Inhibitor Activity (GO:0008200),GO_Molecular_Function_2025,1.241284812699605,Upregulated,0.5737750288480757,13/35,24.28%
Calnexin/calreticulin Cycle R-HSA-901042,Reactome_2022,1.240837649429228,Upregulated,0.5740169614013011,14/26,29.12%
Glycogen Synthesis And Degradation WP500,WikiPathways_2024_Human,1.2407700148413283,Upregulated,0.5731534820742918,7/37,7.68%
Positive Regulation of Secretion by Cell (GO:1903532),GO_Biological_Process_2025,1.2407307849187048,Upregulated,0.5721924553312469,17/67,17.48%
Positive Regulation of Cell Migration Involved in Sprouting Angiogenesis (GO:0090050),GO_Biological_Process_2025,1.2407243948832372,Upregulated,0.5711419322269164,8/17,25.20%
Phosphatidylinositol-5-Phosphate Binding (GO:0010314),GO_Molecular_Function_2025,1.23995767129184,Upregulated,0.5723309705602105,5/16,8.93%
Hormone Activity (GO:0005179),GO_Molecular_Function_2025,1.2398614920212765,Upregulated,0.5715533053417524,15/52,17.66%
Membrane Repolarization During Cardiac Muscle Cell Action Potential (GO:0086013),GO_Biological_Process_2025,1.2398550842428118,Upregulated,0.5705157736052457,5/15,14.90%
Positive Regulation of Amyloid-Beta Formation (GO:1902004),GO_Biological_Process_2025,1.2397425833042512,Upregulated,0.5698128840792068,1/17,0.03%
Immune Infiltration In Pancreatic Cancer WP5285,WikiPathways_2024_Human,1.2393363568315,Upregulated,0.570016909527426,5/30,6.13%
Activation of Protein Kinase Activity (GO:0032147),GO_Biological_Process_2025,1.2380100700684975,Upregulated,0.5729474513161402,2/42,0.46%
Mitochondrial Fatty Acid Oxidation Disorders WP5123,WikiPathways_2024_Human,1.2374312428166934,Upregulated,0.573690304631128,6/19,12.27%
Acyl Chain Remodelling Of PC R-HSA-1482788,Reactome_2022,1.2362038479460973,Upregulated,0.5763770369377127,7/23,15.35%
Regulation of Cell Morphogenesis (GO:0022604),GO_Biological_Process_2025,1.2355444877896935,Upregulated,0.5773249766229994,6/28,8.52%
Attenuation Phase R-HSA-3371568,Reactome_2022,1.2346975637524356,Upregulated,0.5788014830623461,12/22,26.79%
Response to Steroid Hormone (GO:0048545),GO_Biological_Process_2025,1.2335323872981117,Upregulated,0.5812155665701717,9/29,14.95%
HS-GAG Degradation R-HSA-2024096,Reactome_2022,1.2333490638683782,Upregulated,0.5806429284688122,6/20,11.82%
Negative Regulation of Protein Depolymerization (GO:1901880),GO_Biological_Process_2025,1.2290614081916886,Upregulated,0.5927114146953436,16/24,39.20%
Cell-Cell Communication R-HSA-1500931,Reactome_2022,1.228840013735868,Upregulated,0.5923189698517647,24/107,11.38%
Negative Regulation of Microtubule Depolymerization (GO:0007026),GO_Biological_Process_2025,1.2286954616110808,Upregulated,0.5916650703346021,15/21,38.75%
SRP-dependent Cotranslational Protein Targeting To Membrane R-HSA-1799339,Reactome_2022,1.2284589468387173,Upregulated,0.5913021770660656,25/82,24.89%
Late Endosome to Vacuole Transport via Multivesicular Body Sorting Pathway (GO:0032511),GO_Biological_Process_2025,1.2280200484751247,Upregulated,0.59160268855286,6/24,17.02%
Dengue 2 Interactions With Complement And Coagulation Cascades WP3896,WikiPathways_2024_Human,1.2275107035928687,Upregulated,0.59213161704913,9/49,10.92%
Terpenoid backbone biosynthesis,KEGG_2021_Human,1.226134216205708,Upregulated,0.5954671355631181,8/20,25.35%
Long-Chain Fatty Acid Biosynthetic Process (GO:0042759),GO_Biological_Process_2025,1.2258269214118436,Upregulated,0.5953475133607857,6/18,12.02%
Positive Regulation of Cell Differentiation (GO:0045597),GO_Biological_Process_2025,1.225159196091502,Upregulated,0.5963407557891978,70/256,22.76%
Complement And Coagulation Cascades WP558,WikiPathways_2024_Human,1.224476219238839,Upregulated,0.5973621716011805,9/48,10.92%
Embryonic Organ Morphogenesis (GO:0048562),GO_Biological_Process_2025,1.2240100604650377,Upregulated,0.5976875100825643,13/37,20.81%
Common Pathway Of Fibrin Clot Formation R-HSA-140875,Reactome_2022,1.223759406881407,Upregulated,0.5973664774482694,5/15,8.09%
Extracellular Matrix Organization R-HSA-1474244,Reactome_2022,1.2233547240703306,Upregulated,0.5975572476341828,48/251,14.70%
Regulation of Transmembrane Transport (GO:0034762),GO_Biological_Process_2025,1.222779912877622,Upregulated,0.5983029139726633,6/22,11.86%
Regulation of Protein Localization to Plasma Membrane (GO:1903076),GO_Biological_Process_2025,1.221889770736143,Upregulated,0.5998735312229025,22/83,21.04%
Ubiquitin-Like Protein Conjugating Enzyme Activity (GO:0061650),GO_Molecular_Function_2025,1.221064900741436,Upregulated,0.6013429916445584,11/36,21.07%
Linoleic acid metabolism,KEGG_2021_Human,1.220702765543932,Upregulated,0.601378684900277,6/20,14.12%
Hormone Biosynthetic Process (GO:0042446),GO_Biological_Process_2025,1.22034162281174,Upregulated,0.601461171318073,3/15,6.28%
Cell-Substrate Junction (GO:0030055),GO_Cellular_Component_2025,1.2199356098618193,Upregulated,0.6016185894844349,111/369,24.96%
Positive Regulation of Cell Motility (GO:2000147),GO_Biological_Process_2025,1.2190119189596704,Upregulated,0.603511024928713,68/225,24.91%
Heterotrimeric G-protein Complex (GO:0005834),GO_Cellular_Component_2025,1.2183333664391711,Upregulated,0.6045425789895488,5/28,10.80%
Gap-filling DNA Repair Synthesis And Ligation In GG-NER R-HSA-5696397,Reactome_2022,1.2180229521040726,Upregulated,0.6044777636160681,5/24,7.09%
tRNA Wobble Uridine Modification (GO:0002098),GO_Biological_Process_2025,1.2179228200550776,Upregulated,0.603714131520169,6/16,18.98%
Ferrous Iron Binding (GO:0008198),GO_Molecular_Function_2025,1.2173693465242708,Upregulated,0.6044388532903954,8/20,20.59%
ADP Binding (GO:0043531),GO_Molecular_Function_2025,1.216872921543975,Upregulated,0.6049840890811893,8/23,19.25%
Regulation of Protein Neddylation (GO:2000434),GO_Biological_Process_2025,1.2164459487651091,Upregulated,0.6052554387698699,9/17,28.08%
Positive Regulation of Cell-Substrate Junction Organization (GO:0150117),GO_Biological_Process_2025,1.215966451302868,Upregulated,0.605702192641322,8/20,22.81%
Phosphatidylcholine Metabolic Process (GO:0046470),GO_Biological_Process_2025,1.2159639978319516,Upregulated,0.6046552431040947,11/50,15.35%
Cell Lineage Map For Neuronal Differentiation WP5417,WikiPathways_2024_Human,1.214657079973957,Upregulated,0.6075562170270227,37/96,24.95%
"Antigen Presentation: Folding, Assembly, Peptide Loading Of Class I MHC R-HSA-983170",Reactome_2022,1.2144195027045812,Upregulated,0.6072503974458578,8/25,20.22%
Positive Regulation of Transcription Elongation by RNA Polymerase II (GO:0032968),GO_Biological_Process_2025,1.2127058843570695,Upregulated,0.6116755373951142,20/44,30.37%
Positive Regulation of Cold-Induced Thermogenesis (GO:0120162),GO_Biological_Process_2025,1.2120559247822973,Upregulated,0.6126596333570834,14/84,8.28%
RNA Polymerase II Preinitiation Complex Assembly (GO:0051123),GO_Biological_Process_2025,1.2097945542109816,Upregulated,0.6185645407121918,22/45,28.20%
Metabolic Disorders Of Biological Oxidation Enzymes R-HSA-5579029,Reactome_2022,1.2097725494912763,Upregulated,0.6175878870311515,13/26,22.82%
Carboxy-Lyase Activity (GO:0016831),GO_Molecular_Function_2025,1.2095673831708018,Upregulated,0.6172109117647944,11/25,32.55%
Positive Regulation of Transcription Initiation by RNA Polymerase II (GO:0060261),GO_Biological_Process_2025,1.2084062500840027,Upregulated,0.619849004130955,23/51,28.20%
Aquaporin-mediated Transport R-HSA-445717,Reactome_2022,1.2083709441390815,Upregulated,0.6189054236647563,9/41,10.80%
Base Excision Repair R-HSA-73884,Reactome_2022,1.2079219002125003,Upregulated,0.6192051906822903,10/52,9.37%
Lysophosphatidic Acid Acyltransferase Activity (GO:0042171),GO_Molecular_Function_2025,1.2067488189447453,Upregulated,0.6218154636697761,8/22,19.07%
Positive Regulation of Reproductive Process (GO:2000243),GO_Biological_Process_2025,1.2060777786795478,Upregulated,0.6227539222852143,14/26,36.17%
Negative Regulation of Intracellular Protein Transport (GO:0090317),GO_Biological_Process_2025,1.2059802500020875,Upregulated,0.6219880763560599,5/16,15.72%
Recycling Endosome Membrane (GO:0055038),GO_Cellular_Component_2025,1.2057453863274346,Upregulated,0.6216749593371449,19/63,19.79%
Intraciliary Anterograde Transport (GO:0035720),GO_Biological_Process_2025,1.2054051341947656,Upregulated,0.6216338880028992,7/17,19.97%
Focal Adhesion (GO:0005925),GO_Cellular_Component_2025,1.2052628151555689,Upregulated,0.621036939462851,108/362,24.96%
Extracellular Matrix Organization (GO:0030198),GO_Biological_Process_2025,1.2050222549636818,Upregulated,0.6206808615410909,43/154,22.96%
Excitatory Postsynaptic Potential (GO:0060079),GO_Biological_Process_2025,1.204907268796828,Upregulated,0.6199845502387191,6/17,13.48%
Cardiac Conduction System Development (GO:0003161),GO_Biological_Process_2025,1.2047603657654218,Upregulated,0.6194150155588617,10/23,18.69%
Protein Phosphatase Regulator Activity (GO:0019888),GO_Molecular_Function_2025,1.204285414817072,Upregulated,0.6199600715821233,25/68,24.07%
Glucuronosyltransferase Activity (GO:0015020),GO_Molecular_Function_2025,1.2038082535055807,Upregulated,0.620326705540413,3/16,5.39%
Establishment of Endothelial Barrier (GO:0061028),GO_Biological_Process_2025,1.2035800395921292,Upregulated,0.6199936272700042,8/27,15.45%
Synapse Assembly (GO:0007416),GO_Biological_Process_2025,1.2033091956932582,Upregulated,0.6198269210007668,26/74,26.13%
Protein Secretion (GO:0009306),GO_Biological_Process_2025,1.2025284064286763,Upregulated,0.6213991666000436,19/52,23.43%
Hypertrophy Model WP516,WikiPathways_2024_Human,1.2022316810010374,Upregulated,0.6212909401324419,8/17,30.77%
ATP Biosynthetic Process (GO:0006754),GO_Biological_Process_2025,1.202059197174827,Upregulated,0.6208100756137656,9/22,27.16%
Nicotinamide Salvaging R-HSA-197264,Reactome_2022,1.202041200284742,Upregulated,0.6198423055670148,6/18,19.87%
Release of Cytochrome C From Mitochondria (GO:0001836),GO_Biological_Process_2025,1.2017000098135788,Upregulated,0.6199343972074505,2/16,9.27%
Regulation of Granulocyte Chemotaxis (GO:0071622),GO_Biological_Process_2025,1.201373577540999,Upregulated,0.6199277435661299,9/18,27.44%
Positive Regulation of Fat Cell Differentiation (GO:0045600),GO_Biological_Process_2025,1.2012995725058375,Upregulated,0.6191547999248669,15/46,22.76%
Negative Regulation of Extrinsic Apoptotic Signaling Pathway in Absence of Ligand (GO:2001240),GO_Biological_Process_2025,1.2010555584299656,Upregulated,0.6178746562446589,11/22,23.11%
Negative Regulation of Signal Transduction in Absence of Ligand (GO:1901099),GO_Biological_Process_2025,1.2010555584299656,Upregulated,0.6178746562446589,11/22,23.11%
Synaptic Vesicle Membrane (GO:0030672),GO_Cellular_Component_2025,1.2006656495815384,Upregulated,0.6181899200946483,14/60,11.98%
Acylglycerol Catabolic Process (GO:0046464),GO_Biological_Process_2025,1.1987043325127886,Upregulated,0.6232302511712445,7/21,27.29%
GABAergic synapse,KEGG_2021_Human,1.1983825168538154,Upregulated,0.6232301325975047,13/72,10.80%
Protein Localization to Endoplasmic Reticulum (GO:0070972),GO_Biological_Process_2025,1.1976983048431793,Upregulated,0.6243465322755014,6/18,19.98%
Serotonergic synapse,KEGG_2021_Human,1.197107637840504,Upregulated,0.6251756970304321,18/84,12.02%
Glucagon Signaling In Metabolic Regulation R-HSA-163359,Reactome_2022,1.1965290309842331,Upregulated,0.6259864354642622,6/27,10.80%
Cardiac Atrium Morphogenesis (GO:0003209),GO_Biological_Process_2025,1.1960992388667229,Upregulated,0.6263260295698176,4/17,7.48%
Mitochondrial Ribosome (GO:0005761),GO_Cellular_Component_2025,1.1960800105605225,Upregulated,0.6253592576073571,8/21,28.60%
RNA Polymerase III Transcription Termination R-HSA-73980,Reactome_2022,1.1958616428775466,Upregulated,0.6250674100489038,8/19,21.77%
Circadian entrainment,KEGG_2021_Human,1.1945702325689742,Upregulated,0.6279620542686871,16/81,11.86%
Mannose type O-glycan biosynthesis,KEGG_2021_Human,1.1943342763328906,Upregulated,0.6277514663270782,11/21,30.87%
RHO GTPases Activate ROCKs R-HSA-5627117,Reactome_2022,1.1942814232551493,Upregulated,0.6268963731118499,5/19,11.78%
Dorsal/Ventral Pattern Formation (GO:0009953),GO_Biological_Process_2025,1.1939363864891506,Upregulated,0.6269577579384109,9/21,22.96%
Guanyl Ribonucleotide Binding (GO:0032561),GO_Molecular_Function_2025,1.1938759132329329,Upregulated,0.6261390335282929,49/203,21.19%
Central Nervous System Development (GO:0007417),GO_Biological_Process_2025,1.19152697657047,Upregulated,0.6326261275574684,56/224,18.73%
Synaptic Adhesion-Like Molecules R-HSA-8849932,Reactome_2022,1.1910734108611472,Upregulated,0.6329824541937782,9/18,27.97%
IRAK4 Deficiency (TLR2/4) R-HSA-5603041,Reactome_2022,1.1905584306055697,Upregulated,0.6336364090528086,3/15,8.09%
Reticulophagy (GO:0061709),GO_Biological_Process_2025,1.1904714323687218,Upregulated,0.63291511467933,7/19,19.20%
Regulation of Monoatomic Ion Transport (GO:0043269),GO_Biological_Process_2025,1.1899773728590437,Upregulated,0.6334682502833306,5/21,11.86%
Metal Ion Binding (GO:0046872),GO_Molecular_Function_2025,1.1874839505444263,Upregulated,0.6405098784006481,79/433,12.20%
Adenine Nucleotide Transmembrane Transporter Activity (GO:0000295),GO_Molecular_Function_2025,1.1873851370163897,Upregulated,0.639825894872952,5/16,14.69%
Regulation of Macrophage Chemotaxis (GO:0010758),GO_Biological_Process_2025,1.187196630494712,Upregulated,0.6394634750135632,4/20,4.70%
Negative Regulation of Supramolecular Fiber Organization (GO:1902904),GO_Biological_Process_2025,1.185641581712225,Upregulated,0.6434607954956756,20/72,21.30%
Macrophage Differentiation (GO:0030225),GO_Biological_Process_2025,1.1848810840312467,Upregulated,0.6449276851072803,3/23,3.16%
Embryonic Heart Tube Morphogenesis (GO:0003143),GO_Biological_Process_2025,1.184870815705008,Upregulated,0.6439384228378253,13/39,22.40%
Synthesis Of Ceramides And 1 Deoxyceramides WP5194,WikiPathways_2024_Human,1.18473086089359,Upregulated,0.6433585276082542,3/21,4.16%
Regulation of Neurotransmitter Receptor Activity (GO:0099601),GO_Biological_Process_2025,1.183995590808826,Upregulated,0.6447476765414625,5/15,13.48%
Cell Junction Maintenance (GO:0034331),GO_Biological_Process_2025,1.1834069894524957,Upregulated,0.645559170158938,8/16,26.80%
Defense Response to Gram-positive Bacterium (GO:0050830),GO_Biological_Process_2025,1.1829344539852455,Upregulated,0.6460193758132845,10/50,17.14%
Mechanoreg And Pathology Of YAP TAZ Hippo And Non Hippo Mechs WP4534,WikiPathways_2024_Human,1.182822841750919,Upregulated,0.6453338806184139,9/45,7.13%
Positive Regulation of Canonical Wnt Signaling Pathway (GO:0090263),GO_Biological_Process_2025,1.181132299987978,Upregulated,0.64971796647641,31/85,28.20%
Polymeric Cytoskeletal Fiber (GO:0099513),GO_Cellular_Component_2025,1.1807422605910318,Upregulated,0.6499418953170021,60/242,18.17%
Positive Regulation of Response to Wounding (GO:1903036),GO_Biological_Process_2025,1.1798158108710224,Upregulated,0.6519356535243296,9/24,18.34%
Regulation of Endothelial Cell Migration (GO:0010594),GO_Biological_Process_2025,1.179430860966926,Upregulated,0.6521742429834749,30/82,22.81%
Regulation of Tissue Remodeling (GO:0034103),GO_Biological_Process_2025,1.1792543226477918,Upregulated,0.6517073319014124,6/18,25.06%
Positive Regulation of Striated Muscle Cell Differentiation (GO:0051155),GO_Biological_Process_2025,1.1785407609080212,Upregulated,0.6530366567245975,11/19,27.60%
GTP Binding (GO:0005525),GO_Molecular_Function_2025,1.178461699098936,Upregulated,0.6522628684290659,45/182,21.73%
G Beta:Gamma Signaling Thru BTK R-HSA-8964315,Reactome_2022,1.1784614030046314,Upregulated,0.6512572261434896,4/15,10.80%
Establishment of Epithelial Cell Polarity (GO:0090162),GO_Biological_Process_2025,1.1779676778092554,Upregulated,0.6518284313043046,5/18,11.07%
Regulation of Ras Protein Signal Transduction (GO:0046578),GO_Biological_Process_2025,1.1751108403385873,Upregulated,0.6600296408854505,15/29,29.17%
Antimicrobial Peptides R-HSA-6803157,Reactome_2022,1.1744585402616232,Upregulated,0.6610357989361714,8/32,14.31%
Small Ligand GPCRs WP247,WikiPathways_2024_Human,1.1733294230454243,Upregulated,0.6637069005209892,6/15,19.14%
Retinoid Binding (GO:0005501),GO_Molecular_Function_2025,1.1726390584234427,Upregulated,0.6648811422604168,7/17,22.62%
Lipoprotein Particle Receptor Binding (GO:0070325),GO_Molecular_Function_2025,1.1719267121871186,Upregulated,0.6662233886521761,8/24,19.93%
Supramolecular Fiber Organization (GO:0097435),GO_Biological_Process_2025,1.170678991685935,Upregulated,0.6692601256613101,88/282,25.77%
Coated Vesicle (GO:0030135),GO_Cellular_Component_2025,1.1706409395221444,Upregulated,0.668361431550466,19/77,17.91%
Neuron Migration (GO:0001764),GO_Biological_Process_2025,1.1695227258472896,Upregulated,0.6709530801186204,9/53,7.70%
Potassium Ion Transport (GO:0006813),GO_Biological_Process_2025,1.1682390778755878,Upregulated,0.6740251949355368,28/96,17.93%
Nervous System Development (GO:0007399),GO_Biological_Process_2025,1.167982836251785,Upregulated,0.6738805049255441,117/388,25.51%
Negative Regulation of Protein Binding (GO:0032091),GO_Biological_Process_2025,1.1670200388456806,Upregulated,0.6760274953066079,11/45,17.24%
Protein Phosphatase Inhibitor Activity (GO:0004864),GO_Molecular_Function_2025,1.1667718553954043,Upregulated,0.6758142518402475,14/30,24.48%
Regulation of Endothelial Cell Proliferation (GO:0001936),GO_Biological_Process_2025,1.1663887618213322,Upregulated,0.6761090067043805,29/80,25.08%
Small GTPase-mediated Signal Transduction (GO:0007264),GO_Biological_Process_2025,1.1656784987802844,Upregulated,0.6773429791206035,44/174,18.04%
Activin Receptor Signaling Pathway (GO:0032924),GO_Biological_Process_2025,1.165596811971069,Upregulated,0.6766119505012812,5/21,16.16%
Synaptic Vesicle Pathway WP2267,WikiPathways_2024_Human,1.1655208066103744,Upregulated,0.6758467011173822,15/46,17.62%
HSP90 Chaperone Cycle For Steroid Hormone Receptors (SHR) In Presence Of Ligand R-HSA-3371497,Reactome_2022,1.165336047241906,Upregulated,0.6754377340031053,17/35,28.11%
External Encapsulating Structure Organization (GO:0045229),GO_Biological_Process_2025,1.164356252726447,Upregulated,0.6776614974232444,20/93,15.90%
Cellular Response to Hypoxia (GO:0071456),GO_Biological_Process_2025,1.164349113444871,Upregulated,0.6766684770999428,27/74,27.64%
Trans Sulfuration One Carbon Metabolism And Related Pathways WP2525,WikiPathways_2024_Human,1.162998030812348,Upregulated,0.6800109086964736,18/61,15.31%
Glycosylation And Related Congenital Defects WP4521,WikiPathways_2024_Human,1.1628631398567193,Upregulated,0.6794053599498864,8/24,19.82%
Calcium Regulation In Cardiac Cells WP536,WikiPathways_2024_Human,1.1616834906712534,Upregulated,0.6822885392578208,28/140,12.76%
"Glycine, serine and threonine metabolism",KEGG_2021_Human,1.1613847723817468,Upregulated,0.6822640911964283,14/34,23.40%
Pluripotent Stem Cell Differentiation Pathway WP2848,WikiPathways_2024_Human,1.1612383271708164,Upregulated,0.6817094771543872,9/39,12.57%
Intraflagellar Transport R-HSA-5620924,Reactome_2022,1.1606807703277655,Upregulated,0.682513678344348,12/36,19.97%
Establishment of Chromosome Localization (GO:0051303),GO_Biological_Process_2025,1.1604970141984097,Upregulated,0.6821218099151631,7/17,23.38%
NRP1 Triggered Signaling In Pancreatic Cancer WP5144,WikiPathways_2024_Human,1.1601470087543633,Upregulated,0.6822434587588369,18/53,24.26%
Endoplasmic Reticulum Tubular Network Organization (GO:0071786),GO_Biological_Process_2025,1.1596896354425057,Upregulated,0.6828250668731002,9/18,21.91%
Regulation of Cold-Induced Thermogenesis (GO:0120161),GO_Biological_Process_2025,1.159445002487858,Upregulated,0.6825952296387274,23/132,10.16%
Cell-Cell Junction (GO:0005911),GO_Cellular_Component_2025,1.1583817293844854,Upregulated,0.6851031919537298,65/282,18.23%
Depolymerisation Of Nuclear Lamina R-HSA-4419969,Reactome_2022,1.1583089538645976,Upregulated,0.6843245334046574,4/15,10.15%
Positive Regulation of Protein Localization to Plasma Membrane (GO:1903078),GO_Biological_Process_2025,1.156643080582581,Upregulated,0.6888012121664994,6/53,4.52%
Phase I - Functionalization Of Compounds R-HSA-211945,Reactome_2022,1.1563963157732895,Upregulated,0.6885935439107005,32/80,27.76%
RHO GTPases Activate PAKs R-HSA-5627123,Reactome_2022,1.1555472263707185,Upregulated,0.6904089640004193,10/20,24.07%
Positive Regulation of Stress Fiber Assembly (GO:0051496),GO_Biological_Process_2025,1.154587886603269,Upregulated,0.6923984758823336,16/41,23.67%
ECM Proteoglycans R-HSA-3000178,Reactome_2022,1.154562025451824,Upregulated,0.691471055812041,12/48,13.40%
Nicotine addiction,KEGG_2021_Human,1.1540776872929954,Upregulated,0.6921292314895993,8/24,23.59%
Protein Phosphatase 2A Binding (GO:0051721),GO_Molecular_Function_2025,1.1537722516148443,Upregulated,0.6920721705293725,8/24,19.39%
Metabolism Of Nitric Oxide: NOS3 Activation And Regulation R-HSA-202131,Reactome_2022,1.1529232625364023,Upregulated,0.6938188564345464,8/15,28.84%
Sema4D In Semaphorin Signaling R-HSA-400685,Reactome_2022,1.1524791218814825,Upregulated,0.694252806638058,5/23,11.78%
Adherens Junction Organization (GO:0034332),GO_Biological_Process_2025,1.1508715389386013,Upregulated,0.6986881904773105,6/28,8.86%
Brain Development (GO:0007420),GO_Biological_Process_2025,1.1503040574250225,Upregulated,0.6995823303222931,34/132,18.73%
Axon guidance,KEGG_2021_Human,1.150218326098878,Upregulated,0.6988650724956879,39/168,15.16%
Long-Chain fatty-acyl-CoA Biosynthetic Process (GO:0035338),GO_Biological_Process_2025,1.1498825776890875,Upregulated,0.698968857099075,5/15,14.07%
Negative Regulation of Amyloid Precursor Protein Catabolic Process (GO:1902992),GO_Biological_Process_2025,1.148622939931181,Upregulated,0.7022015723302656,6/17,17.10%
Transcription-Coupled Nucleotide Excision Repair (TC-NER) R-HSA-6781827,Reactome_2022,1.148364169624457,Upregulated,0.7020168182482001,15/75,12.19%
Eye Morphogenesis (GO:0048592),GO_Biological_Process_2025,1.1482923489836896,Upregulated,0.7012503084585233,11/22,26.40%
Pigment Biosynthetic Process (GO:0046148),GO_Biological_Process_2025,1.1472420346741068,Upregulated,0.7037592678797857,8/21,22.25%
Postsynaptic Specialization Membrane (GO:0099634),GO_Cellular_Component_2025,1.1468815716357448,Upregulated,0.7039235259646699,10/35,18.33%
Neurotransmitter Release Cycle R-HSA-112310,Reactome_2022,1.1466943694034837,Upregulated,0.7035583464727951,15/46,20.13%
Membrane Repolarization (GO:0086009),GO_Biological_Process_2025,1.1462323166562818,Upregulated,0.7040557249457715,5/16,13.92%
Negative Regulation of Amyloid-Beta Formation (GO:1902430),GO_Biological_Process_2025,1.1457430333403773,Upregulated,0.7046806671102902,6/16,17.10%
Triacylglyceride Synthesis WP325,WikiPathways_2024_Human,1.1448107545223274,Upregulated,0.7066987846316861,9/22,25.31%
Chordate Embryonic Development (GO:0043009),GO_Biological_Process_2025,1.1442759307752317,Upregulated,0.7074364632684774,20/59,22.58%
Xenobiotic Transport (GO:0042908),GO_Biological_Process_2025,1.143143127607913,Upregulated,0.7103072641489049,5/17,8.74%
Skeletal Muscle Organ Development (GO:0060538),GO_Biological_Process_2025,1.1430171336662516,Upregulated,0.7097609279094269,7/28,15.21%
G-protein Activation R-HSA-202040,Reactome_2022,1.1425483380795447,Upregulated,0.7103539061790431,6/19,20.76%
Sphingolipid De Novo Biosynthesis R-HSA-1660661,Reactome_2022,1.1422949227683434,Upregulated,0.7102041359478249,16/42,29.56%
GTPase Activity (GO:0003924),GO_Molecular_Function_2025,1.1419196495370552,Upregulated,0.7104025648167355,59/238,22.68%
G Beta:Gamma Signaling Thru PI3Kgamma R-HSA-392451,Reactome_2022,1.1414685756661125,Upregulated,0.710891924164307,5/22,10.80%
Negative Regulation of Cell Migration (GO:0030336),GO_Biological_Process_2025,1.1412484619798935,Upregulated,0.71060331106056,42/169,17.17%
Cellular Response to Topologically Incorrect Protein (GO:0035967),GO_Biological_Process_2025,1.140506540845078,Upregulated,0.712065207562643,12/26,25.61%
Positive Regulation of Calcium Ion Transport (GO:0051928),GO_Biological_Process_2025,1.1394081837845351,Upregulated,0.7146375490794397,11/28,18.34%
Regulation of Axonogenesis (GO:0050770),GO_Biological_Process_2025,1.1393637980015303,Upregulated,0.7137810358475529,17/35,31.25%
Positive Regulation of Calcium Ion Transmembrane Transporter Activity (GO:1901021),GO_Biological_Process_2025,1.1388613852261618,Upregulated,0.7144894861532997,7/18,17.08%
Differentiation Of White And Brown Adipocyte WP2895,WikiPathways_2024_Human,1.1381458075688478,Upregulated,0.7158756511752943,9/21,28.36%
COPI-independent Golgi-to-ER Retrograde Traffic R-HSA-6811436,Reactome_2022,1.1371769414084727,Upregulated,0.7182050298023905,12/32,23.73%
Meiotic Synapsis R-HSA-1221632,Reactome_2022,1.1370986446352795,Upregulated,0.717441769954782,8/35,11.27%
Regulation of Lipid Metabolic Process (GO:0019216),GO_Biological_Process_2025,1.1367695708032264,Upregulated,0.7175486329089964,14/48,15.75%
Multivesicular Body Assembly (GO:0036258),GO_Biological_Process_2025,1.135016271780673,Upregulated,0.7225067232964294,6/26,17.43%
Regulation of Oxidative Stress-Induced Intrinsic Apoptotic Signaling Pathway (GO:1902175),GO_Biological_Process_2025,1.134915001917468,Upregulated,0.7218382110932015,7/20,17.67%
Negative Regulation of SMAD Protein Signal Transduction (GO:0060392),GO_Biological_Process_2025,1.1341920583839946,Upregulated,0.7233168234452625,8/21,20.09%
Homologous recombination,KEGG_2021_Human,1.133933238198625,Upregulated,0.7231767883631081,18/39,29.91%
Cardiac Conduction R-HSA-5576891,Reactome_2022,1.133170644766491,Upregulated,0.7247778550137053,28/108,17.66%
Reg of Mt Outer Membrane Permeabilization Inv in Apoptotic Sgnlng Pway (GO:1901028),GO_Biological_Process_2025,1.133068704965719,Upregulated,0.7241255102858909,6/19,21.39%
Negative Regulation of Protein Modification Process (GO:0031400),GO_Biological_Process_2025,1.1323535876740154,Upregulated,0.7255282127915778,10/42,15.72%
HSF1-dependent Transactivation R-HSA-3371571,Reactome_2022,1.1321718276630766,Upregulated,0.7251668483981915,17/31,26.98%
Fatty Acid Biosynthetic Process (GO:0006633),GO_Biological_Process_2025,1.1319849439414968,Upregulated,0.7248331292454675,20/55,27.47%
Protein Localization to Mitochondrion (GO:0070585),GO_Biological_Process_2025,1.1319042969708335,Upregulated,0.724117765005747,4/17,6.38%
Multivesicular Body Organization (GO:0036257),GO_Biological_Process_2025,1.1318348160596383,Upregulated,0.7233622865420118,6/27,17.43%
Signaling By Activin R-HSA-1502540,Reactome_2022,1.131501908475059,Upregulated,0.7235289367147298,8/15,33.74%
Chaperonin-mediated Protein Folding R-HSA-390466,Reactome_2022,1.1310920861036158,Upregulated,0.7238894909283211,12/79,10.80%
Alcoholism,KEGG_2021_Human,1.130842390341834,Upregulated,0.723771541516645,18/109,11.92%
HSF1 Activation R-HSA-3371511,Reactome_2022,1.130543940525244,Upregulated,0.7238102995978192,13/26,26.79%
Actin Binding (GO:0003779),GO_Molecular_Function_2025,1.130340200704158,Upregulated,0.7235421071825462,40/170,17.63%
Regulation of Angiogenesis (GO:0045765),GO_Biological_Process_2025,1.1288912050860032,Upregulated,0.7273877924585168,57/191,25.20%
GDNF RET Signaling Axis WP4830,WikiPathways_2024_Human,1.1288044645548587,Upregulated,0.7266701579082129,10/25,17.90%
Regulation of Developmental Growth (GO:0048638),GO_Biological_Process_2025,1.1286253471551424,Upregulated,0.7263257866142528,7/33,9.06%
intra-Golgi Vesicle-Mediated Transport (GO:0006891),GO_Biological_Process_2025,1.1283447122596688,Upregulated,0.7262612772258384,6/29,11.21%
Liver Development (GO:0001889),GO_Biological_Process_2025,1.1282584318165014,Upregulated,0.7255644715933427,10/27,28.56%
Negative Regulation of Transferase Activity (GO:0051348),GO_Biological_Process_2025,1.126839164928152,Upregulated,0.7293694011265159,2/18,2.66%
Fatty Acid Beta-Oxidation (GO:0006635),GO_Biological_Process_2025,1.1262827632148795,Upregulated,0.730262979074669,17/48,21.59%
Activation Of Gene Expression By SREBF (SREBP) R-HSA-2426168,Reactome_2022,1.126280802872535,Upregulated,0.7292785569096972,12/41,22.51%
Regulation of Protein Secretion (GO:0050708),GO_Biological_Process_2025,1.1260814212169863,Upregulated,0.7290040749590665,15/80,12.57%
Binding And Uptake Of Ligands By Scavenger Receptors R-HSA-2173782,Reactome_2022,1.1260321277850085,Upregulated,0.7281997669677156,16/39,23.34%
Positive Regulation by Host of Viral Process (GO:0044794),GO_Biological_Process_2025,1.1259874032332655,Upregulated,0.727348861729868,4/16,7.90%
Negative Regulation of Cellular Process (GO:0048523),GO_Biological_Process_2025,1.1255985587091974,Upregulated,0.7277186707869395,116/464,21.42%
Regulation of Amyloid Fibril Formation (GO:1905906),GO_Biological_Process_2025,1.1254315704407631,Upregulated,0.7273051075712792,3/15,12.12%
Organelle Fusion (GO:0048284),GO_Biological_Process_2025,1.124603699190277,Upregulated,0.7291589503404389,9/26,20.02%
Arrhythmogenic Right Ventricular Cardiomyopathy WP2118,WikiPathways_2024_Human,1.1243830481119528,Upregulated,0.7289040739721108,16/68,13.40%
Neurogenesis (GO:0022008),GO_Biological_Process_2025,1.1243128075795743,Upregulated,0.7281558527246078,14/53,21.12%
Regulation of Filopodium Assembly (GO:0051489),GO_Biological_Process_2025,1.1227797056383282,Upregulated,0.7322014110467641,6/37,7.97%
Extracellular Structure Organization (GO:0043062),GO_Biological_Process_2025,1.12263378036429,Upregulated,0.731696609987842,20/94,15.90%
Fibroblast Growth Factor Binding (GO:0017134),GO_Molecular_Function_2025,1.1213603330160329,Upregulated,0.7350084507429774,11/19,29.39%
G2/M Transition of Mitotic Cell Cycle (GO:0000086),GO_Biological_Process_2025,1.1210059330019082,Upregulated,0.7352421114439315,9/39,12.84%
Regulation of Amyloid-Beta Formation (GO:1902003),GO_Biological_Process_2025,1.1201931758937036,Upregulated,0.7370618019156904,5/32,8.24%
Epithelial Cell Differentiation (GO:0030855),GO_Biological_Process_2025,1.1195017850454947,Upregulated,0.7382990166996477,40/94,33.36%
ncRNAs In Wnt Signaling In Hepatocellular Carcinoma WP4336,WikiPathways_2024_Human,1.1189987243782775,Upregulated,0.7390627014441128,19/77,17.10%
Regulation of Nuclear Division (GO:0051783),GO_Biological_Process_2025,1.1188655390489752,Upregulated,0.7385315389840607,6/18,13.76%
Positive Regulation of Proteasomal Ubiquitin-Dependent Protein Catabolic Process (GO:0032436),GO_Biological_Process_2025,1.1187769173001525,Upregulated,0.7378528839760378,17/70,18.22%
Regulation of Mitochondrial Membrane Potential (GO:0051881),GO_Biological_Process_2025,1.1183091118205637,Upregulated,0.7384622537504324,9/32,15.72%
Long-Chain Fatty Acid Transport (GO:0015909),GO_Biological_Process_2025,1.118265490114592,Upregulated,0.7376454594761102,4/23,8.45%
Dendritic Spine Organization (GO:0097061),GO_Biological_Process_2025,1.1176442672393745,Upregulated,0.7387439729712829,10/25,24.95%
Regulation of DNA-templated DNA Replication (GO:0090329),GO_Biological_Process_2025,1.1176374082424292,Upregulated,0.7377945936652591,7/17,26.13%
BMP Binding (GO:0036122),GO_Molecular_Function_2025,1.1175995380569514,Upregulated,0.7369734334725402,6/15,18.73%
TGF-beta Receptor Signaling Activates SMADs R-HSA-2173789,Reactome_2022,1.1167675974888598,Upregulated,0.7388145228194692,15/44,23.72%
Regulation Of Cholesterol Biosynthesis By SREBP (SREBF) R-HSA-1655829,Reactome_2022,1.11642132265731,Upregulated,0.7390701031146706,15/54,22.51%
Lipid Phosphatase Activity (GO:0042577),GO_Molecular_Function_2025,1.1156886725524926,Upregulated,0.7405363531871737,5/16,20.23%
- Reg of Transmembrane Receptor Prot Serine/Threonine Kinase Sgnlng Pway (GO:0090101),GO_Biological_Process_2025,1.1153404742822286,Upregulated,0.740743827030389,31/115,20.64%
Regulation of Protein Modification Process (GO:0031399),GO_Biological_Process_2025,1.1142933974870308,Upregulated,0.7432327665689247,4/29,4.66%
Regulation of Intrinsic Apoptotic Signaling Pathway (GO:2001242),GO_Biological_Process_2025,1.113829299757619,Upregulated,0.7439058398959293,6/43,9.27%
Exocytic Vesicle Membrane (GO:0099501),GO_Cellular_Component_2025,1.1133536420980974,Upregulated,0.7445520380767155,13/59,11.98%
Regulation of Transcription Initiation by RNA Polymerase II (GO:0060260),GO_Biological_Process_2025,1.1131083182592916,Upregulated,0.744423864252101,24/56,28.20%
Dendrite (GO:0030425),GO_Cellular_Component_2025,1.1129649655721487,Upregulated,0.7439200953609559,60/240,19.39%
Activation Of Kainate Receptors Upon Glutamate Binding R-HSA-451326,Reactome_2022,1.1114255884545583,Upregulated,0.7482191005678668,6/25,10.80%
Positive Regulation of DNA-templated Transcription Initiation (GO:2000144),GO_Biological_Process_2025,1.1110938307614244,Upregulated,0.7483897749534372,25/56,28.20%
Sulfotransferase Activity (GO:0008146),GO_Molecular_Function_2025,1.1105557217134503,Upregulated,0.7492611035416439,9/25,19.57%
Positive Regulation of Cell Projection Organization (GO:0031346),GO_Biological_Process_2025,1.1100562972392802,Upregulated,0.7500304559431076,27/110,15.43%
Negative Regulation of Myeloid Leukocyte Differentiation (GO:0002762),GO_Biological_Process_2025,1.109857769821311,Upregulated,0.7497229549220626,12/29,31.51%
Nuclear Receptors Meta Pathway WP2882,WikiPathways_2024_Human,1.1098169271814928,Upregulated,0.748903330971586,78/260,26.24%
Xenobiotics R-HSA-211981,Reactome_2022,1.108916497785065,Upregulated,0.7509399512709881,7/15,26.24%
Sterol Regulatory Element Binding Proteins SREBP Signaling WP1982,WikiPathways_2024_Human,1.1083892568732574,Upregulated,0.7517972573035392,10/66,10.16%
Late SARS-CoV-2 Infection Events R-HSA-9772573,Reactome_2022,1.1081751154858128,Upregulated,0.7515530658884095,21/53,29.12%
Establishment of Protein Localization to Mitochondrial Membrane (GO:0090151),GO_Biological_Process_2025,1.1079647622873483,Upregulated,0.7513301167743568,11/24,30.95%
Golgi Organization (GO:0007030),GO_Biological_Process_2025,1.107755231461514,Upregulated,0.751097441414994,29/122,18.15%
Monocarboxylic Acid Binding (GO:0033293),GO_Molecular_Function_2025,1.1077546957116922,Upregulated,0.7501414654816345,7/16,22.62%
Serine-Type Endopeptidase Activity (GO:0004252),GO_Molecular_Function_2025,1.1076004163244992,Upregulated,0.7497024265189628,24/95,17.06%
Positive Regulation of ATP-dependent Activity (GO:0032781),GO_Biological_Process_2025,1.1070402986212258,Upregulated,0.7506224550799813,6/29,9.91%
Positive Regulation of Ubiquitin-Dependent Protein Catabolic Process (GO:2000060),GO_Biological_Process_2025,1.1064039926752884,Upregulated,0.7518095467456019,20/85,18.22%
Positive Regulation of Macromolecule Biosynthetic Process (GO:0010557),GO_Biological_Process_2025,1.105452859497685,Upregulated,0.7541169224475821,66/309,17.46%
Potassium Ion Transmembrane Transport (GO:0071805),GO_Biological_Process_2025,1.105144900501933,Upregulated,0.7541358765488887,28/100,17.93%
Secretory Granule Lumen (GO:0034774),GO_Cellular_Component_2025,1.1049624002376337,Upregulated,0.7537812982752624,53/271,17.30%
Glycerophospholipid Biosynthesis R-HSA-1483206,Reactome_2022,1.104853329117533,Upregulated,0.753188114150005,31/116,20.23%
Frizzled Binding (GO:0005109),GO_Molecular_Function_2025,1.1041622680282894,Upregulated,0.754555832066575,8/29,20.35%
Carbohydrate Derivative Transport (GO:1901264),GO_Biological_Process_2025,1.1036057904566154,Upregulated,0.7554077398060349,5/17,13.16%
Filopodium (GO:0030175),GO_Cellular_Component_2025,1.1029873570338609,Upregulated,0.756565140112483,14/55,17.63%
Positive Regulation of Cell Cycle (GO:0045787),GO_Biological_Process_2025,1.1027693579787328,Upregulated,0.7563800934606717,8/56,10.82%
Vascular smooth muscle contraction,KEGG_2021_Human,1.102560493080497,Upregulated,0.7562015882941459,24/120,14.27%
trans-Golgi Network Transport Vesicle (GO:0030140),GO_Cellular_Component_2025,1.10203145870204,Upregulated,0.756975339973183,9/15,33.45%
Regulation of Cellular Senescence (GO:2000772),GO_Biological_Process_2025,1.1013306778626557,Upregulated,0.7584411729369999,9/30,21.80%
Ion Channel Regulator Activity (GO:0099106),GO_Molecular_Function_2025,1.1013018287315193,Upregulated,0.7576039288985242,18/99,12.06%
Regulation of Brown Fat Cell Differentiation (GO:0090335),GO_Biological_Process_2025,1.1011209285839263,Upregulated,0.7572716170457222,5/16,17.32%
Kinase Inhibitor Activity (GO:0019210),GO_Molecular_Function_2025,1.1003488563438342,Upregulated,0.7589751475039681,5/36,6.56%
Glycerolipids And Glycerophospholipids WP4722,WikiPathways_2024_Human,1.1002527703890974,Upregulated,0.7583393952535279,7/22,20.02%
Actin Filament Bundle Organization (GO:0061572),GO_Biological_Process_2025,1.099980459331119,Upregulated,0.7583186269457881,15/33,29.15%
Resolution Of Sister Chromatid Cohesion R-HSA-2500257,Reactome_2022,1.0988810160871132,Upregulated,0.76096604214651,18/102,11.27%
Dendrite Membrane (GO:0032590),GO_Cellular_Component_2025,1.0987515764299447,Upregulated,0.7604733911418865,7/22,21.44%
Mesenchymal Cell Migration (GO:0090497),GO_Biological_Process_2025,1.0983513925380646,Upregulated,0.7608451283764743,14/31,25.12%
Glycerolipid Catabolic Process (GO:0046503),GO_Biological_Process_2025,1.0981213578293778,Upregulated,0.7606944910187019,7/16,21.19%
Ub-dep Prot Cat Proc via Multivsiclr Bdy Sorting Pway (GO:0043162),GO_Biological_Process_2025,1.0981052354079337,Upregulated,0.7598178890050501,6/30,17.43%
Negative Regulation of Release of Cytochrome C From Mitochondria (GO:0090201),GO_Biological_Process_2025,1.0977957781679992,Upregulated,0.7599608633647666,5/15,13.99%
G Protein-Coupled Peptide Receptor Activity (GO:0008528),GO_Molecular_Function_2025,1.0974271712983623,Upregulated,0.7602438153570672,17/47,24.04%
Embryonic Digestive Tract Development (GO:0048566),GO_Biological_Process_2025,1.0971925839293,Upregulated,0.760115536956006,4/19,5.22%
Embryonic Skeletal System Development (GO:0048706),GO_Biological_Process_2025,1.0970704583727058,Upregulated,0.7595954179129756,8/32,12.93%
Positive Regulation of Tumor Necrosis Factor Production (GO:0032760),GO_Biological_Process_2025,1.0964254547442578,Upregulated,0.7608019281975029,6/76,1.42%
Cytoprotection By HMOX1 R-HSA-9707564,Reactome_2022,1.0960520671694909,Upregulated,0.7610883986863409,13/57,19.54%
Mesenchyme Morphogenesis (GO:0072132),GO_Biological_Process_2025,1.0959073278405045,Upregulated,0.7606787958170451,7/15,21.49%
Positive Regulation of Neuron Differentiation (GO:0045666),GO_Biological_Process_2025,1.0957795033341833,Upregulated,0.7601714033922102,14/31,27.60%
Peroxisome,KEGG_2021_Human,1.0955763131305534,Upregulated,0.7598843061414751,22/78,18.45%
COPII-coated Vesicle Budding (GO:0090114),GO_Biological_Process_2025,1.095236719949083,Upregulated,0.7601251636937529,8/37,12.86%
Glycogen Metabolism R-HSA-8982491,Reactome_2022,1.0951339867335783,Upregulated,0.7595366389719681,5/22,7.53%
Copper Homeostasis WP3286,WikiPathways_2024_Human,1.0949715316869226,Upregulated,0.7591550208465685,11/41,19.27%
G Beta:Gamma Signaling Thru CDC42 R-HSA-8964616,Reactome_2022,1.0948136196811793,Upregulated,0.7587870972997907,4/17,10.80%
Glutamate Metabolic Process (GO:0006536),GO_Biological_Process_2025,1.0946299757386346,Upregulated,0.7585132376897513,2/15,1.06%
Cell Cycle WP179,WikiPathways_2024_Human,1.0945911881592654,Upregulated,0.7577091372547337,27/116,19.27%
5Q35 Copy Number Variation WP5380,WikiPathways_2024_Human,1.0944350736250228,Upregulated,0.7573521346944568,19/94,15.96%
Protein Methylation (GO:0006479),GO_Biological_Process_2025,1.0943962365571858,Upregulated,0.7565640940372125,8/22,25.35%
Mitochondrial Gene Expression (GO:0140053),GO_Biological_Process_2025,1.0942190547289392,Upregulated,0.7562044622689272,25/99,22.62%
Epithelial Cell Development (GO:0002064),GO_Biological_Process_2025,1.093908702371748,Upregulated,0.7563272485778436,7/22,17.25%
Positive Regulation of Amide Metabolic Process (GO:0034250),GO_Biological_Process_2025,1.0930196537624686,Upregulated,0.7583755526189823,1/21,0.03%
lncRNA In Canonical Wnt Signaling And Colorectal Cancer WP4258,WikiPathways_2024_Human,1.092814642700236,Upregulated,0.7581414547043752,19/85,17.10%
Neurotransmitter Transport (GO:0006836),GO_Biological_Process_2025,1.0921579517776103,Upregulated,0.7594153332872352,17/42,24.24%
Regulation of Plasma Membrane Bounded Cell Projection Assembly (GO:0120032),GO_Biological_Process_2025,1.0918692446672105,Upregulated,0.7594929204154794,26/71,27.93%
Regulation of Cell-Substrate Adhesion (GO:0010810),GO_Biological_Process_2025,1.0916904831188246,Upregulated,0.7591749951096668,10/41,18.39%
Postsynaptic Density Membrane (GO:0098839),GO_Cellular_Component_2025,1.0906927312988068,Upregulated,0.7616546968278677,9/32,18.33%
Protein Folding R-HSA-391251,Reactome_2022,1.0906673215191969,Upregulated,0.760827470308796,13/85,10.80%
Intracellular Trafficking Proteins Involved In CMT Neuropathy WP4856,WikiPathways_2024_Human,1.0906541153287517,Upregulated,0.759952986971375,12/26,29.60%
Parkin Ubiquitin Proteasomal System Pathway WP2359,WikiPathways_2024_Human,1.0901119880887002,Upregulated,0.7609195158691228,15/62,22.06%
Negative Regulation of Protein Localization to Plasma Membrane (GO:1903077),GO_Biological_Process_2025,1.0899013949414165,Upregulated,0.7607212156888394,4/25,2.55%
Negative Regulation of Extrinsic Apoptotic Signaling Pathway (GO:2001237),GO_Biological_Process_2025,1.0897308117898683,Upregulated,0.7603444570382359,19/67,17.67%
7Q11 23 Distal Copy Number Variation WP5401,WikiPathways_2024_Human,1.0897242561402136,Upregulated,0.7594651100516069,6/18,14.87%
Camera-Type Eye Development (GO:0043010),GO_Biological_Process_2025,1.0895352095586537,Upregulated,0.7591838354980334,9/21,24.78%
13Q12 12 Copy Number Variation WP5406,WikiPathways_2024_Human,1.0889815278879578,Upregulated,0.7601378641203232,17/32,35.86%
Ribonucleoside Triphosphate Phosphatase Activity (GO:0017111),GO_Molecular_Function_2025,1.0889733948442684,Upregulated,0.7592580658445675,60/246,22.68%
MAPK Cascade (GO:0000165),GO_Biological_Process_2025,1.0889094797298244,Upregulated,0.7585687445536005,24/113,17.67%
Negative Regulation of Response to Wounding (GO:1903035),GO_Biological_Process_2025,1.087647583495055,Upregulated,0.7616892786561473,5/20,13.17%
Endocardial Cushion Morphogenesis (GO:0003203),GO_Biological_Process_2025,1.0875960775670448,Upregulated,0.7609815391910025,8/19,21.49%
Citric Acid Cycle (TCA Cycle) R-HSA-71403,Reactome_2022,1.0874428910536995,Upregulated,0.760624234887707,6/20,12.39%
Unattached Kinetochores Signal Amplification Via A MAD2 Inhibitory Signal R-HSA-141444,Reactome_2022,1.0871344930321625,Upregulated,0.7607512768211814,16/89,11.03%
Adrenergic signaling in cardiomyocytes,KEGG_2021_Human,1.0870595935115177,Upregulated,0.7601041865424346,20/133,9.27%
Myometrial Relaxation And Contraction Pathways WP289,WikiPathways_2024_Human,1.0862211859889803,Upregulated,0.7620470517981203,30/142,16.47%
Protein O-linked Mannosylation (GO:0035269),GO_Biological_Process_2025,1.0858545548209415,Upregulated,0.7624024368858551,6/16,21.02%
Neurotransmitter Secretion (GO:0007269),GO_Biological_Process_2025,1.0856104572975378,Upregulated,0.7623041759345824,14/33,26.19%
Axon Guidance WP5289,WikiPathways_2024_Human,1.085384350017622,Upregulated,0.7621645132337286,16/68,12.82%
Synaptic Vesicle Cycle (GO:0099504),GO_Biological_Process_2025,1.0852690602884087,Upregulated,0.7616830583602251,7/41,8.02%
Intra-Golgi And Retrograde Golgi-to-ER Traffic R-HSA-6811442,Reactome_2022,1.0851619107140291,Upregulated,0.7611781876602014,48/168,25.26%
Neural Crest Cell Migration (GO:0001755),GO_Biological_Process_2025,1.084949896978965,Upregulated,0.7609403876076923,14/33,25.12%
Potassium Channel Activity (GO:0005267),GO_Molecular_Function_2025,1.084315268009825,Upregulated,0.7622768402678157,16/53,17.87%
Cardiac Epithelial to Mesenchymal Transition (GO:0060317),GO_Biological_Process_2025,1.0840382710345966,Upregulated,0.7622828875938944,7/18,21.49%
Reg of Blood Vessel Endothelial Cell Proliferation Inv in Sprouting Angiogenesis (GO:1903587),GO_Biological_Process_2025,1.0839119188462305,Upregulated,0.7617975234152546,7/15,25.20%
FGF23 Signaling In Hypophosphatemic Rickets Related Disorders WP4790,WikiPathways_2024_Human,1.0828122375204643,Upregulated,0.7646561571817865,11/17,32.91%
Voltage Gated Potassium Channels R-HSA-1296072,Reactome_2022,1.082807214649578,Upregulated,0.7637782707873507,11/32,17.87%
ATPase Binding (GO:0051117),GO_Molecular_Function_2025,1.0814626772303728,Upregulated,0.7673741953611665,21/69,22.29%
Activation Of GABAB Receptors R-HSA-991365,Reactome_2022,1.081451935921312,Upregulated,0.7665167025812468,7/35,11.86%
Tumor Suppressor Activity Of SMARCB1 WP4204,WikiPathways_2024_Human,1.081307440686723,Upregulated,0.7661254600172726,4/27,3.54%
Gland Development (GO:0048732),GO_Biological_Process_2025,1.0811246309730316,Upregulated,0.7657967043791623,22/57,27.90%
Endopeptidase Regulator Activity (GO:0061135),GO_Molecular_Function_2025,1.0807719055319656,Upregulated,0.7660400070328729,12/41,20.49%
NCAM Signaling For Neurite Out-Growth R-HSA-375165,Reactome_2022,1.080608570938011,Upregulated,0.7656785971111131,15/53,20.38%
Positive Regulation of Macrophage Migration (GO:1905523),GO_Biological_Process_2025,1.0799729958598798,Upregulated,0.7668438571972359,9/19,24.57%
G Beta:Gamma Signaling Thru PLC Beta R-HSA-418217,Reactome_2022,1.0796881231645237,Upregulated,0.7668826450884502,4/17,10.80%
Oxidation By Cytochrome P450 WP43,WikiPathways_2024_Human,1.0787899900459392,Upregulated,0.7690652146110802,18/38,27.27%
Protein Transport (GO:0015031),GO_Biological_Process_2025,1.0785249670649035,Upregulated,0.769054102698207,73/285,24.07%
Arginine and proline metabolism,KEGG_2021_Human,1.0785003373508724,Upregulated,0.768256298038868,15/47,23.40%
Hydrogen Peroxide Metabolic Process (GO:0042743),GO_Biological_Process_2025,1.078337543506597,Upregulated,0.7679142475436757,8/17,15.72%
Receptor-type Tyrosine-Protein Phosphatases R-HSA-388844,Reactome_2022,1.076941861133176,Upregulated,0.7716970213032194,3/16,8.41%
Lipid Droplet (GO:0005811),GO_Cellular_Component_2025,1.0763111121571038,Upregulated,0.7728027109982295,29/78,27.38%
Positive Regulation of Macrophage Activation (GO:0043032),GO_Biological_Process_2025,1.0762579446797311,Upregulated,0.7721424672930906,1/16,0.01%
Positive Regulation of Tumor Necrosis Factor Superfamily Cytokine Production (GO:1903557),GO_Biological_Process_2025,1.075918713886734,Upregulated,0.7724334476434018,6/79,1.42%
YAP1- And WWTR1 (TAZ)-stimulated Gene Expression R-HSA-2032785,Reactome_2022,1.0754241812708,Upregulated,0.773177858467611,7/15,20.90%
Biosynthesis Of N-glycan Precursor (Dolichol LLO) And Transfer To Protein R-HSA-446193,Reactome_2022,1.075219366358106,Upregulated,0.7729766929962734,21/72,19.89%
Asymmetric Synapse (GO:0032279),GO_Cellular_Component_2025,1.075202671154232,Upregulated,0.7721431674542175,41/114,27.33%
Protein K11-linked Ubiquitination (GO:0070979),GO_Biological_Process_2025,1.0738622131315776,Upregulated,0.7757847795131078,6/35,6.88%
RHO GTPases Activate PKNs R-HSA-5625740,Reactome_2022,1.0722873914315474,Upregulated,0.7802206192250121,10/38,16.27%
Cellular Response to Vascular Endothelial Growth Factor Stimulus (GO:0035924),GO_Biological_Process_2025,1.0714340971327898,Upregulated,0.7822178817665206,13/35,22.81%
Positive Regulation of Embryonic Development (GO:0040019),GO_Biological_Process_2025,1.0712230921587391,Upregulated,0.7820350067243735,4/16,17.24%
Polymerase Switching On C-strand Of Telomere R-HSA-174411,Reactome_2022,1.0704591278835631,Upregulated,0.7837229340664063,6/24,11.17%
Positive Regulation of Signaling (GO:0023056),GO_Biological_Process_2025,1.0704352662144412,Upregulated,0.7829166205479821,9/28,17.60%
Positive Regulation of Protein Localization to Membrane (GO:1905477),GO_Biological_Process_2025,1.0700795914497288,Upregulated,0.7832121736404094,14/70,17.10%
ADORA2B Mediated Anti-Inflammatory Cytokine Production R-HSA-9660821,Reactome_2022,1.0698447816588368,Upregulated,0.7831571509538511,14/87,10.80%
Plasma Membrane Bounded Cell Projection Organization (GO:0120036),GO_Biological_Process_2025,1.069393625716141,Upregulated,0.7837912966927291,29/129,17.27%
Intracellular Protein Transmembrane Transport (GO:0065002),GO_Biological_Process_2025,1.0689310355026556,Upregulated,0.7844775176211761,8/22,23.56%
"Positive Regulation of DNA-templated Transcription, Elongation (GO:0032786)",GO_Biological_Process_2025,1.0682275297646364,Upregulated,0.7859375543845939,13/52,16.87%
Transcription Preinitiation Complex Assembly (GO:0070897),GO_Biological_Process_2025,1.0674831271787897,Upregulated,0.7875607925119859,22/48,28.20%
Regulation of Organelle Assembly (GO:1902115),GO_Biological_Process_2025,1.066819772146782,Upregulated,0.788921915440048,28/79,23.65%
Modulation by Host of Viral Process (GO:0044788),GO_Biological_Process_2025,1.0667964411318545,Upregulated,0.788122419901195,3/19,7.05%
Response to Retinoic Acid (GO:0032526),GO_Biological_Process_2025,1.0667410957835883,Upregulated,0.7874157886005602,15/49,18.28%
Hepaticobiliary System Development (GO:0061008),GO_Biological_Process_2025,1.0661488671572923,Upregulated,0.7885076960145834,8/17,27.60%
Mitophagy,KEGG_2021_Human,1.0658938814904304,Upregulated,0.7884437169245458,27/67,29.12%
Regulation of Meiotic Cell Cycle (GO:0051445),GO_Biological_Process_2025,1.065700451685423,Upregulated,0.7881839587989591,4/18,9.74%
Regulation of Cell Migration (GO:0030334),GO_Biological_Process_2025,1.0655891745820265,Upregulated,0.7876868827292144,125/429,25.08%
Negative Regulation of Protein Polymerization (GO:0032272),GO_Biological_Process_2025,1.0650978342062378,Upregulated,0.7884830917128767,7/28,15.45%
Heart Looping (GO:0001947),GO_Biological_Process_2025,1.0637647249283435,Upregulated,0.7921456510849467,11/35,22.40%
Neuromuscular Junction Development (GO:0007528),GO_Biological_Process_2025,1.0633042286280994,Upregulated,0.792829565444489,9/18,31.75%
Mitochondrial Matrix (GO:0005759),GO_Cellular_Component_2025,1.0633005181234154,Upregulated,0.7919631093493491,76/371,18.39%
N-Glycan biosynthesis,KEGG_2021_Human,1.061462765454284,Upregulated,0.7972871274489022,18/46,27.08%
Basement Membrane (GO:0005604),GO_Cellular_Component_2025,1.0610708983861885,Upregulated,0.7977704636415761,8/42,13.51%
Mitochondrial Transport (GO:0006839),GO_Biological_Process_2025,1.0607175241113485,Upregulated,0.7980656681361195,15/40,27.16%
Regulation of Sodium Ion Transport (GO:0002028),GO_Biological_Process_2025,1.0600297591360124,Upregulated,0.7994671267148338,8/34,16.27%
Progeria Associated Lipodystrophy WP5103,WikiPathways_2024_Human,1.0589087301898,Upregulated,0.8023898119939853,4/19,15.53%
Positive Regulation of Stem Cell Proliferation (GO:2000648),GO_Biological_Process_2025,1.0588634137645758,Upregulated,0.8016606061883993,3/17,5.13%
Energy Reserve Metabolic Process (GO:0006112),GO_Biological_Process_2025,1.0588630897099958,Upregulated,0.8007795781891058,5/17,11.69%
Regulation of Actin Filament Polymerization (GO:0030833),GO_Biological_Process_2025,1.0588012468841377,Upregulated,0.8001042399338049,19/66,18.75%
Regulation of Striated Muscle Contraction (GO:0006942),GO_Biological_Process_2025,1.0569950051465828,Upregulated,0.8054415915145925,11/25,24.57%
Neuron Projection (GO:0043005),GO_Cellular_Component_2025,1.0567402297175454,Upregulated,0.8054520969336794,101/465,17.21%
Vibrio cholerae infection,KEGG_2021_Human,1.0558131958848092,Upregulated,0.8077618424053467,8/48,7.43%
Negative Regulation of Cell Junction Assembly (GO:1901889),GO_Biological_Process_2025,1.0555057438637476,Upregulated,0.8079788220401007,12/22,35.28%
Membrane Depolarization During Action Potential (GO:0086010),GO_Biological_Process_2025,1.0553693030842437,Upregulated,0.8075556897991449,6/15,16.27%
Carbohydrate Derivative Biosynthetic Process (GO:1901137),GO_Biological_Process_2025,1.0551874981569695,Upregulated,0.8072707741717844,9/42,14.93%
Regulation of Cell-Matrix Adhesion (GO:0001952),GO_Biological_Process_2025,1.0551354892710532,Upregulated,0.8065653805372313,21/61,23.99%
Regulation of Dendrite Development (GO:0050773),GO_Biological_Process_2025,1.0551245787647765,Upregulated,0.8057201392551234,10/38,15.43%
Regulation of Mitotic Nuclear Division (GO:0007088),GO_Biological_Process_2025,1.0551118643057862,Upregulated,0.8048828779146676,14/53,17.30%
N-glycan Trimming In ER And Calnexin/Calreticulin Cycle R-HSA-532668,Reactome_2022,1.0550377617589128,Upregulated,0.8042621192439666,13/35,20.33%
Drug metabolism,KEGG_2021_Human,1.0543602595765336,Upregulated,0.8056944207689589,29/77,26.23%
Positive Regulation of Glial Cell Differentiation (GO:0045687),GO_Biological_Process_2025,1.053772103494978,Upregulated,0.8068193399901619,5/17,15.43%
Negative Regulation of Cell Cycle (GO:0045786),GO_Biological_Process_2025,1.0527201917804043,Upregulated,0.8095698526737359,19/70,20.91%
O-linked Glycosylation R-HSA-5173105,Reactome_2022,1.0526488138589172,Upregulated,0.8089458363245644,26/85,21.13%
Positive Regulation of Cell Adhesion (GO:0045785),GO_Biological_Process_2025,1.0524118328776493,Upregulated,0.8088521810725428,11/81,6.41%
Sudden Infant Death Syndrome SIDS Susceptibility Pathways WP706,WikiPathways_2024_Human,1.052377181568465,Upregulated,0.8081031831888505,31/131,17.21%
Cation Channel Complex (GO:0034703),GO_Cellular_Component_2025,1.0519392082302697,Upregulated,0.8086628678360509,9/43,9.48%
PERK Regulates Gene Expression R-HSA-381042,Reactome_2022,1.0518279909902049,Upregulated,0.8081441566220224,10/29,30.77%
Acylglycerol Biosynthetic Process (GO:0046463),GO_Biological_Process_2025,1.0517343712948246,Upregulated,0.807568421779123,7/21,20.23%
Autophagosome Assembly (GO:0000045),GO_Biological_Process_2025,1.0514321490738412,Upregulated,0.807742868918279,21/68,21.22%
Regulation of Osteoblast Proliferation (GO:0033688),GO_Biological_Process_2025,1.051070915821758,Upregulated,0.80809012171999,5/16,21.82%
Presynaptic Phase Of Homologous DNA Pairing And Strand Exchange R-HSA-5693616,Reactome_2022,1.0508524342021903,Upregulated,0.8079859784140418,14/39,21.84%
Cysteine and methionine metabolism,KEGG_2021_Human,1.0505322817979104,Upregulated,0.8082112598423539,11/42,18.90%
Regulation of Fat Cell Differentiation (GO:0045598),GO_Biological_Process_2025,1.0499471359070065,Upregulated,0.8093595981291989,24/69,25.12%
Synthesis Of PC R-HSA-1483191,Reactome_2022,1.049785703447456,Upregulated,0.8090509525916898,11/27,32.29%
Positive Regulation of Cell-Matrix Adhesion (GO:0001954),GO_Biological_Process_2025,1.0496447516598004,Upregulated,0.8086680354952214,16/40,25.40%
Ras Activation Upon Ca2+ Influx Thru NMDA Receptor R-HSA-442982,Reactome_2022,1.0492256169765275,Upregulated,0.8092366305887099,5/15,12.17%
Positive Regulation of Transferase Activity (GO:0051347),GO_Biological_Process_2025,1.0492207887096547,Upregulated,0.8083867965715138,10/31,21.84%
Maintenance of Blood-Brain Barrier (GO:0035633),GO_Biological_Process_2025,1.0489595339060114,Upregulated,0.8084196191296265,9/28,18.69%
Renal Absorption (GO:0070293),GO_Biological_Process_2025,1.0481664852131676,Upregulated,0.8101204262626033,3/18,7.59%
Regulation of Autophagosome Assembly (GO:2000785),GO_Biological_Process_2025,1.0480399769248294,Upregulated,0.8096570207526447,15/42,23.87%
Negative Regulation of Epithelial Cell Proliferation (GO:0050680),GO_Biological_Process_2025,1.0480286142860955,Upregulated,0.8088394459818868,13/63,13.75%
Cellular Response to Nerve Growth Factor Stimulus (GO:1990090),GO_Biological_Process_2025,1.0474515603304406,Upregulated,0.8099795778939718,6/21,15.14%
Regulation of Glycogen Biosynthetic Process (GO:0005979),GO_Biological_Process_2025,1.0474113182852716,Upregulated,0.8092513532714664,12/24,29.07%
Assembly Of ORC Complex At Origin Of Replication R-HSA-68616,Reactome_2022,1.047048648037195,Upregulated,0.8095893060858029,4/17,15.11%
RAS And Bradykinin Pathways In COVID 19 WP4969,WikiPathways_2024_Human,1.0466054080060083,Upregulated,0.8102026481807748,5/25,9.35%
Neural Crest Cell Development (GO:0014032),GO_Biological_Process_2025,1.0465235755538052,Upregulated,0.8096229137741526,17/42,25.12%
Mitotic Spindle Checkpoint R-HSA-69618,Reactome_2022,1.0463678084016867,Upregulated,0.8092876094839447,18/105,11.03%
Cardiac Conduction (GO:0061337),GO_Biological_Process_2025,1.046232336955801,Upregulated,0.8088943978441795,11/43,16.08%
Morphine addiction,KEGG_2021_Human,1.0461755194073732,Upregulated,0.8082041610230921,12/72,11.86%
N Glycan Biosynthesis WP5153,WikiPathways_2024_Human,1.0455179911898518,Upregulated,0.8095303390347529,19/53,27.08%
Extracellular Vesicle Mediated Signaling In Recipient Cells WP2870,WikiPathways_2024_Human,1.045026955497783,Upregulated,0.810293148502432,10/28,29.35%
JNK Cascade (GO:0007254),GO_Biological_Process_2025,1.0449986711960566,Upregulated,0.8095579374934677,8/33,16.50%
RHO GTPases Activate Formins R-HSA-5663220,Reactome_2022,1.0446063332278646,Upregulated,0.8100461754436695,19/113,11.03%
Amino Acid Catabolic Process (GO:0009063),GO_Biological_Process_2025,1.0443778916046689,Upregulated,0.8100176206426797,4/17,12.24%
Lipid Metabolic Process (GO:0006629),GO_Biological_Process_2025,1.044275211180987,Upregulated,0.8094975060544207,44/206,19.07%
Rho Protein Signal Transduction (GO:0007266),GO_Biological_Process_2025,1.0439185866017815,Upregulated,0.8098587624454076,15/51,18.04%
Regulation of Inflammatory Response to Antigenic Stimulus (GO:0002861),GO_Biological_Process_2025,1.0432623577899425,Upregulated,0.8112004510072508,2/18,0.70%
Complement and coagulation cascades,KEGG_2021_Human,1.0425035591584269,Upregulated,0.8128856770175586,10/64,8.15%
Oxidative Stress Response WP408,WikiPathways_2024_Human,1.042386838326496,Upregulated,0.8124193254146811,11/30,22.23%
Regulation of Anoikis (GO:2000209),GO_Biological_Process_2025,1.0416181915892695,Upregulated,0.8141836629303276,9/18,31.45%
Regulation of Neuron Differentiation (GO:0045664),GO_Biological_Process_2025,1.0415425882312674,Upregulated,0.8136113437688631,15/59,17.42%
Regulation of Stem Cell Population Maintenance (GO:2000036),GO_Biological_Process_2025,1.0414133758947304,Upregulated,0.8131934077562252,15/54,20.64%
Class I Peroxisomal Membrane Protein Import R-HSA-9603798,Reactome_2022,1.041190710477346,Upregulated,0.8131459658381349,5/20,20.78%
Axon Guidance (GO:0007411),GO_Biological_Process_2025,1.0411408438808956,Upregulated,0.8124829371570341,31/138,15.16%
7 Oxo C And 7 Beta HC Pathways WP5064,WikiPathways_2024_Human,1.0396412581287138,Upregulated,0.81663233979652,14/26,32.69%
Chondroitin Sulfate Biosynthesis R-HSA-2022870,Reactome_2022,1.0395682501391237,Upregulated,0.8160537783189193,3/19,4.12%
Regulation of Signal Transduction (GO:0009966),GO_Biological_Process_2025,1.03939469574813,Upregulated,0.8157720578411255,28/189,13.51%
Wnt signaling pathway,KEGG_2021_Human,1.0390820506107594,Upregulated,0.8160009011941928,25/148,11.99%
Negative Regulation of Cellular Component Organization (GO:0051129),GO_Biological_Process_2025,1.0386647346587925,Upregulated,0.8166082485844155,21/71,22.58%
Regulation of Neuron Apoptotic Process (GO:0043523),GO_Biological_Process_2025,1.0380654952551234,Upregulated,0.8178137721774211,18/116,10.04%
Epithelial Cell Migration (GO:0010631),GO_Biological_Process_2025,1.0379761112795718,Upregulated,0.8172809283757754,4/15,11.07%
Arrhythmogenic right ventricular cardiomyopathy,KEGG_2021_Human,1.0379712624877504,Upregulated,0.8164616816567506,16/71,13.40%
Extrinsic Apoptotic Signaling Pathway via Death Domain Receptors (GO:0008625),GO_Biological_Process_2025,1.0379582677784216,Upregulated,0.8156614983308267,7/30,10.92%
Positive Regulation of Interleukin-8 Production (GO:0032757),GO_Biological_Process_2025,1.0374630941168694,Upregulated,0.8164504613037498,7/58,11.39%
Microtubule Polymerization or Depolymerization (GO:0031109),GO_Biological_Process_2025,1.0374565448994464,Upregulated,0.8156420174542991,6/23,18.17%
Regulation of Actin Polymerization or Depolymerization (GO:0008064),GO_Biological_Process_2025,1.037190960467628,Upregulated,0.8156908913602382,5/24,5.96%
Sodium Channel Complex (GO:0034706),GO_Cellular_Component_2025,1.037157534818268,Upregulated,0.8149706035026315,5/19,13.46%
Phase 0 - Rapid Depolarisation R-HSA-5576892,Reactome_2022,1.036500451169679,Upregulated,0.8162313542440465,5/28,8.80%
Regulation of Mitochondrial Membrane Permeability (GO:0046902),GO_Biological_Process_2025,1.0361277660023342,Upregulated,0.8165871321786912,6/17,19.48%
Determination of Heart Left/Right Asymmetry (GO:0061371),GO_Biological_Process_2025,1.0359714857806992,Upregulated,0.8162757305787037,11/37,22.40%
Peptide Hormone Processing (GO:0016486),GO_Biological_Process_2025,1.0356865344579298,Upregulated,0.8163672196815545,8/24,19.11%
Sensory Perception of Smell (GO:0007608),GO_Biological_Process_2025,1.0355254782856422,Upregulated,0.8160968600982464,4/18,13.62%
Kidney Development (GO:0001822),GO_Biological_Process_2025,1.034499158220574,Upregulated,0.8186584230898059,16/62,17.69%
Regulation of calcineurin-NFAT Signaling Cascade (GO:0070884),GO_Biological_Process_2025,1.0342201465315874,Upregulated,0.8187357565302726,14/30,32.22%
Ventricular Cardiac Muscle Cell Action Potential (GO:0086005),GO_Biological_Process_2025,1.0320516018862067,Upregulated,0.8251215443377939,3/15,13.92%
Thromboxane Signaling Thru TP Receptor R-HSA-428930,Reactome_2022,1.0319122943189798,Upregulated,0.8247347800140696,4/20,10.80%
DNA-templated DNA Replication (GO:0006261),GO_Biological_Process_2025,1.0316746320511885,Upregulated,0.8246743611418141,9/52,11.17%
Positive Regulation of Epithelial Cell Proliferation (GO:0050679),GO_Biological_Process_2025,1.0315857609120798,Upregulated,0.8241470000246839,31/107,22.81%
Hair Follicle Development Organogenesis Part 2 Of 3 WP2839,WikiPathways_2024_Human,1.0314901097704734,Upregulated,0.8236141899010785,13/31,33.18%
Cell Cycle G2/M Phase Transition (GO:0044839),GO_Biological_Process_2025,1.0310517902617793,Upregulated,0.8242188812089313,9/42,12.84%
Translation R-HSA-72766,Reactome_2022,1.0306462897152195,Upregulated,0.8246777005989817,65/252,26.61%
Regulation Of Beta-Cell Development R-HSA-186712,Reactome_2022,1.0288608305013518,Upregulated,0.8297858021952886,2/29,0.29%
Olfactory transduction,KEGG_2021_Human,1.0282772982207482,Upregulated,0.83085366278921,9/42,13.62%
Norepinephrine Neurotransmitter Release Cycle R-HSA-181430,Reactome_2022,1.0272207277596046,Upregulated,0.8335487009139046,8/17,22.61%
Postsynaptic Density (GO:0014069),GO_Cellular_Component_2025,1.0264546579755842,Upregulated,0.8352872912452386,46/139,27.33%
Response to Estradiol (GO:0032355),GO_Biological_Process_2025,1.0263388071775057,Upregulated,0.8348448864517692,6/25,14.15%
Embryo Development Ending in Birth or Egg Hatching (GO:0009792),GO_Biological_Process_2025,1.0262799393426962,Upregulated,0.8342175810556468,2/16,2.04%
Regulation of D-glucose Import (GO:0046324),GO_Biological_Process_2025,1.025171793128136,Upregulated,0.8370808343164245,14/32,27.05%
Regulation of Triglyceride Biosynthetic Process (GO:0010866),GO_Biological_Process_2025,1.0248685066341656,Upregulated,0.8372716008911044,4/15,10.15%
TGF-beta signaling pathway,KEGG_2021_Human,1.024799256766873,Upregulated,0.8366574421821639,20/85,19.62%
Notch-HLH Transcription Pathway R-HSA-350054,Reactome_2022,1.023664276756444,Upregulated,0.8395185378403743,2/27,0.29%
Telomere Maintenance R-HSA-157579,Reactome_2022,1.023168393854934,Upregulated,0.8403436720894372,11/71,7.74%
Positive Regulation of DNA Repair (GO:0045739),GO_Biological_Process_2025,1.0227426784064886,Upregulated,0.8409648209940722,19/87,18.84%
Vacuolar Membrane (GO:0005774),GO_Cellular_Component_2025,1.0226100018773587,Upregulated,0.8405868665086004,10/49,13.59%
Tight junction,KEGG_2021_Human,1.022144932471711,Upregulated,0.8412209630223031,34/148,20.84%
Inward Rectifier Potassium Channel Activity (GO:0005242),GO_Molecular_Function_2025,1.0214566955896984,Upregulated,0.8427119908025004,5/21,14.90%
Homology Directed Repair R-HSA-5693538,Reactome_2022,1.0211722306551814,Upregulated,0.8428140817007882,32/102,24.73%
Positive Regulation of Neuron Projection Development (GO:0010976),GO_Biological_Process_2025,1.02107982396552,Upregulated,0.8422688092744272,23/93,15.43%
Dopamine Metabolic Process (GO:0042417),GO_Biological_Process_2025,1.0209945611909663,Upregulated,0.8417349928457396,7/16,24.92%
Diseases Of Programmed Cell Death R-HSA-9645723,Reactome_2022,1.0209537689714727,Upregulated,0.8410419583279422,11/49,15.50%
Positive Regulation of Protein Serine/Threonine Kinase Activity (GO:0071902),GO_Biological_Process_2025,1.02094857645893,Upregulated,0.8402276177084899,30/69,33.18%
Regulation of Proteasomal Ubiquitin-Dependent Protein Catabolic Process (GO:0032434),GO_Biological_Process_2025,1.0205057152710957,Upregulated,0.8408552997194407,26/105,19.03%
ER Quality Control Compartment (ERQC) R-HSA-901032,Reactome_2022,1.0204975980818034,Upregulated,0.8400522896698254,8/21,22.77%
Synapse Organization (GO:0050808),GO_Biological_Process_2025,1.020406299359962,Upregulated,0.8395510850843088,26/132,15.96%
Protein Mannosylation (GO:0035268),GO_Biological_Process_2025,1.0201430629570896,Upregulated,0.8396062887572379,6/17,21.02%
Cell cycle,KEGG_2021_Human,1.019492080970706,Upregulated,0.8408654636989117,27/120,19.27%
Cartilage Development (GO:0051216),GO_Biological_Process_2025,1.0189924976983835,Upregulated,0.8417175036029504,3/51,4.64%
Regulation of Mitotic Cell Cycle (GO:0007346),GO_Biological_Process_2025,1.018903617533599,Upregulated,0.8411841962268107,20/117,13.76%
Sulfur Compound Biosynthetic Process (GO:0044272),GO_Biological_Process_2025,1.0184558152626793,Upregulated,0.8418912000164652,10/51,12.82%
Regulation of IRE1-mediated Unfolded Protein Response (GO:1903894),GO_Biological_Process_2025,1.0182526756793124,Upregulated,0.8417188128372752,3/15,8.62%
Cell Surface Receptor Protein Tyrosine Kinase Signaling Pathway (GO:0007169),GO_Biological_Process_2025,1.017857308804512,Upregulated,0.8421967352028609,73/266,23.30%
Negative Regulation of Inflammatory Response to Antigenic Stimulus (GO:0002862),GO_Biological_Process_2025,1.0174048202476849,Upregulated,0.8428793990797384,2/17,0.70%
Synthesis Of Active Ubiquitin: Roles Of E1 And E2 Enzymes R-HSA-8866652,Reactome_2022,1.0170120152794992,Upregulated,0.8433946176470386,9/30,22.77%
Cell Migration Involved in Sprouting Angiogenesis (GO:0002042),GO_Biological_Process_2025,1.0159793077499024,Upregulated,0.8460685393632682,8/22,26.44%
Golgi Membrane (GO:0000139),GO_Cellular_Component_2025,1.0153389049369332,Upregulated,0.8473032988872458,98/421,21.54%
PINK1-PRKN Mediated Mitophagy R-HSA-5205685,Reactome_2022,1.015034109022137,Upregulated,0.8474657521277414,8/19,30.35%
Presynaptic Function Of Kainate Receptors R-HSA-500657,Reactome_2022,1.0149279361086438,Upregulated,0.8469707319689069,4/18,10.80%
Epithelial Tube Morphogenesis (GO:0060562),GO_Biological_Process_2025,1.014771801339465,Upregulated,0.8466983861126703,7/32,12.03%
Positive Regulation of Amyloid Precursor Protein Catabolic Process (GO:1902993),GO_Biological_Process_2025,1.01368794922206,Upregulated,0.8495603981529155,3/22,13.73%
Organelle Transport Along Microtubule (GO:0072384),GO_Biological_Process_2025,1.0130114592304045,Upregulated,0.8509656232002927,17/38,26.82%
Negative Regulation of Protein Localization to Cell Periphery (GO:1904376),GO_Biological_Process_2025,1.0122880862474406,Upregulated,0.8525524781797662,3/22,2.55%
Nuclear Envelope (NE) Reassembly R-HSA-2995410,Reactome_2022,1.0122743441131226,Upregulated,0.8517732048562665,12/65,15.00%
Positive Regulation of Metabolic Process (GO:0009893),GO_Biological_Process_2025,1.011839896026172,Upregulated,0.8523668376194656,25/124,16.16%
Aryl Hydrocarbon Receptor Pathway WP2873,WikiPathways_2024_Human,1.0118241688306402,Upregulated,0.8515985962236705,19/38,32.99%
Leucine Isoleucine And Valine Metabolism WP4686,WikiPathways_2024_Human,1.010766017527788,Upregulated,0.85432024728763,6/24,18.16%
Membrane Fission (GO:0090148),GO_Biological_Process_2025,1.0105337464110244,Upregulated,0.8543243308433539,9/39,19.55%
DNA Replication R-HSA-69306,Reactome_2022,1.0103783651563367,Upregulated,0.8540255159876716,33/129,24.17%
Syndecan Interactions R-HSA-3000170,Reactome_2022,1.0103481648270327,Upregulated,0.8533044135930503,5/20,13.75%
cAMP signaling pathway,KEGG_2021_Human,1.0091066024006,Upregulated,0.85662244842661,50/183,23.25%
Negative Regulation of Catalytic Activity (GO:0043086),GO_Biological_Process_2025,1.0080798623275429,Upregulated,0.8593323964464983,4/19,8.90%
Hippo YAP Signaling WP4537,WikiPathways_2024_Human,1.0079247065152763,Upregulated,0.8590175438907489,8/22,22.54%
Positive Regulation of Actin Filament Polymerization (GO:0030838),GO_Biological_Process_2025,1.0063462717655371,Upregulated,0.8634606133746586,11/37,18.75%
Taste transduction,KEGG_2021_Human,1.005554338362209,Upregulated,0.8653099160848446,20/45,34.40%
Polycystic Kidney Disease Pathway WP2571,WikiPathways_2024_Human,1.005499694980036,Upregulated,0.864653899444783,30/75,32.22%
Positive Regulation of Protein Transport (GO:0051222),GO_Biological_Process_2025,1.0051457469694691,Upregulated,0.8650472925589052,17/65,17.48%
PPARA Activates Gene Expression R-HSA-1989781,Reactome_2022,1.0044261028233044,Upregulated,0.8665725547939088,23/107,17.20%
Involvement Of Secretase In Neurodegenerative Diseases WP5372,WikiPathways_2024_Human,1.0041612641830324,Upregulated,0.866647981379293,6/16,24.26%
Interaction Between L1 And Ankyrins R-HSA-445095,Reactome_2022,1.004140565678559,Upregulated,0.8658863693911041,6/25,13.46%
Regulation of Release of Sequestered Calcium Ion Into Cytosol (GO:0051279),GO_Biological_Process_2025,1.0037144829872768,Upregulated,0.866442159882534,13/47,17.08%
Regulation of Autophagosome Maturation (GO:1901096),GO_Biological_Process_2025,1.0034156150992313,Upregulated,0.8665941988353909,1/16,0.17%
Epithelial To Mesenchymal Transition In Colorectal Cancer WP4239,WikiPathways_2024_Human,1.0033959351975967,Upregulated,0.8658386414029638,24/140,12.93%
Apical Junction Assembly (GO:0043297),GO_Biological_Process_2025,1.0030917942341515,Upregulated,0.8660491487391999,10/42,18.39%
Regulation of G Protein-Coupled Receptor Signaling Pathway (GO:0008277),GO_Biological_Process_2025,1.0026673431706905,Upregulated,0.8666883390406029,9/64,7.19%
Cellular Response to Alkaloid (GO:0071312),GO_Biological_Process_2025,1.0013842018398305,Upregulated,0.8701276101271463,4/15,11.03%
NAD Binding (GO:0051287),GO_Molecular_Function_2025,1.0010561076164388,Upregulated,0.870402164285371,10/27,23.79%
Regulation of Cardiac Muscle Cell Action Potential (GO:0098901),GO_Biological_Process_2025,1.0007459503442842,Upregulated,0.8706174724357701,5/26,7.68%
Primary Focal Segmental Glomerulosclerosis FSGS WP2572,WikiPathways_2024_Human,1.0002257727643795,Upregulated,0.8715349016991171,13/66,17.84%
Negative Regulation of Endothelial Cell Proliferation (GO:0001937),GO_Biological_Process_2025,0.9990333289087872,Upregulated,0.8747084408481954,9/34,13.75%
Signaling By FGFR2 IIIa TM R-HSA-8851708,Reactome_2022,0.9988472984757368,Upregulated,0.8745198023126782,11/19,35.37%
Phospholipid Biosynthetic Process (GO:0008654),GO_Biological_Process_2025,0.9987123605368144,Upregulated,0.874151445193016,6/27,14.43%
Microtubule (GO:0005874),GO_Cellular_Component_2025,0.9984300582326472,Upregulated,0.8742733955874471,41/176,18.65%
Negative Regulation of Organelle Organization (GO:0010639),GO_Biological_Process_2025,0.9983407869707908,Upregulated,0.8737489792683809,12/39,21.39%
Regulation of Cell Cycle G1/S Phase Transition (GO:1902806),GO_Biological_Process_2025,0.998199929657824,Upregulated,0.8733967808293432,7/70,3.54%
VEGFA VEGFR2 Signaling WP3888,WikiPathways_2024_Human,0.9980925271314652,Upregulated,0.8729006657933442,76/409,16.91%
Branched-chain Amino Acid Catabolism R-HSA-70895,Reactome_2022,0.9979399235875004,Upregulated,0.8725779049144237,7/21,24.03%
tRNA Wobble Base Modification (GO:0002097),GO_Biological_Process_2025,0.9973651619522984,Upregulated,0.8737184629425051,4/16,15.98%
Endosomal Sorting Complex Required For Transport (ESCRT) R-HSA-917729,Reactome_2022,0.9972664423027492,Upregulated,0.8732000406623551,6/28,17.43%
Ligand-Gated Monoatomic Ion Channel Activity (GO:0015276),GO_Molecular_Function_2025,0.9964490195345372,Upregulated,0.8750927574683709,7/18,24.35%
Signal Release From Synapse (GO:0099643),GO_Biological_Process_2025,0.9961240004727606,Upregulated,0.8753794212292771,13/31,26.19%
Serine-Type Peptidase Activity (GO:0008236),GO_Molecular_Function_2025,0.9958016196152252,Upregulated,0.8756354411799637,26/106,17.33%
Proton Transmembrane Transporter Activity (GO:0015078),GO_Molecular_Function_2025,0.9956536901836488,Upregulated,0.8753194558030887,9/32,21.88%
Regulation of Release of Cytochrome C From Mitochondria (GO:0090199),GO_Biological_Process_2025,0.9954150649536389,Upregulated,0.8752858003723676,5/35,9.61%
Cyclin A/B1/B2 Associated Events During G2/M Transition R-HSA-69273,Reactome_2022,0.9952385976925175,Upregulated,0.875061552747878,10/24,28.05%
Negative Regulation of Cell Projection Organization (GO:0031345),GO_Biological_Process_2025,0.9947290448723268,Upregulated,0.8759055962619956,11/45,21.04%
Retinol Metabolic Process (GO:0042572),GO_Biological_Process_2025,0.993812905209469,Upregulated,0.8782075408197488,7/15,26.23%
Wnt Signaling In Kidney Disease WP4150,WikiPathways_2024_Human,0.9936088416130912,Upregulated,0.8780889917078224,5/32,7.87%
Microtubule Cytoskeleton Organization Involved in Mitosis (GO:1902850),GO_Biological_Process_2025,0.9931660047968972,Upregulated,0.8787154957586852,18/57,21.80%
Positive Regulation of SMAD Protein Signal Transduction (GO:0060391),GO_Biological_Process_2025,0.9930348827071092,Upregulated,0.8783307168261809,9/36,16.16%
Vasopressin Regulates Renal Water Homeostasis Via Aquaporins R-HSA-432040,Reactome_2022,0.9926615247014,Upregulated,0.878747580200235,7/37,10.80%
Regulation of Canonical Wnt Signaling Pathway (GO:0060828),GO_Biological_Process_2025,0.9923019397400682,Upregulated,0.8791450285904661,52/201,25.04%
Mitotic Metaphase And Anaphase R-HSA-2555396,Reactome_2022,0.9922169773916902,Upregulated,0.878623083447525,45/216,19.41%
Positive Regulation of Cytoskeleton Organization (GO:0051495),GO_Biological_Process_2025,0.9918939411683352,Upregulated,0.8788963470714543,26/65,28.03%
Positive Regulation of Leukocyte Activation (GO:0002696),GO_Biological_Process_2025,0.9917856529557316,Upregulated,0.8784350891593727,1/20,0.01%
Actin Filament Bundle Assembly (GO:0051017),GO_Biological_Process_2025,0.9917313457142768,Upregulated,0.8778015625286717,14/31,29.15%
Pulmonary Valve Development (GO:0003177),GO_Biological_Process_2025,0.9915989351000568,Upregulated,0.877422332261222,8/21,22.97%
Alpha-Amino Acid Catabolic Process (GO:1901606),GO_Biological_Process_2025,0.9915696528940952,Upregulated,0.876709323366303,8/20,24.03%
Positive Regulation of Cell Migration (GO:0030335),GO_Biological_Process_2025,0.991476171575903,Upregulated,0.8762073143195878,87/317,23.86%
Positive Regulation of Cellular Component Biogenesis (GO:0044089),GO_Biological_Process_2025,0.9914487158944316,Upregulated,0.875478223849799,22/87,22.58%
Regulation of Calcium Ion Import (GO:0090279),GO_Biological_Process_2025,0.991439094419264,Upregulated,0.874706835257015,6/18,17.10%
BMP Signaling In Eyelid Development WP3927,WikiPathways_2024_Human,0.9912514799387516,Upregulated,0.8745279917069934,5/19,14.95%
Response to Light Stimulus (GO:0009416),GO_Biological_Process_2025,0.9911865295426696,Upregulated,0.873934586501579,14/47,21.50%
Negative Regulation of Monoatomic Ion Transport (GO:0043271),GO_Biological_Process_2025,0.991136242274712,Upregulated,0.8733098144140649,4/16,5.52%
Termination Of Translesion DNA Synthesis R-HSA-5656169,Reactome_2022,0.989826574731068,Upregulated,0.8768481246184348,5/31,7.09%
Positive Regulation of Protein Localization to Cell Periphery (GO:1904377),GO_Biological_Process_2025,0.9896098426379464,Upregulated,0.8767739937446168,5/55,4.52%
Mitochondrial Outer Membrane Translocase Complex (GO:0005742),GO_Cellular_Component_2025,0.9893892285916888,Upregulated,0.876694113804287,7/18,32.07%
Neuron Development (GO:0048666),GO_Biological_Process_2025,0.9893797560191806,Upregulated,0.8759272739672236,32/141,17.52%
Cholesterol Biosynthesis Pathway In Hepatocytes WP5329,WikiPathways_2024_Human,0.98932185906888,Upregulated,0.8753086715124837,15/39,33.51%
Regulation of Mitotic Metaphase/Anaphase Transition (GO:0030071),GO_Biological_Process_2025,0.9887116688518152,Upregulated,0.8765771129834439,13/47,18.84%
"Negative Regulation of mRNA Splicing, via Spliceosome (GO:0048025)",GO_Biological_Process_2025,0.988278661665802,Upregulated,0.8772085844851051,2/15,8.10%
Regulation of Protein Ubiquitination (GO:0031396),GO_Biological_Process_2025,0.988155540730872,Upregulated,0.8768196831737072,37/104,29.49%
3Q29 Copy Number Variation Syndrome WP4906,WikiPathways_2024_Human,0.9878035270772604,Upregulated,0.8771162072017383,17/57,18.26%
Fibroblast Growth Factor Receptor Signaling Pathway (GO:0008543),GO_Biological_Process_2025,0.987613028496412,Upregulated,0.8769605129764984,20/31,37.02%
Regulation of Vasculature Development (GO:1901342),GO_Biological_Process_2025,0.9866522707422182,Upregulated,0.8793477014582772,14/33,27.02%
Transcriptional Regulation Of White Adipocyte Differentiation R-HSA-381340,Reactome_2022,0.9865269684092832,Upregulated,0.8789881837091656,24/81,22.51%
HDR Thru Homologous Recombination (HRR) Or Single Strand Annealing (SSA) R-HSA-5693567,Reactome_2022,0.986022062695418,Upregulated,0.8799398643514562,31/97,24.73%
Wnt Signaling WP428,WikiPathways_2024_Human,0.9856604103755706,Upregulated,0.8803560302221987,19/104,11.99%
Signaling By NOTCH3 R-HSA-9012852,Reactome_2022,0.9852933381841312,Upregulated,0.8807052354238756,15/47,25.27%
Gap-filling DNA Repair Synthesis And Ligation In TC-NER R-HSA-6782210,Reactome_2022,0.9843616985310945,Upregulated,0.8829917809032234,9/62,7.74%
Lipoprotein Particle Binding (GO:0071813),GO_Molecular_Function_2025,0.9843062024086496,Upregulated,0.882390205731028,7/20,13.75%
Homologous DNA Pairing And Strand Exchange R-HSA-5693579,Reactome_2022,0.9841114210974132,Upregulated,0.8822541051240163,14/42,21.84%
Regulation Of TLR By Endogenous Ligand R-HSA-5686938,Reactome_2022,0.9836018214746228,Upregulated,0.8831701653626819,3/15,8.09%
ADP Signaling Thru P2Y Purinoceptor 12 R-HSA-392170,Reactome_2022,0.9831836271259524,Upregulated,0.8837593651885801,4/19,10.80%
Acetyltransferase Activity (GO:0016407),GO_Molecular_Function_2025,0.9831597616952434,Upregulated,0.8830579489392945,10/25,23.24%
Meiosis R-HSA-1500620,Reactome_2022,0.983130803065223,Upregulated,0.8823585138445641,10/60,8.81%
Cellular Response to Estradiol Stimulus (GO:0071392),GO_Biological_Process_2025,0.9825270123325814,Upregulated,0.883537025990022,5/17,14.15%
Primary Neural Tube Formation (GO:0014020),GO_Biological_Process_2025,0.9819901860173116,Upregulated,0.8844759840051725,7/27,19.97%
Microbody Membrane (GO:0031903),GO_Cellular_Component_2025,0.981706864268759,Upregulated,0.8838367457527727,15/49,22.49%
Peroxisomal Membrane (GO:0005778),GO_Cellular_Component_2025,0.981706864268759,Upregulated,0.8838367457527727,15/49,22.49%
EML4 And NUDC In Mitotic Spindle Formation R-HSA-9648025,Reactome_2022,0.981159074122044,Upregulated,0.8848470585480501,16/93,11.03%
Acidic Amino Acid Transmembrane Transporter Activity (GO:0015172),GO_Molecular_Function_2025,0.981124791791966,Upregulated,0.8841691878434941,7/16,29.85%
Positive Regulation of ERK1 and ERK2 Cascade (GO:0070374),GO_Biological_Process_2025,0.9809604460208274,Upregulated,0.8839444607484276,24/134,17.12%
Cardiac Muscle Cell Differentiation (GO:0055007),GO_Biological_Process_2025,0.9796311519016858,Upregulated,0.887388389609266,8/24,17.76%
Steroid hormone biosynthesis,KEGG_2021_Human,0.9790519213067668,Upregulated,0.8884550624846624,12/27,26.24%
Myelination (GO:0042552),GO_Biological_Process_2025,0.978579500679522,Upregulated,0.8893170463264531,20/48,27.66%
Vasodilation (GO:0042311),GO_Biological_Process_2025,0.9780505059775764,Upregulated,0.8902992098782935,5/19,18.23%
Nucleotide Excision Repair WP4753,WikiPathways_2024_Human,0.9778766584886528,Upregulated,0.8893009823097463,15/43,23.95%
Nucleotide excision repair,KEGG_2021_Human,0.9778766584886528,Upregulated,0.8893009823097463,15/43,23.95%
Phosphatase Activator Activity (GO:0019211),GO_Molecular_Function_2025,0.9762157581234936,Upregulated,0.8938686176038829,4/20,9.35%
Urea Cycle And Associated Pathways WP4595,WikiPathways_2024_Human,0.9761614033652776,Upregulated,0.8932409546291928,3/23,4.68%
Nervous System Development R-HSA-9675108,Reactome_2022,0.9759942749871628,Upregulated,0.8930306654361218,88/480,17.90%
Calcium Ion Sensor Activity (GO:0061891),GO_Molecular_Function_2025,0.9759340926068558,Upregulated,0.8924269283252703,4/20,9.77%
Calcium Ion Import Across Plasma Membrane (GO:0098703),GO_Biological_Process_2025,0.975628066191917,Upregulated,0.8926787952971678,8/24,16.08%
Glial Cell Development (GO:0021782),GO_Biological_Process_2025,0.9756050575370662,Upregulated,0.8919548702395178,4/21,5.80%
"Steroid Dehydrogenase Activity, Acting on the CH-OH Group of Donors, NAD or NADP as Acceptor (GO:0033764)",GO_Molecular_Function_2025,0.9755464802645896,Upregulated,0.8913664615810714,2/17,2.10%
Activation Of HOX Genes During Differentiation R-HSA-5619507,Reactome_2022,0.9754564137898288,Upregulated,0.8908741810604903,15/66,17.62%
Glycerolipid metabolism,KEGG_2021_Human,0.9752202162835482,Upregulated,0.8908493011024129,18/54,25.62%
Positive Regulation of Protein Ubiquitination (GO:0031398),GO_Biological_Process_2025,0.9751885609384155,Upregulated,0.8901769907794506,26/66,30.83%
Ectoderm Differentiation WP2858,WikiPathways_2024_Human,0.9747434382229204,Upregulated,0.8908562941855513,44/126,27.52%
Hepatocellular carcinoma,KEGG_2021_Human,0.9746290864902184,Upregulated,0.8904376109696782,35/148,22.27%
Regulation of DNA Binding (GO:0051101),GO_Biological_Process_2025,0.9741485188059,Upregulated,0.8912313667554578,13/36,24.27%
Regulation of Mitotic Cell Cycle Phase Transition (GO:1901990),GO_Biological_Process_2025,0.9737212734101526,Upregulated,0.8918536069320055,18/81,19.75%
Synaptic Vesicle Transport Along Microtubule (GO:0099517),GO_Biological_Process_2025,0.9735624331769536,Upregulated,0.8908349124750081,3/16,6.13%
Anterograde Synaptic Vesicle Transport (GO:0048490),GO_Biological_Process_2025,0.9735624331769536,Upregulated,0.8908349124750081,3/16,6.13%
Regulation of Neuron Projection Development (GO:0010975),GO_Biological_Process_2025,0.9732471792208982,Upregulated,0.8910566635203848,32/163,15.43%
Dual Incision In TC-NER R-HSA-6782135,Reactome_2022,0.9729586877946418,Upregulated,0.8911865789374308,12/63,11.94%
Protein Depolymerization (GO:0051261),GO_Biological_Process_2025,0.9718899122365332,Upregulated,0.8938092331105815,6/25,18.17%
HDR Thru Homologous Recombination (HRR) R-HSA-5685942,Reactome_2022,0.9715900568728568,Upregulated,0.8940552005885548,10/65,7.45%
Mitotic Anaphase R-HSA-68882,Reactome_2022,0.9715648065638136,Upregulated,0.8933535606198388,44/215,19.41%
Tube Closure (GO:0060606),GO_Biological_Process_2025,0.9713497158813714,Upregulated,0.8932588085237864,7/28,19.97%
Protein Polymerization (GO:0051258),GO_Biological_Process_2025,0.9713236165672312,Upregulated,0.8925653832079611,10/50,16.74%
Regulation of Microtubule Depolymerization (GO:0031114),GO_Biological_Process_2025,0.9710855678033008,Upregulated,0.892554054681017,9/27,21.04%
Chemorepellent Activity (GO:0045499),GO_Molecular_Function_2025,0.9707559307878172,Upregulated,0.8928266129869193,8/23,19.51%
Blood Clotting Cascade WP272,WikiPathways_2024_Human,0.9706898184182916,Upregulated,0.8922666968388884,4/17,9.35%
Four-Way Junction DNA Binding (GO:0000400),GO_Molecular_Function_2025,0.969657656633348,Upregulated,0.894804641137267,6/15,28.28%
Canonical Wnt Signaling Pathway (GO:0060070),GO_Biological_Process_2025,0.9695513147996944,Upregulated,0.8943520742996914,21/56,29.35%
Iron Ion Binding (GO:0005506),GO_Molecular_Function_2025,0.969013033841074,Upregulated,0.8952624615048725,14/51,20.59%
DNA Modification (GO:0006304),GO_Biological_Process_2025,0.96864315185219,Upregulated,0.8957104175595717,4/16,14.28%
Regulation Of Complement Cascade R-HSA-977606,Reactome_2022,0.968615658719178,Upregulated,0.8950175766518562,4/32,6.92%
Nucleotide Excision Repair R-HSA-5696398,Reactome_2022,0.968100400307136,Upregulated,0.8959236457763228,17/104,12.19%
Urea Cycle And Metabolism Of Amino Groups WP497,WikiPathways_2024_Human,0.9677188472255052,Upregulated,0.896319186365847,8/20,22.93%
Positive Regulation of Cation Channel Activity (GO:2001259),GO_Biological_Process_2025,0.9674123867101452,Upregulated,0.8964649845583323,7/26,17.08%
Protein Transmembrane Import Into Intracellular Organelle (GO:0044743),GO_Biological_Process_2025,0.967127021823917,Upregulated,0.8966354860848815,6/30,17.24%
tRNA Metabolic Process (GO:0006399),GO_Biological_Process_2025,0.9663671235824643,Upregulated,0.8983812979520908,4/23,7.20%
Various types of N-glycan biosynthesis,KEGG_2021_Human,0.9656351324110743,Upregulated,0.8999877929734977,13/34,22.85%
Meiosis I (GO:0007127),GO_Biological_Process_2025,0.9655036786822728,Upregulated,0.8996114059838934,8/18,18.08%
Male Meiotic Nuclear Division (GO:0007140),GO_Biological_Process_2025,0.9654679613710512,Upregulated,0.8989593470506259,10/30,18.71%
Calcium Channel Complex (GO:0034704),GO_Cellular_Component_2025,0.9646477066521658,Upregulated,0.9008145246821888,9/46,10.74%
Wound Healing (GO:0042060),GO_Biological_Process_2025,0.964580473363241,Upregulated,0.9002597872461674,10/71,10.26%
Positive Regulation of Wnt Signaling Pathway (GO:0030177),GO_Biological_Process_2025,0.9645639902169434,Upregulated,0.899548212219264,31/110,24.73%
Regulation Of Lipid Metabolism By PPARalpha R-HSA-400206,Reactome_2022,0.964118546688584,Upregulated,0.9002257330834911,23/109,17.20%
Regulation of Insulin Secretion (GO:0050796),GO_Biological_Process_2025,0.9637099946548116,Upregulated,0.900763152994214,17/75,16.04%
Azurophil Granule Lumen (GO:0035578),GO_Cellular_Component_2025,0.9621941397870376,Upregulated,0.9048390405415042,16/74,15.59%
Calcium Ion Transmembrane Transporter Activity (GO:0015085),GO_Molecular_Function_2025,0.9618738502121744,Upregulated,0.9050646722439214,16/63,16.79%
Smith Magenis And Potocki Lupski Syndrome Copy Number Variation WP5381,WikiPathways_2024_Human,0.9614137955656792,Upregulated,0.9057351917945472,41/150,25.41%
Regulation of Extrinsic Apoptotic Signaling Pathway in Absence of Ligand (GO:2001239),GO_Biological_Process_2025,0.9607243985903576,Upregulated,0.9072018142608784,11/26,23.11%
Regulation of Vacuole Organization (GO:0044088),GO_Biological_Process_2025,0.9606987285781752,Upregulated,0.9065180248379586,7/20,14.52%
Alstrom Syndrome WP5202,WikiPathways_2024_Human,0.960690981427382,Upregulated,0.9057690151775848,10/34,26.19%
Axon Development (GO:0061564),GO_Biological_Process_2025,0.959772777027461,Upregulated,0.9079669207245752,17/83,14.66%
Regulation of Cell Migration Involved in Sprouting Angiogenesis (GO:0090049),GO_Biological_Process_2025,0.9592801898185488,Upregulated,0.9087250523181888,13/32,27.72%
Antimicrobial Humoral Immune Response Mediated by Antimicrobial Peptide (GO:0061844),GO_Biological_Process_2025,0.9586140124946796,Upregulated,0.9100218394645596,18/62,22.27%
Hippo Merlin Signaling Dysregulation WP4541,WikiPathways_2024_Human,0.9583827984900436,Upregulated,0.909999440018584,24/110,17.17%
Calcium Ion Import Into Cytosol (GO:1902656),GO_Biological_Process_2025,0.95805936376703,Upregulated,0.91022921477904,8/25,16.08%
Negative Regulation of Binding (GO:0051100),GO_Biological_Process_2025,0.9578737272317476,Upregulated,0.9100330551487557,14/56,19.15%
Negative Regulation of DNA Biosynthetic Process (GO:2000279),GO_Biological_Process_2025,0.9576563201534242,Upregulated,0.9099433533014518,4/26,5.11%
Regulation of Blood Coagulation (GO:0030193),GO_Biological_Process_2025,0.957617186898598,Upregulated,0.9093025450764832,8/26,15.57%
Mitotic Cell Cycle Phase Transition (GO:0044772),GO_Biological_Process_2025,0.95712404181557,Upregulated,0.9101189209907102,29/106,25.66%
Negative Regulation of Protein Modification by Small Protein Conjugation or Removal (GO:1903321),GO_Biological_Process_2025,0.9570652433364184,Upregulated,0.9095353660483168,16/50,26.15%
Markers Of Kidney Cell Lineage WP5236,WikiPathways_2024_Human,0.9569899333821372,Upregulated,0.9090172037205496,13/48,18.67%
Regulation of Cell-Cell Adhesion (GO:0022407),GO_Biological_Process_2025,0.9568181528981616,Upregulated,0.9088061156012532,9/39,17.17%
"Cell Cycle, Mitotic R-HSA-69278",Reactome_2022,0.9565461545033586,Upregulated,0.908931787454282,108/476,21.92%
Inorganic Cation Transmembrane Transport (GO:0098662),GO_Biological_Process_2025,0.9561615422914908,Upregulated,0.9094420656453116,55/237,17.93%
Chemical carcinogenesis,KEGG_2021_Human,0.956039575279175,Upregulated,0.90903653981539,65/182,26.26%
Visual Phototransduction R-HSA-2187338,Reactome_2022,0.9557276029405408,Upregulated,0.909246774540178,12/72,11.82%
"Phosphatidylinositol-3,5-Bisphosphate Binding (GO:0080025)",GO_Molecular_Function_2025,0.9553915038930024,Upregulated,0.9096118169148282,5/21,12.50%
SLC-mediated Transmembrane Transport R-HSA-425407,Reactome_2022,0.9542466405961644,Upregulated,0.912468183975034,46/203,18.94%
Negative Regulation of Cell Population Proliferation (GO:0008285),GO_Biological_Process_2025,0.9539951073901676,Upregulated,0.912512042912574,65/335,18.96%
Dicarboxylic Acid Transmembrane Transporter Activity (GO:0005310),GO_Molecular_Function_2025,0.9539194256397706,Upregulated,0.9119939427504364,8/22,21.88%
Positive Regulation of Gene Expression (GO:0010628),GO_Biological_Process_2025,0.953459025889106,Upregulated,0.9126674492649388,71/384,17.24%
Calcium signaling pathway,KEGG_2021_Human,0.953238030169514,Upregulated,0.9126062323727508,29/207,9.78%
Endocrine System Development (GO:0035270),GO_Biological_Process_2025,0.9530167191099423,Upregulated,0.9125733093495628,3/17,5.80%
Common Pathways Underlying Drug Addiction WP2636,WikiPathways_2024_Human,0.952873895491,Upregulated,0.9122721699485148,4/38,5.67%
Peroxisome (GO:0005777),GO_Cellular_Component_2025,0.952774127446314,Upregulated,0.911873693617738,29/124,18.45%
Transmembrane Receptor Protein Tyrosine Kinase Activity (GO:0004714),GO_Molecular_Function_2025,0.9524245240501682,Upregulated,0.912213068965646,17/49,22.81%
Negative Regulation of Receptor-Mediated Endocytosis (GO:0048261),GO_Biological_Process_2025,0.9520523488935948,Upregulated,0.9126100847447284,4/21,6.40%
Organelle Fission (GO:0048285),GO_Biological_Process_2025,0.9519721466907094,Upregulated,0.912112719893586,6/22,15.48%
Apoptosis Related Network Due To Altered Notch3 Ovarian Cancer WP2864,WikiPathways_2024_Human,0.9517720358251088,Upregulated,0.9119768449664026,4/53,1.97%
Congenital Generalized Lipodystrophy WP5101,WikiPathways_2024_Human,0.9512436179710512,Upregulated,0.9129062803533488,8/17,25.69%
Diterpenoid Metabolic Process (GO:0016101),GO_Biological_Process_2025,0.9512299301749386,Upregulated,0.9122011979149208,7/21,24.77%
Protein Homotetramerization (GO:0051289),GO_Biological_Process_2025,0.9512047161009748,Upregulated,0.9115199331865064,13/50,18.05%
"Transport Of Vitamins, Nucleosides, And Related Molecules R-HSA-425397",Reactome_2022,0.9509605415490764,Upregulated,0.9115414345364524,11/37,18.39%
Anterograde Axonal Transport (GO:0008089),GO_Biological_Process_2025,0.9509501942052078,Upregulated,0.9108219297115036,6/36,10.01%
N-acetyltransferase Activity (GO:0008080),GO_Molecular_Function_2025,0.9506656485494056,Upregulated,0.9109396728556616,4/16,8.15%
Regulation of Transmembrane Receptor Protein Serine/Threonine Kinase Signaling Pathway (GO:0090092),GO_Biological_Process_2025,0.9502402241381522,Upregulated,0.9115008063956536,3/25,4.68%
DNA Biosynthetic Process (GO:0071897),GO_Biological_Process_2025,0.9498327762230148,Upregulated,0.9119940025653008,3/16,7.09%
Neural Crest Differentiation WP2064,WikiPathways_2024_Human,0.9496989958638808,Upregulated,0.9116649847321234,21/76,24.30%
Smooth Endoplasmic Reticulum (GO:0005790),GO_Cellular_Component_2025,0.9496552297601232,Upregulated,0.9110331231218372,9/16,37.19%
Fat-Soluble Vitamin Metabolic Process (GO:0006775),GO_Biological_Process_2025,0.9496334637552628,Upregulated,0.9103539827107195,9/22,26.23%
G2/M Checkpoints R-HSA-69481,Reactome_2022,0.9491285884042028,Upregulated,0.91121684314955,42/131,29.12%
Negative Regulation of Intracellular Steroid Hormone Receptor Signaling Pathway (GO:0033144),GO_Biological_Process_2025,0.9489846191544442,Upregulated,0.9109285272555144,8/30,21.49%
GPER1 Signaling R-HSA-9634597,Reactome_2022,0.9484928185562344,Upregulated,0.9117327230089616,6/39,10.80%
Endocytic Vesicle Lumen (GO:0071682),GO_Cellular_Component_2025,0.9482870213498156,Upregulated,0.9116304925602234,7/17,23.34%
Ovarian steroidogenesis,KEGG_2021_Human,0.948180229848464,Upregulated,0.911210713323714,7/38,10.36%
Membrane Assembly (GO:0071709),GO_Biological_Process_2025,0.9480349193136458,Upregulated,0.9109332239949244,9/33,24.24%
Serotonin Neurotransmitter Release Cycle R-HSA-181429,Reactome_2022,0.9478633204199348,Upregulated,0.9107121249838956,6/18,17.62%
Endothelin Pathways WP2197,WikiPathways_2024_Human,0.9478611799025464,Upregulated,0.9099738957496626,12/30,28.58%
Selenium Metabolism And Selenoproteins WP28,WikiPathways_2024_Human,0.9474396476609336,Upregulated,0.910558779781612,16/45,26.18%
Dopaminergic synapse,KEGG_2021_Human,0.9470815035242692,Upregulated,0.9109181958004312,16/111,11.92%
Telomere C-strand (Lagging Strand) Synthesis R-HSA-174417,Reactome_2022,0.9469599635696152,Upregulated,0.910551553174283,6/32,7.09%
Defective Pyroptosis R-HSA-9710421,Reactome_2022,0.9467664388940182,Upregulated,0.9103703324566528,6/21,15.11%
Proximal tubule bicarbonate reclamation,KEGG_2021_Human,0.9464712720744736,Upregulated,0.9105502439511168,5/21,11.30%
Negative Regulation of Protein Ubiquitination (GO:0031397),GO_Biological_Process_2025,0.946178113028192,Upregulated,0.9106670461219404,15/48,26.15%
Positive Regulation of Stress-Activated MAPK Cascade (GO:0032874),GO_Biological_Process_2025,0.9457256127204332,Upregulated,0.910596304588995,2/15,4.28%
Positive Regulation of Stress-Activated Protein Kinase Signaling Cascade (GO:0070304),GO_Biological_Process_2025,0.9457256127204332,Upregulated,0.910596304588995,2/15,4.28%
Negative Regulation of Cell Adhesion (GO:0007162),GO_Biological_Process_2025,0.945418371635432,Upregulated,0.9108172268454404,25/63,27.93%
RNA Polymerase III Chain Elongation R-HSA-73780,Reactome_2022,0.9449604582272376,Upregulated,0.9115021785475688,8/15,32.29%
Extrinsic Component of Cytoplasmic Side of Plasma Membrane (GO:0031234),GO_Cellular_Component_2025,0.9448430664717126,Upregulated,0.9111341764906276,6/40,10.80%
S Phase R-HSA-69242,Reactome_2022,0.9443208155221378,Upregulated,0.9119727453144276,40/156,24.26%
Cholesterol Metab With Bloch And Kandutsch Russell Pathways WP4718,WikiPathways_2024_Human,0.9439320867873708,Upregulated,0.9124260772635768,14/45,28.28%
Positive Regulation of Phosphate Metabolic Process (GO:0045937),GO_Biological_Process_2025,0.943654829063232,Upregulated,0.9125263103562132,4/22,7.08%
Regulation of Mitotic Cell Cycle Spindle Assembly Checkpoint (GO:0090266),GO_Biological_Process_2025,0.943470835105401,Upregulated,0.9123944743588382,5/20,11.85%
Aggresome (GO:0016235),GO_Cellular_Component_2025,0.9429054753158096,Upregulated,0.9133941935480212,7/31,9.04%
Zymogen Activation (GO:0031638),GO_Biological_Process_2025,0.9421024410550912,Upregulated,0.9151543572163346,4/20,9.35%
Glucagon-like Peptide-1 (GLP1) Regulates Insulin Secretion R-HSA-381676,Reactome_2022,0.941324746180042,Upregulated,0.916816429978352,6/37,12.06%
Cell Cycle Checkpoints R-HSA-69620,Reactome_2022,0.9408348747647656,Upregulated,0.9175887386733604,57/248,22.21%
Positive Regulation of Intrinsic Apoptotic Signaling Pathway (GO:2001244),GO_Biological_Process_2025,0.9397021391382492,Upregulated,0.9203299051867816,5/36,11.38%
ADP Signaling Thru P2Y Purinoceptor 1 R-HSA-418592,Reactome_2022,0.9395973991898904,Upregulated,0.9199002387465268,4/21,10.80%
Fatty Acid Biosynthesis WP357,WikiPathways_2024_Human,0.939318284905119,Upregulated,0.9199964242374792,8/22,24.77%
Azathioprine ADME R-HSA-9748787,Reactome_2022,0.9389404414628778,Upregulated,0.9204616475123492,4/18,11.11%
Transition Metal Ion Transport (GO:0000041),GO_Biological_Process_2025,0.9389304322228847,Upregulated,0.9197562345398336,8/26,20.59%
Axon Guidance R-HSA-422475,Reactome_2022,0.9383344143227024,Upregulated,0.920874980513498,84/457,17.90%
Regulation of Heart Rate by Cardiac Conduction (GO:0086091),GO_Biological_Process_2025,0.9374642164243586,Upregulated,0.92286248354707,13/37,24.91%
Cul3-RING Ubiquitin Ligase Complex (GO:0031463),GO_Cellular_Component_2025,0.9373939725472182,Upregulated,0.922316401620738,14/56,20.18%
Negative Regulation of Programmed Cell Death (GO:0043069),GO_Biological_Process_2025,0.9362759905014136,Upregulated,0.9249900241605892,83/346,21.94%
L-alpha-amino Acid Transmembrane Transport (GO:1902475),GO_Biological_Process_2025,0.935773965525554,Upregulated,0.9257875650897588,9/37,20.80%
Scavenging By Class A Receptors R-HSA-3000480,Reactome_2022,0.9357051350906268,Upregulated,0.9252411004556776,7/18,20.59%
Disordered Domain Specific Binding (GO:0097718),GO_Molecular_Function_2025,0.935565236378327,Upregulated,0.924938570276696,4/17,9.03%
Positive Regulation of Triglyceride Metabolic Process (GO:0090208),GO_Biological_Process_2025,0.935040050926698,Upregulated,0.9258073039576804,4/16,10.15%
Cellular Component Assembly (GO:0022607),GO_Biological_Process_2025,0.9340322144076696,Upregulated,0.9281909202212416,50/246,17.80%
G Protein-Coupled Receptor Binding (GO:0001664),GO_Molecular_Function_2025,0.9337834292482866,Upregulated,0.9282226670714888,30/116,22.89%
"Sensory Perception Of Sweet, Bitter, And Umami (Glutamate) Taste R-HSA-9717207",Reactome_2022,0.9337438323550898,Upregulated,0.927608672547754,6/18,18.33%
NADP Metabolic Process (GO:0006739),GO_Biological_Process_2025,0.9331057719676248,Upregulated,0.9288245110422548,5/18,14.08%
Negative Regulation of Cell Growth (GO:0030308),GO_Biological_Process_2025,0.9329563004956388,Upregulated,0.9285735585524464,44/105,31.43%
Negative Regulation of Vascular Associated Smooth Muscle Cell Proliferation (GO:1904706),GO_Biological_Process_2025,0.932415198243867,Upregulated,0.9294824884890492,2/16,2.74%
Triglyceride Homeostasis (GO:0070328),GO_Biological_Process_2025,0.9322661293453663,Upregulated,0.9292416090465312,3/28,2.30%
Membrane Lipid Biosynthetic Process (GO:0046467),GO_Biological_Process_2025,0.9316285177508372,Upregulated,0.9304746032508214,16/45,28.42%
Negative Regulation of Axonogenesis (GO:0050771),GO_Biological_Process_2025,0.9310731600909864,Upregulated,0.9314161480183916,8/21,24.40%
Neuroactive ligand-receptor interaction,KEGG_2021_Human,0.9310471221007416,Upregulated,0.9307591564894584,59/194,26.80%
FGFR2 Mutant Receptor Activation R-HSA-1839126,Reactome_2022,0.9307671971799748,Upregulated,0.930864886493173,17/27,37.02%
"Unblocking Of NMDA Receptors, Glutamate Binding And Activation R-HSA-438066",Reactome_2022,0.930588894976866,Upregulated,0.930686708883282,8/16,26.98%
Neurotransmitter Receptor Activity Involved in Regulation of Postsynaptic Membrane Potential (GO:0099529),GO_Molecular_Function_2025,0.9305504160999803,Upregulated,0.9300597497904368,6/15,22.48%
Biosynthesis of unsaturated fatty acids,KEGG_2021_Human,0.9301212928351162,Upregulated,0.930655684118625,13/25,31.19%
DNA Double-Strand Break Repair R-HSA-5693532,Reactome_2022,0.9294583242453636,Upregulated,0.931901685451672,39/132,24.73%
Sodium Channel Activity (GO:0005272),GO_Molecular_Function_2025,0.929381362658408,Upregulated,0.9314056006098556,7/32,13.46%
Synthesis Of DNA R-HSA-69239,Reactome_2022,0.9293640317397804,Upregulated,0.9307351528516562,29/115,24.17%
Regulation of Fibroblast Migration (GO:0010762),GO_Biological_Process_2025,0.929126473364818,Upregulated,0.9307253371770364,13/19,40.24%
Plasma Membrane Repair (GO:0001778),GO_Biological_Process_2025,0.928789182511452,Upregulated,0.9310267618805118,6/19,24.45%
Pre-NOTCH Transcription And Translation R-HSA-1912408,Reactome_2022,0.9283245887453018,Upregulated,0.9316601433494892,8/40,15.11%
Regulation of Vascular Endothelial Cell Proliferation (GO:1905562),GO_Biological_Process_2025,0.9281350425140132,Upregulated,0.9314744038387658,4/17,17.30%
Apelin signaling pathway,KEGG_2021_Human,0.9276422789572388,Upregulated,0.9322431143650408,21/125,13.11%
Negative Regulation of mRNA Processing (GO:0050686),GO_Biological_Process_2025,0.927471096148734,Upregulated,0.932037071617336,2/16,8.10%
TGF Beta In Thyroid Cells For Epithelial Mesenchymal Transition WP3859,WikiPathways_2024_Human,0.927390943216303,Upregulated,0.9315760469852926,6/17,23.76%
G2/M DNA Damage Checkpoint R-HSA-69473,Reactome_2022,0.9271373951287912,Upregulated,0.9315807095113918,19/62,24.83%
TBP-class Protein Binding (GO:0017025),GO_Molecular_Function_2025,0.9269907470366991,Upregulated,0.9312978111048896,3/18,4.18%
Positive Regulation of Proteolysis Involved in Protein Catabolic Process (GO:1903052),GO_Biological_Process_2025,0.9269853561701772,Upregulated,0.9305881223148736,2/38,0.18%
Budding And Maturation Of HIV Virion R-HSA-162588,Reactome_2022,0.9267780949532052,Upregulated,0.9305095415981998,5/25,17.43%
Regulation of Hydrolase Activity (GO:0051336),GO_Biological_Process_2025,0.9262379823300448,Upregulated,0.9314119986640668,6/47,6.80%
Regulation of ERK1 and ERK2 Cascade (GO:0070372),GO_Biological_Process_2025,0.9259556635268388,Upregulated,0.9315212951904752,49/197,24.27%
Hydro-Lyase Activity (GO:0016836),GO_Molecular_Function_2025,0.9253517094761148,Upregulated,0.9325791706811548,7/39,10.32%
Positive Regulation of Cell Population Proliferation (GO:0008284),GO_Biological_Process_2025,0.9251717045968542,Upregulated,0.9324018016861316,93/418,21.31%
Endogenous Sterols R-HSA-211976,Reactome_2022,0.925000538220328,Upregulated,0.9322022275509758,2/20,2.01%
Familial Hyperlipidemia Type 4 WP5111,WikiPathways_2024_Human,0.9249798729992684,Upregulated,0.9315312494656248,5/18,14.46%
Protein-Cysteine S-palmitoyltransferase Activity (GO:0019706),GO_Molecular_Function_2025,0.9247128527781784,Upregulated,0.931635666783025,12/19,34.75%
Hedgehog Signaling WP4249,WikiPathways_2024_Human,0.9245684144517082,Upregulated,0.9313231394201348,6/41,11.21%
Glutathione Metabolism WP100,WikiPathways_2024_Human,0.9240545519765472,Upregulated,0.9321565193491382,5/18,13.42%
Nucleotide Excision Repair In Xeroderma Pigmentosum WP5114,WikiPathways_2024_Human,0.9237441210804656,Upregulated,0.9323715564141,11/60,11.94%
Hedgehog Signaling WP47,WikiPathways_2024_Human,0.9236820531529744,Upregulated,0.9318335606541046,2/16,4.89%
Muscle Cell Development (GO:0055001),GO_Biological_Process_2025,0.9227585477428718,Upregulated,0.9337539860467644,5/16,16.25%
Peptidase Activator Activity (GO:0016504),GO_Molecular_Function_2025,0.922215786337477,Upregulated,0.934630093766978,9/31,21.34%
Vitamin A And Carotenoid Metabolism WP716,WikiPathways_2024_Human,0.9217740968613998,Upregulated,0.9352493645597753,10/37,18.99%
Positive Regulation of Binding (GO:0051099),GO_Biological_Process_2025,0.9214582929220636,Upregulated,0.9354630568391537,11/61,11.02%
TP53 Regulates Metabolic Genes R-HSA-5628897,Reactome_2022,0.921199787499118,Upregulated,0.9355172950662898,22/80,25.84%
Protein Localization to Organelle (GO:0033365),GO_Biological_Process_2025,0.921147432794156,Upregulated,0.9349521399995884,19/136,10.99%
MAPK Signaling WP382,WikiPathways_2024_Human,0.9208376191268348,Upregulated,0.9351773147095672,38/225,16.50%
Pausing And Recovery Of Tat-mediated HIV Elongation R-HSA-167238,Reactome_2022,0.9205019091856738,Upregulated,0.9354719493018728,4/30,7.74%
Fibroblast Growth Factor Receptor Binding (GO:0005104),GO_Molecular_Function_2025,0.9200238606665524,Upregulated,0.93618834548295,12/17,37.02%
Protein Import Into Mitochondrial Matrix (GO:0030150),GO_Biological_Process_2025,0.9199943929069,Upregulated,0.935565810814829,3/16,14.51%
Metal Ion SLC Transporters R-HSA-425410,Reactome_2022,0.9196338164479236,Upregulated,0.93591555831975,6/22,18.94%
Regulation of Microtubule Polymerization or Depolymerization (GO:0031110),GO_Biological_Process_2025,0.9193076772612976,Upregulated,0.936082478227373,11/27,31.40%
Glutamatergic Synapse (GO:0098978),GO_Cellular_Component_2025,0.9191856767869216,Upregulated,0.9357322195872808,13/86,11.22%
Organophosphate Catabolic Process (GO:0046434),GO_Biological_Process_2025,0.9191418129175776,Upregulated,0.9351285349916192,2/15,4.14%
Transforming Growth Factor Beta Receptor Signaling Pathway (GO:0007179),GO_Biological_Process_2025,0.9184303533628432,Upregulated,0.9365473021961228,14/70,16.16%
Regulation of Transport (GO:0051049),GO_Biological_Process_2025,0.91832170806337,Upregulated,0.9361373198534824,18/42,28.34%
Azurophil Granule Membrane (GO:0035577),GO_Cellular_Component_2025,0.9167900682867473,Upregulated,0.939927451498697,22/51,27.46%
Positive Regulation of Viral Life Cycle (GO:1903902),GO_Biological_Process_2025,0.9166571792058742,Upregulated,0.9396093182088796,4/20,6.13%
Regulation of Activin Receptor Signaling Pathway (GO:0032925),GO_Biological_Process_2025,0.9165743306029528,Upregulated,0.9391372983303632,3/17,6.75%
Glutamatergic synapse,KEGG_2021_Human,0.9162308709639514,Upregulated,0.9394421564814134,22/97,18.69%
Lamellipodium Organization (GO:0097581),GO_Biological_Process_2025,0.9157923786424016,Upregulated,0.9400309693213256,6/28,8.86%
Negative Regulation of Protein Localization to Membrane (GO:1905476),GO_Biological_Process_2025,0.91548847036543,Upregulated,0.9402002266763017,3/25,2.55%
G1/S Transition of Mitotic Cell Cycle (GO:0000082),GO_Biological_Process_2025,0.9151947976904335,Upregulated,0.9403441879231228,18/58,29.29%
Voltage-Gated Monoatomic Cation Channel Activity (GO:0022843),GO_Molecular_Function_2025,0.915063513598936,Upregulated,0.9400149789078724,14/57,17.87%
Placenta Development (GO:0001890),GO_Biological_Process_2025,0.914129529994312,Upregulated,0.9419986273325688,2/19,3.09%
Iron-Sulfur Cluster Binding (GO:0051536),GO_Molecular_Function_2025,0.9140187802391012,Upregulated,0.9416314958184182,8/29,20.42%
Cooperation Of PDCL (PhLP1) And TRiC/CCT In G-protein Beta Folding R-HSA-6814122,Reactome_2022,0.9138221503672485,Upregulated,0.941508470191928,4/33,10.80%
Response to Interleukin-1 (GO:0070555),GO_Biological_Process_2025,0.9136822212456828,Upregulated,0.9412024962237372,1/52,0.01%
Membrane Organization (GO:0061024),GO_Biological_Process_2025,0.913472865365086,Upregulated,0.9410976105225372,34/163,18.77%
Protein Localization to Chromosome (GO:0034502),GO_Biological_Process_2025,0.9130331579845584,Upregulated,0.9416435172817434,10/47,11.77%
Microtubule Cytoskeleton Regulation WP2038,WikiPathways_2024_Human,0.9129608195087188,Upregulated,0.94116148293638,19/46,27.63%
Endoderm Formation (GO:0001706),GO_Biological_Process_2025,0.9124315183596564,Upregulated,0.9420352905475388,5/34,7.48%
Amphetamine addiction,KEGG_2021_Human,0.9123125924765808,Upregulated,0.941693096733348,20/61,27.39%
Assembly Of HIV Virion R-HSA-175474,Reactome_2022,0.9120298999934424,Upregulated,0.941828084165813,4/16,22.77%
Defective Homologous Recombination Repair (HRR) Due To BRCA2 Loss Of Function R-HSA-9701190,Reactome_2022,0.9116136073925748,Upregulated,0.9423689724364592,13/40,21.84%
Steroid Biosynthetic Process (GO:0006694),GO_Biological_Process_2025,0.911494338381416,Upregulated,0.94202669365957,4/16,23.08%
Serotonin Receptor 4 6 7 And NR3C Signaling WP734,WikiPathways_2024_Human,0.9111764878538364,Upregulated,0.9422680910214128,5/19,17.72%
Nuclear Receptor Transcription Pathway R-HSA-383280,Reactome_2022,0.9088440134877724,Upregulated,0.9482898909289258,5/46,5.50%
Anaphase-Promoting Complex-Dependent Catabolic Process (GO:0031145),GO_Biological_Process_2025,0.9088055283407512,Upregulated,0.9477031886044576,3/20,5.97%
Positive Regulation of DNA Biosynthetic Process (GO:2000573),GO_Biological_Process_2025,0.9087132988308032,Upregulated,0.9472783537028878,12/40,22.58%
Negative Regulation of RNA Splicing (GO:0033119),GO_Biological_Process_2025,0.9085325270358904,Upregulated,0.9471132319903726,2/20,8.10%
Metabolic Reprogramming In Pancreatic Cancer WP5220,WikiPathways_2024_Human,0.9083754429638397,Upregulated,0.946848415387303,7/41,15.30%
Positive Regulation of Translational Initiation (GO:0045948),GO_Biological_Process_2025,0.9083140189606838,Upregulated,0.9462982301936947,6/20,14.99%
11P11 2 Copy Number Variation Syndrome WP5348,WikiPathways_2024_Human,0.9079373151808472,Upregulated,0.946694489384052,8/52,10.98%
Regulation of Lipid Catabolic Process (GO:0050994),GO_Biological_Process_2025,0.9075274077285296,Upregulated,0.9471712540764572,6/21,19.72%
Signaling By NOTCH2 R-HSA-1980145,Reactome_2022,0.9074758275672496,Upregulated,0.946628060145096,3/31,4.02%
Calcium Channel Activity (GO:0005262),GO_Molecular_Function_2025,0.9074034952104628,Upregulated,0.9461204639578096,17/80,16.79%
Positive Regulation of Neuron Apoptotic Process (GO:0043525),GO_Biological_Process_2025,0.9073075178917644,Upregulated,0.9456675660063052,4/33,8.52%
Carboxylic Acid Transmembrane Transport (GO:1905039),GO_Biological_Process_2025,0.9072515831050276,Upregulated,0.9451512558921192,7/47,9.79%
Purine Ribonucleotide Metabolic Process (GO:0009150),GO_Biological_Process_2025,0.907188182674495,Upregulated,0.9446207503432368,16/49,23.44%
Positive Regulation of Supramolecular Fiber Organization (GO:1902905),GO_Biological_Process_2025,0.9068078294441272,Upregulated,0.9450084217388762,20/88,18.75%
Activation Of BAD And Translocation To Mitochondria R-HSA-111447,Reactome_2022,0.9063119896129304,Upregulated,0.9457492942589896,5/15,24.83%
Fluid shear stress and atherosclerosis,KEGG_2021_Human,0.9063095796064772,Upregulated,0.9450541135917424,40/128,26.15%
FGFR2 Alternative Splicing R-HSA-6803529,Reactome_2022,0.906111039598362,Upregulated,0.9449387704870432,7/26,17.62%
Phosphatidylethanolamine Metabolic Process (GO:0046337),GO_Biological_Process_2025,0.906039578313637,Upregulated,0.9444455638643102,5/21,13.16%
"Transport Of Bile Salts And Organic Acids, Metal Ions And Amine Compounds R-HSA-425366",Reactome_2022,0.905932767102668,Upregulated,0.944024585617716,16/64,21.86%
Microtubule Depolymerization (GO:0007019),GO_Biological_Process_2025,0.905734651669902,Upregulated,0.9439019230075956,2/15,6.81%
Calcium Ion Import (GO:0070509),GO_Biological_Process_2025,0.9057249348503232,Upregulated,0.9432356587812872,9/31,16.08%
Negative Regulation of DNA Metabolic Process (GO:0051053),GO_Biological_Process_2025,0.9043608258769578,Upregulated,0.9464126918990244,11/31,21.95%
Transport Along Microtubule (GO:0010970),GO_Biological_Process_2025,0.9042329535611704,Upregulated,0.9460616053657396,5/18,13.20%
Fatty Acid Oxidation (GO:0019395),GO_Biological_Process_2025,0.9035611647221312,Upregulated,0.9472669503376316,10/49,12.27%
Regulation of Cellular Response to Growth Factor Stimulus (GO:0090287),GO_Biological_Process_2025,0.9029470887668368,Upregulated,0.9483127310160144,8/19,28.20%
Voltage-Gated Sodium Channel Activity (GO:0005248),GO_Molecular_Function_2025,0.9023297962034016,Upregulated,0.9494038018931172,4/16,13.46%
Aortic Valve Development (GO:0003176),GO_Biological_Process_2025,0.9021227355498096,Upregulated,0.9492754484693844,15/40,22.97%
Long-term Potentiation R-HSA-9620244,Reactome_2022,0.9018725845717492,Upregulated,0.949305910171528,9/18,26.98%
Acylglycerol Homeostasis (GO:0055090),GO_Biological_Process_2025,0.9014749147379688,Upregulated,0.9497710474988196,2/19,2.30%
Dopamine Neurotransmitter Release Cycle R-HSA-212676,Reactome_2022,0.9014103914493294,Upregulated,0.9492343105169716,7/23,17.62%
Protein Neddylation (GO:0045116),GO_Biological_Process_2025,0.9013593701229736,Upregulated,0.9486995411421746,10/20,28.08%
Regulation of Cytosolic Calcium Ion Concentration (GO:0051480),GO_Biological_Process_2025,0.9013122626461766,Upregulated,0.9481177519997878,8/30,17.08%
Hexose Transmembrane Transport (GO:0008645),GO_Biological_Process_2025,0.9010534111132396,Upregulated,0.948161333408882,5/15,17.51%
Virus Receptor Activity (GO:0001618),GO_Molecular_Function_2025,0.9009667107202732,Upregulated,0.9476992364499496,8/26,17.47%
Actin Filament Organization (GO:0007015),GO_Biological_Process_2025,0.9008596787356424,Upregulated,0.9473049450750968,32/148,17.94%
NGF-stimulated Transcription R-HSA-9031628,Reactome_2022,0.9008238042074928,Upregulated,0.946717634461913,7/36,11.42%
Netrin-1 Signaling R-HSA-373752,Reactome_2022,0.9008074916564494,Upregulated,0.9460653240531064,5/44,3.48%
Positive Regulation of Cell Division (GO:0051781),GO_Biological_Process_2025,0.9007439280000762,Upregulated,0.9455449940728992,19/33,35.51%
Negative Regulation of Nucleocytoplasmic Transport (GO:0046823),GO_Biological_Process_2025,0.9005914818559958,Upregulated,0.9452878773987604,5/17,15.72%
Nicotinate Metabolism R-HSA-196807,Reactome_2022,0.9004804259135025,Upregulated,0.9449061633843256,8/29,19.87%
Regulation of Protein Transport (GO:0051223),GO_Biological_Process_2025,0.9003359171512548,Upregulated,0.9446205705811014,11/22,32.22%
Vesicle (GO:0031982),GO_Cellular_Component_2025,0.8990021228681045,Upregulated,0.947634417484732,59/196,25.61%
GnRH secretion,KEGG_2021_Human,0.898959871955459,Upregulated,0.947073856363151,19/53,24.26%
Amino sugar and nucleotide sugar metabolism,KEGG_2021_Human,0.8988787719917225,Upregulated,0.946597181386843,8/45,12.70%
Positive Regulation of MAPK Cascade (GO:0043410),GO_Biological_Process_2025,0.8977948646200832,Upregulated,0.9489734308256028,30/314,8.34%
Response to BMP (GO:0071772),GO_Biological_Process_2025,0.8974153331633801,Upregulated,0.9493401960708064,5/19,12.64%
Phosphatidylserine Metabolic Process (GO:0006658),GO_Biological_Process_2025,0.8971284975217764,Upregulated,0.949465342579209,4/18,15.35%
Long-Chain fatty-acyl-CoA Metabolic Process (GO:0035336),GO_Biological_Process_2025,0.8969833245482411,Upregulated,0.9491673975209032,5/20,14.07%
Membrane Depolarization During Cardiac Muscle Cell Action Potential (GO:0086012),GO_Biological_Process_2025,0.8964717261233706,Upregulated,0.949877139691352,5/16,16.08%
Inorganic Anion Transport (GO:0015698),GO_Biological_Process_2025,0.896184813148903,Upregulated,0.9499987145543076,11/39,15.80%
Glycosaminoglycan Metabolism R-HSA-1630316,Reactome_2022,0.8961358361950588,Upregulated,0.949429207154714,22/107,17.55%
Vascular Endothelial Growth Factor Receptor Signaling Pathway (GO:0048010),GO_Biological_Process_2025,0.8960710985085145,Upregulated,0.9489262470211054,10/29,22.81%
Bicellular Tight Junction Assembly (GO:0070830),GO_Biological_Process_2025,0.8957897783291618,Upregulated,0.9490395261707392,13/35,29.30%
Positive Regulation of Wound Healing (GO:0090303),GO_Biological_Process_2025,0.8957235446211733,Upregulated,0.9485236322369268,13/37,20.09%
Protein Stabilization (GO:0050821),GO_Biological_Process_2025,0.894374720144498,Upregulated,0.9515465083787916,28/192,12.12%
Cyclin-Dependent Protein Kinase Holoenzyme Complex (GO:0000307),GO_Cellular_Component_2025,0.8942323305012032,Upregulated,0.9512337017155014,9/43,17.82%
Membrane Fusion (GO:0061025),GO_Biological_Process_2025,0.8936655609002281,Upregulated,0.9521783899773486,9/27,18.38%
Negative Regulation of Growth (GO:0045926),GO_Biological_Process_2025,0.8935339281582624,Upregulated,0.9518621040056848,39/94,31.43%
Synaptic vesicle cycle,KEGG_2021_Human,0.8930801543352248,Upregulated,0.9524247667811656,25/69,29.57%
Cell Adhesion Mediator Activity (GO:0098631),GO_Molecular_Function_2025,0.8926566661927974,Upregulated,0.9528825276950564,18/38,31.87%
Signaling To RAS R-HSA-167044,Reactome_2022,0.8920931288028053,Upregulated,0.9537349082378308,4/17,11.22%
Pyruvate Metabolism And Citric Acid (TCA) Cycle R-HSA-71406,Reactome_2022,0.8920152390185991,Upregulated,0.9532596079733414,10/47,15.01%
Complement Cascade R-HSA-166658,Reactome_2022,0.8919372785874089,Upregulated,0.9527942211503828,5/39,8.15%
Positive Regulation of T Cell Mediated Immunity (GO:0002711),GO_Biological_Process_2025,0.8917354694477452,Upregulated,0.952659919800651,7/39,8.09%
Regulation of Protein Targeting to Mitochondrion (GO:1903214),GO_Biological_Process_2025,0.8917116478928305,Upregulated,0.9520435005163228,9/35,20.99%
TRAF6-mediated Induction Of TAK1 Complex Within TLR4 Complex R-HSA-937072,Reactome_2022,0.8915025993279835,Upregulated,0.9519698130421014,2/15,6.38%
Endochondral Ossification WP474,WikiPathways_2024_Human,0.8914349018415776,Upregulated,0.9508084473687606,10/55,14.23%
Endochondral Ossification With Skeletal Dysplasias WP4808,WikiPathways_2024_Human,0.8914349018415776,Upregulated,0.9508084473687606,10/55,14.23%
Macromolecule Methylation (GO:0043414),GO_Biological_Process_2025,0.8911665991311458,Upregulated,0.9508943855886316,7/21,25.35%
Tau Protein Binding (GO:0048156),GO_Molecular_Function_2025,0.8906937299396945,Upregulated,0.9514998382281894,4/39,6.85%
HIV Elongation Arrest And Recovery R-HSA-167287,Reactome_2022,0.8904751248087942,Upregulated,0.9514009800296142,4/32,7.74%
General Transcription Initiation Factor Binding (GO:0140296),GO_Molecular_Function_2025,0.8904438840392143,Upregulated,0.9508131799006746,7/31,14.95%
Retrograde Transport At Trans-Golgi-Network R-HSA-6811440,Reactome_2022,0.8904384292717445,Upregulated,0.950151157538225,7/45,10.78%
Negative Regulation of Neuron Projection Development (GO:0010977),GO_Biological_Process_2025,0.8890599081435965,Upregulated,0.953208808236412,9/49,15.96%
Steroid Metabolic Process (GO:0008202),GO_Biological_Process_2025,0.8886865528123915,Upregulated,0.953514097719058,22/62,26.24%
Transmitter-Gated Monoatomic Ion Channel Activity Involved in Regulation of Postsynaptic Membrane Potential (GO:1904315),GO_Molecular_Function_2025,0.8884876186058279,Upregulated,0.9533449808658736,6/17,22.48%
Phospholipase A2 Activity (GO:0004623),GO_Molecular_Function_2025,0.8868331112358742,Upregulated,0.9571914518107476,5/22,14.12%
Protein Kinase Inhibitor Activity (GO:0004860),GO_Molecular_Function_2025,0.8858715742811585,Upregulated,0.9591084364093307,8/54,9.60%
Monoatomic Ion Transport (GO:0006811),GO_Biological_Process_2025,0.8855108566747572,Upregulated,0.9593881474347902,18/85,17.31%
Associative Learning (GO:0008306),GO_Biological_Process_2025,0.8853452392217651,Upregulated,0.9591429490782202,4/17,12.17%
Oocyte meiosis,KEGG_2021_Human,0.8850889598160216,Upregulated,0.9591208580965422,13/108,8.24%
Alpha-Ketoacid Dehydrogenase Complex (GO:0045240),GO_Cellular_Component_2025,0.8850397598798414,Upregulated,0.9585778719962044,2/16,8.44%
Tight Junction Interactions R-HSA-420029,Reactome_2022,0.8847071961342124,Upregulated,0.9588406692815256,5/24,9.08%
Cholesterol Homeostasis (GO:0042632),GO_Biological_Process_2025,0.8846368515896735,Upregulated,0.9583680055016016,12/63,15.99%
Import Into the Mitochondrion (GO:0170036),GO_Biological_Process_2025,0.8837531525256975,Upregulated,0.9601411974073956,8/41,14.51%
Axonal Transport (GO:0098930),GO_Biological_Process_2025,0.88308659800546,Upregulated,0.9612709419980184,6/38,6.13%
Positive Regulation of Blood Vessel Endothelial Cell Migration (GO:0043536),GO_Biological_Process_2025,0.8828951023489068,Upregulated,0.961115829645668,15/48,26.26%
Heme Metabolic Process (GO:0042168),GO_Biological_Process_2025,0.8818948003446179,Upregulated,0.9630959418479512,11/33,24.23%
Angiotensin II Receptor Type 1 Pathway WP5036,WikiPathways_2024_Human,0.8818034162908902,Upregulated,0.9626383775314286,7/27,16.16%
Regulation of Synapse Organization (GO:0050807),GO_Biological_Process_2025,0.8815261805256518,Upregulated,0.962693228310048,13/34,29.35%
Notch signaling pathway,KEGG_2021_Human,0.8810579026135447,Upregulated,0.963244706625297,15/54,22.97%
Glycerophospholipid metabolism,KEGG_2021_Human,0.8804810763769729,Upregulated,0.9641057754351888,22/90,19.07%
Granulocyte Chemotaxis (GO:0071621),GO_Biological_Process_2025,0.8798425056732785,Upregulated,0.9651339865028904,5/47,2.72%
Maintenance of Protein Localization in Organelle (GO:0072595),GO_Biological_Process_2025,0.8798188321207407,Upregulated,0.9645140112519974,6/19,19.98%
Regulation of Cell Cycle Phase Transition (GO:1901987),GO_Biological_Process_2025,0.8790643660919072,Upregulated,0.965789282937149,7/29,21.09%
Negative Regulation of Wnt Signaling Pathway (GO:0030178),GO_Biological_Process_2025,0.8781529453810332,Upregulated,0.9675521013702568,29/134,21.82%
Transmission Across Chemical Synapses R-HSA-112315,Reactome_2022,0.8781228234937476,Upregulated,0.9669565234802524,50/197,24.07%
Regulation Of Insulin Secretion R-HSA-422356,Reactome_2022,0.8776247059107702,Upregulated,0.9675946538547464,11/68,13.24%
Positive Regulation of Epithelial Cell Differentiation (GO:0030858),GO_Biological_Process_2025,0.8774391268296233,Upregulated,0.9674195505683092,11/19,35.37%
Sensory Perception R-HSA-9709957,Reactome_2022,0.8773144162397073,Upregulated,0.9670833480979076,37/169,18.33%
Regulation of Vascular Associated Smooth Muscle Cell Proliferation (GO:1904705),GO_Biological_Process_2025,0.8772747078123978,Upregulated,0.9665217784937398,8/37,14.95%
IKK Complex Recruitment Mediated By RIP1 R-HSA-937041,Reactome_2022,0.8772236794085544,Upregulated,0.965971657413938,3/21,6.38%
Mitophagy R-HSA-5205647,Reactome_2022,0.8769236547918818,Upregulated,0.9661190621112736,11/25,30.35%
Extra-nuclear Estrogen Signaling R-HSA-9009391,Reactome_2022,0.8762135200809662,Upregulated,0.9672865690215928,26/68,34.12%
Phosphatidylinositol Bisphosphate Binding (GO:1902936),GO_Molecular_Function_2025,0.8760517610212631,Upregulated,0.9670160523047812,19/87,15.63%
Inner Mitochondrial Membrane Organization (GO:0007007),GO_Biological_Process_2025,0.8758784798634857,Upregulated,0.9668074925774128,16/37,32.07%
Transition Metal Ion Transmembrane Transporter Activity (GO:0046915),GO_Molecular_Function_2025,0.8754870182085502,Upregulated,0.967162579646612,7/31,18.94%
Negative Regulation of Developmental Process (GO:0051093),GO_Biological_Process_2025,0.8753954345777365,Upregulated,0.9667546255486428,26/98,21.31%
Positive Regulation of Proteolysis (GO:0045862),GO_Biological_Process_2025,0.8753054110611964,Upregulated,0.966332711563356,10/49,17.08%
L-amino Acid Transport (GO:0015807),GO_Biological_Process_2025,0.8752569651493979,Upregulated,0.965785210899578,4/27,8.05%
Thyroid cancer,KEGG_2021_Human,0.874819340812368,Upregulated,0.9662817272147076,13/36,23.76%
Thermogenesis WP4321,WikiPathways_2024_Human,0.8747438497993311,Upregulated,0.9658030349015572,14/100,11.90%
Protein Targeting (GO:0006605),GO_Biological_Process_2025,0.8746796284449687,Upregulated,0.9653133046707728,35/124,23.56%
PDZ Domain Binding (GO:0030165),GO_Molecular_Function_2025,0.874143762115668,Upregulated,0.9660418341602592,15/51,18.78%
Positive Regulation of Lipid Catabolic Process (GO:0050996),GO_Biological_Process_2025,0.8738182327520697,Upregulated,0.9662641899815946,6/18,24.26%
Postsynaptic Membrane Organization (GO:0001941),GO_Biological_Process_2025,0.8737646313341653,Upregulated,0.965727341626798,7/15,25.90%
Positive Regulation of Peptide Hormone Secretion (GO:0090277),GO_Biological_Process_2025,0.8736297942661757,Upregulated,0.9654073560740738,7/34,11.77%
Monoamine Transport WP727,WikiPathways_2024_Human,0.8732181109576104,Upregulated,0.9658223449097588,4/30,12.20%
Sterol Homeostasis (GO:0055092),GO_Biological_Process_2025,0.8716444265646209,Upregulated,0.9692932711054044,12/64,15.99%
"Cell Death Signaling Via NRAGE, NRIF And NADE R-HSA-204998",Reactome_2022,0.8712845914174784,Upregulated,0.9695187249233594,7/69,5.96%
Regulation of Monoatomic Cation Transmembrane Transport (GO:1904062),GO_Biological_Process_2025,0.8709953509587768,Upregulated,0.969547732199965,9/37,16.44%
Microtubule Bundle Formation (GO:0001578),GO_Biological_Process_2025,0.8708662132575301,Upregulated,0.9692184701153468,13/50,20.30%
Metabolism Of Steroid Hormones R-HSA-196071,Reactome_2022,0.8703747843799071,Upregulated,0.9698745300091852,2/23,2.01%
Artery Morphogenesis (GO:0048844),GO_Biological_Process_2025,0.8697943047724699,Upregulated,0.9707420105718556,12/30,25.12%
DNA Damage Recognition In GG-NER R-HSA-5696394,Reactome_2022,0.86977483335373,Upregulated,0.970128049220706,12/36,29.25%
Fatty acyl-CoA Biosynthesis R-HSA-75105,Reactome_2022,0.869387139802898,Upregulated,0.9704061165128898,9/33,17.45%
Signaling By NODAL R-HSA-1181150,Reactome_2022,0.8693684437545663,Upregulated,0.969784397009428,3/18,10.26%
Pathogenic Escherichia coli infection,KEGG_2021_Human,0.8693519318077337,Upregulated,0.9691651822279213,31/175,16.32%
Regulation of Cardiac Conduction (GO:1903779),GO_Biological_Process_2025,0.8691692487049696,Upregulated,0.9689639425908548,6/17,18.69%
Inhibition Of DNA Recombination At Telomere R-HSA-9670095,Reactome_2022,0.8691142955670703,Upregulated,0.9684518593745493,5/28,7.74%
Lipid Metabolism In Senescent Cells WP5149,WikiPathways_2024_Human,0.8690568488409919,Upregulated,0.9679184641945636,5/19,14.12%
Carboxylic Ester Hydrolase Activity (GO:0052689),GO_Molecular_Function_2025,0.8687454623889448,Upregulated,0.968063824605623,21/94,20.02%
Transcription by RNA Polymerase III (GO:0006383),GO_Biological_Process_2025,0.8685138057821514,Upregulated,0.96799632023123,9/30,21.77%
ATF4 Activates Genes In Response To Endoplasmic Reticulum Stress R-HSA-380994,Reactome_2022,0.8683291987712325,Upregulated,0.96780809443042,6/24,26.26%
Notch Signaling WP268,WikiPathways_2024_Human,0.8679013391899226,Upregulated,0.9681672565245694,14/40,27.95%
DNA-directed RNA Polymerase Activity (GO:0003899),GO_Molecular_Function_2025,0.8676860935866485,Upregulated,0.96805978601315,4/24,7.74%
Signaling By ERBB2 In Cancer R-HSA-1227990,Reactome_2022,0.8673266965817611,Upregulated,0.9683251232691142,7/24,21.60%
Regulation of Macrophage Differentiation (GO:0045649),GO_Biological_Process_2025,0.8665804262476482,Upregulated,0.9694833327086196,2/15,5.17%
Monoatomic Cation Transport (GO:0006812),GO_Biological_Process_2025,0.8660925012193487,Upregulated,0.9700499933862444,4/33,5.53%
Regulation of Stress Fiber Assembly (GO:0051492),GO_Biological_Process_2025,0.8659012430204241,Upregulated,0.9698709849996816,19/73,20.35%
Positive Regulation of D-glucose Transmembrane Transport (GO:0010828),GO_Biological_Process_2025,0.8657228623568769,Upregulated,0.9696517749584136,5/26,11.54%
Regulation of Centrosome Cycle (GO:0046605),GO_Biological_Process_2025,0.8653199951176205,Upregulated,0.9700090769539682,4/20,11.33%
Positive Regulation of Fibroblast Proliferation (GO:0048146),GO_Biological_Process_2025,0.8649061428935622,Upregulated,0.9704335750192598,10/25,29.35%
5'-3' RNA Polymerase Activity (GO:0034062),GO_Molecular_Function_2025,0.8645986790598744,Upregulated,0.970534054944722,4/26,7.74%
Superoxide Metabolic Process (GO:0006801),GO_Biological_Process_2025,0.8645425323368789,Upregulated,0.9700277388686342,8/31,16.24%
Clathrin-Coated Vesicle (GO:0030136),GO_Cellular_Component_2025,0.8640561105031596,Upregulated,0.9705804575682084,17/82,17.75%
RUNX1 Interacts With Co-Factors Whose Precise Effect On RUNX1 Targets Is Not Known R-HSA-8939243,Reactome_2022,0.8639410424769672,Upregulated,0.97019999013531,11/33,24.76%
Multivesicular Body (GO:0005771),GO_Cellular_Component_2025,0.8638580739094813,Upregulated,0.9697520406383376,14/39,23.55%
Signaling By ERBB2 KD Mutants R-HSA-9664565,Reactome_2022,0.8633877484793878,Upregulated,0.9702722984896026,7/23,21.60%
Methyltransferase Activity (GO:0008168),GO_Molecular_Function_2025,0.8633005341413452,Upregulated,0.9698178419696128,14/36,26.81%
Positive Regulation of Neural Precursor Cell Proliferation (GO:2000179),GO_Biological_Process_2025,0.8631682701056728,Upregulated,0.969493742296458,7/20,22.58%
Hedgehog signaling pathway,KEGG_2021_Human,0.8620004832195819,Upregulated,0.971715488292518,7/52,11.21%
Global Genome Nucleotide Excision Repair (GG-NER) R-HSA-5696399,Reactome_2022,0.861087034840755,Upregulated,0.9732777205079246,22/79,24.27%
Acetylcholine Neurotransmitter Release Cycle R-HSA-264642,Reactome_2022,0.8603114998546947,Upregulated,0.9745274183265864,6/16,17.62%
Cytokines And Inflammatory Response WP530,WikiPathways_2024_Human,0.8602829275564741,Upregulated,0.9739536034517916,2/18,3.16%
Positive Regulation of D-glucose Import (GO:0046326),GO_Biological_Process_2025,0.8602797045624396,Upregulated,0.973311846272477,7/21,24.26%
Negative Regulation of G2/M Transition of Mitotic Cell Cycle (GO:0010972),GO_Biological_Process_2025,0.859954369070973,Upregulated,0.9735035981162744,7/29,17.43%
poly(A) Binding (GO:0008143),GO_Molecular_Function_2025,0.8598648571517077,Upregulated,0.9730618399298212,5/18,13.02%
RAF Activation R-HSA-5673000,Reactome_2022,0.8596786031550796,Upregulated,0.9728636538733992,5/31,12.93%
p53 signaling pathway,KEGG_2021_Human,0.8591794116852084,Upregulated,0.9734179284635291,20/68,22.04%
Hair Follicle Development Cytodifferentiation Stage 3 Of 3 WP2840,WikiPathways_2024_Human,0.8587061964709507,Upregulated,0.97391538121315,16/68,18.00%
Regulation of Protein Localization to Membrane (GO:1905475),GO_Biological_Process_2025,0.8585350845414653,Upregulated,0.9736717566614852,9/27,20.03%
Neural Tube Closure (GO:0001843),GO_Biological_Process_2025,0.8571669166545124,Upregulated,0.976341816066113,7/29,19.97%
Regulation of Intracellular Estrogen Receptor Signaling Pathway (GO:0033146),GO_Biological_Process_2025,0.8569015069918425,Upregulated,0.9763379900313724,5/26,10.50%
G Alpha (S) Signaling Events R-HSA-418555,Reactome_2022,0.8568184198721399,Upregulated,0.97588242123104,14/108,10.80%
Activation Of BH3-only Proteins R-HSA-114452,Reactome_2022,0.8567331691244684,Upregulated,0.9754457326986012,9/30,24.83%
Positive Regulation of Myoblast Differentiation (GO:0045663),GO_Biological_Process_2025,0.8564211780510865,Upregulated,0.97555852025805,4/34,4.23%
Protein digestion and absorption,KEGG_2021_Human,0.85630145267452,Upregulated,0.9751924025684968,18/77,20.38%
P75 NTR Receptor-Mediated Signaling R-HSA-193704,Reactome_2022,0.8555952414207181,Upregulated,0.9762679816621516,10/89,8.83%
Pre-NOTCH Expression And Processing R-HSA-1912422,Reactome_2022,0.8553973284407748,Upregulated,0.9760728654120476,10/56,15.11%
Triglyceride Biosynthetic Process (GO:0019432),GO_Biological_Process_2025,0.8542930526101891,Upregulated,0.9780575725759982,6/17,28.56%
Regulation of Telomere Maintenance in Response to DNA Damage (GO:1904505),GO_Biological_Process_2025,0.8529284811423272,Upregulated,0.98062097478091,4/15,18.02%
Positive Regulation of Autophagosome Assembly (GO:2000786),GO_Biological_Process_2025,0.8526856532318571,Upregulated,0.9805126934427764,4/16,19.55%
Activation Of Matrix Metalloproteinases R-HSA-1592389,Reactome_2022,0.8526701318996288,Upregulated,0.9799025799937386,9/21,33.45%
Sildenafil Treatment WP5294,WikiPathways_2024_Human,0.8524073422365761,Upregulated,0.97986436829473,8/22,28.90%
Dual Incision In GG-NER R-HSA-5696400,Reactome_2022,0.8523487341389149,Upregulated,0.9793505224694607,14/40,23.95%
Regulation Of FZD By Ubiquitination R-HSA-4641263,Reactome_2022,0.8519589494874217,Upregulated,0.9796488468552906,9/20,31.28%
Establishment of Mitotic Spindle Orientation (GO:0000132),GO_Biological_Process_2025,0.8518278868665307,Upregulated,0.9793069712110452,3/31,3.78%
Cell-Cell Adhesion Mediator Activity (GO:0098632),GO_Molecular_Function_2025,0.8512856664379574,Upregulated,0.9799102352005844,11/48,17.60%
Golgi Cis Cisterna (GO:0000137),GO_Cellular_Component_2025,0.8509783537952733,Upregulated,0.9800079236898764,20/24,40.93%
Alcohol Dehydrogenase (NAD+) Activity (GO:0004022),GO_Molecular_Function_2025,0.8508384210915363,Upregulated,0.979682451474684,7/15,25.50%
"Wound Healing, Spreading of Cells (GO:0044319)",GO_Biological_Process_2025,0.8502672522268266,Upregulated,0.9804108339190036,4/26,7.85%
D-glucose Transmembrane Transport (GO:1904659),GO_Biological_Process_2025,0.8498707634358567,Upregulated,0.9806987768051276,5/15,21.59%
Translesion Synthesis By Y Family DNA Polymerases Bypasses Lesions On DNA Template R-HSA-110313,Reactome_2022,0.849845436715442,Upregulated,0.9801201752812008,5/38,7.09%
Formation Of TC-NER Pre-Incision Complex R-HSA-6781823,Reactome_2022,0.8490249635535783,Upregulated,0.9813754223338964,8/51,12.19%
Signaling By FGFR2 In Disease R-HSA-5655253,Reactome_2022,0.8487175562028034,Upregulated,0.9814627450664856,18/36,35.37%
Regulation of Chondrocyte Differentiation (GO:0032330),GO_Biological_Process_2025,0.8482029108422668,Upregulated,0.9820094771302068,3/24,4.48%
Limb Development (GO:0060173),GO_Biological_Process_2025,0.8481333268374284,Upregulated,0.9815131039569244,9/24,27.93%
Artery Development (GO:0060840),GO_Biological_Process_2025,0.8479871634903374,Upregulated,0.9812037033684828,5/22,10.68%
Blood Vessel Endothelial Cell Migration (GO:0043534),GO_Biological_Process_2025,0.8477453492363798,Upregulated,0.9811025952010368,10/26,28.40%
Basal cell carcinoma,KEGG_2021_Human,0.8477095116998637,Upregulated,0.9805433007897988,9/56,15.18%
TRP Channels R-HSA-3295583,Reactome_2022,0.8475389395934049,Upregulated,0.980294311306179,6/19,16.54%
Cell Morphogenesis Involved in Neuron Differentiation (GO:0048667),GO_Biological_Process_2025,0.8474387830100824,Upregulated,0.9798767091396384,16/72,17.84%
Negative Regulation of Extrinsic Apoptotic Signaling Pathway via Death Domain Receptors (GO:1902042),GO_Biological_Process_2025,0.84699587876715,Upregulated,0.9802447048737812,5/21,16.79%
Apoptotic Mitochondrial Changes (GO:0008637),GO_Biological_Process_2025,0.8464442622089695,Upregulated,0.9808542238752688,3/31,9.27%
"Synthesis, Secretion, And Inactivation Of Glucagon-like Peptide-1 (GLP-1) R-HSA-381771",Reactome_2022,0.8463059975871038,Upregulated,0.9805282280352784,3/16,9.62%
Regulation of Fibroblast Proliferation (GO:0048145),GO_Biological_Process_2025,0.8461727674105696,Upregulated,0.980211082926163,7/43,10.26%
Negative Regulation of Notch Signaling Pathway (GO:0045746),GO_Biological_Process_2025,0.8448732834235316,Upregulated,0.9826322262463906,5/27,10.76%
1Q21 1 Copy Number Variation Syndrome WP4905,WikiPathways_2024_Human,0.844806724907587,Upregulated,0.9821537328454802,3/23,4.51%
Positive Regulation of Protein Targeting to Membrane (GO:0090314),GO_Biological_Process_2025,0.8445650181523331,Upregulated,0.9820673791678995,10/18,30.32%
Response to Cytokine (GO:0034097),GO_Biological_Process_2025,0.8444734885475842,Upregulated,0.98165920125332,7/114,5.75%
Protein Serine/Threonine Kinase Activator Activity (GO:0043539),GO_Molecular_Function_2025,0.8440994845536591,Upregulated,0.981869816793336,14/65,17.32%
Ubiquitin-Like Protein Conjugating Enzyme Binding (GO:0044390),GO_Molecular_Function_2025,0.843100216391376,Upregulated,0.9835099423119436,16/31,32.97%
Branched-Chain Amino Acid Catabolic Process (GO:0009083),GO_Biological_Process_2025,0.8424387020152788,Upregulated,0.984397340932999,4/18,12.24%
Response to Calcium Ion (GO:0051592),GO_Biological_Process_2025,0.8420022508072942,Upregulated,0.984735673439672,19/82,17.53%
Protein Methylation R-HSA-8876725,Reactome_2022,0.8418086375810625,Upregulated,0.9845254859641138,3/15,9.58%
Meiotic Recombination R-HSA-912446,Reactome_2022,0.8417938603742666,Upregulated,0.9839195562226232,5/34,7.45%
Nuclear Signaling By ERBB4 R-HSA-1251985,Reactome_2022,0.8417735404044121,Upregulated,0.983331141924752,14/31,30.93%
Aggrephagy R-HSA-9646399,Reactome_2022,0.8416520487752,Upregulated,0.9829749398229568,8/22,22.77%
Positive Regulation of Vascular Endothelial Growth Factor Production (GO:0010575),GO_Biological_Process_2025,0.8413533677911303,Upregulated,0.983020710175128,8/27,20.22%
Galactose metabolism,KEGG_2021_Human,0.8411162716722712,Upregulated,0.9829234527187006,10/26,28.79%
Establishment of Mitotic Spindle Localization (GO:0040001),GO_Biological_Process_2025,0.8405812536099223,Upregulated,0.983502635967436,7/36,19.34%
Wnt Signaling Pathway (GO:0016055),GO_Biological_Process_2025,0.840387905608744,Upregulated,0.9832842955558856,25/76,29.35%
Homologous Chromosome Pairing at Meiosis (GO:0007129),GO_Biological_Process_2025,0.8402002940313043,Upregulated,0.983055301028948,3/20,6.42%
Contractile Actin Filament Bundle Assembly (GO:0030038),GO_Biological_Process_2025,0.8401738060710493,Upregulated,0.9818409329646404,5/17,24.36%
Stress Fiber Assembly (GO:0043149),GO_Biological_Process_2025,0.8401738060710493,Upregulated,0.9818409329646404,5/17,24.36%
Positive Regulation of Protein Polymerization (GO:0032273),GO_Biological_Process_2025,0.8399286117864351,Upregulated,0.981773399452527,15/63,18.75%
Regulation of D-glucose Transmembrane Transport (GO:0010827),GO_Biological_Process_2025,0.8390830030666926,Upregulated,0.983035692894874,5/16,17.25%
Transposable Element Silencing by Heterochromatin Formation (GO:0141005),GO_Biological_Process_2025,0.838721727894824,Upregulated,0.9832207954834816,4/15,20.86%
Complement System WP2806,WikiPathways_2024_Human,0.8385978146519438,Upregulated,0.982853179217681,20/78,21.32%
Regulation of Peptidyl-Tyrosine Phosphorylation (GO:0050730),GO_Biological_Process_2025,0.8368932106156637,Upregulated,0.9860061587925272,12/41,22.58%
Processing Of DNA Double-Strand Break Ends R-HSA-5693607,Reactome_2022,0.836711442561727,Upregulated,0.9857781466290026,20/64,24.73%
Glial Cell Differentiation (GO:0010001),GO_Biological_Process_2025,0.8361726449475843,Upregulated,0.986318267823272,8/25,22.54%
Gap junction,KEGG_2021_Human,0.8353537747264997,Upregulated,0.9874910291139778,19/80,21.13%
Ubiquinone Metabolic Process (GO:0006743),GO_Biological_Process_2025,0.834886783850941,Upregulated,0.9879104262954772,4/16,15.40%
Diseases Associated With TLR Signaling Cascade R-HSA-5602358,Reactome_2022,0.8347335383702925,Upregulated,0.9876207997160182,3/27,8.09%
Positive Regulation of Cardiac Muscle Hypertrophy (GO:0010613),GO_Biological_Process_2025,0.8346204865936112,Upregulated,0.9872303229804824,2/18,8.24%
Abortive Elongation Of HIV-1 Transcript In Absence Of Tat R-HSA-167242,Reactome_2022,0.8344716788203816,Upregulated,0.9869368577089608,3/23,7.74%
Clear Cell Renal Cell Carcinoma Pathways WP4018,WikiPathways_2024_Human,0.834441435254124,Upregulated,0.9863667972912582,13/77,15.31%
Negative Regulation of Protein Kinase Activity (GO:0006469),GO_Biological_Process_2025,0.8337779372743589,Upregulated,0.9871840109241372,6/55,9.31%
Regulation of Neuroinflammatory Response (GO:0150077),GO_Biological_Process_2025,0.8330867767586805,Upregulated,0.988030571974102,1/20,0.01%
Intracellular Protein Transport (GO:0006886),GO_Biological_Process_2025,0.8324429712490127,Upregulated,0.9888142775312376,77/301,25.72%
Regulation of Actin Filament Bundle Assembly (GO:0032231),GO_Biological_Process_2025,0.8323716060916517,Upregulated,0.9883406777230868,10/24,27.32%
Prostanoid Metabolic Process (GO:0006692),GO_Biological_Process_2025,0.8323625633575684,Upregulated,0.987730923587564,6/18,20.97%
Familial Partial Lipodystrophy WP5102,WikiPathways_2024_Human,0.8320133299876714,Upregulated,0.9878638763249772,11/29,26.70%
Regulation of Centrosome Duplication (GO:0010824),GO_Biological_Process_2025,0.8317976875248961,Upregulated,0.987719896986492,5/24,14.89%
Synaptic Vesicle Exocytosis (GO:0016079),GO_Biological_Process_2025,0.8306691722061341,Upregulated,0.9894875756382088,5/40,7.67%
Neurotransmitter Receptors And Postsynaptic Signal Transmission R-HSA-112314,Reactome_2022,0.8300284948531897,Upregulated,0.990254542577169,22/138,14.49%
Digestive Tract Morphogenesis (GO:0048546),GO_Biological_Process_2025,0.8295013016121763,Upregulated,0.9907970864773415,5/15,20.18%
Negative Regulation Of NMDA Receptor-Mediated Neuronal Transmission R-HSA-9617324,Reactome_2022,0.8289180208454462,Upregulated,0.9914132055761384,4/16,12.17%
"Incretin Synthesis, Secretion, And Inactivation R-HSA-400508",Reactome_2022,0.8279863533689393,Upregulated,0.9927727639672996,7/19,27.12%
Hsp90 Protein Binding (GO:0051879),GO_Molecular_Function_2025,0.8278548305486959,Upregulated,0.9924482091893122,11/31,25.61%
Protein Deacylation (GO:0035601),GO_Biological_Process_2025,0.8275707366458468,Upregulated,0.9924364062889685,6/18,18.32%
Mitotic Spindle Organization (GO:0007052),GO_Biological_Process_2025,0.827562598374686,Upregulated,0.9918238337593674,22/87,20.68%
Mesenchymal Cell Differentiation (GO:0048762),GO_Biological_Process_2025,0.8273837828352009,Upregulated,0.9915775892878782,19/54,27.75%
Tertiary Granule Lumen (GO:1904724),GO_Cellular_Component_2025,0.8271213250408065,Upregulated,0.9915127862428452,4/45,4.14%
Macromolecule Glycosylation (GO:0043413),GO_Biological_Process_2025,0.8270049748470149,Upregulated,0.9911232576943378,17/43,29.48%
Regulation of Execution Phase of Apoptosis (GO:1900117),GO_Biological_Process_2025,0.8270010335284752,Upregulated,0.9905023629063744,2/15,4.10%
Selective Autophagy R-HSA-9663891,Reactome_2022,0.825351745034715,Upregulated,0.9933553896182016,22/55,30.35%
IL26 Signaling WP5347,WikiPathways_2024_Human,0.8252220603450752,Upregulated,0.9929954627851456,3/41,4.58%
"Oxidoreductase Activity, Acting on the CH-CH Group of Donors, NAD or NADP as Acceptor (GO:0016628)",GO_Molecular_Function_2025,0.8246905860758063,Upregulated,0.9935219975095314,8/17,24.77%
Sperm-Egg Recognition (GO:0035036),GO_Biological_Process_2025,0.823433773191918,Upregulated,0.995529546270303,4/17,15.92%
Cellular Response to Ketone (GO:1901655),GO_Biological_Process_2025,0.8231290700609751,Upregulated,0.9955585459519954,6/41,10.09%
Extrinsic Apoptotic Signaling Pathway (GO:0097191),GO_Biological_Process_2025,0.8230364465879232,Upregulated,0.9951077759143764,12/62,15.50%
Androgen Receptor Signaling WP138,WikiPathways_2024_Human,0.8229744438615723,Upregulated,0.9946195231377906,16/83,15.72%
Positive Regulation of Morphogenesis of an Epithelium (GO:1905332),GO_Biological_Process_2025,0.8226364018811455,Upregulated,0.9946997420063672,5/22,16.97%
Regulation of Lysosomal Lumen pH (GO:0035751),GO_Biological_Process_2025,0.8224872803946287,Upregulated,0.9943815962397604,3/22,6.15%
Signaling By Non-Receptor Tyrosine Kinases R-HSA-9006927,Reactome_2022,0.8224676220072777,Upregulated,0.9938071161719138,14/49,22.77%
DNA Repair R-HSA-73894,Reactome_2022,0.8220719987878083,Upregulated,0.994014715211763,64/283,21.95%
Positive Regulation of Osteoblast Differentiation (GO:0045669),GO_Biological_Process_2025,0.8220612618418278,Upregulated,0.9934148874588306,10/47,13.76%
Defective Intrinsic Pathway For Apoptosis R-HSA-9734009,Reactome_2022,0.8214787872642936,Upregulated,0.9939621185217437,4/23,14.95%
DNA Repair Pathways Full Network WP4946,WikiPathways_2024_Human,0.8207224179893199,Upregulated,0.9948556740874674,18/117,11.94%
RET Signaling R-HSA-8853659,Reactome_2022,0.8205583574832348,Upregulated,0.994556798525256,11/36,22.27%
Nucleus Organization (GO:0006997),GO_Biological_Process_2025,0.8198951301218184,Upregulated,0.9952813771229642,9/45,12.79%
Erythrocyte Differentiation (GO:0030218),GO_Biological_Process_2025,0.8196342968802365,Upregulated,0.995193852981706,5/45,5.17%
Positive Regulation of Glucose Metabolic Process (GO:0010907),GO_Biological_Process_2025,0.8192019129570381,Upregulated,0.9954767656209244,2/18,3.79%
Proteoglycans in cancer,KEGG_2021_Human,0.8190371590415279,Upregulated,0.995181773565602,29/191,14.24%
PPAR Alpha Pathway WP2878,WikiPathways_2024_Human,0.8190101472840674,Upregulated,0.9946174250776436,3/18,11.21%
Nucleoside Monophosphate Kinase Activity (GO:0050145),GO_Molecular_Function_2025,0.8182499911771638,Upregulated,0.995491582739167,6/17,25.20%
Diseases Of DNA Repair R-HSA-9675135,Reactome_2022,0.817570795954025,Upregulated,0.9962500598416528,18/50,28.63%
Plasma Lipoprotein Remodeling R-HSA-8963899,Reactome_2022,0.817497550659852,Upregulated,0.9957765104992976,5/25,13.15%
Cocaine addiction,KEGG_2021_Human,0.8173253620972347,Upregulated,0.9955138739668428,23/43,37.72%
Voltage-Gated Calcium Channel Complex (GO:0005891),GO_Cellular_Component_2025,0.8172432842151911,Upregulated,0.9950534117436496,4/33,8.17%
GPCRs Class B Secretin Like WP334,WikiPathways_2024_Human,0.8159057824589538,Upregulated,0.9971172681408624,10/18,36.52%
Nuclear Chromosome Segregation (GO:0098813),GO_Biological_Process_2025,0.8154196198783383,Upregulated,0.997462035562078,4/17,14.89%
Axon Extension (GO:0048675),GO_Biological_Process_2025,0.8153037760860647,Upregulated,0.9970628095309574,5/20,12.03%
Amplification And Expansion Of Oncogenic Pathways WP3678,WikiPathways_2024_Human,0.8151445855027427,Upregulated,0.996748147412686,6/16,22.97%
Regulation of Cellular Localization (GO:0060341),GO_Biological_Process_2025,0.8145532500007923,Upregulated,0.9973305479094744,17/56,25.70%
"4 Iron, 4 Sulfur Cluster Binding (GO:0051539)",GO_Molecular_Function_2025,0.8134754271686488,Upregulated,0.9988683169059006,4/16,14.35%
Degradation Of Extracellular Matrix R-HSA-1474228,Reactome_2022,0.8133437669395754,Upregulated,0.9985141618521858,14/88,15.90%
Negative Regulation of Blood Coagulation (GO:0030195),GO_Biological_Process_2025,0.813316113583409,Upregulated,0.9979577835470096,4/23,8.09%
Regulation of Golgi Organization (GO:1903358),GO_Biological_Process_2025,0.8132318952219204,Upregulated,0.9975113437718512,9/15,32.17%
Regulation of Exocytosis (GO:0017157),GO_Biological_Process_2025,0.8128783087037937,Upregulated,0.997593918838975,10/41,22.61%
Cell Cycle G1/S Phase Transition (GO:0044843),GO_Biological_Process_2025,0.8128271138165538,Upregulated,0.9970750142827054,18/60,29.29%
RND2 GTPase Cycle R-HSA-9696270,Reactome_2022,0.8125020141461988,Upregulated,0.9971094572687844,16/41,29.52%
Cytoplasmic Microtubule Organization (GO:0031122),GO_Biological_Process_2025,0.8120500032434391,Upregulated,0.997386699434711,18/53,24.93%
Regulation of Epithelial Cell Proliferation (GO:0050678),GO_Biological_Process_2025,0.8116108812948738,Upregulated,0.9976233166619524,34/82,34.56%
Actin-Based Cell Projection (GO:0098858),GO_Cellular_Component_2025,0.8113525826250874,Upregulated,0.9975062659983176,18/78,18.36%
Regulation of Protein Serine/Threonine Kinase Activity (GO:0071900),GO_Biological_Process_2025,0.8111721219334294,Upregulated,0.9972607125621664,12/63,18.70%
"Catalytic Activity, Acting on a tRNA (GO:0140101)",GO_Molecular_Function_2025,0.8107240414739462,Upregulated,0.9975312219190264,5/41,8.55%
Sensory Perception of Chemical Stimulus (GO:0007606),GO_Biological_Process_2025,0.810461875818678,Upregulated,0.9974357761196682,3/19,13.62%
Negative Regulation of Protein-Containing Complex Assembly (GO:0031333),GO_Biological_Process_2025,0.8104311290706402,Upregulated,0.9968927491884402,13/50,20.22%
Regulation of Notch Signaling Pathway (GO:0008593),GO_Biological_Process_2025,0.810253358745839,Upregulated,0.996645699105947,11/69,13.97%
Positive Regulation of Developmental Process (GO:0051094),GO_Biological_Process_2025,0.8096695888759782,Upregulated,0.9971154795762928,65/219,26.98%
Nuclear Receptors WP170,WikiPathways_2024_Human,0.8095352441175173,Upregulated,0.9967567538511138,7/33,15.93%
3'-UTR-mediated mRNA Stabilization (GO:0070935),GO_Biological_Process_2025,0.8095341660102132,Upregulated,0.9961477195077408,5/20,14.99%
Endocardial Cushion Development (GO:0003197),GO_Biological_Process_2025,0.8090524221447198,Upregulated,0.9964839824972526,8/21,21.49%
Regulation of Protein Targeting to Membrane (GO:0090313),GO_Biological_Process_2025,0.8080886478473448,Upregulated,0.9976921798647268,11/21,30.32%
Positive Regulation of Cell Development (GO:0010720),GO_Biological_Process_2025,0.8078987108879564,Upregulated,0.9974401176369072,5/26,11.99%
Sodium Ion Transport (GO:0006814),GO_Biological_Process_2025,0.807895554656367,Upregulated,0.9968370896104826,12/76,13.46%
Reproduction R-HSA-1474165,Reactome_2022,0.8067528803731547,Upregulated,0.9984382891032864,10/75,8.81%
Positive Regulation of Catabolic Process (GO:0009896),GO_Biological_Process_2025,0.8065356694633683,Upregulated,0.998256697668999,13/165,6.88%
Positive Regulation of Exocytosis (GO:0045921),GO_Biological_Process_2025,0.8065120392384956,Upregulated,0.9976946575473726,8/34,22.61%
Autophagosome Maturation (GO:0097352),GO_Biological_Process_2025,0.8064998567529948,Upregulated,0.9971062349865284,10/45,17.43%
IL-17 signaling pathway,KEGG_2021_Human,0.8061127983777949,Upregulated,0.9972405776095896,6/81,4.76%
Positive Regulation of Protein Modification by Small Protein Conjugation or Removal (GO:1903322),GO_Biological_Process_2025,0.8060761474815553,Upregulated,0.9966944403724216,26/72,30.83%
Estrogen signaling pathway,KEGG_2021_Human,0.8059821393987401,Upregulated,0.996244764114192,31/105,26.26%
Golgi-associated Vesicle (GO:0005798),GO_Cellular_Component_2025,0.8052368838023617,Upregulated,0.9970058497377589,6/43,8.52%
Deregulated CDK5 Triggers Neurodegenerative Pathways In Alzheimers Disease Models R-HSA-8862803,Reactome_2022,0.8047287425276649,Upregulated,0.9973862378506012,4/21,14.95%
Regulation of Wound Healing (GO:0061041),GO_Biological_Process_2025,0.8040640363557763,Upregulated,0.998003007962803,11/40,18.34%
G Protein-Coupled Dopamine Receptor Signaling Pathway (GO:0007212),GO_Biological_Process_2025,0.8036291096021069,Upregulated,0.9982078647357432,2/15,5.27%
Amino Acid Metabolism WP3925,WikiPathways_2024_Human,0.803236188845567,Upregulated,0.9983321509705532,23/82,25.86%
Neddylation R-HSA-8951664,Reactome_2022,0.8022672464526052,Upregulated,0.9995913640296852,62/226,26.15%
Disruption Of Postsynaptic Signaling By CNV WP4875,WikiPathways_2024_Human,0.8018237325295877,Upregulated,0.9998222776861976,4/29,5.67%
"DNA-binding Transcription Activator Activity, RNA Polymerase II-specific (GO:0001228)",GO_Molecular_Function_2025,0.8011514911356512,Upregulated,1.0,60/243,23.29%
Cortisol synthesis and secretion,KEGG_2021_Human,0.801055810863969,Upregulated,1.0,7/56,8.17%
Extracellular Membrane-Bounded Organelle (GO:0065010),GO_Cellular_Component_2025,0.800103492050929,Upregulated,1.0,20/51,29.92%
2Q37 Copy Number Variation Syndrome WP5224,WikiPathways_2024_Human,0.7999381015602091,Upregulated,1.0,26/110,21.19%
Rap1 Signaling R-HSA-392517,Reactome_2022,0.7992866293292575,Upregulated,1.0,1/15,0.20%
Protein Localization to Cell Surface (GO:0034394),GO_Biological_Process_2025,0.7984905516915826,Upregulated,1.0,8/24,27.44%
MAPK signaling pathway,KEGG_2021_Human,0.7981059056917674,Upregulated,1.0,47/270,17.67%
Growth Hormone Receptor Signaling R-HSA-982772,Reactome_2022,0.7979685492747793,Upregulated,1.0,2/20,5.86%
Cilium (GO:0005929),GO_Cellular_Component_2025,0.7979428021718431,Upregulated,1.0,89/366,25.18%
Nanoparticle Triggered Autophagic Cell Death WP2509,WikiPathways_2024_Human,0.797287121680273,Upregulated,1.0,5/22,19.55%
Vesicle Transport Along Microtubule (GO:0047496),GO_Biological_Process_2025,0.7970329513286916,Upregulated,1.0,7/22,19.34%
Negative Regulation of JNK Cascade (GO:0046329),GO_Biological_Process_2025,0.7967373614242488,Upregulated,1.0,3/29,3.41%
Negative Regulation of Cell Development (GO:0010721),GO_Biological_Process_2025,0.795758670151687,Upregulated,1.0,3/21,8.24%
DNA Replication Pre-Initiation R-HSA-69002,Reactome_2022,0.7957021060665048,Upregulated,1.0,24/103,24.17%
Separation Of Sister Chromatids R-HSA-2467813,Reactome_2022,0.7953601054000193,Upregulated,1.0,31/163,19.41%
Signaling By ROBO Receptors R-HSA-376176,Reactome_2022,0.7951888552310118,Upregulated,1.0,17/171,7.95%
Protein O-linked Glycosylation (GO:0006493),GO_Biological_Process_2025,0.7950211639264415,Upregulated,1.0,23/82,21.13%
Regulation of Calcium Ion-Dependent Exocytosis (GO:0017158),GO_Biological_Process_2025,0.7946291238547104,Upregulated,1.0,6/29,17.62%
Positive Regulation of Receptor Internalization (GO:0002092),GO_Biological_Process_2025,0.7944337692345343,Upregulated,1.0,1/21,0.11%
Sensory Perception Of Taste R-HSA-9717189,Reactome_2022,0.7942505200270294,Upregulated,1.0,12/22,34.40%
G1/S Transition R-HSA-69206,Reactome_2022,0.7939442461644795,Upregulated,1.0,38/125,29.58%
Negative Regulation of Blood Vessel Endothelial Cell Migration (GO:0043537),GO_Biological_Process_2025,0.7936840261882868,Upregulated,1.0,7/32,13.94%
Anaphase-Promoting Complex (GO:0005680),GO_Cellular_Component_2025,0.7935941811667556,Upregulated,1.0,3/20,5.97%
Cholesterol Synthesis Disorders WP5193,WikiPathways_2024_Human,0.7934856765296302,Upregulated,1.0,6/17,33.51%
Amoebiasis,KEGG_2021_Human,0.7934574908672776,Upregulated,1.0,24/82,28.92%
Impaired BRCA2 Binding To RAD51 R-HSA-9709570,Reactome_2022,0.7930896834391394,Upregulated,1.0,11/34,21.84%
Ceramide Metabolic Process (GO:0006672),GO_Biological_Process_2025,0.7930683693603209,Upregulated,0.9995309197679582,14/46,25.62%
Signaling By ERBB2 TMD/JMD Mutants R-HSA-9665686,Reactome_2022,0.7923672395957503,Upregulated,1.0,6/20,21.60%
Peptidyl-Tyrosine Dephosphorylation (GO:0035335),GO_Biological_Process_2025,0.7918215036878002,Upregulated,1.0,6/20,27.04%
Downregulation Of TGF-beta Receptor Signaling R-HSA-2173788,Reactome_2022,0.7914877899083025,Upregulated,1.0,9/26,23.72%
Androgen Metabolic Process (GO:0008209),GO_Biological_Process_2025,0.7907004016493172,Upregulated,1.0,2/15,4.89%
Growth Factor Activity (GO:0008083),GO_Molecular_Function_2025,0.790546233667308,Upregulated,1.0,15/68,17.33%
Cellular Response to Fibroblast Growth Factor Stimulus (GO:0044344),GO_Biological_Process_2025,0.7892957281111315,Upregulated,1.0,27/45,37.02%
Lipid Droplet Organization (GO:0034389),GO_Biological_Process_2025,0.7891487414089241,Upregulated,1.0,8/31,20.02%
GPCRs Other WP117,WikiPathways_2024_Human,0.7885053138188962,Upregulated,1.0,18/49,26.80%
Pyruvate metabolism,KEGG_2021_Human,0.7882677932515445,Upregulated,1.0,10/39,23.61%
Establishment of Spindle Orientation (GO:0051294),GO_Biological_Process_2025,0.7879245068576924,Upregulated,1.0,7/39,19.34%
Extracellular Vesicle (GO:1903561),GO_Cellular_Component_2025,0.787366668573748,Upregulated,1.0,20/52,29.92%
Adenylate Cyclase-Activating G Protein-Coupled Receptor Signaling Pathway (GO:0007189),GO_Biological_Process_2025,0.7872152179818146,Upregulated,1.0,13/109,8.98%
Diol Biosynthetic Process (GO:0034312),GO_Biological_Process_2025,0.7868330627283614,Upregulated,1.0,6/17,29.46%
Positive Regulation of Notch Signaling Pathway (GO:0045747),GO_Biological_Process_2025,0.7857505803130977,Upregulated,1.0,6/30,13.97%
TROP2 Regulatory Signaling WP5300,WikiPathways_2024_Human,0.7855842291526297,Upregulated,1.0,10/43,17.82%
Relaxin signaling pathway,KEGG_2021_Human,0.7850761167104792,Upregulated,1.0,33/119,28.62%
Manganese Ion Binding (GO:0030145),GO_Molecular_Function_2025,0.7850687694366206,Upregulated,1.0,10/49,17.33%
DNA Damage Bypass R-HSA-73893,Reactome_2022,0.7849286304418215,Upregulated,1.0,12/47,23.95%
Senescence Associated Secretory Phenotype SASP WP3391,WikiPathways_2024_Human,0.7837884917366473,Upregulated,1.0,16/61,23.25%
NOTCH1 Regulation Of Endothelial Cell Calcification WP3413,WikiPathways_2024_Human,0.7835595676371434,Upregulated,1.0,8/16,26.05%
Type II diabetes mellitus,KEGG_2021_Human,0.7833486619231571,Upregulated,1.0,13/42,23.59%
Regulation of JNK Cascade (GO:0046328),GO_Biological_Process_2025,0.7832515364150363,Upregulated,1.0,20/104,20.35%
Signaling By PDGF R-HSA-186797,Reactome_2022,0.7822202135475622,Upregulated,1.0,12/48,20.55%
Regulation of Transcription Elongation by RNA Polymerase II (GO:0034243),GO_Biological_Process_2025,0.7815134250277171,Upregulated,1.0,13/76,16.87%
Import Into Cell (GO:0098657),GO_Biological_Process_2025,0.7813907112795574,Upregulated,1.0,4/19,17.45%
Regulation of Nervous System Development (GO:0051960),GO_Biological_Process_2025,0.7804188315918208,Upregulated,1.0,13/40,25.16%
Digestive Tract Development (GO:0048565),GO_Biological_Process_2025,0.7803110153182259,Upregulated,1.0,4/32,6.67%
Lung Fibrosis WP3624,WikiPathways_2024_Human,0.7797762799407763,Upregulated,1.0,11/56,16.95%
Regulation of Stem Cell Proliferation (GO:0072091),GO_Biological_Process_2025,0.7794362808683637,Upregulated,1.0,7/16,25.99%
17Q12 Copy Number Variation Syndrome WP5287,WikiPathways_2024_Human,0.7793946220326156,Upregulated,1.0,19/79,21.94%
Skin Development (GO:0043588),GO_Biological_Process_2025,0.7787276396705851,Upregulated,1.0,19/53,29.35%
Sodium Channel Regulator Activity (GO:0017080),GO_Molecular_Function_2025,0.7784388943203643,Upregulated,1.0,9/31,26.94%
Monoatomic Anion Channel Activity (GO:0005253),GO_Molecular_Function_2025,0.7783048314063563,Upregulated,1.0,12/61,15.80%
Macrophage Activation (GO:0042116),GO_Biological_Process_2025,0.777984412878254,Upregulated,1.0,8/31,21.81%
RHOQ GTPase Cycle R-HSA-9013406,Reactome_2022,0.7775922913533354,Upregulated,1.0,25/59,29.85%
Sphingolipid Biosynthetic Process (GO:0030148),GO_Biological_Process_2025,0.7771604002141989,Upregulated,1.0,25/76,29.48%
Nitric Oxide Stimulates Guanylate Cyclase R-HSA-392154,Reactome_2022,0.7767887362829513,Upregulated,1.0,10/19,33.60%
Kallmann Syndrome WP5074,WikiPathways_2024_Human,0.7752664511227578,Upregulated,1.0,3/17,12.93%
Regulation of Macrophage Activation (GO:0043030),GO_Biological_Process_2025,0.7746641356746644,Upregulated,1.0,1/29,0.01%
Tight Junction Assembly (GO:0120192),GO_Biological_Process_2025,0.7740619068688246,Upregulated,1.0,14/41,29.30%
Neutrophil Chemotaxis (GO:0030593),GO_Biological_Process_2025,0.7740323702711829,Upregulated,1.0,3/33,2.72%
Mitotic G1 Phase And G1/S Transition R-HSA-453279,Reactome_2022,0.7740316735215848,Upregulated,1.0,32/141,24.26%
Post NMDA Receptor Activation Events R-HSA-438064,Reactome_2022,0.7738620742764515,Upregulated,1.0,21/54,30.18%
Response to Peptide Hormone (GO:0043434),GO_Biological_Process_2025,0.7737334262625379,Upregulated,1.0,14/47,25.12%
Peroxisome Organization (GO:0007031),GO_Biological_Process_2025,0.7733667820015381,Upregulated,1.0,8/26,20.78%
Downregulation Of ERBB2 Signaling R-HSA-8863795,Reactome_2022,0.7728519820330702,Upregulated,1.0,8/28,24.26%
Neovascularization Processes WP4331,WikiPathways_2024_Human,0.7724409781752771,Upregulated,1.0,10/35,23.25%
Renin secretion,KEGG_2021_Human,0.7721947386179061,Upregulated,1.0,8/60,11.02%
Purine Ribonucleoside Triphosphate Metabolic Process (GO:0009205),GO_Biological_Process_2025,0.7717564219348594,Upregulated,1.0,8/28,23.44%
Transcription by RNA Polymerase I (GO:0006360),GO_Biological_Process_2025,0.7715457636133034,Upregulated,1.0,5/16,26.16%
Thyroid Hormones And Peripheral Downstream Signaling Effects WP4746,WikiPathways_2024_Human,0.771385385910408,Upregulated,1.0,14/87,14.45%
Ligand-Gated Monoatomic Anion Channel Activity (GO:0099095),GO_Molecular_Function_2025,0.7713531951876705,Upregulated,1.0,5/28,13.61%
Positive Regulation of Cellular Component Organization (GO:0051130),GO_Biological_Process_2025,0.7711061368141526,Upregulated,1.0,29/103,26.98%
Negative Regulation of Osteoclast Differentiation (GO:0045671),GO_Biological_Process_2025,0.7707504826549588,Upregulated,1.0,8/19,31.51%
Ionotropic Glutamate Receptor Complex (GO:0008328),GO_Cellular_Component_2025,0.7668374444328313,Upregulated,1.0,8/23,24.15%
Signaling By NOTCH4 R-HSA-9013694,Reactome_2022,0.7661584720329827,Upregulated,1.0,17/78,24.17%
Pericentric Heterochromatin (GO:0005721),GO_Cellular_Component_2025,0.7661061472142542,Upregulated,1.0,4/21,11.77%
Focal adhesion,KEGG_2021_Human,0.7658450913398551,Upregulated,1.0,49/188,24.36%
Autophagosome Membrane (GO:0000421),GO_Cellular_Component_2025,0.7656799356362108,Upregulated,1.0,8/31,20.03%
Regulation of Early Endosome to Late Endosome Transport (GO:2000641),GO_Biological_Process_2025,0.7652929414737242,Upregulated,1.0,5/17,17.17%
Negative Regulation of Canonical Wnt Signaling Pathway (GO:0090090),GO_Biological_Process_2025,0.7652844542458284,Upregulated,1.0,13/109,11.41%
Phosphatidic Acid Metabolic Process (GO:0046473),GO_Biological_Process_2025,0.7649647106339396,Upregulated,1.0,14/34,26.99%
Ino80 Complex (GO:0031011),GO_Cellular_Component_2025,0.7647035098392774,Upregulated,1.0,4/15,18.02%
Mesoderm Development (GO:0007498),GO_Biological_Process_2025,0.7636758597406307,Upregulated,1.0,7/19,25.12%
Learning (GO:0007612),GO_Biological_Process_2025,0.7632350263896199,Upregulated,1.0,7/39,15.43%
Iron Uptake And Transport R-HSA-917937,Reactome_2022,0.7632220241849715,Upregulated,1.0,16/57,23.37%
Memory (GO:0007613),GO_Biological_Process_2025,0.7629535890652749,Upregulated,1.0,11/54,18.24%
Negative Regulation of Activin Receptor Signaling Pathway (GO:0032926),GO_Biological_Process_2025,0.7629068737478214,Upregulated,1.0,4/15,19.62%
Cleavage Of Damaged Pyrimidine R-HSA-110329,Reactome_2022,0.7625227345108028,Upregulated,1.0,4/23,9.37%
Uptake And Actions Of Bacterial Toxins R-HSA-5339562,Reactome_2022,0.7612024194792965,Upregulated,1.0,10/27,25.70%
Branched-Chain Amino Acid Metabolic Process (GO:0009081),GO_Biological_Process_2025,0.7611545150121227,Upregulated,1.0,4/16,16.45%
Metabolism Of Cofactors R-HSA-8978934,Reactome_2022,0.7611465474118829,Upregulated,1.0,8/19,28.41%
Signaling By FGFR R-HSA-190236,Reactome_2022,0.7610753891256988,Upregulated,1.0,33/77,34.00%
MicroRNA (miRNA) Biogenesis R-HSA-203927,Reactome_2022,0.7605062682846618,Upregulated,1.0,4/24,7.74%
Type 2 Papillary Renal Cell Carcinoma WP4241,WikiPathways_2024_Human,0.7597614125750455,Upregulated,1.0,9/31,23.61%
Organic Acid:Sodium Symporter Activity (GO:0005343),GO_Molecular_Function_2025,0.7595791689117409,Upregulated,1.0,5/18,21.86%
Heparan Sulfate Proteoglycan Biosynthetic Process (GO:0015012),GO_Biological_Process_2025,0.7595598660493068,Upregulated,1.0,3/17,8.67%
Proteolysis Involved in Protein Catabolic Process (GO:0051603),GO_Biological_Process_2025,0.7594432230342065,Upregulated,1.0,19/73,22.77%
Prostaglandin Synthesis And Regulation WP98,WikiPathways_2024_Human,0.7584467518819046,Upregulated,1.0,11/40,25.61%
"Regulation of Synaptic Transmission, GABAergic (GO:0032228)",GO_Biological_Process_2025,0.7576903099094642,Upregulated,1.0,2/19,2.94%
Intracellular Iron Ion Homeostasis (GO:0006879),GO_Biological_Process_2025,0.7575949302700742,Upregulated,1.0,11/52,19.64%
Visual System Development (GO:0150063),GO_Biological_Process_2025,0.7572435047515814,Upregulated,1.0,8/33,16.85%
Ubiquitin Binding (GO:0043130),GO_Molecular_Function_2025,0.7572362476402446,Upregulated,1.0,14/79,19.60%
AGE-RAGE signaling pathway in diabetic complications,KEGG_2021_Human,0.7571045901294798,Upregulated,1.0,32/99,29.19%
Transmembrane Receptor Protein Serine/Threonine Kinase Activity (GO:0004675),GO_Molecular_Function_2025,0.7564135556638034,Upregulated,1.0,6/17,17.93%
Fatty Acid Beta Oxidation WP143,WikiPathways_2024_Human,0.7556216697208372,Upregulated,1.0,7/33,14.07%
Regulation of Ubiquitin-Dependent Protein Catabolic Process (GO:2000058),GO_Biological_Process_2025,0.7541319525124408,Upregulated,1.0,3/46,4.10%
Pigment Granule (GO:0048770),GO_Cellular_Component_2025,0.7537046755222422,Upregulated,1.0,5/21,18.14%
Overlap Between Signal Transduction Pathways LMNA Laminopathies WP4879,WikiPathways_2024_Human,0.7536687997672673,Upregulated,1.0,13/51,23.40%
Proteasomal Protein Catabolic Process (GO:0010498),GO_Biological_Process_2025,0.7526018633877678,Upregulated,1.0,76/349,22.51%
Protein Palmitoylation (GO:0018345),GO_Biological_Process_2025,0.7516278726865814,Upregulated,1.0,12/20,34.75%
Condensed Nuclear Chromosome (GO:0000794),GO_Cellular_Component_2025,0.7514449333920336,Upregulated,1.0,10/26,29.91%
Nuclear Inner Membrane (GO:0005637),GO_Cellular_Component_2025,0.7513465000252515,Upregulated,1.0,6/24,18.20%
Negative Regulation of Fat Cell Differentiation (GO:0045599),GO_Biological_Process_2025,0.7509388858336729,Upregulated,1.0,5/29,13.72%
NADH Metabolic Process (GO:0006734),GO_Biological_Process_2025,0.7502398661887968,Upregulated,1.0,2/24,2.65%
"Acyltransferase Activity, Transferring Groups Other Than Amino-Acyl Groups (GO:0016747)",GO_Molecular_Function_2025,0.749537173403386,Upregulated,1.0,12/67,15.35%
Cellular Response To Hypoxia R-HSA-1234174,Reactome_2022,0.7494942660086417,Upregulated,1.0,4/68,2.27%
Longevity regulating pathway,KEGG_2021_Human,0.7480551655564218,Upregulated,1.0,29/96,29.29%
Defective CFTR Causes Cystic Fibrosis R-HSA-5678895,Reactome_2022,0.7479835641068643,Upregulated,1.0,14/58,24.17%
Mitochondrion Transport Along Microtubule (GO:0047497),GO_Biological_Process_2025,0.7477924976955256,Upregulated,1.0,4/15,13.50%
Beta-Tubulin Binding (GO:0048487),GO_Molecular_Function_2025,0.7477558053769641,Upregulated,1.0,12/33,28.82%
NAD Metabolism WP3644,WikiPathways_2024_Human,0.7472858299447991,Upregulated,1.0,5/16,19.78%
Metabolism Of Sphingolipids In ER And Golgi Apparatus WP4142,WikiPathways_2024_Human,0.7470086350417112,Upregulated,1.0,8/21,34.07%
Retinoid Metabolic Process (GO:0001523),GO_Biological_Process_2025,0.7469967001788723,Upregulated,1.0,15/45,26.23%
Cancer Pathways WP5434,WikiPathways_2024_Human,0.7461400003817137,Upregulated,1.0,100/451,23.99%
Determination of Bilateral Symmetry (GO:0009855),GO_Biological_Process_2025,0.7460416658582737,Upregulated,1.0,9/24,27.35%
Activation Of IRF3/IRF7 Mediated By TBK1/IKK Epsilon R-HSA-936964,Reactome_2022,0.7444759034502588,Upregulated,1.0,2/16,6.38%
Regulation of Toll-Like Receptor Signaling Pathway (GO:0034121),GO_Biological_Process_2025,0.7442239798583993,Upregulated,1.0,3/24,12.29%
Endosome Organization (GO:0007032),GO_Biological_Process_2025,0.7432979490556687,Upregulated,1.0,10/50,17.28%
Phosphate-Containing Compound Metabolic Process (GO:0006796),GO_Biological_Process_2025,0.7430551169573981,Upregulated,1.0,38/133,28.25%
Translesion Synthesis By REV1 R-HSA-110312,Reactome_2022,0.7430022173303968,Upregulated,1.0,5/16,22.77%
Apoptosis Modulation By HSP70 WP384,WikiPathways_2024_Human,0.7429911889164255,Upregulated,1.0,4/19,15.50%
Interconversion Of Nucleotide Di- And Triphosphates R-HSA-499943,Reactome_2022,0.7428922468596515,Upregulated,1.0,5/26,21.35%
Vesicle Coating (GO:0006901),GO_Biological_Process_2025,0.7428289018525877,Upregulated,1.0,5/29,11.81%
Epithelial to Mesenchymal Transition (GO:0001837),GO_Biological_Process_2025,0.7415664566878207,Upregulated,1.0,12/48,21.49%
Neuropilin Binding (GO:0038191),GO_Molecular_Function_2025,0.7413401709522649,Upregulated,1.0,3/17,6.23%
Negative Regulation of Oxidative Stress-Induced Intrinsic Apoptotic Signaling Pathway (GO:1902176),GO_Biological_Process_2025,0.7412801859350625,Upregulated,1.0,9/22,29.00%
Regulation of Protein Polymerization (GO:0032271),GO_Biological_Process_2025,0.7412755394055025,Upregulated,1.0,15/32,31.40%
cAMP-mediated Signaling (GO:0019933),GO_Biological_Process_2025,0.7411989201639808,Upregulated,1.0,11/20,38.13%
Transcriptional Regulation By RUNX3 R-HSA-8878159,Reactome_2022,0.7410587401693569,Upregulated,1.0,21/93,24.17%
Iron Ion Transport (GO:0006826),GO_Biological_Process_2025,0.7407043992337268,Upregulated,1.0,5/19,20.59%
Adenine Nucleotide Transport (GO:0051503),GO_Biological_Process_2025,0.7403036169329723,Upregulated,1.0,3/20,9.79%
Determination of Left/Right Symmetry (GO:0007368),GO_Biological_Process_2025,0.7395199790532462,Upregulated,1.0,13/43,28.34%
Positive Regulation of Protein Modification Process (GO:0031401),GO_Biological_Process_2025,0.7394459583675195,Upregulated,1.0,10/89,9.31%
Regulation of Cytoplasmic Translation (GO:2000765),GO_Biological_Process_2025,0.7392353495825109,Upregulated,1.0,4/24,13.12%
Negative Regulation of Cell Differentiation (GO:0045596),GO_Biological_Process_2025,0.7380448695860051,Upregulated,1.0,41/195,22.42%
Platelet Dense Granule (GO:0042827),GO_Cellular_Component_2025,0.737995670533572,Upregulated,1.0,10/17,33.36%
Caveola (GO:0005901),GO_Cellular_Component_2025,0.7376691658037421,Upregulated,1.0,16/61,23.25%
Palmitoyltransferase Activity (GO:0016409),GO_Molecular_Function_2025,0.7364192759578008,Upregulated,1.0,13/23,34.75%
Amino Acid Import Across Plasma Membrane (GO:0089718),GO_Biological_Process_2025,0.7361363958949887,Upregulated,1.0,6/25,20.80%
Ribosome,KEGG_2021_Human,0.7360134052132667,Upregulated,1.0,22/102,26.49%
Cytoplasmic Side of Endoplasmic Reticulum Membrane (GO:0098554),GO_Cellular_Component_2025,0.7352093266326895,Upregulated,1.0,6/20,16.65%
Regulation of Neuronal Synaptic Plasticity (GO:0048168),GO_Biological_Process_2025,0.7351787956997315,Upregulated,1.0,10/30,26.98%
Purine Ribonucleotide Transport (GO:0015868),GO_Biological_Process_2025,0.7349668427604479,Upregulated,1.0,3/19,9.79%
Negative Regulation of Tumor Necrosis Factor-Mediated Signaling Pathway (GO:0010804),GO_Biological_Process_2025,0.7344879205539531,Upregulated,1.0,3/15,17.49%
RNA Methyltransferase Activity (GO:0008173),GO_Molecular_Function_2025,0.7343333933837259,Upregulated,1.0,4/18,10.36%
Regulation of Cell Cycle G2/M Phase Transition (GO:1902749),GO_Biological_Process_2025,0.7339842690595743,Upregulated,1.0,4/16,18.17%
Establishment or Maintenance of Epithelial Cell Apical/Basal Polarity (GO:0045197),GO_Biological_Process_2025,0.7338124571768719,Upregulated,1.0,5/34,8.39%
Pyruvate Metabolism R-HSA-70268,Reactome_2022,0.7331056207727618,Upregulated,1.0,10/25,31.06%
Positive Regulation of Dendritic Spine Development (GO:0060999),GO_Biological_Process_2025,0.7329945054364706,Upregulated,1.0,8/21,26.98%
Neutral L-amino Acid Transmembrane Transporter Activity (GO:0015175),GO_Molecular_Function_2025,0.7324272052430779,Upregulated,1.0,4/35,8.05%
Non-integrin membrane-ECM Interactions R-HSA-3000171,Reactome_2022,0.7321786920126716,Upregulated,1.0,10/40,24.24%
Colorectal cancer,KEGG_2021_Human,0.7320133115818104,Upregulated,1.0,24/85,25.47%
Positive Regulation of Macroautophagy (GO:0016239),GO_Biological_Process_2025,0.7316903941278224,Upregulated,1.0,8/72,7.89%
ER-Phagosome Pathway R-HSA-1236974,Reactome_2022,0.731459129971095,Upregulated,1.0,18/82,24.17%
Neuropeptide Receptor Activity (GO:0008188),GO_Molecular_Function_2025,0.730610926598704,Upregulated,1.0,8/19,28.16%
Bicellular Tight Junction (GO:0005923),GO_Cellular_Component_2025,0.7299600751718589,Upregulated,1.0,14/66,19.37%
Metal Cation:Proton Antiporter Activity (GO:0051139),GO_Molecular_Function_2025,0.7299120701582845,Upregulated,1.0,4/16,17.86%
Cell Surface Toll-Like Receptor Signaling Pathway (GO:0140895),GO_Biological_Process_2025,0.7293099922677648,Upregulated,1.0,3/28,10.97%
Branching Morphogenesis of an Epithelial Tube (GO:0048754),GO_Biological_Process_2025,0.7287901973860306,Upregulated,1.0,9/33,22.81%
DNA-templated Transcription Initiation (GO:0006352),GO_Biological_Process_2025,0.7286307400484243,Upregulated,1.0,8/59,12.11%
Monocarboxylic Acid Transport (GO:0015718),GO_Biological_Process_2025,0.7278992575443265,Upregulated,1.0,13/56,21.59%
Renal cell carcinoma,KEGG_2021_Human,0.7268786509914202,Upregulated,1.0,18/66,24.26%
Chromosomal And Microsatellite Instability In Colorectal Cancer WP4216,WikiPathways_2024_Human,0.7267014507305913,Upregulated,1.0,20/71,25.47%
Positive Regulation of Leukocyte Adhesion to Vascular Endothelial Cell (GO:1904996),GO_Biological_Process_2025,0.7266452750262145,Upregulated,1.0,2/17,4.90%
Exosome Biogenesis Inhib And Secretion Manumycin A CRPC Cells WP4301,WikiPathways_2024_Human,0.726564347464358,Upregulated,1.0,7/17,33.04%
Monoatomic Ion Channel Complex (GO:0034702),GO_Cellular_Component_2025,0.7263292356610086,Upregulated,1.0,6/26,16.54%
G1 To S Cell Cycle Control WP45,WikiPathways_2024_Human,0.7262487544789433,Upregulated,1.0,21/62,29.91%
Regulation of Smoothened Signaling Pathway (GO:0008589),GO_Biological_Process_2025,0.726171895933039,Upregulated,1.0,11/51,19.97%
Actin Nucleation (GO:0045010),GO_Biological_Process_2025,0.7260344707513748,Upregulated,1.0,3/17,10.20%
Hedgehog Ligand Biogenesis R-HSA-5358346,Reactome_2022,0.7244950783562552,Upregulated,1.0,14/61,24.17%
ATP Metabolic Process (GO:0046034),GO_Biological_Process_2025,0.7244483254997248,Upregulated,1.0,6/53,9.04%
Positive Regulation of Autophagy (GO:0010508),GO_Biological_Process_2025,0.7242122546896678,Upregulated,1.0,25/92,26.32%
Regulation of Integrin-Mediated Signaling Pathway (GO:2001044),GO_Biological_Process_2025,0.7239788602929985,Upregulated,1.0,6/17,27.72%
Regulation Of Apoptosis By Parathyroid Hormone Related Protein WP3872,WikiPathways_2024_Human,0.7235723920849199,Upregulated,1.0,3/23,9.27%
Melatonin Metabolism And Effects WP3298,WikiPathways_2024_Human,0.7232053145103555,Upregulated,1.0,7/30,24.07%
Positive Regulation of Small GTPase Mediated Signal Transduction (GO:0051057),GO_Biological_Process_2025,0.7223931473704133,Upregulated,1.0,24/47,34.48%
Positive Regulation of Rho Protein Signal Transduction (GO:0035025),GO_Biological_Process_2025,0.7218455431041582,Upregulated,1.0,13/23,32.83%
Senescence-Associated Secretory Phenotype (SASP) R-HSA-2559582,Reactome_2022,0.720936271012696,Upregulated,1.0,14/55,23.25%
Cholesterol Metabolic Process (GO:0008203),GO_Biological_Process_2025,0.7206925459199535,Upregulated,1.0,13/54,21.59%
Nephrogenesis WP5052,WikiPathways_2024_Human,0.7204657106318495,Upregulated,1.0,7/16,29.51%
piRNA Processing (GO:0034587),GO_Biological_Process_2025,0.7195789426121021,Upregulated,1.0,3/15,13.54%
Positive Regulation of Release of Cytochrome C From Mitochondria (GO:0090200),GO_Biological_Process_2025,0.7181723831183942,Upregulated,1.0,1/19,0.28%
Lipid Biosynthetic Process (GO:0008610),GO_Biological_Process_2025,0.7161755685385636,Upregulated,1.0,26/76,34.07%
Negative Regulation of Cell-Cell Adhesion (GO:0022408),GO_Biological_Process_2025,0.7161374909344826,Upregulated,1.0,12/34,26.77%
Adipogenesis WP236,WikiPathways_2024_Human,0.7161119160165382,Upregulated,1.0,33/120,25.69%
Positive Regulation of Filopodium Assembly (GO:0051491),GO_Biological_Process_2025,0.7153592990403663,Upregulated,1.0,4/23,12.57%
Positive Regulation of Fatty Acid Metabolic Process (GO:0045923),GO_Biological_Process_2025,0.7145264191179643,Upregulated,1.0,4/16,21.59%
Monoatomic Cation Channel Activity (GO:0005261),GO_Molecular_Function_2025,0.7132654584365062,Upregulated,1.0,39/94,33.90%
Negative Regulation of Striated Muscle Cell Differentiation (GO:0051154),GO_Biological_Process_2025,0.7131596648119117,Upregulated,1.0,2/16,10.87%
Translesion Synthesis By POLI R-HSA-5656121,Reactome_2022,0.71291799656083,Upregulated,1.0,5/17,22.77%
TCA Cycle And Deficiency Of Pyruvate Dehydrogenase Complex PDHc WP2453,WikiPathways_2024_Human,0.7128151432068979,Upregulated,1.0,2/16,9.16%
Constitutive Androstane Receptor Pathway WP2875,WikiPathways_2024_Human,0.7116403493527159,Upregulated,1.0,9/23,26.23%
Ubiquitin mediated proteolysis,KEGG_2021_Human,0.7116096114242156,Upregulated,1.0,33/135,24.44%
Neutrophil Migration (GO:1990266),GO_Biological_Process_2025,0.7110534438890135,Upregulated,1.0,13/39,28.84%
mRNA 3'-UTR Binding (GO:0003730),GO_Molecular_Function_2025,0.7089693894839953,Upregulated,1.0,15/93,14.99%
Influence Of Laminopathies On Wnt Signaling WP4844,WikiPathways_2024_Human,0.7082529289856478,Upregulated,1.0,5/33,11.21%
Voltage-Gated Monoatomic Ion Channel Activity (GO:0005244),GO_Molecular_Function_2025,0.7077041000312148,Upregulated,1.0,2/18,3.83%
Morphogenesis of an Epithelium (GO:0002009),GO_Biological_Process_2025,0.7066578926874154,Upregulated,1.0,5/24,16.97%
Signaling By TGF-beta Receptor Complex R-HSA-170834,Reactome_2022,0.7066270684704412,Upregulated,1.0,18/89,19.62%
Negative Regulation of Plasma Membrane Bounded Cell Projection Assembly (GO:0120033),GO_Biological_Process_2025,0.7058182562845117,Upregulated,1.0,10/34,26.08%
Kinesin Binding (GO:0019894),GO_Molecular_Function_2025,0.7051564872365885,Upregulated,1.0,7/30,21.80%
Translation (GO:0006412),GO_Biological_Process_2025,0.7045970425643868,Upregulated,1.0,39/203,22.62%
Vesicle Cytoskeletal Trafficking (GO:0099518),GO_Biological_Process_2025,0.70420499561097,Upregulated,1.0,6/23,19.34%
Cadherin Binding Involved in Cell-Cell Adhesion (GO:0098641),GO_Molecular_Function_2025,0.7036984599595021,Upregulated,1.0,4/17,17.33%
Gene And Protein Expression By JAK-STAT Signaling After Interleukin-12 Stimulation R-HSA-8950505,Reactome_2022,0.7031140823058495,Upregulated,1.0,6/33,17.04%
Bladder cancer,KEGG_2021_Human,0.7025861688494804,Upregulated,1.0,15/38,31.53%
Signaling By ERBB2 ECD Mutants R-HSA-9665348,Reactome_2022,0.6988262307947175,Upregulated,1.0,4/15,21.60%
Estrogen-dependent Nuclear Events Downstream Of ESR-membrane Signaling R-HSA-9634638,Reactome_2022,0.698444780160938,Upregulated,1.0,13/23,41.79%
Metabolic Epileptic Disorders WP5355,WikiPathways_2024_Human,0.6971327006742027,Upregulated,1.0,14/81,15.77%
Phospholipid Metabolic Process (GO:0006644),GO_Biological_Process_2025,0.6963569800249454,Upregulated,1.0,12/61,18.13%
Protein Phosphatase Type 2A Complex (GO:0000159),GO_Cellular_Component_2025,0.6962815089573228,Upregulated,1.0,4/16,23.68%
Matrix Metalloproteinases WP129,WikiPathways_2024_Human,0.6960721316361831,Upregulated,1.0,4/25,11.65%
Cellular Response To Chemical Stress R-HSA-9711123,Reactome_2022,0.6945242743097937,Upregulated,1.0,25/171,17.20%
GPI Anchor Biosynthetic Process (GO:0006506),GO_Biological_Process_2025,0.6942059136136731,Upregulated,1.0,7/25,22.55%
GPI Anchor Metabolic Process (GO:0006505),GO_Biological_Process_2025,0.6942059136136731,Upregulated,1.0,7/25,22.55%
Bladder Cancer WP2828,WikiPathways_2024_Human,0.6927145140623443,Upregulated,1.0,15/37,31.53%
Regulation of Postsynapse Organization (GO:0099175),GO_Biological_Process_2025,0.6921822221746504,Upregulated,1.0,13/31,35.22%
Bile Acid Biosynthetic Process (GO:0006699),GO_Biological_Process_2025,0.6918686982323565,Upregulated,1.0,5/21,20.78%
TBC/RABGAPs R-HSA-8854214,Reactome_2022,0.6914618287939364,Upregulated,1.0,5/42,10.40%
Blood Vessel Diameter Maintenance (GO:0097746),GO_Biological_Process_2025,0.6914430327484421,Upregulated,1.0,4/36,11.55%
"Oxidoreductase, Paired Donors, W Incorp or Reduc of O2, Reduced Flavin or Flavoprotein as One Donor, and Incorp of O (GO:0016712)",GO_Molecular_Function_2025,0.6906306520742989,Upregulated,1.0,9/19,26.24%
SIRT1 Negatively Regulates rRNA Expression R-HSA-427359,Reactome_2022,0.6905526839313412,Upregulated,1.0,2/16,4.96%
Metalloexopeptidase Activity (GO:0008235),GO_Molecular_Function_2025,0.6902006660956209,Upregulated,1.0,6/42,12.00%
Modified Amino Acid Catabolic Process (GO:0042219),GO_Biological_Process_2025,0.690140718806334,Upregulated,1.0,3/15,15.06%
Toll-Like Receptor 4 Signaling Pathway (GO:0034142),GO_Biological_Process_2025,0.6899637910215161,Upregulated,1.0,3/26,10.97%
Early Endosome to Golgi Transport (GO:0034498),GO_Biological_Process_2025,0.6888980647054999,Upregulated,1.0,5/15,24.58%
LTF Danger Signal Response Pathway WP4478,WikiPathways_2024_Human,0.6878456369429572,Upregulated,1.0,7/16,37.18%
Adrenergic Receptor Signaling Pathway (GO:0071875),GO_Biological_Process_2025,0.6875761224219085,Upregulated,1.0,2/16,6.44%
Lipid Metabolism Pathway WP3965,WikiPathways_2024_Human,0.6866441268006924,Upregulated,1.0,2/28,2.43%
Metabolism Of Steroids R-HSA-8957322,Reactome_2022,0.6859946280146905,Upregulated,1.0,29/125,24.44%
Fluoropyrimidine Activity WP1601,WikiPathways_2024_Human,0.6858431103533618,Upregulated,1.0,3/31,7.22%
P-body (GO:0000932),GO_Cellular_Component_2025,0.6857737140718844,Upregulated,1.0,13/71,19.41%
Adenyl Nucleotide Binding (GO:0030554),GO_Molecular_Function_2025,0.6856643151152936,Upregulated,1.0,11/27,32.12%
Late Endosomal Microautophagy R-HSA-9615710,Reactome_2022,0.6836158329242548,Upregulated,1.0,4/26,17.02%
tRNA Binding (GO:0000049),GO_Molecular_Function_2025,0.6812662007983641,Upregulated,1.0,7/50,17.29%
Regulation of Secretion by Cell (GO:1903530),GO_Biological_Process_2025,0.6777818814527896,Upregulated,1.0,8/45,13.88%
Fatty acyl-CoA Hydrolase Activity (GO:0047617),GO_Molecular_Function_2025,0.6770281988895648,Upregulated,1.0,6/20,21.93%
Sialyltransferase Activity (GO:0008373),GO_Molecular_Function_2025,0.6766967266340831,Upregulated,1.0,6/17,28.42%
Assembly Of Active LPL And LIPC Lipase Complexes R-HSA-8963889,Reactome_2022,0.6765589146839678,Upregulated,1.0,3/16,13.15%
Positive Regulation of Protein Targeting to Mitochondrion (GO:1903955),GO_Biological_Process_2025,0.676325594237738,Upregulated,1.0,6/27,20.99%
Tight Junction (GO:0070160),GO_Cellular_Component_2025,0.6762174568089493,Upregulated,1.0,15/79,19.37%
tRNA Methylation (GO:0030488),GO_Biological_Process_2025,0.673377652498681,Upregulated,1.0,8/35,19.68%
Positive Regulation of Nuclear Division (GO:0051785),GO_Biological_Process_2025,0.6727164983374401,Upregulated,1.0,7/22,25.99%
"Synaptic Transmission, Glutamatergic (GO:0035249)",GO_Biological_Process_2025,0.6718563155114275,Upregulated,1.0,10/18,36.76%
Negative Regulation of Cell Cycle Process (GO:0010948),GO_Biological_Process_2025,0.6709755046974116,Upregulated,1.0,6/32,17.43%
"3',5'-cyclic-AMP Phosphodiesterase Activity (GO:0004115)",GO_Molecular_Function_2025,0.6708214873353714,Upregulated,1.0,9/16,37.15%
"3',5'-cyclic-GMP Phosphodiesterase Activity (GO:0047555)",GO_Molecular_Function_2025,0.6708214873353714,Upregulated,1.0,9/16,37.15%
IRS-related Events Triggered By IGF1R R-HSA-2428928,Reactome_2022,0.6700557600290447,Upregulated,1.0,20/42,33.74%
Cholesterol Biosynthesis R-HSA-191273,Reactome_2022,0.6698801320699762,Upregulated,1.0,7/24,26.28%
Negative Regulation of Actin Filament Bundle Assembly (GO:0032232),GO_Biological_Process_2025,0.6679592495510146,Upregulated,1.0,9/27,25.63%
NRIF Signals Cell Death From Nucleus R-HSA-205043,Reactome_2022,0.666938426789737,Upregulated,1.0,6/16,29.12%
Monocarboxylic Acid Biosynthetic Process (GO:0072330),GO_Biological_Process_2025,0.6647090205487819,Upregulated,1.0,11/52,20.78%
Nucleoside Phosphate Biosynthetic Process (GO:1901293),GO_Biological_Process_2025,0.6636960575325154,Upregulated,1.0,5/18,23.44%
Left/Right Pattern Formation (GO:0060972),GO_Biological_Process_2025,0.6635805859619883,Upregulated,1.0,12/29,30.29%
DNA Integrity Checkpoint Signaling (GO:0031570),GO_Biological_Process_2025,0.6627734560052833,Upregulated,1.0,12/44,23.38%
Vasculature Development (GO:0001944),GO_Biological_Process_2025,0.6620798023928672,Upregulated,1.0,1/18,0.11%
Miscellaneous Transport And Binding Events R-HSA-5223345,Reactome_2022,0.6612145035787051,Upregulated,1.0,7/22,23.60%
IL17 Signaling WP2112,WikiPathways_2024_Human,0.6585616906931564,Upregulated,1.0,4/31,10.62%
17P13 3 YWHAE Copy Number Variation WP5376,WikiPathways_2024_Human,0.6576022375641037,Upregulated,1.0,11/19,35.19%
Outer Dynein Arm Assembly (GO:0036158),GO_Biological_Process_2025,0.6568729828656213,Upregulated,1.0,7/18,30.29%
Notch Binding (GO:0005112),GO_Molecular_Function_2025,0.6568065455243562,Upregulated,1.0,5/20,22.97%
Sperm Flagellum (GO:0036126),GO_Cellular_Component_2025,0.6567599777560905,Upregulated,1.0,35/98,30.29%
Alcohol Dehydrogenase (NADP+) Activity (GO:0008106),GO_Molecular_Function_2025,0.6562803137726811,Upregulated,1.0,11/17,41.45%
Negative Regulation of Actin Filament Polymerization (GO:0030837),GO_Biological_Process_2025,0.6548132209916553,Upregulated,1.0,5/19,15.45%
Mammalian Disorder Of Sexual Development WP4842,WikiPathways_2024_Human,0.6545703610745693,Upregulated,1.0,9/20,29.62%
Antiviral And Anti-Inflam Effects Of Nrf2 On SARS CoV 2 Pathway WP5113,WikiPathways_2024_Human,0.6545083541300525,Upregulated,1.0,1/28,0.36%
Oxysterols Derived From Cholesterol WP4545,WikiPathways_2024_Human,0.6538340668107817,Upregulated,1.0,18/44,32.69%
"Valine, leucine and isoleucine degradation",KEGG_2021_Human,0.6525885086734592,Upregulated,1.0,11/45,24.03%
Glycosphingolipid Biosynthetic Process (GO:0006688),GO_Biological_Process_2025,0.6524228713493103,Upregulated,1.0,7/27,19.89%
Regulation of Vascular Endothelial Growth Factor Receptor Signaling Pathway (GO:0030947),GO_Biological_Process_2025,0.6513634964264846,Upregulated,1.0,8/24,24.60%
Organophosphate Metabolic Process (GO:0019637),GO_Biological_Process_2025,0.6513229158296613,Upregulated,1.0,12/74,18.13%
NAD Metab In Oncogene Induced And Mt Dysfunction Senescence WP5046,WikiPathways_2024_Human,0.6503436681954553,Upregulated,1.0,4/22,18.32%
Protein Ubiquitination R-HSA-8852135,Reactome_2022,0.6498655761051305,Upregulated,1.0,15/64,22.77%
Gluconeogenesis (GO:0006094),GO_Biological_Process_2025,0.648616185351905,Upregulated,1.0,3/23,9.36%
ABC Transporter Disorders R-HSA-5619084,Reactome_2022,0.6483464478310325,Upregulated,1.0,16/69,24.23%
Angiogenesis WP1539,WikiPathways_2024_Human,0.6480318297432174,Upregulated,1.0,1/24,0.24%
Pyrophosphatase Activity (GO:0016462),GO_Molecular_Function_2025,0.6474512136946847,Upregulated,1.0,14/55,26.10%
Regulation of Microtubule Cytoskeleton Organization (GO:0070507),GO_Biological_Process_2025,0.6474025916192213,Upregulated,1.0,13/37,34.48%
Proteasome Degradation WP183,WikiPathways_2024_Human,0.6458526609339827,Upregulated,1.0,13/58,24.28%
Monocarboxylic Acid Catabolic Process (GO:0072329),GO_Biological_Process_2025,0.6455447972996161,Upregulated,1.0,6/18,23.47%
"3',5'-Cyclic-Nucleotide Phosphodiesterase Activity (GO:0004114)",GO_Molecular_Function_2025,0.6423985677613192,Upregulated,1.0,6/15,28.84%
Regulation of Cellular Respiration (GO:0043457),GO_Biological_Process_2025,0.6422188526517106,Upregulated,1.0,4/17,19.63%
Gluconeogenesis R-HSA-70263,Reactome_2022,0.6416983608415684,Upregulated,1.0,9/25,28.56%
Negative Regulation of Stress Fiber Assembly (GO:0051497),GO_Biological_Process_2025,0.639525218367275,Upregulated,1.0,6/24,20.35%
Glycolysis And Gluconeogenesis WP534,WikiPathways_2024_Human,0.6385844007774087,Upregulated,1.0,11/37,27.66%
Insulin Receptor Signaling Pathway (GO:0008286),GO_Biological_Process_2025,0.6351723021992574,Upregulated,1.0,13/48,24.26%
Regulation of Protein Localization to Cell Periphery (GO:1904375),GO_Biological_Process_2025,0.6342591300591605,Upregulated,1.0,7/23,20.03%
Mesenchyme Development (GO:0060485),GO_Biological_Process_2025,0.634235505882055,Upregulated,1.0,6/18,23.32%
Assembly Of Pre-Replicative Complex R-HSA-68867,Reactome_2022,0.6315915712509965,Upregulated,1.0,17/87,22.77%
Regulation of DNA Damage Checkpoint (GO:2000001),GO_Biological_Process_2025,0.6315224027720756,Upregulated,1.0,4/16,27.69%
Eukaryotic Translation Termination R-HSA-72764,Reactome_2022,0.630074301746062,Upregulated,1.0,15/64,25.35%
TP53 Regulates Transcription Of Additional Cell Cycle Genes With Uncertain Roles In P53 Pathway R-HSA-6804115,Reactome_2022,0.6286010608328183,Upregulated,1.0,1/20,0.70%
Regulation of Autophagy of Mitochondrion (GO:1903146),GO_Biological_Process_2025,0.6268997125000753,Upregulated,1.0,1/18,1.17%
N-glycan Antennae Elongation In medial/trans-Golgi R-HSA-975576,Reactome_2022,0.6261108501691934,Upregulated,1.0,8/22,25.55%
Glyoxylate and dicarboxylate metabolism,KEGG_2021_Human,0.6255821190234138,Upregulated,1.0,6/27,20.72%
Carbohydrate Biosynthetic Process (GO:0016051),GO_Biological_Process_2025,0.6244055383990608,Upregulated,1.0,9/23,29.48%
Positive Regulation of calcineurin-NFAT Signaling Cascade (GO:0070886),GO_Biological_Process_2025,0.6243653955409624,Upregulated,1.0,7/16,32.22%
Positive Regulation of Calcineurin-Mediated Signaling (GO:0106058),GO_Biological_Process_2025,0.6243653955409624,Upregulated,1.0,7/16,32.22%
Protein Export From Nucleus (GO:0006611),GO_Biological_Process_2025,0.6235912260857616,Upregulated,1.0,7/24,24.75%
Regulation of Extracellular Matrix Organization (GO:1903053),GO_Biological_Process_2025,0.6232458075365397,Upregulated,1.0,7/23,25.40%
Negative Regulation Of MAPK Pathway R-HSA-5675221,Reactome_2022,0.621974512511359,Upregulated,1.0,4/41,12.93%
Estrogen Metabolic Process (GO:0008210),GO_Biological_Process_2025,0.6216794074782792,Upregulated,1.0,6/16,26.23%
Nuclear Receptors In Lipid Metabolism And Toxicity WP299,WikiPathways_2024_Human,0.6216556137352066,Upregulated,1.0,9/23,34.24%
Glyoxylate Metabolism And Glycine Degradation R-HSA-389661,Reactome_2022,0.6216043587672488,Upregulated,1.0,4/27,10.98%
Centromere Complex Assembly (GO:0034508),GO_Biological_Process_2025,0.6196790398761584,Upregulated,1.0,2/15,6.91%
Hexose Biosynthetic Process (GO:0019319),GO_Biological_Process_2025,0.6172859614790658,Upregulated,1.0,9/26,28.56%
Ribosome (GO:0005840),GO_Cellular_Component_2025,0.6171827419246643,Upregulated,1.0,2/37,1.88%
DNA Damage Checkpoint Signaling (GO:0000077),GO_Biological_Process_2025,0.6141368494772227,Upregulated,1.0,5/36,10.59%
GPI Anchored Protein Biosynthesis (GO:0180046),GO_Biological_Process_2025,0.6138922392302896,Upregulated,1.0,7/29,22.55%
Negative Regulation of Lipid Biosynthetic Process (GO:0051055),GO_Biological_Process_2025,0.612825830494176,Upregulated,1.0,8/21,29.92%
PCP/CE Pathway R-HSA-4086400,Reactome_2022,0.6094489974036463,Upregulated,1.0,24/84,29.35%
RNA Destabilization (GO:0050779),GO_Biological_Process_2025,0.605060878450243,Upregulated,1.0,12/22,41.69%
ER-nucleus Signaling Pathway (GO:0006984),GO_Biological_Process_2025,0.6049805294726692,Upregulated,1.0,4/27,13.05%
MAP3K1 Role In Promoting And Blocking Gonadal Determination WP4872,WikiPathways_2024_Human,0.6028930377000354,Upregulated,1.0,2/15,7.29%
Membrane Raft Organization (GO:0031579),GO_Biological_Process_2025,0.5993630044093488,Upregulated,1.0,4/16,15.45%
Anterior/Posterior Axis Specification (GO:0009948),GO_Biological_Process_2025,0.5991370488069503,Upregulated,1.0,4/17,19.92%
Nuclear Membrane Organization (GO:0071763),GO_Biological_Process_2025,0.5967070737214308,Upregulated,1.0,4/25,17.43%
Sphingosine Metabolic Process (GO:0006670),GO_Biological_Process_2025,0.595804520133448,Upregulated,1.0,7/19,29.56%
Hh Mutants Are Degraded By ERAD R-HSA-5362768,Reactome_2022,0.595653211362112,Upregulated,1.0,12/53,24.17%
Formation Of HIV-1 Elongation Complex Containing HIV-1 Tat R-HSA-167200,Reactome_2022,0.5955204102205369,Upregulated,1.0,4/42,7.74%
Inositol Phosphate Metabolic Process (GO:0043647),GO_Biological_Process_2025,0.5932855545255844,Upregulated,1.0,6/21,25.34%
Hereditary Leiomyomatosis And Renal Cell Carcinoma Pathway WP4206,WikiPathways_2024_Human,0.592044901721855,Upregulated,1.0,18/18,80.15%
Negative Regulation of Endothelial Cell Apoptotic Process (GO:2000352),GO_Biological_Process_2025,0.5917171494184882,Upregulated,1.0,5/22,19.80%
Skin Epidermis Development (GO:0098773),GO_Biological_Process_2025,0.5910876659001838,Upregulated,1.0,6/16,25.19%
Aldehyde Dehydrogenase (NAD+) Activity (GO:0004029),GO_Molecular_Function_2025,0.5900916947488162,Upregulated,1.0,6/16,27.38%
Proteoglycan Biosynthesis WP4784,WikiPathways_2024_Human,0.5890430045686609,Upregulated,1.0,3/18,14.80%
Ubiquitin Conjugating Enzyme Binding (GO:0031624),GO_Molecular_Function_2025,0.5889101105415139,Upregulated,1.0,12/26,32.97%
Positive Regulation of Protein Catabolic Process (GO:0045732),GO_Biological_Process_2025,0.5886844233833971,Upregulated,1.0,12/89,16.32%
RUNX1 Regulates Transcription Of Genes Involved In Differentiation Of HSCs R-HSA-8939236,Reactome_2022,0.5872466523122204,Upregulated,1.0,19/75,26.15%
Protein Insertion Into Membrane (GO:0051205),GO_Biological_Process_2025,0.5869536764013245,Upregulated,1.0,5/16,23.91%
Regulation of Exosomal Secretion (GO:1903541),GO_Biological_Process_2025,0.5860894259047842,Upregulated,1.0,6/16,31.74%
Translesion Synthesis By POLH R-HSA-110320,Reactome_2022,0.5845245623160035,Upregulated,1.0,5/19,22.77%
Formation Of HIV Elongation Complex In Absence Of HIV Tat R-HSA-167152,Reactome_2022,0.5827836565557791,Upregulated,1.0,4/44,7.74%
Translation Of Structural Proteins R-HSA-9683701,Reactome_2022,0.5810955057307533,Upregulated,1.0,10/29,29.12%
Signaling By ERBB2 R-HSA-1227986,Reactome_2022,0.5791360726199226,Upregulated,1.0,11/48,24.26%
Asymmetric Localization Of PCP Proteins R-HSA-4608870,Reactome_2022,0.5782077358730543,Upregulated,1.0,18/60,29.35%
Negative Regulation of Lipid Metabolic Process (GO:0045833),GO_Biological_Process_2025,0.5780198524215504,Upregulated,1.0,7/25,25.69%
Regulation of Blood Vessel Endothelial Cell Migration (GO:0043535),GO_Biological_Process_2025,0.5780066696520882,Upregulated,1.0,15/54,26.26%
Oxygen-dependent Proline Hydroxylation Of Hypoxia-inducible Factor Alpha R-HSA-1234176,Reactome_2022,0.5772244532287296,Upregulated,1.0,16/60,29.37%
Regulation of Biomineral Tissue Development (GO:0070167),GO_Biological_Process_2025,0.5721987822348976,Upregulated,1.0,7/23,22.82%
Establishment of Protein Localization to Organelle (GO:0072594),GO_Biological_Process_2025,0.5719984689105921,Upregulated,1.0,21/79,27.17%
Regulation of Exit From Mitosis (GO:0007096),GO_Biological_Process_2025,0.5684253819679175,Upregulated,1.0,3/15,19.41%
Male Gamete Generation (GO:0048232),GO_Biological_Process_2025,0.5666657802430795,Upregulated,1.0,6/20,24.05%
Glycosphingolipid biosynthesis,KEGG_2021_Human,0.56142394676161,Upregulated,1.0,17/39,35.16%
Cholesterol Biosynthetic Process (GO:0006695),GO_Biological_Process_2025,0.561223157967032,Upregulated,1.0,7/24,26.28%
Secondary Alcohol Biosynthetic Process (GO:1902653),GO_Biological_Process_2025,0.5552602180592126,Upregulated,1.0,7/23,26.28%
Negative Regulation of Cilium Assembly (GO:1902018),GO_Biological_Process_2025,0.5538681761593094,Upregulated,1.0,5/20,24.90%
Response to Hexose (GO:0009746),GO_Biological_Process_2025,0.5533358605995051,Upregulated,1.0,7/21,27.17%
Ciliary Membrane (GO:0060170),GO_Cellular_Component_2025,0.5517056061633286,Upregulated,1.0,13/36,34.66%
Hh Mutants Abrogate Ligand Secretion R-HSA-5387390,Reactome_2022,0.5482073529547838,Upregulated,1.0,12/56,24.17%
Protein Lipidation (GO:0006497),GO_Biological_Process_2025,0.5445645773336347,Upregulated,1.0,12/24,34.75%
Sterol Biosynthetic Process (GO:0016126),GO_Biological_Process_2025,0.5428699893525659,Upregulated,1.0,7/26,26.28%
DNA Polymerase Binding (GO:0070182),GO_Molecular_Function_2025,0.5400305299998813,Upregulated,1.0,6/19,30.55%
Amyloid Fibril Formation (GO:1990000),GO_Biological_Process_2025,0.5376149424295229,Upregulated,1.0,3/23,13.50%
Triglyceride Metabolic Process (GO:0006641),GO_Biological_Process_2025,0.5332904151904554,Upregulated,1.0,7/40,20.23%
Oligosaccharide Biosynthetic Process (GO:0009312),GO_Biological_Process_2025,0.5332689313135927,Upregulated,1.0,6/17,29.48%
Nuclear Membrane Reassembly (GO:0031468),GO_Biological_Process_2025,0.532016282765637,Upregulated,1.0,4/21,17.43%
Regulation Of Expression Of SLITs And ROBOs R-HSA-9010553,Reactome_2022,0.5299160514851398,Upregulated,1.0,34/134,29.37%
WW Domain Binding (GO:0050699),GO_Molecular_Function_2025,0.5295769697121455,Upregulated,1.0,5/19,30.51%
Amyloid Precursor Protein Metabolic Process (GO:0042982),GO_Biological_Process_2025,0.5284311131482287,Upregulated,1.0,3/16,20.20%
Regulation of Fatty Acid Biosynthetic Process (GO:0042304),GO_Biological_Process_2025,0.5282990459780909,Upregulated,1.0,4/22,17.38%
Positive Regulation of JNK Cascade (GO:0046330),GO_Biological_Process_2025,0.5271512700369805,Upregulated,1.0,13/74,20.35%
Fructose and mannose metabolism,KEGG_2021_Human,0.5246560682585416,Upregulated,1.0,9/31,30.85%
Regulation of Embryonic Development (GO:0045995),GO_Biological_Process_2025,0.5240732627992126,Upregulated,1.0,9/57,18.02%
Regulation of mRNA Catabolic Process (GO:0061013),GO_Biological_Process_2025,0.520628427574565,Upregulated,1.0,5/45,10.66%
Cellular Response to Glucocorticoid Stimulus (GO:0071385),GO_Biological_Process_2025,0.5180711150856762,Upregulated,1.0,6/17,28.56%
Protein Localization to Cilium (GO:0061512),GO_Biological_Process_2025,0.5151702007728607,Upregulated,1.0,10/40,28.36%
Zinc Ion Transmembrane Transporter Activity (GO:0005385),GO_Molecular_Function_2025,0.5141235786060907,Upregulated,1.0,5/20,24.52%
Chaperone Mediated Autophagy R-HSA-9613829,Reactome_2022,0.5122906170312522,Upregulated,1.0,7/17,31.94%
mRNA 3'-UTR AU-rich Region Binding (GO:0035925),GO_Molecular_Function_2025,0.5097034828557586,Upregulated,1.0,7/25,28.64%
Regulation of Neural Precursor Cell Proliferation (GO:2000177),GO_Biological_Process_2025,0.5006826092334431,Upregulated,1.0,2/19,9.23%
Regulation of Endothelial Cell Chemotaxis (GO:2001026),GO_Biological_Process_2025,0.5004035302779655,Upregulated,1.0,5/16,26.26%
Wnt Beta Catenin Signaling In Leukemia WP3658,WikiPathways_2024_Human,0.482020219754307,Upregulated,1.0,7/24,25.62%
Amine Ligand-Binding Receptors R-HSA-375280,Reactome_2022,0.477515567693114,Upregulated,1.0,4/24,17.99%
Smoothened Signaling Pathway (GO:0007224),GO_Biological_Process_2025,0.4756979449881002,Upregulated,1.0,10/31,29.44%
Regulation of Membrane Protein Ectodomain Proteolysis (GO:0051043),GO_Biological_Process_2025,0.4679732824409459,Upregulated,1.0,2/25,7.03%
Disassembly Of Destruction Complex And Recruitment Of AXIN To Membrane R-HSA-4641262,Reactome_2022,0.4651747938994252,Upregulated,0.9997839084817578,2/25,7.87%
Orc1 Removal From Chromatin R-HSA-68949,Reactome_2022,0.4577999619252234,Upregulated,0.9995949162692302,17/67,29.12%
Negative Regulation of Cell-Substrate Adhesion (GO:0010812),GO_Biological_Process_2025,0.4339112516653877,Upregulated,0.9997932208919398,9/34,27.93%
SCF(Skp2)-mediated Degradation Of P27/P21 R-HSA-187577,Reactome_2022,0.4323386069452312,Upregulated,0.9993404187749756,21/58,36.34%
Negative Regulation of Hippo Signaling (GO:0035331),GO_Biological_Process_2025,-0.3788450668491957,Downregulated,0.999889598593239,8/21,35.76%
mRNA Decay By 3 To 5 Exoribonuclease R-HSA-429958,Reactome_2022,-0.4059580012979755,Downregulated,1.0,15/15,85.73%
Sphingolipid Metabolism Overview WP4725,WikiPathways_2024_Human,-0.4137462643237287,Downregulated,1.0,8/26,31.27%
Autophagy In Pancreatic Ductal Adenocarcinoma WP5331,WikiPathways_2024_Human,-0.4330825489696125,Downregulated,1.0,3/18,19.19%
RHOBTB GTPase Cycle R-HSA-9706574,Reactome_2022,-0.4389069905477193,Downregulated,1.0,3/35,11.49%
Blood Group Systems Biosynthesis R-HSA-9033658,Reactome_2022,-0.4424457538565022,Downregulated,1.0,15/15,84.40%
IL1 And Megakaryocytes In Obesity WP2865,WikiPathways_2024_Human,-0.4431211524132465,Downregulated,1.0,24/24,86.56%
Axoneme Assembly (GO:0035082),GO_Biological_Process_2025,-0.4541292316292086,Downregulated,1.0,10/39,25.77%
Sphingolipid Metabolism Integrated Pathway WP4726,WikiPathways_2024_Human,-0.477678508661165,Downregulated,1.0,8/25,31.27%
Amino Acid:Sodium Symporter Activity (GO:0005283),GO_Molecular_Function_2025,-0.4952463660226016,Downregulated,0.9997132001679958,17/17,83.19%
Signaling By FGFR3 In Disease R-HSA-5655332,Reactome_2022,-0.4973250942787295,Downregulated,0.9998878830884688,2/18,11.02%
Membrane Protein Ectodomain Proteolysis (GO:0006509),GO_Biological_Process_2025,-0.5022015323135812,Downregulated,0.9998450679952724,11/20,41.90%
Signaling By NTRK3 (TRKC) R-HSA-9034015,Reactome_2022,-0.5024888277583612,Downregulated,1.0,5/16,28.84%
Ubiquitin Mediated Degradation Of Phosphorylated Cdc25A R-HSA-69601,Reactome_2022,-0.5071464840499785,Downregulated,1.0,18/49,34.56%
Switching Of Origins To A Post-Replicative State R-HSA-69052,Reactome_2022,-0.5145247883424635,Downregulated,0.999722857575258,32/87,35.89%
Nuclear Events Mediated By NFE2L2 R-HSA-9759194,Reactome_2022,-0.5155852275208873,Downregulated,0.9999314835406128,26/74,35.31%
Positive Regulation of RNA Metabolic Process (GO:0051254),GO_Biological_Process_2025,-0.5170182285020902,Downregulated,1.0,6/18,31.96%
Organelle Disassembly (GO:1903008),GO_Biological_Process_2025,-0.5199432095672222,Downregulated,1.0,13/44,28.05%
Multivesicular Body Membrane (GO:0032585),GO_Cellular_Component_2025,-0.5245991110334502,Downregulated,0.9999583555158336,3/17,14.41%
Beta-catenin Phosphorylation Cascade R-HSA-196299,Reactome_2022,-0.5248006791300832,Downregulated,1.0,6/16,35.16%
Regulation of Receptor Internalization (GO:0002090),GO_Biological_Process_2025,-0.525350726833571,Downregulated,1.0,11/35,26.59%
Embryonic Axis Specification (GO:0000578),GO_Biological_Process_2025,-0.5267143197352991,Downregulated,1.0,6/15,32.70%
Mitochondrial tRNA Aminoacylation R-HSA-379726,Reactome_2022,-0.5313472882833219,Downregulated,1.0,5/21,18.85%
Kinetochore Microtubule (GO:0005828),GO_Cellular_Component_2025,-0.5334032084388242,Downregulated,1.0,3/16,20.23%
Negative Regulation of Cell-Matrix Adhesion (GO:0001953),GO_Biological_Process_2025,-0.5420603348276485,Downregulated,0.9996462456863444,2/28,6.70%
Negative Regulation of Organelle Assembly (GO:1902116),GO_Biological_Process_2025,-0.5499028582171908,Downregulated,0.9987559234687472,9/41,23.63%
Selenocysteine Synthesis R-HSA-2408557,Reactome_2022,-0.5539758430256133,Downregulated,0.9983912786485756,23/64,33.18%
Microtubule Polymerization (GO:0046785),GO_Biological_Process_2025,-0.5560030872159537,Downregulated,0.998348534341325,9/35,22.88%
Histone Deacetylase Activity (GO:0004407),GO_Molecular_Function_2025,-0.5561439546062512,Downregulated,0.9986593959191932,5/20,26.22%
Ubiquitin-Modified Protein Reader Activity (GO:0140036),GO_Molecular_Function_2025,-0.5712504763524564,Downregulated,0.9959162729594396,7/17,29.71%
Response to Glucocorticoid (GO:0051384),GO_Biological_Process_2025,-0.5714098434401165,Downregulated,0.9962152527382856,9/22,30.78%
Macromolecule Biosynthetic Process (GO:0009059),GO_Biological_Process_2025,-0.5748744372020413,Downregulated,0.9957581236246742,60/160,34.89%
Positive Regulation of Mitotic Cell Cycle (GO:0045931),GO_Biological_Process_2025,-0.5780443874776127,Downregulated,0.9953413751072616,9/26,31.22%
Laminin Interactions R-HSA-3000157,Reactome_2022,-0.5786688639215193,Downregulated,0.9955119087910238,10/22,37.39%
Vitamin B6 Binding (GO:0070279),GO_Molecular_Function_2025,-0.5843262308779097,Downregulated,0.9943719873243856,6/18,26.50%
Pyridoxal Phosphate Binding (GO:0030170),GO_Molecular_Function_2025,-0.5843262308779097,Downregulated,0.9943719873243856,6/18,26.50%
Regulation of Cardiac Muscle Hypertrophy (GO:0010611),GO_Biological_Process_2025,-0.5865051322803765,Downregulated,0.994485631571558,8/23,29.28%
Glycolipid Metabolic Process (GO:0006664),GO_Biological_Process_2025,-0.5885534976528741,Downregulated,0.9942707294926528,2/15,8.90%
Modulation of Excitatory Postsynaptic Potential (GO:0098815),GO_Biological_Process_2025,-0.5893300432131819,Downregulated,0.9943967856332026,4/27,11.73%
Insulin signaling pathway,KEGG_2021_Human,-0.5898648994635136,Downregulated,0.9945705763277556,31/126,26.60%
Thyroxine Thyroid Hormone Production WP1981,WikiPathways_2024_Human,-0.5902913979502574,Downregulated,0.9947864947071218,8/22,26.21%
Nonsense Mediated Decay (NMD) Independent Of Exon Junction Complex (EJC) R-HSA-975956,Reactome_2022,-0.5903832440690796,Downregulated,0.995099134490242,23/65,33.18%
Intra-Golgi Traffic R-HSA-6811438,Reactome_2022,-0.5908577559184656,Downregulated,0.9952984002724188,13/38,30.63%
Degradation Of GLI1 By Proteasome R-HSA-5610780,Reactome_2022,-0.5913954139068839,Downregulated,0.99547839175154,20/56,34.56%
ERK1 and ERK2 Cascade (GO:0070371),GO_Biological_Process_2025,-0.5958362635176693,Downregulated,0.9945133892449958,11/21,38.78%
miRNA Regulation Of Prostate Cancer Signaling WP3981,WikiPathways_2024_Human,-0.5959329852823197,Downregulated,0.9948275735811168,7/30,21.18%
Regulation Of Ornithine Decarboxylase (ODC) R-HSA-350562,Reactome_2022,-0.5960100760188768,Downregulated,0.9951415657977812,17/46,34.56%
Regulation of Dendritic Spine Morphogenesis (GO:0061001),GO_Biological_Process_2025,-0.5967867705907458,Downregulated,0.9952448164558998,10/30,26.86%
Positive Regulation of Viral Genome Replication (GO:0045070),GO_Biological_Process_2025,-0.5967884419564329,Downregulated,0.9955810347603774,7/23,31.73%
Regulation of Protein Export From Nucleus (GO:0046825),GO_Biological_Process_2025,-0.5969657461055671,Downregulated,0.9958696700025016,3/22,11.92%
Positive Regulation of Membrane Protein Ectodomain Proteolysis (GO:0051044),GO_Biological_Process_2025,-0.5975829694260144,Downregulated,0.9960133984448248,6/15,35.37%
Negative Regulation of Lipid Catabolic Process (GO:0050995),GO_Biological_Process_2025,-0.6003122879528018,Downregulated,0.995501203944803,1/16,0.50%
Glycosphingolipid Metabolism WP5292,WikiPathways_2024_Human,-0.6009531374970408,Downregulated,0.9956449049170778,1/20,0.49%
Metabolism Of Polyamines R-HSA-351202,Reactome_2022,-0.6009672768181789,Downregulated,0.9959781776465836,20/52,34.56%
Regulation of Dendritic Spine Development (GO:0060998),GO_Biological_Process_2025,-0.6018228572063353,Downregulated,0.9960360947920158,4/20,16.56%
Cellular Response to Corticosteroid Stimulus (GO:0071384),GO_Biological_Process_2025,-0.6031814867885957,Downregulated,0.9959418005352958,8/15,36.56%
Monoamine GPCRs WP58,WikiPathways_2024_Human,-0.6041729169031471,Downregulated,0.9959534447256074,10/22,31.41%
Cyclin A:Cdk2-associated Events At S Phase Entry R-HSA-69656,Reactome_2022,-0.6043318390414301,Downregulated,0.9962389280231784,9/82,14.33%
Keratan Sulfate Proteoglycan Metabolic Process (GO:0042339),GO_Biological_Process_2025,-0.6044955873758423,Downregulated,0.9965233860817392,2/15,13.48%
Leptin Insulin Signaling Overlap WP3935,WikiPathways_2024_Human,-0.6062335832855728,Downregulated,0.996249432415624,15/15,78.91%
mRNA Destabilization (GO:0061157),GO_Biological_Process_2025,-0.6069403526304912,Downregulated,0.9963344016343808,16/53,30.78%
Hippo Signaling (GO:0035329),GO_Biological_Process_2025,-0.6070306182177609,Downregulated,0.9966419649382224,6/19,21.38%
Cargo Trafficking To Periciliary Membrane R-HSA-5620920,Reactome_2022,-0.6076179658819487,Downregulated,0.996773113027106,18/49,36.27%
Glycolipid Biosynthetic Process (GO:0009247),GO_Biological_Process_2025,-0.6087948651473953,Downregulated,0.9967121956801392,8/50,17.94%
acyl-CoA Metabolic Process (GO:0006637),GO_Biological_Process_2025,-0.6089340980527289,Downregulated,0.99699861773632,4/25,16.96%
"Negative Regulation of DNA-templated Transcription, Elongation (GO:0032785)",GO_Biological_Process_2025,-0.6089962408171228,Downregulated,0.9973210847621145,6/17,31.75%
Wnt Signaling And Pluripotency WP399,WikiPathways_2024_Human,-0.6090371752737206,Downregulated,0.9976458091447692,11/94,12.00%
Positive Regulation of Small Molecule Metabolic Process (GO:0062013),GO_Biological_Process_2025,-0.6094774766492259,Downregulated,0.9978276653555552,7/18,30.29%
Transcriptional Regulation By AP-2 (TFAP2) Family Of Transcription Factors R-HSA-8864260,Reactome_2022,-0.6096902304455359,Downregulated,0.9980989540918916,4/28,10.86%
AMPK signaling pathway,KEGG_2021_Human,-0.6113880446101018,Downregulated,0.9978172605080914,19/112,17.93%
Positive Regulation of Muscle Hypertrophy (GO:0014742),GO_Biological_Process_2025,-0.6119454477771611,Downregulated,0.9979614099379108,6/16,29.28%
Negative Regulation of ERBB Signaling Pathway (GO:1901185),GO_Biological_Process_2025,-0.6143337347543305,Downregulated,0.9974125019031288,5/20,29.15%
Regulation Of Pyruvate Dehydrogenase (PDH) Complex R-HSA-204174,Reactome_2022,-0.6150078662307884,Downregulated,0.9975014831920278,15/15,78.42%
Dravet Syndrome WP5200,WikiPathways_2024_Human,-0.61739896839792,Downregulated,0.996950817647746,6/27,18.43%
Golgi Stack (GO:0005795),GO_Cellular_Component_2025,-0.6176669789944171,Downregulated,0.9971847682806896,10/29,30.35%
Regulation of Plasminogen Activation (GO:0010755),GO_Biological_Process_2025,-0.619806040238158,Downregulated,0.9966986136519967,3/15,17.33%
Cyclin E Associated Events During G1/S Transition R-HSA-69202,Reactome_2022,-0.620583396875463,Downregulated,0.9967347222919704,9/80,14.33%
PKC Gamma Calcium Signaling In Ataxia WP4760,WikiPathways_2024_Human,-0.6233547814172508,Downregulated,0.9959355619352872,3/21,15.67%
Regulation of Cholesterol Biosynthetic Process (GO:0045540),GO_Biological_Process_2025,-0.6243710160612632,Downregulated,0.995831898189767,1/21,1.59%
TP53 Regulates Transcription Of Genes Involved In G2 Cell Cycle Arrest R-HSA-6804114,Reactome_2022,-0.6247422821950565,Downregulated,0.9960028283767928,5/17,28.84%
SREBF And miR33 In Cholesterol And Lipid Homeostasis WP2011,WikiPathways_2024_Human,-0.6256590061472777,Downregulated,0.9959466159877576,4/15,23.02%
KSRP (KHSRP) Binds And Destabilizes mRNA R-HSA-450604,Reactome_2022,-0.6265905004368187,Downregulated,0.9959153517346452,4/16,26.23%
Glycolysis / Gluconeogenesis,KEGG_2021_Human,-0.6272383473834328,Downregulated,0.9959688858290872,12/54,21.73%
Response Of EIF2AK4 (GCN2) To Amino Acid Deficiency R-HSA-9633012,Reactome_2022,-0.6273180434399052,Downregulated,0.996274543738896,12/72,18.17%
BBSome-mediated Cargo-Targeting To Cilium R-HSA-5620922,Reactome_2022,-0.6273350191327787,Downregulated,0.9966103440132889,11/23,38.68%
Cellular Response to Xenobiotic Stimulus (GO:0071466),GO_Biological_Process_2025,-0.627437531367863,Downregulated,0.9969016651034818,2/22,4.89%
Negative Regulation Of NOTCH4 Signaling R-HSA-9604323,Reactome_2022,-0.6279573233977699,Downregulated,0.9970270066283736,18/51,34.56%
Basigin Interactions R-HSA-210991,Reactome_2022,-0.6287990618964527,Downregulated,0.9970050788892592,4/22,16.95%
Nonsense Mediated Decay (NMD) Enhanced By Exon Junction Complex (EJC) R-HSA-975957,Reactome_2022,-0.6321023892991846,Downregulated,0.9958798503282992,29/84,33.18%
Hedgehog On State R-HSA-5632684,Reactome_2022,-0.6325502246843847,Downregulated,0.9960238642317863,40/82,40.60%
Positive Regulation of Epidermal Cell Differentiation (GO:0045606),GO_Biological_Process_2025,-0.6326470277709717,Downregulated,0.9963257563172864,5/16,21.65%
MTHFR Deficiency WP4288,WikiPathways_2024_Human,-0.632863263500753,Downregulated,0.9965719565393816,2/21,6.73%
Synaptic Signaling Associated With Autism Spectrum Disorder WP4539,WikiPathways_2024_Human,-0.6331068995335931,Downregulated,0.9968039352221536,4/47,5.34%
Outward Rectifier Potassium Channel Activity (GO:0015271),GO_Molecular_Function_2025,-0.6348106129092048,Downregulated,0.996367287758856,6/15,25.33%
Golgi Cisterna (GO:0031985),GO_Cellular_Component_2025,-0.6354904848971705,Downregulated,0.9963763503856272,8/46,19.83%
Maturation of 5.8S rRNA (GO:0000460),GO_Biological_Process_2025,-0.6357303890250346,Downregulated,0.9966047969262428,5/17,21.73%
Glycosaminoglycan Biosynthetic Process (GO:0006024),GO_Biological_Process_2025,-0.6372268807680299,Downregulated,0.9962289780645492,11/22,35.00%
Negative Regulation of Epidermal Growth Factor Receptor Signaling Pathway (GO:0042059),GO_Biological_Process_2025,-0.63796991297097,Downregulated,0.9962182324813282,4/24,18.30%
Phosphodiesterases In Neuronal Function WP4222,WikiPathways_2024_Human,-0.6392098159027955,Downregulated,0.995954913851988,11/46,23.68%
Glucose Homeostasis (GO:0042593),GO_Biological_Process_2025,-0.6396115482778797,Downregulated,0.996098625563616,23/79,28.82%
Ubiquitin-dependent Degradation Of Cyclin D R-HSA-75815,Reactome_2022,-0.6400533502973405,Downregulated,0.9962325411578437,19/49,34.56%
Regulation of Proteasomal Protein Catabolic Process (GO:0061136),GO_Biological_Process_2025,-0.641627934281055,Downregulated,0.995766446064508,13/54,23.16%
KEAP1-NFE2L2 Pathway R-HSA-9755511,Reactome_2022,-0.6421441010252599,Downregulated,0.9958434028390316,33/94,34.56%
Response to Transforming Growth Factor Beta (GO:0071559),GO_Biological_Process_2025,-0.6426603551603185,Downregulated,0.9959410490534746,5/30,14.62%
Protein Serine/Threonine Phosphatase Complex (GO:0008287),GO_Cellular_Component_2025,-0.6431103159430475,Downregulated,0.9960499101444902,6/26,21.48%
TP53 Regulates Transcription Of DNA Repair Genes R-HSA-6796648,Reactome_2022,-0.6433049884813352,Downregulated,0.9962955532637782,4/60,4.70%
Negative Regulation of Cytoskeleton Organization (GO:0051494),GO_Biological_Process_2025,-0.6439827331483129,Downregulated,0.9963277653172729,8/27,24.69%
Regulation Of RUNX2 Expression And Activity R-HSA-8939902,Reactome_2022,-0.6442134349095439,Downregulated,0.9965625151872206,25/66,35.53%
AUF1 (hnRNP D0) Binds And Destabilizes mRNA R-HSA-450408,Reactome_2022,-0.6457052959223871,Downregulated,0.996128481566998,19/50,34.56%
RHOBTB1 GTPase Cycle R-HSA-9013422,Reactome_2022,-0.6459031389580074,Downregulated,0.9963562939637972,7/23,32.14%
Positive Regulation of mRNA Catabolic Process (GO:0061014),GO_Biological_Process_2025,-0.6460205621736901,Downregulated,0.9966310149919132,18/46,36.56%
Trafficking Of GluR2-containing AMPA Receptors R-HSA-416993,Reactome_2022,-0.6473013610156054,Downregulated,0.9963058159595682,2/17,6.29%
Postmitotic Nuclear Pore Complex (NPC) Reformation R-HSA-9615933,Reactome_2022,-0.6475824110792925,Downregulated,0.9964954231561512,13/25,36.65%
Synthesis Of Glycosylphosphatidylinositol (GPI) R-HSA-162710,Reactome_2022,-0.6478578792773032,Downregulated,0.9966980004864124,4/17,22.23%
Activation Of SMO R-HSA-5635838,Reactome_2022,-0.6479198322399834,Downregulated,0.9970047072427264,5/17,21.80%
Mitochondrial Gene Expression WP391,WikiPathways_2024_Human,-0.6486060363486664,Downregulated,0.9969630802262668,5/19,24.02%
Acrosomal Vesicle (GO:0001669),GO_Cellular_Component_2025,-0.649416132323741,Downregulated,0.9968613093291449,15/46,29.01%
RIPK1-mediated Regulated Necrosis R-HSA-5213460,Reactome_2022,-0.651577493667021,Downregulated,0.99600839160807,10/29,29.80%
HIF-1 signaling pathway,KEGG_2021_Human,-0.6519681201136369,Downregulated,0.9961348145257126,14/97,14.43%
Basic Amino Acid Transmembrane Transporter Activity (GO:0015174),GO_Molecular_Function_2025,-0.652424093142287,Downregulated,0.9962148431682544,6/16,22.89%
Neuropeptide Signaling Pathway (GO:0007218),GO_Biological_Process_2025,-0.6524455892801272,Downregulated,0.9965498368231772,14/40,31.00%
Peroxisomal Membrane Transport (GO:0015919),GO_Biological_Process_2025,-0.6535536810579704,Downregulated,0.996293251871222,5/17,18.67%
Positive Regulation of Vacuole Organization (GO:0044090),GO_Biological_Process_2025,-0.6562694086608604,Downregulated,0.9950792909796704,4/21,14.64%
DNA-templated DNA Replication Maintenance of Fidelity (GO:0045005),GO_Biological_Process_2025,-0.6568480492926861,Downregulated,0.9950709580091732,6/38,14.31%
Cap-dependent Translation Initiation R-HSA-72737,Reactome_2022,-0.6576783324573364,Downregulated,0.9948896717403408,32/89,35.36%
RNA polymerase,KEGG_2021_Human,-0.6596323401006944,Downregulated,0.9940507471934592,10/27,24.90%
Role Of GTSE1 In G2/M Progression After G2 Checkpoint R-HSA-8852276,Reactome_2022,-0.6603857411435547,Downregulated,0.9939630023762208,19/57,34.56%
DARPP-32 Events R-HSA-180024,Reactome_2022,-0.6621657138531303,Downregulated,0.9932363706946484,2/23,7.51%
GTP Hydrolysis And Joining Of 60S Ribosomal Subunit R-HSA-72706,Reactome_2022,-0.662622194796539,Downregulated,0.9933044005933508,27/83,33.18%
Regulation Of Necroptotic Cell Death R-HSA-5675482,Reactome_2022,-0.6628984957464412,Downregulated,0.9934695137400164,10/27,29.80%
Cytosolic Large Ribosomal Subunit (GO:0022625),GO_Cellular_Component_2025,-0.6629274073832092,Downregulated,0.9937980522575144,14/34,34.56%
8P23 1 Copy Number Variation Syndrome WP5346,WikiPathways_2024_Human,-0.6629718298189976,Downregulated,0.9941143171258948,6/44,13.61%
Signaling By Hedgehog R-HSA-5358351,Reactome_2022,-0.6647249337098468,Downregulated,0.9933881394293376,48/129,35.03%
Sulfur Compound Catabolic Process (GO:0044273),GO_Biological_Process_2025,-0.6647561346062499,Downregulated,0.993708235313028,8/23,26.07%
L13a-mediated Translational Silencing Of Ceruloplasmin Expression R-HSA-156827,Reactome_2022,-0.6653521460078089,Downregulated,0.9936847905264584,27/81,33.18%
Positive Regulation of Mitochondrial Fission (GO:0090141),GO_Biological_Process_2025,-0.6655960374457615,Downregulated,0.993864571448938,6/18,23.38%
Regulation of Insulin Secretion Involved in Cellular Response to Glucose Stimulus (GO:0061178),GO_Biological_Process_2025,-0.6659975247491652,Downregulated,0.9939584768874714,10/24,30.99%
Zinc Ion Transmembrane Transport (GO:0071577),GO_Biological_Process_2025,-0.6661614768686939,Downregulated,0.9941948584640072,5/19,19.21%
Formation Of Early Elongation Complex R-HSA-113418,Reactome_2022,-0.6665258610573095,Downregulated,0.9943023135746426,3/33,4.70%
Phosphatidylglycerol Metabolic Process (GO:0046471),GO_Biological_Process_2025,-0.6678789034316368,Downregulated,0.993775861984286,7/19,23.22%
Insulin Processing R-HSA-264876,Reactome_2022,-0.6685459619261676,Downregulated,0.9936813207540272,5/23,21.95%
EPHB-mediated Forward Signaling R-HSA-3928662,Reactome_2022,-0.6688924013335275,Downregulated,0.9938008371219904,8/30,22.12%
"BMAL1:CLOCK,NPAS2 Activates Circadian Gene Expression R-HSA-1368108",Reactome_2022,-0.6705012707351549,Downregulated,0.9930937643536252,5/27,16.42%
Positive Regulation of Collagen Metabolic Process (GO:0010714),GO_Biological_Process_2025,-0.6717272474295879,Downregulated,0.9926184659657744,3/17,17.18%
Signaling By Type 1 Insulin-like Growth Factor 1 Receptor (IGF1R) R-HSA-2404192,Reactome_2022,-0.671813349461431,Downregulated,0.9929026837236626,11/44,21.18%
Disorders Of Bile Acid Synthesis And Biliary Transport WP5176,WikiPathways_2024_Human,-0.6726477869759051,Downregulated,0.9926610926097292,10/19,33.67%
Neuron Projection Organization (GO:0106027),GO_Biological_Process_2025,-0.673043054316727,Downregulated,0.9927385666614124,4/16,17.07%
Voltage-Gated Calcium Channel Activity (GO:0005245),GO_Molecular_Function_2025,-0.6739542402921946,Downregulated,0.9924447816350868,8/30,22.15%
Cellular Response to Low-Density Lipoprotein Particle Stimulus (GO:0071404),GO_Biological_Process_2025,-0.6760355084996142,Downregulated,0.9913487912815456,5/24,17.21%
Aflatoxin Activation And Detoxification R-HSA-5423646,Reactome_2022,-0.6774765469051733,Downregulated,0.9906865136299842,4/16,15.97%
Interleukin-1-Mediated Signaling Pathway (GO:0070498),GO_Biological_Process_2025,-0.6781157836479644,Downregulated,0.9905825861098884,3/19,17.84%
Positive Regulation of Extracellular Matrix Organization (GO:1903055),GO_Biological_Process_2025,-0.6790240371746809,Downregulated,0.9902423070692938,7/19,29.89%
Negative Regulation of Lipid Storage (GO:0010888),GO_Biological_Process_2025,-0.6798693084462,Downregulated,0.9899731594169994,5/19,17.10%
Zinc Homeostasis WP3529,WikiPathways_2024_Human,-0.6800572522873667,Downregulated,0.9901813314837326,6/22,24.70%
Ether lipid metabolism,KEGG_2021_Human,-0.6824975226282606,Downregulated,0.9887490811533716,14/43,29.00%
Ceramide Biosynthetic Process (GO:0046513),GO_Biological_Process_2025,-0.6825823450528342,Downregulated,0.9890254730295038,7/40,18.12%
Positive Regulation by Host of Viral Transcription (GO:0043923),GO_Biological_Process_2025,-0.6825922600172684,Downregulated,0.9893659623387112,4/17,19.27%
Protein Heterooligomerization (GO:0051291),GO_Biological_Process_2025,-0.6827992334562135,Downregulated,0.9895641201759038,4/19,14.15%
Regulation of Membrane Depolarization (GO:0003254),GO_Biological_Process_2025,-0.6829660481238412,Downregulated,0.989791025768641,1/19,0.24%
KCNQ2 Related Epilepsies WP5360,WikiPathways_2024_Human,-0.683348488501052,Downregulated,0.9898653191749442,6/17,22.22%
Regulation of Receptor Signaling Pathway via STAT (GO:1904892),GO_Biological_Process_2025,-0.6837608618141212,Downregulated,0.989919877540232,5/19,18.11%
Kinesins R-HSA-983189,Reactome_2022,-0.6842523043656789,Downregulated,0.9899066682887538,8/37,22.11%
Regulation of Long-Term Synaptic Potentiation (GO:1900271),GO_Biological_Process_2025,-0.684545201175826,Downregulated,0.99004216999531,4/26,10.26%
Regulation Of Actin Cytoskeleton WP51,WikiPathways_2024_Human,-0.6849322822036613,Downregulated,0.9900997985147854,31/137,23.36%
Metabolism Of Amino Acids And Derivatives R-HSA-71291,Reactome_2022,-0.6865113142644824,Downregulated,0.9892611442120992,101/302,33.18%
methyl-CpG Binding (GO:0008327),GO_Molecular_Function_2025,-0.6873484106822795,Downregulated,0.9889621596225656,4/19,14.72%
Positive Regulation of Growth (GO:0045927),GO_Biological_Process_2025,-0.6892396671288243,Downregulated,0.9878183237222694,17/71,22.26%
Protein K63-linked Ubiquitination (GO:0070534),GO_Biological_Process_2025,-0.6912951434126594,Downregulated,0.9865386255054026,10/49,19.00%
Nucleoside Phosphate Metabolic Process (GO:0006753),GO_Biological_Process_2025,-0.6920198661574646,Downregulated,0.986310981040898,5/26,21.63%
Polo-like Kinase Mediated Events R-HSA-156711,Reactome_2022,-0.6923749202089984,Downregulated,0.9863944442386338,4/15,13.39%
Propanoate metabolism,KEGG_2021_Human,-0.6928722153936947,Downregulated,0.9863237559415028,3/30,9.28%
PI3K Events In ERBB2 Signaling R-HSA-1963642,Reactome_2022,-0.6936791705226806,Downregulated,0.9860036579058642,2/15,11.02%
FRS-mediated FGFR4 Signaling R-HSA-5654712,Reactome_2022,-0.6953526541370135,Downregulated,0.98497008162071,5/17,21.18%
Organic Cation Transport (GO:0015695),GO_Biological_Process_2025,-0.6956357410318759,Downregulated,0.9850933682667176,16/57,23.93%
FGFR3 Signal Chondrocyte Proliferation Terminal Differentiation WP4767,WikiPathways_2024_Human,-0.6962354563742176,Downregulated,0.9849510402281028,8/27,26.17%
Cellular Response to Peptide Hormone Stimulus (GO:0071375),GO_Biological_Process_2025,-0.696435211255493,Downregulated,0.9851319682890356,22/82,23.16%
Disorders Of Transmembrane Transporters R-HSA-5619115,Reactome_2022,-0.6968571272124658,Downregulated,0.9851224981574312,25/155,19.47%
Influenza Infection R-HSA-168255,Reactome_2022,-0.697324960316985,Downregulated,0.9850965031939336,42/125,33.35%
Condensed Chromosome (GO:0000793),GO_Cellular_Component_2025,-0.6974412290068603,Downregulated,0.9853535158689282,23/52,36.61%
Regulation of Endocytosis (GO:0030100),GO_Biological_Process_2025,-0.6982635068510866,Downregulated,0.9849957161863376,12/62,18.78%
Pre-NOTCH Processing In Golgi R-HSA-1912420,Reactome_2022,-0.6987906091973988,Downregulated,0.9848920580849896,5/17,21.83%
Ubiquitin Protein Ligase Binding (GO:0031625),GO_Molecular_Function_2025,-0.699188149248341,Downregulated,0.9848990276427968,65/252,28.03%
Positive Regulation of Organelle Organization (GO:0010638),GO_Biological_Process_2025,-0.6991993308133224,Downregulated,0.9852403449453776,15/79,17.34%
"mRNA Activation Upon Binding Of Cap-Binding Complex And eIFs, Subsequent Binding To 43S R-HSA-72662",Reactome_2022,-0.6995279270877063,Downregulated,0.9853094117882532,15/47,32.21%
Neuroinflammation And Glutamatergic Signaling WP5083,WikiPathways_2024_Human,-0.7007433174013052,Downregulated,0.9845866596127392,23/129,20.82%
Positive Regulation of Collagen Biosynthetic Process (GO:0032967),GO_Biological_Process_2025,-0.7009622519231961,Downregulated,0.9847545089402404,2/16,9.64%
Intrinsic Pathway For Apoptosis R-HSA-109606,Reactome_2022,-0.7013941545554397,Downregulated,0.9847015317071536,17/52,30.29%
Negative Regulation of Neurogenesis (GO:0050768),GO_Biological_Process_2025,-0.7017662520284569,Downregulated,0.9847356514133766,8/24,27.24%
Sphingolipid Pathway WP1422,WikiPathways_2024_Human,-0.702490696341585,Downregulated,0.9844462197833094,6/29,20.68%
Cytoplasmic Ribosomal Proteins WP477,WikiPathways_2024_Human,-0.7027247430133552,Downregulated,0.984589162332412,25/65,34.89%
Epithelial Cilium Movement Involved in Extracellular Fluid Movement (GO:0003351),GO_Biological_Process_2025,-0.7034462382605695,Downregulated,0.9842862821488012,7/19,25.77%
Large Ribosomal Subunit (GO:0015934),GO_Cellular_Component_2025,-0.7036514103828191,Downregulated,0.9844582138440968,15/35,34.56%
SARS CoV 2 Nsp1 Inhibits Translation Initiation In Host Cell WP5027,WikiPathways_2024_Human,-0.7038510603625805,Downregulated,0.9846289905441592,15/15,75.52%
Glycosaminoglycan biosynthesis,KEGG_2021_Human,-0.7039493304908678,Downregulated,0.9848965806672104,9/50,16.40%
NOTCH3 Activation And Transmission Of Signal To Nucleus R-HSA-9013507,Reactome_2022,-0.7046071963575969,Downregulated,0.9846428067789128,6/25,22.10%
Vif-mediated Degradation Of APOBEC3G R-HSA-180585,Reactome_2022,-0.7048772527465216,Downregulated,0.9847596970040492,19/50,34.56%
Regulation of Osteoblast Differentiation (GO:0045667),GO_Biological_Process_2025,-0.7048929086728192,Downregulated,0.985094992788482,20/88,21.18%
Motile Cilium Assembly (GO:0044458),GO_Biological_Process_2025,-0.7050519992421683,Downregulated,0.985300426120422,5/17,25.77%
Mitochondrial Membrane Organization (GO:0007006),GO_Biological_Process_2025,-0.7055619070527887,Downregulated,0.9851949309227876,5/32,13.85%
Viral mRNA Translation R-HSA-192823,Reactome_2022,-0.7060778097078435,Downregulated,0.9850786887472576,23/64,33.18%
Regulation of Hippo Signaling (GO:0035330),GO_Biological_Process_2025,-0.7067957699397857,Downregulated,0.9847907017254636,10/36,24.95%
B-WICH Complex Positively Regulates rRNA Expression R-HSA-5250924,Reactome_2022,-0.7068952214815379,Downregulated,0.9850394642326202,11/37,23.38%
Transmembrane Receptor Protein Kinase Activity (GO:0019199),GO_Molecular_Function_2025,-0.7075360298175096,Downregulated,0.9848256119058804,11/36,21.27%
Peptide Chain Elongation R-HSA-156902,Reactome_2022,-0.7079255746682235,Downregulated,0.9848095287382012,23/60,33.18%
Golgi Cisterna Membrane (GO:0032580),GO_Cellular_Component_2025,-0.7081542943974909,Downregulated,0.984950801983475,24/26,59.20%
PI-3K cascade:FGFR4 R-HSA-5654720,Reactome_2022,-0.7087805346256826,Downregulated,0.9846725210196672,3/16,11.02%
Regulation of Toll-Like Receptor 4 Signaling Pathway (GO:0034143),GO_Biological_Process_2025,-0.7091578174486164,Downregulated,0.984681614051612,7/27,23.35%
Adherens junction,KEGG_2021_Human,-0.7093792681717357,Downregulated,0.9848461100295464,16/70,23.26%
G1/S-Specific Transcription R-HSA-69205,Reactome_2022,-0.7097533665442145,Downregulated,0.9848240100122254,6/28,16.30%
Constitutive Signaling By NOTCH1 HD+PEST Domain Mutants R-HSA-2894862,Reactome_2022,-0.7103443892907422,Downregulated,0.9846348197190924,17/57,26.22%
Activation Of NMDA Receptors And Postsynaptic Events R-HSA-442755,Reactome_2022,-0.7111433044035397,Downregulated,0.9842547893248166,6/67,6.70%
TP53 Regulates Transcription Of Cell Cycle Genes R-HSA-6791312,Reactome_2022,-0.7111851798819744,Downregulated,0.984569414242732,14/47,28.84%
Proteoglycan Biosynthetic Process (GO:0030166),GO_Biological_Process_2025,-0.7117840397559232,Downregulated,0.984352053467352,3/42,2.62%
RNA Polymerase III Transcription Initiation From Type 3 Promoter R-HSA-76071,Reactome_2022,-0.713623923579009,Downregulated,0.9829732049611812,9/25,26.40%
Transcriptional Regulation By Small RNAs R-HSA-5578749,Reactome_2022,-0.7140554255598426,Downregulated,0.9829014605896508,5/52,8.55%
Intracellularly Calcium-Gated Chloride Channel Activity (GO:0005229),GO_Molecular_Function_2025,-0.7149887215125096,Downregulated,0.9823153410115484,5/16,22.20%
Intracellularly Calcium-Gated Channel Activity (GO:0141147),GO_Molecular_Function_2025,-0.7149887215125096,Downregulated,0.9823153410115484,5/16,22.20%
SCF-beta-TrCP Mediated Degradation Of Emi1 R-HSA-174113,Reactome_2022,-0.7152381399653371,Downregulated,0.9827787176717409,20/52,34.56%
Modification-Dependent Protein Catabolic Process (GO:0019941),GO_Biological_Process_2025,-0.7155387408011462,Downregulated,0.9828516366336348,55/197,27.39%
Negative Regulation of Kinase Activity (GO:0033673),GO_Biological_Process_2025,-0.7155859624034248,Downregulated,0.9831589230816188,6/39,13.80%
Transcriptional Regulation By RUNX2 R-HSA-8878166,Reactome_2022,-0.7156815394245366,Downregulated,0.9834186904745456,39/110,34.56%
Glycosylphosphatidylinositol (GPI)-anchor biosynthesis,KEGG_2021_Human,-0.7157107555992271,Downregulated,0.9837483444735156,6/25,22.23%
Formation Of A Pool Of Free 40S Subunits R-HSA-72689,Reactome_2022,-0.71605522408766,Downregulated,0.9837717909018744,25/72,33.18%
Regulation of Cellular Component Organization (GO:0051128),GO_Biological_Process_2025,-0.7161701925458682,Downregulated,0.9840045039187494,50/143,30.02%
Transcription Corepressor Binding (GO:0001222),GO_Molecular_Function_2025,-0.7164174649301135,Downregulated,0.9841129093462626,7/43,14.18%
Mitotic Nuclear Division (GO:0140014),GO_Biological_Process_2025,-0.7169455698886874,Downregulated,0.9839335749529782,11/45,22.08%
Gastric cancer,KEGG_2021_Human,-0.7183636535688515,Downregulated,0.982853278630939,18/126,14.33%
IGF1R Signaling Cascade R-HSA-2428924,Reactome_2022,-0.7184515839268981,Downregulated,0.98312523309391,11/43,21.18%
FOXO-mediated Transcription Of Cell Cycle Genes R-HSA-9617828,Reactome_2022,-0.7186952197013862,Downregulated,0.9832244198542336,3/15,17.93%
Semaphorin Receptor Binding (GO:0030215),GO_Molecular_Function_2025,-0.7188680290708453,Downregulated,0.983393147567612,2/21,5.47%
Melanoma,KEGG_2021_Human,-0.7193739409892614,Downregulated,0.9832585523086704,12/62,19.34%
Physico Chemical Features And Toxicity Associated Pathways WP3680,WikiPathways_2024_Human,-0.7197642772922075,Downregulated,0.9832002881921466,8/61,11.02%
Regulation of Neurogenesis (GO:0050767),GO_Biological_Process_2025,-0.7199875131872613,Downregulated,0.983323834784712,6/59,8.66%
Neuropeptide Hormone Activity (GO:0005184),GO_Molecular_Function_2025,-0.7211002485319333,Downregulated,0.9825447919594104,6/15,30.20%
Neuropeptide Activity (GO:0160041),GO_Molecular_Function_2025,-0.7211002485319333,Downregulated,0.9825447919594104,6/15,30.20%
Signaling By NOTCH R-HSA-157118,Reactome_2022,-0.7212605096499256,Downregulated,0.9830805376537528,43/177,24.99%
p75NTR Signals Via NF-kB R-HSA-193639,Reactome_2022,-0.7216108628058572,Downregulated,0.9830696875148436,5/16,26.60%
FBXL7 Down-Regulates AURKA During Mitotic Entry And In Early Mitosis R-HSA-8854050,Reactome_2022,-0.7221794300456768,Downregulated,0.9828325087174729,20/52,35.72%
Negative Regulation of Neuron Differentiation (GO:0045665),GO_Biological_Process_2025,-0.7230404187408986,Downregulated,0.9822869388580966,3/16,12.18%
Poly-Purine Tract Binding (GO:0070717),GO_Molecular_Function_2025,-0.7232673997540894,Downregulated,0.9823888154265767,8/24,25.16%
Antigen Processing and Presentation of Peptide Antigen via MHC Class I (GO:0002474),GO_Biological_Process_2025,-0.7233738958902166,Downregulated,0.9826367562018052,7/18,27.93%
SAGA-type Complex (GO:0070461),GO_Cellular_Component_2025,-0.7237809500876065,Downregulated,0.982565488170206,8/36,23.38%
Serotonin Receptor 2 And ELK SRF GATA4 Signaling WP732,WikiPathways_2024_Human,-0.7244330958652838,Downregulated,0.982217149199456,6/19,25.35%
Transport Across Blood-Brain Barrier (GO:0150104),GO_Biological_Process_2025,-0.7249345885818306,Downregulated,0.9820402937900156,21/81,23.93%
Formation Of RNA Pol II Elongation Complex R-HSA-112382,Reactome_2022,-0.7252945128221387,Downregulated,0.9820181889950876,25/57,33.35%
Female Gamete Generation (GO:0007292),GO_Biological_Process_2025,-0.7258038443997896,Downregulated,0.9818259433355168,8/31,18.24%
Positive Regulation of Nervous System Process (GO:0031646),GO_Biological_Process_2025,-0.7266745334306045,Downregulated,0.9812293649996976,5/19,18.15%
MFAP5 Effect On Permeability And Motility Of Endothelial Cells WP4560,WikiPathways_2024_Human,-0.7270875256741488,Downregulated,0.9811635109637202,4/18,15.53%
Folate biosynthesis,KEGG_2021_Human,-0.7289828458480675,Downregulated,0.9795026887088136,4/20,16.09%
Regulation Of Activated PAK-2p34 By Proteasome Mediated Degradation R-HSA-211733,Reactome_2022,-0.7290392493387451,Downregulated,0.9798003732093092,18/47,34.56%
Regulation of DNA Replication (GO:0006275),GO_Biological_Process_2025,-0.729205207153629,Downregulated,0.979970883387974,10/70,11.09%
Sulfur Compound Transport (GO:0072348),GO_Biological_Process_2025,-0.7292199565797921,Downregulated,0.9803111437013262,6/22,18.29%
Chemokine Activity (GO:0008009),GO_Molecular_Function_2025,-0.7298602730197287,Downregulated,0.9799624579108204,8/26,20.47%
G1/S DNA Damage Checkpoints R-HSA-69615,Reactome_2022,-0.7299061493533251,Downregulated,0.9802720596713376,24/64,34.56%
Eukaryotic Translation Elongation R-HSA-156842,Reactome_2022,-0.7302737361664303,Downregulated,0.980239216194064,26/64,33.18%
cAMP Binding (GO:0030552),GO_Molecular_Function_2025,-0.7302850339836605,Downregulated,0.980580505442495,7/16,33.51%
Regulation of Lamellipodium Assembly (GO:0010591),GO_Biological_Process_2025,-0.7318611954309565,Downregulated,0.9792035201863112,15/28,37.59%
Oxidative Damage Response WP3941,WikiPathways_2024_Human,-0.7321900897735576,Downregulated,0.9791898664339238,13/40,24.25%
Protein Tyrosine/Serine/Threonine Phosphatase Activity (GO:0008138),GO_Molecular_Function_2025,-0.7323282541502699,Downregulated,0.9793824537755458,5/19,21.96%
NOTCH1 Intracellular Domain Regulates Transcription R-HSA-2122947,Reactome_2022,-0.7324097537155876,Downregulated,0.9796484644923308,16/47,26.88%
Regulation of Microtubule-Based Process (GO:0032886),GO_Biological_Process_2025,-0.7329338226143964,Downregulated,0.9794207019784236,15/41,31.91%
Chronic Hyperglycemia Impairment Of Neuron Function WP5283,WikiPathways_2024_Human,-0.7330356442299693,Downregulated,0.9796677136719604,12/39,26.73%
IRS-mediated Signaling R-HSA-112399,Reactome_2022,-0.7336256980834578,Downregulated,0.9793633719074032,10/39,21.18%
rRNA Binding (GO:0019843),GO_Molecular_Function_2025,-0.7337173588495456,Downregulated,0.9796184063048544,16/38,33.18%
Epithelial Structure Maintenance (GO:0010669),GO_Biological_Process_2025,-0.7340558220843192,Downregulated,0.9796227864063902,3/16,11.03%
Cellular Response to Radiation (GO:0071478),GO_Biological_Process_2025,-0.7342755517196313,Downregulated,0.9797368979620772,8/37,17.67%
Lumenal Side of Endoplasmic Reticulum Membrane (GO:0098553),GO_Cellular_Component_2025,-0.7343685636024265,Downregulated,0.9799836021934998,12/23,34.13%
Organic Hydroxy Compound Transport (GO:0015850),GO_Biological_Process_2025,-0.73579888788369,Downregulated,0.9787167917363732,14/36,26.64%
Positive Regulation of p38MAPK Cascade (GO:1900745),GO_Biological_Process_2025,-0.7362196675609128,Downregulated,0.978580802197396,1/20,0.82%
Cell Projection Membrane (GO:0031253),GO_Cellular_Component_2025,-0.737407893477696,Downregulated,0.9775025580003204,26/94,25.88%
Protein Serine/Threonine/Tyrosine Kinase Activity (GO:0004712),GO_Molecular_Function_2025,-0.7374760630671271,Downregulated,0.9777755212792112,7/26,20.14%
Protein Kinase A Regulatory Subunit Binding (GO:0034237),GO_Molecular_Function_2025,-0.737873232236533,Downregulated,0.9777030037857548,6/21,23.36%
Ether Lipid Biosynthesis WP5275,WikiPathways_2024_Human,-0.7381797152354951,Downregulated,0.9777141457145636,6/19,18.67%
RHOBTB2 GTPase Cycle R-HSA-9013418,Reactome_2022,-0.7381938153082247,Downregulated,0.9780563228128204,4/23,17.27%
LDL Influence On CD14 And TLR4 WP5272,WikiPathways_2024_Human,-0.7396729639348917,Downregulated,0.976624584990722,5/23,21.20%
Positive Regulation of Establishment of Protein Localization to Mitochondrion (GO:1903749),GO_Biological_Process_2025,-0.7397386892688126,Downregulated,0.976899481934342,5/30,12.80%
"mRNA Cis Splicing, via Spliceosome (GO:0045292)",GO_Biological_Process_2025,-0.7413597190857694,Downregulated,0.9752902582168714,2/19,6.60%
PI3K Akt Signaling WP4172,WikiPathways_2024_Human,-0.7414812401907773,Downregulated,0.9755121763305,57/288,21.34%
Cardiac Ventricle Development (GO:0003231),GO_Biological_Process_2025,-0.7415578381583212,Downregulated,0.9757724723145782,6/19,18.74%
Lysosome Localization (GO:0032418),GO_Biological_Process_2025,-0.7417291545316871,Downregulated,0.975923106349825,14/39,28.00%
Regulation of Lipid Storage (GO:0010883),GO_Biological_Process_2025,-0.7421276893178298,Downregulated,0.9758105460997676,9/24,24.28%
Degradation Of GLI2 By Proteasome R-HSA-5610783,Reactome_2022,-0.7424909913006544,Downregulated,0.9757216488237924,21/56,34.56%
Rac Protein Signal Transduction (GO:0016601),GO_Biological_Process_2025,-0.7425617597149984,Downregulated,0.9760035198635651,8/17,27.25%
Phospholipid Dephosphorylation (GO:0046839),GO_Biological_Process_2025,-0.7434185762721366,Downregulated,0.9753522321567972,9/31,23.10%
Translation Factors WP107,WikiPathways_2024_Human,-0.7438371463759266,Downregulated,0.9752155241241864,14/48,26.40%
Regulation of Fatty Acid Metabolic Process (GO:0019217),GO_Biological_Process_2025,-0.7439411774034449,Downregulated,0.9754380683831818,3/15,10.82%
Retinoblastoma Gene In Cancer WP2446,WikiPathways_2024_Human,-0.7447135977771027,Downregulated,0.9748884999079984,17/85,20.14%
Monocarboxylic Acid Metabolic Process (GO:0032787),GO_Biological_Process_2025,-0.7447684531615413,Downregulated,0.975192618659496,11/95,11.20%
pre-mRNA Binding (GO:0036002),GO_Molecular_Function_2025,-0.7449659189797752,Downregulated,0.9753060646781516,7/31,21.25%
SHC-mediated cascade:FGFR4 R-HSA-5654719,Reactome_2022,-0.745388509306295,Downregulated,0.9751399793971456,5/15,21.18%
Positive Regulation of Phosphorylation (GO:0042327),GO_Biological_Process_2025,-0.7455691927481636,Downregulated,0.9752852557856948,23/86,25.17%
Negative Regulation of B Cell Activation (GO:0050869),GO_Biological_Process_2025,-0.7456178851779947,Downregulated,0.9755829080885632,3/18,8.19%
Unfolded Protein Response WP4925,WikiPathways_2024_Human,-0.7460283061515576,Downregulated,0.9754339604127882,3/23,8.17%
EGFR Tyrosine Kinase Inhibitor Resistance WP4806,WikiPathways_2024_Human,-0.7467821258994847,Downregulated,0.97488031971556,19/81,22.87%
Actin Filament Polymerization (GO:0030041),GO_Biological_Process_2025,-0.7479439329329729,Downregulated,0.9737766114620584,9/24,30.34%
IL19 Signaling WP5422,WikiPathways_2024_Human,-0.7484816676565504,Downregulated,0.9734906917637364,7/26,22.04%
Gated Channel Activity (GO:0022836),GO_Molecular_Function_2025,-0.7487361996898932,Downregulated,0.9735348649177858,4/15,17.26%
Microtubule Nucleation (GO:0007020),GO_Biological_Process_2025,-0.7488242593838671,Downregulated,0.973788296568389,8/25,22.88%
RHOV GTPase Cycle R-HSA-9013424,Reactome_2022,-0.7490790536863963,Downregulated,0.9738078324223182,9/36,21.52%
GSK3B And BTRC:CUL1-mediated-degradation Of NFE2L2 R-HSA-9762114,Reactome_2022,-0.7494378315862636,Downregulated,0.973721143062216,19/50,34.56%
Positive Regulation of Excitatory Postsynaptic Potential (GO:2000463),GO_Biological_Process_2025,-0.7494810348669071,Downregulated,0.9740347071075278,4/20,11.73%
Formation Of Cornified Envelope R-HSA-6809371,Reactome_2022,-0.7498977808197151,Downregulated,0.9739134840903734,11/28,26.71%
Positive Regulation of Cartilage Development (GO:0061036),GO_Biological_Process_2025,-0.7501727689961646,Downregulated,0.9739242321331144,3/16,12.18%
Clathrin Coat (GO:0030118),GO_Cellular_Component_2025,-0.7503104199219628,Downregulated,0.9740999037770844,4/16,19.62%
Phosphatidic Acid Biosynthetic Process (GO:0006654),GO_Biological_Process_2025,-0.7506441977516274,Downregulated,0.9740180403431554,5/30,7.18%
Negative Regulation of Receptor Signaling Pathway via JAK-STAT (GO:0046426),GO_Biological_Process_2025,-0.7508609779097688,Downregulated,0.9741091398629226,2/15,4.72%
Regulation of Protein-Containing Complex Disassembly (GO:0043244),GO_Biological_Process_2025,-0.7516842368369259,Downregulated,0.9734041027180848,17/17,74.66%
Signaling By PDGFR In Disease R-HSA-9671555,Reactome_2022,-0.7518630029730177,Downregulated,0.9735176849499598,7/17,31.36%
Protein Localization to Nucleus (GO:0034504),GO_Biological_Process_2025,-0.7519146253278455,Downregulated,0.9738094535586752,41/118,31.61%
Regulation of Chromosome Segregation (GO:0051983),GO_Biological_Process_2025,-0.7527880303187665,Downregulated,0.9730013281593456,1/23,0.12%
Nuclear Steroid Receptor Activity (GO:0003707),GO_Molecular_Function_2025,-0.7531228681045109,Downregulated,0.9729530985166162,4/16,18.73%
NIK To Noncanonical NF-kB Signaling R-HSA-5676590,Reactome_2022,-0.753138218230378,Downregulated,0.9732947823171784,21/56,34.56%
Apical Junction Complex (GO:0043296),GO_Cellular_Component_2025,-0.7543738250063862,Downregulated,0.9720629988178668,18/91,16.23%
Degradation Of Beta-Catenin By Destruction Complex R-HSA-195253,Reactome_2022,-0.7544707243274534,Downregulated,0.9722951428780576,31/81,35.16%
Keratinization R-HSA-6805567,Reactome_2022,-0.7548847960386763,Downregulated,0.9721143730943248,14/44,24.71%
Cytosolic DNA Sensing Pathway WP4655,WikiPathways_2024_Human,-0.7552200925751742,Downregulated,0.9720238650525064,18/55,24.90%
Signaling By NTRK2 (TRKB) R-HSA-9006115,Reactome_2022,-0.7553946043937984,Downregulated,0.972153350801113,5/21,15.34%
Syntaxin Binding (GO:0019905),GO_Molecular_Function_2025,-0.7558055547113238,Downregulated,0.9719540551419088,12/43,19.33%
GNAQ Pathways In Port Wine Stain WP5437,WikiPathways_2024_Human,-0.7558386668886108,Downregulated,0.9722704016359328,5/20,19.60%
Collagen Catabolic Process (GO:0030574),GO_Biological_Process_2025,-0.7558541433523863,Downregulated,0.9726168637767356,2/24,3.58%
RNA Polymerase III Abortive And Retractive Initiation R-HSA-749476,Reactome_2022,-0.7565056181174087,Downregulated,0.9720668577243692,13/36,26.40%
Regulation of Rac Protein Signal Transduction (GO:0035020),GO_Biological_Process_2025,-0.7565416263256459,Downregulated,0.9723809226333424,5/19,20.09%
Translesion Synthesis By POLK R-HSA-5655862,Reactome_2022,-0.7567053055154921,Downregulated,0.9725402984013884,5/17,17.72%
Regulation of Macroautophagy (GO:0016241),GO_Biological_Process_2025,-0.7572970106971815,Downregulated,0.9720995191998392,43/102,33.93%
Translation Initiation Complex Formation R-HSA-72649,Reactome_2022,-0.7573973697146519,Downregulated,0.9723116312341455,15/46,32.21%
Golgi to Plasma Membrane Transport (GO:0006893),GO_Biological_Process_2025,-0.7576400353708661,Downregulated,0.9723576303551624,14/54,25.62%
Amino Acid Transport (GO:0006865),GO_Biological_Process_2025,-0.7577004910834363,Downregulated,0.9726424330680624,11/39,23.93%
beta-Alanine metabolism,KEGG_2021_Human,-0.7581375917848521,Downregulated,0.9723902408384262,2/27,1.54%
Neutral Amino Acid Transport (GO:0015804),GO_Biological_Process_2025,-0.7585612022731306,Downregulated,0.9721848440410944,4/33,8.45%
Pathways in cancer,KEGG_2021_Human,-0.7588883583651348,Downregulated,0.972101945590729,85/465,19.75%
GABA Receptor Signaling WP4159,WikiPathways_2024_Human,-0.7595785378785582,Downregulated,0.9715510309896132,2/21,4.88%
Notch Signaling WP61,WikiPathways_2024_Human,-0.7597238508999048,Downregulated,0.9717097372171856,14/50,20.45%
Ribosomal Scanning And Start Codon Recognition R-HSA-72702,Reactome_2022,-0.7597489233358997,Downregulated,0.9720397512788356,15/47,32.21%
Negative Regulation of Protein Phosphorylation (GO:0001933),GO_Biological_Process_2025,-0.7602615396406216,Downregulated,0.971689483503153,14/78,17.47%
Transcription Factor Regulation In Adipogenesis WP3599,WikiPathways_2024_Human,-0.7608755766890984,Downregulated,0.9712142771302046,6/22,17.93%
Histone Acetyltransferase Binding (GO:0035035),GO_Molecular_Function_2025,-0.7614469289318048,Downregulated,0.9708037674672834,4/15,16.22%
Negative Regulation of Reactive Oxygen Species Metabolic Process (GO:2000378),GO_Biological_Process_2025,-0.7615546150614687,Downregulated,0.971018143636429,6/16,26.33%
snoRNA Binding (GO:0030515),GO_Molecular_Function_2025,-0.7617013153633783,Downregulated,0.9711846399309484,10/30,35.49%
"Nuclear-Transcribed mRNA Catabolic Process, Nonsense-Mediated Decay (GO:0000184)",GO_Biological_Process_2025,-0.7617235678288226,Downregulated,0.9715169969568308,5/26,13.93%
Melanogenesis,KEGG_2021_Human,-0.762122873490502,Downregulated,0.971361645501857,12/85,13.61%
Regulation of Cellular Response to Transforming Growth Factor Beta Stimulus (GO:1903844),GO_Biological_Process_2025,-0.7623205004049973,Downregulated,0.971455192408578,5/19,16.11%
Regulation of Protein Phosphorylation (GO:0001932),GO_Biological_Process_2025,-0.7631494444936419,Downregulated,0.970653547020304,35/126,25.17%
Fatty Acid Metabolic Process (GO:0006631),GO_Biological_Process_2025,-0.763998344904325,Downregulated,0.969846350601902,28/112,24.38%
Embryonic Stem Cell Pluripotency Pathways WP3931,WikiPathways_2024_Human,-0.7640885955486034,Downregulated,0.9700807308378856,19/101,18.51%
Glycosphingolipid Metabolic Process (GO:0006687),GO_Biological_Process_2025,-0.7649950997591426,Downregulated,0.9691709745151912,9/34,24.11%
Negative Regulation of Platelet Activation (GO:0010544),GO_Biological_Process_2025,-0.7654146806752442,Downregulated,0.9689499913548272,2/15,8.26%
Chloride Channel Activity (GO:0005254),GO_Molecular_Function_2025,-0.7654221604980828,Downregulated,0.9693068352423424,11/53,16.13%
Peptide Hormone Metabolism R-HSA-2980736,Reactome_2022,-0.7657466999401149,Downregulated,0.9691920951745778,13/67,18.22%
Regulation of Cilium Assembly (GO:1902017),GO_Biological_Process_2025,-0.7657662220639934,Downregulated,0.9695312656828716,24/79,27.35%
Positive Regulation of Cation Transmembrane Transport (GO:1904064),GO_Biological_Process_2025,-0.7657901995926023,Downregulated,0.9698643778192504,2/17,3.58%
Host Pathogen Interaction Of Human Coronaviruses MAPK Signaling WP4877,WikiPathways_2024_Human,-0.7661675191586049,Downregulated,0.9696883575612542,8/33,20.59%
Regulation of Mitochondrial Fission (GO:0090140),GO_Biological_Process_2025,-0.7665106700405117,Downregulated,0.9695614017791674,8/25,23.38%
Death Receptor Binding (GO:0005123),GO_Molecular_Function_2025,-0.7665197694172073,Downregulated,0.9699156725524568,2/15,10.65%
Positive Regulation of Endothelial Cell Migration (GO:0010595),GO_Biological_Process_2025,-0.7670069285015811,Downregulated,0.969608029737412,16/84,17.76%
Affected Pathways In Duchenne Muscular Dystrophy WP5356,WikiPathways_2024_Human,-0.7677852545060179,Downregulated,0.9688541655809568,12/65,15.94%
FRS-mediated FGFR1 Signaling R-HSA-5654693,Reactome_2022,-0.7687635996516317,Downregulated,0.967814950261098,3/16,11.02%
ERK Pathway In Huntington 39 S Disease WP3853,WikiPathways_2024_Human,-0.7687746062661621,Downregulated,0.9681686443046742,5/17,17.52%
Signaling By TGFB Family Members R-HSA-9006936,Reactome_2022,-0.7691345343649314,Downregulated,0.9679883500500864,25/114,21.27%
Astrocyte Development (GO:0014002),GO_Biological_Process_2025,-0.7693147043374877,Downregulated,0.9680998121657391,5/15,24.49%
Nucleobase-Containing Small Molecule Metabolic Process (GO:0055086),GO_Biological_Process_2025,-0.7701962180977203,Downregulated,0.9671931952714408,4/17,16.92%
CREB1 Phosphorylation Thru NMDA Receptor-Mediated Activation Of RAS Signaling R-HSA-442742,Reactome_2022,-0.7702081787664227,Downregulated,0.9675403962427652,3/23,6.41%
Regulation Of PTEN Stability And Activity R-HSA-8948751,Reactome_2022,-0.7702487079725401,Downregulated,0.9678398357539636,24/64,34.56%
Proximal Tubule Transport WP4917,WikiPathways_2024_Human,-0.7702784410659357,Downregulated,0.9681630703108964,16/45,26.73%
Signaling By FGFR In Disease R-HSA-1226099,Reactome_2022,-0.7715422929129448,Downregulated,0.9666470869554366,8/55,11.48%
Adipocytokine signaling pathway,KEGG_2021_Human,-0.7715909243282306,Downregulated,0.9669474355195662,14/65,21.87%
Paracetamol ADME R-HSA-9753281,Reactome_2022,-0.7716382970028133,Downregulated,0.9672425669809368,9/21,23.34%
Polyubiquitin Modification-Dependent Protein Binding (GO:0031593),GO_Molecular_Function_2025,-0.7719765186489522,Downregulated,0.967093987775454,19/53,28.69%
Mitochondrion Organization (GO:0007005),GO_Biological_Process_2025,-0.77209742532142,Downregulated,0.9672876820773052,10/127,5.73%
cGMP-mediated Signaling (GO:0019934),GO_Biological_Process_2025,-0.7729891055743486,Downregulated,0.9663204203018269,5/16,21.65%
"Plasma Lipoprotein Assembly, Remodeling, And Clearance R-HSA-174824",Reactome_2022,-0.7734287511174991,Downregulated,0.9660154490385964,19/59,24.88%
GAB1 Signalosome R-HSA-180292,Reactome_2022,-0.7735848486072784,Downregulated,0.9661644023829516,3/17,11.02%
Establishment of Protein Localization to Peroxisome (GO:0072663),GO_Biological_Process_2025,-0.7737880596544238,Downregulated,0.9662320626810484,5/16,18.67%
PI3K Cascade R-HSA-109704,Reactome_2022,-0.7738245142813513,Downregulated,0.9665445412588364,9/36,19.48%
Protein Localization to Cell-Cell Junction (GO:0150105),GO_Biological_Process_2025,-0.7741441836270675,Downregulated,0.9664385380343964,4/15,16.23%
Recycling Endosome (GO:0055037),GO_Cellular_Component_2025,-0.7752585984730708,Downregulated,0.96510905424467,27/144,18.55%
Peroxisomal Lipid Metabolism R-HSA-390918,Reactome_2022,-0.7755469236851791,Downregulated,0.9650119886521944,5/27,12.31%
Nuclear Export (GO:0051168),GO_Biological_Process_2025,-0.7756555344268656,Downregulated,0.9652155782097648,6/45,10.69%
Glycosaminoglycan Synthesis In Fibroblasts WP5395,WikiPathways_2024_Human,-0.7757466842470947,Downregulated,0.9654398350135694,8/38,16.40%
Regulation of p38MAPK Cascade (GO:1900744),GO_Biological_Process_2025,-0.7763241445499586,Downregulated,0.9649716024776158,7/31,26.74%
"Regulation of mRNA Splicing, via Spliceosome (GO:0048024)",GO_Biological_Process_2025,-0.7780809508241422,Downregulated,0.9626057955262972,22/86,25.80%
FRS-mediated FGFR2 Signaling R-HSA-5654700,Reactome_2022,-0.7788513801757997,Downregulated,0.9618080119705218,3/18,11.02%
Regulation of Protein Processing (GO:0070613),GO_Biological_Process_2025,-0.778970681288432,Downregulated,0.9619792673052296,8/18,28.36%
VEGFR2 Mediated Vascular Permeability R-HSA-5218920,Reactome_2022,-0.7795160281915657,Downregulated,0.961518588880444,6/25,18.43%
Transcription Coregulator Binding (GO:0001221),GO_Molecular_Function_2025,-0.7800059879738421,Downregulated,0.9611484753505533,15/96,14.18%
Downstream Signaling Of Activated FGFR4 R-HSA-5654716,Reactome_2022,-0.7802763714533517,Downregulated,0.9610966379745274,4/22,11.02%
HIV Transcription Initiation R-HSA-167161,Reactome_2022,-0.7811694591418773,Downregulated,0.9600951196747276,14/44,25.03%
"Oxidoreductase, Paired Donors, W Incorp or Reduction of O2, NAD(P)H as One Donor, and Incorp of O (GO:0016709)",GO_Molecular_Function_2025,-0.7817242114501702,Downregulated,0.9595904785515338,3/21,11.17%
Protein Serine/Threonine Kinase Inhibitor Activity (GO:0030291),GO_Molecular_Function_2025,-0.7821305696940997,Downregulated,0.959342604304571,8/43,15.38%
Regulation of Myotube Differentiation (GO:0010830),GO_Biological_Process_2025,-0.7824736690414752,Downregulated,0.9591769340191546,5/21,14.18%
Maturation of SSU-rRNA (GO:0030490),GO_Biological_Process_2025,-0.7829039651374727,Downregulated,0.9588650610567612,14/36,31.96%
Endometrial cancer,KEGG_2021_Human,-0.7838070800977637,Downregulated,0.9577700677135172,11/56,17.77%
Spindle Microtubule (GO:0005876),GO_Cellular_Component_2025,-0.783879776894377,Downregulated,0.9580238370223394,15/68,22.11%
Regulation of Erythrocyte Differentiation (GO:0045646),GO_Biological_Process_2025,-0.783898414401435,Downregulated,0.9583685728733748,10/35,19.34%
NAD+ poly-ADP-ribosyltransferase Activity (GO:0003950),GO_Molecular_Function_2025,-0.7841278762313132,Downregulated,0.9583760285729432,14/25,31.70%
15Q25 Copy Number Variation WP5408,WikiPathways_2024_Human,-0.7841853592643153,Downregulated,0.9586468390051984,11/41,19.54%
Gastrin-CREB Signaling Pathway Via PKC And MAPK R-HSA-881907,Reactome_2022,-0.7842581279585944,Downregulated,0.9589031701617544,6/15,26.92%
Negative Regulation of Cold-Induced Thermogenesis (GO:0120163),GO_Biological_Process_2025,-0.7843019504316122,Downregulated,0.9592088269999436,8/46,12.20%
Transcription Factor TFTC Complex (GO:0033276),GO_Cellular_Component_2025,-0.7847421211724074,Downregulated,0.95888268773223,2/17,7.12%
Ubiquitin-Like Protein Ligase Binding (GO:0044389),GO_Molecular_Function_2025,-0.785024782810009,Downregulated,0.9588149970622286,73/266,28.03%
Vascular Transport (GO:0010232),GO_Biological_Process_2025,-0.7853117937561165,Downregulated,0.9587228914384692,21/79,23.93%
Protein Autoubiquitination (GO:0051865),GO_Biological_Process_2025,-0.7873617677374333,Downregulated,0.955861930787124,17/60,23.92%
SARS CoV 2 Innate Immunity Evasion And Cell Immune Response WP5039,WikiPathways_2024_Human,-0.7873871033388977,Downregulated,0.9561959876983216,22/57,31.40%
Regulation of Vesicle-Mediated Transport (GO:0060627),GO_Biological_Process_2025,-0.7875512857990417,Downregulated,0.9563167649713704,18/76,19.83%
TGF-beta Receptor Signaling In EMT (Epithelial To Mesenchymal Transition) R-HSA-2173791,Reactome_2022,-0.7875922464305354,Downregulated,0.9566245517560612,5/16,20.28%
Defense Response to Gram-negative Bacterium (GO:0050829),GO_Biological_Process_2025,-0.7879289270076443,Downregulated,0.9564448395374716,19/47,28.61%
Regulation of Protein Binding (GO:0043393),GO_Biological_Process_2025,-0.78817454305954,Downregulated,0.9564202583270708,23/73,25.03%
Regulation of Smooth Muscle Cell Migration (GO:0014910),GO_Biological_Process_2025,-0.7882236221083508,Downregulated,0.9567247534741417,3/19,7.26%
Glycoprotein Catabolic Process (GO:0006516),GO_Biological_Process_2025,-0.7884457070950774,Downregulated,0.9567150162748632,6/17,24.11%
Positive Regulation of Cell Cycle Process (GO:0090068),GO_Biological_Process_2025,-0.788810614716934,Downregulated,0.9564852442011392,19/103,16.09%
Small Ribosomal Subunit (GO:0015935),GO_Cellular_Component_2025,-0.788947620572308,Downregulated,0.956636915026433,12/31,28.65%
Regulation of Myelination (GO:0031641),GO_Biological_Process_2025,-0.7893017481579472,Downregulated,0.9564350948385736,7/26,18.15%
Regulation of Metabolic Process (GO:0019222),GO_Biological_Process_2025,-0.7896119083061418,Downregulated,0.9562977718680769,10/42,19.17%
"Regulation of Alternative mRNA Splicing, via Spliceosome (GO:0000381)",GO_Biological_Process_2025,-0.7896971421879956,Downregulated,0.9565211538553984,9/50,14.11%
Positive Regulation of Extrinsic Apoptotic Signaling Pathway (GO:2001238),GO_Biological_Process_2025,-0.7904172462199355,Downregulated,0.9556803436809918,7/36,12.80%
Lipase Activity (GO:0016298),GO_Molecular_Function_2025,-0.7923516889884108,Downregulated,0.952811046529115,5/38,7.10%
Regulation Of RUNX3 Expression And Activity R-HSA-8941858,Reactome_2022,-0.792472654909668,Downregulated,0.952975061590919,21/52,35.53%
Lysosomal Lumen Acidification (GO:0007042),GO_Biological_Process_2025,-0.7926517443931994,Downregulated,0.953060081706924,4/17,14.83%
"Base-Excision Repair, AP Site Formation R-HSA-73929",Reactome_2022,-0.7929261619381317,Downregulated,0.9529581641475672,4/25,8.98%
Mitotic Spindle Microtubule (GO:1990498),GO_Cellular_Component_2025,-0.7930636858048156,Downregulated,0.9531048304131916,2/15,9.87%
Signaling By FGFR2 R-HSA-5654738,Reactome_2022,-0.7937454065979184,Downregulated,0.9523283760632842,10/65,12.39%
Endometrial Cancer WP4155,WikiPathways_2024_Human,-0.7943393681438989,Downregulated,0.9516815404811636,12/61,17.77%
Regulation of Intracellular Steroid Hormone Receptor Signaling Pathway (GO:0033143),GO_Biological_Process_2025,-0.794380670956328,Downregulated,0.9519785516757896,6/22,14.67%
Cilium Organization (GO:0044782),GO_Biological_Process_2025,-0.7943855050393107,Downregulated,0.9523407220234724,69/221,30.56%
Fat Cell Differentiation (GO:0045444),GO_Biological_Process_2025,-0.7950150230199731,Downregulated,0.951652774235846,15/63,21.09%
Microvillus (GO:0005902),GO_Cellular_Component_2025,-0.7962887134483001,Downregulated,0.9498591817667656,19/50,29.94%
Neuron Maturation (GO:0042551),GO_Biological_Process_2025,-0.7966233957079512,Downregulated,0.9496554125457496,6/15,28.46%
Macrophage Stimulating Protein MSP Signaling WP5353,WikiPathways_2024_Human,-0.7967042773365907,Downregulated,0.949894615896244,18/94,18.51%
Acetylcholine Receptor Signaling Pathway (GO:0095500),GO_Biological_Process_2025,-0.7970976221624954,Downregulated,0.9496233237746876,5/22,15.34%
Positive Regulation of Release of Sequestered Calcium Ion Into Cytosol (GO:0051281),GO_Biological_Process_2025,-0.7971676037598536,Downregulated,0.9498706031866916,5/33,6.56%
"Glutamate Binding, Activation Of AMPA Receptors And Synaptic Plasticity R-HSA-399721",Reactome_2022,-0.7974819010874402,Downregulated,0.9497107002576188,3/28,6.29%
Regulation of Calcium Ion Transmembrane Transport (GO:1903169),GO_Biological_Process_2025,-0.7981617226261386,Downregulated,0.9489323950177838,6/24,15.40%
RNA Polymerase I Promoter Escape R-HSA-73772,Reactome_2022,-0.7983033790216258,Downregulated,0.9490698595022103,9/38,18.65%
TCF Dependent Signaling In Response To WNT R-HSA-201681,Reactome_2022,-0.7988089640266182,Downregulated,0.9485677205295928,26/166,16.77%
Cytochrome P450 - Arranged By Substrate Type R-HSA-211897,Reactome_2022,-0.798950652843354,Downregulated,0.9486939717330533,11/43,20.84%
Regulation of Organelle Organization (GO:0033043),GO_Biological_Process_2025,-0.7990479273306939,Downregulated,0.9488906790464028,16/94,16.12%
Oligosaccharide Metabolic Process (GO:0009311),GO_Biological_Process_2025,-0.7999124934307759,Downregulated,0.9477856472012932,12/36,27.31%
MHC Protein Binding (GO:0042287),GO_Molecular_Function_2025,-0.8005246345031596,Downregulated,0.9471064261403496,5/20,13.53%
SUMOylation Of Intracellular Receptors R-HSA-4090294,Reactome_2022,-0.8012636907139217,Downregulated,0.946208824197778,10/28,27.29%
Focal Adhesion PI3K Akt mTOR Signaling WP3932,WikiPathways_2024_Human,-0.8016191723180507,Downregulated,0.9459783301995036,46/277,17.14%
Transcription Coactivator Binding (GO:0001223),GO_Molecular_Function_2025,-0.8021838088055528,Downregulated,0.9453582994728666,4/35,5.57%
Establishment of Protein Localization to Plasma Membrane (GO:0061951),GO_Biological_Process_2025,-0.8025848560937353,Downregulated,0.9450194078261188,6/41,11.00%
Osteoblast Differentiation And Related Diseases WP4787,WikiPathways_2024_Human,-0.8027960828269046,Downregulated,0.9450227232412596,20/101,18.76%
Response to Amino Acid (GO:0043200),GO_Biological_Process_2025,-0.8028138121385948,Downregulated,0.9453602336632614,7/30,16.48%
mRNA Transcription by RNA Polymerase II (GO:0042789),GO_Biological_Process_2025,-0.803065864482205,Downregulated,0.9452968202974492,17/37,33.40%
"GPCR Sgnlng Pway, Coupled to Cyclic Nucleotide Second Messenger (GO:0007187)",GO_Biological_Process_2025,-0.8036270441690821,Downregulated,0.944674375090222,11/29,29.25%
Negative Regulation of Endocytosis (GO:0045806),GO_Biological_Process_2025,-0.8039812497685249,Downregulated,0.9444141045313972,11/32,25.99%
Protein Quality Control for Misfolded or Incompletely Synthesized Proteins (GO:0006515),GO_Biological_Process_2025,-0.8045802378157659,Downregulated,0.9437206065428811,12/25,30.86%
Signaling By NOTCH1 R-HSA-1980143,Reactome_2022,-0.8049790122619149,Downregulated,0.9433829547377716,23/72,26.88%
Plasma Membrane Raft (GO:0044853),GO_Cellular_Component_2025,-0.8050042721774431,Downregulated,0.9437056240632956,24/78,23.36%
Neural Crest Cell Differentiation (GO:0014033),GO_Biological_Process_2025,-0.8051307144361785,Downregulated,0.9438574765903428,5/16,21.32%
Transferrin Endocytosis And Recycling R-HSA-917977,Reactome_2022,-0.8051741217880142,Downregulated,0.944159485855302,8/30,20.04%
Chemoattractant Activity (GO:0042056),GO_Molecular_Function_2025,-0.8053868680109633,Downregulated,0.944147936447114,2/26,2.72%
snRNA Binding (GO:0017069),GO_Molecular_Function_2025,-0.8054352806498386,Downregulated,0.9444277733144206,9/40,21.25%
Legionellosis,KEGG_2021_Human,-0.8058777202473979,Downregulated,0.943997128246984,16/49,24.92%
Heparan Sulfate Proteoglycan Metabolic Process (GO:0030201),GO_Biological_Process_2025,-0.8062379561398891,Downregulated,0.9437201751687736,10/21,29.56%
2Q11 2 Copy Number Variation Syndrome WP5221,WikiPathways_2024_Human,-0.8065959678370573,Downregulated,0.9434519305137808,5/29,12.95%
Negative Regulation of Insulin Secretion (GO:0046676),GO_Biological_Process_2025,-0.8068230720173348,Downregulated,0.9434217514445374,7/15,27.89%
Positive Regulation of Apoptotic Signaling Pathway (GO:2001235),GO_Biological_Process_2025,-0.8071049521469302,Downregulated,0.9432820018617364,26/63,31.85%
Positive Regulation of Protein Metabolic Process (GO:0051247),GO_Biological_Process_2025,-0.8071616541739824,Downregulated,0.943541463382319,68/188,31.11%
Influenza Viral RNA Transcription And Replication R-HSA-168273,Reactome_2022,-0.8072818099628367,Downregulated,0.9436816149814566,33/108,29.66%
Chromosome Organization (GO:0051276),GO_Biological_Process_2025,-0.8072921242141385,Downregulated,0.944030873453178,8/33,18.98%
NRF2 ARE Regulation WP4357,WikiPathways_2024_Human,-0.807391503328129,Downregulated,0.9442363120536073,5/22,16.09%
Insulin Receptor Signaling Cascade R-HSA-74751,Reactome_2022,-0.8076346225240209,Downregulated,0.9441672706483198,12/44,21.18%
Positive Regulation of Locomotion (GO:0040017),GO_Biological_Process_2025,-0.8078838966358435,Downregulated,0.9440845080250868,11/27,31.36%
Axonemal Dynein Complex Assembly (GO:0070286),GO_Biological_Process_2025,-0.808352728378402,Downregulated,0.9436080151231846,9/32,24.83%
4 Hydroxytamoxifen DEX And Retinoic Acids Regulation Of P27 WP3879,WikiPathways_2024_Human,-0.8086532185303691,Downregulated,0.9434188474700655,6/25,17.31%
Sterol Metabolic Process (GO:0016125),GO_Biological_Process_2025,-0.8088119012116292,Downregulated,0.9434961128766736,12/41,24.48%
Glycoprotein Biosynthetic Process (GO:0009101),GO_Biological_Process_2025,-0.8088799248118798,Downregulated,0.9437631886072148,15/66,18.59%
Beta-catenin Independent WNT Signaling R-HSA-3858494,Reactome_2022,-0.8096207781234418,Downregulated,0.94268234526665,16/133,12.39%
"Formation Of Ternary Complex, And Subsequently, 43S Complex R-HSA-72695",Reactome_2022,-0.8098088583044879,Downregulated,0.9427438226001986,13/40,32.21%
Regulation of Phosphatidylinositol 3-Kinase/Protein Kinase B Signal Transduction (GO:0051896),GO_Biological_Process_2025,-0.8108883759441042,Downregulated,0.9411300780633548,45/198,21.18%
Positive Regulation of Lamellipodium Organization (GO:1902745),GO_Biological_Process_2025,-0.8114715730098001,Downregulated,0.9404643590196972,15/27,37.59%
GLI3 Is Processed To GLI3R By Proteasome R-HSA-5610785,Reactome_2022,-0.8117045796040825,Downregulated,0.9404195651923396,22/56,34.56%
Signaling By EGFR R-HSA-177929,Reactome_2022,-0.8118510004434925,Downregulated,0.940511471528762,8/49,12.39%
Cellular Response To Starvation R-HSA-9711097,Reactome_2022,-0.8129405386936933,Downregulated,0.9388621033739692,24/126,18.17%
Positive Regulation of Stem Cell Population Maintenance (GO:1902459),GO_Biological_Process_2025,-0.8131427623879305,Downregulated,0.9388672874172428,7/38,14.18%
APC/C:Cdc20 Mediated Degradation Of Mitotic Proteins R-HSA-176409,Reactome_2022,-0.81364329820042,Downregulated,0.938313988325066,31/72,35.86%
Aminoglycan Biosynthetic Process (GO:0006023),GO_Biological_Process_2025,-0.8137098917827584,Downregulated,0.9385658525590744,7/23,19.87%
"DNA Damage Response, Signal Transduction by P53 Class Mediator (GO:0030330)",GO_Biological_Process_2025,-0.8138802671706764,Downregulated,0.938623547250911,10/29,22.85%
Transcription Initiation at RNA Polymerase II Promoter (GO:0006367),GO_Biological_Process_2025,-0.8142827170192172,Downregulated,0.9382459177632496,19/101,15.41%
Solute:Sodium Symporter Activity (GO:0015370),GO_Molecular_Function_2025,-0.814341366750312,Downregulated,0.9385132370291804,4/30,6.29%
Membrane Depolarization (GO:0051899),GO_Biological_Process_2025,-0.8146722148743126,Downregulated,0.9382923684393358,4/18,14.89%
JAK STAT Signaling In The Regulation Of Beta Cells WP5358,WikiPathways_2024_Human,-0.8148758903771522,Downregulated,0.9383073120174924,7/31,14.43%
Positive Chemotaxis (GO:0050918),GO_Biological_Process_2025,-0.8151641494883151,Downregulated,0.9381270372962532,3/16,11.75%
PI3K-Akt signaling pathway,KEGG_2021_Human,-0.8154506051345125,Downregulated,0.9379718049980954,60/302,21.34%
Spermatid Development (GO:0007286),GO_Biological_Process_2025,-0.8165003373357067,Downregulated,0.9363779186505804,12/49,19.91%
Cholesterol Binding (GO:0015485),GO_Molecular_Function_2025,-0.8168363876888969,Downregulated,0.9361234225399933,8/48,13.31%
Transcription Of HIV Genome R-HSA-167172,Reactome_2022,-0.8171958331766953,Downregulated,0.935824477508472,26/66,31.75%
Oogenesis (GO:0048477),GO_Biological_Process_2025,-0.8172911320508154,Downregulated,0.9360240982137954,5/17,18.24%
Cilium Assembly (GO:0060271),GO_Biological_Process_2025,-0.8175813969000741,Downregulated,0.9358467693018198,54/237,23.89%
Selenocompound metabolism,KEGG_2021_Human,-0.8181322349972644,Downregulated,0.9352143975186492,1/17,0.06%
Positive Regulation of Protein Phosphorylation (GO:0001934),GO_Biological_Process_2025,-0.8187488894179975,Downregulated,0.9344371343057606,46/157,24.30%
Antiporter Activity (GO:0015297),GO_Molecular_Function_2025,-0.818813353640683,Downregulated,0.934676564496786,9/43,15.66%
Downstream Signal Transduction R-HSA-186763,Reactome_2022,-0.8190132391721912,Downregulated,0.9346815475906584,5/28,11.02%
Cellular Response to Transforming Growth Factor Beta Stimulus (GO:0071560),GO_Biological_Process_2025,-0.8193166541867606,Downregulated,0.934474226585801,19/89,18.51%
Purine Nucleotide Metabolic Process (GO:0006163),GO_Biological_Process_2025,-0.8197881862234764,Downregulated,0.9339355028200758,8/33,17.99%
Signaling By WNT In Cancer R-HSA-4791275,Reactome_2022,-0.8198594350691125,Downregulated,0.9341617457067536,14/31,35.66%
Eye Development (GO:0001654),GO_Biological_Process_2025,-0.8199022431164313,Downregulated,0.9344497885218594,12/45,20.65%
Negative Regulation of Osteoblast Differentiation (GO:0045668),GO_Biological_Process_2025,-0.8199555323271515,Downregulated,0.9347232478587236,14/32,35.66%
Malaria,KEGG_2021_Human,-0.8199969726726993,Downregulated,0.9350222624501884,14/46,25.55%
Regulation of Protein Tyrosine Kinase Activity (GO:0061097),GO_Biological_Process_2025,-0.8203368903762763,Downregulated,0.9347318445482828,2/15,6.58%
Sulfur Amino Acid Metabolic Process (GO:0000096),GO_Biological_Process_2025,-0.8203547300057225,Downregulated,0.9350712901340998,2/15,7.22%
Regulation of Potassium Ion Transport (GO:0043266),GO_Biological_Process_2025,-0.8205431248984912,Downregulated,0.935083149865354,10/31,22.47%
Regulation of Plasma Membrane Bounded Cell Projection Organization (GO:0120035),GO_Biological_Process_2025,-0.8205785491942681,Downregulated,0.9353779991820812,2/25,0.58%
Alzheimer 39 S Disease WP5124,WikiPathways_2024_Human,-0.8206486827576782,Downregulated,0.9356309320037984,40/238,16.09%
Alzheimer 39 S Disease And miRNA Effects WP2059,WikiPathways_2024_Human,-0.8206486827576782,Downregulated,0.9356309320037984,40/238,16.09%
Sphingolipid Metabolic Process (GO:0006665),GO_Biological_Process_2025,-0.8209498393486665,Downregulated,0.9357649187461764,16/71,18.12%
Pregnane X Receptor Pathway WP2876,WikiPathways_2024_Human,-0.8213202219450592,Downregulated,0.935438973887298,8/25,19.01%
mBDNF And proBDNF Regulation Of GABA Neurotransmission WP4829,WikiPathways_2024_Human,-0.821852679846519,Downregulated,0.934747657974222,4/29,7.30%
Regulation of Cell Growth (GO:0001558),GO_Biological_Process_2025,-0.8219979861612765,Downregulated,0.9348376560271612,47/193,23.11%
Positive Regulation of Alpha-Beta T Cell Activation (GO:0046635),GO_Biological_Process_2025,-0.8222102714870395,Downregulated,0.9348115273168536,5/15,25.27%
Regulation of Neurotransmitter Transport (GO:0051588),GO_Biological_Process_2025,-0.8224171573806923,Downregulated,0.9347757705379692,6/16,21.60%
Negative Regulation of Proteolysis (GO:0045861),GO_Biological_Process_2025,-0.8229888204422814,Downregulated,0.93401483949284,4/32,5.04%
Recruitment And ATM-mediated Phosphorylation Of Repair And Signal Proteins At DNA Double Strand Breaks R-HSA-5693565,Reactome_2022,-0.8233463442706505,Downregulated,0.9336960585092008,11/46,19.33%
Nuclear Thyroid Hormone Receptor Binding (GO:0046966),GO_Molecular_Function_2025,-0.8241157704303335,Downregulated,0.9325416396417204,9/26,20.45%
Lysophospholipase Activity (GO:0004622),GO_Molecular_Function_2025,-0.8241830393531522,Downregulated,0.9327887771784406,4/20,8.84%
Pentosyltransferase Activity (GO:0016763),GO_Molecular_Function_2025,-0.8247459346157576,Downregulated,0.9320676965910444,16/34,31.70%
Regulation of Axon Extension (GO:0030516),GO_Biological_Process_2025,-0.8247598976532537,Downregulated,0.932415960328264,6/37,9.20%
Negative Regulation of Transport (GO:0051051),GO_Biological_Process_2025,-0.8252038978405501,Downregulated,0.9319200699638568,9/36,17.70%
Mitochondrial Biogenesis R-HSA-1592230,Reactome_2022,-0.8253012552240024,Downregulated,0.93210085283114,16/88,16.42%
Collagen Degradation R-HSA-1442490,Reactome_2022,-0.8258821671890879,Downregulated,0.9313436214470076,9/32,24.99%
Cushing syndrome,KEGG_2021_Human,-0.8260021557400881,Downregulated,0.9314780177325204,23/136,15.94%
Regulation of Keratinocyte Differentiation (GO:0045616),GO_Biological_Process_2025,-0.8262800340457724,Downregulated,0.9312984243558778,13/23,35.08%
Photodynamic Therapy Induced HIF 1 Survival Signaling WP3614,WikiPathways_2024_Human,-0.8263767366378865,Downregulated,0.9314763520963896,18/33,38.65%
G Alpha (12/13) Signaling Events R-HSA-416482,Reactome_2022,-0.8268074774051608,Downregulated,0.930990470213849,19/71,23.82%
Regulation of Calcium-Mediated Signaling (GO:0050848),GO_Biological_Process_2025,-0.8271000151989614,Downregulated,0.9307553923308824,9/39,19.50%
Regulation of Protein-Containing Complex Assembly (GO:0043254),GO_Biological_Process_2025,-0.8272821872288081,Downregulated,0.9307907530651336,36/120,26.59%
Vpu Mediated Degradation Of CD4 R-HSA-180534,Reactome_2022,-0.8273285805174705,Downregulated,0.9310688396353498,20/49,34.56%
Substrate Adhesion-Dependent Cell Spreading (GO:0034446),GO_Biological_Process_2025,-0.8273833936520001,Downregulated,0.9313253865768304,6/33,12.41%
Protein Tyrosine Kinase Activator Activity (GO:0030296),GO_Molecular_Function_2025,-0.8276174073293792,Downregulated,0.9312124783000606,8/28,19.50%
Phosphatidylinositol 3-Kinase/Protein Kinase B Signal Transduction (GO:0043491),GO_Biological_Process_2025,-0.8280977153329171,Downregulated,0.930625111969884,4/37,7.93%
SHC-mediated cascade:FGFR2 R-HSA-5654699,Reactome_2022,-0.8283951490749114,Downregulated,0.930415464283056,3/16,11.02%
mRNA Splicing - Minor Pathway R-HSA-72165,Reactome_2022,-0.8284633110168917,Downregulated,0.9306619889877654,11/47,17.54%
Necroptosis,KEGG_2021_Human,-0.8290039232185719,Downregulated,0.9299791816068111,17/115,11.52%
Tryptophan metabolism,KEGG_2021_Human,-0.8290097410526914,Downregulated,0.930341604278722,4/38,9.28%
P53 Transcriptional Gene Network WP4963,WikiPathways_2024_Human,-0.8291916746241782,Downregulated,0.9303298784504758,15/87,15.14%
mRNA Transcription (GO:0009299),GO_Biological_Process_2025,-0.8298155832637775,Downregulated,0.9294525002306924,19/42,33.40%
FRS-mediated FGFR3 Signaling R-HSA-5654706,Reactome_2022,-0.8298362540957679,Downregulated,0.9297874813164162,3/16,11.02%
Regulation Of HSF1-mediated Heat Shock Response R-HSA-3371453,Reactome_2022,-0.8298839314733405,Downregulated,0.9300761149080934,15/72,20.03%
Regulation of Cytoskeleton Organization (GO:0051493),GO_Biological_Process_2025,-0.8301727352950509,Downregulated,0.9298611906519896,47/128,31.38%
APC/C:Cdc20 Mediated Degradation Of Cyclin B R-HSA-174048,Reactome_2022,-0.8304736131219075,Downregulated,0.9296281091954872,11/23,33.37%
Breast cancer,KEGG_2021_Human,-0.8308436856968,Downregulated,0.9292368193224774,24/125,19.34%
Photoperiodism (GO:0009648),GO_Biological_Process_2025,-0.8308510159641639,Downregulated,0.9296015784173616,6/18,29.47%
G Alpha (Z) Signaling Events R-HSA-418597,Reactome_2022,-0.8310532577431674,Downregulated,0.9295583704657796,11/43,17.37%
Signaling To ERKs R-HSA-187687,Reactome_2022,-0.8312568966461807,Downregulated,0.9295165877600656,9/30,21.18%
Positive Regulation of GTPase Activity (GO:0043547),GO_Biological_Process_2025,-0.8313690744730058,Downregulated,0.9296637285565044,24/103,17.93%
Positive Regulation of Insulin Secretion (GO:0032024),GO_Biological_Process_2025,-0.831504244644601,Downregulated,0.92977639785936,13/34,25.17%
Cytoplasmic Translation (GO:0002181),GO_Biological_Process_2025,-0.8315251745078347,Downregulated,0.9301153129780176,33/79,35.36%
Aberrant Regulation Of Mitotic G1/S Transition In Cancer Due To RB1 Defects R-HSA-9659787,Reactome_2022,-0.8316498228539021,Downregulated,0.930231183835308,5/17,21.30%
MHC Class II Antigen Presentation R-HSA-2132295,Reactome_2022,-0.8320867725771818,Downregulated,0.9297134990876248,26/92,25.18%
Golgi to Plasma Membrane Protein Transport (GO:0043001),GO_Biological_Process_2025,-0.8322620256717376,Downregulated,0.9297409730237164,4/31,8.23%
VLDLR Internalisation And Degradation R-HSA-8866427,Reactome_2022,-0.8324208791711778,Downregulated,0.9297953202004382,5/15,24.88%
Regulation of Cholesterol Transport (GO:0032374),GO_Biological_Process_2025,-0.8327773293659053,Downregulated,0.9294331100201224,7/22,24.67%
Ribosome Disassembly (GO:0032790),GO_Biological_Process_2025,-0.8328547158274232,Downregulated,0.9296652245816672,12/40,25.51%
Positive Regulation of Monoatomic Ion Transport (GO:0043270),GO_Biological_Process_2025,-0.8330583236148945,Downregulated,0.9296316243097056,11/41,17.14%
ERCC6 (CSB) And EHMT2 (G9a) Positively Regulate rRNA Expression R-HSA-427389,Reactome_2022,-0.833165880285863,Downregulated,0.9297940835421694,8/24,17.46%
Imatinib And Chronic Myeloid Leukemia WP3640,WikiPathways_2024_Human,-0.8343024888407112,Downregulated,0.9278599860853785,5/20,10.98%
Negative Regulators Of DDX58/IFIH1 Signaling R-HSA-936440,Reactome_2022,-0.8348484393155063,Downregulated,0.9271164724032562,9/31,20.79%
Transcriptional Regulation Of Granulopoiesis R-HSA-9616222,Reactome_2022,-0.8349429507592764,Downregulated,0.9272947478463052,8/38,15.53%
"Phosphatidylinositol-4,5-Bisphosphate Binding (GO:0005546)",GO_Molecular_Function_2025,-0.8349980710610725,Downregulated,0.9275672101160956,21/69,25.22%
Extension Of Telomeres R-HSA-180786,Reactome_2022,-0.835039740020957,Downregulated,0.9278639054568446,11/49,17.72%
Negative Regulation of Biomineral Tissue Development (GO:0070168),GO_Biological_Process_2025,-0.8351125901746466,Downregulated,0.9280922163538792,6/20,20.82%
Pancreatic Cancer Subtypes WP5390,WikiPathways_2024_Human,-0.8352305264641607,Downregulated,0.928244702717682,7/29,15.73%
Regulation of Actin Filament-Based Process (GO:0032970),GO_Biological_Process_2025,-0.8361154206197533,Downregulated,0.9267763733086318,36/88,31.38%
DNA Double Strand Break Response R-HSA-5693606,Reactome_2022,-0.8361423279836814,Downregulated,0.927097771163904,12/47,20.22%
Protein-Containing Complex Disassembly (GO:0032984),GO_Biological_Process_2025,-0.8363774020563708,Downregulated,0.926972129773405,20/58,28.47%
Nuclear Chromosome (GO:0000228),GO_Cellular_Component_2025,-0.8366150484038527,Downregulated,0.9268719277931278,17/88,15.76%
Glucagon signaling pathway,KEGG_2021_Human,-0.8368588383315888,Downregulated,0.9267470731886523,26/88,26.73%
Hippo signaling pathway,KEGG_2021_Human,-0.8371642171864554,Downregulated,0.9264702091537476,15/149,8.17%
Ephrin Receptor Binding (GO:0046875),GO_Molecular_Function_2025,-0.8372981430635856,Downregulated,0.9265501714190036,6/22,15.30%
Carbohydrate Derivative Catabolic Process (GO:1901136),GO_Biological_Process_2025,-0.8373187783964667,Downregulated,0.9268816177057486,10/22,25.49%
Cholesterol Metabolism WP5304,WikiPathways_2024_Human,-0.8374237030773535,Downregulated,0.9270440149386712,11/59,16.13%
Maintenance of Protein Location in Nucleus (GO:0051457),GO_Biological_Process_2025,-0.8377998795294319,Downregulated,0.92664223563984,7/18,21.46%
Signaling By ERBB4 R-HSA-1236394,Reactome_2022,-0.837802049095289,Downregulated,0.9270169873253034,10/52,14.92%
Regulation of Receptor-Mediated Endocytosis (GO:0048259),GO_Biological_Process_2025,-0.8380189848268592,Downregulated,0.9269480142153934,18/36,28.81%
Cellular Response to Type II Interferon (GO:0071346),GO_Biological_Process_2025,-0.8380408573641953,Downregulated,0.9272877029997606,10/39,18.46%
Protein Import Into Nucleus (GO:0006606),GO_Biological_Process_2025,-0.8382072533375483,Downregulated,0.9273312409782936,23/67,31.22%
Nuclear Retinoic Acid Receptor Binding (GO:0042974),GO_Molecular_Function_2025,-0.838212280602413,Downregulated,0.9277034412777888,10/16,34.79%
Regulation of Neurotransmitter Secretion (GO:0046928),GO_Biological_Process_2025,-0.8383974508848242,Downregulated,0.9276948612858552,5/37,6.88%
RNA Polymerase III Transcription Initiation From Type 1 Promoter R-HSA-76061,Reactome_2022,-0.8386396301676813,Downregulated,0.9275544187980478,10/24,25.38%
Signal Transduction in Response to DNA Damage (GO:0042770),GO_Biological_Process_2025,-0.8387050833195621,Downregulated,0.9277888400442708,23/74,22.85%
"Alternative mRNA Splicing, via Spliceosome (GO:0000380)",GO_Biological_Process_2025,-0.8389912179330724,Downregulated,0.9275954357198688,8/19,30.97%
Rescue of Stalled Ribosome (GO:0072344),GO_Biological_Process_2025,-0.8391221026935857,Downregulated,0.9277128823916372,14/33,33.78%
Extracellular Matrix Disassembly (GO:0022617),GO_Biological_Process_2025,-0.8403007249335352,Downregulated,0.9256079303721876,10/34,27.37%
Dectin-1 Mediated Noncanonical NF-kB Signaling R-HSA-5607761,Reactome_2022,-0.8409649413238176,Downregulated,0.924574592432648,22/59,34.56%
Photodynamic Therapy Induced AP 1 Survival Signaling WP3611,WikiPathways_2024_Human,-0.8411016435146869,Downregulated,0.9246577651081648,7/48,17.31%
Signaling By WNT R-HSA-195721,Reactome_2022,-0.8414123643544906,Downregulated,0.9243923352379088,41/254,16.98%
Protein Phosphatase Activator Activity (GO:0072542),GO_Molecular_Function_2025,-0.8414904401541672,Downregulated,0.9246008570227232,4/20,7.26%
Regulation of Cell Size (GO:0008361),GO_Biological_Process_2025,-0.8416653034266631,Downregulated,0.924624662098823,11/24,33.94%
Entrainment of Circadian Clock by Photoperiod (GO:0043153),GO_Biological_Process_2025,-0.841803002936662,Downregulated,0.9247035304730824,6/17,29.47%
Mitotic Metaphase Chromosome Alignment (GO:0007080),GO_Biological_Process_2025,-0.842281763676082,Downregulated,0.924099343385556,7/52,11.01%
Regulation of Spindle Organization (GO:0090224),GO_Biological_Process_2025,-0.8428513977611424,Downregulated,0.9233001055148168,6/17,21.65%
ABC-family Proteins Mediated Transport R-HSA-382556,Reactome_2022,-0.8429306338852367,Downregulated,0.9235125787452664,38/92,34.56%
Synthesis Of Very Long-Chain Fatty acyl-CoAs R-HSA-75876,Reactome_2022,-0.8431775568214674,Downregulated,0.9233566684000232,3/21,7.00%
EGFR Downregulation R-HSA-182971,Reactome_2022,-0.8436196877588282,Downregulated,0.9227911680613888,6/31,12.39%
Selenoamino Acid Metabolism R-HSA-2408522,Reactome_2022,-0.8446901924849773,Downregulated,0.92089737797522,34/87,33.18%
p53-Dependent G1 DNA Damage Response R-HSA-69563,Reactome_2022,-0.8447445428311268,Downregulated,0.9211579439993174,24/62,34.56%
Regulation of Peptide Hormone Secretion (GO:0090276),GO_Biological_Process_2025,-0.8448066101537189,Downregulated,0.9214047957328074,11/38,21.40%
Negative Regulation of Myeloid Cell Differentiation (GO:0045638),GO_Biological_Process_2025,-0.8449695717768861,Downregulated,0.9214477773955936,5/17,20.03%
Negative Regulation of Intrinsic Apoptotic Signaling Pathway by P53 Class Mediator (GO:1902254),GO_Biological_Process_2025,-0.8451268844672315,Downregulated,0.9214922887038114,6/15,23.32%
SHC1 Events In ERBB2 Signaling R-HSA-1250196,Reactome_2022,-0.8456782734657252,Downregulated,0.9207173642272776,5/20,21.18%
Central carbon metabolism in cancer,KEGG_2021_Human,-0.8459610170091123,Downregulated,0.9205069425678862,12/63,15.19%
protein-DNA Complex Disassembly (GO:0032986),GO_Biological_Process_2025,-0.8461909942635928,Downregulated,0.9203860890021576,5/18,23.71%
Regulation Of Wnt B Catenin Signaling Small Molecule Compounds WP3664,WikiPathways_2024_Human,-0.846506315634405,Downregulated,0.920082580058129,2/16,7.21%
Negative Regulation of Nervous System Development (GO:0051961),GO_Biological_Process_2025,-0.8465614723008564,Downregulated,0.920350162682954,6/17,27.24%
Endoplasmic Reticulum Stress Response In Coronavirus Infection WP4861,WikiPathways_2024_Human,-0.8468258316187353,Downregulated,0.9201477228683678,7/42,10.90%
RNA Polymerase III Transcription Initiation From Type 2 Promoter R-HSA-76066,Reactome_2022,-0.8473566654699011,Downregulated,0.9193523169502066,10/23,25.38%
Excitatory Extracellular Ligand-Gated Monoatomic Ion Channel Activity (GO:0005231),GO_Molecular_Function_2025,-0.8474306320412228,Downregulated,0.9195914517177892,3/15,10.05%
Endothelial Cell Proliferation (GO:0001935),GO_Biological_Process_2025,-0.8474891334261777,Downregulated,0.919861275683536,3/19,8.68%
2Q13 Copy Number Variation Syndrome WP5222,WikiPathways_2024_Human,-0.8476535993107195,Downregulated,0.919880308115513,6/52,6.10%
Constitutive Signaling By Ligand-Responsive EGFR Cancer Variants R-HSA-1236382,Reactome_2022,-0.8478975093501443,Downregulated,0.9197357769171411,4/18,12.39%
Cognition (GO:0050890),GO_Biological_Process_2025,-0.8480753517264471,Downregulated,0.9197077302233538,6/37,10.26%
Zinc Ion Transport (GO:0006829),GO_Biological_Process_2025,-0.848594977806288,Downregulated,0.9189496947629237,6/21,19.21%
GPR143 In Melanocytes And Retinal Pigment Epithelium Cells WP4941,WikiPathways_2024_Human,-0.8486612258632551,Downregulated,0.9192042879209672,7/24,15.53%
Regulation of Muscle Cell Differentiation (GO:0051147),GO_Biological_Process_2025,-0.8488439778204281,Downregulated,0.9191925190093015,3/21,10.66%
Melanosome (GO:0042470),GO_Cellular_Component_2025,-0.8499760530580774,Downregulated,0.9171099047903568,5/25,12.41%
Signal Amplification R-HSA-392518,Reactome_2022,-0.8503892344407825,Downregulated,0.9166168091878316,7/29,16.98%
Negative Regulation of Protein Localization (GO:1903828),GO_Biological_Process_2025,-0.8505227180194874,Downregulated,0.9166977602787728,10/42,19.52%
Vesicle-Mediated Transport Between Endosomal Compartments (GO:0098927),GO_Biological_Process_2025,-0.850550964147259,Downregulated,0.917016188722024,6/25,14.32%
Regulation of Epidermal Growth Factor Receptor Signaling Pathway (GO:0042058),GO_Biological_Process_2025,-0.8505569383766498,Downregulated,0.9173926298640842,11/46,21.28%
Receptor Metabolic Process (GO:0043112),GO_Biological_Process_2025,-0.8510260987441919,Downregulated,0.9166913564431194,4/21,8.98%
Negative Regulation of Carbohydrate Metabolic Process (GO:0045912),GO_Biological_Process_2025,-0.8510837405107707,Downregulated,0.9169453539395148,10/29,27.41%
Negative Regulation of Cellular Response to Growth Factor Stimulus (GO:0090288),GO_Biological_Process_2025,-0.8511218861977952,Downregulated,0.9172523554586096,13/62,19.85%
Peptide Hormone Secretion (GO:0030072),GO_Biological_Process_2025,-0.8515534096354821,Downregulated,0.9166975108995832,6/19,22.52%
Nitrogen Compound Transport (GO:0071705),GO_Biological_Process_2025,-0.8516773333285423,Downregulated,0.9168270405346376,40/152,22.97%
Condensation Of Prophase Chromosomes R-HSA-2299718,Reactome_2022,-0.8524192370633731,Downregulated,0.9155783662369086,5/20,16.77%
Regulation of Anatomical Structure Morphogenesis (GO:0022603),GO_Biological_Process_2025,-0.8525826888188224,Downregulated,0.915605300224071,23/118,16.19%
RNA Polymerase II Pre-transcription Events R-HSA-674695,Reactome_2022,-0.8529554902496473,Downregulated,0.9151682336437934,33/77,32.33%
Regulation of Stress-Activated MAPK Cascade (GO:0032872),GO_Biological_Process_2025,-0.8536341732468264,Downregulated,0.914053875950323,8/29,18.44%
Kleefstra Syndrome WP5351,WikiPathways_2024_Human,-0.8537574613064399,Downregulated,0.9141810513561298,2/26,5.43%
"Inactivation, Recovery And Regulation Of Phototransduction Cascade R-HSA-2514859",Reactome_2022,-0.8548681525993358,Downregulated,0.912097272905102,6/25,19.70%
Detoxification Of Reactive Oxygen Species R-HSA-3299685,Reactome_2022,-0.8551549010963588,Downregulated,0.911846737231881,10/29,19.75%
alpha-Linolenic acid metabolism,KEGG_2021_Human,-0.8553211260202188,Downregulated,0.9118706495769656,3/20,8.84%
Focal Adhesion WP306,WikiPathways_2024_Human,-0.8554123158100976,Downregulated,0.9120567198780118,42/192,21.30%
Transforming Growth Factor Beta Receptor Superfamily Signaling Pathway (GO:0141091),GO_Biological_Process_2025,-0.855603440104966,Downregulated,0.9120559806834536,21/103,18.51%
Regulation of DNA Strand Elongation (GO:0060382),GO_Biological_Process_2025,-0.8556371287700694,Downregulated,0.9123666467417818,2/16,4.24%
Pancreatic Adenocarcinoma Pathway WP4263,WikiPathways_2024_Human,-0.8557669899129581,Downregulated,0.912471738209729,21/86,21.07%
FBXL10 Enhancement Of MAP ERK Signaling In DLBCL WP4553,WikiPathways_2024_Human,-0.8560947498222984,Downregulated,0.9121200396767712,6/18,16.29%
SMAD2/SMAD3:SMAD4 Heterotrimer Regulates Transcription R-HSA-2173796,Reactome_2022,-0.8561295723442176,Downregulated,0.9124331519407004,6/36,16.30%
Protein Branched Polyubiquitination (GO:0141198),GO_Biological_Process_2025,-0.8565430430901384,Downregulated,0.9118897256967492,4/17,8.65%
Platelet-Derived Growth Factor Receptor Signaling Pathway (GO:0048008),GO_Biological_Process_2025,-0.8565785114386326,Downregulated,0.9122019924491216,10/17,40.54%
Cytosolic DNA-sensing pathway,KEGG_2021_Human,-0.8567118295449054,Downregulated,0.9122950732573422,15/44,24.90%
Protein Kinase C Binding (GO:0005080),GO_Molecular_Function_2025,-0.8569508966301365,Downregulated,0.912167675318882,6/35,13.55%
TLR4 Signaling And Tolerance WP3851,WikiPathways_2024_Human,-0.8573294999705853,Downregulated,0.911678504257322,7/26,20.56%
Oligodendrocyte Differentiation (GO:0048709),GO_Biological_Process_2025,-0.8576257431581936,Downregulated,0.911421334494552,9/18,27.23%
Intrinsic Apoptotic Signaling Pathway in Response to Endoplasmic Reticulum Stress (GO:0070059),GO_Biological_Process_2025,-0.8580792212740824,Downregulated,0.9107583143110436,6/27,13.66%
Spliceosomal snRNP Assembly (GO:0000387),GO_Biological_Process_2025,-0.8581337957771247,Downregulated,0.9110333123355134,9/36,21.03%
Endoplasmic Reticulum Tubular Network (GO:0071782),GO_Cellular_Component_2025,-0.8585917003875227,Downregulated,0.9103456830182484,9/29,23.92%
Apoptosis R-HSA-109581,Reactome_2022,-0.8587551783794798,Downregulated,0.910372169963124,62/162,34.56%
Primary Ovarian Insufficiency WP5461,WikiPathways_2024_Human,-0.8593453769519663,Downregulated,0.9094238118479356,21/112,16.56%
"Positive Regulation of Synaptic Transmission, Glutamatergic (GO:0051968)",GO_Biological_Process_2025,-0.8596320929650012,Downregulated,0.909159430426586,5/18,16.99%
Sphingolipid Metabolism R-HSA-428157,Reactome_2022,-0.859790577260694,Downregulated,0.9091767938905716,20/79,18.12%
Regulation of Translational Initiation (GO:0006446),GO_Biological_Process_2025,-0.8598646188571671,Downregulated,0.9093881726129476,10/65,13.96%
Microtubule Cytoskeleton (GO:0015630),GO_Cellular_Component_2025,-0.8598807859489439,Downregulated,0.909739308206761,44/361,11.52%
Activation Of APC/C And APC/C:Cdc20 Mediated Degradation Of Mitotic Proteins R-HSA-176814,Reactome_2022,-0.8601101140587438,Downregulated,0.9095943716777676,32/73,35.86%
RHOF GTPase Cycle R-HSA-9035034,Reactome_2022,-0.8603135864756659,Downregulated,0.9095048840100778,9/39,19.25%
Negative Regulation of Protein Secretion (GO:0050709),GO_Biological_Process_2025,-0.8604186649936851,Downregulated,0.9096407648376408,10/33,27.83%
Regulation of Cell Division (GO:0051302),GO_Biological_Process_2025,-0.8608021593864716,Downregulated,0.9091333064074748,15/78,17.25%
Regulated Exocytosis (GO:0045055),GO_Biological_Process_2025,-0.8612173206648681,Downregulated,0.9085912118746486,12/39,21.40%
Spindle (GO:0005819),GO_Cellular_Component_2025,-0.8616018293317876,Downregulated,0.9080915540074678,52/210,22.60%
Pyruvate Metabolic Process (GO:0006090),GO_Biological_Process_2025,-0.8619107805993893,Downregulated,0.907746791275254,12/38,27.24%
Downstream Signaling Of Activated FGFR1 R-HSA-5654687,Reactome_2022,-0.8620584548455745,Downregulated,0.9077856045286236,6/24,21.18%
RAF-independent MAPK1/3 Activation R-HSA-112409,Reactome_2022,-0.8625711651669107,Downregulated,0.9070487109577292,6/23,21.96%
3'-UTR-mediated mRNA Destabilization (GO:0061158),GO_Biological_Process_2025,-0.8632906131547999,Downregulated,0.9057597002679728,6/17,30.78%
Nucleotide Biosynthetic Process (GO:0009165),GO_Biological_Process_2025,-0.8632996084616297,Downregulated,0.90612833727208,3/17,12.11%
Establishment of Protein Localization to Membrane (GO:0090150),GO_Biological_Process_2025,-0.8635451404578717,Downregulated,0.9059555713954448,14/65,18.67%
"Regulation of DNA Damage Response, Signal Transduction by P53 Class Mediator (GO:0043516)",GO_Biological_Process_2025,-0.8637373617376711,Downregulated,0.9058927892561108,6/31,11.59%
Sensory Organ Development (GO:0007423),GO_Biological_Process_2025,-0.8638838247000403,Downregulated,0.9059647303018996,15/48,21.06%
Degradation Of DVL R-HSA-4641258,Reactome_2022,-0.8651157884943135,Downregulated,0.9035492112683996,20/53,34.56%
Signaling By Retinoic Acid R-HSA-5362517,Reactome_2022,-0.8653888176408708,Downregulated,0.903287337263752,8/37,18.21%
Ciliary Landscape WP4352,WikiPathways_2024_Human,-0.8653960655226733,Downregulated,0.9036604805716004,49/207,21.52%
E3 Ubiquitin Ligases Ubiquitinate Target Proteins R-HSA-8866654,Reactome_2022,-0.8655055859458747,Downregulated,0.9037937011612416,10/44,19.70%
APC:Cdc20 Mediated Degradation Of Cell Cycle Proteins Before Cycle Checkpoint Satisfied R-HSA-179419,Reactome_2022,-0.8655673584240129,Downregulated,0.904055939758411,31/70,35.86%
Myoblast Differentiation (GO:0045445),GO_Biological_Process_2025,-0.8656860141769593,Downregulated,0.9041658107534194,3/21,4.98%
Signal Transduction by P53 Class Mediator (GO:0072331),GO_Biological_Process_2025,-0.865743696701113,Downregulated,0.9044160986100578,15/47,23.69%
Regulation of DNA Biosynthetic Process (GO:2000278),GO_Biological_Process_2025,-0.8660930594999784,Downregulated,0.9039837141202942,6/28,12.47%
Phosphatidylinositol-3-Phosphate Binding (GO:0032266),GO_Molecular_Function_2025,-0.8664776341871597,Downregulated,0.9034959122080264,12/40,21.46%
Sodium Ion Transmembrane Transport (GO:0035725),GO_Biological_Process_2025,-0.8668032646877132,Downregulated,0.9031219461504036,12/68,14.89%
Cortical Actin Cytoskeleton Organization (GO:0030866),GO_Biological_Process_2025,-0.8668359525518218,Downregulated,0.9034370913367166,2/17,5.14%
miRNAs Involved In DNA Damage Response WP1545,WikiPathways_2024_Human,-0.8668687056708193,Downregulated,0.9037509626407608,5/15,19.34%
Amide Transport (GO:0042886),GO_Biological_Process_2025,-0.8672427421715323,Downregulated,0.9032575817995276,4/24,6.62%
Adherens Junction (GO:0005912),GO_Cellular_Component_2025,-0.8672549718816469,Downregulated,0.9036154682651,31/136,20.21%
Positive Regulation of Microtubule Polymerization (GO:0031116),GO_Biological_Process_2025,-0.8673998135516281,Downregulated,0.903651304161984,9/27,23.04%
Secondary Alcohol Metabolic Process (GO:1902652),GO_Biological_Process_2025,-0.8676553951832026,Downregulated,0.9034152404184094,10/37,18.07%
L1CAM Interactions R-HSA-373760,Reactome_2022,-0.8678190386837652,Downregulated,0.903429339592783,17/90,15.20%
Cyclin D Associated Events In G1 R-HSA-69231,Reactome_2022,-0.8679509527817658,Downregulated,0.9035209173718032,11/44,21.30%
Chagas disease,KEGG_2021_Human,-0.8682761230892287,Downregulated,0.903186324861618,17/97,16.21%
Regulation of mRNA Stability (GO:0043488),GO_Biological_Process_2025,-0.8683546035515646,Downregulated,0.90339882885103,28/74,30.82%
Netrin UNC5B Signaling WP4747,WikiPathways_2024_Human,-0.8684242651699532,Downregulated,0.9036197903910892,15/50,24.18%
SARS-CoV-2 Modulates Host Translation Machinery R-HSA-9754678,Reactome_2022,-0.8684750457069025,Downregulated,0.90389060736501,12/36,26.21%
Cadherin Binding (GO:0045296),GO_Molecular_Function_2025,-0.8687242527294228,Downregulated,0.9036891262308414,59/296,18.03%
Positive Regulation of Cytokinesis (GO:0032467),GO_Biological_Process_2025,-0.8688993203000581,Downregulated,0.9036774974817068,9/30,17.58%
Protein Heterodimerization Activity (GO:0046982),GO_Molecular_Function_2025,-0.8696997109424135,Downregulated,0.9022314930752616,38/182,17.87%
Nuclear Receptor-Mediated Signaling Pathway (GO:0141193),GO_Biological_Process_2025,-0.8700427456397325,Downregulated,0.901822256246671,10/30,23.67%
PI-3K cascade:FGFR1 R-HSA-5654689,Reactome_2022,-0.8700524186619785,Downregulated,0.9021882771986618,3/15,11.02%
Regulation of Establishment of Endothelial Barrier (GO:1903140),GO_Biological_Process_2025,-0.8702959125327587,Downregulated,0.901992882537822,4/15,14.81%
Bile Acid and Bile Salt Transport (GO:0015721),GO_Biological_Process_2025,-0.870373132296396,Downregulated,0.9021880556452002,9/15,33.67%
PI3K AKT mTOR Vitamin D3 Signaling WP4141,WikiPathways_2024_Human,-0.8703895899281142,Downregulated,0.9025344657800256,18/18,71.19%
N-glycan Processing (GO:0006491),GO_Biological_Process_2025,-0.8705197496578169,Downregulated,0.9026064363223884,7/20,18.06%
Autophagosome (GO:0005776),GO_Cellular_Component_2025,-0.8706422506720042,Downregulated,0.9026956156554062,18/75,21.46%
Positive Regulation of Lipid Storage (GO:0010884),GO_Biological_Process_2025,-0.8717573163203808,Downregulated,0.9004379325952421,7/15,24.40%
Cohesin Complex Cornelia De Lange Syndrome WP5117,WikiPathways_2024_Human,-0.8719715689070268,Downregulated,0.9003182324448854,7/34,16.36%
L-amino Acid Transmembrane Transporter Activity (GO:0015179),GO_Molecular_Function_2025,-0.8720877317044755,Downregulated,0.9004263027902816,16/54,23.93%
Vacuolar Proton-Transporting V-type ATPase Complex (GO:0016471),GO_Cellular_Component_2025,-0.8723735701185108,Downregulated,0.9001316093979171,6/22,20.04%
Positive Regulation of Receptor-Mediated Endocytosis (GO:0048260),GO_Biological_Process_2025,-0.8726263831676211,Downregulated,0.8998887308857835,20/38,33.36%
Early Phase Of HIV Life Cycle R-HSA-162594,Reactome_2022,-0.8726881315710845,Downregulated,0.9001243860385975,4/15,17.71%
Regulation of Fatty Acid Oxidation (GO:0046320),GO_Biological_Process_2025,-0.8731442886165736,Downregulated,0.8994695696192236,3/15,12.18%
E2F Mediated Regulation Of DNA Replication R-HSA-113510,Reactome_2022,-0.8731581252159055,Downregulated,0.8998241257175729,3/21,14.33%
Lipid Catabolic Process (GO:0016042),GO_Biological_Process_2025,-0.8732659115282001,Downregulated,0.8999531282836473,9/37,16.17%
Transcription Cis-Regulatory Region Binding (GO:0000976),GO_Molecular_Function_2025,-0.873595843168556,Downregulated,0.8995504776153036,45/399,9.54%
Regulation of Synaptic Vesicle Exocytosis (GO:2000300),GO_Biological_Process_2025,-0.8738730555496933,Downregulated,0.899310885986836,6/21,16.56%
Bicarbonate Transmembrane Transporter Activity (GO:0015106),GO_Molecular_Function_2025,-0.8743119540600016,Downregulated,0.8986438384689976,6/18,19.21%
Negative Regulation of Blood Vessel Morphogenesis (GO:2000181),GO_Biological_Process_2025,-0.8744694624734018,Downregulated,0.8986487101342402,13/72,15.28%
Nuclear Migration (GO:0007097),GO_Biological_Process_2025,-0.8753235229626988,Downregulated,0.8969289910323155,11/19,36.38%
fatty-acyl-CoA Metabolic Process (GO:0035337),GO_Biological_Process_2025,-0.8754662106780833,Downregulated,0.8969974450941054,2/17,2.95%
Regulation of Vasoconstriction (GO:0019229),GO_Biological_Process_2025,-0.8755223796712394,Downregulated,0.8972480397193918,7/23,24.38%
Serotonin And Anxiety WP3947,WikiPathways_2024_Human,-0.8759635025384211,Downregulated,0.8965215738271411,7/15,31.41%
Phagosome Maturation (GO:0090382),GO_Biological_Process_2025,-0.8761565482771367,Downregulated,0.8964569250875414,4/15,19.42%
Purine Ribonucleotide Catabolic Process (GO:0009154),GO_Biological_Process_2025,-0.8761613622968036,Downregulated,0.8968349218630204,5/15,22.16%
S-adenosylmethionine-dependent Methyltransferase Activity (GO:0008757),GO_Molecular_Function_2025,-0.8763890677884663,Downregulated,0.8967116503819135,7/48,9.65%
- Reg of Phosphatidylinositol 3-Kinase/Prot Kinase B Signal Transduction (GO:0051898),GO_Biological_Process_2025,-0.8767555556470644,Downregulated,0.8962060070998319,13/42,25.24%
Collecting duct acid secretion,KEGG_2021_Human,-0.8770116456133901,Downregulated,0.895982678173809,8/25,20.04%
Regulation of Keratinocyte Proliferation (GO:0010837),GO_Biological_Process_2025,-0.8774764180508853,Downregulated,0.8952395741236376,7/22,19.05%
Receptor Internalization (GO:0031623),GO_Biological_Process_2025,-0.8775058976334766,Downregulated,0.8955622100458408,12/50,19.62%
HDAC6 Interactions In The Central Nervous System WP5426,WikiPathways_2024_Human,-0.8775330941341031,Downregulated,0.8958898569504091,36/107,28.84%
Organelle Assembly (GO:0070925),GO_Biological_Process_2025,-0.8778726717432389,Downregulated,0.8954557889503294,60/328,17.90%
Regulation of DNA Repair (GO:0006282),GO_Biological_Process_2025,-0.878011541039213,Downregulated,0.8955160702743867,36/123,25.78%
Methionine De Novo And Salvage Pathway WP3580,WikiPathways_2024_Human,-0.8784838973248935,Downregulated,0.8947585035645178,2/21,5.42%
Keratan Sulfate Biosynthesis R-HSA-2022854,Reactome_2022,-0.878526178698403,Downregulated,0.8950474337237264,4/24,13.48%
PI-3K cascade:FGFR2 R-HSA-5654695,Reactome_2022,-0.878576387187713,Downregulated,0.8953281951125347,3/17,11.02%
Ras Protein Signal Transduction (GO:0007265),GO_Biological_Process_2025,-0.8786667660796086,Downregulated,0.8954843814981539,23/61,26.57%
INO80-type Complex (GO:0097346),GO_Cellular_Component_2025,-0.8786890305972231,Downregulated,0.8958188004723782,8/26,20.12%
Double-Stranded DNA Binding (GO:0003690),GO_Molecular_Function_2025,-0.8787520860325684,Downregulated,0.8960617917815223,100/450,21.79%
mTORC1-mediated Signaling R-HSA-166208,Reactome_2022,-0.8788712021399869,Downregulated,0.8961515318638561,7/24,17.53%
Calcium/Calmodulin-Dependent Protein Kinase Activity (GO:0004683),GO_Molecular_Function_2025,-0.8788764524168234,Downregulated,0.8965320617470475,4/22,9.81%
Regulation of Cell Fate Specification (GO:0042659),GO_Biological_Process_2025,-0.8795472608551618,Downregulated,0.8953431362828649,7/15,20.94%
Negative Regulation of Proteolysis Involved in Protein Catabolic Process (GO:1903051),GO_Biological_Process_2025,-0.8805005556347223,Downregulated,0.8933763680007053,10/24,28.18%
Regulation of Myoblast Differentiation (GO:0045661),GO_Biological_Process_2025,-0.8813461901354316,Downregulated,0.8916910335687285,13/50,19.33%
Actin Cytoskeleton (GO:0015629),GO_Cellular_Component_2025,-0.8815569355806087,Downregulated,0.8915422554696637,115/326,29.53%
Import Into Nucleus (GO:0051170),GO_Biological_Process_2025,-0.8817615354459925,Downregulated,0.8914446366833647,21/68,27.36%
Regulation of Extrinsic Apoptotic Signaling Pathway via Death Domain Receptors (GO:1902041),GO_Biological_Process_2025,-0.88252255849054,Downregulated,0.8898990432135327,2/28,0.73%
Fat digestion and absorption,KEGG_2021_Human,-0.88269933514664,Downregulated,0.8898572395991423,3/31,6.52%
Acute Viral Myocarditis WP4298,WikiPathways_2024_Human,-0.882930049997224,Downregulated,0.8896507325736904,26/81,28.89%
Ribosomal Small Subunit Assembly (GO:0000028),GO_Biological_Process_2025,-0.8830499588670128,Downregulated,0.8897290257797094,7/16,25.97%
Apoptotic Factor-Mediated Response R-HSA-111471,Reactome_2022,-0.8831227191615943,Downregulated,0.8899605419312765,7/17,28.84%
Monoatomic Anion Transport (GO:0006820),GO_Biological_Process_2025,-0.8836623283972298,Downregulated,0.8889930005926462,10/41,14.52%
Positive Regulation of TORC1 Signaling (GO:1904263),GO_Biological_Process_2025,-0.8837735867029575,Downregulated,0.8891013398308785,9/50,16.48%
10Q11 21Q11 23 Copy Number Variation Syndrome WP5352,WikiPathways_2024_Human,-0.8839546206423772,Downregulated,0.8890611936262478,15/53,24.44%
Negative Regulation of Protein Catabolic Process (GO:0042177),GO_Biological_Process_2025,-0.8840379438279605,Downregulated,0.889243983066369,8/50,10.45%
Protein Localization to Synapse (GO:0035418),GO_Biological_Process_2025,-0.8841689845240605,Downregulated,0.8893329266467501,4/16,11.73%
Protein Acylation (GO:0043543),GO_Biological_Process_2025,-0.8844591930086091,Downregulated,0.8890154621472096,9/33,17.93%
Factors And Pathways Affecting IGF1 Akt Signaling WP3850,WikiPathways_2024_Human,-0.8846863209748294,Downregulated,0.88884602958368,8/34,18.43%
Fatty acid biosynthesis,KEGG_2021_Human,-0.885117744512636,Downregulated,0.8881483409240142,2/17,4.23%
Presynaptic Endocytosis (GO:0140238),GO_Biological_Process_2025,-0.8851455299388702,Downregulated,0.8884625508562108,7/19,20.48%
Regulation of Protein Catabolic Process (GO:0042176),GO_Biological_Process_2025,-0.8854475499924099,Downregulated,0.8881127280780202,12/117,6.84%
Intracellular Monoatomic Cation Homeostasis (GO:0030003),GO_Biological_Process_2025,-0.8855985539502593,Downregulated,0.8881199271844392,44/171,21.35%
HCMV Infection R-HSA-9609646,Reactome_2022,-0.8860872189034237,Downregulated,0.8873141168364046,19/88,21.46%
Antigen processing-Cross Presentation R-HSA-1236975,Reactome_2022,-0.8863265690375933,Downregulated,0.8871450721090196,40/95,34.56%
Autophagy R-HSA-9612973,Reactome_2022,-0.8868372902589203,Downregulated,0.8862671862650201,25/118,16.48%
Desmosome (GO:0030057),GO_Cellular_Component_2025,-0.8869868046113903,Downregulated,0.8863146536778406,7/17,26.71%
ADHD And Autism ASD Pathways WP5420,WikiPathways_2024_Human,-0.8875636156550794,Downregulated,0.8853059181974556,62/303,19.50%
Protein Homooligomerization (GO:0051260),GO_Biological_Process_2025,-0.8881509452374396,Downregulated,0.8842188571310711,43/123,28.88%
Enterocyte Cholesterol Metabolism WP5333,WikiPathways_2024_Human,-0.8888283715184175,Downregulated,0.8828647916912276,5/30,12.97%
Bardet Biedl Syndrome WP5234,WikiPathways_2024_Human,-0.8889697163093596,Downregulated,0.8829001348152825,18/86,22.66%
Interleukin-12 Family Signaling R-HSA-447115,Reactome_2022,-0.8892361378422471,Downregulated,0.8826045419243754,5/51,5.70%
Peroxisomal Protein Import R-HSA-9033241,Reactome_2022,-0.8893920321751898,Downregulated,0.8826125193379996,12/57,15.19%
ESR-mediated Signaling R-HSA-8939211,Reactome_2022,-0.8895603641566558,Downregulated,0.8825878591557204,30/158,16.98%
Positive Regulation of Apoptotic Process (GO:0043065),GO_Biological_Process_2025,-0.8895643051871092,Downregulated,0.8829668678437925,59/279,18.82%
Inorganic Cation Transmembrane Transporter Activity (GO:0022890),GO_Molecular_Function_2025,-0.8896465727704154,Downregulated,0.8831592780167192,4/31,4.36%
Transmembrane Receptor Protein Serine/Threonine Kinase Binding (GO:0070696),GO_Molecular_Function_2025,-0.8900961836807271,Downregulated,0.8824580146234301,3/15,13.87%
Stress-Activated Protein Kinase Signaling Cascade (GO:0031098),GO_Biological_Process_2025,-0.890124527756441,Downregulated,0.8827865434474013,5/17,17.31%
IL18 Signaling WP4754,WikiPathways_2024_Human,-0.8902991381316612,Downregulated,0.8827302608009334,17/52,31.91%
Regulation of B Cell Differentiation (GO:0045577),GO_Biological_Process_2025,-0.8904055515900229,Downregulated,0.882857444895038,9/18,28.22%
Retinoic Acid Metabolic Process (GO:0042573),GO_Biological_Process_2025,-0.8905034617704126,Downregulated,0.8830046062736389,4/15,18.21%
Regulation of Dendrite Extension (GO:1903859),GO_Biological_Process_2025,-0.890572917347013,Downregulated,0.8832335362809346,2/15,3.89%
Positive Regulation of Dendrite Extension (GO:1903861),GO_Biological_Process_2025,-0.890572917347013,Downregulated,0.8832335362809346,2/15,3.89%
Pentose and glucuronate interconversions,KEGG_2021_Human,-0.8906908248203448,Downregulated,0.8837479203734523,4/20,6.06%
Bacterial invasion of epithelial cells,KEGG_2021_Human,-0.8907780840527463,Downregulated,0.8839086541805581,20/71,22.87%
Regulation Of mRNA Stability By Proteins That Bind AU-rich Elements R-HSA-450531,Reactome_2022,-0.8913849047881992,Downregulated,0.8828088851187561,31/82,34.56%
Neuron Projection Development (GO:0031175),GO_Biological_Process_2025,-0.89155145600073,Downregulated,0.8827798627087887,34/179,16.56%
Cytoskeleton-Dependent Intracellular Transport (GO:0030705),GO_Biological_Process_2025,-0.8916035699381295,Downregulated,0.8830453916841849,2/15,10.76%
HCMV Late Events R-HSA-9610379,Reactome_2022,-0.8917989912451024,Downregulated,0.882930245578301,9/62,16.16%
Genes Related To Primary Cilium Development Based On CRISPR WP4536,WikiPathways_2024_Human,-0.8923103651156586,Downregulated,0.8819655028076986,23/102,22.66%
Negative Regulation of Rho Protein Signal Transduction (GO:0035024),GO_Biological_Process_2025,-0.8926159071797107,Downregulated,0.881623815493764,4/19,11.30%
Photodynamic Therapy Induced NF kB Survival Signaling WP3617,WikiPathways_2024_Human,-0.8929712551309478,Downregulated,0.8810924538272551,9/31,23.50%
Epidermis Development (GO:0008544),GO_Biological_Process_2025,-0.8932707767805764,Downregulated,0.8807462859197844,11/54,15.44%
Negative Regulation of Mitotic Cell Cycle Phase Transition (GO:1901991),GO_Biological_Process_2025,-0.893589409639651,Downregulated,0.880330686504793,10/36,18.00%
Relevant Molecular Pathways And Targeted Agents In TNBC WP5215,WikiPathways_2024_Human,-0.8936761698013834,Downregulated,0.8805230169714323,15/37,28.89%
BMP Signaling Pathway (GO:0030509),GO_Biological_Process_2025,-0.8938102773516282,Downregulated,0.8805793203621171,6/40,12.20%
Cellular Response To Heat Stress R-HSA-3371556,Reactome_2022,-0.8940326429943166,Downregulated,0.8804155999591372,19/89,18.67%
Mitotic DNA Damage Checkpoint Signaling (GO:0044773),GO_Biological_Process_2025,-0.8942458636942918,Downregulated,0.8802625508327422,15/59,18.61%
Cellular Response to Alcohol (GO:0097306),GO_Biological_Process_2025,-0.8944515057846036,Downregulated,0.8801732263843669,8/48,15.53%
Initiation Of Nuclear Envelope (NE) Reformation R-HSA-2995383,Reactome_2022,-0.8946091766105058,Downregulated,0.8801791177460646,4/19,12.14%
Transition Metal Ion Binding (GO:0046914),GO_Molecular_Function_2025,-0.8946573620988942,Downregulated,0.880456407974504,83/390,19.52%
Metaphase Chromosome Alignment (GO:0051310),GO_Biological_Process_2025,-0.8948385224982384,Downregulated,0.8804044444317937,8/50,11.15%
Thyroid hormone synthesis,KEGG_2021_Human,-0.8953822174586624,Downregulated,0.8793569641768261,16/65,18.73%
Potassium Ion Import Across Plasma Membrane (GO:1990573),GO_Biological_Process_2025,-0.895450180661948,Downregulated,0.879589778677575,5/33,6.95%
Regulation of Epidermal Cell Differentiation (GO:0045604),GO_Biological_Process_2025,-0.8956960756166424,Downregulated,0.8793571791850978,7/17,30.78%
Regulation of Vascular Endothelial Growth Factor Production (GO:0010574),GO_Biological_Process_2025,-0.8957476768571755,Downregulated,0.8796401549919521,9/29,18.18%
Sphingolipid signaling pathway,KEGG_2021_Human,-0.8957481973822528,Downregulated,0.880038541909145,24/114,19.60%
Neuron Projection Extension (GO:1990138),GO_Biological_Process_2025,-0.8957611876305978,Downregulated,0.8804074023757077,11/35,21.50%
Programmed Cell Death R-HSA-5357801,Reactome_2022,-0.8958893709109481,Downregulated,0.8804677916305517,70/187,34.56%
Negative Regulation of Calcium Ion Transmembrane Transport (GO:1903170),GO_Biological_Process_2025,-0.8961422115113693,Downregulated,0.880200251614572,5/18,21.48%
Cellular Response to BMP Stimulus (GO:0071773),GO_Biological_Process_2025,-0.8964968630674192,Downregulated,0.8797028291857625,11/46,21.27%
Intermediate Filament (GO:0005882),GO_Cellular_Component_2025,-0.8970520737659575,Downregulated,0.8786621713147099,14/40,25.17%
RND1 GTPase Cycle R-HSA-9696273,Reactome_2022,-0.8973404218759811,Downregulated,0.8783275392577283,6/41,11.49%
3'-5' Exonuclease Activity (GO:0008408),GO_Molecular_Function_2025,-0.898445149213465,Downregulated,0.8758930566649368,7/43,12.60%
Regulation of Supramolecular Fiber Organization (GO:1902903),GO_Biological_Process_2025,-0.8986353666896411,Downregulated,0.8757776473501021,4/27,10.35%
DDX58/IFIH1-mediated Induction Of Interferon-Alpha/Beta R-HSA-168928,Reactome_2022,-0.898681337798822,Downregulated,0.8760455552231815,15/59,20.79%
Amino Acids Regulate mTORC1 R-HSA-9639288,Reactome_2022,-0.8986942995941386,Downregulated,0.8764124715804891,16/54,23.45%
Neuromuscular Process (GO:0050905),GO_Biological_Process_2025,-0.8987001086196875,Downregulated,0.8767966459772233,7/16,26.84%
Regulation of Heterotypic Cell-Cell Adhesion (GO:0034114),GO_Biological_Process_2025,-0.8987821459792287,Downregulated,0.8769861935217947,5/19,16.70%
Positive Regulation of Chromosome Segregation (GO:0051984),GO_Biological_Process_2025,-0.8989190050212498,Downregulated,0.8770180030551276,4/18,21.65%
Cellular Component Disassembly (GO:0022411),GO_Biological_Process_2025,-0.9006100410428842,Downregulated,0.8730013129518577,11/37,27.37%
TGF Beta Receptor Signaling In Skeletal Dysplasias WP4816,WikiPathways_2024_Human,-0.9016466520299564,Downregulated,0.8707288586175531,12/56,20.28%
Overview Of Nanoparticle Effects WP3287,WikiPathways_2024_Human,-0.901841370696836,Downregulated,0.8706227019669923,8/18,36.96%
Signaling By NTRKs R-HSA-166520,Reactome_2022,-0.9019904978266856,Downregulated,0.8706253819015031,25/121,16.50%
Solute:Inorganic Anion Antiporter Activity (GO:0005452),GO_Molecular_Function_2025,-0.9020289156133844,Downregulated,0.8709084643878663,4/15,14.77%
RND3 GTPase Cycle R-HSA-9696264,Reactome_2022,-0.902216883065774,Downregulated,0.8708110106427046,6/40,11.56%
"Phosphotransferase Activity, Phosphate Group as Acceptor (GO:0016776)",GO_Molecular_Function_2025,-0.9023218560907444,Downregulated,0.8709129972363178,5/24,16.36%
Target Of Rapamycin Signaling WP1471,WikiPathways_2024_Human,-0.9028389857754852,Downregulated,0.8699434846994207,9/36,19.86%
Mitochondrial Ribosome Assembly (GO:0061668),GO_Biological_Process_2025,-0.9031120641375796,Downregulated,0.8696386088766036,4/15,18.84%
Nonhomologous End-Joining (NHEJ) R-HSA-5693571,Reactome_2022,-0.9034587903050718,Downregulated,0.8691259640672435,9/37,19.33%
RNA Polymerase I Transcription Termination R-HSA-73863,Reactome_2022,-0.903692963633976,Downregulated,0.8688995127107874,8/30,18.65%
Protein Localization to Vacuole (GO:0072665),GO_Biological_Process_2025,-0.9037839369438952,Downregulated,0.8690810704382461,2/15,2.39%
Regulation of Microtubule Polymerization (GO:0031113),GO_Biological_Process_2025,-0.9038838313531208,Downregulated,0.869238609563737,14/50,23.04%
Regulation of mRNA Metabolic Process (GO:1903311),GO_Biological_Process_2025,-0.9042801751292552,Downregulated,0.8685538121213149,8/16,28.07%
G0 And Early G1 R-HSA-1538133,Reactome_2022,-0.904792759400238,Downregulated,0.8676290583219833,7/26,20.47%
Regulation of Monoatomic Ion Transmembrane Transport (GO:0034765),GO_Biological_Process_2025,-0.9057256834391072,Downregulated,0.8655651667433428,4/21,7.56%
Cytokine Receptor Binding (GO:0005126),GO_Molecular_Function_2025,-0.9060144017688858,Downregulated,0.86524503718148,17/80,19.04%
Mitotic Spindle (GO:0072686),GO_Cellular_Component_2025,-0.906434144500795,Downregulated,0.8645025958665752,38/146,22.60%
RNA Metabolic Process (GO:0016070),GO_Biological_Process_2025,-0.9064765871930224,Downregulated,0.8647968093047552,16/60,20.31%
COVID 19 Structural Coverage Map WP5145,WikiPathways_2024_Human,-0.9066270216249752,Downregulated,0.864812263454554,11/25,27.19%
Envelope Proteins And Potential Roles In EDMD Physiopathology WP4535,WikiPathways_2024_Human,-0.9068317938476192,Downregulated,0.8646589122161025,9/44,13.55%
Regulation of MAPK Cascade (GO:0043408),GO_Biological_Process_2025,-0.907159981200294,Downregulated,0.864206812992331,41/228,15.30%
cGMP-PKG signaling pathway,KEGG_2021_Human,-0.9072908536825652,Downregulated,0.864281102370421,36/153,22.22%
Polyol Metabolic Process (GO:0019751),GO_Biological_Process_2025,-0.9074731487463472,Downregulated,0.8642040856062785,5/16,16.36%
CDK-mediated Phosphorylation And Removal Of Cdc6 R-HSA-69017,Reactome_2022,-0.907527577839124,Downregulated,0.8644553121307319,30/69,35.86%
Regulation of Cell Cycle (GO:0051726),GO_Biological_Process_2025,-0.9081370921462478,Downregulated,0.8632618512108166,66/293,20.28%
Protein Phosphatase Binding (GO:0019903),GO_Molecular_Function_2025,-0.9083130729230314,Downregulated,0.8631737447828812,33/116,22.76%
Activation Of NF-kappaB In B Cells R-HSA-1169091,Reactome_2022,-0.9088507419594356,Downregulated,0.8621761805153684,26/64,35.06%
Cyclic Nucleotide Binding (GO:0030551),GO_Molecular_Function_2025,-0.909032085813952,Downregulated,0.862105763351994,9/22,29.94%
Early SARS-CoV-2 Infection Events R-HSA-9772572,Reactome_2022,-0.9096312883552418,Downregulated,0.8609477828972077,7/30,14.41%
Amyloid Fiber Formation R-HSA-977225,Reactome_2022,-0.9097647980016972,Downregulated,0.8610075353545044,8/46,12.43%
Hypothesized Pathways In Pathogenesis Of Cardiovascular Disease WP3668,WikiPathways_2024_Human,-0.9100211872337524,Downregulated,0.860721327934593,8/24,22.22%
Nephrin Family Interactions R-HSA-373753,Reactome_2022,-0.9106615165087002,Downregulated,0.859410751696657,5/20,10.74%
Glucose Metabolic Process (GO:0006006),GO_Biological_Process_2025,-0.9108735639692908,Downregulated,0.8592628492882799,16/49,27.24%
Regulation of Stem Cell Differentiation (GO:2000736),GO_Biological_Process_2025,-0.9109013202746868,Downregulated,0.8595973513198236,13/45,19.33%
Regulation of Androgen Receptor Signaling Pathway (GO:0060765),GO_Biological_Process_2025,-0.9109653257246604,Downregulated,0.8598354997954216,9/28,20.45%
Regulation of Receptor Signaling Pathway via JAK-STAT (GO:0046425),GO_Biological_Process_2025,-0.9111322221093106,Downregulated,0.8597737375818494,11/43,18.74%
Positive Regulation of Monooxygenase Activity (GO:0032770),GO_Biological_Process_2025,-0.9111783879083344,Downregulated,0.8600383242357599,9/19,29.32%
Cortical Actin Cytoskeleton (GO:0030864),GO_Cellular_Component_2025,-0.911412846070217,Downregulated,0.859833625422959,9/47,13.20%
Regulation of Bicellular Tight Junction Assembly (GO:2000810),GO_Biological_Process_2025,-0.9116588619239512,Downregulated,0.8595552680817093,4/16,14.81%
Keratinocyte Differentiation (GO:0030216),GO_Biological_Process_2025,-0.91168365529671,Downregulated,0.8598991931374541,12/29,30.28%
Negative Regulation of Metabolic Process (GO:0009892),GO_Biological_Process_2025,-0.9119814494491906,Downregulated,0.8595303577445128,20/60,24.67%
Breast Cancer Pathway WP4262,WikiPathways_2024_Human,-0.9120739160525504,Downregulated,0.8596990252116034,21/134,14.33%
RA Biosynthesis Pathway R-HSA-5365859,Reactome_2022,-0.912118702561032,Downregulated,0.8599816031658506,5/19,18.21%
"Regulation of Synaptic Transmission, Glutamatergic (GO:0051966)",GO_Biological_Process_2025,-0.9122287703156958,Downregulated,0.8600864829410939,6/41,6.51%
Negative Regulation of G Protein-Coupled Receptor Signaling Pathway (GO:0045744),GO_Biological_Process_2025,-0.9124914415283252,Downregulated,0.8597901620822527,8/35,14.99%
Filopodium Assembly (GO:0046847),GO_Biological_Process_2025,-0.9133543165697288,Downregulated,0.857867518882004,3/17,9.82%
RHOD GTPase Cycle R-HSA-9013405,Reactome_2022,-0.914707800567974,Downregulated,0.8546866631852947,19/51,29.89%
APC/C:Cdc20 Mediated Degradation Of Securin R-HSA-174154,Reactome_2022,-0.9149783640181536,Downregulated,0.8543795788097867,28/64,34.56%
Negative Regulation of ERK1 and ERK2 Cascade (GO:0070373),GO_Biological_Process_2025,-0.9150412039384216,Downregulated,0.8546157282871679,14/44,28.36%
TP53 Network WP1742,WikiPathways_2024_Human,-0.9152224107092962,Downregulated,0.854572378917767,8/17,31.22%
Signaling By EGFR In Cancer R-HSA-1643713,Reactome_2022,-0.9156053206984772,Downregulated,0.8539390638134604,5/24,12.39%
Peptidyl-Lysine Methylation (GO:0018022),GO_Biological_Process_2025,-0.9159817393693028,Downregulated,0.8533449131137093,7/16,27.76%
Pleural Mesothelioma WP5087,WikiPathways_2024_Human,-0.9160602071167115,Downregulated,0.8535205160394299,67/400,14.99%
HIV Life Cycle R-HSA-162587,Reactome_2022,-0.9160785410672234,Downregulated,0.8538790026714356,23/139,16.16%
Regulation of Osteoclast Differentiation (GO:0045670),GO_Biological_Process_2025,-0.9165715841542672,Downregulated,0.8529772574170881,8/41,19.13%
mTOR signaling pathway,KEGG_2021_Human,-0.9166283555562752,Downregulated,0.8532219397040146,39/143,24.15%
Interleukin-7 Signaling R-HSA-1266695,Reactome_2022,-0.9167108698900626,Downregulated,0.8534084788052215,7/22,21.18%
Cellular Response to Insulin Stimulus (GO:0032869),GO_Biological_Process_2025,-0.917225872545134,Downregulated,0.852399111393764,28/101,23.16%
Mitotic Cytokinetic Process (GO:1902410),GO_Biological_Process_2025,-0.9176884127245664,Downregulated,0.8515550898904957,5/21,19.55%
Alpha 6 Beta 4 Signaling WP244,WikiPathways_2024_Human,-0.9181266389841816,Downregulated,0.8507889647172734,10/33,22.56%
Mitotic Cell Cycle Checkpoint Signaling (GO:0007093),GO_Biological_Process_2025,-0.9182870891963734,Downregulated,0.8507818306495677,6/24,18.61%
poly(A)+ mRNA Export From Nucleus (GO:0016973),GO_Biological_Process_2025,-0.9184568611675484,Downregulated,0.850724056121776,7/19,20.20%
Monoatomic Ion Channel Activity (GO:0005216),GO_Molecular_Function_2025,-0.9186835314933453,Downregulated,0.850500745801476,17/52,21.75%
Positive Regulation of Mitotic Cell Cycle Phase Transition (GO:1901992),GO_Biological_Process_2025,-0.9189405727822996,Downregulated,0.8501837461321546,15/61,22.67%
Small Cell Lung Cancer WP4658,WikiPathways_2024_Human,-0.9193429242427544,Downregulated,0.849530666070595,18/92,19.52%
NOTCH2 Activation And Transmission Of Signal To Nucleus R-HSA-2979096,Reactome_2022,-0.919373459135884,Downregulated,0.8498520983197589,8/21,29.56%
Aberrant Regulation Of Mitotic Cell Cycle Due To RB1 Defects R-HSA-9687139,Reactome_2022,-0.9195349744045987,Downregulated,0.8498112308766915,5/35,8.65%
Chemokine Receptor Binding (GO:0042379),GO_Molecular_Function_2025,-0.9200264168317012,Downregulated,0.8488879325554715,10/30,20.47%
Vesicle Organization (GO:0016050),GO_Biological_Process_2025,-0.9200768396328546,Downregulated,0.8491434752379635,10/58,10.94%
Growth Factors And Hormones In Beta Cell Proliferation WP5385,WikiPathways_2024_Human,-0.9205621087036104,Downregulated,0.8482540025593581,8/23,20.28%
Acylglycerol Metabolic Process (GO:0006639),GO_Biological_Process_2025,-0.9205688749741338,Downregulated,0.8486303948554794,6/36,7.18%
Signaling By FGFR1 R-HSA-5654736,Reactome_2022,-0.920655429959057,Downregulated,0.8488126948506699,7/42,12.39%
Downstream Signaling Of Activated FGFR2 R-HSA-5654696,Reactome_2022,-0.9208298784362714,Downregulated,0.8487203229356712,4/23,11.02%
Negative Regulation of Macromolecule Biosynthetic Process (GO:0010558),GO_Biological_Process_2025,-0.9208328348954176,Downregulated,0.8491161410559495,48/186,21.43%
Positive Regulation of Signal Transduction by P53 Class Mediator (GO:1901798),GO_Biological_Process_2025,-0.9209887972501084,Downregulated,0.8490764687611035,4/26,9.48%
Insulin secretion,KEGG_2021_Human,-0.921386666923757,Downregulated,0.8483599986744222,20/73,21.08%
Positive Regulation of Viral Process (GO:0048524),GO_Biological_Process_2025,-0.921824485900618,Downregulated,0.8476201859980473,8/35,14.89%
TGF Beta Receptor Signaling WP560,WikiPathways_2024_Human,-0.9218331459394424,Downregulated,0.8479980934653432,12/52,20.28%
Negative Regulation of Fibroblast Proliferation (GO:0048147),GO_Biological_Process_2025,-0.9246456472663946,Downregulated,0.8406951217104807,5/17,16.77%
Mesoderm Formation (GO:0001707),GO_Biological_Process_2025,-0.9246575848493108,Downregulated,0.8410672655830486,7/19,21.79%
Glycerophospholipid Biosynthetic Pathway WP2533,WikiPathways_2024_Human,-0.9257361234119889,Downregulated,0.8385974366897533,6/28,10.38%
ERBB Signaling Pathway (GO:0038127),GO_Biological_Process_2025,-0.926849416593897,Downregulated,0.8359645352563454,11/54,17.64%
Tryptophan Metabolism WP465,WikiPathways_2024_Human,-0.9270614138341482,Downregulated,0.8358156184171573,2/30,0.78%
Potassium Channel Regulator Activity (GO:0015459),GO_Molecular_Function_2025,-0.9272893439403248,Downregulated,0.8355943630773252,7/41,9.60%
Hexose Metabolic Process (GO:0019318),GO_Biological_Process_2025,-0.9276141231955816,Downregulated,0.8350976222228057,9/43,16.76%
HDR Thru Single Strand Annealing (SSA) R-HSA-5685938,Reactome_2022,-0.9277573279727148,Downregulated,0.8351062681998905,4/36,1.96%
Regulation of Proteolysis (GO:0030162),GO_Biological_Process_2025,-0.9279889830874158,Downregulated,0.834915101053189,13/47,17.33%
Negative Regulation of Epithelial to Mesenchymal Transition (GO:0010719),GO_Biological_Process_2025,-0.9280613543512856,Downregulated,0.8351304196092333,6/35,14.38%
Autodegradation Of Cdh1 By Cdh1:APC/C R-HSA-174084,Reactome_2022,-0.9283031670853844,Downregulated,0.8348461988681704,26/61,34.56%
DNA-directed DNA Polymerase Activity (GO:0003887),GO_Molecular_Function_2025,-0.928318510141147,Downregulated,0.8352139080533613,2/17,3.75%
Negative Regulation of Double-Strand Break Repair (GO:2000780),GO_Biological_Process_2025,-0.9285206420575328,Downregulated,0.8350469538217464,10/34,19.33%
Apoptosis Modulation And Signaling WP1772,WikiPathways_2024_Human,-0.9286198045756484,Downregulated,0.8351760074510955,16/80,15.47%
Thioester Metabolic Process (GO:0035383),GO_Biological_Process_2025,-0.9292282261138076,Downregulated,0.8338830174887423,4/17,16.96%
Nanomaterial Induced Apoptosis WP2507,WikiPathways_2024_Human,-0.9293301915076564,Downregulated,0.8340002146412959,9/20,28.84%
Late Phase Of HIV Life Cycle R-HSA-162599,Reactome_2022,-0.929372312176626,Downregulated,0.8342781061763924,21/126,16.16%
Fatty acid elongation,KEGG_2021_Human,-0.9293747978929832,Downregulated,0.8346683245708357,4/26,9.28%
Positive Epigenetic Regulation Of rRNA Expression R-HSA-5250913,Reactome_2022,-0.9299505590820872,Downregulated,0.8335030376105336,15/52,18.65%
TP53 Regulates Transcription Of Genes Involved In Cytochrome C Release R-HSA-6803204,Reactome_2022,-0.9301731309839092,Downregulated,0.8333135309522518,8/19,30.29%
Ubiquitin-Dependent Protein Catabolic Process (GO:0006511),GO_Biological_Process_2025,-0.9305686063279622,Downregulated,0.8326377378658286,102/425,22.58%
Neuromuscular Junction (GO:0031594),GO_Cellular_Component_2025,-0.9310592182344104,Downregulated,0.8316525388385283,8/34,15.34%
Negative Regulation of Macroautophagy (GO:0016242),GO_Biological_Process_2025,-0.9313219264804976,Downregulated,0.83132318034407,7/26,26.22%
Cytosolic Small Ribosomal Subunit (GO:0022627),GO_Cellular_Component_2025,-0.9313829656513408,Downregulated,0.8315496897785469,12/30,28.65%
Phosphatase Binding (GO:0019902),GO_Molecular_Function_2025,-0.9318531321150296,Downregulated,0.830630816925431,34/109,26.39%
Negative Regulation of Lymphocyte Activation (GO:0051250),GO_Biological_Process_2025,-0.932186792995577,Downregulated,0.8301484011185516,10/23,22.71%
Protein Localization to Cell Junction (GO:1902414),GO_Biological_Process_2025,-0.9326550405186086,Downregulated,0.8292457738234302,7/27,11.73%
Cdc20:Phospho-APC/C Mediated Degradation Of Cyclin A R-HSA-174184,Reactome_2022,-0.9332318591955088,Downregulated,0.82806652575279,31/69,35.86%
Damaged DNA Binding (GO:0003684),GO_Molecular_Function_2025,-0.9334577388284948,Downregulated,0.8278477227241162,8/45,10.63%
Positive Regulation of Synaptic Transmission (GO:0050806),GO_Biological_Process_2025,-0.9341398755597512,Downregulated,0.8263808741075069,14/73,12.00%
Regulation of Calcium Ion Transport (GO:0051924),GO_Biological_Process_2025,-0.934177911465577,Downregulated,0.8266627252181806,10/54,9.69%
Post-Translational Protein Modification (GO:0043687),GO_Biological_Process_2025,-0.9341782964744078,Downregulated,0.827059966143855,22/46,31.70%
Retinol metabolism,KEGG_2021_Human,-0.9341866138910312,Downregulated,0.8274310995708203,8/38,14.14%
Positive Regulation of Potassium Ion Transmembrane Transport (GO:1901381),GO_Biological_Process_2025,-0.9342085164083218,Downregulated,0.8277720547408086,4/16,14.50%
Macromolecule Modification (GO:0043412),GO_Biological_Process_2025,-0.9343506053349324,Downregulated,0.8277899641735886,20/78,17.70%
Defense Response to Bacterium (GO:0042742),GO_Biological_Process_2025,-0.934640314853748,Downregulated,0.8274214999815582,39/138,21.78%
Regulation of Mitochondrion Organization (GO:0010821),GO_Biological_Process_2025,-0.9348671588814034,Downregulated,0.827180193107409,8/29,19.53%
Insulin resistance,KEGG_2021_Human,-0.9349489985646244,Downregulated,0.8273450439937057,29/103,26.92%
mRNA Binding (GO:0003729),GO_Molecular_Function_2025,-0.9349938304850632,Downregulated,0.827613433421828,71/279,25.16%
+ Reg of Phosphatidylinositol 3-Kinase/Prot Kinase B Signal Transduction (GO:0051897),GO_Biological_Process_2025,-0.9351890540981088,Downregulated,0.827488010812333,38/147,21.18%
Anion Binding (GO:0043168),GO_Molecular_Function_2025,-0.9356485811252064,Downregulated,0.8266421587190347,97/355,24.69%
Inflammatory Response Pathway WP453,WikiPathways_2024_Human,-0.9359275406446862,Downregulated,0.8262888433556932,16/28,35.89%
Cellular Response to Interleukin-1 (GO:0071347),GO_Biological_Process_2025,-0.9359774923693556,Downregulated,0.8265410388169097,15/51,27.38%
mRNA Capping R-HSA-72086,Reactome_2022,-0.936879820949406,Downregulated,0.8244788925004177,4/29,4.70%
Regulation of Kinase Activity (GO:0043549),GO_Biological_Process_2025,-0.9371877626343436,Downregulated,0.8240464012747747,8/26,16.30%
Plasma Membrane Organization (GO:0007009),GO_Biological_Process_2025,-0.9372922972879498,Downregulated,0.8241547411025684,15/69,20.74%
Negative Regulation of Protein Transport (GO:0051224),GO_Biological_Process_2025,-0.937612633366932,Downregulated,0.8236828283521934,3/25,3.14%
Mitotic Prometaphase R-HSA-68877,Reactome_2022,-0.93772689848628,Downregulated,0.8237574535194931,35/182,16.49%
Positive Regulation of Vascular Associated Smooth Muscle Cell Proliferation (GO:1904707),GO_Biological_Process_2025,-0.9378769871885996,Downregulated,0.8237421983335605,5/21,15.07%
Regulation of Cellular Response to Stress (GO:0080135),GO_Biological_Process_2025,-0.938080301938622,Downregulated,0.8235748053286667,36/105,31.91%
Intermediate Filament Organization (GO:0045109),GO_Biological_Process_2025,-0.9383091058846575,Downregulated,0.8233596155861898,12/28,26.38%
Tie2 Signaling R-HSA-210993,Reactome_2022,-0.9385748999066262,Downregulated,0.823037859602459,4/17,11.02%
Platelet Alpha Granule Membrane (GO:0031092),GO_Cellular_Component_2025,-0.9385904327139464,Downregulated,0.823395528002036,3/16,12.78%
Signaling By Nuclear Receptors R-HSA-9006931,Reactome_2022,-0.9390219302316144,Downregulated,0.8226005122932957,42/222,16.98%
Metal Ion Transport (GO:0030001),GO_Biological_Process_2025,-0.9398008208315674,Downregulated,0.8209380729187604,32/145,17.58%
Activated NOTCH1 Transmits Signal To Nucleus R-HSA-2122948,Reactome_2022,-0.9400200782592992,Downregulated,0.8207187463662596,9/30,22.10%
Synthesis Of Substrates In N-glycan Biosythesis R-HSA-446219,Reactome_2022,-0.9401493719368292,Downregulated,0.8207806028590265,8/58,8.46%
Phosphorylation Of APC/C R-HSA-176412,Reactome_2022,-0.9404909597179948,Downregulated,0.8202351526345577,4/19,11.25%
Midbody Abscission (GO:0061952),GO_Biological_Process_2025,-0.9407394323198314,Downregulated,0.8199259375423424,10/18,38.03%
mRNA Stabilization (GO:0048255),GO_Biological_Process_2025,-0.940979262049019,Downregulated,0.8196426762280876,20/51,31.88%
Sphingolipid metabolism,KEGG_2021_Human,-0.94107332490419,Downregulated,0.8197957753648335,16/44,29.17%
Salmonella infection,KEGG_2021_Human,-0.9412865565849804,Downregulated,0.8196260586014628,59/229,23.71%
Amide Biosynthetic Process (GO:0043604),GO_Biological_Process_2025,-0.9415462878333222,Downregulated,0.8193176946526759,19/65,23.01%
Arachidonate Metabolic Process (GO:0019369),GO_Biological_Process_2025,-0.9415735080588,Downregulated,0.8196403920294965,7/33,11.58%
Protein K48-linked Ubiquitination (GO:0070936),GO_Biological_Process_2025,-0.941750969752042,Downregulated,0.8195651010345305,24/84,22.16%
Prostaglandin Metabolic Process (GO:0006693),GO_Biological_Process_2025,-0.941898398537189,Downregulated,0.8195494234192214,8/24,22.87%
Clathrin-Coated Vesicle Membrane (GO:0030665),GO_Cellular_Component_2025,-0.9421027360555806,Downregulated,0.8193557525675332,10/76,10.32%
Positive Regulation of Axonogenesis (GO:0050772),GO_Biological_Process_2025,-0.942317288086144,Downregulated,0.8191525201838316,4/33,1.93%
Monocyte Chemotaxis (GO:0002548),GO_Biological_Process_2025,-0.942359465593949,Downregulated,0.819446039778884,8/17,28.61%
Transcription Of E2F Targets Under Negative Control By DREAM Complex R-HSA-1362277,Reactome_2022,-0.9430104077336624,Downregulated,0.8180319128758706,5/18,16.30%
Other Interleukin Signaling R-HSA-449836,Reactome_2022,-0.9434158307046432,Downregulated,0.8173226678134466,7/22,23.71%
Positive Regulation of Hydrolase Activity (GO:0051345),GO_Biological_Process_2025,-0.9435091352137304,Downregulated,0.8174778024795138,21/89,17.56%
Positive Regulation of Dendrite Morphogenesis (GO:0050775),GO_Biological_Process_2025,-0.9443173617520404,Downregulated,0.8156126098279789,9/16,25.30%
Formation Of Incision Complex In GG-NER R-HSA-5696395,Reactome_2022,-0.945133902001518,Downregulated,0.8137350105677481,18/41,31.73%
Response to Type II Interferon (GO:0034341),GO_Biological_Process_2025,-0.9454050521482044,Downregulated,0.8134066517596221,11/49,16.32%
Ear Morphogenesis (GO:0042471),GO_Biological_Process_2025,-0.9458753905786508,Downregulated,0.8124781651158515,2/16,1.85%
DNA Polymerase Activity (GO:0034061),GO_Molecular_Function_2025,-0.9463691626181022,Downregulated,0.8115317033901216,2/19,3.75%
Regulation of BMP Signaling Pathway (GO:0030510),GO_Biological_Process_2025,-0.9471508559587364,Downregulated,0.8098032075624088,14/67,18.98%
Myeloid Cell Differentiation (GO:0030099),GO_Biological_Process_2025,-0.9472325200940448,Downregulated,0.8099722530363279,20/53,26.74%
Positive Regulation of Protein-Containing Complex Assembly (GO:0031334),GO_Biological_Process_2025,-0.9476411339575715,Downregulated,0.8092287899334744,19/98,16.23%
Protein Kinase Regulator Activity (GO:0019887),GO_Molecular_Function_2025,-0.9478759625208184,Downregulated,0.8089567780326226,29/102,23.70%
Amino Acid Transport Across Plasma Membrane R-HSA-352230,Reactome_2022,-0.9479263101900596,Downregulated,0.8092070463748373,11/30,23.93%
Regulation of Macrophage Derived Foam Cell Differentiation (GO:0010743),GO_Biological_Process_2025,-0.948367449833196,Downregulated,0.8083818552489703,11/28,24.28%
Positive Regulation of Mitotic Nuclear Division (GO:0045840),GO_Biological_Process_2025,-0.9484407941693376,Downregulated,0.8085813153930411,8/31,21.58%
PI-3K cascade:FGFR3 R-HSA-5654710,Reactome_2022,-0.9485357713611986,Downregulated,0.808716000197332,3/15,11.02%
Response to Interferon-Beta (GO:0035456),GO_Biological_Process_2025,-0.9492047554180034,Downregulated,0.8072960301124865,6/23,12.80%
RNA Catabolic Process (GO:0006401),GO_Biological_Process_2025,-0.9492854671147352,Downregulated,0.8074585923287062,16/74,16.56%
Regulation of Type I Interferon-Mediated Signaling Pathway (GO:0060338),GO_Biological_Process_2025,-0.9493232300074144,Downregulated,0.8077555935472923,5/34,8.54%
Glutamate Receptor Signaling Pathway (GO:0007215),GO_Biological_Process_2025,-0.9493807015739044,Downregulated,0.8079972569755579,8/27,19.50%
"Vesicle Targeting, Rough ER to cis-Golgi (GO:0048207)",GO_Biological_Process_2025,-0.9498290122672308,Downregulated,0.8070993293733099,7/20,21.75%
COPII Vesicle Coating (GO:0048208),GO_Biological_Process_2025,-0.9498290122672308,Downregulated,0.8070993293733099,7/20,21.75%
Regulation of Cell Junction Assembly (GO:1901888),GO_Biological_Process_2025,-0.9498618856696036,Downregulated,0.8078026184451961,7/24,15.83%
Golgi Associated Vesicle Biogenesis R-HSA-432722,Reactome_2022,-0.9501062847857732,Downregulated,0.8075193861480626,7/53,6.27%
Stabilization Of P53 R-HSA-69541,Reactome_2022,-0.9502168878721464,Downregulated,0.8076179545100527,22/53,34.56%
Signaling By ALK R-HSA-201556,Reactome_2022,-0.9503017966940388,Downregulated,0.8077902257322915,6/25,18.11%
Negative Regulation of Cell Motility (GO:2000146),GO_Biological_Process_2025,-0.9503136482361956,Downregulated,0.8081568679810804,28/130,16.11%
Monoatomic Cation Transmembrane Transport (GO:0098655),GO_Biological_Process_2025,-0.950336471566361,Downregulated,0.8084965422854218,45/242,15.67%
Regulation of Protein Import Into Nucleus (GO:0042306),GO_Biological_Process_2025,-0.950576965486746,Downregulated,0.8082599144684215,7/40,15.50%
Sensory Processing Of Sound By Outer Hair Cells Of Cochlea R-HSA-9662361,Reactome_2022,-0.9506732410301042,Downregulated,0.8083912137006924,10/40,17.40%
Integration Of Energy Metabolism R-HSA-163685,Reactome_2022,-0.950681436966742,Downregulated,0.8087666204363626,22/95,18.22%
Late Endosome Membrane (GO:0031902),GO_Cellular_Component_2025,-0.9508609687017764,Downregulated,0.8086458692344527,25/84,25.24%
tRNA Processing (GO:0008033),GO_Biological_Process_2025,-0.9509020838424171,Downregulated,0.8089336192880142,7/47,10.37%
Disorders Of Folate Metabolism And Transport WP4259,WikiPathways_2024_Human,-0.9510356915174228,Downregulated,0.808938577467336,5/18,17.91%
Intrinsic Apoptotic Signaling Pathway (GO:0097193),GO_Biological_Process_2025,-0.9517202353503896,Downregulated,0.8074684129511533,32/104,24.66%
Negative Regulation of DNA Binding (GO:0043392),GO_Biological_Process_2025,-0.9519664319467968,Downregulated,0.8072197083291383,6/22,14.33%
Brush Border Membrane (GO:0031526),GO_Cellular_Component_2025,-0.9520907885283556,Downregulated,0.8072852939412216,4/31,3.65%
miRNA Regulation Of P53 Pathway In Prostate Cancer WP3982,WikiPathways_2024_Human,-0.9521324291164428,Downregulated,0.8075886087967353,4/22,8.17%
Positive Regulation of Regulated Secretory Pathway (GO:1903307),GO_Biological_Process_2025,-0.9528760862594554,Downregulated,0.805904532505612,6/15,24.46%
Head And Neck Squamous Cell Carcinoma WP4674,WikiPathways_2024_Human,-0.953460616888878,Downregulated,0.8046461584829265,16/70,21.21%
Mitotic G2 DNA Damage Checkpoint Signaling (GO:0007095),GO_Biological_Process_2025,-0.9538020148412776,Downregulated,0.8040928123104345,8/30,14.31%
Hedgehog Off State R-HSA-5610787,Reactome_2022,-0.95388432295911,Downregulated,0.8042599122190275,37/94,34.56%
Protein Localization (GO:0008104),GO_Biological_Process_2025,-0.954690389694239,Downregulated,0.8023888119897488,70/340,19.83%
Regulation of Programmed Cell Death (GO:0043067),GO_Biological_Process_2025,-0.95501355078432,Downregulated,0.8018892055318271,55/161,27.85%
RNA Pol II CTD Phosphorylation And Interaction With CE R-HSA-77075,Reactome_2022,-0.9550458591766924,Downregulated,0.802196273819495,4/27,4.70%
RAF/MAP Kinase Cascade R-HSA-5673001,Reactome_2022,-0.9553402499465736,Downregulated,0.8017854014053126,47/246,18.11%
Negative Regulation of Neuron Apoptotic Process (GO:0043524),GO_Biological_Process_2025,-0.9561187937860328,Downregulated,0.8000478698587261,20/75,18.18%
Protein Tyrosine Phosphatase Activity (GO:0004725),GO_Molecular_Function_2025,-0.9566563340628572,Downregulated,0.7989813531065874,23/77,26.14%
Degradation Of AXIN R-HSA-4641257,Reactome_2022,-0.9567674429151672,Downregulated,0.7990768228780385,23/52,34.56%
Fatty Acid Metabolism R-HSA-8978868,Reactome_2022,-0.9568608717550168,Downregulated,0.7992006235273803,24/153,12.31%
Aspirin ADME R-HSA-9749641,Reactome_2022,-0.95696022016878,Downregulated,0.7993467873038419,4/17,5.23%
Intracellular Glucose Homeostasis (GO:0001678),GO_Biological_Process_2025,-0.9569750395067264,Downregulated,0.7997035699394867,23/44,38.22%
Lipid Modification (GO:0030258),GO_Biological_Process_2025,-0.9575051608151828,Downregulated,0.7986203596450867,8/41,8.26%
Renin Angiotensin Aldosterone System RAAS WP4756,WikiPathways_2024_Human,-0.9575403691917644,Downregulated,0.7989271736643612,9/35,17.14%
Iron-Sulfur Cluster Assembly (GO:0016226),GO_Biological_Process_2025,-0.9576604453367012,Downregulated,0.7989849624157626,5/22,14.20%
Metallo-Sulfur Cluster Assembly (GO:0031163),GO_Biological_Process_2025,-0.9576604453367012,Downregulated,0.7989849624157626,5/22,14.20%
"Oxidoreductase Activity, Acting on the Aldehyde or Oxo Group of Donors, NAD or NADP as Acceptor (GO:0016620)",GO_Molecular_Function_2025,-0.9580625036392876,Downregulated,0.7986413325105234,8/19,28.13%
MAP Kinase Kinase Kinase Activity (GO:0004709),GO_Molecular_Function_2025,-0.958754701315216,Downregulated,0.7970946383025421,8/22,24.25%
Organelle Organization (GO:0006996),GO_Biological_Process_2025,-0.9589142658292478,Downregulated,0.7970423906452464,94/406,21.92%
VxPx Cargo-Targeting To Cilium R-HSA-5620916,Reactome_2022,-0.9591679500071512,Downregulated,0.7967552210981571,2/20,5.97%
"DNA-binding Transcription Repressor Activity, RNA Polymerase II-specific (GO:0001227)",GO_Molecular_Function_2025,-0.9596280911064812,Downregulated,0.7958268308503021,23/167,9.60%
RAC3 GTPase Cycle R-HSA-9013423,Reactome_2022,-0.9597130245596448,Downregulated,0.7959817724516914,17/89,14.56%
Negative Regulation of Stem Cell Population Maintenance (GO:1902455),GO_Biological_Process_2025,-0.960155887032845,Downregulated,0.795127034325947,5/19,14.18%
Signaling By FGFR4 R-HSA-5654743,Reactome_2022,-0.9604125112147436,Downregulated,0.7947850750868084,7/36,12.39%
9+2 Motile Cilium (GO:0097729),GO_Cellular_Component_2025,-0.9604640601800573,Downregulated,0.7950293097831976,20/112,16.55%
Aldosterone synthesis and secretion,KEGG_2021_Human,-0.9606493714170292,Downregulated,0.7949092140016165,20/86,17.30%
Cellular Response to Tumor Necrosis Factor (GO:0071356),GO_Biological_Process_2025,-0.9606881921247548,Downregulated,0.7952101093886418,32/76,30.82%
Heterophilic Cell-Cell Adhesion via Plasma Membrane Cell Adhesion Molecules (GO:0007157),GO_Biological_Process_2025,-0.9607845394888423,Downregulated,0.795324592529045,12/30,23.22%
Cellular Response to Amyloid-Beta (GO:1904646),GO_Biological_Process_2025,-0.9608130838841228,Downregulated,0.7956496584811332,10/34,21.34%
RNA Polymerase III Transcription Initiation R-HSA-76046,Reactome_2022,-0.9610906420639898,Downregulated,0.7952680856661695,13/32,26.40%
Physiological And Pathological Hypertrophy Of The Heart WP1528,WikiPathways_2024_Human,-0.9611539092212192,Downregulated,0.7954884163373915,7/23,21.40%
IL6 Signaling WP364,WikiPathways_2024_Human,-0.9616492587121088,Downregulated,0.794462470259589,12/43,21.18%
PRC2 Methylates Histones And DNA R-HSA-212300,Reactome_2022,-0.9617873800354048,Downregulated,0.7944656433550521,5/21,13.39%
Constitutive Signaling By NOTCH1 HD Domain Mutants R-HSA-2691232,Reactome_2022,-0.9619852742269566,Downregulated,0.7943028154597516,5/15,22.10%
G-protein Beta:Gamma Signaling R-HSA-397795,Reactome_2022,-0.9621130319657104,Downregulated,0.7943418051929201,8/29,16.98%
Replication Fork Processing (GO:0031297),GO_Biological_Process_2025,-0.9621887714282762,Downregulated,0.7945372687010613,8/44,14.31%
Cargo Recognition For Clathrin-Mediated Endocytosis R-HSA-8856825,Reactome_2022,-0.9622031045436124,Downregulated,0.7949034520634318,17/98,12.70%
SWI/SNF Complex (GO:0016514),GO_Cellular_Component_2025,-0.9622130949968318,Downregulated,0.7952718364506242,8/27,18.13%
Mitotic Prophase R-HSA-68875,Reactome_2022,-0.9622325914272492,Downregulated,0.7956162114097352,17/86,16.77%
Calcium Ion Transmembrane Transport (GO:0070588),GO_Biological_Process_2025,-0.9623187601260084,Downregulated,0.7957669784034669,15/77,13.13%
Neuron Projection Morphogenesis (GO:0048812),GO_Biological_Process_2025,-0.9630667879061364,Downregulated,0.7940163734892359,29/137,18.35%
Metabolism Of Carbohydrates R-HSA-71387,Reactome_2022,-0.9631214405837188,Downregulated,0.7942684408068139,80/250,27.31%
Monocarboxylic Acid Transmembrane Transporter Activity (GO:0008028),GO_Molecular_Function_2025,-0.9632874139016994,Downregulated,0.7942324353909539,10/38,19.02%
Regulation of Cholesterol Metabolic Process (GO:0090181),GO_Biological_Process_2025,-0.9635162681334468,Downregulated,0.7939561989552347,4/22,7.76%
RNA Nuclease Activity (GO:0004540),GO_Molecular_Function_2025,-0.9636884934697012,Downregulated,0.7938888109127452,11/59,10.51%
Sensory Processing Of Sound R-HSA-9659379,Reactome_2022,-0.9637088770282342,Downregulated,0.7942343233045123,21/61,24.69%
Translocation Of SLC2A4 (GLUT4) To Plasma Membrane R-HSA-1445148,Reactome_2022,-0.9638603416053814,Downregulated,0.7942300569405998,12/50,22.08%
Cellular Catabolic Process (GO:0044248),GO_Biological_Process_2025,-0.9638981654247886,Downregulated,0.7945258783821045,5/22,8.71%
Drug ADME R-HSA-9748784,Reactome_2022,-0.964359735920716,Downregulated,0.7936436909085078,21/59,23.34%
Parkinson 39 S Disease Pathway WP2371,WikiPathways_2024_Human,-0.9644159542379122,Downregulated,0.7938966007970543,8/37,19.83%
Lamellipodium Assembly (GO:0030032),GO_Biological_Process_2025,-0.9655985942753896,Downregulated,0.7908933610707287,5/23,9.82%
Roles Of Ceramides In Development Of Insulin Resistance WP5181,WikiPathways_2024_Human,-0.9656891611655132,Downregulated,0.7910371099108355,6/21,23.77%
Nucleosome Disassembly (GO:0006337),GO_Biological_Process_2025,-0.966304207176386,Downregulated,0.7897368666654616,5/16,23.71%
APC-Cdc20 Mediated Degradation Of Nek2A R-HSA-179409,Reactome_2022,-0.967912204095774,Downregulated,0.7855885274107338,5/25,12.39%
Cellular Response to Interferon-Beta (GO:0035458),GO_Biological_Process_2025,-0.9679680040696494,Downregulated,0.7858311867790393,5/17,12.80%
FOXA2 Pathway WP5066,WikiPathways_2024_Human,-0.9681381239086274,Downregulated,0.7857168085485552,9/18,33.67%
Cellular Response to Retinoic Acid (GO:0071300),GO_Biological_Process_2025,-0.9682621893955148,Downregulated,0.7857641282202802,10/35,15.53%
Regulation of Trans-Synaptic Signaling (GO:0099177),GO_Biological_Process_2025,-0.9691257057261904,Downregulated,0.7836594114187083,12/39,20.90%
Protein-Containing Complex Assembly (GO:0065003),GO_Biological_Process_2025,-0.9696998474233538,Downregulated,0.7824529757516295,87/297,25.14%
Negative Regulation of Small Molecule Metabolic Process (GO:0062014),GO_Biological_Process_2025,-0.96970350333841,Downregulated,0.7828456185066098,7/28,11.15%
Nuclear Events Stimulated By ALK Signaling In Cancer R-HSA-9725371,Reactome_2022,-0.9698302608884114,Downregulated,0.7829008038039257,4/17,19.62%
Pantothenate and CoA biosynthesis,KEGG_2021_Human,-0.9700136055440718,Downregulated,0.7827845603581977,6/17,25.26%
Positive Regulation of Establishment of Protein Localization (GO:1904951),GO_Biological_Process_2025,-0.9708469025467992,Downregulated,0.7808296379794765,9/31,17.10%
Gene Silencing By RNA R-HSA-211000,Reactome_2022,-0.9708746140957424,Downregulated,0.7811617392940366,18/79,18.67%
SCF Ubiquitin Ligase Complex (GO:0019005),GO_Cellular_Component_2025,-0.9713652260068488,Downregulated,0.7801368534085857,19/58,23.56%
Mineral absorption,KEGG_2021_Human,-0.9714643340793848,Downregulated,0.7802556850813008,10/45,13.27%
Negative Regulation of Fatty Acid Metabolic Process (GO:0045922),GO_Biological_Process_2025,-0.9718217446402716,Downregulated,0.7796312631345284,4/19,5.41%
PKA Activation In Glucagon Signaling R-HSA-164378,Reactome_2022,-0.9720582089075104,Downregulated,0.7793205300872985,4/15,13.55%
Interleukin-12 Signaling R-HSA-9020591,Reactome_2022,-0.9722725262701816,Downregulated,0.7791456751459643,5/41,5.70%
Spliceosome,KEGG_2021_Human,-0.9722977169290244,Downregulated,0.7794661674980107,23/119,16.03%
MTOR Signaling R-HSA-165159,Reactome_2022,-0.9723013200000088,Downregulated,0.7798595005442094,14/41,25.21%
Regulation of MAP Kinase Activity (GO:0043405),GO_Biological_Process_2025,-0.9726165940864446,Downregulated,0.7793498246104376,19/65,21.96%
Diseases Of Mitotic Cell Cycle R-HSA-9675126,Reactome_2022,-0.9729191730723468,Downregulated,0.7789233704988356,11/37,21.92%
SCF-dependent Proteasomal Ubiquitin-Dependent Protein Catabolic Process (GO:0031146),GO_Biological_Process_2025,-0.9736151266829032,Downregulated,0.7773047369848551,13/39,23.36%
Regulation of Transcription Regulatory Region DNA Binding (GO:2000677),GO_Biological_Process_2025,-0.9736779963696104,Downregulated,0.77753381579515,4/17,12.35%
Microglial Cell Activation (GO:0001774),GO_Biological_Process_2025,-0.974207055676649,Downregulated,0.7764297345538991,8/18,20.07%
Regulation Of Apoptosis R-HSA-169911,Reactome_2022,-0.9743708120249668,Downregulated,0.7763906594955975,21/50,34.56%
Regulation of Amyloid Precursor Protein Catabolic Process (GO:1902991),GO_Biological_Process_2025,-0.974518283094825,Downregulated,0.7763415920000704,5/18,17.11%
Prion Disease Pathway WP3995,WikiPathways_2024_Human,-0.9745543437092112,Downregulated,0.7766409675838298,13/32,26.74%
Adenylate Cyclase-Modulating G Protein-Coupled Receptor Signaling Pathway (GO:0007188),GO_Biological_Process_2025,-0.9747276340797308,Downregulated,0.7765583570185957,32/143,20.47%
Regulation of Cell Differentiation (GO:0045595),GO_Biological_Process_2025,-0.974846713654336,Downregulated,0.7766226787722273,39/177,17.46%
Inorganic Cation Import Across Plasma Membrane (GO:0098659),GO_Biological_Process_2025,-0.9748553215728272,Downregulated,0.7770036957474413,17/78,15.94%
Orexin Receptor Pathway WP5094,WikiPathways_2024_Human,-0.9749229777901433,Downregulated,0.7772123703932814,26/70,27.52%
Positive Regulation of Lipid Biosynthetic Process (GO:0046889),GO_Biological_Process_2025,-0.974997799432312,Downregulated,0.7774137755395338,17/35,27.32%
Melanoma WP4685,WikiPathways_2024_Human,-0.9750848594937784,Downregulated,0.7775679471803685,17/61,21.18%
Carboxylic Acid Catabolic Process (GO:0046395),GO_Biological_Process_2025,-0.9752181668751668,Downregulated,0.7776148510909684,8/24,26.81%
Regulation of Intracellular Transport (GO:0032386),GO_Biological_Process_2025,-0.975396075042535,Downregulated,0.7775136998567415,15/46,24.22%
Regulation of Protein Kinase Activity (GO:0045859),GO_Biological_Process_2025,-0.9757245467586224,Downregulated,0.777010414375683,23/79,25.25%
Organelle Biogenesis And Maintenance R-HSA-1852241,Reactome_2022,-0.9757694280543712,Downregulated,0.7773016964822173,46/267,16.53%
Regulation Of APC/C Activators Between G1/S And Early Anaphase R-HSA-176408,Reactome_2022,-0.9763864909332586,Downregulated,0.7759359185733974,34/77,35.86%
Semaphorin Interactions R-HSA-373755,Reactome_2022,-0.976470766426964,Downregulated,0.7761079611782187,18/63,20.48%
Spinal Cord Injury WP2431,WikiPathways_2024_Human,-0.9764943166295704,Downregulated,0.7764518583990166,20/104,16.05%
Immune Response To Tuberculosis WP4197,WikiPathways_2024_Human,-0.9766310378504012,Downregulated,0.7764626174372833,14/21,42.36%
Signaling By NTRK1 (TRKA) R-HSA-187037,Reactome_2022,-0.9771832107392312,Downregulated,0.7752472002089426,23/105,16.50%
Response to Cholesterol (GO:0070723),GO_Biological_Process_2025,-0.9780562247422344,Downregulated,0.7731889832169244,5/19,20.28%
Response to Exogenous dsRNA (GO:0043330),GO_Biological_Process_2025,-0.9784732758673982,Downregulated,0.7723931242526497,3/17,13.46%
Regulation of Neuron Migration (GO:2001222),GO_Biological_Process_2025,-0.9786448381426304,Downregulated,0.7722830455109746,8/30,14.42%
"RNA Endonuclease Activity, Producing 5'-Phosphomonoesters (GO:0016891)",GO_Molecular_Function_2025,-0.9788171775026164,Downregulated,0.7722187333505866,10/25,24.76%
Anti-inflammatory Response Favoring Leishmania Infection R-HSA-9662851,Reactome_2022,-0.9789849519307752,Downregulated,0.7721424053247995,35/119,22.47%
Cilium Movement (GO:0003341),GO_Biological_Process_2025,-0.97912956720344,Downregulated,0.7720949395297431,17/56,25.77%
Downstream Signaling Of Activated FGFR3 R-HSA-5654708,Reactome_2022,-0.9791741482082836,Downregulated,0.7723647001707141,4/21,11.02%
3'-5'-RNA Exonuclease Activity (GO:0000175),GO_Molecular_Function_2025,-0.979267509864922,Downregulated,0.7725144439201278,9/32,26.23%
Negative Regulation of Biosynthetic Process (GO:0009890),GO_Biological_Process_2025,-0.9793255938621854,Downregulated,0.7727544612026521,11/39,17.37%
Cilium Assembly R-HSA-5617833,Reactome_2022,-0.9796014741521244,Downregulated,0.7723831346885595,27/179,13.60%
Thyroid Stimulating Hormone TSH Signaling WP2032,WikiPathways_2024_Human,-0.9796273440220116,Downregulated,0.7727015606483045,14/56,17.31%
Endopeptidase Activity (GO:0004175),GO_Molecular_Function_2025,-0.9797446031403382,Downregulated,0.7727539657049103,65/238,24.09%
Fragile X Syndrome WP4549,WikiPathways_2024_Human,-0.980043493668036,Downregulated,0.7723290038502435,27/111,19.62%
Oxytocin signaling pathway,KEGG_2021_Human,-0.9811686512052752,Downregulated,0.769513325213207,23/136,13.61%
Long-term potentiation,KEGG_2021_Human,-0.9815508141674746,Downregulated,0.7688390195446394,15/59,21.48%
Kinase Activity (GO:0016301),GO_Molecular_Function_2025,-0.9816313271127126,Downregulated,0.7690229530575154,29/87,26.35%
MAP2K And MAPK Activation R-HSA-5674135,Reactome_2022,-0.9820438904866368,Downregulated,0.7682723655361245,11/35,17.77%
Mitogen-Activated Protein Kinase Binding (GO:0051019),GO_Molecular_Function_2025,-0.982220830501009,Downregulated,0.7681655630659294,4/20,17.67%
Ligand-Gated Monoatomic Cation Channel Activity (GO:0099094),GO_Molecular_Function_2025,-0.9823013537265336,Downregulated,0.7683291595717736,14/58,17.26%
Regulation of Actin Cytoskeleton Organization (GO:0032956),GO_Biological_Process_2025,-0.9824072616020244,Downregulated,0.7684276425542137,40/94,31.38%
Autophagy,KEGG_2021_Human,-0.9830419815286988,Downregulated,0.7670523732420816,25/128,14.32%
Rap1 signaling pathway,KEGG_2021_Human,-0.98327291338551,Downregulated,0.7668070047645339,38/195,17.56%
Canonical Retinoid Cycle In Rods (Twilight Vision) R-HSA-2453902,Reactome_2022,-0.9832786656560284,Downregulated,0.767193064376934,5/17,14.14%
MAPK Pathway In Congenital Thyroid Cancer WP4928,WikiPathways_2024_Human,-0.9835776603802138,Downregulated,0.7667239195889687,6/15,22.83%
Sensory Perception of Mechanical Stimulus (GO:0050954),GO_Biological_Process_2025,-0.9835847153546348,Downregulated,0.7671116163944521,13/71,13.14%
FOXO-mediated Transcription Of Cell Death Genes R-HSA-9614657,Reactome_2022,-0.983612192956064,Downregulated,0.7674412248853528,6/16,23.69%
Transcriptional Regulation By TP53 R-HSA-3700989,Reactome_2022,-0.9836431652045192,Downregulated,0.767767366741669,70/340,18.68%
Regulation of Ossification (GO:0030278),GO_Biological_Process_2025,-0.9842211761079004,Downregulated,0.766511386863111,9/44,12.84%
Estrogen Signaling WP712,WikiPathways_2024_Human,-0.9842729421395836,Downregulated,0.7667615908745642,8/22,16.21%
Response to Tumor Necrosis Factor (GO:0034612),GO_Biological_Process_2025,-0.9842872444759,Downregulated,0.7671152928284982,30/70,28.58%
Dephosphorylation (GO:0016311),GO_Biological_Process_2025,-0.9843367365191996,Downregulated,0.7673832998884538,26/97,23.69%
Human papillomavirus infection,KEGG_2021_Human,-0.9843412799618636,Downregulated,0.7677778990466154,64/291,21.99%
Connective Tissue Development (GO:0061448),GO_Biological_Process_2025,-0.9860381633370556,Downregulated,0.7632960463278704,10/38,16.75%
Endocrine and other factor-regulated calcium reabsorption,KEGG_2021_Human,-0.9864001459177112,Downregulated,0.762663945469813,12/44,19.62%
Signaling By Insulin Receptor R-HSA-74752,Reactome_2022,-0.9866789584682092,Downregulated,0.7622516010077558,19/67,21.18%
DYRK1A Involvement Regarding Cell Prolif In Brain Development WP5180,WikiPathways_2024_Human,-0.986711581953354,Downregulated,0.7625752594271377,22/58,26.02%
SLC Transporter Disorders R-HSA-5619102,Reactome_2022,-0.9869462627822474,Downregulated,0.762276917769028,8/86,4.59%
Microtubule Plus-End Binding (GO:0051010),GO_Molecular_Function_2025,-0.9878158341234295,Downregulated,0.7601690953430105,7/18,21.65%
Regulation of Rho Protein Signal Transduction (GO:0035023),GO_Biological_Process_2025,-0.98842945007307,Downregulated,0.7587774335086642,13/70,11.57%
Gastric Cancer Network 2 WP2363,WikiPathways_2024_Human,-0.9884435878145804,Downregulated,0.7591434882962933,5/26,10.71%
Positive Regulation of Response to Stimulus (GO:0048584),GO_Biological_Process_2025,-0.9890672584708006,Downregulated,0.7577305556255494,18/78,18.61%
U2 snRNP (GO:0005686),GO_Cellular_Component_2025,-0.9891865987410206,Downregulated,0.7578187454641109,7/21,25.13%
Base-Excision Repair (GO:0006284),GO_Biological_Process_2025,-0.9896259191852737,Downregulated,0.7568880504812548,6/37,8.98%
Sema3A PAK Dependent Axon Repulsion R-HSA-399954,Reactome_2022,-0.9897587944322096,Downregulated,0.7569097547926332,2/15,2.66%
Gastric acid secretion,KEGG_2021_Human,-0.9899598999814666,Downregulated,0.7567484086924104,13/63,13.55%
Cytoskeleton-Dependent Cytokinesis (GO:0061640),GO_Biological_Process_2025,-0.9901242011496032,Downregulated,0.756700005999575,12/76,14.43%
Dicarboxylic Acid Metabolic Process (GO:0043648),GO_Biological_Process_2025,-0.990257958862766,Downregulated,0.7567242164373617,13/50,15.93%
Neuron Apoptotic Process (GO:0051402),GO_Biological_Process_2025,-0.9909626588854684,Downregulated,0.7551277268764024,4/21,3.80%
Cross-presentation Of Soluble Exogenous Antigens (Endosomes) R-HSA-1236978,Reactome_2022,-0.9912319029464248,Downregulated,0.7546934131358751,20/46,34.56%
Regulation of Cell Motility (GO:2000145),GO_Biological_Process_2025,-0.9922451911069092,Downregulated,0.752169192257804,41/103,31.15%
Regulatory ncRNA Processing (GO:0070918),GO_Biological_Process_2025,-0.9922659587523858,Downregulated,0.7525177450625365,14/31,29.07%
Stress-Activated MAPK Cascade (GO:0051403),GO_Biological_Process_2025,-0.99234055381492,Downregulated,0.7526977392197871,5/15,17.31%
Transcription Co Factors SKI And SKIL Protein Partners WP4533,WikiPathways_2024_Human,-0.9924983224110908,Downregulated,0.7526185829769736,6/18,14.67%
Cellular Response to Hormone Stimulus (GO:0032870),GO_Biological_Process_2025,-0.9925469090518356,Downregulated,0.7528950029273028,15/67,14.42%
Regulation of Cell Cycle Process (GO:0010564),GO_Biological_Process_2025,-0.9926940675338812,Downregulated,0.7528688259760095,31/134,17.17%
Type II Diabetes Mellitus WP1584,WikiPathways_2024_Human,-0.9928660847451616,Downregulated,0.7527715407928169,7/18,20.87%
Viral Messenger RNA Synthesis R-HSA-168325,Reactome_2022,-0.9928693908486,Downregulated,0.7531655137157671,5/44,8.41%
Intermediate Filament Cytoskeleton (GO:0045111),GO_Cellular_Component_2025,-0.9929264924517982,Downregulated,0.7534124240783208,18/62,25.17%
Positive Regulation of Erythrocyte Differentiation (GO:0045648),GO_Biological_Process_2025,-0.993084373104168,Downregulated,0.753352167248785,7/24,17.44%
Interleukin-1 Signaling R-HSA-9020702,Reactome_2022,-0.9937280776207508,Downregulated,0.7518833570143539,43/108,35.06%
Positive Regulation of Programmed Cell Death (GO:0043068),GO_Biological_Process_2025,-0.9939513935712458,Downregulated,0.7516608716280772,51/225,18.82%
Clock Controlled Autophagy In Bone Metabolism WP5205,WikiPathways_2024_Human,-0.9948022721951406,Downregulated,0.7495847046938264,24/72,26.09%
Secretory Vesicle (GO:0099503),GO_Cellular_Component_2025,-0.994841468181168,Downregulated,0.7498757470842887,5/31,12.00%
Positive Regulation of Interleukin-1 Production (GO:0032732),GO_Biological_Process_2025,-0.9948575155022602,Downregulated,0.7502339508944232,22/52,28.61%
Cell-Matrix Adhesion (GO:0007160),GO_Biological_Process_2025,-0.9949878549089052,Downregulated,0.7502730690517778,20/99,13.71%
MicroRNAs In Cardiomyocyte Hypertrophy WP1544,WikiPathways_2024_Human,-0.9950512626938384,Downregulated,0.7505019395627476,19/81,18.18%
Regulation of Cell-Cell Adhesion Mediated by Cadherin (GO:2000047),GO_Biological_Process_2025,-0.9953387879361024,Downregulated,0.7500933653052064,2/18,5.49%
DNA Damage Response Only ATM Dependent WP710,WikiPathways_2024_Human,-0.9955808514798388,Downregulated,0.7498131254802382,26/101,21.30%
Transcriptional Activity Of SMAD2/SMAD3:SMAD4 Heterotrimer R-HSA-2173793,Reactome_2022,-0.9961844355180172,Downregulated,0.7485017899861826,11/49,20.45%
Metalloendopeptidase Activity (GO:0004222),GO_Molecular_Function_2025,-0.9962744529275251,Downregulated,0.7486585729738185,22/78,23.50%
Regulation of Chemokine Production (GO:0032642),GO_Biological_Process_2025,-0.9963707910394624,Downregulated,0.7487842566400881,13/37,19.79%
Starch and sucrose metabolism,KEGG_2021_Human,-0.9964682039128588,Downregulated,0.7489061663975468,7/23,13.77%
Post-Transcriptional Regulation of Gene Expression (GO:0010608),GO_Biological_Process_2025,-0.9967694983021438,Downregulated,0.7484914723424533,23/60,29.79%
Protein Tetramerization (GO:0051262),GO_Biological_Process_2025,-0.9970140013775226,Downregulated,0.7482009584347898,16/73,15.24%
Arginine biosynthesis,KEGG_2021_Human,-0.9973170900092402,Downregulated,0.7477573527488321,5/20,13.57%
Mitotic Cytokinesis (GO:0000281),GO_Biological_Process_2025,-0.9975768060242096,Downregulated,0.7473936109807545,12/59,18.25%
ATM Signaling WP2516,WikiPathways_2024_Human,-0.9982339522713516,Downregulated,0.7458614946651255,10/40,17.45%
Renal System Development (GO:0072001),GO_Biological_Process_2025,-0.998837412401219,Downregulated,0.7445036165866341,8/51,9.54%
protein-DNA Complex Assembly (GO:0065004),GO_Biological_Process_2025,-0.9994940563568092,Downregulated,0.7430663897802978,15/44,22.68%
Signaling Receptor Complex Adaptor Activity (GO:0030159),GO_Molecular_Function_2025,-0.999555318103804,Downregulated,0.743301580252707,14/40,26.00%
Nicotinamide Nucleotide Metabolic Process (GO:0046496),GO_Biological_Process_2025,-1.000048321501141,Downregulated,0.742315400556691,17/44,27.37%
Sulfur Amino Acid Metabolism R-HSA-1614635,Reactome_2022,-1.00023720569199,Downregulated,0.7421827650437163,3/20,7.22%
Mismatch Repair (GO:0006298),GO_Biological_Process_2025,-1.00035181847766,Downregulated,0.7422486752949956,7/22,18.98%
RNA Methylation (GO:0001510),GO_Biological_Process_2025,-1.0004426827904267,Downregulated,0.7423887978605073,23/46,34.25%
Positive Regulation of Cholesterol Metabolic Process (GO:0090205),GO_Biological_Process_2025,-1.0009535815936543,Downregulated,0.7413093597829391,10/16,42.57%
Calcium Channel Regulator Activity (GO:0005246),GO_Molecular_Function_2025,-1.0010262558990204,Downregulated,0.7415180872384165,13/41,20.65%
Calcium Ion Transport (GO:0006816),GO_Biological_Process_2025,-1.0013922333082856,Downregulated,0.7409259322230929,30/111,20.82%
Cholinergic synapse,KEGG_2021_Human,-1.0019001657883564,Downregulated,0.7399030890713838,22/97,17.14%
Regulation of Neutrophil Chemotaxis (GO:0090022),GO_Biological_Process_2025,-1.0021926718554457,Downregulated,0.7394646612096111,6/23,13.44%
Regulation of Cartilage Development (GO:0061035),GO_Biological_Process_2025,-1.002534652502461,Downregulated,0.738852625018681,8/17,23.38%
RNA Splicing (GO:0008380),GO_Biological_Process_2025,-1.0025583934125,Downregulated,0.7391936186631434,23/84,23.43%
Interleukin-1 Family Signaling R-HSA-446652,Reactome_2022,-1.0025622136685866,Downregulated,0.7395910029020756,56/138,34.56%
Response to Gamma Radiation (GO:0010332),GO_Biological_Process_2025,-1.0026449539588451,Downregulated,0.7397646423790357,5/20,13.34%
Modulation of Chemical Synaptic Transmission (GO:0050804),GO_Biological_Process_2025,-1.0029203040982848,Downregulated,0.7393942001703283,27/99,21.60%
Receptor Tyrosine Kinase Binding (GO:0030971),GO_Molecular_Function_2025,-1.0029429347856855,Downregulated,0.7397322849073564,11/56,13.01%
M Phase R-HSA-68886,Reactome_2022,-1.0032416024574582,Downregulated,0.7392696126635484,62/339,16.77%
Cul4-RING E3 Ubiquitin Ligase Complex (GO:0080008),GO_Cellular_Component_2025,-1.0032496425075463,Downregulated,0.7396555810812246,6/31,11.51%
Proteasome,KEGG_2021_Human,-1.0033663665258463,Downregulated,0.7397470882017557,20/44,36.11%
One carbon pool by folate,KEGG_2021_Human,-1.0038833676084122,Downregulated,0.7386796616575162,5/18,14.60%
DNA Replication (GO:0006260),GO_Biological_Process_2025,-1.004272186215343,Downregulated,0.7379479687686654,16/65,17.72%
Thrombin Signaling Thru Proteinase Activated Receptors (PARs) R-HSA-456926,Reactome_2022,-1.0042933790844832,Downregulated,0.7383002838445764,8/28,16.98%
Glycerophospholipid Metabolic Process (GO:0006650),GO_Biological_Process_2025,-1.0046002541913168,Downregulated,0.7378061237182958,20/58,28.12%
Relationship Between Inflammation COX 2 And EGFR WP4483,WikiPathways_2024_Human,-1.0051743084235856,Downregulated,0.7365946949656242,5/23,14.75%
Positive Regulation of Sprouting Angiogenesis (GO:1903672),GO_Biological_Process_2025,-1.0059882231453152,Downregulated,0.7346004558630151,9/18,27.55%
Mannosyltransferase Activity (GO:0000030),GO_Molecular_Function_2025,-1.0061781497908568,Downregulated,0.7344737936621988,6/21,18.51%
Amyotrophic Lateral Sclerosis ALS WP2447,WikiPathways_2024_Human,-1.0062387868900555,Downregulated,0.7347129213969615,13/36,24.22%
Positive Regulation of Organelle Assembly (GO:1902117),GO_Biological_Process_2025,-1.0063194034201024,Downregulated,0.7348619442143861,9/60,8.90%
Resolution Of D-loop Structures Thru Synthesis-Dependent Strand Annealing (SDSA) R-HSA-5693554,Reactome_2022,-1.0063431261638704,Downregulated,0.7351952986979168,4/27,6.90%
Motile Cilium (GO:0031514),GO_Cellular_Component_2025,-1.0070835241334752,Downregulated,0.7334634880722746,26/76,30.21%
Integrated Stress Response Signaling (GO:0140467),GO_Biological_Process_2025,-1.0071488808881968,Downregulated,0.7336892738882916,9/33,20.41%
Arachidonic acid metabolism,KEGG_2021_Human,-1.0074491945209816,Downregulated,0.7332193727498977,16/47,22.87%
Death Receptor Signaling R-HSA-73887,Reactome_2022,-1.0074957264081486,Downregulated,0.7334865872676687,38/131,23.82%
Autophagosome Organization (GO:1905037),GO_Biological_Process_2025,-1.0075151453625428,Downregulated,0.7338434391167552,16/65,15.01%
Signaling pathways regulating pluripotency of stem cells,KEGG_2021_Human,-1.0076650181028757,Downregulated,0.7338271219587685,25/119,18.51%
Response to Estrogen (GO:0043627),GO_Biological_Process_2025,-1.0077906075745664,Downregulated,0.7338695227429461,8/29,11.33%
Negative Regulation Of FGFR4 Signaling R-HSA-5654733,Reactome_2022,-1.0084673475078203,Downregulated,0.7323459119654477,6/27,12.39%
Long-term depression,KEGG_2021_Human,-1.008537854907427,Downregulated,0.7325385462961396,13/52,17.77%
Positive Regulation of Smooth Muscle Cell Proliferation (GO:0048661),GO_Biological_Process_2025,-1.0088570725994035,Downregulated,0.7320200315911908,10/47,15.07%
Establishment or Maintenance of Apical/Basal Cell Polarity (GO:0035088),GO_Biological_Process_2025,-1.009106583239153,Downregulated,0.7317176765230525,12/25,29.89%
Effects Of MFN2 Mutation WP5443,WikiPathways_2024_Human,-1.0095293849500666,Downregulated,0.7309511416534625,4/23,10.96%
Positive Regulation of Transport (GO:0051050),GO_Biological_Process_2025,-1.0097844803508358,Downregulated,0.7306063282071538,22/46,33.05%
Ras signaling pathway,KEGG_2021_Human,-1.0099811831297312,Downregulated,0.7304775622406589,55/205,21.34%
Negative Regulation of Protein Localization to Nucleus (GO:1900181),GO_Biological_Process_2025,-1.0099942349283602,Downregulated,0.730846125346359,6/25,14.99%
Antigen Processing: Ubiquitination And Proteasome Degradation R-HSA-983168,Reactome_2022,-1.01005731406327,Downregulated,0.7310769118412126,60/291,19.00%
Class I MHC Mediated Antigen Processing And Presentation R-HSA-983169,Reactome_2022,-1.0105663302316334,Downregulated,0.7300038121938068,75/354,19.23%
BDNF TrkB Signaling WP3676,WikiPathways_2024_Human,-1.0106303319894585,Downregulated,0.7302249828079769,9/33,17.53%
Conversion From APC/C:Cdc20 To APC/C:Cdh1 In Late Anaphase R-HSA-176407,Reactome_2022,-1.0106798131049064,Downregulated,0.7304920949359488,11/19,33.37%
RHO GTPase Effectors R-HSA-195258,Reactome_2022,-1.0110900374090008,Downregulated,0.7297294921177683,56/237,19.29%
Semaphorin-Plexin Signaling Pathway (GO:0071526),GO_Biological_Process_2025,-1.011644589728486,Downregulated,0.7285455865732909,4/38,5.47%
Purine Ribonucleotide Biosynthetic Process (GO:0009152),GO_Biological_Process_2025,-1.011805376209462,Downregulated,0.72848508263492,8/43,14.60%
Complement Activation WP545,WikiPathways_2024_Human,-1.0118104555351617,Downregulated,0.728882469758212,9/19,21.54%
Butyrate Response Factor 1 Binds And Destabilizes mRNA R-HSA-450385,Reactome_2022,-1.0118154311517524,Downregulated,0.7292749138510324,5/16,26.23%
Regulation of Macromolecule Biosynthetic Process (GO:0010556),GO_Biological_Process_2025,-1.0118425759643002,Downregulated,0.7296111651750693,31/131,20.77%
Positive Regulation of Granulocyte Chemotaxis (GO:0071624),GO_Biological_Process_2025,-1.012344888350751,Downregulated,0.728551355276588,5/17,13.44%
Signaling By FLT3 Fusion Proteins R-HSA-9703465,Reactome_2022,-1.0125110911379034,Downregulated,0.7284731341405171,6/18,21.18%
Alpha-Tubulin Binding (GO:0043014),GO_Molecular_Function_2025,-1.0125124542476949,Downregulated,0.728882442378315,9/35,15.72%
Growth Factor Receptor Binding (GO:0070851),GO_Molecular_Function_2025,-1.0126455740526938,Downregulated,0.7289320371065637,23/87,19.81%
G2/M Transition R-HSA-69275,Reactome_2022,-1.0128015453624566,Downregulated,0.728902580186676,33/178,16.49%
Initial Triggering Of Complement R-HSA-166663,Reactome_2022,-1.0130677745210686,Downregulated,0.7285645982928753,8/18,21.54%
Cellular Response to Laminar Fluid Shear Stress (GO:0071499),GO_Biological_Process_2025,-1.0135609847529403,Downregulated,0.7276420694595201,5/15,16.76%
Inorganic Anion Transmembrane Transporter Activity (GO:0015103),GO_Molecular_Function_2025,-1.0135722468358142,Downregulated,0.7280202336645722,8/33,14.77%
Regulation of B Cell Activation (GO:0050864),GO_Biological_Process_2025,-1.014185433122908,Downregulated,0.7266199513841798,12/23,31.25%
Negative Regulation of Apoptotic Process (GO:0043066),GO_Biological_Process_2025,-1.0143101498867937,Downregulated,0.7266684322107138,111/426,21.84%
Autophagy WP4923,WikiPathways_2024_Human,-1.0155584905800057,Downregulated,0.7234937212975553,9/29,14.32%
Regulation of Microtubule Nucleation (GO:0010968),GO_Biological_Process_2025,-1.0157998342992127,Downregulated,0.7232194008205669,4/18,9.87%
Regulation of Epithelial Cell Migration (GO:0010632),GO_Biological_Process_2025,-1.0159484948469744,Downregulated,0.7232212056118428,10/40,18.01%
Anterior/Posterior Pattern Specification (GO:0009952),GO_Biological_Process_2025,-1.016215028606851,Downregulated,0.7228832165259638,12/45,20.28%
Positive Regulation of Superoxide Anion Generation (GO:0032930),GO_Biological_Process_2025,-1.01624355578182,Downregulated,0.7232139416992722,6/16,21.07%
Regulation of Superoxide Anion Generation (GO:0032928),GO_Biological_Process_2025,-1.01624355578182,Downregulated,0.7232139416992722,6/16,21.07%
Azurophil Granule (GO:0042582),GO_Cellular_Component_2025,-1.016524308136879,Downregulated,0.7232345720910194,25/133,11.53%
RNA transport,KEGG_2021_Human,-1.0173668710184949,Downregulated,0.7211813915785601,43/151,26.62%
Response to Fibroblast Growth Factor (GO:0071774),GO_Biological_Process_2025,-1.017429693966813,Downregulated,0.7214062639982499,2/16,2.72%
Positive Regulation of Epithelial Cell Migration (GO:0010634),GO_Biological_Process_2025,-1.017701650757024,Downregulated,0.721036761578392,8/36,15.57%
Protein Processing (GO:0016485),GO_Biological_Process_2025,-1.0178267292786145,Downregulated,0.7210707624910361,30/97,23.78%
Negative Regulation of Signal Transduction (GO:0009968),GO_Biological_Process_2025,-1.0178831235083037,Downregulated,0.7213143895871951,71/252,25.92%
Positive Regulation of DNA Binding (GO:0043388),GO_Biological_Process_2025,-1.018271921765613,Downregulated,0.7206081238539666,3/21,3.48%
Regulation of Transcription by RNA Polymerase I (GO:0006356),GO_Biological_Process_2025,-1.0183398729231492,Downregulated,0.7208415128875849,15/30,31.96%
Response Of Mtb To Phagocytosis R-HSA-9637690,Reactome_2022,-1.0183485730809136,Downregulated,0.7212290386582451,7/21,25.25%
Purine-Containing Compound Biosynthetic Process (GO:0072522),GO_Biological_Process_2025,-1.0185315351579756,Downregulated,0.7211154472606062,5/23,12.11%
Neural Crest Cell Migration During Development WP4564,WikiPathways_2024_Human,-1.0187690841192865,Downregulated,0.7208415179735483,8/38,10.38%
Retrograde Axonal Transport (GO:0008090),GO_Biological_Process_2025,-1.0187977810602646,Downregulated,0.7211598354122436,6/15,19.53%
Positive Regulation of Peptidyl-Tyrosine Phosphorylation (GO:0050731),GO_Biological_Process_2025,-1.0190114893149715,Downregulated,0.7209548463990652,15/57,20.05%
Autodegradation Of E3 Ubiquitin Ligase COP1 R-HSA-349425,Reactome_2022,-1.0197257380126,Downregulated,0.7193567083932281,20/49,34.56%
Protein Phosphorylated Amino Acid Binding (GO:0045309),GO_Molecular_Function_2025,-1.0197640641315748,Downregulated,0.7196671734190728,18/44,30.45%
Protein Serine Kinase Activity (GO:0106310),GO_Molecular_Function_2025,-1.0201706086443671,Downregulated,0.7189206092619419,10/17,38.08%
DNA-templated Transcription (GO:0006351),GO_Biological_Process_2025,-1.0213380738888136,Downregulated,0.7159740735117136,53/178,25.56%
Cannabinoid Receptor Signaling WP3869,WikiPathways_2024_Human,-1.0216854867239633,Downregulated,0.7154444978058117,5/26,10.90%
RAC1 PAK1 P38 MMP2 Pathway WP3303,WikiPathways_2024_Human,-1.0217420268872273,Downregulated,0.7156894620004363,16/67,21.18%
Negative Regulation of NF-kappaB Transcription Factor Activity (GO:0032088),GO_Biological_Process_2025,-1.0219663553146792,Downregulated,0.7154495311164246,17/61,20.79%
Cleavage Of Damaged Purine R-HSA-110331,Reactome_2022,-1.0221419609017102,Downregulated,0.7153546165651224,4/18,8.98%
Negative Regulation of Translational Initiation (GO:0045947),GO_Biological_Process_2025,-1.0224725044096763,Downregulated,0.7147835025548186,3/16,6.44%
Positive Regulation of Protein Kinase Activity (GO:0045860),GO_Biological_Process_2025,-1.0226850941928547,Downregulated,0.7145571117070629,24/84,23.69%
Mitochondrial Outer Membrane (GO:0005741),GO_Cellular_Component_2025,-1.02292942556586,Downregulated,0.7142601019944259,25/156,13.98%
UDP-glycosyltransferase Activity (GO:0008194),GO_Molecular_Function_2025,-1.0230936396625334,Downregulated,0.714163591846474,8/44,8.05%
Signaling By Receptor Tyrosine Kinases R-HSA-9006934,Reactome_2022,-1.023306081593662,Downregulated,0.713965455240492,91/460,17.33%
Pharyngeal System Development (GO:0060037),GO_Biological_Process_2025,-1.0233499730343718,Downregulated,0.7142590655285103,2/16,0.55%
Protein Serine/Threonine Phosphatase Activity (GO:0004722),GO_Molecular_Function_2025,-1.02341996977948,Downregulated,0.7144486173708039,14/57,21.48%
Ion Homeostasis R-HSA-5578775,Reactome_2022,-1.0236943584925648,Downregulated,0.7140572961671834,11/44,14.35%
Apoptotic Cleavage Of Cellular Proteins R-HSA-111465,Reactome_2022,-1.023790348443897,Downregulated,0.7142158026734352,6/34,12.71%
Downstream Signaling Events Of B Cell Receptor (BCR) R-HSA-1168372,Reactome_2022,-1.0238318405814626,Downregulated,0.714515086013134,31/77,35.06%
Sterol Binding (GO:0032934),GO_Molecular_Function_2025,-1.0244303018163765,Downregulated,0.7132437328685663,17/60,23.02%
Recycling Pathway Of L1 R-HSA-437239,Reactome_2022,-1.0245170298227448,Downregulated,0.7134082838334969,5/26,11.38%
Positive Regulation of Alcohol Biosynthetic Process (GO:1902932),GO_Biological_Process_2025,-1.02462364304265,Downregulated,0.7135258484577028,2/18,2.20%
Positive Regulation of Calcium-Mediated Signaling (GO:0050850),GO_Biological_Process_2025,-1.0250570604641152,Downregulated,0.7126807142179886,8/24,19.50%
Progesterone-mediated oocyte maturation,KEGG_2021_Human,-1.0264028324198566,Downregulated,0.7091701563184988,17/83,13.61%
Sterol Transport (GO:0015918),GO_Biological_Process_2025,-1.0266743422732596,Downregulated,0.7087725589998203,5/22,10.25%
Signaling By FGFR3 R-HSA-5654741,Reactome_2022,-1.0270699161382644,Downregulated,0.7080330597666,7/36,12.39%
Protein Complex Oligomerization (GO:0051259),GO_Biological_Process_2025,-1.0275296604014947,Downregulated,0.7071563231830893,39/105,28.74%
Phototransduction,KEGG_2021_Human,-1.0277677958080371,Downregulated,0.7068891384904824,9/21,25.18%
Regulation of Hematopoietic Progenitor Cell Differentiation (GO:1901532),GO_Biological_Process_2025,-1.0283907667817975,Downregulated,0.7054478524712248,6/15,19.33%
MyD88-independent TLR4 Cascade R-HSA-166166,Reactome_2022,-1.0286605257891523,Downregulated,0.7050936276357813,32/99,27.80%
Stimuli-sensing Channels R-HSA-2672351,Reactome_2022,-1.0287556159719329,Downregulated,0.7052285811562493,27/82,22.30%
Negative Regulation of Signal Transduction by P53 Class Mediator (GO:1901797),GO_Biological_Process_2025,-1.029376999023396,Downregulated,0.703880802100986,7/20,17.97%
DNA-binding Transcription Factor Binding (GO:0140297),GO_Molecular_Function_2025,-1.0295136212323683,Downregulated,0.703906280047311,59/258,20.77%
Metabolism Of Vitamins And Cofactors R-HSA-196854,Reactome_2022,-1.0298432553549948,Downregulated,0.7034259681742234,49/161,24.50%
Negative Regulation of RNA Biosynthetic Process (GO:1902679),GO_Biological_Process_2025,-1.0299101028982984,Downregulated,0.7036392556414846,105/404,21.46%
Regulation of Gluconeogenesis (GO:0006111),GO_Biological_Process_2025,-1.030310970847353,Downregulated,0.7029204084380769,10/32,19.86%
Protein Polyubiquitination (GO:0000209),GO_Biological_Process_2025,-1.0303206459200458,Downregulated,0.7033058182606446,61/212,26.05%
Negative Regulation of Ossification (GO:0030279),GO_Biological_Process_2025,-1.0303620274681855,Downregulated,0.7035810348257759,10/29,20.94%
Macroautophagy R-HSA-1632852,Reactome_2022,-1.0305635663712585,Downregulated,0.7034137363468207,25/106,16.48%
EPO Receptor Signaling WP581,WikiPathways_2024_Human,-1.0308229251383152,Downregulated,0.7030709659958574,6/25,13.61%
trans-Golgi Network Vesicle Budding R-HSA-199992,Reactome_2022,-1.0309260870320354,Downregulated,0.7031837777813668,9/68,6.27%
Phototransduction Cascade R-HSA-2514856,Reactome_2022,-1.031346805183355,Downregulated,0.702372987542303,7/26,19.70%
Regulation of G1/S Transition of Mitotic Cell Cycle (GO:2000045),GO_Biological_Process_2025,-1.0315059110170255,Downregulated,0.7023478637073982,23/100,18.00%
Synaptic Vesicle Recycling (GO:0036465),GO_Biological_Process_2025,-1.0316066121861776,Downregulated,0.7024787210019577,11/33,20.48%
Regulation Of TP53 Activity Thru Methylation R-HSA-6804760,Reactome_2022,-1.0318274851350369,Downregulated,0.702291198942932,10/18,35.91%
Phospholipid Transfer Activity (GO:0120014),GO_Molecular_Function_2025,-1.0322584008789757,Downregulated,0.7014617936343801,7/23,18.07%
Interstrand Cross-Link Repair (GO:0036297),GO_Biological_Process_2025,-1.0324422520946055,Downregulated,0.7013304756033244,6/36,12.53%
Neural Crest Cell Migration In Cancer WP4565,WikiPathways_2024_Human,-1.0335301171955809,Downregulated,0.6985398696287795,9/41,10.38%
RNA Transport (GO:0050658),GO_Biological_Process_2025,-1.0343369753316631,Downregulated,0.6966122001047277,22/38,37.72%
NO cGMP PKG Mediated Neuroprotection WP4008,WikiPathways_2024_Human,-1.034373180885648,Downregulated,0.696915742431826,8/39,16.32%
Regulation of TOR Signaling (GO:0032006),GO_Biological_Process_2025,-1.0344099496988517,Downregulated,0.6972238768383666,20/77,18.43%
Development And Heterogeneity Of The ILC Family WP3893,WikiPathways_2024_Human,-1.0353122456161394,Downregulated,0.6951296206645421,9/27,19.65%
Regulation of Fibroblast Growth Factor Receptor Signaling Pathway (GO:0040036),GO_Biological_Process_2025,-1.0355550853128008,Downregulated,0.6948429089194635,5/18,15.28%
UDP-galactosyltransferase Activity (GO:0035250),GO_Molecular_Function_2025,-1.0355799652037718,Downregulated,0.6951821752673226,3/21,5.53%
Tubulin Binding (GO:0015631),GO_Molecular_Function_2025,-1.0356952473817795,Downregulated,0.6952502311909734,78/300,24.22%
15Q11Q13 Copy Number Variation WP5407,WikiPathways_2024_Human,-1.0357482763749748,Downregulated,0.6955122885871312,14/54,20.91%
TORC1 Signaling (GO:0038202),GO_Biological_Process_2025,-1.03584910719341,Downregulated,0.6956344406812024,5/16,13.43%
Carboxylic Acid Transmembrane Transporter Activity (GO:0046943),GO_Molecular_Function_2025,-1.0363475664975828,Downregulated,0.6946407252865628,12/69,11.09%
Pro Survival Signaling Of Neuroprotectin D1 WP5182,WikiPathways_2024_Human,-1.036517404763922,Downregulated,0.6945483878000347,6/15,28.84%
G Protein Signaling WP35,WikiPathways_2024_Human,-1.0365634889820634,Downregulated,0.694840446273415,19/85,17.30%
Metabolism Of Porphyrins R-HSA-189445,Reactome_2022,-1.0371420027746636,Downregulated,0.6936379267804871,9/27,21.28%
Negative Regulation of T Cell Receptor Signaling Pathway (GO:0050860),GO_Biological_Process_2025,-1.0372964990482347,Downregulated,0.6935881553098177,9/17,29.44%
Regulation of Generation of Precursor Metabolites and Energy (GO:0043467),GO_Biological_Process_2025,-1.0374201103758875,Downregulated,0.6935880725935935,8/21,26.88%
mRNA Splicing R-HSA-72172,Reactome_2022,-1.0375333354784582,Downregulated,0.6936711892766423,34/178,16.61%
Regulation of T Cell Differentiation (GO:0045580),GO_Biological_Process_2025,-1.0376358977706357,Downregulated,0.6937992312293946,14/38,23.71%
Synaptic Vesicle Endocytosis (GO:0048488),GO_Biological_Process_2025,-1.03774296645819,Downregulated,0.6938832845039128,10/27,20.48%
Plasma Membrane Bounded Cell Projection Assembly (GO:0120031),GO_Biological_Process_2025,-1.0380042024697256,Downregulated,0.6935742055726556,73/267,25.12%
Sensory Processing Of Sound By Inner Hair Cells Of Cochlea R-HSA-9662360,Reactome_2022,-1.0380339093803927,Downregulated,0.6939091312116484,20/56,24.69%
Response to Axon Injury (GO:0048678),GO_Biological_Process_2025,-1.0384155772614772,Downregulated,0.6931774687038431,5/18,11.46%
Mitotic G2-G2/M Phases R-HSA-453274,Reactome_2022,-1.038749343003354,Downregulated,0.6926733019050739,34/180,16.49%
Protease Binding (GO:0002020),GO_Molecular_Function_2025,-1.0387791860913378,Downregulated,0.69300043469327,24/97,19.68%
Nuclear-Transcribed mRNA Catabolic Process (GO:0000956),GO_Biological_Process_2025,-1.039079886838209,Downregulated,0.692539144605411,27/83,27.87%
Positive Regulation of BMP Signaling Pathway (GO:0030513),GO_Biological_Process_2025,-1.0392805715254425,Downregulated,0.6923804343421345,7/22,21.65%
Regulation of Cytokinesis (GO:0032465),GO_Biological_Process_2025,-1.0393737737390083,Downregulated,0.6925184085711874,18/68,17.58%
Glucose 6-Phosphate Metabolic Process (GO:0051156),GO_Biological_Process_2025,-1.0395694065314496,Downregulated,0.6923795380027692,6/15,27.24%
Cation-Transporting ATPase Complex (GO:0090533),GO_Cellular_Component_2025,-1.0401869059644029,Downregulated,0.6910078924106299,8/27,14.83%
Sensory Perception of Light Stimulus (GO:0050953),GO_Biological_Process_2025,-1.040382761978779,Downregulated,0.690903782672673,29/63,32.30%
Sialic Acid Metabolism R-HSA-4085001,Reactome_2022,-1.0405975362835889,Downregulated,0.6907192356648411,9/28,24.11%
Phosphatidylcholine Binding (GO:0031210),GO_Molecular_Function_2025,-1.041260391459298,Downregulated,0.6892293247422913,9/22,24.67%
Dense Core Granule (GO:0031045),GO_Cellular_Component_2025,-1.0413405475343018,Downregulated,0.68942908283836,4/15,20.18%
Resolution Of D-Loop Structures R-HSA-5693537,Reactome_2022,-1.041588509467104,Downregulated,0.6891398727068824,6/34,10.40%
Fertilization R-HSA-1187000,Reactome_2022,-1.0418025502859634,Downregulated,0.688929382865717,7/15,32.23%
Spliceosomal snRNP Complex (GO:0097525),GO_Cellular_Component_2025,-1.0421291456364248,Downregulated,0.6884072127230572,18/52,25.82%
Superoxide Anion Generation (GO:0042554),GO_Biological_Process_2025,-1.0423017655079505,Downregulated,0.6883025390353292,4/15,14.56%
Maturation of LSU-rRNA (GO:0000470),GO_Biological_Process_2025,-1.0423832519613887,Downregulated,0.6884843380483786,8/22,21.73%
Nephrotic Syndrome WP4758,WikiPathways_2024_Human,-1.0425096502495008,Downregulated,0.6885287346515947,10/41,16.65%
Negative Regulation of Angiogenesis (GO:0016525),GO_Biological_Process_2025,-1.0425615180396168,Downregulated,0.6887793808930849,13/83,10.28%
Epidermal Cell Differentiation (GO:0009913),GO_Biological_Process_2025,-1.0427844193214393,Downregulated,0.6885599764987259,15/39,29.15%
APC/C-mediated Degradation Of Cell Cycle Proteins R-HSA-174143,Reactome_2022,-1.0432200689130424,Downregulated,0.6877411836962851,38/84,35.86%
Neurogenesis Regulation In The Olfactory Epithelium WP5265,WikiPathways_2024_Human,-1.043725111811722,Downregulated,0.6867090541815076,18/54,21.34%
Corticotropin Releasing Hormone Signaling WP2355,WikiPathways_2024_Human,-1.0439282121734177,Downregulated,0.6865169094407894,19/81,15.53%
HIV Infection R-HSA-162906,Reactome_2022,-1.0439776093532769,Downregulated,0.6868133783138811,84/213,34.56%
Transcription Initiation-Coupled Chromatin Remodeling (GO:0045815),GO_Biological_Process_2025,-1.0442124675352262,Downregulated,0.6865364050671986,10/42,15.38%
Endocytosis,KEGG_2021_Human,-1.0445362052400082,Downregulated,0.6860020692671325,68/232,24.48%
DNA Replication Checkpoint Signaling (GO:0000076),GO_Biological_Process_2025,-1.044643044126741,Downregulated,0.6861212725788018,5/19,17.60%
Translational Elongation (GO:0006414),GO_Biological_Process_2025,-1.0446478347381452,Downregulated,0.6865269550813742,21/49,30.86%
Lysosome Organization (GO:0007040),GO_Biological_Process_2025,-1.0448953854160397,Downregulated,0.6861947359637242,12/42,20.82%
Transport Of Inorganic Cations/Anions And Amino Acids/Oligopeptides R-HSA-425393,Reactome_2022,-1.045073502731507,Downregulated,0.6861081523113611,28/93,23.93%
Neurotrophin signaling pathway,KEGG_2021_Human,-1.0452744185170584,Downregulated,0.6859524727721457,32/114,21.34%
Positive Regulation of Smooth Muscle Cell Migration (GO:0014911),GO_Biological_Process_2025,-1.0457313398937074,Downregulated,0.6850386981311688,3/17,2.72%
Regulation Of RAS By GAPs R-HSA-5658442,Reactome_2022,-1.0457741580273772,Downregulated,0.6853402530216154,10/63,14.28%
Actin Polymerization or Depolymerization (GO:0008154),GO_Biological_Process_2025,-1.0461264514094988,Downregulated,0.6847291075580529,19/46,30.34%
Regulation Of PTEN Gene Transcription R-HSA-8943724,Reactome_2022,-1.0466383368131342,Downregulated,0.6836549467875438,16/57,17.46%
UCH Proteinases R-HSA-5689603,Reactome_2022,-1.0468002305808437,Downregulated,0.6836262312262789,13/83,15.72%
Regulation of Cell Adhesion Mediated by Integrin (GO:0033628),GO_Biological_Process_2025,-1.046817697338243,Downregulated,0.6839961745562935,9/31,15.30%
U12-type Spliceosomal Complex (GO:0005689),GO_Cellular_Component_2025,-1.0468655924312125,Downregulated,0.684273216321257,7/22,21.03%
Porphyrin and chlorophyll metabolism,KEGG_2021_Human,-1.0470447189306615,Downregulated,0.6841601729073424,6/28,10.39%
RNA Modification (GO:0009451),GO_Biological_Process_2025,-1.0471789008198062,Downregulated,0.6842003352707107,23/52,32.92%
Negative Regulation of Proteasomal Protein Catabolic Process (GO:1901799),GO_Biological_Process_2025,-1.0472157555796215,Downregulated,0.6845094276145867,13/43,17.99%
NADP Binding (GO:0050661),GO_Molecular_Function_2025,-1.04744388336103,Downregulated,0.6842998159250243,7/32,11.47%
Insulin Signaling WP481,WikiPathways_2024_Human,-1.047661398841857,Downregulated,0.6841075049918063,49/153,26.92%
miRNA Binding (GO:0035198),GO_Molecular_Function_2025,-1.04773285520159,Downregulated,0.6843395164238567,14/28,31.88%
Pyrimidine Metabolism And Related Diseases WP4225,WikiPathways_2024_Human,-1.0478123818985376,Downregulated,0.684520540903177,2/17,1.80%
Asthma,KEGG_2021_Human,-1.048277269894667,Downregulated,0.6835782619841091,5/18,5.88%
Nucleic Acid Catabolic Process (GO:0141188),GO_Biological_Process_2025,-1.0489120493956907,Downregulated,0.6821918887152217,9/35,15.65%
Regulation of RNA Biosynthetic Process (GO:2001141),GO_Biological_Process_2025,-1.0491156438011513,Downregulated,0.6820637359833114,101/384,24.12%
Maturation of SSU-rRNA Frm Tricistronic rRNA Trnscpt (GO:0000462),GO_Biological_Process_2025,-1.049120021857258,Downregulated,0.6824758286788194,19/27,41.02%
Myeloid Leukocyte Differentiation (GO:0002573),GO_Biological_Process_2025,-1.0494032618964206,Downregulated,0.6820846725057563,27/68,28.89%
Positive Regulation of MAP Kinase Activity (GO:0043406),GO_Biological_Process_2025,-1.05007078534504,Downregulated,0.6805859064356604,16/60,20.87%
Defective HDR Thru Homologous Recombination (HRR) Due To BRCA1 Loss-Of-Function R-HSA-9701192,Reactome_2022,-1.0500739217828168,Downregulated,0.6809941725876291,4/25,6.90%
RNA Polymerase I Transcription R-HSA-73864,Reactome_2022,-1.0503245297842907,Downregulated,0.680674987517375,17/58,18.65%
Immunoglobulin Mediated Immune Response (GO:0016064),GO_Biological_Process_2025,-1.050352850468631,Downregulated,0.6810167894955207,4/15,10.32%
Renin-angiotensin system,KEGG_2021_Human,-1.0505212942973967,Downregulated,0.6809264187475874,3/17,4.04%
Prostanoid Biosynthetic Process (GO:0046457),GO_Biological_Process_2025,-1.0506293060401075,Downregulated,0.6810401995904025,6/16,26.87%
Macromolecule Catabolic Process (GO:0009057),GO_Biological_Process_2025,-1.050813500762561,Downregulated,0.6808759451298991,11/42,18.32%
Effect Of Omega 3 PUFA On Huntington 39 S Disease Pathways WP5470,WikiPathways_2024_Human,-1.051466235396042,Downregulated,0.6794659386442545,22/108,15.53%
Negative Regulation Of PI3K/AKT Network R-HSA-199418,Reactome_2022,-1.0514751840411554,Downregulated,0.679853114892128,16/101,11.02%
Inactivation Of CSF3 (G-CSF) Signaling R-HSA-9705462,Reactome_2022,-1.0517029940418705,Downregulated,0.6796279441998037,7/24,21.19%
DNA Endonuclease Activity (GO:0004520),GO_Molecular_Function_2025,-1.05204300800033,Downregulated,0.6790592780005176,5/21,8.56%
Positive Regulation of Mitophagy (GO:1901526),GO_Biological_Process_2025,-1.05223632196061,Downregulated,0.6789813673051448,4/18,6.56%
IL7 Signaling WP205,WikiPathways_2024_Human,-1.0526021698970924,Downregulated,0.678336054518056,4/20,10.74%
Insulin Receptor Recycling R-HSA-77387,Reactome_2022,-1.052628462999027,Downregulated,0.6786711144082924,8/24,20.04%
Bile Acid Metabolic Process (GO:0008206),GO_Biological_Process_2025,-1.0527575861482923,Downregulated,0.678710720817281,9/25,20.70%
HCMV Early Events R-HSA-9609690,Reactome_2022,-1.0528934681647837,Downregulated,0.6787726359501036,16/65,21.46%
Histidine metabolism,KEGG_2021_Human,-1.0530565090635575,Downregulated,0.6787247458337561,2/18,0.86%
Positive Regulation of Protein Localization to Nucleus (GO:1900182),GO_Biological_Process_2025,-1.053166184820698,Downregulated,0.6788342926945006,8/72,5.84%
Positive Regulation of Nitric Oxide Biosynthetic Process (GO:0045429),GO_Biological_Process_2025,-1.053473796347004,Downregulated,0.6783946255975029,8/28,16.09%
Pancreatic cancer,KEGG_2021_Human,-1.0535875519293734,Downregulated,0.6784706309772035,20/75,20.28%
Rheumatoid arthritis,KEGG_2021_Human,-1.0536719272643928,Downregulated,0.6786591194573638,22/75,20.62%
Positive Regulation of Leukocyte Proliferation (GO:0070665),GO_Biological_Process_2025,-1.053709779166625,Downregulated,0.6789789201108171,5/16,15.30%
Zinc Ion Binding (GO:0008270),GO_Molecular_Function_2025,-1.0540380803078335,Downregulated,0.6784346614919191,83/280,24.78%
Complement System In Neuronal Development And Plasticity WP5090,WikiPathways_2024_Human,-1.0542356625802525,Downregulated,0.678264804719117,31/96,21.54%
Intracellular pH Reduction (GO:0051452),GO_Biological_Process_2025,-1.0544016403465235,Downregulated,0.6782387433599998,9/30,20.04%
Ubiquitin-Ubiquitin Ligase Activity (GO:0034450),GO_Molecular_Function_2025,-1.054553262161222,Downregulated,0.6782402743223257,5/15,14.92%
Ciliopathies WP4803,WikiPathways_2024_Human,-1.0549161399643816,Downregulated,0.677648622410526,41/177,21.44%
mRNA surveillance pathway,KEGG_2021_Human,-1.054940288383631,Downregulated,0.6780078634099447,17/86,16.36%
Cellular Response to Growth Factor Stimulus (GO:0071363),GO_Biological_Process_2025,-1.0550910493382797,Downregulated,0.6780100008729608,37/140,21.27%
Long-Term Memory (GO:0007616),GO_Biological_Process_2025,-1.055163896813102,Downregulated,0.6782164778666082,6/20,10.25%
Positive Regulation of Interleukin-2 Production (GO:0032743),GO_Biological_Process_2025,-1.0552739732809366,Downregulated,0.6783303429800491,4/24,7.51%
Positive Regulation of G Protein-Coupled Receptor Signaling Pathway (GO:0045745),GO_Biological_Process_2025,-1.0556744292002165,Downregulated,0.6775600297497943,8/23,26.88%
Regulation of Chromosome Organization (GO:0033044),GO_Biological_Process_2025,-1.056570991982218,Downregulated,0.6753766993377518,10/39,20.50%
Butanoate metabolism,KEGG_2021_Human,-1.0567043948758663,Downregulated,0.675428968016733,4/22,9.28%
Platelet Dense Granule Organization (GO:0060155),GO_Biological_Process_2025,-1.0570247283761496,Downregulated,0.6749181753569167,4/23,4.68%
Myotube Differentiation (GO:0014902),GO_Biological_Process_2025,-1.0573413386305015,Downregulated,0.6744202645342121,5/20,13.11%
Negative Regulation of BMP Signaling Pathway (GO:0030514),GO_Biological_Process_2025,-1.057413305625338,Downregulated,0.6746299043767705,9/39,18.98%
Phospholipid Transport (GO:0015914),GO_Biological_Process_2025,-1.0577827233914705,Downregulated,0.6739649381194889,16/56,16.85%
Positive Regulation of T Cell Cytokine Production (GO:0002726),GO_Biological_Process_2025,-1.058559799668456,Downregulated,0.6722520929880951,12/22,36.52%
Negative Regulation of Immune System Process (GO:0002683),GO_Biological_Process_2025,-1.0587078923443858,Downregulated,0.6722694507176982,13/48,17.10%
Response to Ionizing Radiation (GO:0010212),GO_Biological_Process_2025,-1.0587314159419277,Downregulated,0.67262296921531,17/70,19.33%
Phospholipase Activator Activity (GO:0016004),GO_Molecular_Function_2025,-1.0587723425899729,Downregulated,0.6729143390739905,7/15,16.76%
Regulation of GTPase Activity (GO:0043087),GO_Biological_Process_2025,-1.0589799247394636,Downregulated,0.672764620582304,24/124,15.83%
Early Endosome to Late Endosome Transport (GO:0045022),GO_Biological_Process_2025,-1.0593749706935252,Downregulated,0.6720952028332262,8/21,21.45%
Assembly And Cell Surface Presentation Of NMDA Receptors R-HSA-9609736,Reactome_2022,-1.0596252331188774,Downregulated,0.6717989509650982,4/20,6.70%
1P36 Copy Number Variation Syndrome WP5345,WikiPathways_2024_Human,-1.059654849182566,Downregulated,0.6721404364060733,32/85,32.56%
Positive Regulation of Cytokine-Mediated Signaling Pathway (GO:0001961),GO_Biological_Process_2025,-1.059769720590945,Downregulated,0.6722304277141287,19/42,28.80%
Mitotic Sister Chromatid Segregation (GO:0000070),GO_Biological_Process_2025,-1.060024898110498,Downregulated,0.6719094744890011,31/112,22.77%
Establishment of Melanosome Localization (GO:0032401),GO_Biological_Process_2025,-1.060065466820208,Downregulated,0.6722183490284624,3/16,11.58%
Positive Regulation of Leukocyte Chemotaxis (GO:0002690),GO_Biological_Process_2025,-1.0613667135079907,Downregulated,0.6688143044701221,12/48,14.43%
Resolution Of D-loop Structures Thru Holliday Junction Intermediates R-HSA-5693568,Reactome_2022,-1.0617529234644103,Downregulated,0.6681432026170355,6/33,10.40%
Spliceosomal tri-snRNP Complex (GO:0097526),GO_Cellular_Component_2025,-1.0627054209842497,Downregulated,0.665954137911449,7/30,15.39%
U4/U6 X U5 tri-snRNP Complex (GO:0046540),GO_Cellular_Component_2025,-1.0627054209842497,Downregulated,0.665954137911449,7/30,15.39%
NRAGE Signals Death Thru JNK R-HSA-193648,Reactome_2022,-1.062947825517746,Downregulated,0.6660860257825274,18/52,23.82%
Melanosome Localization (GO:0032400),GO_Biological_Process_2025,-1.062964191190661,Downregulated,0.6664653730737614,5/18,20.82%
Negative Regulation of MAPK Cascade (GO:0043409),GO_Biological_Process_2025,-1.0633120563473308,Downregulated,0.665926837491468,28/114,21.96%
Regulation of Extrinsic Apoptotic Signaling Pathway (GO:2001236),GO_Biological_Process_2025,-1.0633128045846822,Downregulated,0.6663484406693745,12/60,14.19%
Negative Regulation of Antigen Receptor-Mediated Signaling Pathway (GO:0050858),GO_Biological_Process_2025,-1.0633180921224994,Downregulated,0.6667583915540886,14/24,29.59%
Exocytic Vesicle (GO:0070382),GO_Cellular_Component_2025,-1.063611988012699,Downregulated,0.6663272626055822,4/29,6.88%
Ubiquitin-Specific Protease Binding (GO:1990381),GO_Molecular_Function_2025,-1.0638107600807118,Downregulated,0.6661618034554169,6/15,22.58%
Negative Regulation of Multicellular Organismal Process (GO:0051241),GO_Biological_Process_2025,-1.0641563534287375,Downregulated,0.6656228823694882,39/216,14.75%
Pyridine Nucleotide Catabolic Process (GO:0019364),GO_Biological_Process_2025,-1.0642502093704913,Downregulated,0.6657683849188742,11/28,27.24%
Canonical And Non Canonical TGF B Signaling WP3874,WikiPathways_2024_Human,-1.064277936200847,Downregulated,0.6661089621200945,4/17,10.90%
Positive Regulation of Non-Canonical NF-kappaB Signal Transduction (GO:1901224),GO_Biological_Process_2025,-1.064325702230715,Downregulated,0.6664086779046893,14/46,20.38%
RHOJ GTPase Cycle R-HSA-9013409,Reactome_2022,-1.0647855549712455,Downregulated,0.6655486621632288,12/54,17.70%
Microtubule Binding (GO:0008017),GO_Molecular_Function_2025,-1.06566361658756,Downregulated,0.6634761488364406,57/223,23.36%
Gene Expression (GO:0010467),GO_Biological_Process_2025,-1.065718156468022,Downregulated,0.6637318452493072,123/329,33.50%
Carbohydrate digestion and absorption,KEGG_2021_Human,-1.0659348467484782,Downregulated,0.6635684741757079,9/36,18.73%
Tumor Necrosis Factor Receptor Superfamily Binding (GO:0032813),GO_Molecular_Function_2025,-1.0660528779887086,Downregulated,0.663677253358394,7/27,17.37%
Signal Transduction Through IL1R WP4496,WikiPathways_2024_Human,-1.066282000471443,Downregulated,0.6634368672008967,8/31,17.31%
"Regulation of Nuclear-Transcribed mRNA Catabolic Process, Deadenylation-Dependent Decay (GO:1900151)",GO_Biological_Process_2025,-1.0667372604159708,Downregulated,0.6625293778583933,4/19,10.34%
Long-Term Synaptic Potentiation (GO:0060291),GO_Biological_Process_2025,-1.066782546407133,Downregulated,0.6628152663638622,6/25,9.50%
Neuron Projection Guidance (GO:0097485),GO_Biological_Process_2025,-1.06703848393972,Downregulated,0.662519250017422,25/121,13.09%
Circadian rhythm,KEGG_2021_Human,-1.067272382571146,Downregulated,0.6622551792290966,9/29,27.29%
Cellular Response to Epidermal Growth Factor Stimulus (GO:0071364),GO_Biological_Process_2025,-1.067700895605292,Downregulated,0.6614062055903912,11/27,25.39%
Energy Dependent Regulation Of mTOR By LKB1-AMPK R-HSA-380972,Reactome_2022,-1.0678935847711917,Downregulated,0.6612620727116509,11/29,25.21%
Vitamin digestion and absorption,KEGG_2021_Human,-1.0679478120238568,Downregulated,0.6615449810821836,6/20,19.46%
Protein-Containing Complex Organization (GO:0043933),GO_Biological_Process_2025,-1.0683925811742678,Downregulated,0.6607054810602125,45/111,29.52%
Host Pathogen Interaction Of Human CoVs Autophagy WP4863,WikiPathways_2024_Human,-1.0687038984165744,Downregulated,0.660241713028771,7/19,14.32%
MAPK6/MAPK4 Signaling R-HSA-5687128,Reactome_2022,-1.0687878566034172,Downregulated,0.6604449262789893,33/84,35.08%
NAD Biosynthetic Pathways WP3645,WikiPathways_2024_Human,-1.0689156364802084,Downregulated,0.6605130988923743,12/21,28.89%
Cellular Response to Acid Chemical (GO:0071229),GO_Biological_Process_2025,-1.0692151155187528,Downregulated,0.6600970471990589,8/28,16.48%
Nuclear Localization Sequence Binding (GO:0008139),GO_Molecular_Function_2025,-1.0695586243862178,Downregulated,0.6595596875164882,12/18,43.88%
Regulation of Collagen Biosynthetic Process (GO:0032965),GO_Biological_Process_2025,-1.0698359868639025,Downregulated,0.6592060018736333,5/20,14.43%
Long-Chain Fatty Acid Metabolic Process (GO:0001676),GO_Biological_Process_2025,-1.0700915396288144,Downregulated,0.6589386764222175,15/64,13.80%
Early Endosome (GO:0005769),GO_Cellular_Component_2025,-1.0701212918061314,Downregulated,0.6592853341284951,80/297,24.48%
Organophosphate Biosynthetic Process (GO:0090407),GO_Biological_Process_2025,-1.070305089083534,Downregulated,0.6591907996524442,13/33,28.12%
MAPK1/MAPK3 Signaling R-HSA-5684996,Reactome_2022,-1.0703194463176549,Downregulated,0.6595823418351163,52/252,18.18%
Cellular Response to Oxidative Stress (GO:0034599),GO_Biological_Process_2025,-1.0703270195279853,Downregulated,0.659990713647007,24/110,18.41%
Interferon Mediated Signaling WP4558,WikiPathways_2024_Human,-1.0704793220345614,Downregulated,0.6599905534607917,13/16,46.42%
Solute:Proton Symporter Activity (GO:0015295),GO_Molecular_Function_2025,-1.070543351742952,Downregulated,0.6602495311240594,7/18,21.36%
DNA Damage Response WP707,WikiPathways_2024_Human,-1.070722562326204,Downregulated,0.6601623249420293,10/67,8.17%
Inner Ear Morphogenesis (GO:0042472),GO_Biological_Process_2025,-1.070761669520795,Downregulated,0.6604879844740147,5/19,12.18%
Monoatomic Cation Homeostasis (GO:0055080),GO_Biological_Process_2025,-1.071024896463722,Downregulated,0.6601474129069076,17/75,15.27%
miRNA Regulation Of DNA Damage Response WP1530,WikiPathways_2024_Human,-1.071137669909241,Downregulated,0.6602519042808185,10/67,8.17%
"Nuclear-Transcribed mRNA Catabolic Process, Deadenylation-Dependent Decay (GO:0000288)",GO_Biological_Process_2025,-1.07158489192597,Downregulated,0.6593329922067124,9/27,27.14%
GPCR Ligand Binding R-HSA-500792,Reactome_2022,-1.071694842577438,Downregulated,0.6594433380648699,69/284,21.54%
Catabolism Of Skeletal Muscle In Cachexia WP5474,WikiPathways_2024_Human,-1.0720189023009783,Downregulated,0.6589448427944768,9/37,16.21%
"RNA Exonuclease Activity, Producing 5'-Phosphomonoesters (GO:0016896)",GO_Molecular_Function_2025,-1.0720795672832706,Downregulated,0.6591833704287305,5/31,10.51%
Inorganic Anion Transmembrane Transport (GO:0098661),GO_Biological_Process_2025,-1.0720996363554631,Downregulated,0.6595576305129948,18/62,18.73%
"Parathyroid hormone synthesis, secretion and action",KEGG_2021_Human,-1.0724558747533666,Downregulated,0.6589509201923673,24/96,19.13%
Regulation of Potassium Ion Transmembrane Transport (GO:1901379),GO_Biological_Process_2025,-1.0726114531030122,Downregulated,0.6589320499183248,10/34,17.70%
Interactions Of Vpr With Host Cellular Proteins R-HSA-176033,Reactome_2022,-1.0727008413192696,Downregulated,0.6591139397532264,7/34,18.67%
Non-Motile Cilium Assembly (GO:1905515),GO_Biological_Process_2025,-1.0727418075350177,Downregulated,0.6594334136244476,5/31,8.73%
Mitotic Spindle Assembly (GO:0090307),GO_Biological_Process_2025,-1.072788549495137,Downregulated,0.6597226785414596,15/45,22.11%
Glucocorticoid Receptor Pathway WP2880,WikiPathways_2024_Human,-1.0730199734540389,Downregulated,0.6594512182415032,15/63,19.52%
Macroautophagy (GO:0016236),GO_Biological_Process_2025,-1.0731163172731253,Downregulated,0.6596095500198588,40/150,20.82%
Phosphotyrosine Residue Binding (GO:0001784),GO_Molecular_Function_2025,-1.0731409735889337,Downregulated,0.6599648140878488,17/37,30.45%
Nucleobase-Containing Compound Kinase Activity (GO:0019205),GO_Molecular_Function_2025,-1.0732407885188786,Downregulated,0.6601544015899742,4/18,16.11%
CD209 (DC-SIGN) Signaling R-HSA-5621575,Reactome_2022,-1.0734233320251008,Downregulated,0.6600818573266032,6/18,15.30%
Nuclear Membrane (GO:0031965),GO_Cellular_Component_2025,-1.0735128547630932,Downregulated,0.6602583682498941,61/214,23.48%
Oligodendrocyte Differentiation Leading To Myelin For CNS WP4304,WikiPathways_2024_Human,-1.0738199441844534,Downregulated,0.6598504837291117,8/23,16.34%
Sodium Ion Import Across Plasma Membrane (GO:0098719),GO_Biological_Process_2025,-1.074252193334805,Downregulated,0.6591112632430421,3/19,2.94%
O-linked Glycosylation Of Mucins R-HSA-913709,Reactome_2022,-1.0744389576521367,Downregulated,0.6589975475923496,14/39,25.01%
MicroRNAs in cancer,KEGG_2021_Human,-1.0749188756872596,Downregulated,0.6580551994115476,52/166,26.32%
Nuclear Androgen Receptor Binding (GO:0050681),GO_Molecular_Function_2025,-1.0751593443413323,Downregulated,0.6578235581115086,10/25,20.77%
Cellular Response to Gamma Radiation (GO:0071480),GO_Biological_Process_2025,-1.0756917556129832,Downregulated,0.6567612398088083,5/15,13.34%
Regulation of Proteolysis Involved in Protein Catabolic Process (GO:1903050),GO_Biological_Process_2025,-1.075724998478206,Downregulated,0.6570979597512796,3/26,1.75%
Regulation Of TP53 Activity Thru Phosphorylation R-HSA-6804756,Reactome_2022,-1.0757944764261649,Downregulated,0.657325742761924,23/87,20.28%
Basolateral Plasma Membrane (GO:0016323),GO_Cellular_Component_2025,-1.075960363030015,Downregulated,0.6573158805908685,61/167,28.38%
Cell adhesion molecules,KEGG_2021_Human,-1.0760830442407177,Downregulated,0.6574115652926303,24/124,13.71%
Endocytic Vesicle (GO:0030139),GO_Cellular_Component_2025,-1.0762688811478174,Downregulated,0.657302470644712,54/181,25.92%
Phospholipase Activity (GO:0004620),GO_Molecular_Function_2025,-1.0764702682716565,Downregulated,0.6571805152021334,11/69,8.84%
RUNX2 Regulates Bone Development R-HSA-8941326,Reactome_2022,-1.076933279321902,Downregulated,0.6563068702077168,10/28,26.22%
Sensory Perception of Sound (GO:0007605),GO_Biological_Process_2025,-1.07706634314364,Downregulated,0.656383834916191,14/73,13.14%
Monoatomic Cation Transmembrane Transporter Activity (GO:0008324),GO_Molecular_Function_2025,-1.0771580702570438,Downregulated,0.6565524795987618,14/37,20.59%
AMP Activated Protein Kinase Signaling WP1403,WikiPathways_2024_Human,-1.0771941050707583,Downregulated,0.6568783297295104,22/62,31.41%
NF-kappa B signaling pathway,KEGG_2021_Human,-1.0777822396127883,Downregulated,0.6556186100369891,20/93,19.52%
African trypanosomiasis,KEGG_2021_Human,-1.077876809781646,Downregulated,0.6557743150280992,10/33,25.55%
MAP3K8 (TPL2)-dependent MAPK1/3 Activation R-HSA-5684264,Reactome_2022,-1.0780189404627487,Downregulated,0.6558040724268434,5/16,21.96%
ZBP1(DAI) Mediated Induction Of Type I IFNs R-HSA-1606322,Reactome_2022,-1.078099396802335,Downregulated,0.6560040535462389,6/20,22.31%
mRNA Splicing - Major Pathway R-HSA-72163,Reactome_2022,-1.078214697447757,Downregulated,0.6561459370724301,33/171,16.33%
Transport Of SLBP Independent Mature mRNA R-HSA-159227,Reactome_2022,-1.078277229285119,Downregulated,0.6564128189311064,6/32,18.67%
Recruitment Of NuMA To Mitotic Centrosomes R-HSA-380320,Reactome_2022,-1.0788976444955367,Downregulated,0.655095690177479,19/80,16.49%
Host Pathogen Interaction Of Human CoVs Apoptosis WP4864,WikiPathways_2024_Human,-1.079069467520427,Downregulated,0.6550257530252962,4/21,8.17%
SARS-CoV-2 Infection R-HSA-9694516,Reactome_2022,-1.0791626718104546,Downregulated,0.6551809895152397,85/240,30.88%
Protein Localization to Chromatin (GO:0071168),GO_Biological_Process_2025,-1.079516443763676,Downregulated,0.6546048269393908,10/29,18.25%
Growth Hormone Receptor Signaling Pathway (GO:0060396),GO_Biological_Process_2025,-1.0796242386187946,Downregulated,0.6547334989004022,6/16,22.04%
Positive Regulation of Lipid Metabolic Process (GO:0045834),GO_Biological_Process_2025,-1.0796769506405193,Downregulated,0.6550061305405743,8/22,23.02%
Bile secretion,KEGG_2021_Human,-1.0798120814521288,Downregulated,0.6550805854949892,20/57,21.68%
Small cell lung cancer,KEGG_2021_Human,-1.0804138697272054,Downregulated,0.6537820999684126,18/89,19.52%
Cyclic Nucleotide Biosynthetic Process (GO:0009190),GO_Biological_Process_2025,-1.0806587937656784,Downregulated,0.6534968459429928,5/17,13.55%
Sensory Perception (GO:0007600),GO_Biological_Process_2025,-1.0810627835465454,Downregulated,0.652758549220762,8/34,12.37%
Glycosaminoglycan Metabolic Process (GO:0030203),GO_Biological_Process_2025,-1.081192505887866,Downregulated,0.6528357202444702,15/24,34.88%
Response to ATP (GO:0033198),GO_Biological_Process_2025,-1.0817635764700295,Downregulated,0.6516056127518233,5/16,17.40%
Regulation of ATP Metabolic Process (GO:1903578),GO_Biological_Process_2025,-1.0819890931251548,Downregulated,0.6513681586994267,8/15,28.76%
Regulation of DNA Metabolic Process (GO:0051052),GO_Biological_Process_2025,-1.0823587888113255,Downregulated,0.6507265751794542,40/112,30.71%
PDGF Pathway WP2526,WikiPathways_2024_Human,-1.082569866337126,Downregulated,0.6505407369126398,9/39,13.61%
Positive Regulation of Protein Localization (GO:1903829),GO_Biological_Process_2025,-1.0829546007266873,Downregulated,0.6498475863526637,27/94,21.65%
SARS CoV 2 Mt Chronic Ox Stress And Endothelial Dysfunction WP5183,WikiPathways_2024_Human,-1.0835255291112686,Downregulated,0.6486096772127309,7/25,20.51%
Histone Reader Activity (GO:0140566),GO_Molecular_Function_2025,-1.0840656493540015,Downregulated,0.6475142370764551,6/27,11.35%
Positive Regulation of Transcription by RNA Polymerase I (GO:0045943),GO_Biological_Process_2025,-1.0844907992590629,Downregulated,0.6466806774695976,16/33,31.96%
"Retrograde Transport, Endosome to Golgi (GO:0042147)",GO_Biological_Process_2025,-1.0845186588589988,Downregulated,0.6470363929594017,29/86,25.39%
Interactions Of Rev With Host Cellular Proteins R-HSA-177243,Reactome_2022,-1.0848886485753433,Downregulated,0.6464383224185961,7/33,18.67%
Negative Regulation of Apoptotic Signaling Pathway (GO:2001234),GO_Biological_Process_2025,-1.0851055667844336,Downregulated,0.6463039060341377,11/70,6.56%
Leukocyte transendothelial migration,KEGG_2021_Human,-1.0854119459899394,Downregulated,0.6458499727150314,23/101,20.16%
Neuromuscular Synaptic Transmission (GO:0007274),GO_Biological_Process_2025,-1.0858787863175865,Downregulated,0.6449839896406472,4/15,19.10%
Shigellosis,KEGG_2021_Human,-1.0863573386706622,Downregulated,0.6440590584271553,54/213,22.12%
Regulation of Mitophagy (GO:1901524),GO_Biological_Process_2025,-1.0869817039589869,Downregulated,0.6426703938922603,7/27,16.12%
Positive Regulation of Myeloid Cell Differentiation (GO:0045639),GO_Biological_Process_2025,-1.0872109153173148,Downregulated,0.6424808077277471,10/33,17.44%
Regulation of Endopeptidase Activity (GO:0052548),GO_Biological_Process_2025,-1.0873768849610603,Downregulated,0.6424711499040808,4/18,9.05%
Neurotrophin Signaling Pathway (GO:0038179),GO_Biological_Process_2025,-1.0876117650817194,Downregulated,0.6422469021800037,3/16,8.12%
Positive Regulation of Cilium Assembly (GO:0045724),GO_Biological_Process_2025,-1.0876815207678363,Downregulated,0.6424689399004755,8/24,21.32%
RANKL RANK Signaling WP2018,WikiPathways_2024_Human,-1.0880631131925895,Downregulated,0.6418089256232358,16/50,27.19%
Organophosphate Ester Transport (GO:0015748),GO_Biological_Process_2025,-1.0882125648162906,Downregulated,0.641864186473487,9/25,16.85%
Phagosome,KEGG_2021_Human,-1.0883062959199568,Downregulated,0.6420209689710551,27/132,14.83%
Negative Regulation of Secretion by Cell (GO:1903531),GO_Biological_Process_2025,-1.0889950161519195,Downregulated,0.6404759443363995,19/35,40.90%
tRNA Aminoacylation (GO:0043039),GO_Biological_Process_2025,-1.0890275838211083,Downregulated,0.6408154991738375,11/22,25.39%
Transport Of SLBP Dependant Mature mRNA R-HSA-159230,Reactome_2022,-1.089255998310689,Downregulated,0.6406324899305958,6/33,18.67%
Transcription by RNA Polymerase II (GO:0006366),GO_Biological_Process_2025,-1.0892857619094256,Downregulated,0.6409832825711456,76/176,33.40%
Impaired BRCA2 Binding To PALB2 R-HSA-9709603,Reactome_2022,-1.0894913441795753,Downregulated,0.6408608854131821,4/24,6.90%
Membrane Lipid Catabolic Process (GO:0046466),GO_Biological_Process_2025,-1.0898307287241975,Downregulated,0.6403275777966395,6/17,16.93%
Positive Regulation of Catalytic Activity (GO:0043085),GO_Biological_Process_2025,-1.0899913394173104,Downregulated,0.6403418439646257,9/26,18.98%
Vitamin Transport (GO:0051180),GO_Biological_Process_2025,-1.090353274964809,Downregulated,0.6397967518100162,11/32,22.80%
Fanconi anemia pathway,KEGG_2021_Human,-1.090449793966911,Downregulated,0.6399654302696048,5/51,4.64%
Clathrin-Coated Endocytic Vesicle Membrane (GO:0030669),GO_Cellular_Component_2025,-1.0909921805220302,Downregulated,0.6388896582873612,9/55,10.32%
Regulation of Protein Metabolic Process (GO:0051246),GO_Biological_Process_2025,-1.0919877749090057,Downregulated,0.636517403987799,15/88,11.02%
Diseases Of Signal Transduction By Growth Factor Receptors And Second Messengers R-HSA-5663202,Reactome_2022,-1.09205063872475,Downregulated,0.6367724323962833,107/401,25.21%
Cysteine-Type Endopeptidase Activity (GO:0004197),GO_Molecular_Function_2025,-1.0921968508897966,Downregulated,0.6368041149974025,16/66,15.99%
Chromosome (GO:0005694),GO_Cellular_Component_2025,-1.09225452837458,Downregulated,0.6370853003806768,44/151,25.52%
Pathways Affected In Adenoid Cystic Carcinoma WP3651,WikiPathways_2024_Human,-1.0924314733537108,Downregulated,0.637035410174732,19/63,18.74%
tRNA Processing In Nucleus R-HSA-6784531,Reactome_2022,-1.09268186046371,Downregulated,0.6367083504398983,14/51,18.67%
Regulation of Primary Metabolic Process (GO:0080090),GO_Biological_Process_2025,-1.0927041240070507,Downregulated,0.6370885541691488,25/106,17.54%
Perturbations Host Cell Autophagy Induced By SARS CoV 2 Prots WP4936,WikiPathways_2024_Human,-1.0927882427766964,Downregulated,0.6372870559875777,11/43,13.43%
MAPK Cascade WP422,WikiPathways_2024_Human,-1.0928273918620826,Downregulated,0.6375960746911865,13/33,22.83%
Regulation of Cellular Component Biogenesis (GO:0044087),GO_Biological_Process_2025,-1.0928304548164225,Downregulated,0.6380291115679944,17/36,29.74%
Regulation of Cell Adhesion (GO:0030155),GO_Biological_Process_2025,-1.0928951943643832,Downregulated,0.6382793115436237,30/128,17.71%
Leptin Signaling WP2034,WikiPathways_2024_Human,-1.093119547738861,Downregulated,0.6380696998224279,20/70,21.20%
Post-Transcriptional Gene Silencing (GO:0016441),GO_Biological_Process_2025,-1.093185477412971,Downregulated,0.6383127950400341,11/21,30.97%
Vacuolar Acidification (GO:0007035),GO_Biological_Process_2025,-1.093307307866076,Downregulated,0.6384006878367455,8/28,20.04%
Positive Regulation of Lamellipodium Assembly (GO:0010592),GO_Biological_Process_2025,-1.093542853025789,Downregulated,0.6381715790124141,12/19,37.59%
RNA Polymerase I Promoter Clearance R-HSA-73854,Reactome_2022,-1.0936517980896372,Downregulated,0.6383053068099868,17/57,18.65%
Nucleoside Phosphate Catabolic Process (GO:1901292),GO_Biological_Process_2025,-1.0936737809309256,Downregulated,0.6386792708275034,3/17,6.42%
Regulation of Autophagy (GO:0010506),GO_Biological_Process_2025,-1.0943549986673549,Downregulated,0.6372162613556084,57/218,20.65%
Negative Regulation of Wound Healing (GO:0061045),GO_Biological_Process_2025,-1.09449170682263,Downregulated,0.6372602928010483,4/22,6.70%
Kisspeptin Kisspeptin Receptor System In The Ovary WP4871,WikiPathways_2024_Human,-1.0950005407955796,Downregulated,0.6362728488306043,9/37,14.54%
Positive Regulation of Ion Transmembrane Transporter Activity (GO:0032414),GO_Biological_Process_2025,-1.0959375047381208,Downregulated,0.6339976728035078,4/20,7.56%
Cellular Response to Glucose Starvation (GO:0042149),GO_Biological_Process_2025,-1.096369252329929,Downregulated,0.6332131621643567,15/43,24.40%
Negative Regulation of Proteasomal Ubiquitin-Dependent Protein Catabolic Process (GO:0032435),GO_Biological_Process_2025,-1.09657243226172,Downregulated,0.6330938103673714,11/30,20.03%
Ascorbate and aldarate metabolism,KEGG_2021_Human,-1.0970612931312014,Downregulated,0.6320839308985728,4/15,6.06%
Positive Regulation of Muscle Cell Differentiation (GO:0051149),GO_Biological_Process_2025,-1.0973213899481349,Downregulated,0.6318060428099206,5/15,18.76%
Spindle Assembly (GO:0051225),GO_Biological_Process_2025,-1.0974711102878891,Downregulated,0.631784427662256,23/71,23.48%
Response to Insulin (GO:0032868),GO_Biological_Process_2025,-1.097694431554851,Downregulated,0.6315747665330843,23/75,23.16%
Pertussis,KEGG_2021_Human,-1.0977540748797034,Downregulated,0.6318654181504894,16/70,15.45%
Purinergic Signaling WP4900,WikiPathways_2024_Human,-1.098290396842896,Downregulated,0.6308082597255661,5/31,7.00%
Negative Regulation of Autophagy (GO:0010507),GO_Biological_Process_2025,-1.099122881918728,Downregulated,0.6289135348494477,16/60,21.18%
NS1 Mediated Effects On Host Pathways R-HSA-168276,Reactome_2022,-1.099243775285315,Downregulated,0.6290169075610234,7/37,20.22%
Opioid Signaling R-HSA-111885,Reactome_2022,-1.0993989132143862,Downregulated,0.6290050292564571,20/81,21.48%
Rab Regulation Of Trafficking R-HSA-9007101,Reactome_2022,-1.099627374865399,Downregulated,0.6288051664781102,31/116,20.19%
Telomere Maintenance via Telomere Lengthening (GO:0010833),GO_Biological_Process_2025,-1.099875738037578,Downregulated,0.6285594728566314,7/27,16.25%
Phospholipase C-activating G Protein-Coupled Receptor Signaling Pathway (GO:0007200),GO_Biological_Process_2025,-1.1001001195479478,Downregulated,0.6283784277186365,21/77,23.22%
ROS And RNS Production In Phagocytes R-HSA-1222556,Reactome_2022,-1.1019196018490307,Downregulated,0.6236357984770204,10/34,20.04%
Antiviral Innate Immune Response (GO:0140374),GO_Biological_Process_2025,-1.102113945828475,Downregulated,0.6235372371307945,30/53,35.01%
FCERI Mediated NF-kB Activation R-HSA-2871837,Reactome_2022,-1.1025220117340893,Downregulated,0.6227855130056267,37/76,36.10%
Cortical Cytoskeleton Organization (GO:0030865),GO_Biological_Process_2025,-1.102629459762572,Downregulated,0.6229215329015754,11/32,29.28%
Ethanol Effects On Histone Modifications WP3996,WikiPathways_2024_Human,-1.102706345352984,Downregulated,0.6231568542102731,12/31,27.08%
Protein Targeting to Lysosome (GO:0006622),GO_Biological_Process_2025,-1.103151286885043,Downregulated,0.6223820701297794,8/22,15.04%
Chloride Transmembrane Transporter Activity (GO:0015108),GO_Molecular_Function_2025,-1.1041460907659495,Downregulated,0.6200461911887788,16/63,16.13%
White Fat Cell Differentiation WP4149,WikiPathways_2024_Human,-1.1043619793405273,Downregulated,0.6198512849463796,5/31,8.74%
Positive Regulation of Cell Growth (GO:0030307),GO_Biological_Process_2025,-1.1043926223048544,Downregulated,0.6201946783944882,26/97,22.26%
Calcium-Dependent Phospholipid Binding (GO:0005544),GO_Molecular_Function_2025,-1.1052619990215635,Downregulated,0.6183087645042954,9/45,9.07%
TNF signaling pathway,KEGG_2021_Human,-1.1056687189686765,Downregulated,0.617603489142317,33/105,27.80%
Infection With Mycobacterium Tuberculosis R-HSA-9635486,Reactome_2022,-1.1057836368174696,Downregulated,0.6177374465592415,8/25,25.25%
RNA Polymerase II-specific DNA-binding Transcription Factor Binding (GO:0061629),GO_Molecular_Function_2025,-1.105793939862333,Downregulated,0.61815698465508,50/206,21.67%
Regulation of Nitric Oxide Biosynthetic Process (GO:0045428),GO_Biological_Process_2025,-1.1059411394485028,Downregulated,0.6181687650587006,7/42,5.57%
Chloride Transmembrane Transport (GO:1902476),GO_Biological_Process_2025,-1.106495993768857,Downregulated,0.6170723525063285,13/48,16.13%
Translesion Synthesis (GO:0019985),GO_Biological_Process_2025,-1.1065270281075703,Downregulated,0.6174351140486783,10/22,28.11%
Phospholipid Metabolism R-HSA-1483257,Reactome_2022,-1.1065577875342818,Downregulated,0.6177787439087062,53/194,22.29%
tRNA Aminoacylation R-HSA-379724,Reactome_2022,-1.106803715878271,Downregulated,0.6175320913012543,21/42,34.21%
PI3K AKT mTOR Signaling And Therapeutic In Prostate Cancer WP3844,WikiPathways_2024_Human,-1.1079799700639397,Downregulated,0.6146892977194565,10/31,19.19%
Rev-mediated Nuclear Export Of HIV RNA R-HSA-165054,Reactome_2022,-1.108041291439011,Downregulated,0.6149683427762713,7/32,18.67%
Ovarian Infertility WP34,WikiPathways_2024_Human,-1.10814703461314,Downregulated,0.6151235527674952,13/32,25.21%
Basal transcription factors,KEGG_2021_Human,-1.1082571941035628,Downregulated,0.6152944185938328,10/40,16.07%
Lysosome Vesicle Biogenesis R-HSA-432720,Reactome_2022,-1.108390901728368,Downregulated,0.6153865916069078,6/31,6.27%
tRNA Modification In Nucleus And Cytosol R-HSA-6782315,Reactome_2022,-1.1085457359037096,Downregulated,0.6153861641361472,16/42,24.89%
DNA Metabolic Process (GO:0006259),GO_Biological_Process_2025,-1.108555091851031,Downregulated,0.6158076298000367,56/277,17.72%
Regulation of Ruffle Assembly (GO:1900027),GO_Biological_Process_2025,-1.1087595425454866,Downregulated,0.615675944017442,6/22,13.09%
Positive Regulation of RNA Biosynthetic Process (GO:1902680),GO_Biological_Process_2025,-1.1091517814258425,Downregulated,0.6150553102073081,110/494,19.36%
FoxO signaling pathway,KEGG_2021_Human,-1.109209085266034,Downregulated,0.6153500037015674,34/119,21.30%
Positive Regulation of Interleukin-1 Beta Production (GO:0032731),GO_Biological_Process_2025,-1.1093592997174406,Downregulated,0.6153495483307643,21/47,28.48%
Translation Inhibitors In Chronically Activated PDGFRA Cells WP4566,WikiPathways_2024_Human,-1.1093734218561273,Downregulated,0.6157449116869234,10/45,13.43%
Photodynamic Therapy Induced NFE2L2 NRF2 Survival Signaling WP3612,WikiPathways_2024_Human,-1.109544079768373,Downregulated,0.6157231662407775,7/23,15.03%
TNFR2 Non-Canonical NF-kB Pathway R-HSA-5668541,Reactome_2022,-1.1095635006633882,Downregulated,0.6161202338758457,38/92,34.56%
APC/C:Cdh1 Mediated Degradation Of Cdc20 And APC/C:Cdh1 Targets In Late Mitosis/Early G1 R-HSA-174178,Reactome_2022,-1.1095651990249096,Downregulated,0.6165559010258036,33/70,35.72%
Regulation of Bone Mineralization (GO:0030500),GO_Biological_Process_2025,-1.109765764834156,Downregulated,0.6164559938452585,14/58,16.29%
Post COVID Neuroinflammation WP5485,WikiPathways_2024_Human,-1.1098769572192928,Downregulated,0.616587888453663,2/18,1.68%
Inactivation Of APC/C Via Direct Inhibition Of APC/C Complex R-HSA-141430,Reactome_2022,-1.1101186782729549,Downregulated,0.6163856601553701,4/20,8.65%
mRNA Cleavage and Polyadenylation Specificity Factor Complex (GO:0005847),GO_Cellular_Component_2025,-1.11058391805889,Downregulated,0.6154932249995918,6/15,21.80%
Listeria Monocytogenes Entry Into Host Cells R-HSA-8876384,Reactome_2022,-1.110601093930932,Downregulated,0.6158953229401251,6/19,17.95%
Lipid Translocation (GO:0034204),GO_Biological_Process_2025,-1.1107956715338827,Downregulated,0.6157850260554273,7/25,13.23%
Negative Regulation of Smoothened Signaling Pathway (GO:0045879),GO_Biological_Process_2025,-1.1108384628502712,Downregulated,0.616102795741491,4/23,7.88%
Aldosterone-regulated sodium reabsorption,KEGG_2021_Human,-1.1111218672245722,Downregulated,0.615757793063922,10/33,18.73%
Ca2+ Pathway R-HSA-4086398,Reactome_2022,-1.1112898162673128,Downregulated,0.6157541504515733,13/56,17.95%
Aryl Hydrocarbon Receptor Pathway WP2586,WikiPathways_2024_Human,-1.1113137248283618,Downregulated,0.6161361387658225,10/43,14.33%
Response to Glucose (GO:0009749),GO_Biological_Process_2025,-1.1114851313340637,Downregulated,0.6160953071868365,7/45,6.75%
Ribosomal Small Subunit Biogenesis (GO:0042274),GO_Biological_Process_2025,-1.1115467706759068,Downregulated,0.616376974553579,30/75,32.21%
MyD88:MAL(TIRAP) Cascade Initiated On Plasma Membrane R-HSA-166058,Reactome_2022,-1.1115925798633215,Downregulated,0.6166808632014319,34/104,27.80%
"Positive Regulation of mRNA Splicing, via Spliceosome (GO:0048026)",GO_Biological_Process_2025,-1.111905922480284,Downregulated,0.6162212747097878,11/17,38.86%
trans-Golgi Network Membrane (GO:0032588),GO_Cellular_Component_2025,-1.1119934204075357,Downregulated,0.6164223981573305,19/96,14.07%
Magnesium Ion Binding (GO:0000287),GO_Molecular_Function_2025,-1.1120034182447975,Downregulated,0.6168458951357574,36/150,17.94%
tRNA Aminoacylation for Protein Translation (GO:0006418),GO_Biological_Process_2025,-1.1123570357242225,Downregulated,0.6162524235812847,20/36,34.21%
Protein Catabolic Process (GO:0030163),GO_Biological_Process_2025,-1.1123721694311717,Downregulated,0.6166624064401749,42/95,31.73%
Positive Regulation of DNA Replication (GO:0045740),GO_Biological_Process_2025,-1.1129694369879106,Downregulated,0.6153721881639408,6/23,16.25%
mRNA 3-End Processing R-HSA-72187,Reactome_2022,-1.1130984905927266,Downregulated,0.6154611841022076,15/54,20.78%
Positive Regulation of Neutrophil Chemotaxis (GO:0090023),GO_Biological_Process_2025,-1.1133165824655995,Downregulated,0.6153081106727956,5/16,13.44%
Interleukin Receptor SHC Signaling R-HSA-912526,Reactome_2022,-1.1133314343592997,Downregulated,0.6157150915433304,12/24,25.92%
Organic Anion Transport (GO:0015711),GO_Biological_Process_2025,-1.1136725797480709,Downregulated,0.6151498105157378,37/80,30.33%
Ficolin-1-Rich Granule Lumen (GO:1904813),GO_Cellular_Component_2025,-1.1138404927569718,Downregulated,0.6151395243788297,42/112,27.24%
Metabolism Of Folate And Pterines R-HSA-196757,Reactome_2022,-1.1141107867636622,Downregulated,0.6148185411112104,5/16,15.66%
Mesodermal Commitment Pathway WP2857,WikiPathways_2024_Human,-1.115273681380114,Downregulated,0.6119842566935364,27/131,17.62%
RHO GTPases Activate WASPs And WAVEs R-HSA-5663213,Reactome_2022,-1.1153980072261862,Downregulated,0.6120888434007293,12/33,23.94%
Mammary Gland Development Pregnancy And Lactation Stage 3 Of 4 WP2817,WikiPathways_2024_Human,-1.1157414805501495,Downregulated,0.6116096565902419,4/32,5.57%
Transcription Factor TFIID Complex (GO:0005669),GO_Cellular_Component_2025,-1.1167304474519848,Downregulated,0.6093316677658862,12/29,25.03%
Cellular Response to pH (GO:0071467),GO_Biological_Process_2025,-1.1169351094299085,Downregulated,0.6091650995711847,7/15,21.04%
tRNA Processing R-HSA-72306,Reactome_2022,-1.117125116006949,Downregulated,0.6090716589758556,33/98,24.98%
U2-type Prespliceosome Assembly (GO:1903241),GO_Biological_Process_2025,-1.117464721755839,Downregulated,0.6085817454013143,8/22,25.13%
Toll Like Receptor 3 (TLR3) Cascade R-HSA-168164,Reactome_2022,-1.1178924284709335,Downregulated,0.6078113420903984,31/96,27.80%
Epidermal Growth Factor Receptor Binding (GO:0005154),GO_Molecular_Function_2025,-1.117901323806754,Downregulated,0.6082367650944143,8/27,19.81%
Phosphatase Activity (GO:0016791),GO_Molecular_Function_2025,-1.1180967426674726,Downregulated,0.6081068935402059,15/60,20.64%
Plasma Lipoprotein Clearance R-HSA-8964043,Reactome_2022,-1.1181543188313967,Downregulated,0.6083849877305055,13/31,24.88%
Proteolysis (GO:0006508),GO_Biological_Process_2025,-1.1183380480165095,Downregulated,0.6083029832063879,71/252,23.71%
DNA IR Damage And Cellular Response Via ATR WP4016,WikiPathways_2024_Human,-1.1184965738977075,Downregulated,0.6083150504858567,18/80,18.61%
Regulation Of PLK1 Activity At G2/M Transition R-HSA-2565942,Reactome_2022,-1.1186773862761654,Downregulated,0.6082524361850665,17/87,13.60%
Regulation of Platelet Activation (GO:0010543),GO_Biological_Process_2025,-1.1187550956520542,Downregulated,0.6085038781340989,5/27,8.84%
Fanconi Anemia Pathway R-HSA-6783310,Reactome_2022,-1.1192490162068756,Downregulated,0.6075213168767144,6/35,12.39%
Constitutive Heterochromatin Formation (GO:0140719),GO_Biological_Process_2025,-1.1199615098410955,Downregulated,0.6059053822778686,10/33,24.51%
SAGA Complex (GO:0000124),GO_Cellular_Component_2025,-1.1203464669898784,Downregulated,0.6052940295825007,7/22,23.38%
MECP2 And Associated Rett Syndrome WP3584,WikiPathways_2024_Human,-1.120729286313935,Downregulated,0.6046719458395766,22/62,22.02%
Estrogen-dependent Gene Expression R-HSA-9018519,Reactome_2022,-1.120882308535874,Downregulated,0.604701016278312,22/93,15.21%
Positive Regulation of RNA Splicing (GO:0033120),GO_Biological_Process_2025,-1.1209325630493217,Downregulated,0.6050108249713352,9/30,20.72%
Gastrin Signaling WP4659,WikiPathways_2024_Human,-1.1211892470495897,Downregulated,0.6047306603788914,27/106,21.18%
rRNA Processing (GO:0006364),GO_Biological_Process_2025,-1.121373074023963,Downregulated,0.6046819514919144,42/103,34.07%
Positive Regulation of Chemotaxis (GO:0050921),GO_Biological_Process_2025,-1.121969457378478,Downregulated,0.6034800931495953,10/43,14.43%
Sister Chromatid Segregation (GO:0000819),GO_Biological_Process_2025,-1.122480689176417,Downregulated,0.6024844471236191,8/35,15.72%
Negative Regulation of miRNA Transcription (GO:1902894),GO_Biological_Process_2025,-1.1225423349472514,Downregulated,0.6027623500521818,9/23,26.88%
Hemopoiesis (GO:0030097),GO_Biological_Process_2025,-1.123277180771997,Downregulated,0.6011109559116834,16/93,10.98%
Mitotic G2/M Transition Checkpoint (GO:0044818),GO_Biological_Process_2025,-1.1235779667179826,Downregulated,0.600716965008227,13/47,18.61%
Protein Localization to Cell Periphery (GO:1990778),GO_Biological_Process_2025,-1.1235803697956757,Downregulated,0.6011596388039718,28/130,15.83%
Interleukin-4 And Interleukin-13 Signaling R-HSA-6785807,Reactome_2022,-1.1239640453423885,Downregulated,0.6005220953430007,14/99,10.12%
RHOH GTPase Cycle R-HSA-9013407,Reactome_2022,-1.1242209765998052,Downregulated,0.6002600692387914,15/35,29.28%
Pentose phosphate pathway,KEGG_2021_Human,-1.1243499207130043,Downregulated,0.6003708040673824,10/26,20.43%
Processing Of Intronless Pre-mRNAs R-HSA-77595,Reactome_2022,-1.1247085767193334,Downregulated,0.5997943648685176,6/19,16.33%
Membraneless Organelle Assembly (GO:0140694),GO_Biological_Process_2025,-1.1247888132246502,Downregulated,0.6000367100281521,34/128,21.03%
"PI5P, PP2A And IER3 Regulate PI3K/AKT Signaling R-HSA-6811558",Reactome_2022,-1.1252547601659852,Downregulated,0.599135735928129,16/95,11.02%
Cellular Response to Sterol (GO:0036315),GO_Biological_Process_2025,-1.125505086525623,Downregulated,0.5988689594573768,2/15,3.39%
Transcription Of E2F Targets Under Negative Control By P107 (RBL1) And P130 (RBL2) In Complex With HDAC1 R-HSA-1362300,Reactome_2022,-1.1257312281028102,Downregulated,0.5986723500192002,6/15,20.47%
Negative Regulation of TORC1 Signaling (GO:1904262),GO_Biological_Process_2025,-1.126124559563996,Downregulated,0.5980181974617312,18/45,29.65%
Fatty Acids And Lipoproteins Transport In Hepatocytes WP5323,WikiPathways_2024_Human,-1.1267375774437227,Downregulated,0.5967958210947921,9/31,16.13%
Glioma,KEGG_2021_Human,-1.126923053334015,Downregulated,0.596688780482745,15/68,14.33%
"TICAM1, RIP1-mediated IKK Complex Recruitment R-HSA-168927",Reactome_2022,-1.1289961053851774,Downregulated,0.5913326120697052,7/18,22.31%
Melanosome Assembly (GO:1903232),GO_Biological_Process_2025,-1.1290802499757169,Downregulated,0.5915690961259316,3/17,4.68%
TAK1-dependent IKK And NF-kappa-B Activation R-HSA-445989,Reactome_2022,-1.1291210619684622,Downregulated,0.5919095515181169,20/41,35.06%
CaM Pathway R-HSA-111997,Reactome_2022,-1.129508336141526,Downregulated,0.5912863828373205,9/31,21.07%
Lipid Transport (GO:0006869),GO_Biological_Process_2025,-1.1298770749933131,Downregulated,0.5906540733099773,27/91,20.84%
Protein Monoubiquitination (GO:0006513),GO_Biological_Process_2025,-1.1300070498637227,Downregulated,0.5907267894282373,14/39,19.44%
Negative Regulation of TOR Signaling (GO:0032007),GO_Biological_Process_2025,-1.1303722465076886,Downregulated,0.5901532582374353,15/65,17.67%
RHOB GTPase Cycle R-HSA-9013026,Reactome_2022,-1.1306458929747103,Downregulated,0.5898863116837904,10/66,10.24%
VEGF signaling pathway,KEGG_2021_Human,-1.1313324312183006,Downregulated,0.5885132668159914,14/54,21.48%
Regulation of Carbohydrate Metabolic Process (GO:0006109),GO_Biological_Process_2025,-1.131892168805371,Downregulated,0.5874095039690398,5/15,17.67%
fatty-acyl-CoA Biosynthetic Process (GO:0046949),GO_Biological_Process_2025,-1.132058744845904,Downregulated,0.5873812584598084,4/24,4.23%
Mucin type O-glycan biosynthesis,KEGG_2021_Human,-1.1323073813139457,Downregulated,0.5871873302629717,12/28,25.01%
Positive Regulation of Lymphocyte Migration (GO:2000403),GO_Biological_Process_2025,-1.13255166498376,Downregulated,0.5869830308909986,6/16,13.67%
Positive Regulation of miRNA Metabolic Process (GO:2000630),GO_Biological_Process_2025,-1.1335154616408931,Downregulated,0.5847647851430909,6/50,5.39%
Regulation of TORC1 Signaling (GO:1903432),GO_Biological_Process_2025,-1.133663226312787,Downregulated,0.5848105557975694,19/91,16.48%
Regulation of mRNA Processing (GO:0050684),GO_Biological_Process_2025,-1.1345013743316938,Downregulated,0.5828828160589514,7/35,9.64%
Nuclear Events (Kinase And Transcription Factor Activation) R-HSA-198725,Reactome_2022,-1.1347910368347514,Downregulated,0.5825468906782455,15/57,16.50%
"Oxidoreductase, Single Donors W Incorp of O2, Incorp of Two Atoms of O (GO:0016702)",GO_Molecular_Function_2025,-1.1350790761403968,Downregulated,0.5822141263089966,7/19,21.09%
Nucleosome Assembly (GO:0006334),GO_Biological_Process_2025,-1.1354170157917125,Downregulated,0.5817161587496809,14/38,22.68%
Endosome Membrane (GO:0010008),GO_Cellular_Component_2025,-1.135527503483539,Downregulated,0.5818776173796966,84/359,20.94%
Platelet Mediated Interactions W Vascular And Circulating Cells WP4462,WikiPathways_2024_Human,-1.1356783898804896,Downregulated,0.5819453337810924,3/16,3.37%
Regulation of Endothelial Cell Apoptotic Process (GO:2000351),GO_Biological_Process_2025,-1.1358106409304511,Downregulated,0.5820177655573043,12/42,23.92%
Single-Stranded DNA Binding (GO:0003697),GO_Molecular_Function_2025,-1.1359365857347967,Downregulated,0.5821299939193363,19/88,18.98%
Negative Regulation of Smooth Muscle Cell Proliferation (GO:0048662),GO_Biological_Process_2025,-1.1360532126647895,Downregulated,0.5822627151411309,7/35,15.07%
IL9 Signaling WP22,WikiPathways_2024_Human,-1.136254049370497,Downregulated,0.5821645592576364,11/16,37.64%
10Q22Q23 Copy Number Variation WP5402,WikiPathways_2024_Human,-1.1362634827674396,Downregulated,0.5825852011338326,10/50,12.16%
NF-kappaB Binding (GO:0051059),GO_Molecular_Function_2025,-1.1368640464597044,Downregulated,0.5813910433004877,5/25,17.65%
WNT5A-dependent Internalization Of FZD4 R-HSA-5099900,Reactome_2022,-1.1373521029779647,Downregulated,0.5805007728678873,4/15,9.95%
Transposable Element Silencing (GO:0010526),GO_Biological_Process_2025,-1.137579868821044,Downregulated,0.5803045184889283,7/17,25.24%
Negative Regulation of Gene Expression (GO:0010629),GO_Biological_Process_2025,-1.137622580032521,Downregulated,0.5806377987282443,85/331,21.43%
Anchoring Of Basal Body To Plasma Membrane R-HSA-5620912,Reactome_2022,-1.1377451036298851,Downregulated,0.5807765831682288,27/96,21.66%
Eukaryotic Transcription Initiation WP405,WikiPathways_2024_Human,-1.137929514680867,Downregulated,0.5807204184387202,15/41,24.90%
SUMOylation Of DNA Replication Proteins R-HSA-4615885,Reactome_2022,-1.1380296691892524,Downregulated,0.5809199381018224,9/42,18.67%
Epidermal Growth Factor Receptor Signaling Pathway (GO:0007173),GO_Biological_Process_2025,-1.1380307064606432,Downregulated,0.5813710850718108,11/46,17.64%
Vacuolar Lumen (GO:0005775),GO_Cellular_Component_2025,-1.138230548297791,Downregulated,0.5812537712906742,29/138,11.52%
Positive Regulation of Telomere Maintenance via Telomerase (GO:0032212),GO_Biological_Process_2025,-1.1384508530272028,Downregulated,0.5810738136286066,7/21,23.48%
Positive Regulation of Ossification (GO:0045778),GO_Biological_Process_2025,-1.1394363540555963,Downregulated,0.5787719763834543,11/42,15.47%
Transcriptional misregulation in cancer,KEGG_2021_Human,-1.140092884101114,Downregulated,0.5774506749714515,40/148,21.46%
Platelet Homeostasis R-HSA-418346,Reactome_2022,-1.1401262191405317,Downregulated,0.5778139710638709,23/76,20.90%
Downregulation Of SMAD2/3:SMAD4 Transcriptional Activity R-HSA-2173795,Reactome_2022,-1.140703710977171,Downregulated,0.5767086841177603,12/29,30.82%
Pigment Granule Transport (GO:0051904),GO_Biological_Process_2025,-1.141347853186282,Downregulated,0.5754940388261345,3/15,11.58%
Melanosome Transport (GO:0032402),GO_Biological_Process_2025,-1.141347853186282,Downregulated,0.5754940388261345,3/15,11.58%
Early Endosome Membrane (GO:0031901),GO_Cellular_Component_2025,-1.1422003145888724,Downregulated,0.5739879685093403,33/114,22.51%
16P11 2 Distal Deletion Syndrome WP4950,WikiPathways_2024_Human,-1.1426480166848834,Downregulated,0.5731998588374962,10/28,23.77%
Synthesis Of Bile Acids And Bile Salts R-HSA-192105,Reactome_2022,-1.1431031822224509,Downregulated,0.5724302275766868,12/26,30.29%
SUMOylation Of SUMOylation Proteins R-HSA-4085377,Reactome_2022,-1.1434477838657284,Downregulated,0.5719562935226107,7/32,19.44%
Salivary secretion,KEGG_2021_Human,-1.1434694533760144,Downregulated,0.5723476451186673,15/67,14.50%
Regulation of Immunoglobulin Production (GO:0002637),GO_Biological_Process_2025,-1.1436780243476,Downregulated,0.572228619341118,5/26,8.36%
CRMPs In Sema3A Signaling R-HSA-399956,Reactome_2022,-1.1438846471679356,Downregulated,0.572123533070219,5/16,16.57%
Positive Regulation of Biosynthetic Process (GO:0009891),GO_Biological_Process_2025,-1.143964162327948,Downregulated,0.5723736182853904,21/80,17.93%
MHC Class II Protein Complex Binding (GO:0023026),GO_Molecular_Function_2025,-1.1440965547912323,Downregulated,0.572448647491425,9/17,28.83%
Regulation of actin cytoskeleton,KEGG_2021_Human,-1.1442361810026325,Downregulated,0.5725643882760567,36/198,13.84%
Endodermal Cell Differentiation (GO:0035987),GO_Biological_Process_2025,-1.144746245036228,Downregulated,0.5716250013038235,6/30,8.15%
GnRH signaling pathway,KEGG_2021_Human,-1.1448245213295576,Downregulated,0.5718717011296093,19/81,13.61%
Response to Amyloid-Beta (GO:1904645),GO_Biological_Process_2025,-1.1451282123054305,Downregulated,0.5714866848527544,13/43,21.34%
Histone mRNA Metabolic Process (GO:0008334),GO_Biological_Process_2025,-1.1457245981023756,Downregulated,0.5703330286200103,9/23,25.47%
Regulated Necrosis R-HSA-5218859,Reactome_2022,-1.1457311820384573,Downregulated,0.5707678967330202,21/50,31.10%
T Cell Mediated Immunity (GO:0002456),GO_Biological_Process_2025,-1.1465337402767222,Downregulated,0.5690190167553877,2/15,1.83%
Specific Granule (GO:0042581),GO_Cellular_Component_2025,-1.1465811803848442,Downregulated,0.5693263299326966,41/142,17.26%
CCR Chemokine Receptor Binding (GO:0048020),GO_Molecular_Function_2025,-1.146788541023051,Downregulated,0.5691923696003279,8/25,18.20%
Chronic myeloid leukemia,KEGG_2021_Human,-1.1468164184202965,Downregulated,0.56957351923832,23/73,21.18%
Intracellular Sterol Transport (GO:0032366),GO_Biological_Process_2025,-1.1471589770262778,Downregulated,0.5690760553832322,5/15,13.90%
Carboxylic Acid Transport (GO:0046942),GO_Biological_Process_2025,-1.1478534749699405,Downregulated,0.567585508706119,15/47,23.93%
RUNX2 Regulates Osteoblast Differentiation R-HSA-8940973,Reactome_2022,-1.1478649126593763,Downregulated,0.568015847853825,5/22,10.18%
LDL Clearance R-HSA-8964038,Reactome_2022,-1.1493474474342162,Downregulated,0.5644580268324282,7/15,24.88%
Positive Regulation of Monocyte Chemotaxis (GO:0090026),GO_Biological_Process_2025,-1.1496344545264086,Downregulated,0.5641801718564521,7/15,17.14%
Regulation of Interleukin-2 Production (GO:0032663),GO_Biological_Process_2025,-1.1501983453951063,Downregulated,0.5630124544669803,16/46,25.25%
Protein Phosphatase 1 Binding (GO:0008157),GO_Molecular_Function_2025,-1.1506963135335728,Downregulated,0.5621220515554559,4/18,8.39%
Clathrin-Coated Endocytic Vesicle (GO:0045334),GO_Cellular_Component_2025,-1.1511122035789838,Downregulated,0.5614292519886203,12/70,10.32%
Golgi to Vacuole Transport (GO:0006896),GO_Biological_Process_2025,-1.1514231031225604,Downregulated,0.5609881577547619,4/16,16.03%
RNA-templated DNA Biosynthetic Process (GO:0006278),GO_Biological_Process_2025,-1.1516012355059928,Downregulated,0.5609881784727496,6/21,15.66%
Telomere Maintenance via Telomerase (GO:0007004),GO_Biological_Process_2025,-1.1516012355059928,Downregulated,0.5609881784727496,6/21,15.66%
Membrane Protein Proteolysis (GO:0033619),GO_Biological_Process_2025,-1.1516376548661682,Downregulated,0.5617955271366909,10/32,23.17%
Cytoplasmic Stress Granule (GO:0010494),GO_Cellular_Component_2025,-1.1516536690473569,Downregulated,0.5622150651544692,35/74,31.88%
Secretory Granule Organization (GO:0033363),GO_Biological_Process_2025,-1.1516641103297285,Downregulated,0.5626304702684707,5/26,4.77%
Negative Regulation of Ubiquitin-Dependent Protein Catabolic Process (GO:2000059),GO_Biological_Process_2025,-1.15170306516347,Downregulated,0.5629820727586233,16/39,25.03%
Defective TPR May Confer Susceptibility Towards Thyroid Papillary Carcinoma (TPC) R-HSA-5619107,Reactome_2022,-1.1520280939389589,Downregulated,0.5625744117784974,6/29,18.67%
Positive Regulation of Biomineral Tissue Development (GO:0070169),GO_Biological_Process_2025,-1.1521041736304842,Downregulated,0.5628176258062387,11/40,15.47%
Ras Signaling WP4223,WikiPathways_2024_Human,-1.152477800862646,Downregulated,0.5622152937100409,51/167,21.34%
Transepithelial Transport (GO:0070633),GO_Biological_Process_2025,-1.1537441516273532,Downregulated,0.5592169299113409,8/16,25.88%
Glycolytic Process Through Glucose-6-Phosphate (GO:0061620),GO_Biological_Process_2025,-1.1538224889570392,Downregulated,0.5594222740994589,6/15,27.24%
Keratan Sulfate/Keratin Metabolism R-HSA-1638074,Reactome_2022,-1.1540201216400343,Downregulated,0.5593243369981804,7/29,14.84%
Positive Regulation of Telomere Maintenance via Telomere Lengthening (GO:1904358),GO_Biological_Process_2025,-1.1540543545046391,Downregulated,0.559692674564516,8/24,23.48%
Gamma-Tubulin Binding (GO:0043015),GO_Molecular_Function_2025,-1.154404697707018,Downregulated,0.5591948126032332,12/24,27.10%
Negative Regulation Of FGFR2 Signaling R-HSA-5654727,Reactome_2022,-1.154449859808648,Downregulated,0.5595345640275391,6/28,12.39%
Positive Regulation of Kinase Activity (GO:0033674),GO_Biological_Process_2025,-1.1558363690183326,Downregulated,0.556316693350635,17/45,27.05%
Positive Regulation of G1/S Transition of Mitotic Cell Cycle (GO:1900087),GO_Biological_Process_2025,-1.1560489999101755,Downregulated,0.5562090420951987,10/32,23.63%
Prolactin signaling pathway,KEGG_2021_Human,-1.1569546857039923,Downregulated,0.5542745436943509,12/61,11.02%
Heart Development WP1591,WikiPathways_2024_Human,-1.1571592762301346,Downregulated,0.5541601949913528,7/39,8.54%
Positive Regulation of Bone Mineralization (GO:0030501),GO_Biological_Process_2025,-1.1571924968107583,Downregulated,0.5545157232188954,10/38,15.47%
Negative Regulation Of FGFR1 Signaling R-HSA-5654726,Reactome_2022,-1.1572500020039025,Downregulated,0.5548289741362735,6/26,12.39%
Proton Transmembrane Transport (GO:1902600),GO_Biological_Process_2025,-1.1573302660918594,Downregulated,0.5550852223507148,14/44,21.36%
Single-Stranded DNA Helicase Activity (GO:0017116),GO_Molecular_Function_2025,-1.157388584509438,Downregulated,0.5553906684279346,7/21,12.53%
Positive Regulation of Nitric Oxide Metabolic Process (GO:1904407),GO_Biological_Process_2025,-1.15743526544567,Downregulated,0.555740550886508,9/29,16.09%
InlB-mediated Entry Of Listeria Monocytogenes Into Host Cell R-HSA-8875360,Reactome_2022,-1.15751311541806,Downregulated,0.555982536858078,6/15,17.95%
Positive Regulation of Cell-Cell Adhesion (GO:0022409),GO_Biological_Process_2025,-1.1575966923472327,Downregulated,0.5562307864943606,10/44,11.73%
Lytic Vacuole Organization (GO:0080171),GO_Biological_Process_2025,-1.1576842637173634,Downregulated,0.5564314817096955,10/34,19.19%
RNA Polymerase II Transcribes snRNA Genes R-HSA-6807505,Reactome_2022,-1.1580174144846382,Downregulated,0.555936995440213,31/72,31.75%
Processing Of Capped Intronless Pre-mRNA R-HSA-75067,Reactome_2022,-1.1581371864297885,Downregulated,0.5560671904255238,8/28,16.33%
trans-Golgi Network (GO:0005802),GO_Cellular_Component_2025,-1.1583670723427857,Downregulated,0.5558983333038712,42/229,14.64%
mRNA Decay By 5 To 3 Exoribonuclease R-HSA-430039,Reactome_2022,-1.159327783409271,Downregulated,0.5537995597705538,10/15,32.76%
Endoderm Differentiation WP2853,WikiPathways_2024_Human,-1.1596746354537986,Downregulated,0.5533150449688753,31/125,21.54%
Cholesterol Transport (GO:0030301),GO_Biological_Process_2025,-1.1597159086276887,Downregulated,0.5536490885543676,14/43,16.13%
Positive Regulation of Plasma Membrane Bounded Cell Projection Assembly (GO:0120034),GO_Biological_Process_2025,-1.1597793093767654,Downregulated,0.553935444967432,14/79,11.73%
Mitochondrial Immune Response To SARS CoV 2 WP5038,WikiPathways_2024_Human,-1.1598388150018308,Downregulated,0.5542380369813976,11/30,30.88%
Positive Regulation of Pattern Recognition Receptor Signaling Pathway (GO:0062208),GO_Biological_Process_2025,-1.1601120674113723,Downregulated,0.5539386498409062,14/44,23.74%
Microbody Lumen (GO:0031907),GO_Cellular_Component_2025,-1.1602712435763038,Downregulated,0.5539920667123088,11/46,15.19%
Peroxisomal Matrix (GO:0005782),GO_Cellular_Component_2025,-1.1602712435763038,Downregulated,0.5539920667123088,11/46,15.19%
RIP-mediated NFkB Activation Via ZBP1 R-HSA-1810476,Reactome_2022,-1.1603280978103112,Downregulated,0.5547644239782145,5/17,22.31%
Positive Regulation of Signal Transduction (GO:0009967),GO_Biological_Process_2025,-1.1611791968860712,Downregulated,0.5529478620182909,53/239,18.50%
Deactivation Of Beta-Catenin Transactivating Complex R-HSA-3769402,Reactome_2022,-1.1612560212812288,Downregulated,0.5531986623441746,9/39,14.18%
Signaling By VEGF R-HSA-194138,Reactome_2022,-1.1618573831079089,Downregulated,0.5520595695650052,22/98,15.20%
B Cell Mediated Immunity (GO:0019724),GO_Biological_Process_2025,-1.1623333512183454,Downregulated,0.5512706681673766,4/15,10.32%
Serine/Threonine Protein Kinase Complex (GO:1902554),GO_Cellular_Component_2025,-1.1625553940030118,Downregulated,0.5511584024341422,30/67,27.47%
Mitotic Spindle Checkpoint Signaling (GO:0071174),GO_Biological_Process_2025,-1.1626645341651982,Downregulated,0.5513181482002627,12/26,27.78%
Mitotic Spindle Assembly Checkpoint Signaling (GO:0007094),GO_Biological_Process_2025,-1.1626645341651982,Downregulated,0.5513181482002627,12/26,27.78%
Spindle Assembly Checkpoint Signaling (GO:0071173),GO_Biological_Process_2025,-1.1626645341651982,Downregulated,0.5513181482002627,12/26,27.78%
RNA Stabilization (GO:0043489),GO_Biological_Process_2025,-1.1627746888626198,Downregulated,0.5524094712695745,17/35,28.45%
SUMOylation Of RNA Binding Proteins R-HSA-4570464,Reactome_2022,-1.1628584799455026,Downregulated,0.5526385700400608,8/43,18.67%
Choline metabolism in cancer,KEGG_2021_Human,-1.163073519347271,Downregulated,0.5525278809449748,19/94,13.61%
Clathrin-mediated Endocytosis R-HSA-8856828,Reactome_2022,-1.163132329968431,Downregulated,0.5528333393263872,26/134,12.70%
Ubiquitin-Protein Transferase Activity (GO:0004842),GO_Molecular_Function_2025,-1.1632634301419564,Downregulated,0.5529344653561529,85/354,20.15%
NAD Metabolic Process (GO:0019674),GO_Biological_Process_2025,-1.163768948991046,Downregulated,0.5520306918683395,5/17,14.58%
Regulation of Response to Cytokine Stimulus (GO:0060759),GO_Biological_Process_2025,-1.1639651126124428,Downregulated,0.5519541552617758,3/15,9.64%
"Tristetraprolin (TTP, ZFP36) Binds And Destabilizes mRNA R-HSA-450513",Reactome_2022,-1.1652850200655631,Downregulated,0.5488311886537041,7/16,30.87%
DNA Repair (GO:0006281),GO_Biological_Process_2025,-1.1654588741924732,Downregulated,0.5488681414829455,57/278,17.72%
Regulation of Arp2/3 Complex-Mediated Actin Nucleation (GO:0034315),GO_Biological_Process_2025,-1.1657421322971042,Downregulated,0.5485609818071224,8/25,16.50%
Nuclear Transport (GO:0051169),GO_Biological_Process_2025,-1.1666877105078577,Downregulated,0.5464807755644094,8/33,18.67%
Positive Regulation of Chemokine Production (GO:0032722),GO_Biological_Process_2025,-1.1675103555465174,Downregulated,0.5446815194890954,15/46,18.46%
Regulation Of NF-kappa B Signaling R-HSA-9758274,Reactome_2022,-1.1675767377100212,Downregulated,0.5449786670524335,9/18,27.80%
"mRNA Splicing, via Spliceosome (GO:0000398)",GO_Biological_Process_2025,-1.1684181239738003,Downregulated,0.5431892127638804,39/194,16.15%
Histone Methyltransferase Activity (GO:0042054),GO_Molecular_Function_2025,-1.168519663399041,Downregulated,0.5433596474207802,9/30,14.66%
SUMOylation Of DNA Damage Response And Repair Proteins R-HSA-3108214,Reactome_2022,-1.1689971434126532,Downregulated,0.5425016989151406,22/68,29.23%
PTEN Regulation R-HSA-6807070,Reactome_2022,-1.1690254321876892,Downregulated,0.5428767394233615,29/133,17.70%
Selenium Micronutrient Network WP15,WikiPathways_2024_Human,-1.1691724512450847,Downregulated,0.5429281379265057,20/75,18.41%
Cholesterol metabolism,KEGG_2021_Human,-1.169192175047585,Downregulated,0.5433334936404439,15/39,24.67%
Negative Regulation of Intracellular Signal Transduction (GO:1902532),GO_Biological_Process_2025,-1.1692221091950308,Downregulated,0.5437192969669816,66/272,21.07%
Gonad Development (GO:0008406),GO_Biological_Process_2025,-1.1698594668984488,Downregulated,0.5424822829309897,8/36,8.31%
Nuclear Estrogen Receptor Binding (GO:0030331),GO_Molecular_Function_2025,-1.170024721780737,Downregulated,0.5424706764122541,9/33,14.67%
Regulation of Interleukin-8 Production (GO:0032677),GO_Biological_Process_2025,-1.1708560567763209,Downregulated,0.5407019565263862,15/77,11.52%
Monoatomic Anion Transmembrane Transport (GO:0098656),GO_Biological_Process_2025,-1.1710209785394368,Downregulated,0.5407070952797725,15/55,16.13%
Herpes simplex virus 1 infection,KEGG_2021_Human,-1.1715155358727545,Downregulated,0.5398728515529301,78/269,25.76%
Angiopoietin Like Protein 8 Regulatory Pathway WP3915,WikiPathways_2024_Human,-1.1717242777312673,Downregulated,0.539801013305914,39/122,25.21%
DNA IR Double Strand Breaks And Cellular Response Via ATM WP3959,WikiPathways_2024_Human,-1.1721314317135565,Downregulated,0.5391895436036881,15/54,20.50%
Protein Kinase Activator Activity (GO:0030295),GO_Molecular_Function_2025,-1.1721682654216796,Downregulated,0.5395561075831851,30/100,21.30%
Metabolic Reprogramming In Colon Cancer WP4290,WikiPathways_2024_Human,-1.1724861804800193,Downregulated,0.5391381449169541,17/39,26.73%
Metallopeptidase Activity (GO:0008237),GO_Molecular_Function_2025,-1.1727446551589906,Downregulated,0.5388807155084144,33/100,27.93%
Ribosomal Small Subunit Binding (GO:0043024),GO_Molecular_Function_2025,-1.174179765379243,Downregulated,0.5355616536369644,10/17,28.32%
Cytokine Cytokine Receptor Interaction WP5473,WikiPathways_2024_Human,-1.1742722087574269,Downregulated,0.5357801823067229,59/203,22.02%
Negative Regulation of Innate Immune Response (GO:0045824),GO_Biological_Process_2025,-1.1745982849634091,Downregulated,0.5354138335974893,15/54,19.00%
Cytoplasmic Translational Initiation (GO:0002183),GO_Biological_Process_2025,-1.17473166582982,Downregulated,0.535510748841697,14/34,35.36%
Transport Of Mature mRNA Derived From An Intron-Containing Transcript R-HSA-159236,Reactome_2022,-1.175768299609932,Downregulated,0.5332166917653904,15/68,18.96%
Loss Of Nlp From Mitotic Centrosomes R-HSA-380259,Reactome_2022,-1.1765647112953503,Downregulated,0.5315741853502338,17/69,16.49%
Negative Regulation of miRNA Metabolic Process (GO:2000629),GO_Biological_Process_2025,-1.1768067154496578,Downregulated,0.5313887974906898,8/25,20.45%
Regulation of Glucose Metabolic Process (GO:0010906),GO_Biological_Process_2025,-1.1770958812442578,Downregulated,0.531132189347018,9/28,19.98%
Novel Intracellular Components Of RIG I Like Receptor Pathway WP3865,WikiPathways_2024_Human,-1.1771658076644995,Downregulated,0.5314078744854521,24/54,31.40%
SUMOylation Of Ubiquitinylation Proteins R-HSA-3232142,Reactome_2022,-1.1772983596500108,Downregulated,0.53153272258883,17/35,36.65%
Nucleobase-Containing Compound Metabolic Process (GO:0006139),GO_Biological_Process_2025,-1.1776339230526964,Downregulated,0.5310963176240148,8/35,14.60%
Visual Perception (GO:0007601),GO_Biological_Process_2025,-1.1781734000309037,Downregulated,0.5301477322138222,20/66,20.80%
SMAD Protein Signal Transduction (GO:0060395),GO_Biological_Process_2025,-1.1785925113534708,Downregulated,0.5295174282064529,7/17,26.09%
RNA Polymerase II Transcription Termination R-HSA-73856,Reactome_2022,-1.1789438602129818,Downregulated,0.5290316724780101,18/63,21.03%
Glucose Metabolism R-HSA-70326,Reactome_2022,-1.1792076126387034,Downregulated,0.528762170542619,24/78,27.24%
"Positive Regulation of Gene Expression, Epigenetic (GO:0141137)",GO_Biological_Process_2025,-1.1799228534929085,Downregulated,0.5273188834740395,9/37,15.38%
cullin-RING Ubiquitin Ligase Complex (GO:0031461),GO_Cellular_Component_2025,-1.1800201726889017,Downregulated,0.5275538249517794,67/207,23.59%
Oncogenic MAPK Signaling R-HSA-6802957,Reactome_2022,-1.1809692120287294,Downregulated,0.5254332865806733,18/75,17.77%
RAB GEFs Exchange GTP For GDP On RABs R-HSA-8876198,Reactome_2022,-1.181387652026448,Downregulated,0.5247862774521608,25/86,21.11%
PI3K/AKT Signaling In Cancer R-HSA-2219528,Reactome_2022,-1.1819685491623997,Downregulated,0.5237197241136158,25/94,21.18%
MAPK Family Signaling Cascades R-HSA-5683057,Reactome_2022,-1.1825609383450395,Downregulated,0.5226263774938552,61/289,18.18%
RNA Cap Binding (GO:0000339),GO_Molecular_Function_2025,-1.1826686976683671,Downregulated,0.5228000160394825,8/16,30.97%
HDACs Deacetylate Histones R-HSA-3214815,Reactome_2022,-1.1837435473239062,Downregulated,0.5204475075632541,13/37,20.45%
Negative Regulation of Mitotic Metaphase/Anaphase Transition (GO:0045841),GO_Biological_Process_2025,-1.183847378888025,Downregulated,0.5206466396023448,11/28,22.93%
PKA Activation R-HSA-163615,Reactome_2022,-1.183932156912573,Downregulated,0.5208701030646382,4/16,13.55%
Nucleocytoplasmic Transport (GO:0006913),GO_Biological_Process_2025,-1.1844188582006732,Downregulated,0.5200711292612329,8/45,8.66%
Proteasome-Mediated Ubiquitin-Dependent Protein Catabolic Process (GO:0043161),GO_Biological_Process_2025,-1.18488965190979,Downregulated,0.5192446445501633,110/321,27.63%
Phosphatidylinositol Phosphate Binding (GO:1901981),GO_Molecular_Function_2025,-1.185084161179142,Downregulated,0.5191883130739184,34/105,21.56%
Positive Regulation of Inflammatory Response (GO:0050729),GO_Biological_Process_2025,-1.185279965460432,Downregulated,0.5191350223518713,25/98,18.18%
Metabolism Of Non-Coding RNA R-HSA-194441,Reactome_2022,-1.185371683297214,Downregulated,0.5193717561834542,17/48,29.23%
Processing Of Capped Intron-Containing Pre-mRNA R-HSA-72203,Reactome_2022,-1.185832691321991,Downregulated,0.5186088507140586,46/226,17.54%
Cortical Cytoskeleton (GO:0030863),GO_Cellular_Component_2025,-1.1860527458107868,Downregulated,0.5184248113418333,25/59,28.09%
Axonal Growth Cone (GO:0044295),GO_Cellular_Component_2025,-1.1862325976424275,Downregulated,0.5184189684617967,2/16,1.02%
RORA Activates Gene Expression R-HSA-1368082,Reactome_2022,-1.187421687424211,Downregulated,0.5158464796099108,6/18,16.42%
Cation Binding (GO:0043169),GO_Molecular_Function_2025,-1.1878254310474592,Downregulated,0.5152702988956289,28/71,26.50%
Mitotic Sister Chromatid Cohesion (GO:0007064),GO_Biological_Process_2025,-1.1885186733349935,Downregulated,0.5139613460688292,5/19,12.45%
Regulation of Sprouting Angiogenesis (GO:1903670),GO_Biological_Process_2025,-1.188661079162865,Downregulated,0.5140400706101265,7/37,6.64%
DNA Synthesis Involved in DNA Repair (GO:0000731),GO_Biological_Process_2025,-1.1887161286874963,Downregulated,0.5143646897523368,11/25,28.11%
Response to Molecule of Bacterial Origin (GO:0002237),GO_Biological_Process_2025,-1.1888281141828043,Downregulated,0.5145357531266205,9/61,10.86%
Peptidyl-Tyrosine Phosphorylation (GO:0018108),GO_Biological_Process_2025,-1.1888801319156197,Downregulated,0.5148592704644734,19/56,19.08%
Cellular senescence,KEGG_2021_Human,-1.188955833439448,Downregulated,0.5151156771109061,39/144,21.96%
Circadian Rhythm Genes WP3594,WikiPathways_2024_Human,-1.1889680483087324,Downregulated,0.5155366018738337,52/169,23.02%
Negative Regulation of Protein Metabolic Process (GO:0051248),GO_Biological_Process_2025,-1.1900135210233815,Downregulated,0.5132715910678036,33/132,17.54%
Positive Regulation of Macrophage Derived Foam Cell Differentiation (GO:0010744),GO_Biological_Process_2025,-1.1907394605177029,Downregulated,0.5118720562769538,6/16,17.90%
N-methyltransferase Activity (GO:0008170),GO_Molecular_Function_2025,-1.190893765707466,Downregulated,0.5119388728234605,6/22,11.82%
Ub-specific Processing Proteases R-HSA-5689880,Reactome_2022,-1.1910567262620917,Downregulated,0.511932513524574,72/158,34.56%
Response to Epidermal Growth Factor (GO:0070849),GO_Biological_Process_2025,-1.1922118146091727,Downregulated,0.5094446721556493,12/30,25.39%
Metalloaminopeptidase Activity (GO:0070006),GO_Molecular_Function_2025,-1.1924931693992016,Downregulated,0.509277527191628,5/16,17.07%
Positive Regulation of Reactive Oxygen Species Metabolic Process (GO:2000379),GO_Biological_Process_2025,-1.192857380666484,Downregulated,0.5088246438690877,12/47,14.56%
P38 MAPK Signaling WP400,WikiPathways_2024_Human,-1.1935064587741873,Downregulated,0.5075586411198905,14/35,20.77%
Protein Modification by Small Protein Conjugation (GO:0032446),GO_Biological_Process_2025,-1.1940712645205127,Downregulated,0.5065443202896837,101/291,27.62%
Negative Regulation Of MET Activity R-HSA-6807004,Reactome_2022,-1.1941705257659867,Downregulated,0.5067242698390303,10/21,27.90%
MET In Type 1 Papillary Renal Cell Carcinoma WP4205,WikiPathways_2024_Human,-1.194204437169396,Downregulated,0.5070894580188028,19/55,25.32%
Response to Fatty Acid (GO:0070542),GO_Biological_Process_2025,-1.1943148805753083,Downregulated,0.5072712869227959,9/17,26.36%
Positive Regulation of Cytokine Production (GO:0001819),GO_Biological_Process_2025,-1.1954242185626305,Downregulated,0.504907083109041,69/285,18.18%
Triacylglycerol Lipase Activity (GO:0004806),GO_Molecular_Function_2025,-1.1958077680461623,Downregulated,0.5043638458462256,6/16,26.87%
Positive Regulation of Calcium Ion Transmembrane Transport (GO:1904427),GO_Biological_Process_2025,-1.1960205244703672,Downregulated,0.5042562307931336,7/41,5.65%
Response to Reactive Oxygen Species (GO:0000302),GO_Biological_Process_2025,-1.1962034594331044,Downregulated,0.5042547170460581,19/49,26.88%
Wnt Signaling WP363,WikiPathways_2024_Human,-1.196664337680896,Downregulated,0.5035546802883069,13/46,19.60%
Mitochondrial Calcium Ion Transmembrane Transport (GO:0006851),GO_Biological_Process_2025,-1.1968852349612664,Downregulated,0.503444971626956,6/18,13.13%
Centrosome Maturation R-HSA-380287,Reactome_2022,-1.1972405304561555,Downregulated,0.5030228569343898,21/81,16.49%
SARS-CoV-1 Infection R-HSA-9678108,Reactome_2022,-1.197808165147998,Downregulated,0.5021032306402405,16/47,27.33%
Negative Regulation of G1/S Transition of Mitotic Cell Cycle (GO:2000134),GO_Biological_Process_2025,-1.1978179556126562,Downregulated,0.5025279421887571,9/27,18.00%
Unsaturated Fatty Acid Metabolic Process (GO:0033559),GO_Biological_Process_2025,-1.1978358778833678,Downregulated,0.5029145585054089,13/39,15.70%
Regulation of Viral Genome Replication (GO:0045069),GO_Biological_Process_2025,-1.198085057840354,Downregulated,0.5027681205214813,13/50,20.72%
Epigenetic Regulation of Gene Expression (GO:0040029),GO_Biological_Process_2025,-1.1982801493551458,Downregulated,0.5027479471659823,22/57,26.61%
Positive Regulation of Macromolecule Metabolic Process (GO:0010604),GO_Biological_Process_2025,-1.1987882040694628,Downregulated,0.501846641843564,12/33,23.02%
Negative Regulation of GTPase Activity (GO:0034260),GO_Biological_Process_2025,-1.1988371527551474,Downregulated,0.5021538696833878,4/16,10.57%
Regulation of Smooth Muscle Cell Proliferation (GO:0048660),GO_Biological_Process_2025,-1.1992285328025816,Downregulated,0.5015865522381819,11/51,17.12%
Diseases Of Carbohydrate Metabolism R-HSA-5663084,Reactome_2022,-1.1995379673969004,Downregulated,0.5013481587419792,14/28,26.07%
Positive Regulation of miRNA Transcription (GO:1902895),GO_Biological_Process_2025,-1.1998086448862335,Downregulated,0.5011201957904406,6/45,5.39%
RHOA GTPase Cycle R-HSA-8980692,Reactome_2022,-1.200557412289633,Downregulated,0.4995619930167759,27/143,12.78%
Endocytic Vesicle Membrane (GO:0030666),GO_Cellular_Component_2025,-1.200829292134228,Downregulated,0.4992982515181057,30/147,15.79%
Sodium Ion Transmembrane Transporter Activity (GO:0015081),GO_Molecular_Function_2025,-1.201495169766709,Downregulated,0.4980514561520347,8/33,14.77%
Positive Regulation of Peptidyl-Serine Phosphorylation (GO:0033138),GO_Biological_Process_2025,-1.2015704473871651,Downregulated,0.4982950365480869,11/28,19.81%
Acute Myeloid Leukemia WP5293,WikiPathways_2024_Human,-1.2017378438212278,Downregulated,0.4982989720482513,18/67,17.77%
TP53 Regulates Transcription Of Cell Death Genes R-HSA-5633008,Reactome_2022,-1.2019502928824704,Downregulated,0.4982013297182719,9/40,9.37%
Regulation of Adaptive Immune Response (GO:0002819),GO_Biological_Process_2025,-1.2021916656352498,Downregulated,0.4980379102542295,9/18,25.25%
Acetylglucosaminyltransferase Activity (GO:0008375),GO_Molecular_Function_2025,-1.2024118202405674,Downregulated,0.4979398504069088,15/35,25.44%
Axonogenesis (GO:0007409),GO_Biological_Process_2025,-1.2028841411624516,Downregulated,0.4971351341541407,37/176,13.09%
Negative Regulation of Cell Cycle G1/S Phase Transition (GO:1902807),GO_Biological_Process_2025,-1.2035486186075597,Downregulated,0.4959090533634524,10/30,18.00%
Regulation of Small Molecule Metabolic Process (GO:0062012),GO_Biological_Process_2025,-1.2036087133120588,Downregulated,0.496225753146345,11/32,17.67%
Processing Of SMDT1 R-HSA-8949664,Reactome_2022,-1.2038105696790826,Downregulated,0.4961564223074466,7/16,17.87%
DNA Nuclease Activity (GO:0004536),GO_Molecular_Function_2025,-1.204296301360879,Downregulated,0.4954009760073994,6/17,15.65%
Paradoxical Activation Of RAF Signaling By Kinase Inactive BRAF R-HSA-6802955,Reactome_2022,-1.2043599074993676,Downregulated,0.495704878220827,12/38,17.77%
Negative Regulation of Hydrolase Activity (GO:0051346),GO_Biological_Process_2025,-1.20445690448118,Downregulated,0.4959003050377708,8/32,11.00%
TNF Related Weak Inducer Of Apoptosis TWEAK Signaling WP2036,WikiPathways_2024_Human,-1.20481223902596,Downregulated,0.4954313573004137,12/36,23.77%
Mitotic Recombination (GO:0006312),GO_Biological_Process_2025,-1.2050194021154044,Downregulated,0.4954216606327615,2/15,0.16%
Export Of Viral Ribonucleoproteins From Nucleus R-HSA-168274,Reactome_2022,-1.20512514521253,Downregulated,0.4956008010580722,3/33,1.93%
"Alanine, aspartate and glutamate metabolism",KEGG_2021_Human,-1.2053506920871595,Downregulated,0.4954795940411415,8/34,13.57%
VEGFR2 Mediated Cell Proliferation R-HSA-5218921,Reactome_2022,-1.205481502437813,Downregulated,0.4956392032400485,7/18,21.07%
RNA Polymerase I Transcription Initiation R-HSA-73762,Reactome_2022,-1.205568775854429,Downregulated,0.4958810617553791,15/46,18.65%
Regulation of Reactive Oxygen Species Metabolic Process (GO:2000377),GO_Biological_Process_2025,-1.2057414702479792,Downregulated,0.4959038837063113,14/51,16.12%
Signaling By MET R-HSA-6806834,Reactome_2022,-1.2061224258119163,Downregulated,0.4953852935890872,21/62,25.57%
Aminoacyl-tRNA biosynthesis,KEGG_2021_Human,-1.2063392495042524,Downregulated,0.4952899773961567,24/44,34.21%
Diacylglycerol Metabolic Process (GO:0046339),GO_Biological_Process_2025,-1.2064554032060613,Downregulated,0.4954768304513385,5/22,7.18%
Cellular Response to Ionizing Radiation (GO:0071479),GO_Biological_Process_2025,-1.206879584690238,Downregulated,0.4948807367276533,14/50,17.67%
Apoptotic Process (GO:0006915),GO_Biological_Process_2025,-1.2070813885825873,Downregulated,0.4948125262481573,47/203,18.78%
Apoptosis WP254,WikiPathways_2024_Human,-1.2074992879827835,Downregulated,0.4942280788323477,34/81,31.22%
Primary Ovarian Insufficiency WP5316,WikiPathways_2024_Human,-1.2076779855821558,Downregulated,0.4942584338281189,36/138,18.76%
Positive Regulation of Mononuclear Cell Migration (GO:0071677),GO_Biological_Process_2025,-1.207867095977949,Downregulated,0.4942519914522643,8/29,13.44%
Regulation of Cellular Component Size (GO:0032535),GO_Biological_Process_2025,-1.207980123667776,Downregulated,0.4943964445345962,10/39,13.43%
Negative Regulation of DNA-binding Transcription Factor Activity (GO:0043433),GO_Biological_Process_2025,-1.2081408359106922,Downregulated,0.4944729162553686,31/111,21.96%
Negative Regulation Of FGFR3 Signaling R-HSA-5654732,Reactome_2022,-1.2083754497479329,Downregulated,0.4943165864375244,6/26,12.39%
Protein Localization to Plasma Membrane (GO:0072659),GO_Biological_Process_2025,-1.2084753289004015,Downregulated,0.4945186759952421,29/126,15.83%
ECM-receptor interaction,KEGG_2021_Human,-1.20848633149185,Downregulated,0.4949556485243164,13/82,10.16%
Leukocyte Adhesion to Vascular Endothelial Cell (GO:0061756),GO_Biological_Process_2025,-1.2087179445746936,Downregulated,0.4948352702145956,10/19,29.28%
Formation Of Fibrin Clot (Clotting Cascade) R-HSA-140877,Reactome_2022,-1.2090720198361862,Downregulated,0.4943538176834027,6/29,5.04%
Cellular Response to cAMP (GO:0071320),GO_Biological_Process_2025,-1.2091722599368258,Downregulated,0.4945803317984849,14/31,29.94%
TGF Beta Signaling Pathway WP366,WikiPathways_2024_Human,-1.209278931641952,Downregulated,0.4947610960829582,31/128,21.96%
Ribosomal Large Subunit Biogenesis (GO:0042273),GO_Biological_Process_2025,-1.209968314510663,Downregulated,0.4934338530709725,22/39,36.28%
Transcriptional Activation Of Mitochondrial Biogenesis R-HSA-2151201,Reactome_2022,-1.2101779859285868,Downregulated,0.4933757888820091,17/52,24.02%
PIP3 Activates AKT Signaling R-HSA-1257604,Reactome_2022,-1.210211969996552,Downregulated,0.4937366389234389,54/250,17.93%
Regulation of Metal Ion Transport (GO:0010959),GO_Biological_Process_2025,-1.210681826522701,Downregulated,0.4929405268413626,6/33,4.70%
Regulation of Peptidyl-Serine Phosphorylation (GO:0033135),GO_Biological_Process_2025,-1.2107591673246536,Downregulated,0.4932009371190285,17/34,28.47%
Acute myeloid leukemia,KEGG_2021_Human,-1.211532193076502,Downregulated,0.4916631874854782,18/66,17.77%
Chloride Transport (GO:0006821),GO_Biological_Process_2025,-1.2118176101158624,Downregulated,0.4914263083898386,20/70,16.13%
Regulation of Secretion (GO:0051046),GO_Biological_Process_2025,-1.2126264022663238,Downregulated,0.4897421068242768,8/15,22.85%
Negative Regulation of Translation (GO:0017148),GO_Biological_Process_2025,-1.2127227363927622,Downregulated,0.4899720718782245,25/94,19.81%
P Granule (GO:0043186),GO_Cellular_Component_2025,-1.2127511066343295,Downregulated,0.4903650593736677,9/20,21.92%
Removal Of Flap Intermediate From C-strand R-HSA-174437,Reactome_2022,-1.2131171556988785,Downregulated,0.489899573335899,4/16,2.73%
Regulation of DNA-templated Transcription Elongation (GO:0032784),GO_Biological_Process_2025,-1.2131672577892805,Downregulated,0.4902362840628765,19/36,34.52%
Regulation of Systemic Arterial Blood Pressure (GO:0003073),GO_Biological_Process_2025,-1.2132620209380651,Downregulated,0.4904333907635849,3/17,5.78%
Gastric Cancer Network 1 WP2361,WikiPathways_2024_Human,-1.213270178196325,Downregulated,0.4908796768695919,10/25,21.58%
Protein Localization to Golgi Apparatus (GO:0034067),GO_Biological_Process_2025,-1.213300839228951,Downregulated,0.4912742655692393,7/27,8.23%
Intrinsic Apoptotic Signaling Pathway by P53 Class Mediator (GO:0072332),GO_Biological_Process_2025,-1.213333560004293,Downregulated,0.491658173925418,13/36,23.69%
Ca-dependent Events R-HSA-111996,Reactome_2022,-1.2137388764703645,Downregulated,0.4910676384889087,10/33,21.07%
Monoatomic Anion Transmembrane Transporter Activity (GO:0008509),GO_Molecular_Function_2025,-1.214151645554875,Downregulated,0.4905550231329864,8/28,15.66%
Human cytomegalovirus infection,KEGG_2021_Human,-1.2143701503718949,Downregulated,0.4904450880416702,42/197,17.71%
Cellular Response to Steroid Hormone Stimulus (GO:0071383),GO_Biological_Process_2025,-1.214440939239786,Downregulated,0.4907068521728537,4/21,5.57%
Hepatitis C,KEGG_2021_Human,-1.2145647181186023,Downregulated,0.4908680095236225,36/132,23.71%
Regulation of Oxidoreductase Activity (GO:0051341),GO_Biological_Process_2025,-1.214952147756717,Downregulated,0.4903681816400835,9/16,30.00%
Glycoprotein Metabolic Process (GO:0009100),GO_Biological_Process_2025,-1.214963207171587,Downregulated,0.490819421978523,21/48,25.01%
"Hydrolase Activity, Acting on Carbon-Nitrogen (But Not Peptide) Bonds, in Linear Amides (GO:0016811)",GO_Molecular_Function_2025,-1.2157803010833663,Downregulated,0.4893149357375161,13/35,19.82%
Ganglioside Metabolic Process (GO:0001573),GO_Biological_Process_2025,-1.2164620085482076,Downregulated,0.4880762914018813,5/19,8.46%
PKA-mediated Phosphorylation Of CREB R-HSA-111931,Reactome_2022,-1.216521434033003,Downregulated,0.4883765387037373,5/18,15.53%
Thyroid hormone signaling pathway,KEGG_2021_Human,-1.2166100453254645,Downregulated,0.4886114950293604,31/117,18.76%
RHOU GTPase Cycle R-HSA-9013420,Reactome_2022,-1.2167627711713591,Downregulated,0.4887034685561191,13/39,19.62%
Positive Regulation of mRNA Processing (GO:0050685),GO_Biological_Process_2025,-1.2168787865199815,Downregulated,0.4888917235208195,10/20,31.08%
Regulation of Monocyte Chemotaxis (GO:0090025),GO_Biological_Process_2025,-1.2172416279998726,Downregulated,0.48843130675737,9/22,17.14%
Regulation of Protein Localization (GO:0032880),GO_Biological_Process_2025,-1.2173772529093017,Downregulated,0.4885477356161462,17/86,12.41%
Aberrant Regulation Of Mitotic Exit In Cancer Due To RB1 Defects R-HSA-9687136,Reactome_2022,-1.2175400121133937,Downregulated,0.4885935546458407,4/19,8.65%
Regulation of Reactive Oxygen Species Biosynthetic Process (GO:1903426),GO_Biological_Process_2025,-1.218930096027277,Downregulated,0.4856661129704933,7/22,17.37%
AURKA Activation By TPX2 R-HSA-8854518,Reactome_2022,-1.2195962493768011,Downregulated,0.4844258735731332,18/72,16.49%
IL5 Signaling WP127,WikiPathways_2024_Human,-1.2198224056855105,Downregulated,0.4843094223870225,9/36,15.45%
Positive Regulation of Immune System Process (GO:0002684),GO_Biological_Process_2025,-1.2198314730267583,Downregulated,0.4847686353734286,12/27,18.45%
Natural Killer Cell Mediated Cytotoxicity (GO:0042267),GO_Biological_Process_2025,-1.2201124764372293,Downregulated,0.4845414350176464,9/27,11.02%
Cytoplasmic Side of Plasma Membrane (GO:0009898),GO_Cellular_Component_2025,-1.2203045048903165,Downregulated,0.484478485750048,31/107,19.83%
Regulation of B Cell Receptor Signaling Pathway (GO:0050855),GO_Biological_Process_2025,-1.2204351082916134,Downregulated,0.4846457439016232,7/15,16.45%
Vpr-mediated Nuclear Import Of PICs R-HSA-180910,Reactome_2022,-1.2205440970954775,Downregulated,0.4848484393979202,7/32,18.67%
Protein Ubiquitination (GO:0016567),GO_Biological_Process_2025,-1.2207241112152318,Downregulated,0.4848617520940008,113/345,27.62%
Nucleophagy (GO:0044804),GO_Biological_Process_2025,-1.220916729640616,Downregulated,0.4848668824898117,7/22,10.23%
Cellular Response to Starvation (GO:0009267),GO_Biological_Process_2025,-1.221841122670977,Downregulated,0.4829376337629406,41/130,24.51%
Processive Synthesis On C-strand Of Telomere R-HSA-174414,Reactome_2022,-1.2221020186062168,Downregulated,0.4827364458212722,4/18,2.73%
Regulation of Viral Transcription (GO:0046782),GO_Biological_Process_2025,-1.2228340906177044,Downregulated,0.4814128741175945,6/15,25.25%
Nuclear Import Of Rev Protein R-HSA-180746,Reactome_2022,-1.2230438367699896,Downregulated,0.4813946169693819,7/30,18.67%
U5 snRNP (GO:0005682),GO_Cellular_Component_2025,-1.2234784998611226,Downregulated,0.4807411632372531,7/15,23.43%
Hematopoietic Progenitor Cell Differentiation (GO:0002244),GO_Biological_Process_2025,-1.223584851110323,Downregulated,0.4809545824827023,6/25,9.25%
Brain Derived Neurotrophic Factor BDNF Signaling WP2380,WikiPathways_2024_Human,-1.2243776070958774,Downregulated,0.4794020477943235,34/133,17.11%
Protein Tyrosine Kinase Binding (GO:1990782),GO_Molecular_Function_2025,-1.2243875863548936,Downregulated,0.4798521272552516,14/70,11.15%
Pancreatic secretion,KEGG_2021_Human,-1.2246391896223463,Downregulated,0.4796547758611281,21/75,19.60%
Constitutive Signaling By Aberrant PI3K In Cancer R-HSA-2219530,Reactome_2022,-1.2249346948300537,Downregulated,0.4794155852975743,13/68,11.02%
Positive Regulation of DNA Recombination (GO:0045911),GO_Biological_Process_2025,-1.2250148366138087,Downregulated,0.4797069856216093,22/53,28.89%
S1P Receptor Signal Transduction WP26,WikiPathways_2024_Human,-1.2254149878991734,Downregulated,0.4791730982081341,3/25,2.47%
Signaling By RAF1 Mutants R-HSA-9656223,Reactome_2022,-1.2254783794557442,Downregulated,0.479509971637328,12/35,17.77%
RHO GTPase Cycle R-HSA-9012999,Reactome_2022,-1.2255005000280843,Downregulated,0.4799259853616153,70/426,12.78%
Tumor Necrosis Factor-Mediated Signaling Pathway (GO:0033209),GO_Biological_Process_2025,-1.225557101087192,Downregulated,0.4802630881961279,15/33,30.82%
Urotensin II Mediated Signaling WP5158,WikiPathways_2024_Human,-1.2257860649831351,Downregulated,0.4801648407474118,15/65,14.81%
Vitamin D Receptor Pathway WP2877,WikiPathways_2024_Human,-1.2261939153950614,Downregulated,0.4796847960621477,36/134,18.73%
Protein Localization to Membrane (GO:0072657),GO_Biological_Process_2025,-1.226348140739817,Downregulated,0.4797564736546629,43/188,15.83%
Network Map Of SARS CoV 2 Signaling WP5115,WikiPathways_2024_Human,-1.2266734420240155,Downregulated,0.4794232278407412,74/213,28.32%
RNA Polymerase II Complex Binding (GO:0000993),GO_Molecular_Function_2025,-1.2269939982065412,Downregulated,0.4791467274551958,12/32,20.03%
Regulation of T Cell Mediated Cytotoxicity (GO:0001914),GO_Biological_Process_2025,-1.2270276472559385,Downregulated,0.479515006867055,7/28,5.83%
SARS-CoV Infections R-HSA-9679506,Reactome_2022,-1.2275408274134163,Downregulated,0.4787514620141294,105/324,27.70%
Peptidyl-Tyrosine Modification (GO:0018212),GO_Biological_Process_2025,-1.2278169100865672,Downregulated,0.4785742290237932,18/46,20.88%
rRNA Methylation (GO:0031167),GO_Biological_Process_2025,-1.2278279424021017,Downregulated,0.4790198995666527,8/17,26.48%
T Cell Differentiation (GO:0030217),GO_Biological_Process_2025,-1.2282201109623614,Downregulated,0.4786093742428717,16/43,22.31%
Vitamin D Sensitive Calcium Signaling In Depression WP4698,WikiPathways_2024_Human,-1.228292095051023,Downregulated,0.4789163938933386,15/29,24.41%
Acute Inflammatory Response (GO:0002526),GO_Biological_Process_2025,-1.2283270566905051,Downregulated,0.4793023252735534,9/18,19.79%
Nuclear Receptor-Mediated Steroid Hormone Signaling Pathway (GO:0030518),GO_Biological_Process_2025,-1.2293541671919637,Downregulated,0.4772932542252677,15/40,24.02%
One Carbon Metabolism WP241,WikiPathways_2024_Human,-1.2294413723521855,Downregulated,0.4775431488511095,7/27,14.60%
Cellular Response to Interleukin-6 (GO:0071354),GO_Biological_Process_2025,-1.2296478884494642,Downregulated,0.4775035891226397,8/22,18.33%
Inflammatory mediator regulation of TRP channels,KEGG_2021_Human,-1.2301030819750989,Downregulated,0.4768350692463771,21/84,14.75%
Regulation of Steroid Metabolic Process (GO:0019218),GO_Biological_Process_2025,-1.230325609304073,Downregulated,0.4767620263154134,6/18,10.82%
Nicotinate and nicotinamide metabolism,KEGG_2021_Human,-1.230341905016589,Downregulated,0.4771941707898936,11/31,18.09%
Intracellular Zinc Ion Homeostasis (GO:0006882),GO_Biological_Process_2025,-1.2303897238701824,Downregulated,0.4775665385966369,7/16,24.70%
Response to UV (GO:0009411),GO_Biological_Process_2025,-1.2305646411040423,Downregulated,0.4776166597153171,27/89,21.65%
Regulation of Tyrosine Phosphorylation of STAT Protein (GO:0042509),GO_Biological_Process_2025,-1.2306139840993815,Downregulated,0.477980489484667,7/25,20.05%
Regulation of Lipid Biosynthetic Process (GO:0046890),GO_Biological_Process_2025,-1.2321178948573457,Downregulated,0.4746083689599663,9/23,23.02%
Signaling By High-Kinase Activity BRAF Mutants R-HSA-6802948,Reactome_2022,-1.2323005081907592,Downregulated,0.4746263986669535,11/31,17.77%
DNA Secondary Structure Binding (GO:0000217),GO_Molecular_Function_2025,-1.2323288089578004,Downregulated,0.4750395012785696,4/30,4.89%
Intracellular Lipid Transport (GO:0032365),GO_Biological_Process_2025,-1.232348090824841,Downregulated,0.4754705338376935,9/18,23.10%
Actin Filament Capping (GO:0051693),GO_Biological_Process_2025,-1.232500469098814,Downregulated,0.4755725776481921,10/16,29.09%
Barbed-End Actin Filament Capping (GO:0051016),GO_Biological_Process_2025,-1.232500469098814,Downregulated,0.4755725776481921,10/16,29.09%
"RNA Splicing, via Transesterification Reactions With Bulged Adenosine as Nucleophile (GO:0000377)",GO_Biological_Process_2025,-1.2328904005062378,Downregulated,0.4755275471554184,35/155,17.54%
Protein Modification by Small Protein Removal (GO:0070646),GO_Biological_Process_2025,-1.2329698806075338,Downregulated,0.4758272674957285,34/77,34.13%
rRNA Metabolic Process (GO:0016072),GO_Biological_Process_2025,-1.2334829347315974,Downregulated,0.4750124865084535,39/92,32.21%
Influenza A,KEGG_2021_Human,-1.2337576502282337,Downregulated,0.4748137214517748,39/136,21.46%
Mitophagy (GO:0000423),GO_Biological_Process_2025,-1.2338816124854153,Downregulated,0.4749907050692095,10/43,10.23%
T Cell Modulation In Pancreatic Cancer WP5078,WikiPathways_2024_Human,-1.234135415514259,Downregulated,0.47481365828254,18/45,23.11%
Positive Regulation of Immunoglobulin Production (GO:0002639),GO_Biological_Process_2025,-1.2341858740568514,Downregulated,0.4751807041870449,7/34,8.42%
Follicle Stimulating Hormone FSH Signaling WP2035,WikiPathways_2024_Human,-1.2347530509211673,Downregulated,0.4742476139404027,8/20,17.93%
mRNA Transport (GO:0051028),GO_Biological_Process_2025,-1.234883748345443,Downregulated,0.4744086974188184,18/56,22.16%
Ribosome Binding (GO:0043022),GO_Molecular_Function_2025,-1.235085873646422,Downregulated,0.4743983623179764,34/90,26.57%
Positive Regulation of Double-Strand Break Repair via Homologous Recombination (GO:1905168),GO_Biological_Process_2025,-1.236365927994428,Downregulated,0.4716321941005661,18/40,28.89%
Phospholipase D signaling pathway,KEGG_2021_Human,-1.236690415881313,Downregulated,0.471329229306619,29/133,13.61%
Regulation of Platelet Aggregation (GO:0090330),GO_Biological_Process_2025,-1.2367016521527632,Downregulated,0.4717767511038251,9/23,21.07%
NoRC Negatively Regulates rRNA Expression R-HSA-427413,Reactome_2022,-1.2373501230487407,Downregulated,0.4706618581121193,15/53,18.65%
Nucleotide Salvage R-HSA-8956321,Reactome_2022,-1.2383053069136132,Downregulated,0.4687398096624305,3/22,2.49%
Hexosyltransferase Activity (GO:0016758),GO_Molecular_Function_2025,-1.2384608257016765,Downregulated,0.4688267135220655,29/72,27.31%
Constitutive Signaling By AKT1 E17K In Cancer R-HSA-5674400,Reactome_2022,-1.2389563031809996,Downregulated,0.4680612322266486,9/26,18.43%
Signaling By BMP R-HSA-201451,Reactome_2022,-1.2392913839319262,Downregulated,0.467773834763636,7/23,21.27%
aminoacyl-tRNA Ligase Activity (GO:0004812),GO_Molecular_Function_2025,-1.2409088776567478,Downregulated,0.4641857001941089,22/38,34.21%
Fas Ligand Pathway And Stress Induction Of Heat Shock Proteins WP314,WikiPathways_2024_Human,-1.241123793938815,Downregulated,0.4641233848811208,9/42,10.90%
Phagocytic Vesicle Membrane (GO:0030670),GO_Cellular_Component_2025,-1.2411703972912211,Downregulated,0.4644983777737092,11/46,14.79%
Negative Regulation of Response to Stimulus (GO:0048585),GO_Biological_Process_2025,-1.2414269593885123,Downregulated,0.4642811188626841,17/51,17.67%
RNA Biosynthetic Process (GO:0032774),GO_Biological_Process_2025,-1.2416576391028271,Downregulated,0.4641886491127616,46/119,33.84%
Positive Regulation of Carbohydrate Metabolic Process (GO:0045913),GO_Biological_Process_2025,-1.2418553297399346,Downregulated,0.4641498969437305,13/31,27.32%
Cellular Response to Hexose Stimulus (GO:0071331),GO_Biological_Process_2025,-1.242133489463498,Downregulated,0.4639642202633166,5/26,6.75%
Regulation of Vascular Endothelial Growth Factor Signaling Pathway (GO:1900746),GO_Biological_Process_2025,-1.24230663459765,Downregulated,0.4640030470125114,9/25,15.86%
Folate Metabolism WP176,WikiPathways_2024_Human,-1.242356925559419,Downregulated,0.4643664444488986,16/56,17.91%
Negative Epigenetic Regulation Of rRNA Expression R-HSA-5250941,Reactome_2022,-1.2429136009287105,Downregulated,0.4634791277990994,16/56,18.65%
TRAF6 Mediated NF-kB Activation R-HSA-933542,Reactome_2022,-1.2431408330601246,Downregulated,0.4634205184043991,10/20,32.02%
Integrin Mediated Cell Adhesion WP185,WikiPathways_2024_Human,-1.243363541016902,Downregulated,0.4633542152240554,34/98,24.71%
Negative Regulation of Cytokine-Mediated Signaling Pathway (GO:0001960),GO_Biological_Process_2025,-1.243661666820941,Downregulated,0.463165258899007,19/58,20.79%
"Phosphatidylinositol-3,4-Bisphosphate Binding (GO:0043325)",GO_Molecular_Function_2025,-1.2442217214446558,Downregulated,0.4622577483463007,8/23,20.54%
Regulation of Cell Development (GO:0060284),GO_Biological_Process_2025,-1.24425189424441,Downregulated,0.4626621084274372,12/46,18.00%
Cell Projection Organization (GO:0030030),GO_Biological_Process_2025,-1.244640864974866,Downregulated,0.4622133431661718,5/18,10.50%
Chemokine-Mediated Signaling Pathway (GO:0070098),GO_Biological_Process_2025,-1.2456027542767485,Downregulated,0.4601743468773765,13/37,18.20%
Positive Regulation of Leukocyte Migration (GO:0002687),GO_Biological_Process_2025,-1.247713732763166,Downregulated,0.4555179258935175,14/26,27.37%
mRNA Splice Site Recognition (GO:0006376),GO_Biological_Process_2025,-1.2487221555806272,Downregulated,0.4535412030657436,8/28,13.19%
MET Activates PTK2 Signaling R-HSA-8874081,Reactome_2022,-1.250022033788409,Downregulated,0.4508998846733965,5/17,22.56%
Mononuclear Cell Differentiation (GO:1903131),GO_Biological_Process_2025,-1.2501655307849704,Downregulated,0.4510272385210892,15/41,18.38%
Host Interactions Of HIV Factors R-HSA-162909,Reactome_2022,-1.2501699606008077,Downregulated,0.4515017020927175,54/121,35.84%
Regulation of Cytoplasmic Pattern Recognition Receptor Signaling Pathway (GO:0039531),GO_Biological_Process_2025,-1.250241278560125,Downregulated,0.4518035742240739,8/17,27.19%
Lytic Vacuole Membrane (GO:0098852),GO_Cellular_Component_2025,-1.2502678732979993,Downregulated,0.4522249328290099,93/291,25.24%
FOXO-mediated Transcription R-HSA-9614085,Reactome_2022,-1.2503465848120163,Downregulated,0.4525039187821103,13/58,17.93%
Myogenesis R-HSA-525793,Reactome_2022,-1.2504300923867382,Downregulated,0.45278990514232,7/22,18.36%
Autophagy of Mitochondrion (GO:0000422),GO_Biological_Process_2025,-1.2507193716944776,Downregulated,0.4525778166947637,14/55,10.23%
Cellular Response to Light Stimulus (GO:0071482),GO_Biological_Process_2025,-1.2508592791910516,Downregulated,0.4527464279018533,14/49,17.39%
Mitochondrial Calcium Ion Transport R-HSA-8949215,Reactome_2022,-1.2510006377897036,Downregulated,0.4529089776847543,7/22,13.13%
Regulation of Double-Strand Break Repair (GO:2000779),GO_Biological_Process_2025,-1.2511883614921349,Downregulated,0.452925260574705,29/84,21.46%
Vitamin B12 Metabolism WP1533,WikiPathways_2024_Human,-1.2526256761639447,Downregulated,0.4498567435639516,11/43,17.33%
Positive Regulation of Protein Import Into Nucleus (GO:0042307),GO_Biological_Process_2025,-1.2530493430652163,Downregulated,0.4493413312473199,5/28,10.63%
Cytoskeleton Organization (GO:0007010),GO_Biological_Process_2025,-1.2533117168149392,Downregulated,0.4492209202759513,31/106,18.43%
mRNA Catabolic Process (GO:0006402),GO_Biological_Process_2025,-1.2533661901474429,Downregulated,0.4495807485681772,9/49,10.73%
Stem Cell Differentiation (GO:0048863),GO_Biological_Process_2025,-1.2535902468139049,Downregulated,0.4495327475089343,8/42,9.25%
Regulation of miRNA Transcription (GO:1902893),GO_Biological_Process_2025,-1.253892704428434,Downregulated,0.4492128058088515,9/62,5.57%
4P16 3 Copy Number Variation WP5365,WikiPathways_2024_Human,-1.2539283904236345,Downregulated,0.449611374879783,6/29,16.34%
Glycerophospholipid Biosynthetic Process (GO:0046474),GO_Biological_Process_2025,-1.254366340261069,Downregulated,0.449059910627953,42/106,28.24%
Positive Regulation of Cell Adhesion Mediated by Integrin (GO:0033630),GO_Biological_Process_2025,-1.254947323108804,Downregulated,0.4480592052213645,7/16,15.14%
Regulation of Tumor Necrosis Factor Production (GO:0032680),GO_Biological_Process_2025,-1.2555174416744723,Downregulated,0.4471421302269416,39/117,20.84%
Negative Regulation of Type II Interferon Production (GO:0032689),GO_Biological_Process_2025,-1.2559612477991342,Downregulated,0.4465562443040087,9/22,25.17%
Cytokine-cytokine receptor interaction,KEGG_2021_Human,-1.256578890247665,Downregulated,0.4456212019792586,56/223,18.20%
Ribosome Assembly (GO:0042255),GO_Biological_Process_2025,-1.2566865203184605,Downregulated,0.4458175935517348,16/38,27.76%
SUMOylation Of DNA Methylation Proteins R-HSA-4655427,Reactome_2022,-1.2567000094107363,Downregulated,0.4462716498310831,3/15,9.72%
Membrane Raft (GO:0045121),GO_Cellular_Component_2025,-1.257106517430683,Downregulated,0.4457985914974978,58/163,24.38%
Downstream TCR Signaling R-HSA-202424,Reactome_2022,-1.2571068190932602,Downregulated,0.4462863361271449,40/84,35.06%
Selective Expression Of Chemokine Receptors T Cell Polarization WP4494,WikiPathways_2024_Human,-1.2579517218626202,Downregulated,0.4447327709767215,7/27,9.21%
K63-linked Polyubiquitin Modification-Dependent Protein Binding (GO:0070530),GO_Molecular_Function_2025,-1.2589135179771531,Downregulated,0.4429016968365483,12/23,28.69%
Kinase Binding (GO:0019900),GO_Molecular_Function_2025,-1.2598775776207292,Downregulated,0.4410167113334587,103/417,18.44%
Ion Channel Transport R-HSA-983712,Reactome_2022,-1.2601491743096616,Downregulated,0.4408704448623525,41/149,17.48%
Inositol Phosphate Metabolism R-HSA-1483249,Reactome_2022,-1.2613946459694112,Downregulated,0.4383461672748984,12/44,17.02%
Glutamine Family Amino Acid Metabolic Process (GO:0009064),GO_Biological_Process_2025,-1.2618124529757404,Downregulated,0.4377764281950981,14/20,37.15%
Regulation of Defense Response to Virus (GO:0050688),GO_Biological_Process_2025,-1.2622387572860816,Downregulated,0.4372608191614323,9/16,35.86%
TNFs Bind Their Physiological Receptors R-HSA-5669034,Reactome_2022,-1.2622408143139516,Downregulated,0.4377381662833908,11/25,24.16%
tRNA Modification (GO:0006400),GO_Biological_Process_2025,-1.2625176388969706,Downregulated,0.43752138714848,14/70,12.88%
AGE RAGE Pathway WP2324,WikiPathways_2024_Human,-1.2627005442310208,Downregulated,0.4375369938709565,27/65,29.74%
Ionotropic Glutamate Receptor Signaling Pathway (GO:0035235),GO_Biological_Process_2025,-1.262828777841286,Downregulated,0.437695688116638,3/15,4.89%
Synthesis Of Bile Acids And Bile Salts Via 7Alpha-Hydroxycholesterol R-HSA-193368,Reactome_2022,-1.263074177195613,Downregulated,0.4375974838536076,10/16,30.29%
Dendritic Cell Differentiation (GO:0097028),GO_Biological_Process_2025,-1.263195435794496,Downregulated,0.43777651006763,8/19,20.41%
Negative Regulation of Small GTPase Mediated Signal Transduction (GO:0051058),GO_Biological_Process_2025,-1.2635054123485687,Downregulated,0.4374522508380189,12/48,11.67%
Germ Plasm (GO:0060293),GO_Cellular_Component_2025,-1.2644713740906357,Downregulated,0.4356504619437222,8/16,21.92%
Negative Regulation of Immune Response (GO:0050777),GO_Biological_Process_2025,-1.265157085949274,Downregulated,0.4344759994773223,28/65,26.74%
Protein Dephosphorylation (GO:0006470),GO_Biological_Process_2025,-1.2652869969465397,Downregulated,0.4346630115038463,24/83,23.69%
MYD88 Distinct Input Output Pathway WP3877,WikiPathways_2024_Human,-1.2654024806345263,Downregulated,0.4348731344816959,3/17,7.07%
Positive Regulation of Receptor Signaling Pathway via JAK-STAT (GO:0046427),GO_Biological_Process_2025,-1.2658805987339667,Downregulated,0.4342458016393256,8/28,15.00%
ErbB Signaling WP673,WikiPathways_2024_Human,-1.2665492529270566,Downregulated,0.433246467356939,22/84,17.93%
Enzyme-Linked Receptor Protein Signaling Pathway (GO:0007167),GO_Biological_Process_2025,-1.2666530946705887,Downregulated,0.4334650857395523,34/114,18.46%
Positive Regulation of Canonical NF-kappaB Signal Transduction (GO:0043123),GO_Biological_Process_2025,-1.2678646907572784,Downregulated,0.4310841916613317,46/189,22.17%
Cellular Response to Amino Acid Stimulus (GO:0071230),GO_Biological_Process_2025,-1.2682809113268392,Downregulated,0.4305477855164732,11/36,16.48%
Interferon-Mediated Signaling Pathway (GO:0140888),GO_Biological_Process_2025,-1.268502133450896,Downregulated,0.4304832309833073,15/31,31.10%
Double-Stranded RNA Binding (GO:0003725),GO_Molecular_Function_2025,-1.2689894931450736,Downregulated,0.4298588349625885,33/65,33.18%
Positive Regulation of Translation (GO:0045727),GO_Biological_Process_2025,-1.2690878988439724,Downregulated,0.4300883387913574,39/102,28.67%
Glycerophospholipid Catabolic Process (GO:0046475),GO_Biological_Process_2025,-1.2694329247690204,Downregulated,0.4297722348778757,6/23,8.84%
Positive Regulation of Developmental Growth (GO:0048639),GO_Biological_Process_2025,-1.2695525442201203,Downregulated,0.4299414099623657,15/43,20.25%
Nanoparticle Mediated Activation Of Receptor Signaling WP2643,WikiPathways_2024_Human,-1.2696470724535076,Downregulated,0.4301907061412144,10/28,21.18%
Regulation of Biosynthetic Process (GO:0009889),GO_Biological_Process_2025,-1.2700317041037503,Downregulated,0.4297572843909327,4/18,4.58%
Regulatory RNA Binding (GO:0061980),GO_Molecular_Function_2025,-1.2708097194451755,Downregulated,0.4284410585539521,21/38,31.88%
ISG15 Antiviral Mechanism R-HSA-1169408,Reactome_2022,-1.271205862553615,Downregulated,0.4279490700923047,31/67,36.65%
Fc Receptor Mediated Stimulatory Signaling Pathway (GO:0002431),GO_Biological_Process_2025,-1.2722321056272774,Downregulated,0.4260521640139227,8/23,21.07%
Positive Regulation of Epidermal Growth Factor Receptor Signaling Pathway (GO:0045742),GO_Biological_Process_2025,-1.274556400472057,Downregulated,0.4211580242510622,8/22,19.81%
Phagocytic Vesicle (GO:0045335),GO_Cellular_Component_2025,-1.2759140504063031,Downregulated,0.4184571313830934,24/94,19.42%
Fatty acid degradation,KEGG_2021_Human,-1.276406475444876,Downregulated,0.4177771584859545,9/40,11.20%
Apoptosis,KEGG_2021_Human,-1.277346025569814,Downregulated,0.4160495748884829,33/128,17.20%
Negative Regulation of mRNA Catabolic Process (GO:1902373),GO_Biological_Process_2025,-1.2776454492781837,Downregulated,0.4158390915302405,19/37,31.88%
Lipid and atherosclerosis,KEGG_2021_Human,-1.2793833921878048,Downregulated,0.4122476585393239,37/182,17.84%
Interleukin 1 IL 1 Structural Pathway WP2637,WikiPathways_2024_Human,-1.2794141824290597,Downregulated,0.4126577546303256,12/49,17.84%
rRNA Processing R-HSA-72312,Reactome_2022,-1.279527955683507,Downregulated,0.4128906795592478,69/167,33.38%
DNA Methylation-Dependent Constitutive Heterochromatin Formation (GO:0006346),GO_Biological_Process_2025,-1.2795861699403668,Downregulated,0.4132160394899246,6/17,27.64%
Endoribonuclease Complex (GO:1902555),GO_Cellular_Component_2025,-1.2797244242384678,Downregulated,0.4133938378819704,7/15,17.42%
Regulation of Translation (GO:0006417),GO_Biological_Process_2025,-1.280387562509272,Downregulated,0.4124034594694716,62/189,27.02%
RNA Processing (GO:0006396),GO_Biological_Process_2025,-1.280918463744493,Downregulated,0.41166956275608,107/269,33.71%
Positive Regulation of Myeloid Leukocyte Differentiation (GO:0002763),GO_Biological_Process_2025,-1.2819479000182208,Downregulated,0.4098233277744538,15/40,28.61%
Sphingolipid Catabolic Process (GO:0030149),GO_Biological_Process_2025,-1.283166663682601,Downregulated,0.4075893151996098,12/29,24.11%
Telomere Extension By Telomerase R-HSA-171319,Reactome_2022,-1.2835294881294068,Downregulated,0.4072602829018628,10/23,30.60%
Major Pathway Of rRNA Processing In Nucleolus And Cytosol R-HSA-6791226,Reactome_2022,-1.284396572230188,Downregulated,0.4058049285910172,60/148,33.38%
Positive Regulation of Intracellular Protein Transport (GO:0090316),GO_Biological_Process_2025,-1.2845980834623438,Downregulated,0.4058343857189854,16/66,15.50%
Rett Syndrome WP4312,WikiPathways_2024_Human,-1.285131485269325,Downregulated,0.4050822308587828,14/42,20.45%
Proteoglycan Metabolic Process (GO:0006029),GO_Biological_Process_2025,-1.2852648668074584,Downregulated,0.4052815885221731,8/21,18.59%
Cellular Response to Nitrogen Compound (GO:1901699),GO_Biological_Process_2025,-1.285403404382056,Downregulated,0.4054258421770347,41/146,21.92%
Bile Acid And Bile Salt Metabolism R-HSA-194068,Reactome_2022,-1.2856295705575993,Downregulated,0.4053590308248773,12/32,20.84%
Glycolytic Process (GO:0006096),GO_Biological_Process_2025,-1.285929132505531,Downregulated,0.4051124428048328,11/24,27.24%
ADP Catabolic Process (GO:0046032),GO_Biological_Process_2025,-1.285929132505531,Downregulated,0.4051124428048328,11/24,27.24%
Adenyl Ribonucleotide Binding (GO:0032559),GO_Molecular_Function_2025,-1.286419213211332,Downregulated,0.4049915775682077,84/294,21.51%
Cholesterol Efflux (GO:0033344),GO_Biological_Process_2025,-1.286648655996706,Downregulated,0.4049267412783354,8/16,24.67%
Positive Regulation of T Cell Differentiation (GO:0045582),GO_Biological_Process_2025,-1.2867627007496296,Downregulated,0.4051737138061305,21/57,25.27%
T-helper Cell Differentiation (GO:0042093),GO_Biological_Process_2025,-1.2868902338394594,Downregulated,0.4053540376513161,7/22,14.75%
CAMKK2 Pathway WP4874,WikiPathways_2024_Human,-1.287063350367198,Downregulated,0.4054478475273949,30/100,22.13%
Male Infertility WP4673,WikiPathways_2024_Human,-1.2874601871479026,Downregulated,0.4050098178119876,26/120,16.38%
RHOC GTPase Cycle R-HSA-9013106,Reactome_2022,-1.2884953810524775,Downregulated,0.4031174702318907,13/72,10.71%
miRNA Processing (GO:0035196),GO_Biological_Process_2025,-1.2888617981872057,Downregulated,0.4027305472791622,19/31,33.64%
Positive Regulation of Protein Binding (GO:0032092),GO_Biological_Process_2025,-1.2894142714609107,Downregulated,0.4019806480787771,13/38,22.81%
Cellular Response to Molecule of Bacterial Origin (GO:0071219),GO_Biological_Process_2025,-1.2894644525572934,Downregulated,0.4023390230214719,22/100,14.43%
Interactions Of Natural Killer Cells In Pancreatic Cancer WP5092,WikiPathways_2024_Human,-1.2895867430815149,Downregulated,0.4025598545716565,9/22,18.28%
Regulation of Behavior (GO:0050795),GO_Biological_Process_2025,-1.2895951938666823,Downregulated,0.4030088312890365,7/18,19.25%
Serotonin HTR1 Group And FOS Pathway WP722,WikiPathways_2024_Human,-1.2904519191021897,Downregulated,0.4015239077874661,10/32,17.93%
Negative Regulation of Cytoplasmic Pattern Recognition Receptor Signaling Pathway (GO:0039532),GO_Biological_Process_2025,-1.2904940746893652,Downregulated,0.4018891086616142,10/33,17.12%
Leishmania Infection R-HSA-9658195,Reactome_2022,-1.290820965781731,Downregulated,0.4016805459850082,61/196,22.47%
Positive Regulation of Production of Molecular Mediator of Immune Response (GO:0002702),GO_Biological_Process_2025,-1.2910588367850837,Downregulated,0.4016192224627833,9/37,15.04%
Positive Regulation of Neutrophil Migration (GO:1902624),GO_Biological_Process_2025,-1.291171880116731,Downregulated,0.4018165959872934,6/20,13.44%
Negative Regulation of Double-Strand Break Repair via Homologous Recombination (GO:2000042),GO_Biological_Process_2025,-1.2912270474150152,Downregulated,0.4021667974706026,12/22,31.73%
Negative Regulation of Interleukin-6 Production (GO:0032715),GO_Biological_Process_2025,-1.2914932386110942,Downregulated,0.4020345540408465,7/27,5.85%
Protein-Lysine N-methyltransferase Activity (GO:0016279),GO_Molecular_Function_2025,-1.291789380158034,Downregulated,0.4018948584688551,11/48,9.17%
"Platelet Activation, Signaling And Aggregation R-HSA-76002",Reactome_2022,-1.2926470096455938,Downregulated,0.4005187351395363,63/235,17.93%
Telomere Organization (GO:0032200),GO_Biological_Process_2025,-1.2927647473572017,Downregulated,0.4007503100280432,15/56,17.72%
Signaling By BRAF And RAF1 Fusions R-HSA-6802952,Reactome_2022,-1.2928327100726564,Downregulated,0.4010784126069084,17/59,17.77%
mRNA 5'-UTR Binding (GO:0048027),GO_Molecular_Function_2025,-1.2929004968296425,Downregulated,0.4014173410572665,10/18,32.21%
Negative Regulation of Catabolic Process (GO:0009895),GO_Biological_Process_2025,-1.2934113248897494,Downregulated,0.4007017170848625,27/109,18.23%
rRNA Processing In Nucleus And Cytosol R-HSA-8868773,Reactome_2022,-1.293498727718377,Downregulated,0.4009777531891168,65/158,33.38%
Glycosaminoglycan Degradation WP4815,WikiPathways_2024_Human,-1.294391094045346,Downregulated,0.3994135529762048,6/16,8.05%
U2-type Spliceosomal Complex (GO:0005684),GO_Cellular_Component_2025,-1.2943945116285462,Downregulated,0.3998933330621198,22/85,16.03%
Neurodegeneration W Brain Fe Accumulation NBIA Subtypes Pathway WP4577,WikiPathways_2024_Human,-1.294613640554037,Downregulated,0.3999284452652192,15/43,14.32%
NEP/NS2 Interacts With Cellular Export Machinery R-HSA-168333,Reactome_2022,-1.295593985924254,Downregulated,0.3982186342448547,7/32,18.67%
Signaling By Interleukins R-HSA-449147,Reactome_2022,-1.2971849450672732,Downregulated,0.3951625313154393,132/409,27.80%
Human immunodeficiency virus 1 infection,KEGG_2021_Human,-1.29757592504082,Downregulated,0.394799624636182,45/178,22.02%
NF1 Copy Number Variation Syndrome WP5366,WikiPathways_2024_Human,-1.2978770133306536,Downregulated,0.3945880667589251,15/75,13.61%
Signaling By Hippo R-HSA-2028269,Reactome_2022,-1.2979462116686158,Downregulated,0.3949087162311134,10/20,26.54%
Very Long-Chain Fatty Acid Metabolic Process (GO:0000038),GO_Biological_Process_2025,-1.297970236108496,Downregulated,0.3953304239462544,6/28,9.90%
Cellular Response to Amino Acid Starvation (GO:0034198),GO_Biological_Process_2025,-1.298122750012647,Downregulated,0.3955261641132413,14/45,16.48%
Regulation of Protein Localization to Nucleus (GO:1900180),GO_Biological_Process_2025,-1.298278022431778,Downregulated,0.3956524518567567,13/52,14.67%
Eicosanoid Metabolism Via Cyclooxygenases COX WP4719,WikiPathways_2024_Human,-1.2988336645440703,Downregulated,0.3949126177288541,5/26,9.02%
Deubiquitination R-HSA-5688426,Reactome_2022,-1.298876851904882,Downregulated,0.3952984189837056,99/230,34.02%
RAC2 GTPase Cycle R-HSA-9013404,Reactome_2022,-1.2992087615528565,Downregulated,0.3950637274441081,20/86,14.56%
Intracellular Signaling By Second Messengers R-HSA-9006925,Reactome_2022,-1.3001614752998516,Downregulated,0.3933586131670608,63/286,17.93%
Phospholipid Translocation (GO:0045332),GO_Biological_Process_2025,-1.300516562586587,Downregulated,0.3930374193677812,10/33,13.23%
Negative Regulation of Telomere Maintenance via Telomerase (GO:0032211),GO_Biological_Process_2025,-1.3006171195087293,Downregulated,0.3932745871972542,9/21,26.91%
Protein K63-linked Deubiquitination (GO:0070536),GO_Biological_Process_2025,-1.300646764383235,Downregulated,0.3936857255087118,12/21,34.18%
RNA Polymerase Core Enzyme Binding (GO:0043175),GO_Molecular_Function_2025,-1.3006667382151025,Downregulated,0.3941302415240949,13/33,22.68%
Positive Regulation of TOR Signaling (GO:0032008),GO_Biological_Process_2025,-1.301945533977737,Downregulated,0.3917786121538522,19/71,18.43%
Fc-gamma Receptor Signaling Pathway Involved in Phagocytosis (GO:0038096),GO_Biological_Process_2025,-1.3029640795713398,Downregulated,0.39010107697551,8/21,21.07%
RIG-I-like receptor signaling pathway,KEGG_2021_Human,-1.3030374746217592,Downregulated,0.3903951494511868,15/50,20.72%
Negative Regulation of Tumor Necrosis Factor Production (GO:0032720),GO_Biological_Process_2025,-1.303504159435199,Downregulated,0.3898398290796077,15/39,20.84%
Regulation of Activated T Cell Proliferation (GO:0046006),GO_Biological_Process_2025,-1.3046267237813056,Downregulated,0.3878679682202109,9/25,22.49%
16P11 2 Proximal Deletion Syndrome WP4949,WikiPathways_2024_Human,-1.3049507478970397,Downregulated,0.3876253165657451,30/67,33.76%
Cytoplasmic Vesicle Membrane (GO:0030659),GO_Cellular_Component_2025,-1.3051095686352874,Downregulated,0.3877827353166312,85/374,17.84%
Regulation of Tumor Necrosis Factor-Mediated Signaling Pathway (GO:0010803),GO_Biological_Process_2025,-1.3059189226991743,Downregulated,0.3865007897226982,14/41,16.56%
Regulation of Chemotaxis (GO:0050920),GO_Biological_Process_2025,-1.3060781030683504,Downregulated,0.38663488644082,10/26,17.71%
Ubiquitin-Like Ligase-Substrate Adaptor Activity (GO:1990756),GO_Molecular_Function_2025,-1.3061071170416163,Downregulated,0.3870687099440638,47/112,27.63%
Toll Like Receptor Signaling WP75,WikiPathways_2024_Human,-1.3062468364213509,Downregulated,0.3872411335391511,20/78,20.56%
"Negative Regulation of Gene Expression, Epigenetic (GO:0045814)",GO_Biological_Process_2025,-1.3063323276714722,Downregulated,0.387528966791579,31/81,26.61%
Toll Like Receptor 4 (TLR4) Cascade R-HSA-166016,Reactome_2022,-1.306363385922269,Downregulated,0.3879595543250648,37/129,22.31%
Systemic lupus erythematosus,KEGG_2021_Human,-1.3067115277126338,Downregulated,0.3876696785440239,20/55,21.54%
Regulation of Intracellular Protein Transport (GO:0033157),GO_Biological_Process_2025,-1.3067535320937462,Downregulated,0.388071544590648,10/35,14.76%
Positive Regulation of Microtubule Polymerization or Depolymerization (GO:0031112),GO_Biological_Process_2025,-1.3067897470701082,Downregulated,0.3884639139753223,10/25,23.04%
Interleukin-17 Signaling R-HSA-448424,Reactome_2022,-1.3072397458486873,Downregulated,0.3878820719743789,25/66,27.70%
Nuclear Receptor Binding (GO:0016922),GO_Molecular_Function_2025,-1.3075240987449737,Downregulated,0.3877365772451618,36/110,20.84%
Synthesis Of PIPs At Plasma Membrane R-HSA-1660499,Reactome_2022,-1.3075260838263911,Downregulated,0.3882218976657055,15/50,20.87%
Positive Regulation of Tyrosine Phosphorylation of STAT Protein (GO:0042531),GO_Biological_Process_2025,-1.3075727743785182,Downregulated,0.38859833621887,6/20,20.05%
Positive Regulation of ERBB Signaling Pathway (GO:1901186),GO_Biological_Process_2025,-1.307946851187564,Downregulated,0.3883082151513307,8/24,19.81%
SUMO E3 Ligases SUMOylate Target Proteins R-HSA-3108232,Reactome_2022,-1.3086526093149522,Downregulated,0.3872250131286558,37/151,21.46%
Cellular Response to Lipid (GO:0071396),GO_Biological_Process_2025,-1.3089293804553848,Downregulated,0.3871534671979778,47/194,17.10%
Signaling By SCF-KIT R-HSA-1433557,Reactome_2022,-1.309473474367829,Downregulated,0.3864268510874549,12/41,16.57%
Bicarbonate Transport (GO:0015701),GO_Biological_Process_2025,-1.3095828064431172,Downregulated,0.3866865242317968,8/16,28.57%
Negative Regulation of Response to Biotic Stimulus (GO:0002832),GO_Biological_Process_2025,-1.3098281182993727,Downregulated,0.386653536111343,19/42,28.89%
Regulation of Non-Canonical NF-kappaB Signal Transduction (GO:1901222),GO_Biological_Process_2025,-1.3100064563613896,Downregulated,0.3867391591788863,17/68,15.04%
Regulation of Establishment or Maintenance of Cell Polarity (GO:0032878),GO_Biological_Process_2025,-1.3104294190314811,Downregulated,0.3862795262074976,8/16,24.38%
Androgen Receptor Network In Prostate Cancer WP2263,WikiPathways_2024_Human,-1.310454983529115,Downregulated,0.3867112051099689,23/99,17.12%
Cellular Response to Metal Ion (GO:0071248),GO_Biological_Process_2025,-1.3107497158021082,Downregulated,0.3864520006954121,24/86,17.87%
TRAF6 Mediated Induction Of NFkB And MAP Kinases Upon TLR7/8 Or 9 Activation R-HSA-975138,Reactome_2022,-1.3107811268521752,Downregulated,0.3868804156430145,33/94,27.80%
Metal Ion Transmembrane Transporter Activity (GO:0046873),GO_Molecular_Function_2025,-1.3112374937334508,Downregulated,0.3863772596493165,9/26,14.77%
MyD88 Dependent Cascade Initiated On Endosome R-HSA-975155,Reactome_2022,-1.3116128385298595,Downregulated,0.3860721604565032,33/95,27.80%
Phosphatidic Acid Binding (GO:0070300),GO_Molecular_Function_2025,-1.3117238285166868,Downregulated,0.3863128826693093,6/21,14.70%
Transport Of Mature Transcript To Cytoplasm R-HSA-72202,Reactome_2022,-1.312678148290989,Downregulated,0.3846217370020645,18/76,18.96%
Signaling By FGFR1 In Disease R-HSA-5655302,Reactome_2022,-1.3128061721976612,Downregulated,0.3848627514962579,7/32,11.48%
Negative Regulation of Tumor Necrosis Factor Superfamily Cytokine Production (GO:1903556),GO_Biological_Process_2025,-1.3128396749682492,Downregulated,0.3852985962984396,15/41,20.84%
Class A/1 (Rhodopsin-like Receptors) R-HSA-373076,Reactome_2022,-1.3132399537549306,Downregulated,0.384936120308657,58/210,21.54%
Positive Regulation of Blood Coagulation (GO:0030194),GO_Biological_Process_2025,-1.3135883853911423,Downregulated,0.3846716084980636,5/18,7.29%
Lysosomal Lumen (GO:0043202),GO_Cellular_Component_2025,-1.313894763884467,Downregulated,0.3845271036038807,19/76,11.29%
Lysosome (GO:0005764),GO_Cellular_Component_2025,-1.314002232116554,Downregulated,0.3847680071620715,148/488,23.47%
ErbB signaling pathway,KEGG_2021_Human,-1.3142125535687916,Downregulated,0.3848187210472482,18/79,13.61%
Intracellular Signaling Cassette (GO:0141124),GO_Biological_Process_2025,-1.3143164164751044,Downregulated,0.3850792692866868,87/333,22.22%
RNA Endonuclease Activity (GO:0004521),GO_Molecular_Function_2025,-1.3150867046755836,Downregulated,0.3839095521985162,15/36,23.31%
Nucleosome Organization (GO:0034728),GO_Biological_Process_2025,-1.3155162059161425,Downregulated,0.3834609790437604,20/56,23.71%
Transcriptional Regulation By E2F6 R-HSA-8953750,Reactome_2022,-1.3166888366897394,Downregulated,0.3814564859827991,11/33,15.23%
SUMOylation Of Chromatin Organization Proteins R-HSA-4551638,Reactome_2022,-1.317186826639603,Downregulated,0.380852077143709,11/51,18.67%
Protein Maturation (GO:0051604),GO_Biological_Process_2025,-1.3173463437221848,Downregulated,0.3810387854122847,41/136,23.75%
Positive Regulation of Double-Strand Break Repair (GO:2000781),GO_Biological_Process_2025,-1.3179064778652918,Downregulated,0.3803774533054133,27/88,17.67%
Receptor Recycling (GO:0001881),GO_Biological_Process_2025,-1.3180393864076452,Downregulated,0.3805781373638968,5/18,15.05%
RNA Polymerase Binding (GO:0070063),GO_Molecular_Function_2025,-1.3183445842538153,Downregulated,0.3804497193463951,5/18,9.64%
snRNA 3'-End Processing (GO:0034472),GO_Biological_Process_2025,-1.3183942052490898,Downregulated,0.3808270588330441,5/20,17.35%
U2-type Catalytic Step 2 Spliceosome (GO:0071007),GO_Cellular_Component_2025,-1.3188113653458813,Downregulated,0.3804389547766218,10/27,21.03%
Prader Willi And Angelman Syndrome WP3998,WikiPathways_2024_Human,-1.3188899830823528,Downregulated,0.380758967376227,20/75,21.30%
"RNA Splicing, via Transesterification Reactions (GO:0000375)",GO_Biological_Process_2025,-1.3198049315169669,Downregulated,0.3792020707961043,8/24,17.54%
Response to Amino Acid Starvation (GO:1990928),GO_Biological_Process_2025,-1.319843162530894,Downregulated,0.3796192567174495,13/42,16.48%
Cellular Response to UV (GO:0034644),GO_Biological_Process_2025,-1.3198533178085137,Downregulated,0.38010874164256,23/66,23.69%
Deadenylation-dependent mRNA Decay R-HSA-429914,Reactome_2022,-1.3206474057205515,Downregulated,0.3789962985187947,26/53,32.82%
Formation Of beta-catenin:TCF Transactivating Complex R-HSA-201722,Reactome_2022,-1.32083403368888,Downregulated,0.3790817452298867,11/38,19.33%
T Cell Homeostasis (GO:0043029),GO_Biological_Process_2025,-1.3213537717316235,Downregulated,0.3784780438002783,9/15,30.29%
Phosphatidylinositol Dephosphorylation (GO:0046856),GO_Biological_Process_2025,-1.3219842885779396,Downregulated,0.377554629955498,15/19,41.40%
Spry Regulation Of FGF Signaling R-HSA-1295596,Reactome_2022,-1.3225352178158325,Downregulated,0.3768437649753272,5/16,12.39%
Aminopeptidase Activity (GO:0004177),GO_Molecular_Function_2025,-1.322775065413993,Downregulated,0.3768199473952575,8/24,17.74%
Prostate cancer,KEGG_2021_Human,-1.3230569508627965,Downregulated,0.37669067050255,24/91,17.93%
Glycosphingolipid Metabolism R-HSA-1660662,Reactome_2022,-1.3234043860699718,Downregulated,0.3764395209354329,16/37,20.95%
Lymphocyte Proliferation (GO:0046651),GO_Biological_Process_2025,-1.3234455593188423,Downregulated,0.3768297722374357,10/23,21.40%
SUMOylation R-HSA-2990846,Reactome_2022,-1.3236676315789953,Downregulated,0.3768843711970612,39/157,21.46%
Toxoplasmosis,KEGG_2021_Human,-1.3245042809774203,Downregulated,0.375460470804797,36/101,28.83%
Epigenetic Regulation Of Gene Expression R-HSA-212165,Reactome_2022,-1.3245298225310098,Downregulated,0.3758943859626838,26/94,18.65%
Transport Of Mature mRNA Derived From An Intronless Transcript R-HSA-159231,Reactome_2022,-1.324985802774416,Downregulated,0.3753410517086338,9/38,18.67%
Signaling By CSF3 (G-CSF) R-HSA-9674555,Reactome_2022,-1.3251857173317447,Downregulated,0.3753826548510658,10/29,21.19%
Nuclear Envelope Breakdown R-HSA-2980766,Reactome_2022,-1.325428155007782,Downregulated,0.3753388205818205,12/50,16.17%
Toll-like receptor signaling pathway,KEGG_2021_Human,-1.325610137011696,Downregulated,0.3754451862132094,22/85,20.56%
Transcription Elongation by RNA Polymerase II (GO:0006368),GO_Biological_Process_2025,-1.325621788668299,Downregulated,0.3759240978724945,17/28,32.33%
Cell Recruitment (Pro-Inflammatory Response) R-HSA-9664424,Reactome_2022,-1.3266654862024312,Downregulated,0.374059144560954,9/24,23.11%
Apoptotic Execution Phase R-HSA-75153,Reactome_2022,-1.3271002772391824,Downregulated,0.3735734690718221,10/44,15.28%
Integrin Cell Surface Interactions R-HSA-216083,Reactome_2022,-1.327243805310466,Downregulated,0.3737543944170055,14/59,13.71%
Leukocyte Intrinsic Hippo Pathway Functions WP4542,WikiPathways_2024_Human,-1.3275739693467572,Downregulated,0.3735680373050526,14/34,19.97%
Positive Regulation of Innate Immune Response (GO:0045089),GO_Biological_Process_2025,-1.32768689405508,Downregulated,0.3738407024217096,10/40,14.95%
Insulin Receptor Binding (GO:0005158),GO_Molecular_Function_2025,-1.328018676418773,Downregulated,0.3736457957673925,5/17,8.54%
Steroid biosynthesis,KEGG_2021_Human,-1.3289352167808364,Downregulated,0.3722281310529143,4/18,10.71%
Lysine degradation,KEGG_2021_Human,-1.3291723347077349,Downregulated,0.3722170149941268,15/59,15.22%
VEGFA-VEGFR2 Pathway R-HSA-4420097,Reactome_2022,-1.3292633950723671,Downregulated,0.3725122620032361,21/89,15.11%
Regulation of Signal Transduction by P53 Class Mediator (GO:1901796),GO_Biological_Process_2025,-1.330182413654888,Downregulated,0.3709887654260519,27/51,31.52%
Microautophagy (GO:0016237),GO_Biological_Process_2025,-1.3302285153102154,Downregulated,0.371408002065825,8/19,13.09%
TOR Signaling (GO:0031929),GO_Biological_Process_2025,-1.3307482658668388,Downregulated,0.3707458311905469,9/31,13.43%
Ubiquitin-Like Protein Ligase Activity (GO:0061659),GO_Molecular_Function_2025,-1.3310681103031126,Downregulated,0.3705843222527459,75/275,20.15%
Positive Regulation of Receptor Signaling Pathway via STAT (GO:1904894),GO_Biological_Process_2025,-1.3314012368840722,Downregulated,0.3703844231132746,11/32,18.74%
Axon (GO:0030424),GO_Cellular_Component_2025,-1.3317409929284771,Downregulated,0.3702071004172502,51/190,17.98%
Modulation by Host of Viral Genome Replication (GO:0044827),GO_Biological_Process_2025,-1.331824401893542,Downregulated,0.3705454386266672,7/21,16.56%
Regulation of Actin Nucleation (GO:0051125),GO_Biological_Process_2025,-1.332222476767995,Downregulated,0.3702320046750304,7/19,14.27%
T Cell Proliferation (GO:0042098),GO_Biological_Process_2025,-1.333220727243995,Downregulated,0.3685441151228769,8/15,21.40%
Negative Regulation of T Cell Proliferation (GO:0042130),GO_Biological_Process_2025,-1.333906865460473,Downregulated,0.3675509125187756,7/32,8.54%
Double-Strand Break Repair (GO:0006302),GO_Biological_Process_2025,-1.334372492186458,Downregulated,0.3670889419172036,41/166,17.72%
Ubiquitin Protein Ligase Activity (GO:0061630),GO_Molecular_Function_2025,-1.334547808458676,Downregulated,0.367170418061905,71/264,20.15%
Chondrocyte Differentiation (GO:0002062),GO_Biological_Process_2025,-1.334638337714242,Downregulated,0.3674839978383606,8/31,15.28%
Calcium Ion Transmembrane Import Into Cytosol (GO:0097553),GO_Biological_Process_2025,-1.335075122577214,Downregulated,0.3669999520880651,19/69,17.25%
Transport Of Mature mRNAs Derived From Intronless Transcripts R-HSA-159234,Reactome_2022,-1.3354731700229705,Downregulated,0.3666249599021121,9/39,18.67%
Specific Granule Membrane (GO:0035579),GO_Cellular_Component_2025,-1.3355000193847129,Downregulated,0.3670814839682641,26/82,17.26%
Hepatitis C And Hepatocellular Carcinoma WP3646,WikiPathways_2024_Human,-1.3356343301888811,Downregulated,0.3673212092005519,13/46,21.18%
IL3 Signaling WP286,WikiPathways_2024_Human,-1.3359519241571507,Downregulated,0.3671147570832737,17/46,22.02%
Cellular Response to Lipopolysaccharide (GO:0071222),GO_Biological_Process_2025,-1.3360141718853429,Downregulated,0.3674998771776151,27/104,18.46%
Hippocampal Synaptogenesis And Neurogenesis WP5231,WikiPathways_2024_Human,-1.3364374573352733,Downregulated,0.3670926251242794,8/23,15.53%
Cellular Response to Calcium Ion (GO:0071277),GO_Biological_Process_2025,-1.3370725942157875,Downregulated,0.3662827187115739,16/50,17.87%
Circadian Clock R-HSA-400253,Reactome_2022,-1.3371474075179413,Downregulated,0.3666463335237734,27/65,30.29%
Purine Metabolism And Related Disorders WP4224,WikiPathways_2024_Human,-1.3372326708042146,Downregulated,0.3670008263269545,7/23,19.50%
Positive Regulation of Cytokine Production Involved in Immune Response (GO:0002720),GO_Biological_Process_2025,-1.3380127205900394,Downregulated,0.3658519033589344,17/29,35.06%
Glycosaminoglycan degradation,KEGG_2021_Human,-1.338667923863716,Downregulated,0.3650186761461101,12/17,29.05%
Human T-cell leukemia virus 1 infection,KEGG_2021_Human,-1.339214079852354,Downregulated,0.36435807671347,49/202,18.11%
Transport Of Ribonucleoproteins Into Host Nucleus R-HSA-168271,Reactome_2022,-1.3394773926454129,Downregulated,0.3642689684939588,7/32,18.67%
DNA Damage Response (GO:0006974),GO_Biological_Process_2025,-1.3409182139336269,Downregulated,0.3616954367893178,86/394,17.93%
Estrogen Receptor Signaling Pathway (GO:0030520),GO_Biological_Process_2025,-1.3413258414016953,Downregulated,0.3613190383942805,9/15,30.55%
Leishmaniasis,KEGG_2021_Human,-1.341603768340189,Downregulated,0.3612781761300429,11/67,7.14%
Interleukin-10 Signaling R-HSA-6783783,Reactome_2022,-1.342563361622061,Downregulated,0.3597177112268886,10/41,15.14%
Regulation of Catabolic Process (GO:0009894),GO_Biological_Process_2025,-1.343912025842322,Downregulated,0.3573336819017959,22/78,16.12%
Regulation Of KIT Signaling R-HSA-1433559,Reactome_2022,-1.343923793706367,Downregulated,0.3578086028275251,8/16,25.92%
Negative Regulation of Viral Genome Replication (GO:0045071),GO_Biological_Process_2025,-1.3448911059032846,Downregulated,0.3561711234540424,12/35,23.31%
Signaling By B Cell Receptor (BCR) R-HSA-983705,Reactome_2022,-1.3449744452120502,Downregulated,0.3565252696556439,50/107,34.56%
Positive Regulation of Transcription by RNA Polymerase III (GO:0045945),GO_Biological_Process_2025,-1.345211332937145,Downregulated,0.3565374677891184,6/16,15.54%
mRNA Processing WP411,WikiPathways_2024_Human,-1.3464819583138614,Downregulated,0.35422139785307,42/120,28.45%
Negative Regulation of Cellular Response to Insulin Stimulus (GO:1900077),GO_Biological_Process_2025,-1.3464969910424007,Downregulated,0.3547090803017963,14/32,25.21%
Response to Lipopolysaccharide (GO:0032496),GO_Biological_Process_2025,-1.346684907424636,Downregulated,0.3548502547185118,27/136,14.53%
Lysine-Acetylated Histone Binding (GO:0070577),GO_Molecular_Function_2025,-1.3467438960103224,Downregulated,0.3552657237036043,5/20,4.23%
Defects In Vitamin And Cofactor Metabolism R-HSA-3296482,Reactome_2022,-1.3478492366396542,Downregulated,0.3534482084112837,5/18,10.48%
Negative Regulation of Viral Process (GO:0048525),GO_Biological_Process_2025,-1.348940214786938,Downregulated,0.3516914722944745,14/51,20.72%
Regulation Of Signaling By CBL R-HSA-912631,Reactome_2022,-1.3492756779291175,Downregulated,0.3514930591245478,7/18,18.46%
Positive Regulation of Lymphocyte Differentiation (GO:0045621),GO_Biological_Process_2025,-1.3494957622946917,Downregulated,0.35158175477193,19/35,28.22%
Protein Kinase Binding (GO:0019901),GO_Molecular_Function_2025,-1.3497510328632814,Downregulated,0.3516200723506392,123/461,21.30%
ATP Binding (GO:0005524),GO_Molecular_Function_2025,-1.3501569783920566,Downregulated,0.3513350003486593,78/263,21.51%
Cellular Response to Hydrogen Peroxide (GO:0070301),GO_Biological_Process_2025,-1.350701988592289,Downregulated,0.3507023524842774,13/31,27.10%
Defense Response to Virus (GO:0051607),GO_Biological_Process_2025,-1.3513991898242992,Downregulated,0.3497521679692447,68/156,31.40%
"Phosphatidylinositol-3,4,5-Trisphosphate Binding (GO:0005547)",GO_Molecular_Function_2025,-1.3516966210727035,Downregulated,0.3497054750416029,7/34,4.37%
Transcriptional Regulation By RUNX1 R-HSA-8878171,Reactome_2022,-1.3521657344031155,Downregulated,0.3492787129582649,36/171,15.42%
EGF EGFR Signaling WP437,WikiPathways_2024_Human,-1.3522089205219394,Downregulated,0.3497050378914324,48/157,21.18%
Late Endosome (GO:0005770),GO_Cellular_Component_2025,-1.3522922733238003,Downregulated,0.3500355931464216,67/196,25.24%
Effect Of Progerin On Genes Involved In Progeria WP4320,WikiPathways_2024_Human,-1.3522936280797755,Downregulated,0.3505526324272877,8/23,16.43%
Response to cAMP (GO:0051591),GO_Biological_Process_2025,-1.3522992004566128,Downregulated,0.3510570465975441,17/36,30.82%
Lysosomal Membrane (GO:0005765),GO_Cellular_Component_2025,-1.3523479865870796,Downregulated,0.3514849885233612,119/353,25.87%
Oxidative Stress Induced Senescence R-HSA-2559580,Reactome_2022,-1.3525630685742491,Downregulated,0.3515699275419113,16/68,15.21%
Deadenylation Of mRNA R-HSA-429947,Reactome_2022,-1.3526857079965682,Downregulated,0.3518577241950032,11/23,27.14%
Positive Regulation of Nucleocytoplasmic Transport (GO:0046824),GO_Biological_Process_2025,-1.3533849382103147,Downregulated,0.3508897796822922,9/45,11.48%
Endonuclease Activity (GO:0004519),GO_Molecular_Function_2025,-1.353631019776401,Downregulated,0.350890432217798,13/52,10.51%
Positive Regulation of Protein Processing (GO:0010954),GO_Biological_Process_2025,-1.3538145287272478,Downregulated,0.3510339024225741,5/15,16.41%
Positive Regulation of Interleukin-12 Production (GO:0032735),GO_Biological_Process_2025,-1.3538356494147938,Downregulated,0.3515192837465712,6/29,8.36%
Cells And Molecules Involved In Acute Inflammatory Response WP4493,WikiPathways_2024_Human,-1.3546768892138965,Downregulated,0.3502209485150262,7/16,21.54%
Fc epsilon RI signaling pathway,KEGG_2021_Human,-1.3550048433599655,Downregulated,0.3500161744672715,19/61,17.31%
Cytokine-Mediated Signaling Pathway (GO:0019221),GO_Biological_Process_2025,-1.355412080114485,Downregulated,0.3496545405800232,65/215,22.04%
Protein Destabilization (GO:0031648),GO_Biological_Process_2025,-1.3557387044672644,Downregulated,0.3494932644054087,14/38,19.00%
Cellular Response to Chemical Stress (GO:0062197),GO_Biological_Process_2025,-1.3557758857085744,Downregulated,0.349952960554107,26/95,19.00%
"Phosphotransferase Activity, Alcohol Group as Acceptor (GO:0016773)",GO_Molecular_Function_2025,-1.3561975950002252,Downregulated,0.3496166556403524,31/77,28.76%
TAR Syndrome WP5362,WikiPathways_2024_Human,-1.356304093212541,Downregulated,0.3499315786297237,22/57,25.61%
Negative Regulation of Inflammatory Response (GO:0050728),GO_Biological_Process_2025,-1.356656586287193,Downregulated,0.3496901274778236,38/108,21.07%
Cytosolic Sensors Of Pathogen-Associated DNA R-HSA-1834949,Reactome_2022,-1.3566627063634282,Downregulated,0.3502054630447082,22/59,26.31%
DAG And IP3 Signaling R-HSA-1489509,Reactome_2022,-1.357573908076026,Downregulated,0.3488365828595141,10/37,15.53%
Receptor Clustering (GO:0043113),GO_Biological_Process_2025,-1.3578564227724998,Downregulated,0.3487632355487213,8/24,16.61%
Regulation of Intracellular Signal Transduction (GO:1902531),GO_Biological_Process_2025,-1.3586529908815947,Downregulated,0.347675635295765,89/280,24.35%
Nef-mediated Downmodulation Of Cell Surface Receptors By Recruitment To Clathrin Adapters R-HSA-164938,Reactome_2022,-1.3592338790613856,Downregulated,0.3469749043662517,8/20,24.88%
Coronavirus disease,KEGG_2021_Human,-1.3596268224474537,Downregulated,0.346642727813061,45/173,21.54%
Small-Subunit Processome (GO:0032040),GO_Cellular_Component_2025,-1.3598595322170486,Downregulated,0.3466881117367982,39/63,41.02%
Fc-epsilon Receptor Signaling Pathway (GO:0038095),GO_Biological_Process_2025,-1.3627449025920015,Downregulated,0.3410426304679692,7/21,21.18%
Signaling By FLT3 ITD And TKD Mutants R-HSA-9703648,Reactome_2022,-1.3631738692681228,Downregulated,0.3406888200289527,5/15,11.02%
JNK (c-Jun Kinases) Phosphorylation And Activation Mediated By Activated Human TAK1 R-HSA-450321,Reactome_2022,-1.3631763818556657,Downregulated,0.3412103142507073,12/18,35.06%
Secondary Active Transmembrane Transporter Activity (GO:0015291),GO_Molecular_Function_2025,-1.3633570012511635,Downregulated,0.3413709083187598,18/48,19.20%
"Growth hormone synthesis, secretion and action",KEGG_2021_Human,-1.3657290976643004,Downregulated,0.3371549649902083,28/103,17.31%
Natural Killer Cell Activation (GO:0030101),GO_Biological_Process_2025,-1.3661185655324852,Downregulated,0.3368538826187365,11/29,18.64%
G Protein-Coupled Receptor Activity (GO:0004930),GO_Molecular_Function_2025,-1.3670742038826156,Downregulated,0.3354278855360945,53/171,21.41%
"FOXO-mediated Transcription Of Oxidative Stress, Metabolic And Neuronal Genes R-HSA-9615017",Reactome_2022,-1.368504008005974,Downregulated,0.3329643256605546,7/24,23.67%
Cellular Response to Cytokine Stimulus (GO:0071345),GO_Biological_Process_2025,-1.369715074015634,Downregulated,0.3308398978035128,64/245,18.46%
Ion Transport By P-type ATPases R-HSA-936837,Reactome_2022,-1.3698268728181806,Downregulated,0.3311623255770038,14/46,13.27%
Purine Nucleotide Biosynthetic Process (GO:0006164),GO_Biological_Process_2025,-1.3712690092289364,Downregulated,0.3287662050748463,6/19,14.58%
Positive Regulation of Defense Response (GO:0031349),GO_Biological_Process_2025,-1.371707591409861,Downregulated,0.3283877614118684,36/111,22.61%
Nucleotide-Excision Repair (GO:0006289),GO_Biological_Process_2025,-1.3719291678852363,Downregulated,0.3284578338087358,18/51,19.72%
Flavin Adenine Dinucleotide Binding (GO:0050660),GO_Molecular_Function_2025,-1.3720077237613773,Downregulated,0.328845834374574,22/55,29.00%
Regulation Of TP53 Activity R-HSA-5633007,Reactome_2022,-1.3720929063605458,Downregulated,0.3291770234685224,46/151,20.77%
Natural Killer Cell Mediated Immunity (GO:0002228),GO_Biological_Process_2025,-1.3727329610753498,Downregulated,0.3283712859268446,10/28,11.02%
Positive Regulation of Leukocyte Mediated Cytotoxicity (GO:0001912),GO_Biological_Process_2025,-1.3737954679041755,Downregulated,0.32679880315212,10/44,5.70%
Positive Regulation of Axon Extension (GO:0045773),GO_Biological_Process_2025,-1.374366960893876,Downregulated,0.326197423238235,4/18,3.25%
Pyrimidine metabolism,KEGG_2021_Human,-1.3751040752519124,Downregulated,0.3253417477288031,16/51,23.11%
Genetic Causes Of Porto Sinusoidal Vascular Disease WP5269,WikiPathways_2024_Human,-1.3759993615004225,Downregulated,0.3241286988686331,10/34,19.60%
Regulation of Mitochondrial Translation (GO:0070129),GO_Biological_Process_2025,-1.37651412856811,Downregulated,0.3236714141985314,6/22,17.96%
Negative Regulation of MAP Kinase Activity (GO:0043407),GO_Biological_Process_2025,-1.3768958753581542,Downregulated,0.3233962582504783,9/28,15.30%
Positive Regulation of DNA-binding Transcription Factor Activity (GO:0051091),GO_Biological_Process_2025,-1.3770713856759202,Downregulated,0.3235391430892012,39/154,16.67%
Positive Regulation of Interleukin-6 Production (GO:0032755),GO_Biological_Process_2025,-1.3792419786764796,Downregulated,0.3196404849139017,27/72,25.55%
G Alpha (I) Signaling Events R-HSA-418594,Reactome_2022,-1.3793773802710103,Downregulated,0.3199128638618141,60/216,21.54%
Negative Regulation of Protein Serine/Threonine Kinase Activity (GO:0071901),GO_Biological_Process_2025,-1.3794457252813868,Downregulated,0.3202870534565952,12/40,15.38%
Regulation of Protein Localization to Cell Surface (GO:2000008),GO_Biological_Process_2025,-1.3800255066042144,Downregulated,0.3196456718405495,11/31,20.37%
Hyaluronan Metabolism R-HSA-2142845,Reactome_2022,-1.3805976197726808,Downregulated,0.3190576506160433,9/15,26.96%
Negative Regulation of Insulin Receptor Signaling Pathway (GO:0046627),GO_Biological_Process_2025,-1.3810313831650711,Downregulated,0.3187203601716363,14/31,25.21%
Cell Surface Receptor Signaling Pathway via JAK-STAT (GO:0007259),GO_Biological_Process_2025,-1.3811144767851529,Downregulated,0.3190854533663456,14/43,22.04%
Non Genomic Actions Of 1 25 Dihydroxyvitamin D3 WP4341,WikiPathways_2024_Human,-1.38210376747182,Downregulated,0.3177103926519808,18/68,21.07%
Regulation of Cholesterol Storage (GO:0010885),GO_Biological_Process_2025,-1.3840384849286294,Downregulated,0.3144541007026046,8/15,24.28%
Signaling By GPCR R-HSA-372790,Reactome_2022,-1.3840816437005483,Downregulated,0.3148757214874123,132/496,21.54%
Peptidyl-Lysine Modification (GO:0018205),GO_Biological_Process_2025,-1.3842225850225645,Downregulated,0.3151154317612981,31/76,25.25%
Defense Response to Fungus (GO:0050832),GO_Biological_Process_2025,-1.3842906545693905,Downregulated,0.3154989053047916,5/26,6.10%
HATs Acetylate Histones R-HSA-3214847,Reactome_2022,-1.384655127728087,Downregulated,0.3153029976946636,25/80,24.57%
Type I diabetes mellitus,KEGG_2021_Human,-1.384773888813768,Downregulated,0.3156046608675739,20/32,34.67%
Regulation of Leukocyte Chemotaxis (GO:0002688),GO_Biological_Process_2025,-1.3852572174580595,Downregulated,0.3151325687504069,7/16,15.30%
Neutrophil Degranulation R-HSA-6798695,Reactome_2022,-1.3856561860454442,Downregulated,0.3148009152957414,104/408,16.50%
Lytic Vacuole (GO:0000323),GO_Cellular_Component_2025,-1.386668209286892,Downregulated,0.3133928768460344,76/219,24.34%
Signaling By ALK Fusions And Activated Point Mutants R-HSA-9725370,Reactome_2022,-1.3869079113504417,Downregulated,0.3134494932383561,16/53,19.62%
Potential Therapeutics For SARS R-HSA-9679191,Reactome_2022,-1.387484833619787,Downregulated,0.3128105347277718,25/95,18.11%
Piecemeal Microautophagy of the Nucleus (GO:0034727),GO_Biological_Process_2025,-1.3875375839834012,Downregulated,0.3132050447682346,7/17,10.23%
Statin Inhibition Of Cholesterol Production WP430,WikiPathways_2024_Human,-1.3875511182309637,Downregulated,0.3136949661858857,10/21,28.23%
Water-Soluble Vitamin Metabolic Process (GO:0006767),GO_Biological_Process_2025,-1.3880480184186053,Downregulated,0.3132202039628047,14/40,17.79%
FAD Binding (GO:0071949),GO_Molecular_Function_2025,-1.3885091835671428,Downregulated,0.3128186351260567,7/27,13.04%
Melanosome Organization (GO:0032438),GO_Biological_Process_2025,-1.3887984922795058,Downregulated,0.312721167641323,7/35,4.77%
GTPase Activator Activity (GO:0005096),GO_Molecular_Function_2025,-1.389816801846022,Downregulated,0.3112772931735973,54/189,18.15%
Negative Regulation of Interleukin-2 Production (GO:0032703),GO_Biological_Process_2025,-1.3908179481758731,Downregulated,0.3096645550244241,11/21,25.25%
D-mannose Binding (GO:0005537),GO_Molecular_Function_2025,-1.3909961374455566,Downregulated,0.3097950530266453,3/16,2.65%
IL1 Signaling WP195,WikiPathways_2024_Human,-1.3910047943036852,Downregulated,0.3102869902649411,15/54,17.84%
Negative Regulation of Non-Canonical NF-kappaB Signal Transduction (GO:1901223),GO_Biological_Process_2025,-1.3911423984360796,Downregulated,0.3105341928650302,12/21,33.12%
Fc gamma R-mediated phagocytosis,KEGG_2021_Human,-1.391857536478342,Downregulated,0.3096836539096351,28/92,22.82%
Splicing Factor NOVA Regulated Synaptic Proteins WP4148,WikiPathways_2024_Human,-1.3935848677863034,Downregulated,0.3068766797686964,8/35,9.69%
Regulation of Mitotic Spindle Organization (GO:0060236),GO_Biological_Process_2025,-1.3936137472379102,Downregulated,0.3073550492034776,14/35,21.65%
Fibrin Complement Receptor 3 Signaling WP4136,WikiPathways_2024_Human,-1.3942945960791853,Downregulated,0.306542930314093,12/37,21.20%
Toll Like Receptor 7/8 (TLR7/8) Cascade R-HSA-168181,Reactome_2022,-1.3951880835158927,Downregulated,0.3054075328577756,34/96,27.80%
CLEC7A (Dectin-1) Signaling R-HSA-5607764,Reactome_2022,-1.395787725310748,Downregulated,0.3048683730246894,45/97,35.06%
Basal RNA Polymerase II Transcription Machinery Binding (GO:0001099),GO_Molecular_Function_2025,-1.3958923501469802,Downregulated,0.3051596325031468,15/36,20.03%
Regulation of Bone Resorption (GO:0045124),GO_Biological_Process_2025,-1.3967846363681529,Downregulated,0.303927573290067,9/27,17.02%
Autoimmune thyroid disease,KEGG_2021_Human,-1.3969017207958487,Downregulated,0.3042162115839636,19/26,34.13%
MET Promotes Cell Motility R-HSA-8875878,Reactome_2022,-1.3982110897703746,Downregulated,0.3022793351478417,10/27,24.38%
Receptor-Mediated Endocytosis (GO:0006898),GO_Biological_Process_2025,-1.398657918884269,Downregulated,0.3019084175986787,34/128,16.35%
Toll Like Receptor 9 (TLR9) Cascade R-HSA-168138,Reactome_2022,-1.3987815618635346,Downregulated,0.3022032102753845,36/99,27.80%
MLL1 Complex (GO:0071339),GO_Cellular_Component_2025,-1.3989729344818904,Downregulated,0.3023629471179326,10/29,25.03%
Hepatocyte Growth Factor Receptor Signaling WP313,WikiPathways_2024_Human,-1.399022137727123,Downregulated,0.3027917354123448,13/33,25.32%
Regulation of Lymphocyte Differentiation (GO:0045619),GO_Biological_Process_2025,-1.399349734399475,Downregulated,0.3026147745413349,9/17,21.12%
Negative Regulation of Response to External Stimulus (GO:0032102),GO_Biological_Process_2025,-1.3996473698395435,Downregulated,0.3025372233630363,39/130,21.07%
Phosphatidylcholine Transporter Activity (GO:0008525),GO_Molecular_Function_2025,-1.3996638616687502,Downregulated,0.3030237122491248,7/18,22.29%
Peptidyl-Threonine Phosphorylation (GO:0018107),GO_Biological_Process_2025,-1.40056075170529,Downregulated,0.3018549663909858,17/35,25.03%
15Q13 3 Copy Number Variation Syndrome WP4942,WikiPathways_2024_Human,-1.4006283584097134,Downregulated,0.3022598900182923,8/19,20.91%
rRNA Modification (GO:0000154),GO_Biological_Process_2025,-1.4018611897907018,Downregulated,0.3004754438698235,10/16,30.04%
Phosphatidylinositol Monophosphate Phosphatase Activity (GO:0052744),GO_Molecular_Function_2025,-1.401900123044572,Downregulated,0.3009164428753313,7/15,25.08%
MyD88 Cascade Initiated On Plasma Membrane R-HSA-975871,Reactome_2022,-1.4019165588065532,Downregulated,0.3014187666504026,40/89,34.01%
PDGFR Beta Pathway WP3972,WikiPathways_2024_Human,-1.4019219748880831,Downregulated,0.3019228255680475,8/29,13.61%
Positive Regulation of Homotypic Cell-Cell Adhesion (GO:0034112),GO_Biological_Process_2025,-1.401929253585518,Downregulated,0.3024327673250848,7/17,18.18%
Positive Regulation of Cytokine Production Involved in Inflammatory Response (GO:1900017),GO_Biological_Process_2025,-1.401950461262674,Downregulated,0.3029113097352348,9/17,31.49%
Regucalcin In Proximal Tubule Epithelial Kidney Cells WP4838,WikiPathways_2024_Human,-1.402763451342052,Downregulated,0.3018071208486658,14/28,28.84%
Double-Strand Break Repair via Homologous Recombination (GO:0000724),GO_Biological_Process_2025,-1.4029963926953963,Downregulated,0.3018785318356172,31/109,17.72%
Adenylate Cyclase-Inhibiting G Protein-Coupled Receptor Signaling Pathway (GO:0007193),GO_Biological_Process_2025,-1.4031250100362904,Downregulated,0.3021481494084836,10/36,16.89%
K63-linked Deubiquitinase Activity (GO:0061578),GO_Molecular_Function_2025,-1.403204191523138,Downregulated,0.3025022041572937,6/16,24.93%
GPVI-mediated Activation Cascade R-HSA-114604,Reactome_2022,-1.4033017336758191,Downregulated,0.3028721342228257,10/31,16.76%
G13 Signaling WP524,WikiPathways_2024_Human,-1.4037911585999518,Downregulated,0.3024473687135169,15/38,20.59%
Prostaglandin And Leukotriene Metabolism In Senescence WP5122,WikiPathways_2024_Human,-1.4038623914537045,Downregulated,0.3028625667434155,12/29,17.67%
Endopeptidase Activator Activity (GO:0061133),GO_Molecular_Function_2025,-1.404109258235209,Downregulated,0.3029365856597456,9/22,20.38%
Positive Regulation of Cell Cycle G1/S Phase Transition (GO:1902808),GO_Biological_Process_2025,-1.4045653863708267,Downregulated,0.3026170847981714,14/42,22.67%
Regulation of Double-Strand Break Repair via Homologous Recombination (GO:0010569),GO_Biological_Process_2025,-1.4047850941516669,Downregulated,0.3026761654150662,28/74,24.37%
Calcineurin-Mediated Signaling (GO:0097720),GO_Biological_Process_2025,-1.4056440663324323,Downregulated,0.301499221979284,4/15,7.62%
Cellular Response to Reactive Oxygen Species (GO:0034614),GO_Biological_Process_2025,-1.4065358501002856,Downregulated,0.3003032936611322,21/62,23.50%
IL2 Signaling WP49,WikiPathways_2024_Human,-1.4068386439154372,Downregulated,0.3002228604908667,11/36,13.61%
RHO GTPases Activate NADPH Oxidases R-HSA-5668599,Reactome_2022,-1.406842080157651,Downregulated,0.3007539915367355,7/22,14.56%
Regulation of Necroptotic Process (GO:0060544),GO_Biological_Process_2025,-1.406856617868373,Downregulated,0.3012721149143204,11/20,28.89%
Regulation of Telomere Maintenance via Telomerase (GO:0032210),GO_Biological_Process_2025,-1.407398454703991,Downregulated,0.3006983423056527,17/43,26.91%
Positive Regulation of Endocytosis (GO:0045807),GO_Biological_Process_2025,-1.407961194269509,Downregulated,0.3001801887323151,19/76,11.75%
Vitamin B5 (Pantothenate) Metabolism R-HSA-199220,Reactome_2022,-1.4095943390334948,Downregulated,0.2975247796839086,6/16,10.82%
Association Of TriC/CCT With Target Proteins During Biosynthesis R-HSA-390471,Reactome_2022,-1.4096354658901962,Downregulated,0.2979808116546629,8/37,14.10%
Factors Involved In Megakaryocyte Development And Platelet Production R-HSA-983231,Reactome_2022,-1.40966874445481,Downregulated,0.2984663968132256,29/109,22.25%
Positive Regulation of Intracellular Transport (GO:0032388),GO_Biological_Process_2025,-1.410025846464366,Downregulated,0.2983578390736359,21/47,23.69%
NuA4 Histone Acetyltransferase Complex (GO:0035267),GO_Cellular_Component_2025,-1.4106449008068065,Downregulated,0.2977575268556709,9/22,20.12%
H4/H2A Histone Acetyltransferase Complex (GO:0043189),GO_Cellular_Component_2025,-1.4106449008068065,Downregulated,0.2977575268556709,9/22,20.12%
JAK-STAT signaling pathway,KEGG_2021_Human,-1.4110697391698546,Downregulated,0.2980536020311039,46/128,25.92%
Clathrin-Dependent Endocytosis (GO:0072583),GO_Biological_Process_2025,-1.4114243449877568,Downregulated,0.2979045071615468,12/30,20.48%
Signal Transduction By L1 R-HSA-445144,Reactome_2022,-1.411614523093581,Downregulated,0.298086995423158,3/19,2.66%
Ubiquitin-Like Protein Peptidase Activity (GO:0019783),GO_Molecular_Function_2025,-1.4117802701430804,Downregulated,0.2983201652390573,17/31,34.13%
SH2 Domain Binding (GO:0042169),GO_Molecular_Function_2025,-1.411865831108882,Downregulated,0.2986783678320723,11/29,25.40%
Phospholipase Binding (GO:0043274),GO_Molecular_Function_2025,-1.4119012450867083,Downregulated,0.2991448266419794,9/16,16.76%
Negative Regulation of DNA Recombination (GO:0045910),GO_Biological_Process_2025,-1.412716953506114,Downregulated,0.2981064091250653,12/33,19.33%
Postreplication Repair (GO:0006301),GO_Biological_Process_2025,-1.4144672750876486,Downregulated,0.2954036935524174,10/21,28.11%
ERK/MAPK Targets R-HSA-198753,Reactome_2022,-1.4145191664717038,Downregulated,0.2958381810604571,5/20,11.38%
Cilium Movement Involved in Cell Motility (GO:0060294),GO_Biological_Process_2025,-1.4148303109965152,Downregulated,0.2958521194784233,10/19,25.19%
Regulation Of Actin Dynamics For Phagocytic Cup Formation R-HSA-2029482,Reactome_2022,-1.4148740258817412,Downregulated,0.2963242767978997,19/56,22.12%
Inflammatory Response (GO:0006954),GO_Biological_Process_2025,-1.415382589221508,Downregulated,0.2958978049561303,67/212,21.39%
Regulation Of TNFR1 Signaling R-HSA-5357905,Reactome_2022,-1.415925434737919,Downregulated,0.2954697565086612,17/35,29.47%
Negative Regulation of Defense Response (GO:0031348),GO_Biological_Process_2025,-1.4159733931238072,Downregulated,0.2959438288447832,34/109,21.07%
Signaling By Erythropoietin R-HSA-9006335,Reactome_2022,-1.4163254170842885,Downregulated,0.2958648913998007,9/23,21.18%
Arachidonic Acid Metabolism R-HSA-2142753,Reactome_2022,-1.416435948239434,Downregulated,0.2961858365294001,18/46,22.87%
Protein Autophosphorylation (GO:0046777),GO_Biological_Process_2025,-1.4166435803232795,Downregulated,0.2963297897724432,39/131,18.46%
Ulcerative Colitis Signaling WP5174,WikiPathways_2024_Human,-1.4168954192192194,Downregulated,0.2963805573372819,10/16,35.89%
Toll-Like Receptor Signaling Pathway (GO:0002224),GO_Biological_Process_2025,-1.4171389158432808,Downregulated,0.2964449286874109,8/32,17.84%
Phospholipid Catabolic Process (GO:0009395),GO_Biological_Process_2025,-1.418438043655079,Downregulated,0.2944690347646759,8/25,13.05%
Ribosome Biogenesis (GO:0042254),GO_Biological_Process_2025,-1.4187381940311352,Downregulated,0.2945345494233622,57/142,32.21%
Cellular Response to Glucose Stimulus (GO:0071333),GO_Biological_Process_2025,-1.418945825498943,Downregulated,0.2947172206158614,9/34,12.76%
Cellular Response to Oxygen-Containing Compound (GO:1901701),GO_Biological_Process_2025,-1.418967722158856,Downregulated,0.2952271934732641,97/325,22.58%
Cell Surface Interactions At Vascular Wall R-HSA-202733,Reactome_2022,-1.4192894056577925,Downregulated,0.29510494179738,29/110,17.02%
Heterochromatin Formation (GO:0031507),GO_Biological_Process_2025,-1.4193034064903336,Downregulated,0.295633402818419,19/57,17.67%
Cellular Response to Mechanical Stimulus (GO:0071260),GO_Biological_Process_2025,-1.419584560785275,Downregulated,0.295595273732806,17/49,18.10%
Negative Regulation of Cytokine Production Involved in Immune Response (GO:0002719),GO_Biological_Process_2025,-1.4196546682575246,Downregulated,0.2960358865324171,4/15,5.83%
Cell Interactions Of The Pancreatic Cancer Microenvironment WP5284,WikiPathways_2024_Human,-1.419806473090698,Downregulated,0.2963030828629396,7/24,7.51%
Viral myocarditis,KEGG_2021_Human,-1.4198086842251023,Downregulated,0.296860634935059,30/50,34.13%
Endocytic Recycling (GO:0032456),GO_Biological_Process_2025,-1.4201233450912871,Downregulated,0.2967355354883218,17/64,16.03%
Cell Chemotaxis (GO:0060326),GO_Biological_Process_2025,-1.420370033490001,Downregulated,0.2968089234337716,20/63,18.20%
RNA Export From Nucleus (GO:0006405),GO_Biological_Process_2025,-1.421042237965004,Downregulated,0.2959843856369316,21/61,22.16%
Regulation of Type I Interferon Production (GO:0032479),GO_Biological_Process_2025,-1.4214366627086978,Downregulated,0.2957581670744389,33/64,34.58%
Metalloprotease DUBs R-HSA-5689901,Reactome_2022,-1.421576571305208,Downregulated,0.2960716153476412,9/22,25.57%
Negative Regulation of Signaling (GO:0023057),GO_Biological_Process_2025,-1.4223714800992784,Downregulated,0.2951095292338813,11/24,21.40%
Nuclear-Transcribed mRNA poly(A) Tail Shortening (GO:0000289),GO_Biological_Process_2025,-1.4227743184380826,Downregulated,0.2949103291068659,8/16,30.78%
Nuclear Pore Complex (NPC) Disassembly R-HSA-3301854,Reactome_2022,-1.4232734193014975,Downregulated,0.2945391590696115,4/33,2.77%
"Protein Localization to Chromosome, Centromeric Region (GO:0071459)",GO_Biological_Process_2025,-1.423753981763345,Downregulated,0.2942963577014724,7/17,20.14%
Regulation of Phagocytosis (GO:0050764),GO_Biological_Process_2025,-1.4242940698910709,Downregulated,0.2937832047292958,23/58,25.22%
Regulation of Interleukin-6 Production (GO:0032675),GO_Biological_Process_2025,-1.4245378424818405,Downregulated,0.2939452141288702,33/104,20.72%
Acetylation-Dependent Protein Binding (GO:0140033),GO_Molecular_Function_2025,-1.4251589969774778,Downregulated,0.2933594297736147,7/21,10.63%
NLRP3 Inflammasome R-HSA-844456,Reactome_2022,-1.4251649417442382,Downregulated,0.2939230530218698,5/16,15.88%
Purine metabolism,KEGG_2021_Human,-1.4255323716529409,Downregulated,0.2938171103369335,34/115,23.68%
protein-RNA Complex Assembly (GO:0022618),GO_Biological_Process_2025,-1.425957154154946,Downregulated,0.2935020242133487,52/132,28.87%
GTPase Binding (GO:0051020),GO_Molecular_Function_2025,-1.4260297844765204,Downregulated,0.2939259077415896,82/220,27.33%
Effects Of PIP2 Hydrolysis R-HSA-114508,Reactome_2022,-1.426608443689663,Downregulated,0.2933413832619968,14/26,22.76%
Regulation of Regulatory T Cell Differentiation (GO:0045589),GO_Biological_Process_2025,-1.427562156439026,Downregulated,0.2920798402308266,5/19,8.36%
Cell Surface Receptor Protein Serine/Threonine Kinase Signaling Pathway (GO:0007178),GO_Biological_Process_2025,-1.4278743487181,Downregulated,0.2920732150698454,8/23,18.51%
Signaling Receptor Ligand Precursor Processing (GO:0140448),GO_Biological_Process_2025,-1.4287584595472018,Downregulated,0.290924957010457,7/15,23.14%
"Nucleotide-Binding Domain, Leucine Rich Repeat Containing Receptor Signaling Pathway (GO:0035872)",GO_Biological_Process_2025,-1.428991424031959,Downregulated,0.2910773902220882,9/15,35.06%
mRNA Export From Nucleus (GO:0006406),GO_Biological_Process_2025,-1.4297669728262938,Downregulated,0.2902364690196471,21/54,22.16%
Ameboidal-Type Cell Migration (GO:0001667),GO_Biological_Process_2025,-1.429893128400902,Downregulated,0.2905477744426423,8/19,26.54%
Intracellular Receptor Signaling Pathway (GO:0030522),GO_Biological_Process_2025,-1.430100708342336,Downregulated,0.2907027549571355,16/34,30.88%
O-glycan Processing (GO:0016266),GO_Biological_Process_2025,-1.4314492729672854,Downregulated,0.2887699968035405,17/34,25.31%
2-Oxoglutarate-Dependent Dioxygenase Activity (GO:0016706),GO_Molecular_Function_2025,-1.431917693214678,Downregulated,0.2884450413094295,12/39,16.77%
Icosanoid Metabolic Process (GO:0006690),GO_Biological_Process_2025,-1.4328707211498068,Downregulated,0.2872469381124701,15/40,17.16%
Other types of O-glycan biosynthesis,KEGG_2021_Human,-1.433859691903737,Downregulated,0.2859309032359709,19/40,27.52%
Carboxylic Acid Metabolic Process (GO:0019752),GO_Biological_Process_2025,-1.4346816431575014,Downregulated,0.284896524909049,7/30,11.58%
C-type Lectin Receptors (CLRs) R-HSA-5621481,Reactome_2022,-1.4352363664137722,Downregulated,0.2844789632118261,28/124,16.76%
SUMOylation Of Transcription Cofactors R-HSA-3899300,Reactome_2022,-1.435518750259144,Downregulated,0.2845197423917046,13/39,20.77%
K48-linked Deubiquitinase Activity (GO:1990380),GO_Molecular_Function_2025,-1.4356939424980646,Downregulated,0.2847790386270948,6/15,21.65%
FLT3 Signaling In Disease R-HSA-9682385,Reactome_2022,-1.4359150460551096,Downregulated,0.2849786124047657,8/26,12.39%
Heme Degradation R-HSA-189483,Reactome_2022,-1.436438665907316,Downregulated,0.2844847358209935,7/15,19.79%
Toll Like Receptor Signaling Related To MyD88 WP3858,WikiPathways_2024_Human,-1.4369485706261185,Downregulated,0.2840816007681784,9/30,21.20%
Response to Hydrogen Peroxide (GO:0042542),GO_Biological_Process_2025,-1.436951174841632,Downregulated,0.2846600987622508,16/37,27.10%
Cytoplasmic Vesicle Lumen (GO:0060205),GO_Cellular_Component_2025,-1.4372262348729905,Downregulated,0.284777731102578,40/101,27.24%
Ribonucleoprotein Complex Biogenesis (GO:0022613),GO_Biological_Process_2025,-1.4372774362102985,Downregulated,0.2852544254306388,51/103,36.61%
Viral carcinogenesis,KEGG_2021_Human,-1.437952317361506,Downregulated,0.2844557843751865,53/164,24.94%
Mitochondrial Calcium Ion Homeostasis (GO:0051560),GO_Biological_Process_2025,-1.4386782114999592,Downregulated,0.2836711129889225,7/18,13.13%
rRNA Transcription (GO:0009303),GO_Biological_Process_2025,-1.4396742757805332,Downregulated,0.2824260191829864,9/16,25.39%
Regulation of Lymphocyte Proliferation (GO:0050670),GO_Biological_Process_2025,-1.4397310794502018,Downregulated,0.2828918868831498,7/18,19.01%
Regulation of Interleukin-1 Beta Production (GO:0032651),GO_Biological_Process_2025,-1.4397773169518575,Downregulated,0.283389465611117,24/66,20.38%
Vesicle Membrane (GO:0012506),GO_Cellular_Component_2025,-1.4404599791289348,Downregulated,0.2827353047633746,14/72,6.58%
Intrinsic Apoptotic Signaling Pathway in Response to DNA Damage (GO:0008630),GO_Biological_Process_2025,-1.4408997980081348,Downregulated,0.2824746202975444,18/50,21.46%
Metabolism Of Water-Soluble Vitamins And Cofactors R-HSA-196849,Reactome_2022,-1.4416243527875765,Downregulated,0.2816485165715529,46/109,27.37%
Spinocerebellar ataxia,KEGG_2021_Human,-1.442513604453391,Downregulated,0.280621277575425,32/133,15.67%
G-protein Mediated Events R-HSA-112040,Reactome_2022,-1.442780854422674,Downregulated,0.2807105879022428,12/49,15.53%
Establishment of Protein Localization to Vacuole (GO:0072666),GO_Biological_Process_2025,-1.443434055360713,Downregulated,0.2800765938186185,5/21,7.93%
Peptidyl-Serine Modification (GO:0018209),GO_Biological_Process_2025,-1.444054728325312,Downregulated,0.2795230264862267,26/71,21.24%
MAPK Targets/ Nuclear Events Mediated By MAP Kinases R-HSA-450282,Reactome_2022,-1.444308390977567,Downregulated,0.27962572535712,9/28,15.53%
Pore Complex Assembly (GO:0046931),GO_Biological_Process_2025,-1.4443677560464478,Downregulated,0.2801081655551894,9/19,19.93%
MAP Kinase Activation R-HSA-450294,Reactome_2022,-1.4456130248141732,Downregulated,0.2784006782927867,23/60,27.70%
miRNA Role In Immune Response In Sepsis WP4329,WikiPathways_2024_Human,-1.4467984751478276,Downregulated,0.2767697424539038,11/35,17.84%
FCERI Mediated MAPK Activation R-HSA-2871796,Reactome_2022,-1.4490402251145895,Downregulated,0.2731163416113103,9/28,15.30%
Platelet Aggregation (GO:0070527),GO_Biological_Process_2025,-1.4492018175977222,Downregulated,0.2733926455379655,14/31,17.15%
Negative Regulation of Telomere Maintenance (GO:0032205),GO_Biological_Process_2025,-1.450200985510827,Downregulated,0.2722619229891375,9/17,25.14%
CD28 Dependent PI3K/Akt Signaling R-HSA-389357,Reactome_2022,-1.4504578409838986,Downregulated,0.2723557352474668,10/22,20.62%
Ficolin-1-Rich Granule (GO:0101002),GO_Cellular_Component_2025,-1.4506935372451124,Downregulated,0.2725243844003293,68/161,28.28%
Regulation of Glycolytic Process (GO:0006110),GO_Biological_Process_2025,-1.4507348493506251,Downregulated,0.2730435806606837,17/40,27.32%
mRNA Metabolic Process (GO:0016071),GO_Biological_Process_2025,-1.4507584278526289,Downregulated,0.2735959479825074,40/97,32.04%
RNA degradation,KEGG_2021_Human,-1.450956749035785,Downregulated,0.273843285101956,23/70,26.23%
Measles,KEGG_2021_Human,-1.4519413128806526,Downregulated,0.272603063164819,35/119,21.30%
CDC42 GTPase Cycle R-HSA-9013148,Reactome_2022,-1.4521315021499597,Downregulated,0.2728285632692723,31/145,12.26%
ATM Signaling In Development And Disease WP3878,WikiPathways_2024_Human,-1.4522792627982897,Downregulated,0.273133049135055,10/47,8.56%
Cellular Response to Chemokine (GO:1990869),GO_Biological_Process_2025,-1.4525986162991282,Downregulated,0.2731444015441682,9/38,5.49%
Leukocyte Tethering or Rolling (GO:0050901),GO_Biological_Process_2025,-1.453189656170146,Downregulated,0.2727588506595526,9/17,29.28%
RAC1 GTPase Cycle R-HSA-9013149,Reactome_2022,-1.4554007470012866,Downregulated,0.2692911132901788,43/173,17.03%
Regulation of JUN Kinase Activity (GO:0043506),GO_Biological_Process_2025,-1.4567389132599282,Downregulated,0.2674947466159406,8/33,9.14%
RHOG GTPase Cycle R-HSA-9013408,Reactome_2022,-1.456822173919862,Downregulated,0.2679433233594091,16/72,11.56%
post-Golgi Vesicle-Mediated Transport (GO:0006892),GO_Biological_Process_2025,-1.4574915017800427,Downregulated,0.267345328847636,9/58,8.23%
PD-L1 expression and PD-1 checkpoint pathway in cancer,KEGG_2021_Human,-1.4587568329974028,Downregulated,0.2657307971414794,30/85,26.88%
Leukotriene Biosynthetic Process (GO:0019370),GO_Biological_Process_2025,-1.4588907579633117,Downregulated,0.2660540772973786,10/15,22.08%
B Cell Proliferation (GO:0042100),GO_Biological_Process_2025,-1.4595491613161822,Downregulated,0.2654797407687621,6/15,17.93%
GPCR Downstream Signaling R-HSA-388396,Reactome_2022,-1.460656782925595,Downregulated,0.2640044614036593,124/444,21.54%
Ovarian Tumor Domain Proteases R-HSA-5689896,Reactome_2022,-1.4628987193199086,Downregulated,0.2607697782624943,13/35,22.58%
Lung Pathology Of COVID 19 WP5146,WikiPathways_2024_Human,-1.4636862746459267,Downregulated,0.2600703375888833,7/19,20.72%
Signaling By KIT In Disease R-HSA-9669938,Reactome_2022,-1.4646670840604197,Downregulated,0.2589182333775515,7/19,15.30%
Non Small Cell Lung Cancer WP4255,WikiPathways_2024_Human,-1.4648059582327215,Downregulated,0.2592654511541664,21/70,19.34%
Protein K48-linked Deubiquitination (GO:0071108),GO_Biological_Process_2025,-1.466776581224159,Downregulated,0.2564829145348017,11/19,33.47%
Negative Regulation of Endopeptidase Activity (GO:0010951),GO_Biological_Process_2025,-1.4672311340201374,Downregulated,0.2562308644473596,5/17,9.05%
Positive Regulation of Antigen Receptor-Mediated Signaling Pathway (GO:0050857),GO_Biological_Process_2025,-1.4673122697189624,Downregulated,0.2566661658832729,9/17,22.17%
TNF Receptor Superfamily (TNFSF) Members Mediating Non-Canonical NF-kB Pathway R-HSA-5676594,Reactome_2022,-1.4677381385598636,Downregulated,0.2565595175179532,8/15,27.38%
G Alpha (Q) Signaling Events R-HSA-416476,Reactome_2022,-1.4679310844165796,Downregulated,0.2568131085289308,55/161,23.66%
ABC transporters,KEGG_2021_Human,-1.4680329576213913,Downregulated,0.2571575583513283,12/37,15.06%
Glioblastoma Signaling WP2261,WikiPathways_2024_Human,-1.4681730737118284,Downregulated,0.2575008528616029,23/80,21.30%
Kinase Activator Activity (GO:0019209),GO_Molecular_Function_2025,-1.4694201881895184,Downregulated,0.2558768225026847,16/37,24.92%
Potassium Ion Transmembrane Transporter Activity (GO:0015079),GO_Molecular_Function_2025,-1.470081869417307,Downregulated,0.2552881675540961,13/29,25.81%
Lymphocyte Differentiation (GO:0030098),GO_Biological_Process_2025,-1.4705542946716232,Downregulated,0.2550561855147898,17/70,12.22%
Integrated Cancer Pathway WP1971,WikiPathways_2024_Human,-1.471099858194902,Downregulated,0.2547928911480978,10/42,11.25%
Positive Regulation of DNA Metabolic Process (GO:0051054),GO_Biological_Process_2025,-1.4719653039859826,Downregulated,0.2537732535431038,34/106,21.92%
Alpha-Amino Acid Metabolic Process (GO:1901605),GO_Biological_Process_2025,-1.4723160229294554,Downregulated,0.253690855137075,9/25,15.12%
Adenylyltransferase Activity (GO:0070566),GO_Molecular_Function_2025,-1.4727157421250043,Downregulated,0.2536385310401253,12/24,22.21%
NR1H2 And NR1H3-mediated Signaling R-HSA-9024446,Reactome_2022,-1.4730562415313633,Downregulated,0.253633141375057,16/42,20.45%
Hepatitis B Infection WP4666,WikiPathways_2024_Human,-1.4748063424793325,Downregulated,0.2512439080640928,40/133,22.04%
Antiviral Mechanism By IFN-stimulated Genes R-HSA-1169410,Reactome_2022,-1.474815758660877,Downregulated,0.2518072536462142,30/75,31.22%
Negative Regulation of Type I Interferon-Mediated Signaling Pathway (GO:0060339),GO_Biological_Process_2025,-1.4751255437652848,Downregulated,0.2519009471009605,7/19,20.79%
Prolactin Signaling WP2037,WikiPathways_2024_Human,-1.475931569503934,Downregulated,0.2510791105366953,18/73,13.61%
Positive Regulation of T Cell Migration (GO:2000406),GO_Biological_Process_2025,-1.4761766147277795,Downregulated,0.2512866504518565,9/23,13.77%
NR1H3 And NR1H2 Regulate Gene Expression Linked To Cholesterol Transport And Efflux R-HSA-9029569,Reactome_2022,-1.4761965077664627,Downregulated,0.2518469557509568,16/33,24.67%
Extrafollicular And Follicular B Cell Activation By SARS CoV 2 WP5218,WikiPathways_2024_Human,-1.4768685534003838,Downregulated,0.2512702412793755,22/67,17.93%
TCR Signaling R-HSA-202403,Reactome_2022,-1.477753081435438,Downregulated,0.2503514860774084,54/106,35.06%
B Cell Differentiation (GO:0030183),GO_Biological_Process_2025,-1.4779438573383643,Downregulated,0.2506216239353891,13/48,12.22%
Secretory Granule Membrane (GO:0030667),GO_Cellular_Component_2025,-1.4782370622261547,Downregulated,0.2506970127214226,61/245,15.83%
Protein Serine/Threonine Kinase Activity (GO:0004674),GO_Molecular_Function_2025,-1.4784478383488249,Downregulated,0.2509236946167651,105/342,21.51%
PLC Beta Mediated Events R-HSA-112043,Reactome_2022,-1.4794586874711284,Downregulated,0.2497212988241572,12/44,15.53%
Cardiac Hypertrophic Response WP2795,WikiPathways_2024_Human,-1.4804482125283691,Downregulated,0.2486304689567922,17/52,20.28%
Platelet Calcium Homeostasis R-HSA-418360,Reactome_2022,-1.4817155556392996,Downregulated,0.2470123764441436,10/24,20.59%
Joubert Syndrome WP4656,WikiPathways_2024_Human,-1.4823718095630292,Downregulated,0.2465998374852049,22/71,19.33%
mRNA 3'-End Processing (GO:0031124),GO_Biological_Process_2025,-1.4834862467411256,Downregulated,0.2452082701818175,11/27,22.67%
Regulation of Interleukin-12 Production (GO:0032655),GO_Biological_Process_2025,-1.4842599115845587,Downregulated,0.2443213485798987,9/45,8.36%
Kynurenine Pathway And Links To Cell Senescence WP5044,WikiPathways_2024_Human,-1.4842624044512422,Downregulated,0.2449042374505516,7/21,21.05%
Sphingolipid Metabolism In Senescence WP5121,WikiPathways_2024_Human,-1.4846475697145796,Downregulated,0.2448570777153543,12/28,27.20%
Telomeric DNA Binding (GO:0042162),GO_Molecular_Function_2025,-1.4855273949101184,Downregulated,0.2439337260065263,18/34,32.13%
Positive Regulation of Osteoclast Differentiation (GO:0045672),GO_Biological_Process_2025,-1.4866965091879796,Downregulated,0.2424895129356677,6/19,20.07%
Protein Phosphorylation (GO:0006468),GO_Biological_Process_2025,-1.4869836482585252,Downregulated,0.2426203408319737,113/357,21.51%
Regulation of Canonical NF-kappaB Signal Transduction (GO:0043122),GO_Biological_Process_2025,-1.4874739300766784,Downregulated,0.2424557211975218,68/249,22.17%
Histone H4 Acetyltransferase Activity (GO:0010485),GO_Molecular_Function_2025,-1.4874895210961367,Downregulated,0.2430220477442786,9/18,24.60%
Intestinal immune network for IgA production,KEGG_2021_Human,-1.4882910242070306,Downregulated,0.2423361621310794,18/36,25.18%
Regulation of Myeloid Cell Differentiation (GO:0045637),GO_Biological_Process_2025,-1.489722588559038,Downregulated,0.2404360413213516,12/23,29.54%
Male Gonad Development (GO:0008584),GO_Biological_Process_2025,-1.4900340744100868,Downregulated,0.2405337995424092,9/31,12.18%
Regulation of Interleukin-4 Production (GO:0032673),GO_Biological_Process_2025,-1.4904955186705084,Downregulated,0.2403204087347655,5/19,8.36%
Sterol Transfer Activity (GO:0120015),GO_Molecular_Function_2025,-1.4909616348996453,Downregulated,0.2401535615217803,6/23,10.36%
Development of Primary Male Sexual Characteristics (GO:0046546),GO_Biological_Process_2025,-1.491660851768173,Downregulated,0.2395682975313111,9/31,12.18%
Phosphatidylinositol Metabolic Process (GO:0046488),GO_Biological_Process_2025,-1.4921365457983915,Downregulated,0.2393269709042473,26/66,26.28%
mRNA Processing (GO:0006397),GO_Biological_Process_2025,-1.4932538500529795,Downregulated,0.2382031112865099,53/207,17.54%
DNA Damage/Telomere Stress Induced Senescence R-HSA-2559586,Reactome_2022,-1.4956387169159828,Downregulated,0.2349218592249817,9/39,8.55%
Antigen Activates B Cell Receptor Leading To Second Messenger Generation R-HSA-983695,Reactome_2022,-1.496222314984865,Downregulated,0.2345344418887881,15/31,21.18%
Histone H3 Methyltransferase Activity (GO:0140938),GO_Molecular_Function_2025,-1.496359106684164,Downregulated,0.2348941291452249,12/35,14.88%
Phosphoric Diester Hydrolase Activity (GO:0008081),GO_Molecular_Function_2025,-1.4964877426697467,Downregulated,0.2352586656578128,12/42,13.69%
Regulation of NLRP3 Inflammasome Complex Assembly (GO:1900225),GO_Biological_Process_2025,-1.496631806228064,Downregulated,0.2355977309471124,11/34,17.10%
Chromosome Condensation (GO:0030261),GO_Biological_Process_2025,-1.4967722929310232,Downregulated,0.2360206953091368,6/23,12.59%
Negative Regulation of Cell Communication (GO:0010648),GO_Biological_Process_2025,-1.4976284255656616,Downregulated,0.2351429429798899,9/18,20.38%
Cysteine-Type Peptidase Activity (GO:0008234),GO_Molecular_Function_2025,-1.4993785614244888,Downregulated,0.2328076604809117,47/113,29.47%
Fc Epsilon Receptor (FCERI) Signaling R-HSA-2454202,Reactome_2022,-1.4997496507330337,Downregulated,0.2328157629949241,63/127,35.41%
Positive Regulation of Mitotic Sister Chromatid Separation (GO:1901970),GO_Biological_Process_2025,-1.4999423791496995,Downregulated,0.2330821870128827,7/15,21.58%
Phosphoric Ester Hydrolase Activity (GO:0042578),GO_Molecular_Function_2025,-1.501034031433412,Downregulated,0.2319905203942408,14/48,15.60%
Measles Virus Infection WP4630,WikiPathways_2024_Human,-1.5011738640721302,Downregulated,0.2323489083797388,36/118,21.30%
U2-type Precatalytic Spliceosome (GO:0071005),GO_Cellular_Component_2025,-1.5012912472290092,Downregulated,0.2327618304696557,14/45,17.54%
Precatalytic Spliceosome (GO:0071011),GO_Cellular_Component_2025,-1.5012912472290092,Downregulated,0.2327618304696557,14/45,17.54%
Maturation of 5.8S rRNA Frm Tricistronic rRNA Trnscpt (GO:0000466),GO_Biological_Process_2025,-1.5015498132364586,Downregulated,0.2335816673731161,12/19,39.17%
Exopeptidase Activity (GO:0008238),GO_Molecular_Function_2025,-1.50204452644144,Downregulated,0.2333858255907441,11/47,9.49%
Positive Regulation of Chromosome Organization (GO:2001252),GO_Biological_Process_2025,-1.5027454389415538,Downregulated,0.2328507992440428,14/47,13.07%
Positive Regulation of NF-kappaB Transcription Factor Activity (GO:0051092),GO_Biological_Process_2025,-1.5030815678477996,Downregulated,0.2329533860399233,39/94,27.59%
SARS-CoV-2-host Interactions R-HSA-9705683,Reactome_2022,-1.5044688879432544,Downregulated,0.2312844233495178,68/162,30.88%
Heme Signaling R-HSA-9707616,Reactome_2022,-1.5045197400102177,Downregulated,0.2317715928438351,14/43,17.67%
Negative Regulation of Type I Interferon Production (GO:0032480),GO_Biological_Process_2025,-1.5051909719130592,Downregulated,0.2313215615020777,20/39,28.47%
Prostaglandin And Leukotriene Metabolism In Senescence WP5321,WikiPathways_2024_Human,-1.5057047629103957,Downregulated,0.230980184790699,14/32,17.67%
Regulation of RIG-I Signaling Pathway (GO:0039535),GO_Biological_Process_2025,-1.506690063250065,Downregulated,0.2299212518866565,11/18,31.70%
Cholesterol Transfer Activity (GO:0120020),GO_Molecular_Function_2025,-1.5071553099045891,Downregulated,0.229781641162746,5/16,10.36%
Regulation of Transcription by RNA Polymerase III (GO:0006359),GO_Biological_Process_2025,-1.507399093913788,Downregulated,0.2300058649002305,9/25,15.54%
Fatty Acid Derivative Biosynthetic Process (GO:1901570),GO_Biological_Process_2025,-1.508539953599232,Downregulated,0.2287498171026917,11/23,22.08%
Cellular Senescence R-HSA-2559583,Reactome_2022,-1.5085523633172355,Downregulated,0.2293454443260847,30/133,15.21%
MLL1/2 Complex (GO:0044665),GO_Cellular_Component_2025,-1.5085713719227736,Downregulated,0.2299313867186954,8/30,14.95%
Toll-like Receptor Cascades R-HSA-168898,Reactome_2022,-1.5103584783179418,Downregulated,0.2276531330204349,46/148,22.31%
Positive Regulation of Interleukin-17 Production (GO:0032740),GO_Biological_Process_2025,-1.5104394663426102,Downregulated,0.2281728367684509,6/23,14.71%
Telomere Maintenance (GO:0000723),GO_Biological_Process_2025,-1.5106109376155543,Downregulated,0.2285101023438889,19/68,17.72%
Homotypic Cell-Cell Adhesion (GO:0034109),GO_Biological_Process_2025,-1.5111564016384236,Downregulated,0.2282625718188795,17/37,17.41%
Mitochondrial RNA Metabolic Process (GO:0000959),GO_Biological_Process_2025,-1.5115301783396295,Downregulated,0.2283372189549582,7/22,19.26%
Cytosolic Transport (GO:0016482),GO_Biological_Process_2025,-1.5118294846629496,Downregulated,0.2284647060936128,34/88,27.62%
FGFR1 Mutant Receptor Activation R-HSA-1839124,Reactome_2022,-1.5123455770187908,Downregulated,0.228270871723849,7/26,11.48%
Regulation of Mitotic Spindle Assembly (GO:1901673),GO_Biological_Process_2025,-1.5142623586579629,Downregulated,0.2257892457687844,7/19,14.41%
Small GTPase Binding (GO:0031267),GO_Molecular_Function_2025,-1.5143575666958642,Downregulated,0.2262213355729204,76/194,27.33%
Pyroptosis R-HSA-5620971,Reactome_2022,-1.515443715316426,Downregulated,0.2250820275596101,11/21,31.10%
DNA-templated Transcription Elongation (GO:0006354),GO_Biological_Process_2025,-1.5159430473611817,Downregulated,0.2249397696777776,19/28,32.33%
Protein Acetylation (GO:0006473),GO_Biological_Process_2025,-1.516412074856455,Downregulated,0.224846694830033,11/25,23.20%
Ribosome biogenesis in eukaryotes,KEGG_2021_Human,-1.518046251258732,Downregulated,0.2227752219476188,17/71,13.61%
Interactions Immune Cells And miRNAs In Tumor Microenvironment WP4559,WikiPathways_2024_Human,-1.519092446557705,Downregulated,0.2216704518689198,7/27,8.13%
Phosphorylation (GO:0016310),GO_Biological_Process_2025,-1.5191245890766452,Downregulated,0.2222528043179869,86/285,19.08%
Hematopoietic SC Gene Regulation By GABP Alpha Beta Complex WP3657,WikiPathways_2024_Human,-1.5199874559920454,Downregulated,0.2216558329356985,5/19,10.63%
Recombinational Repair (GO:0000725),GO_Biological_Process_2025,-1.5205399095591157,Downregulated,0.2213393048224565,29/96,17.72%
TNF Alpha Signaling WP231,WikiPathways_2024_Human,-1.521629146931568,Downregulated,0.2202145600154099,37/89,27.80%
Cornified Envelope (GO:0001533),GO_Cellular_Component_2025,-1.5235232542973034,Downregulated,0.2178465674347517,9/18,20.08%
GTPase Regulator Activity (GO:0030695),GO_Molecular_Function_2025,-1.5243842159180976,Downregulated,0.2169917047730191,134/389,24.60%
Peptidyl-Threonine Modification (GO:0018210),GO_Biological_Process_2025,-1.5248784577841088,Downregulated,0.2168769451913668,21/41,25.03%
Positive Regulation of Purine Nucleotide Catabolic Process (GO:0033123),GO_Biological_Process_2025,-1.525331135354282,Downregulated,0.2167169747763876,10/17,27.32%
Positive Regulation of Glycolytic Process (GO:0045821),GO_Biological_Process_2025,-1.525331135354282,Downregulated,0.2167169747763876,10/17,27.32%
Tuberculosis,KEGG_2021_Human,-1.5270365473239955,Downregulated,0.2152636777239971,50/152,25.55%
Regulation of Multicellular Organismal Development (GO:2000026),GO_Biological_Process_2025,-1.5309427480027835,Downregulated,0.2098743067969599,17/57,18.00%
"Cobalamin (Cbl, Vitamin B12) Transport And Metabolism R-HSA-196741",Reactome_2022,-1.534102377145416,Downregulated,0.2055700360288778,7/15,24.48%
Regulation of Cytokine-Mediated Signaling Pathway (GO:0001959),GO_Biological_Process_2025,-1.5345468114463607,Downregulated,0.2055452436384144,17/39,28.03%
Adaptive Imm Resp Based on Som Recomb of Imm Rcptrs Built Frm IgSF Domains (GO:0002460),GO_Biological_Process_2025,-1.536132182969512,Downregulated,0.2037767474049301,3/20,2.92%
Lipid Kinase Activity (GO:0001727),GO_Molecular_Function_2025,-1.5361442802548997,Downregulated,0.2043620939031894,17/20,38.82%
Transcriptional Regulation By VENTX R-HSA-8853884,Reactome_2022,-1.5371382917792795,Downregulated,0.2034636634697606,10/36,15.21%
Cilium-Dependent Cell Motility (GO:0060285),GO_Biological_Process_2025,-1.5374222062975909,Downregulated,0.2036540110877804,12/26,21.74%
Immune Response-Activating Cell Surface Receptor Signaling Pathway (GO:0002429),GO_Biological_Process_2025,-1.5377458731355875,Downregulated,0.2036937663269382,13/19,34.69%
Podosome (GO:0002102),GO_Cellular_Component_2025,-1.5378290161871049,Downregulated,0.2042044043239542,10/19,29.89%
Sleep Regulation WP3591,WikiPathways_2024_Human,-1.5382051219068142,Downregulated,0.2042673239361535,9/25,14.54%
Positive Regulation of JUN Kinase Activity (GO:0043507),GO_Biological_Process_2025,-1.5385019718118726,Downregulated,0.2044516501432751,6/24,9.14%
Platelet activation,KEGG_2021_Human,-1.538906801735895,Downregulated,0.2043692973277339,32/117,15.83%
Neutrophil Activation (GO:0042119),GO_Biological_Process_2025,-1.539335101945732,Downregulated,0.2043115189614028,8/15,21.07%
Synthesis Of IP3 And IP4 In Cytosol R-HSA-1855204,Reactome_2022,-1.540236751318295,Downregulated,0.2036068629471806,11/24,26.28%
Regulation of Epithelial Cell Differentiation (GO:0030856),GO_Biological_Process_2025,-1.5409356570772987,Downregulated,0.2031573532220476,6/19,15.70%
Positive Regulation of Immune Effector Process (GO:0002699),GO_Biological_Process_2025,-1.5412672563257095,Downregulated,0.2032110229950861,7/29,8.36%
Regulation Of TP53 Expression And Degradation R-HSA-6806003,Reactome_2022,-1.543742309490368,Downregulated,0.2000319730493511,15/36,20.77%
Regulation of Establishment of Cell Polarity (GO:2000114),GO_Biological_Process_2025,-1.5439895828856842,Downregulated,0.2002945998417768,9/15,24.38%
Hematopoietic SC Differentiation WP2849,WikiPathways_2024_Human,-1.544301663727396,Downregulated,0.200405671218292,18/49,18.74%
Lipopolysaccharide-Mediated Signaling Pathway (GO:0031663),GO_Biological_Process_2025,-1.546068470929986,Downregulated,0.1982898569914495,6/15,18.46%
Interleukin-20 Family Signaling R-HSA-8854691,Reactome_2022,-1.5469563975936456,Downregulated,0.1976176402899022,8/20,19.04%
Regulation of Cytokine Production (GO:0001817),GO_Biological_Process_2025,-1.5473930637732616,Downregulated,0.1975006850651025,49/145,21.12%
PKMTs Methylate Histone Lysines R-HSA-3214841,Reactome_2022,-1.547492505470042,Downregulated,0.1979552074572678,13/43,14.66%
Core Promoter Sequence-Specific DNA Binding (GO:0001046),GO_Molecular_Function_2025,-1.5475062712360756,Downregulated,0.1985606657982083,11/33,14.54%
Single-Stranded RNA Binding (GO:0003727),GO_Molecular_Function_2025,-1.5475636474982437,Downregulated,0.1991067375812206,13/41,16.78%
Icosanoid Biosynthetic Process (GO:0046456),GO_Biological_Process_2025,-1.54761851800884,Downregulated,0.1996189505695242,9/18,17.16%
Chromatin Organization (GO:0006325),GO_Biological_Process_2025,-1.5482210798599945,Downregulated,0.1993793383368685,98/283,24.73%
Regulation of Apoptotic Signaling Pathway (GO:2001233),GO_Biological_Process_2025,-1.5485782391857537,Downregulated,0.1993856890055929,9/37,11.52%
Interleukin-37 Signaling R-HSA-9008059,Reactome_2022,-1.5495100719366464,Downregulated,0.198703768467783,9/20,25.92%
Interferon Alpha/Beta Signaling R-HSA-909733,Reactome_2022,-1.5495230631148411,Downregulated,0.1993117285943888,31/49,36.52%
Cul2-RING Ubiquitin Ligase Complex (GO:0031462),GO_Cellular_Component_2025,-1.55015853825969,Downregulated,0.1989432038113897,23/41,22.59%
Positive Regulation of Response to External Stimulus (GO:0032103),GO_Biological_Process_2025,-1.5531986991636235,Downregulated,0.1949613116803094,41/141,18.13%
Plasma Membrane Bounded Cell Projection Morphogenesis (GO:0120039),GO_Biological_Process_2025,-1.553616095863564,Downregulated,0.1948851281346565,16/49,16.84%
Inflammatory bowel disease,KEGG_2021_Human,-1.5544871166142764,Downregulated,0.1941855782031518,24/55,27.46%
Nucleic Acid Metabolic Process (GO:0090304),GO_Biological_Process_2025,-1.5545169598308908,Downregulated,0.194761964735851,10/22,20.22%
Regulation of DNA Recombination (GO:0000018),GO_Biological_Process_2025,-1.5552155057939998,Downregulated,0.1944305744776999,15/31,20.99%
Protein Tyrosine Kinase Activity (GO:0004713),GO_Molecular_Function_2025,-1.5554182565423915,Downregulated,0.194718237019002,35/99,19.08%
Positive Regulation of B Cell Activation (GO:0050871),GO_Biological_Process_2025,-1.5554360746881088,Downregulated,0.1953135557957601,24/49,28.22%
TNF Signaling R-HSA-75893,Reactome_2022,-1.5555653885375464,Downregulated,0.1957884720537439,21/44,27.80%
Oncostatin M Signaling WP2374,WikiPathways_2024_Human,-1.5563933582278064,Downregulated,0.1952145537270155,21/56,21.18%
Clathrin Adaptor Complex (GO:0030131),GO_Cellular_Component_2025,-1.557285789214971,Downregulated,0.1945860703730936,5/19,8.86%
Protein Localization to Lysosome (GO:0061462),GO_Biological_Process_2025,-1.5573553065664023,Downregulated,0.1951260180081898,12/34,16.48%
miRNA-mediated Gene Silencing by Inhibition of Translation (GO:0035278),GO_Biological_Process_2025,-1.55914470240021,Downregulated,0.1930648927218433,6/16,17.50%
Sodium Ion Homeostasis (GO:0055078),GO_Biological_Process_2025,-1.5595913571399154,Downregulated,0.1930467915206594,6/18,13.27%
Ebola Virus Infection In Host WP4217,WikiPathways_2024_Human,-1.5599645209798552,Downregulated,0.1932226366746689,37/117,21.20%
Positive Regulation of Signaling Receptor Activity (GO:2000273),GO_Biological_Process_2025,-1.5618486419476272,Downregulated,0.1910750396866819,10/15,34.80%
Regulation of Inflammatory Response (GO:0050727),GO_Biological_Process_2025,-1.5620925561280292,Downregulated,0.1913690797411691,60/213,19.73%
Negative Regulation of Leukocyte Activation (GO:0002695),GO_Biological_Process_2025,-1.5627322942262916,Downregulated,0.1910610453756886,13/19,30.06%
Kit Receptor Signaling WP304,WikiPathways_2024_Human,-1.564565932944289,Downregulated,0.1890732183745282,19/53,17.56%
Type II Interferon Signaling WP619,WikiPathways_2024_Human,-1.5665684708568888,Downregulated,0.1869834066909745,20/30,37.64%
DNA Repair-Dependent Chromatin Remodeling (GO:0140861),GO_Biological_Process_2025,-1.5669476300269458,Downregulated,0.1870534339038551,9/19,25.75%
FCGR3A-mediated Phagocytosis R-HSA-9664422,Reactome_2022,-1.567992104060056,Downregulated,0.1861792340864745,21/54,22.12%
Regulation of T Cell Receptor Signaling Pathway (GO:0050856),GO_Biological_Process_2025,-1.5694459198556434,Downregulated,0.1846969781931965,18/34,25.99%
Tertiary Granule (GO:0070820),GO_Cellular_Component_2025,-1.5701710414493777,Downregulated,0.1843680286590903,42/138,15.68%
"Interleukin-3, Interleukin-5 And GM-CSF Signaling R-HSA-512988",Reactome_2022,-1.5703930185102644,Downregulated,0.1847249826213739,21/41,25.92%
Phospholipase C Activity (GO:0004629),GO_Molecular_Function_2025,-1.570503709779655,Downregulated,0.1852282484952067,7/24,11.80%
Prostaglandin Signaling WP5088,WikiPathways_2024_Human,-1.5715292971550856,Downregulated,0.1844522906910683,9/30,20.62%
Deregulation Of Rab And Rab Effector Genes In Bladder Cancer WP2291,WikiPathways_2024_Human,-1.5726029219848388,Downregulated,0.1834309188652003,6/15,13.84%
Exonuclease Activity (GO:0004527),GO_Molecular_Function_2025,-1.572978352213671,Downregulated,0.1834614848218658,9/44,8.56%
Positive Regulation of Cell Cycle Phase Transition (GO:1901989),GO_Biological_Process_2025,-1.5739598959171457,Downregulated,0.1827046002450731,7/16,19.05%
SARS Coronavirus And Innate Immunity WP4912,WikiPathways_2024_Human,-1.574546815798143,Downregulated,0.1825906488472759,8/17,30.88%
Canonical NF-kappaB Signal Transduction (GO:0007249),GO_Biological_Process_2025,-1.5752029779393304,Downregulated,0.1822828460127555,13/35,22.17%
Non-small cell lung cancer,KEGG_2021_Human,-1.5753480567657194,Downregulated,0.1827098977064474,26/70,22.87%
Regulation of RNA Splicing (GO:0043484),GO_Biological_Process_2025,-1.5760041971846972,Downregulated,0.1823834352129981,19/98,10.57%
Pyroptotic Inflammatory Response (GO:0070269),GO_Biological_Process_2025,-1.57637082547171,Downregulated,0.1824915240907843,14/22,28.16%
Negative Regulation of Interleukin-1 Production (GO:0032692),GO_Biological_Process_2025,-1.5764994839408886,Downregulated,0.1829919819760317,10/20,20.38%
Lysosome,KEGG_2021_Human,-1.5782445310298816,Downregulated,0.181214915953157,39/118,19.62%
Regulation of Small GTPase Mediated Signal Transduction (GO:0051056),GO_Biological_Process_2025,-1.5782620699501788,Downregulated,0.1818472836566916,40/151,14.26%
Positive Regulation of B Cell Proliferation (GO:0030890),GO_Biological_Process_2025,-1.578772046981465,Downregulated,0.1818431354144034,8/27,10.32%
miRNA-mediated Post-Transcriptional Gene Silencing (GO:0035195),GO_Biological_Process_2025,-1.5805747470898162,Downregulated,0.1800340397598906,15/26,30.97%
Degradation Pathway Of Sphingolipids Including Diseases WP4153,WikiPathways_2024_Human,-1.5812740894036117,Downregulated,0.1796375987323772,7/16,13.82%
Interleukin-2 Family Signaling R-HSA-451927,Reactome_2022,-1.5822693602503846,Downregulated,0.1789729618367663,21/39,25.92%
CD28 Co-Stimulation R-HSA-389356,Reactome_2022,-1.5825572313474048,Downregulated,0.1791939869346805,14/32,20.62%
Positive Regulation of Inflammasome-Mediated Signaling Pathway (GO:0141087),GO_Biological_Process_2025,-1.584148352957114,Downregulated,0.1777386119294094,9/23,15.45%
Nucleotide Binding Oligomerization Domain NOD Pathway WP1433,WikiPathways_2024_Human,-1.5857600522396025,Downregulated,0.1761494095834047,15/35,21.49%
Regulation of Immune Response (GO:0050776),GO_Biological_Process_2025,-1.587292996050026,Downregulated,0.1747426765681934,38/78,29.59%
Regulation of Spindle Assembly (GO:0090169),GO_Biological_Process_2025,-1.5876334527921927,Downregulated,0.174911438999894,10/27,15.26%
Histone Deacetylase Binding (GO:0042826),GO_Molecular_Function_2025,-1.5877217471775995,Downregulated,0.1754460609912114,38/85,27.17%
Leukocyte Cell-Cell Adhesion (GO:0007159),GO_Biological_Process_2025,-1.588587921319368,Downregulated,0.17489123983189,16/30,29.74%
Negative Regulation of Peptidase Activity (GO:0010466),GO_Biological_Process_2025,-1.5888372786341007,Downregulated,0.1752326837388539,6/20,9.05%
Histone Modifications WP2369,WikiPathways_2024_Human,-1.588973628458718,Downregulated,0.1756846120361033,12/38,14.88%
Neutrophil extracellular trap formation,KEGG_2021_Human,-1.5896141731509732,Downregulated,0.175426815628628,28/112,15.98%
Intrinsic Apoptotic Signaling Pathway in Response to DNA Damage by P53 Class Mediator (GO:0042771),GO_Biological_Process_2025,-1.5897515527487518,Downregulated,0.1758693111360441,10/21,21.46%
Glycolysis R-HSA-70171,Reactome_2022,-1.5898462966510802,Downregulated,0.1763742935357894,22/62,27.24%
Protein Deubiquitination (GO:0016579),GO_Biological_Process_2025,-1.591744676855383,Downregulated,0.1744909674295131,25/68,24.93%
Epstein-Barr virus infection,KEGG_2021_Human,-1.5932302332881707,Downregulated,0.1731614630644799,60/176,25.18%
Regulation of Response to Biotic Stimulus (GO:0002831),GO_Biological_Process_2025,-1.5938913875425662,Downregulated,0.1728798039864565,12/31,20.90%
Protein Sumoylation (GO:0016925),GO_Biological_Process_2025,-1.5949706405290405,Downregulated,0.1721110719618507,24/38,34.26%
Negative Regulation of Lymphocyte Proliferation (GO:0050672),GO_Biological_Process_2025,-1.5954352300334154,Downregulated,0.172017869165784,10/36,8.67%
Yersinia infection,KEGG_2021_Human,-1.5961556061378412,Downregulated,0.1717424344996963,40/131,22.82%
Potassium Ion Homeostasis (GO:0055075),GO_Biological_Process_2025,-1.5962970897266051,Downregulated,0.1722684653701277,8/21,15.27%
Staphylococcus aureus infection,KEGG_2021_Human,-1.5963302100155885,Downregulated,0.1728877417833399,21/51,21.54%
Other glycan degradation,KEGG_2021_Human,-1.59689372839176,Downregulated,0.1728479277942475,9/16,25.49%
Regulatory ncRNA-mediated Post-Transcriptional Gene Silencing (GO:0035194),GO_Biological_Process_2025,-1.5970120038983795,Downregulated,0.173408203701199,10/22,18.68%
Cell Surface Receptor Signaling Pathway via STAT (GO:0097696),GO_Biological_Process_2025,-1.5976528276251438,Downregulated,0.1730426405015269,16/48,18.18%
Role Of Phospholipids In Phagocytosis R-HSA-2029485,Reactome_2022,-1.5982429436738714,Downregulated,0.1729028971966941,8/23,12.55%
Platelet Sensitization By LDL R-HSA-432142,Reactome_2022,-1.5990861144593755,Downregulated,0.1725084666320716,8/17,20.90%
Positive Regulation of Telomere Maintenance (GO:0032206),GO_Biological_Process_2025,-1.599822247416195,Downregulated,0.1721973316854099,14/55,10.40%
Hepatitis B,KEGG_2021_Human,-1.6000725346075222,Downregulated,0.1725251346088469,44/143,22.04%
Thymic Stromal Lymphopoietin TSLP Signaling WP2203,WikiPathways_2024_Human,-1.6013365039504546,Downregulated,0.1714367580889196,17/37,25.84%
Regulation Of RUNX1 Expression And Activity R-HSA-8934593,Reactome_2022,-1.6031797825195997,Downregulated,0.1698241481961655,8/17,21.46%
B cell receptor signaling pathway,KEGG_2021_Human,-1.6038584678828531,Downregulated,0.1696776098350027,30/72,26.02%
FLT3 Signaling R-HSA-9607240,Reactome_2022,-1.6040743870518308,Downregulated,0.1700984993288428,11/36,12.39%
Apoptotic Cell Clearance (GO:0043277),GO_Biological_Process_2025,-1.6042497792464974,Downregulated,0.1705425415208503,13/21,28.26%
Synthesis Of PIPs At Early Endosome Membrane R-HSA-1660516,Reactome_2022,-1.604375250509336,Downregulated,0.1710446208315283,8/16,15.85%
Regulation of Double-Strand Break Repair via Nonhomologous End Joining (GO:2001032),GO_Biological_Process_2025,-1.605028649958422,Downregulated,0.1707071577159566,13/24,17.59%
SARS-CoV-2 Activates/Modulates Innate And Adaptive Immune Responses R-HSA-9705671,Reactome_2022,-1.6060520302577213,Downregulated,0.1701027477063476,53/99,35.84%
Integrin Signaling R-HSA-354192,Reactome_2022,-1.6065477198932792,Downregulated,0.1701688908557014,12/25,24.38%
Regulation of Microglial Cell Activation (GO:1903978),GO_Biological_Process_2025,-1.6082723792706508,Downregulated,0.168526901734482,8/15,17.10%
Negative Regulation of Interleukin-1 Beta Production (GO:0032691),GO_Biological_Process_2025,-1.6090976193664923,Downregulated,0.1682084470581841,9/17,18.64%
B Cell Activation (GO:0042113),GO_Biological_Process_2025,-1.6111993618940432,Downregulated,0.1660931711133175,24/72,19.08%
STING Pathway In Kawasaki Like Disease And COVID 19 WP4961,WikiPathways_2024_Human,-1.611213610505886,Downregulated,0.1667694123095423,9/20,29.78%
8Q11 23 RB1CC1 Copy Number Variation WP5412,WikiPathways_2024_Human,-1.6114753034000815,Downregulated,0.1671345228179633,7/16,13.09%
Regulation of Telomere Maintenance via Telomere Lengthening (GO:1904356),GO_Biological_Process_2025,-1.6126270327069665,Downregulated,0.1662245512920324,12/18,28.89%
Negative Regulation of Telomere Maintenance via Telomere Lengthening (GO:1904357),GO_Biological_Process_2025,-1.6152693979889083,Downregulated,0.1632445254137221,15/28,30.60%
Non-Proteinogenic Amino Acid Metabolic Process (GO:0170041),GO_Biological_Process_2025,-1.6157419020050745,Downregulated,0.1633143370172002,5/16,13.57%
Cysteine-Type Deubiquitinase Activity (GO:0004843),GO_Molecular_Function_2025,-1.6182090742243944,Downregulated,0.1609613902141621,25/68,24.58%
Regulation Of TP53 Degradation R-HSA-6804757,Reactome_2022,-1.6183860824841088,Downregulated,0.1614292404989236,15/35,20.77%
Kaposi sarcoma-associated herpesvirus infection,KEGG_2021_Human,-1.6191084000346505,Downregulated,0.1612192183446149,53/163,21.54%
T Cell Antigen Receptor TCR Pathway During Staph A. Infection WP3863,WikiPathways_2024_Human,-1.6201426903781253,Downregulated,0.1606701245119773,19/60,16.21%
T cell receptor signaling pathway,KEGG_2021_Human,-1.6224118540340609,Downregulated,0.158607838366556,41/99,26.26%
Guanyl-Nucleotide Exchange Factor Activity (GO:0005085),GO_Molecular_Function_2025,-1.623023817129961,Downregulated,0.1585047424777583,70/194,24.40%
Spliceosomal Complex Assembly (GO:0000245),GO_Biological_Process_2025,-1.6234793919094503,Downregulated,0.1585555759485952,20/61,19.15%
SH3 Domain Binding (GO:0017124),GO_Molecular_Function_2025,-1.6243820716195154,Downregulated,0.1580705058331838,18/50,17.45%
Myeloid Cell Development (GO:0061515),GO_Biological_Process_2025,-1.624529008061706,Downregulated,0.1586370657468366,8/25,11.00%
IL11 Signaling WP2332,WikiPathways_2024_Human,-1.6254639664715944,Downregulated,0.1579801984273445,16/43,18.18%
GPCRs Class A Rhodopsin Like WP455,WikiPathways_2024_Human,-1.625500638777897,Downregulated,0.1586384861550404,49/135,22.62%
Eicosanoid Synthesis WP167,WikiPathways_2024_Human,-1.62607131027811,Downregulated,0.1585982443870494,10/20,22.72%
Peptidyl-Serine Phosphorylation (GO:0018105),GO_Biological_Process_2025,-1.6284022534834186,Downregulated,0.1563355551026829,25/67,21.24%
Peptide Ligand-Binding Receptors R-HSA-375276,Reactome_2022,-1.6320335379963355,Downregulated,0.1524921446650488,41/123,21.54%
Leukotriene Metabolic Process (GO:0006691),GO_Biological_Process_2025,-1.6324982936339456,Downregulated,0.1526886846248821,8/18,11.58%
Antigen processing and presentation,KEGG_2021_Human,-1.6329642615008264,Downregulated,0.1528091684758093,24/53,25.41%
Pathogenesis Of SARS CoV 2 Mediated By Nsp9 Nsp10 Complex WP4884,WikiPathways_2024_Human,-1.633619963923188,Downregulated,0.1527910491773584,12/18,29.62%
Interactome Of Polycomb Repressive Complex 2 PRC2 WP2916,WikiPathways_2024_Human,-1.6341688030265835,Downregulated,0.1528682216617144,8/16,13.39%
Inflammatory Bowel Disease Signaling WP5198,WikiPathways_2024_Human,-1.6357676993849064,Downregulated,0.1513946011583928,23/40,35.89%
Positive Regulation of Interleukin-10 Production (GO:0032733),GO_Biological_Process_2025,-1.6365356576758063,Downregulated,0.1511257688889323,11/25,26.97%
Telomerase RNA Binding (GO:0070034),GO_Molecular_Function_2025,-1.636551912898127,Downregulated,0.1518169372725284,7/21,16.26%
Dectin-2 Family R-HSA-5621480,Reactome_2022,-1.6368562417900283,Downregulated,0.1522342986470164,6/16,15.30%
Phosphatidylinositol-Mediated Signaling (GO:0048015),GO_Biological_Process_2025,-1.637482101822536,Downregulated,0.1521783905234694,7/23,17.14%
Positive Regulation of NLRP3 Inflammasome Complex Assembly (GO:1900227),GO_Biological_Process_2025,-1.6412979813533377,Downregulated,0.1481812287140729,9/22,15.45%
mRNA Modification (GO:0016556),GO_Biological_Process_2025,-1.6414437398647612,Downregulated,0.1487263684165562,6/15,17.96%
Regulation of T Cell Migration (GO:2000404),GO_Biological_Process_2025,-1.6435678196116394,Downregulated,0.1469663468476826,11/23,16.67%
Pattern Recognition Receptor Signaling Pathway (GO:0002221),GO_Biological_Process_2025,-1.6438863101604426,Downregulated,0.147264623645926,30/59,35.06%
Regulation of Type II Interferon Production (GO:0032649),GO_Biological_Process_2025,-1.644072600051388,Downregulated,0.1477661680809477,28/74,25.55%
Epithelial cell signaling in Helicobacter pylori infection,KEGG_2021_Human,-1.6448272973825728,Downregulated,0.147603583112639,26/64,23.71%
Regulation of Innate Immune Response (GO:0045088),GO_Biological_Process_2025,-1.64561235561368,Downregulated,0.1472906140069901,37/75,28.89%
Metabolism Of Nucleotides R-HSA-15869,Reactome_2022,-1.6458434649953493,Downregulated,0.1476562817603325,28/89,23.11%
Histone H3 Acetyltransferase Activity (GO:0010484),GO_Molecular_Function_2025,-1.646121147186357,Downregulated,0.1480196141058353,8/15,24.57%
Phosphatidylinositol Binding (GO:0035091),GO_Molecular_Function_2025,-1.647192098190549,Downregulated,0.1473113511382544,37/102,22.29%
Synthesis Of Leukotrienes (LT) And Eoxins (EX) R-HSA-2142691,Reactome_2022,-1.6475223278866216,Downregulated,0.1475976919731033,8/17,15.63%
CTLA4 Inhibitory Signaling R-HSA-389513,Reactome_2022,-1.6484645213574871,Downregulated,0.1470326106055269,8/21,16.36%
Heterotypic Cell-Cell Adhesion (GO:0034113),GO_Biological_Process_2025,-1.6489402653725314,Downregulated,0.1471057775060204,14/28,24.50%
Generation Of Second Messenger Molecules R-HSA-202433,Reactome_2022,-1.651312804225484,Downregulated,0.1449108427592812,16/25,26.26%
Nuclease Activity (GO:0004518),GO_Molecular_Function_2025,-1.651726539118221,Downregulated,0.1451287071086012,18/52,11.63%
Negative Regulation of Leukocyte Cell-Cell Adhesion (GO:1903038),GO_Biological_Process_2025,-1.653511356234345,Downregulated,0.1437976724666597,12/19,22.71%
Regulation of Insulin Receptor Signaling Pathway (GO:0046626),GO_Biological_Process_2025,-1.6539148338828291,Downregulated,0.1440746120781446,21/46,25.21%
Lysosomal Transport (GO:0007041),GO_Biological_Process_2025,-1.6552441589763456,Downregulated,0.1432591078433581,20/64,16.12%
Eicosanoid Metabolism Via Lipooxygenases LOX WP4721,WikiPathways_2024_Human,-1.6564591962443902,Downregulated,0.1425235725761109,7/21,8.26%
Warburg Effect Mod By Deubiquitinating Enzymes And Substrates WP5216,WikiPathways_2024_Human,-1.6598465579396002,Downregulated,0.1391590122171846,13/22,26.88%
Osteoclast Differentiation (GO:0030316),GO_Biological_Process_2025,-1.6600505272726294,Downregulated,0.1395897662842778,13/24,24.66%
Positive Regulation of Defense Response to Virus by Host (GO:0002230),GO_Biological_Process_2025,-1.6602907541974548,Downregulated,0.1400315826621287,14/24,30.88%
SUMO Transferase Activity (GO:0019789),GO_Molecular_Function_2025,-1.6622016187214532,Downregulated,0.138402812108784,13/20,31.22%
Megakaryocyte Differentiation (GO:0030219),GO_Biological_Process_2025,-1.6631878985116917,Downregulated,0.1380824280712567,8/18,12.22%
Innate Immune Response-Activating Signaling Pathway (GO:0002758),GO_Biological_Process_2025,-1.6632253194201023,Downregulated,0.1387846891353947,6/16,18.46%
Fc-gamma Receptor Signaling Pathway (GO:0038094),GO_Biological_Process_2025,-1.663735731760673,Downregulated,0.1388637671342593,12/28,21.07%
Regulation of Cytokine Production Involved in Immune Response (GO:0002718),GO_Biological_Process_2025,-1.6638321193711472,Downregulated,0.1394921983615107,8/24,15.45%
TNFR1-induced NFkappaB Signaling Pathway R-HSA-5357956,Reactome_2022,-1.6658293926927317,Downregulated,0.1380610488337351,16/26,35.06%
Phosphatidylinositol Biosynthetic Process (GO:0006661),GO_Biological_Process_2025,-1.6669041816682049,Downregulated,0.1375159815738687,31/87,22.69%
snRNA Processing (GO:0016180),GO_Biological_Process_2025,-1.6692046791373223,Downregulated,0.1354327302997393,11/20,34.38%
Regulation of Interleukin-17 Production (GO:0032660),GO_Biological_Process_2025,-1.6702680789191666,Downregulated,0.1349342300659394,10/32,17.18%
Other Semaphorin Interactions R-HSA-416700,Reactome_2022,-1.672149378768912,Downregulated,0.1333834935983489,9/19,20.25%
Allograft rejection,KEGG_2021_Human,-1.6728002331444434,Downregulated,0.1334348707426706,19/26,34.67%
Negative Regulation of Canonical NF-kappaB Signal Transduction (GO:0043124),GO_Biological_Process_2025,-1.6747675517675749,Downregulated,0.1319470551337543,30/58,32.02%
Positive Regulation of Interferon-Alpha Production (GO:0032727),GO_Biological_Process_2025,-1.6748135972778264,Downregulated,0.1326406172058135,16/21,31.70%
Viral protein interaction with cytokine and cytokine receptor,KEGG_2021_Human,-1.6748473732424811,Downregulated,0.1333978756585595,28/78,18.20%
Type I Interferon-Mediated Signaling Pathway (GO:0060337),GO_Biological_Process_2025,-1.675350811714532,Downregulated,0.1334995011204529,12/22,30.82%
Cellular Response to Type I Interferon (GO:0071357),GO_Biological_Process_2025,-1.675350811714532,Downregulated,0.1334995011204529,12/22,30.82%
T Cell Receptor And Co Stimulatory Signaling WP2583,WikiPathways_2024_Human,-1.6763269395405482,Downregulated,0.1340460755517864,14/26,27.52%
Deubiquitinase Activity (GO:0101005),GO_Molecular_Function_2025,-1.676446929567334,Downregulated,0.1346731000491065,32/82,27.45%
Role Of Nef In HIV-1 Replication And Disease Pathogenesis R-HSA-164952,Reactome_2022,-1.6808567574665916,Downregulated,0.1303370908474439,13/26,24.88%
NOD-like receptor signaling pathway,KEGG_2021_Human,-1.6823217800219217,Downregulated,0.1294145952801403,60/139,28.48%
Graft-versus-host disease,KEGG_2021_Human,-1.6850659886259822,Downregulated,0.1270311219886872,19/25,34.67%
Phosphatidylinositol Phosphate Biosynthetic Process (GO:0046854),GO_Biological_Process_2025,-1.6852940460298944,Downregulated,0.1276087861166532,13/37,17.14%
Cytokine Receptor Activity (GO:0004896),GO_Molecular_Function_2025,-1.6854605488349554,Downregulated,0.1282228898453734,18/78,10.32%
Inflammasomes R-HSA-622312,Reactome_2022,-1.6856328280836623,Downregulated,0.1288298086612784,8/21,16.41%
Regulation of Interferon-Alpha Production (GO:0032647),GO_Biological_Process_2025,-1.691180333260518,Downregulated,0.1235010039009817,13/25,20.72%
Endosome Lumen (GO:0031904),GO_Cellular_Component_2025,-1.6918047216891254,Downregulated,0.1235552361753126,5/18,4.52%
Initiation Of Transcription And Translation Elongation HIV1 LTR WP3414,WikiPathways_2024_Human,-1.6931157503622098,Downregulated,0.1228503754698126,14/31,31.75%
Energy Metabolism WP1541,WikiPathways_2024_Human,-1.6949300341344724,Downregulated,0.1218337869916479,19/44,24.02%
Cytoplasmic Pattern Recognition Receptor Signaling Pathway (GO:0002753),GO_Biological_Process_2025,-1.696170355524249,Downregulated,0.1212994413885306,15/28,30.88%
Double-Strand Break Repair via Nonhomologous End Joining (GO:0006303),GO_Biological_Process_2025,-1.6980442757207737,Downregulated,0.1200758652754965,13/45,17.12%
Stress Granule Assembly (GO:0034063),GO_Biological_Process_2025,-1.7017690303153732,Downregulated,0.1169999369759292,11/24,21.03%
Vitamin D In Inflammatory Diseases WP4482,WikiPathways_2024_Human,-1.7031203450868104,Downregulated,0.1163305922375776,12/22,26.02%
Interferon Signaling R-HSA-913531,Reactome_2022,-1.703194092533868,Downregulated,0.1170127476334604,82/154,36.65%
IL-6-type Cytokine Receptor Ligand Interactions R-HSA-6788467,Reactome_2022,-1.7038926179643197,Downregulated,0.1170664931331919,6/16,18.18%
Activated TAK1 Mediates P38 MAPK Activation R-HSA-450302,Reactome_2022,-1.7046427746099488,Downregulated,0.1170417397874396,14/19,35.06%
Carbohydrate Catabolic Process (GO:0016052),GO_Biological_Process_2025,-1.7054942976511258,Downregulated,0.1170086825192989,17/32,27.24%
Synthesis Of PIPs At Golgi Membrane R-HSA-1660514,Reactome_2022,-1.706005889296583,Downregulated,0.1172160033415357,8/15,22.28%
Positive Regulation of Endothelial Cell Apoptotic Process (GO:2000353),GO_Biological_Process_2025,-1.7061956418708086,Downregulated,0.1177897992762605,9/18,26.60%
Response to Purine-Containing Compound (GO:0014074),GO_Biological_Process_2025,-1.707173736483046,Downregulated,0.1175984240104967,10/22,17.16%
Phosphatidylinositol Kinase Activity (GO:0052742),GO_Molecular_Function_2025,-1.7074874758053316,Downregulated,0.118002467999125,10/24,20.48%
Regulatory Circuits Of STAT3 Signaling WP4538,WikiPathways_2024_Human,-1.708521600903891,Downregulated,0.1178429151116945,33/76,25.36%
PI Metabolism R-HSA-1483255,Reactome_2022,-1.7086755000011744,Downregulated,0.1184619217444006,30/79,22.29%
Phagocytosis (GO:0006909),GO_Biological_Process_2025,-1.7087797008262002,Downregulated,0.1191481352647478,25/64,21.22%
T Cell Activation (GO:0042110),GO_Biological_Process_2025,-1.716532296111995,Downregulated,0.1118673282824759,51/87,31.15%
Methylated Histone Binding (GO:0035064),GO_Molecular_Function_2025,-1.7189752529576712,Downregulated,0.1105145528682535,20/56,17.27%
Chromatin Remodeling (GO:0006338),GO_Biological_Process_2025,-1.7194227715433594,Downregulated,0.110945118031573,94/245,25.80%
Phosphatidylinositol Phospholipase C Activity (GO:0004435),GO_Molecular_Function_2025,-1.7203158956937146,Downregulated,0.1108225596120715,7/22,11.80%
Negative Regulation of Natural Killer Cell Mediated Cytotoxicity (GO:0045953),GO_Biological_Process_2025,-1.7207416007774812,Downregulated,0.1113309348507857,7/15,17.02%
Negative Regulation of T Cell Activation (GO:0050868),GO_Biological_Process_2025,-1.7216728941144603,Downregulated,0.1114887801781179,20/41,22.71%
RNA 3'-End Processing (GO:0031123),GO_Biological_Process_2025,-1.7242274008984326,Downregulated,0.1096877246155187,16/48,19.71%
Cellular Response to Virus (GO:0098586),GO_Biological_Process_2025,-1.7242615911487145,Downregulated,0.1104736466867429,21/42,31.40%
Positive Regulation of Natural Killer Cell Mediated Immunity (GO:0002717),GO_Biological_Process_2025,-1.7263526061855632,Downregulated,0.1090308773086246,7/21,4.93%
Natural killer cell mediated cytotoxicity,KEGG_2021_Human,-1.726555613804906,Downregulated,0.1096528102457683,37/92,21.48%
Nucleosomal DNA Binding (GO:0031492),GO_Molecular_Function_2025,-1.7282529198093477,Downregulated,0.1085625337070917,13/24,17.46%
Hematopoietic cell lineage,KEGG_2021_Human,-1.729999207873429,Downregulated,0.1077112627683515,41/81,28.83%
Calcium-Mediated Signaling (GO:0019722),GO_Biological_Process_2025,-1.7324140523715506,Downregulated,0.1061108450971688,32/85,23.93%
Interferon Gamma Signaling R-HSA-877300,Reactome_2022,-1.7326627573379183,Downregulated,0.1066552512606933,31/70,26.05%
Regulatory ncRNA-mediated Gene Silencing (GO:0031047),GO_Biological_Process_2025,-1.736134010708325,Downregulated,0.1043114034838618,14/31,18.30%
Positive Regulation of ATP Metabolic Process (GO:1903580),GO_Biological_Process_2025,-1.7361512458301014,Downregulated,0.1051233351517131,15/25,27.64%
Integrin-Mediated Signaling Pathway (GO:0007229),GO_Biological_Process_2025,-1.7388653352473251,Downregulated,0.1034041079040612,32/83,24.54%
Regulation Of TP53 Activity Thru Acetylation R-HSA-6804758,Reactome_2022,-1.7408149110828943,Downregulated,0.1023750220204972,12/29,17.46%
Regulation of Response to External Stimulus (GO:0032101),GO_Biological_Process_2025,-1.745621210905968,Downregulated,0.0985802793079736,41/114,22.22%
Myeloid Cell Activation Involved in Immune Response (GO:0002275),GO_Biological_Process_2025,-1.7467492704563616,Downregulated,0.0984968390448328,12/17,34.69%
Fcgamma Receptor (FCGR) Dependent Phagocytosis R-HSA-2029480,Reactome_2022,-1.7471904148709791,Downregulated,0.0989316401571961,31/80,22.12%
Positive Regulation of Type I Interferon Production (GO:0032481),GO_Biological_Process_2025,-1.7524422884585005,Downregulated,0.0948759655989256,34/64,31.70%
rRNA Modification In Nucleus And Cytosol R-HSA-6790901,Reactome_2022,-1.7548509094520988,Downregulated,0.0933242720481971,30/57,32.21%
Chromatin Modifying Enzymes R-HSA-3247509,Reactome_2022,-1.7556798624326329,Downregulated,0.0933044211129717,59/206,17.46%
+ Reg of Myeloid Leukocyte Cytokine Production Inv in Imm Resp (GO:0061081),GO_Biological_Process_2025,-1.7571492987589163,Downregulated,0.0926760566025303,8/15,19.73%
Omega 6 Fatty Acids In Senescence WP5424,WikiPathways_2024_Human,-1.7592868064022738,Downregulated,0.0917404861317758,21/46,22.87%
RUNX1 Regulates Genes Involved In Megakaryocyte Differentiation And Platelet Function R-HSA-8936459,Reactome_2022,-1.7594391767574271,Downregulated,0.0923560645610604,16/42,15.21%
Chemokine Receptors Bind Chemokines R-HSA-380108,Reactome_2022,-1.759524669718423,Downregulated,0.0930551536731783,14/43,12.57%
Positive Regulation of Immune Response (GO:0050778),GO_Biological_Process_2025,-1.7598841022312135,Downregulated,0.0934307652843157,30/75,19.33%
Regulation of Lymphocyte Activation (GO:0051249),GO_Biological_Process_2025,-1.759980822858351,Downregulated,0.0941940774549689,11/17,24.05%
FCGR3A-mediated IL10 Synthesis R-HSA-9664323,Reactome_2022,-1.7640363859777013,Downregulated,0.091382775199847,15/35,19.61%
Signaling By Cytosolic FGFR1 Fusion Mutants R-HSA-1839117,Reactome_2022,-1.765949414889361,Downregulated,0.0905035127841109,6/17,11.48%
Regulation of T Cell Cytokine Production (GO:0002724),GO_Biological_Process_2025,-1.7716339322095835,Downregulated,0.0865201983848422,9/19,20.82%
Positive Regulation of Type II Interferon Production (GO:0032729),GO_Biological_Process_2025,-1.7719295361100906,Downregulated,0.0870944971467673,14/49,11.52%
Type I Interferon Induction And Signaling SARS CoV 2 Infection WP4868,WikiPathways_2024_Human,-1.771943491802902,Downregulated,0.0878787780154087,16/31,31.49%
Methylation-Dependent Protein Binding (GO:0140034),GO_Molecular_Function_2025,-1.7723810950891952,Downregulated,0.0883423683395152,21/58,17.27%
Inositol phosphate metabolism,KEGG_2021_Human,-1.7740294243660566,Downregulated,0.0878104484023711,30/69,26.28%
IL4 Signaling WP395,WikiPathways_2024_Human,-1.7753676420871431,Downregulated,0.0874734392283433,19/49,22.04%
Phosphatidyl Inositol Phosphate Pathway WP5411,WikiPathways_2024_Human,-1.7777694368116033,Downregulated,0.0863248941406561,16/43,22.28%
Regulation of B Cell Proliferation (GO:0030888),GO_Biological_Process_2025,-1.7849277227872338,Downregulated,0.0814264528859568,12/40,10.32%
C-type lectin receptor signaling pathway,KEGG_2021_Human,-1.7849904323732309,Downregulated,0.0821895725711108,27/100,14.81%
Positive Regulation of Phagocytosis (GO:0050766),GO_Biological_Process_2025,-1.7851712303739635,Downregulated,0.0828493796097579,22/58,19.42%
Allograft Rejection WP2328,WikiPathways_2024_Human,-1.7852144723601622,Downregulated,0.0836539517725205,31/70,25.36%
Negative Regulation of Interleukin-10 Production (GO:0032693),GO_Biological_Process_2025,-1.789936221713727,Downregulated,0.0805844920931811,9/15,22.49%
Antigen Processing and Presentation of Peptide Antigen via MHC Class II (GO:0002495),GO_Biological_Process_2025,-1.7962578540612018,Downregulated,0.0762563087128191,14/19,29.15%
Positive Regulation of Response to Biotic Stimulus (GO:0002833),GO_Biological_Process_2025,-1.7969775226081095,Downregulated,0.0765492266720233,15/38,14.95%
Regulation of Defense Response to Virus by Host (GO:0050691),GO_Biological_Process_2025,-1.798550155483538,Downregulated,0.0761256144150492,14/31,22.16%
NOD1/2 Signaling Pathway R-HSA-168638,Reactome_2022,-1.7993539710173612,Downregulated,0.0761715166719968,17/31,27.80%
Chemokine signaling pathway,KEGG_2021_Human,-1.8002869136541455,Downregulated,0.0763201897571136,61/167,21.22%
Plasma Membrane Invagination (GO:0099024),GO_Biological_Process_2025,-1.8009618807916317,Downregulated,0.0766006710447868,11/25,16.20%
Peptide GPCRs WP24,WikiPathways_2024_Human,-1.8043866637813728,Downregulated,0.0747161015088515,13/45,12.57%
Chemokine Signaling WP3929,WikiPathways_2024_Human,-1.8077850474899224,Downregulated,0.0730529879538299,55/151,21.22%
Protein Targeting to Vacuole (GO:0006623),GO_Biological_Process_2025,-1.8104822584142923,Downregulated,0.0718180591902107,10/31,8.31%
Osteoclast differentiation,KEGG_2021_Human,-1.8145049381517733,Downregulated,0.0699103014655662,40/118,21.48%
Tertiary Granule Membrane (GO:0070821),GO_Cellular_Component_2025,-1.8194769374333648,Downregulated,0.0670757161978755,25/63,14.56%
Dendritic Cell Migration (GO:0036336),GO_Biological_Process_2025,-1.824282744153842,Downregulated,0.0646983945256001,8/16,9.98%
Regulation Of MECP2 Expression And Activity R-HSA-9022692,Reactome_2022,-1.82990739839078,Downregulated,0.0613895869422803,16/29,20.45%
Ebstein Barr Virus LMP1 Signaling WP262,WikiPathways_2024_Human,-1.83155845639558,Downregulated,0.0608875926121038,9/21,17.53%
Costimulation By CD28 Family R-HSA-388841,Reactome_2022,-1.8320162756215903,Downregulated,0.061427337028108,28/59,26.00%
Regulation of Telomere Maintenance (GO:0032204),GO_Biological_Process_2025,-1.832896489678888,Downregulated,0.0616630536388531,16/50,10.40%
Ficolin-1-Rich Granule Membrane (GO:0101003),GO_Cellular_Component_2025,-1.8348657482638904,Downregulated,0.061102269536796,19/48,15.40%
Transcriptional Regulation By MECP2 R-HSA-8986944,Reactome_2022,-1.8377659300027,Downregulated,0.0597893168971879,22/48,20.45%
TYROBP Causal Network In Microglia WP3945,WikiPathways_2024_Human,-1.8425540376077276,Downregulated,0.0575165771498581,28/56,21.54%
Oncogene Induced Senescence R-HSA-2559585,Reactome_2022,-1.8444823474598933,Downregulated,0.0570334131474509,9/31,15.21%
Regulation of Defense Response (GO:0031347),GO_Biological_Process_2025,-1.8451187366589064,Downregulated,0.0573199137219597,39/86,27.93%
Antigen Processing and Presentation of Exogenous Peptide Antigen via MHC Class II (GO:0019886),GO_Biological_Process_2025,-1.8490348422600045,Downregulated,0.055936234830754,13/17,29.15%
Negative Regulation of Sequestering of Calcium Ion (GO:0051283),GO_Biological_Process_2025,-1.8553532633930567,Downregulated,0.0522656212536573,12/39,11.80%
"Nucleotide-binding Domain, Leucine Rich Repeat Containing NLR Signaling Pathways R-HSA-168643",Reactome_2022,-1.8580846940229367,Downregulated,0.0514315116702656,19/51,19.58%
Protein Kinase Complex (GO:1902911),GO_Cellular_Component_2025,-1.8585720539963315,Downregulated,0.051835593314438,13/22,23.69%
Innate Immune Response Activating Cell Surface Receptor Signaling Pathway (GO:0002220),GO_Biological_Process_2025,-1.860656525446074,Downregulated,0.0516772818757623,12/27,15.30%
Nucleotide Catabolism R-HSA-8956319,Reactome_2022,-1.862885046445856,Downregulated,0.051132491253578,14/32,25.26%
Endolysosome (GO:0036019),GO_Cellular_Component_2025,-1.8629243391748955,Downregulated,0.0518189747454101,12/24,25.55%
Chemokine Binding (GO:0019956),GO_Molecular_Function_2025,-1.863784012617161,Downregulated,0.051858683694105,12/28,12.57%
Vacuolar Transport (GO:0007034),GO_Biological_Process_2025,-1.8657223904973463,Downregulated,0.0515008497379033,14/38,18.01%
Cytosolic tRNA Aminoacylation R-HSA-379716,Reactome_2022,-1.8711795181461064,Downregulated,0.0490041694642134,18/24,38.78%
Positive Regulation of T Cell Proliferation (GO:0042102),GO_Biological_Process_2025,-1.8726355975119096,Downregulated,0.0490036444064141,19/54,14.43%
Positive Regulation of Lymphocyte Proliferation (GO:0050671),GO_Biological_Process_2025,-1.8755721599501889,Downregulated,0.0477707768720297,20/68,11.11%
Fc Receptor Signaling Pathway (GO:0038093),GO_Biological_Process_2025,-1.8760394392420183,Downregulated,0.0482112917982454,12/28,21.18%
Host Pathogen Interaction Of Human CoV Interferon Induction WP4880,WikiPathways_2024_Human,-1.8775926560562624,Downregulated,0.0481609758627451,13/33,20.72%
Genes Associated With The Development Of Rheumatoid Arthritis WP5033,WikiPathways_2024_Human,-1.8860949658812736,Downregulated,0.0445398030189897,15/17,28.26%
B Cell Receptor Signaling WP23,WikiPathways_2024_Human,-1.8887259439300403,Downregulated,0.0440042303525416,39/92,21.20%
T Cell Activation SARS CoV 2 WP5098,WikiPathways_2024_Human,-1.8912628127103623,Downregulated,0.0437256084730051,39/82,27.44%
DNA Conformation Change (GO:0071103),GO_Biological_Process_2025,-1.8934479428669109,Downregulated,0.0434775685863757,6/15,12.24%
Cancer Immunotherapy By PD 1 Blockade WP4585,WikiPathways_2024_Human,-1.895411142254388,Downregulated,0.0431805754267504,14/23,26.02%
snRNA Metabolic Process (GO:0016073),GO_Biological_Process_2025,-1.896860891124124,Downregulated,0.0430176958076079,13/22,29.29%
Positive Regulation of Interferon-Beta Production (GO:0032728),GO_Biological_Process_2025,-1.899614204611306,Downregulated,0.0427861494474384,23/35,32.67%
Regulation of Lipopolysaccharide-Mediated Signaling Pathway (GO:0031664),GO_Biological_Process_2025,-1.8996410820886935,Downregulated,0.0435501878304284,8/20,11.38%
Negative Regulation of Cytokine Production (GO:0001818),GO_Biological_Process_2025,-1.901253667665335,Downregulated,0.0434068910333405,62/168,20.84%
Release of Sequestered Calcium Ion Into Cytosol (GO:0051209),GO_Biological_Process_2025,-1.903600209732445,Downregulated,0.0430810896635085,13/42,11.80%
Endolysosomal Toll-Like Receptor Signaling Pathway (GO:0140894),GO_Biological_Process_2025,-1.9049980197078809,Downregulated,0.0431492103174848,8/19,19.24%
Th1 and Th2 cell differentiation,KEGG_2021_Human,-1.91134268035944,Downregulated,0.0408507892336278,42/80,26.02%
Protein Localization to Centrosome (GO:0071539),GO_Biological_Process_2025,-1.9129130952140363,Downregulated,0.0409247550682232,9/21,8.90%
Non-Membrane Spanning Protein Tyrosine Kinase Activity (GO:0004715),GO_Molecular_Function_2025,-1.913416563214257,Downregulated,0.0414561905695676,17/36,19.08%
Modulators Of TCR Signaling And T Cell Activation WP5072,WikiPathways_2024_Human,-1.9138440703192816,Downregulated,0.0420581369757322,30/61,26.77%
Resistin As A Regulator Of Inflammation WP4481,WikiPathways_2024_Human,-1.917445134575564,Downregulated,0.0412648175028875,12/32,16.21%
Antigen Processing and Presentation of Exogenous Peptide Antigen (GO:0002478),GO_Biological_Process_2025,-1.9195253368333467,Downregulated,0.0410994019532306,19/22,34.69%
Phosphoinositides Metabolism WP4971,WikiPathways_2024_Human,-1.9250825055782443,Downregulated,0.0391846754737565,17/46,20.48%
Primary immunodeficiency,KEGG_2021_Human,-1.9317251985793544,Downregulated,0.0371848500396391,29/36,34.06%
Histone Acetyltransferase Activity (GO:0004402),GO_Molecular_Function_2025,-1.934231470664096,Downregulated,0.0370513479950169,17/29,25.03%
Ca Mediated T Cell Apoptosis Inclusion Body Myositis WP5142,WikiPathways_2024_Human,-1.941078376957441,Downregulated,0.0347698158939059,11/19,22.51%
Protein Localization to Microtubule Organizing Center (GO:1905508),GO_Biological_Process_2025,-1.9456513845379773,Downregulated,0.0335187648039328,9/19,8.90%
Interferon Type I Signaling WP585,WikiPathways_2024_Human,-1.9492350959631997,Downregulated,0.0327609685795282,27/52,25.92%
Th17 Cell Differentiation Pathway WP5130,WikiPathways_2024_Human,-1.95026046317618,Downregulated,0.0331015601273163,28/67,27.29%
Phosphatidylinositol signaling system,KEGG_2021_Human,-1.9539805539739337,Downregulated,0.0326622301304907,32/92,17.14%
Positive Regulation of Natural Killer Cell Mediated Cytotoxicity (GO:0045954),GO_Biological_Process_2025,-1.9566995087555796,Downregulated,0.0326719150022862,8/20,4.93%
Regulation of Interleukin-10 Production (GO:0032653),GO_Biological_Process_2025,-1.956879401256886,Downregulated,0.0334579601374764,20/40,26.97%
Purine Catabolism R-HSA-74259,Reactome_2022,-1.96044184970068,Downregulated,0.0331912662523226,9/16,22.16%
Positive Regulation of Leukocyte Cell-Cell Adhesion (GO:1903039),GO_Biological_Process_2025,-1.9692826486428732,Downregulated,0.0307222119545307,18/42,19.21%
Regulation of Interferon-Beta Production (GO:0032648),GO_Biological_Process_2025,-1.972578193188548,Downregulated,0.0303945458844798,25/49,25.55%
Platelet Aggregation (Plug Formation) R-HSA-76009,Reactome_2022,-1.9797326880314683,Downregulated,0.0284160008100692,18/33,24.38%
Interleukin-6 Family Signaling R-HSA-6783589,Reactome_2022,-1.9883582864125295,Downregulated,0.0267623272935394,10/23,18.18%
FCERI Mediated Ca+2 Mobilization R-HSA-2871809,Reactome_2022,-1.9886320292877728,Downregulated,0.0275870448944035,18/29,26.26%
Endolysosome Membrane (GO:0036020),GO_Cellular_Component_2025,-1.988822469863897,Downregulated,0.0284667436686586,10/17,25.55%
C-C Chemokine Binding (GO:0019957),GO_Molecular_Function_2025,-1.9909327895678453,Downregulated,0.0287884483928191,12/22,17.71%
Positive Regulation of Cell Activation (GO:0050867),GO_Biological_Process_2025,-1.992375681258176,Downregulated,0.0287913944067766,8/17,8.84%
Regulation of T Cell Proliferation (GO:0042129),GO_Biological_Process_2025,-1.9945891119594497,Downregulated,0.029193252532907,25/72,14.43%
B Cell Receptor Signaling Pathway (GO:0050853),GO_Biological_Process_2025,-2.0002502482576,Downregulated,0.0273718689121718,14/31,15.45%
Positive Regulation of T Cell Activation (GO:0050870),GO_Biological_Process_2025,-2.0399735642439474,Downregulated,0.0157882780011048,50/97,27.05%
Cellular Response to Osmotic Stress (GO:0071470),GO_Biological_Process_2025,-2.041295688390945,Downregulated,0.0161969392372445,15/33,13.96%
DAP12 Signaling R-HSA-2424491,Reactome_2022,-2.0441399778213176,Downregulated,0.0164331220301354,15/26,23.26%
"Phagocytosis, Engulfment (GO:0006911)",GO_Biological_Process_2025,-2.048467824108559,Downregulated,0.0162558371981072,14/25,16.20%
Negative Regulation of Cytokine Production Involved in Inflammatory Response (GO:1900016),GO_Biological_Process_2025,-2.067318298780469,Downregulated,0.0124734230961109,11/27,17.10%
C-C Chemokine Receptor Activity (GO:0016493),GO_Molecular_Function_2025,-2.0838948622858213,Downregulated,0.0102863023340531,12/21,17.71%
Th17 cell differentiation,KEGG_2021_Human,-2.0847781829988223,Downregulated,0.0106388316674111,46/97,27.29%
HDMs Demethylate Histones R-HSA-3214842,Reactome_2022,-2.0903060771536186,Downregulated,0.0100337962044058,14/23,19.13%
Chemokine Receptor Activity (GO:0004950),GO_Molecular_Function_2025,-2.103449691550019,Downregulated,0.009287222353591,13/23,17.71%
G Protein-Coupled Chemoattractant Receptor Activity (GO:0001637),GO_Molecular_Function_2025,-2.1041310645451574,Downregulated,0.0097181635423467,8/15,9.52%
Histone H3 Demethylase Activity (GO:0141052),GO_Molecular_Function_2025,-2.129325075386145,Downregulated,0.0073359675560689,14/23,19.13%
Regulation of Natural Killer Cell Mediated Cytotoxicity (GO:0042269),GO_Biological_Process_2025,-2.133178838000122,Downregulated,0.0073473588100379,18/30,17.93%
DAP12 Interactions R-HSA-2172127,Reactome_2022,-2.1364573438135137,Downregulated,0.0073605025646176,18/33,23.26%
Stimulatory C-type Lectin Receptor Signaling Pathway (GO:0002223),GO_Biological_Process_2025,-2.1512915190305195,Downregulated,0.006080081805981,11/20,15.30%
Cellular Response to Lectin (GO:1990858),GO_Biological_Process_2025,-2.1512915190305195,Downregulated,0.006080081805981,11/20,15.30%
Regulation of Cytokine Production Involved in Inflammatory Response (GO:1900015),GO_Biological_Process_2025,-2.151986742809703,Downregulated,0.0072960981671772,19/51,17.51%
Microglia Pathogen Phagocytosis Pathway WP3937,WikiPathways_2024_Human,-2.1588199066515443,Downregulated,0.0074422859264467,21/39,20.07%
Immunoregulatory Interactions Between A Lymphoid And A non-Lymphoid Cell R-HSA-198933,Reactome_2022,-2.1846625438835665,Downregulated,0.0049338368753452,47/86,22.99%
T Cell Receptor Signaling WP69,WikiPathways_2024_Human,-2.188339217194182,Downregulated,0.0054678019051445,37/75,22.17%
Histone Demethylase Activity (GO:0032452),GO_Molecular_Function_2025,-2.194668987123671,Downregulated,0.0061797552782102,13/21,16.77%
T Cell Receptor Signaling Pathway (GO:0050852),GO_Biological_Process_2025,-2.1990427496060208,Downregulated,0.0074157063338522,41/75,26.40%
Regulation of T Cell Activation (GO:0050863),GO_Biological_Process_2025,-2.2267488674870344,Downregulated,0.005083347083689,36/60,25.99%
Cellular Defense Response (GO:0006968),GO_Biological_Process_2025,-2.251762544773427,Downregulated,0.0043856327780846,17/39,13.30%
Antigen Receptor-Mediated Signaling Pathway (GO:0050851),GO_Biological_Process_2025,-2.291723431497606,Downregulated,0.0053823675003766,54/99,28.04%
Positive Regulation of Lymphocyte Activation (GO:0051251),GO_Biological_Process_2025,-2.325718575655714,Downregulated,0.0059804083337518,27/43,26.97%
